fixture_id,date,id,player_appearance_id,period,minute,stage,possession,run_type,min_speed,max_speed,distance,implied_secs_at_max,flag_speed_gt_10_3,flag_implied_duration_gt_30s,flag_known_bad_fixture,flag_reason
1201.0,2025-06-17,1326266,65761,half_2,36,middle,3760,sprint,6.8,10.65,446.2632,41.902647887323944,True,True,True,max_speed_gt_10_3; implied_duration_gt_30s; known_bad_fixture
1201.0,2025-06-17,1326497,65770,half_1,24,bottom,3760,sprint,6.68,10.56,341.0216,32.29371212121212,True,True,True,max_speed_gt_10_3; implied_duration_gt_30s; known_bad_fixture
1159.0,2025-06-11,673692,39437,half_1,10,middle,2285,hsr,6.38,12.02,8.4,0.6988352745424293,True,False,False,max_speed_gt_10_3
1164.0,2025-06-12,678483,39653,half_2,2,bottom,2295,hsr,4.08,11.68,26.102894845360822,2.234836887445276,True,False,False,max_speed_gt_10_3
1164.0,2025-06-12,679476,39664,half_1,15,middle,2295,hsr,5.58,13.75,8.610666666666667,0.626230303030303,True,False,False,max_speed_gt_10_3
1164.0,2025-06-12,679667,39672,half_2,49,top,2295,sprint,7.01,10.55,62.774825142857146,5.950220392687881,True,False,False,max_speed_gt_10_3
1165.0,2025-06-12,679742,39696,half_2,10,bottom,2296,sprint,5.56,10.32,12.681340540540544,1.2288120678818357,True,False,False,max_speed_gt_10_3
1165.0,2025-06-12,680568,39716,half_1,19,bottom,2296,hsr,4.09,10.41,11.574994871794871,1.1119111308160299,True,False,False,max_speed_gt_10_3
1165.0,2025-06-12,680569,39716,half_1,19,bottom,2296,sprint,7.17,10.41,7.378254545454545,0.7087660466334817,True,False,False,max_speed_gt_10_3
1165.0,2025-06-12,680593,39716,half_2,39,bottom,2296,sprint,6.97,12.26,31.96034042553192,2.606879316927563,True,False,False,max_speed_gt_10_3
1165.0,2025-06-12,680427,39720,half_1,13,bottom,2297,sprint,5.62,13.58,15.350051282051286,1.1303425097239532,True,False,False,max_speed_gt_10_3
1166.0,2025-06-12,681340,39746,half_1,25,middle,2298,sprint,5.55,10.35,28.82651707317073,2.785170731707317,True,False,False,max_speed_gt_10_3
1166.0,2025-06-12,680902,39752,half_2,28,bottom,2298,hsr,2.65,10.7,6.388633333333334,0.5970685358255453,True,False,False,max_speed_gt_10_3
1170.0,2025-06-14,685971,39944,half_1,30,top,2307,sprint,7.01,11.12,37.805430303030306,3.3997689121430135,True,False,False,max_speed_gt_10_3
1189.0,2025-06-15,703443,40766,half_2,18,top,2344,hsr,1.29,11.78,8.0028,0.6793548387096775,True,False,False,max_speed_gt_10_3
1189.0,2025-06-15,704054,40775,half_2,32,middle,2345,hsr,0.66,11.21,18.345018181818183,1.6364869029275808,True,False,False,max_speed_gt_10_3
1189.0,2025-06-15,703587,40784,half_1,29,middle,2345,sprint,7.23,10.33,24.078466666666664,2.330926105195224,True,False,False,max_speed_gt_10_3
1189.0,2025-06-15,703621,40784,half_2,25,middle,2344,sprint,5.61,10.35,18.30360754716981,1.768464497311093,True,False,False,max_speed_gt_10_3
1190.0,2025-06-15,704282,40815,half_2,8,top,2346,hsr,5.65,11.48,10.979805405405404,0.9564290422827006,True,False,False,max_speed_gt_10_3
1190.0,2025-06-15,704283,40815,half_2,8,top,2346,sprint,6.37,11.48,18.92734426229508,1.6487233677957385,True,False,False,max_speed_gt_10_3
1190.0,2025-06-15,704533,40817,half_1,5,top,2346,sprint,5.6,11.8,7.0911800000000005,0.6009474576271187,True,False,False,max_speed_gt_10_3
1190.0,2025-06-15,704534,40817,half_1,5,top,2346,sprint,5.6,10.52,17.355925000000003,1.6498027566539928,True,False,False,max_speed_gt_10_3
1190.0,2025-06-15,704601,40818,half_2,1,middle,2347,sprint,5.57,10.34,21.3715649122807,2.066882486680919,True,False,False,max_speed_gt_10_3
1200.0,2025-06-17,713067,41246,half_1,33,bottom,2367,hsr,4.4,11.38,14.71310769230769,1.2928917128565631,True,False,False,max_speed_gt_10_3
1200.0,2025-06-17,713068,41246,half_1,33,bottom,2367,sprint,4.4,11.38,12.488260465116277,1.097386684105121,True,False,False,max_speed_gt_10_3
1200.0,2025-06-17,713588,41249,half_1,27,middle,2367,hsr,5.74,12.74,8.65390909090909,0.6792707292707292,True,False,False,max_speed_gt_10_3
1200.0,2025-06-17,713628,41257,half_2,30,top,2367,hsr,5.85,14.14,8.924571428571427,0.6311578096585168,True,False,False,max_speed_gt_10_3
1201.0,2025-06-17,1327085,65788,half_2,29,middle,3760,sprint,5.3,10.36,211.184,20.384555984555984,True,False,True,max_speed_gt_10_3; known_bad_fixture
1204.0,2025-06-18,717521,41431,half_1,22,middle,2375,sprint,5.53,10.33,40.62857886178862,3.9330666855555294,True,False,False,max_speed_gt_10_3
1205.0,2025-06-18,718339,41481,half_1,32,bottom,2377,sprint,5.55,10.44,15.97813043478261,1.5304722638680661,True,False,False,max_speed_gt_10_3
1206.0,2025-06-18,719799,41518,half_2,4,middle,2378,sprint,1.28,12.79,24.190268354430376,1.8913423263823594,True,False,False,max_speed_gt_10_3
1206.0,2025-06-18,720143,41531,half_2,46,top,2379,hsr,1.08,10.44,9.708068571428573,0.9298916256157638,True,False,False,max_speed_gt_10_3
1206.0,2025-06-18,720144,41531,half_2,46,top,2379,sprint,1.08,10.44,7.694844444444445,0.7370540655598128,True,False,False,max_speed_gt_10_3
1216.0,2025-06-21,731734,41911,half_1,45,middle,2398,sprint,1.11,11.54,5.767250000000001,0.49976169844020807,True,False,False,max_speed_gt_10_3
1216.0,2025-06-21,731680,41915,half_1,22,top,2399,sprint,5.62,10.66,28.81540740740741,2.7031339031339034,True,False,False,max_speed_gt_10_3
1220.0,2025-06-25,738558,42179,half_1,35,middle,2411,hsr,5.57,14.07,8.770285714285714,0.6233323180018276,True,False,False,max_speed_gt_10_3
1221.0,2025-06-22,741342,42293,extra_time_2,14,middle,2416,sprint,5.63,11.91,42.865510399999984,3.5991192611251037,True,False,False,max_speed_gt_10_3
1221.0,2025-06-22,741343,42293,extra_time_2,14,middle,2416,hsr,5.78,11.91,9.798967741935485,0.8227512797594866,True,False,False,max_speed_gt_10_3
1221.0,2025-06-22,741347,42293,extra_time_2,19,middle,2416,sprint,5.55,11.43,29.676246913580243,2.596347061555577,True,False,False,max_speed_gt_10_3
1221.0,2025-06-22,741959,42320,extra_time_2,19,middle,2416,sprint,5.57,10.42,19.618470175438592,1.88277065023403,True,False,False,max_speed_gt_10_3
1225.0,2025-06-28,752041,42685,extra_time_2,4,bottom,2435,hsr,1.03,12.62,9.774514285714284,0.7745256961738736,True,False,False,max_speed_gt_10_3
1225.0,2025-06-28,752480,42697,extra_time_2,14,top,2435,hsr,2.79,11.24,8.233544827586208,0.7325217818137195,True,False,False,max_speed_gt_10_3
1225.0,2025-06-28,752604,42705,half_2,23,middle,2434,sprint,2.02,11.17,8.835641379310346,0.79101534282098,True,False,False,max_speed_gt_10_3
,,686602,39935,half_2,47,middle,2306,hsr,3.62,13.19,23.652,1.7931766489764975,True,False,False,max_speed_gt_10_3
1161.0,2025-06-11,1324800,65575,half_1,28,bottom,3752,sprint,6.95,7.68,323.554,42.12942708333333,False,True,True,implied_duration_gt_30s; known_bad_fixture
1161.0,2025-06-11,1324804,65575,half_2,51,top,3753,hsr,5.35,6.62,536.5672000000001,81.05244712990938,False,True,True,implied_duration_gt_30s; known_bad_fixture
1161.0,2025-06-11,1323711,65576,half_1,1,middle,3753,hsr,5.45,6.37,532.8384,83.64810047095762,False,True,True,implied_duration_gt_30s; known_bad_fixture
1161.0,2025-06-11,1323712,65576,half_1,4,top,3753,hsr,5.53,6.31,231.3572,36.66516640253566,False,True,True,implied_duration_gt_30s; known_bad_fixture
1161.0,2025-06-11,1323710,65576,half_1,5,bottom,3753,sprint,7.01,7.83,328.0112,41.89159642401021,False,True,True,implied_duration_gt_30s; known_bad_fixture
1161.0,2025-06-11,1323713,65576,half_1,9,top,3753,sprint,6.93,8.12,550.896,67.84433497536946,False,True,True,implied_duration_gt_30s; known_bad_fixture
1161.0,2025-06-11,1323716,65576,half_1,12,middle,3753,sprint,7.01,7.77,296.3076,38.13482625482625,False,True,True,implied_duration_gt_30s; known_bad_fixture
1161.0,2025-06-11,1323717,65576,half_1,17,bottom,3753,sprint,6.93,9.1,652.078,71.65692307692308,False,True,True,implied_duration_gt_30s; known_bad_fixture
1161.0,2025-06-11,1323718,65576,half_1,17,top,3753,hsr,5.43,6.19,358.4556,57.90882067851373,False,True,True,implied_duration_gt_30s; known_bad_fixture
1161.0,2025-06-11,1323720,65576,half_1,19,middle,3753,hsr,5.51,6.49,222.2348,34.242650231124806,False,True,True,implied_duration_gt_30s; known_bad_fixture
1161.0,2025-06-11,1323722,65576,half_1,22,bottom,3753,hsr,5.48,5.91,198.9448,33.6624027072758,False,True,True,implied_duration_gt_30s; known_bad_fixture
1161.0,2025-06-11,1323723,65576,half_1,35,middle,3753,sprint,6.95,7.75,407.7572,52.61383225806452,False,True,True,implied_duration_gt_30s; known_bad_fixture
1161.0,2025-06-11,1323727,65576,half_1,40,middle,3753,hsr,5.49,6.46,209.1432,32.37510835913313,False,True,True,implied_duration_gt_30s; known_bad_fixture
1161.0,2025-06-11,1323728,65576,half_1,40,middle,3753,hsr,5.44,6.2,570.6508,92.04045161290323,False,True,True,implied_duration_gt_30s; known_bad_fixture
1161.0,2025-06-11,1323730,65576,half_2,1,bottom,3753,hsr,5.43,5.85,220.62920000000005,37.71439316239317,False,True,True,implied_duration_gt_30s; known_bad_fixture
1161.0,2025-06-11,1323731,65576,half_2,7,middle,3753,hsr,5.4,7.21,426.544,59.16005547850208,False,True,True,implied_duration_gt_30s; known_bad_fixture
1161.0,2025-06-11,1323732,65576,half_2,22,middle,3753,sprint,6.94,7.32,387.4972,52.93677595628415,False,True,True,implied_duration_gt_30s; known_bad_fixture
1161.0,2025-06-11,1323735,65576,half_2,29,middle,3753,hsr,5.44,6.5,441.612,67.9403076923077,False,True,True,implied_duration_gt_30s; known_bad_fixture
1161.0,2025-06-11,1323736,65576,half_2,34,middle,3753,hsr,5.4,6.83,951.888,139.36866764275257,False,True,True,implied_duration_gt_30s; known_bad_fixture
1161.0,2025-06-11,1323738,65576,half_2,38,middle,3753,hsr,5.41,6.11,394.9528,64.64039279869067,False,True,True,implied_duration_gt_30s; known_bad_fixture
1161.0,2025-06-11,1323741,65576,half_2,46,top,3753,hsr,5.43,6.86,439.1724,64.01930029154518,False,True,True,implied_duration_gt_30s; known_bad_fixture
1161.0,2025-06-11,1323742,65576,half_2,48,bottom,3753,hsr,5.45,6.58,520.4775999999999,79.09993920972643,False,True,True,implied_duration_gt_30s; known_bad_fixture
1161.0,2025-06-11,1323743,65576,half_2,51,bottom,3752,hsr,5.44,6.69,397.1112,59.35892376681614,False,True,True,implied_duration_gt_30s; known_bad_fixture
1161.0,2025-06-11,1323744,65577,half_1,1,middle,3753,sprint,7.01,8.44,732.6716,86.80943127962085,False,True,True,implied_duration_gt_30s; known_bad_fixture
1161.0,2025-06-11,1323745,65577,half_1,2,middle,3753,hsr,5.46,6.83,286.18320000000006,41.90090775988288,False,True,True,implied_duration_gt_30s; known_bad_fixture
1161.0,2025-06-11,1323746,65577,half_1,10,bottom,3753,hsr,5.45,6.72,328.426,48.87291666666667,False,True,True,implied_duration_gt_30s; known_bad_fixture
1161.0,2025-06-11,1323747,65577,half_1,13,middle,3752,hsr,5.4,6.01,229.532,38.19168053244593,False,True,True,implied_duration_gt_30s; known_bad_fixture
1161.0,2025-06-11,1323749,65577,half_1,17,top,3753,hsr,5.42,5.63,221.2776,39.30330373001777,False,True,True,implied_duration_gt_30s; known_bad_fixture
1161.0,2025-06-11,1323750,65577,half_1,17,bottom,3753,hsr,5.42,6.93,237.6408,34.29160173160174,False,True,True,implied_duration_gt_30s; known_bad_fixture
1161.0,2025-06-11,1323751,65577,half_1,17,bottom,3753,hsr,5.47,6.91,349.9688,50.64671490593343,False,True,True,implied_duration_gt_30s; known_bad_fixture
1161.0,2025-06-11,1323752,65577,half_1,20,middle,3753,hsr,5.42,5.86,386.3676,65.9330375426621,False,True,True,implied_duration_gt_30s; known_bad_fixture
1161.0,2025-06-11,1323753,65577,half_1,22,bottom,3753,hsr,5.43,5.66,261.334,46.17208480565371,False,True,True,implied_duration_gt_30s; known_bad_fixture
1161.0,2025-06-11,1323754,65577,half_1,23,bottom,3753,hsr,5.45,5.73,172.9692,30.18659685863874,False,True,True,implied_duration_gt_30s; known_bad_fixture
1161.0,2025-06-11,1323755,65577,half_1,24,middle,3753,hsr,5.48,5.86,209.658,35.777815699658696,False,True,True,implied_duration_gt_30s; known_bad_fixture
1161.0,2025-06-11,1323757,65577,half_1,25,bottom,3753,hsr,5.35,6.18,337.57,54.62297734627832,False,True,True,implied_duration_gt_30s; known_bad_fixture
1161.0,2025-06-11,1323758,65577,half_1,27,middle,3752,hsr,5.41,5.85,231.8852,39.63849572649573,False,True,True,implied_duration_gt_30s; known_bad_fixture
1161.0,2025-06-11,1323760,65577,half_1,28,bottom,3752,hsr,5.44,6.65,514.5640000000001,77.37804511278196,False,True,True,implied_duration_gt_30s; known_bad_fixture
1161.0,2025-06-11,1323761,65577,half_1,28,middle,3753,hsr,5.46,5.82,185.7624,31.9179381443299,False,True,True,implied_duration_gt_30s; known_bad_fixture
1161.0,2025-06-11,1323764,65577,half_1,34,bottom,3753,hsr,5.42,6.5,516.1172,79.40264615384616,False,True,True,implied_duration_gt_30s; known_bad_fixture
1161.0,2025-06-11,1323762,65577,half_1,35,middle,3753,sprint,6.94,8.13,658.7996,81.03316113161131,False,True,True,implied_duration_gt_30s; known_bad_fixture
1161.0,2025-06-11,1323766,65577,half_1,36,middle,3753,hsr,5.52,6.27,218.1892,34.79891547049442,False,True,True,implied_duration_gt_30s; known_bad_fixture
1161.0,2025-06-11,1323767,65577,half_1,40,middle,3753,hsr,5.43,6.3,645.6644,102.4864126984127,False,True,True,implied_duration_gt_30s; known_bad_fixture
1161.0,2025-06-11,1323768,65577,half_2,5,middle,3753,hsr,5.46,7.03,409.7004,58.27886201991465,False,True,True,implied_duration_gt_30s; known_bad_fixture
1161.0,2025-06-11,1323769,65577,half_2,7,top,3753,hsr,5.41,5.7,222.7228,39.07417543859649,False,True,True,implied_duration_gt_30s; known_bad_fixture
1161.0,2025-06-11,1323770,65577,half_2,12,top,3752,sprint,6.97,8.31,512.5008,61.6727797833935,False,True,True,implied_duration_gt_30s; known_bad_fixture
1161.0,2025-06-11,1323773,65577,half_2,15,middle,3752,hsr,5.43,5.88,209.8624,35.690884353741495,False,True,True,implied_duration_gt_30s; known_bad_fixture
1161.0,2025-06-11,1323774,65577,half_2,15,top,3752,hsr,5.43,6.24,421.9472,67.61974358974359,False,True,True,implied_duration_gt_30s; known_bad_fixture
1161.0,2025-06-11,1323775,65577,half_2,29,middle,3753,hsr,5.44,6.11,261.812,42.84975450081833,False,True,True,implied_duration_gt_30s; known_bad_fixture
1161.0,2025-06-11,1323776,65577,half_2,32,middle,3753,sprint,6.94,7.45,317.9352,42.67586577181208,False,True,True,implied_duration_gt_30s; known_bad_fixture
1161.0,2025-06-11,1323778,65577,half_2,33,middle,3752,hsr,5.44,6.9,464.9124,67.37860869565218,False,True,True,implied_duration_gt_30s; known_bad_fixture
1161.0,2025-06-11,1323779,65577,half_2,36,middle,3753,hsr,5.46,6.47,363.7296,56.21786707882535,False,True,True,implied_duration_gt_30s; known_bad_fixture
1161.0,2025-06-11,1323781,65577,half_2,39,middle,3753,hsr,5.44,5.88,261.5512,44.48149659863945,False,True,True,implied_duration_gt_30s; known_bad_fixture
1161.0,2025-06-11,1323782,65577,half_2,42,bottom,3753,hsr,5.43,6.35,341.2876,53.746078740157486,False,True,True,implied_duration_gt_30s; known_bad_fixture
1161.0,2025-06-11,1323785,65577,half_2,48,bottom,3753,hsr,5.43,5.57,170.216,30.559425493716336,False,True,True,implied_duration_gt_30s; known_bad_fixture
1161.0,2025-06-11,1323786,65577,half_2,51,bottom,3752,hsr,5.47,6.48,572.53,88.35339506172839,False,True,True,implied_duration_gt_30s; known_bad_fixture
1161.0,2025-06-11,1323787,65577,half_2,52,middle,3753,hsr,5.4,6.79,927.8052,136.64288659793814,False,True,True,implied_duration_gt_30s; known_bad_fixture
1161.0,2025-06-11,1323788,65577,half_2,52,bottom,3752,hsr,5.39,6.36,237.2984,37.311069182389936,False,True,True,implied_duration_gt_30s; known_bad_fixture
1161.0,2025-06-11,1324808,65579,half_2,22,bottom,3752,hsr,5.39,6.75,662.4544,98.14139259259258,False,True,True,implied_duration_gt_30s; known_bad_fixture
1161.0,2025-06-11,1324805,65579,half_2,23,top,3752,sprint,6.95,7.47,457.8576,61.29285140562249,False,True,True,implied_duration_gt_30s; known_bad_fixture
1161.0,2025-06-11,1324806,65579,half_2,24,top,3752,sprint,6.98,8.0,494.116,61.7645,False,True,True,implied_duration_gt_30s; known_bad_fixture
1161.0,2025-06-11,1324807,65579,half_2,25,top,3753,sprint,6.99,8.36,452.2088,54.091961722488044,False,True,True,implied_duration_gt_30s; known_bad_fixture
1161.0,2025-06-11,1324811,65579,half_2,29,middle,3752,sprint,6.98,7.75,340.81759999999997,43.97646451612903,False,True,True,implied_duration_gt_30s; known_bad_fixture
1161.0,2025-06-11,1324812,65579,half_2,29,middle,3753,sprint,6.92,8.94,907.8252,101.54644295302013,False,True,True,implied_duration_gt_30s; known_bad_fixture
1161.0,2025-06-11,1324813,65579,half_2,29,bottom,3752,hsr,5.43,6.88,258.21000000000004,37.53052325581396,False,True,True,implied_duration_gt_30s; known_bad_fixture
1161.0,2025-06-11,1324814,65579,half_2,31,top,3752,sprint,6.93,7.17,253.8548,35.405132496513254,False,True,True,implied_duration_gt_30s; known_bad_fixture
1161.0,2025-06-11,1324817,65579,half_2,31,top,3752,hsr,5.5,6.91,226.5032,32.77904486251809,False,True,True,implied_duration_gt_30s; known_bad_fixture
1161.0,2025-06-11,1324818,65579,half_2,32,top,3752,hsr,5.48,6.29,273.18559999999997,43.43173290937996,False,True,True,implied_duration_gt_30s; known_bad_fixture
1161.0,2025-06-11,1324815,65579,half_2,35,top,3752,sprint,6.94,8.56,636.7188,74.38303738317757,False,True,True,implied_duration_gt_30s; known_bad_fixture
1161.0,2025-06-11,1324821,65579,half_2,36,top,3752,hsr,5.55,7.19,358.09040000000005,49.80394993045898,False,True,True,implied_duration_gt_30s; known_bad_fixture
1161.0,2025-06-11,1324819,65579,half_2,37,top,3752,sprint,6.97,8.84,657.8844,74.42131221719457,False,True,True,implied_duration_gt_30s; known_bad_fixture
1161.0,2025-06-11,1324822,65579,half_2,39,middle,3753,hsr,5.46,6.24,385.4416,61.76948717948718,False,True,True,implied_duration_gt_30s; known_bad_fixture
1161.0,2025-06-11,1324820,65579,half_2,40,bottom,3753,sprint,6.97,8.23,368.728,44.80291616038882,False,True,True,implied_duration_gt_30s; known_bad_fixture
1161.0,2025-06-11,1324824,65579,half_2,44,middle,3753,hsr,5.43,6.35,418.044,65.83370078740158,False,True,True,implied_duration_gt_30s; known_bad_fixture
1161.0,2025-06-11,1324823,65579,half_2,45,middle,3752,sprint,6.93,7.3,378.6424,51.86882191780822,False,True,True,implied_duration_gt_30s; known_bad_fixture
1161.0,2025-06-11,1324825,65579,half_2,45,middle,3752,hsr,5.45,6.9,230.4088,33.39257971014493,False,True,True,implied_duration_gt_30s; known_bad_fixture
1161.0,2025-06-11,1324827,65579,half_2,48,bottom,3753,hsr,5.44,6.33,431.344,68.14281200631912,False,True,True,implied_duration_gt_30s; known_bad_fixture
1161.0,2025-06-11,1323789,65580,half_1,1,middle,3753,sprint,6.98,8.14,507.7816,62.38103194103194,False,True,True,implied_duration_gt_30s; known_bad_fixture
1161.0,2025-06-11,1323790,65580,half_1,2,bottom,3753,hsr,5.45,5.68,177.6336,31.273521126760564,False,True,True,implied_duration_gt_30s; known_bad_fixture
1161.0,2025-06-11,1323792,65580,half_1,5,bottom,3753,hsr,5.48,5.85,203.7628,34.83124786324787,False,True,True,implied_duration_gt_30s; known_bad_fixture
1161.0,2025-06-11,1323794,65580,half_1,9,top,3753,hsr,5.42,6.96,576.712,82.86091954022989,False,True,True,implied_duration_gt_30s; known_bad_fixture
1161.0,2025-06-11,1323797,65580,half_1,12,middle,3752,hsr,5.44,5.76,190.562,33.08368055555556,False,True,True,implied_duration_gt_30s; known_bad_fixture
1161.0,2025-06-11,1323800,65580,half_1,12,top,3753,hsr,5.44,7.33,340.5192,46.45555252387449,False,True,True,implied_duration_gt_30s; known_bad_fixture
1161.0,2025-06-11,1323801,65580,half_1,13,bottom,3753,hsr,5.42,5.86,260.6772,44.4841638225256,False,True,True,implied_duration_gt_30s; known_bad_fixture
1161.0,2025-06-11,1323804,65580,half_1,17,top,3753,hsr,5.4,7.11,378.1652,53.18779184247539,False,True,True,implied_duration_gt_30s; known_bad_fixture
1161.0,2025-06-11,1323805,65580,half_1,17,bottom,3753,hsr,5.42,6.47,739.6444,114.31907264296755,False,True,True,implied_duration_gt_30s; known_bad_fixture
1161.0,2025-06-11,1323806,65580,half_1,19,middle,3752,hsr,5.4,6.24,377.7008,60.52897435897436,False,True,True,implied_duration_gt_30s; known_bad_fixture
1161.0,2025-06-11,1323807,65580,half_1,20,middle,3753,hsr,5.42,5.7,312.7236,54.86378947368421,False,True,True,implied_duration_gt_30s; known_bad_fixture
1161.0,2025-06-11,1323809,65580,half_1,24,middle,3752,hsr,5.47,5.98,200.5328,33.53391304347826,False,True,True,implied_duration_gt_30s; known_bad_fixture
1161.0,2025-06-11,1323810,65580,half_1,25,bottom,3753,hsr,5.43,5.62,282.5772,50.28064056939502,False,True,True,implied_duration_gt_30s; known_bad_fixture
1161.0,2025-06-11,1323811,65580,half_1,29,bottom,3753,hsr,5.47,6.51,228.7028,35.13099846390169,False,True,True,implied_duration_gt_30s; known_bad_fixture
1161.0,2025-06-11,1323812,65580,half_1,32,bottom,3752,hsr,5.44,6.14,333.238,54.27328990228013,False,True,True,implied_duration_gt_30s; known_bad_fixture
1161.0,2025-06-11,1323813,65580,half_1,35,middle,3753,hsr,5.46,6.6,685.9404,103.93036363636364,False,True,True,implied_duration_gt_30s; known_bad_fixture
1161.0,2025-06-11,1323814,65580,half_1,40,middle,3753,sprint,6.92,7.08,364.6452,51.503559322033894,False,True,True,implied_duration_gt_30s; known_bad_fixture
1161.0,2025-06-11,1323815,65580,half_1,40,top,3753,hsr,5.45,6.16,640.278,103.94123376623376,False,True,True,implied_duration_gt_30s; known_bad_fixture
1161.0,2025-06-11,1323816,65580,half_1,40,middle,3753,hsr,5.42,6.91,362.792,52.502460202604915,False,True,True,implied_duration_gt_30s; known_bad_fixture
1161.0,2025-06-11,1323817,65580,half_1,40,bottom,3753,hsr,5.41,6.91,519.6156,75.19762662807524,False,True,True,implied_duration_gt_30s; known_bad_fixture
1161.0,2025-06-11,1323818,65580,half_1,46,bottom,3753,hsr,5.49,6.56,305.1212,46.51237804878049,False,True,True,implied_duration_gt_30s; known_bad_fixture
1161.0,2025-06-11,1323819,65580,half_2,1,top,3753,hsr,5.41,6.75,397.0792,58.82654814814815,False,True,True,implied_duration_gt_30s; known_bad_fixture
1161.0,2025-06-11,1323820,65580,half_2,22,middle,3753,hsr,5.5,5.89,193.1012,32.784584040747035,False,True,True,implied_duration_gt_30s; known_bad_fixture
1161.0,2025-06-11,1323822,65580,half_2,34,middle,3753,hsr,5.4,5.98,246.16000000000005,41.16387959866221,False,True,True,implied_duration_gt_30s; known_bad_fixture
1161.0,2025-06-11,1323823,65580,half_2,38,middle,3753,hsr,5.38,6.0,561.1224,93.5204,False,True,True,implied_duration_gt_30s; known_bad_fixture
1161.0,2025-06-11,1323824,65580,half_2,38,bottom,3753,hsr,5.38,5.58,213.86,38.32616487455197,False,True,True,implied_duration_gt_30s; known_bad_fixture
1161.0,2025-06-11,1323825,65580,half_2,39,bottom,3753,hsr,5.42,6.07,313.0788,51.57805601317957,False,True,True,implied_duration_gt_30s; known_bad_fixture
1161.0,2025-06-11,1323826,65580,half_2,39,middle,3753,hsr,5.43,5.69,256.4236,45.06565905096661,False,True,True,implied_duration_gt_30s; known_bad_fixture
1161.0,2025-06-11,1323829,65580,half_2,42,top,3753,hsr,5.43,6.91,251.9536,36.46217076700434,False,True,True,implied_duration_gt_30s; known_bad_fixture
1161.0,2025-06-11,1323830,65580,half_2,43,top,3753,hsr,5.35,7.06,579.1528,82.0329745042493,False,True,True,implied_duration_gt_30s; known_bad_fixture
1161.0,2025-06-11,1323831,65580,half_2,44,middle,3753,hsr,5.43,5.76,412.0632,71.53875000000001,False,True,True,implied_duration_gt_30s; known_bad_fixture
1161.0,2025-06-11,1323832,65580,half_2,46,middle,3753,hsr,5.4,5.78,478.4332,82.77391003460207,False,True,True,implied_duration_gt_30s; known_bad_fixture
1161.0,2025-06-11,1323833,65580,half_2,48,bottom,3753,hsr,5.4,6.51,633.4652,97.30648233486943,False,True,True,implied_duration_gt_30s; known_bad_fixture
1161.0,2025-06-11,1323834,65580,half_2,52,middle,3753,sprint,6.97,7.99,649.014,81.22828535669586,False,True,True,implied_duration_gt_30s; known_bad_fixture
1161.0,2025-06-11,1323836,65581,half_1,1,bottom,3752,sprint,7.01,7.69,264.4664,34.390949284785435,False,True,True,implied_duration_gt_30s; known_bad_fixture
1161.0,2025-06-11,1323837,65581,half_1,1,bottom,3753,hsr,5.41,6.1,620.5795999999999,101.7343606557377,False,True,True,implied_duration_gt_30s; known_bad_fixture
1161.0,2025-06-11,1323838,65581,half_1,1,middle,3753,hsr,5.51,6.56,267.5952,40.79195121951219,False,True,True,implied_duration_gt_30s; known_bad_fixture
1161.0,2025-06-11,1323839,65581,half_1,2,middle,3753,hsr,5.38,7.13,487.8356,68.42014025245442,False,True,True,implied_duration_gt_30s; known_bad_fixture
1161.0,2025-06-11,1323841,65581,half_1,3,middle,3753,hsr,5.4,5.97,292.81,49.04690117252932,False,True,True,implied_duration_gt_30s; known_bad_fixture
1161.0,2025-06-11,1323842,65581,half_1,7,top,3752,hsr,5.46,6.42,306.6192,47.76,False,True,True,implied_duration_gt_30s; known_bad_fixture
1161.0,2025-06-11,1323843,65581,half_1,10,bottom,3753,hsr,5.43,5.93,251.1356,42.35001686340641,False,True,True,implied_duration_gt_30s; known_bad_fixture
1161.0,2025-06-11,1323844,65581,half_1,11,middle,3752,sprint,7.03,7.73,250.17040000000003,32.363570504527814,False,True,True,implied_duration_gt_30s; known_bad_fixture
1161.0,2025-06-11,1323845,65581,half_1,13,middle,3752,hsr,5.43,6.99,457.5852,65.46283261802574,False,True,True,implied_duration_gt_30s; known_bad_fixture
1161.0,2025-06-11,1323846,65581,half_1,15,middle,3753,hsr,5.47,6.85,442.8544,64.65027737226278,False,True,True,implied_duration_gt_30s; known_bad_fixture
1161.0,2025-06-11,1323847,65581,half_1,16,top,3753,hsr,5.47,6.73,634.6176,94.29682020802377,False,True,True,implied_duration_gt_30s; known_bad_fixture
1161.0,2025-06-11,1323849,65581,half_1,19,middle,3752,hsr,5.43,6.65,486.7708,73.19861654135337,False,True,True,implied_duration_gt_30s; known_bad_fixture
1161.0,2025-06-11,1323850,65581,half_1,20,middle,3753,hsr,5.47,6.68,320.1408,47.925269461077846,False,True,True,implied_duration_gt_30s; known_bad_fixture
1161.0,2025-06-11,1323851,65581,half_1,21,middle,3753,hsr,5.47,6.51,259.642,39.88356374807988,False,True,True,implied_duration_gt_30s; known_bad_fixture
1161.0,2025-06-11,1323853,65581,half_1,23,bottom,3752,hsr,5.45,6.84,435.0472,63.603391812865496,False,True,True,implied_duration_gt_30s; known_bad_fixture
1161.0,2025-06-11,1323854,65581,half_1,25,middle,3753,hsr,5.52,6.19,204.7312,33.07450726978998,False,True,True,implied_duration_gt_30s; known_bad_fixture
1161.0,2025-06-11,1323855,65581,half_1,26,top,3753,hsr,5.41,6.97,459.1768,65.87902439024391,False,True,True,implied_duration_gt_30s; known_bad_fixture
1161.0,2025-06-11,1323856,65581,half_1,28,middle,3752,hsr,5.43,6.48,400.34080000000006,61.780987654320995,False,True,True,implied_duration_gt_30s; known_bad_fixture
1161.0,2025-06-11,1323857,65581,half_1,33,middle,3753,hsr,5.48,6.22,228.8848,36.79819935691319,False,True,True,implied_duration_gt_30s; known_bad_fixture
1161.0,2025-06-11,1323858,65581,half_1,34,middle,3752,hsr,5.41,6.98,407.0168,58.31186246418338,False,True,True,implied_duration_gt_30s; known_bad_fixture
1161.0,2025-06-11,1323859,65581,half_1,35,top,3753,hsr,5.4,7.05,435.17119999999994,61.726411347517725,False,True,True,implied_duration_gt_30s; known_bad_fixture
1161.0,2025-06-11,1323860,65581,half_1,40,bottom,3753,hsr,5.43,6.49,610.2416,94.0279815100154,False,True,True,implied_duration_gt_30s; known_bad_fixture
1161.0,2025-06-11,1323861,65581,half_1,43,middle,3753,hsr,5.43,5.62,171.0564,30.437081850533808,False,True,True,implied_duration_gt_30s; known_bad_fixture
1161.0,2025-06-11,1323863,65581,half_2,3,middle,3753,hsr,5.43,5.56,236.5888,42.551942446043164,False,True,True,implied_duration_gt_30s; known_bad_fixture
1161.0,2025-06-11,1323864,65581,half_2,3,middle,3752,hsr,5.45,6.83,413.86479999999995,60.59513909224011,False,True,True,implied_duration_gt_30s; known_bad_fixture
1161.0,2025-06-11,1323865,65581,half_2,3,top,3752,hsr,5.49,6.43,264.224,41.09237947122862,False,True,True,implied_duration_gt_30s; known_bad_fixture
1161.0,2025-06-11,1323866,65581,half_2,5,middle,3752,hsr,5.51,6.4,282.0776,44.074625,False,True,True,implied_duration_gt_30s; known_bad_fixture
1161.0,2025-06-11,1323867,65581,half_2,6,bottom,3752,sprint,6.97,8.89,719.5756000000001,80.94213723284591,False,True,True,implied_duration_gt_30s; known_bad_fixture
1161.0,2025-06-11,1323868,65581,half_2,6,top,3753,hsr,5.4,6.7,383.1132,57.18107462686567,False,True,True,implied_duration_gt_30s; known_bad_fixture
1161.0,2025-06-11,1323869,65581,half_2,9,top,3753,hsr,5.44,6.73,576.4992,85.66109955423477,False,True,True,implied_duration_gt_30s; known_bad_fixture
1161.0,2025-06-11,1323870,65581,half_2,15,middle,3752,hsr,5.42,5.75,173.0272,30.091686956521738,False,True,True,implied_duration_gt_30s; known_bad_fixture
1161.0,2025-06-11,1323871,65581,half_2,18,middle,3753,sprint,6.96,7.67,510.4616,66.55301173402869,False,True,True,implied_duration_gt_30s; known_bad_fixture
1161.0,2025-06-11,1323874,65582,half_1,1,middle,3753,hsr,5.42,6.31,920.1816,145.8290966719493,False,True,True,implied_duration_gt_30s; known_bad_fixture
1161.0,2025-06-11,1323875,65582,half_1,2,top,3753,hsr,5.4,6.25,436.4344,69.829504,False,True,True,implied_duration_gt_30s; known_bad_fixture
1161.0,2025-06-11,1323876,65582,half_1,4,top,3753,hsr,5.5,6.53,285.3112,43.692373660030626,False,True,True,implied_duration_gt_30s; known_bad_fixture
1161.0,2025-06-11,1323877,65582,half_1,6,middle,3752,sprint,7.08,7.84,237.4904,30.292142857142856,False,True,True,implied_duration_gt_30s; known_bad_fixture
1161.0,2025-06-11,1323878,65582,half_1,7,top,3752,hsr,5.43,6.07,539.6836,88.90998352553541,False,True,True,implied_duration_gt_30s; known_bad_fixture
1161.0,2025-06-11,1323880,65582,half_1,9,top,3753,hsr,5.43,6.12,367.6656,60.076078431372544,False,True,True,implied_duration_gt_30s; known_bad_fixture
1161.0,2025-06-11,1323882,65582,half_1,12,top,3753,hsr,5.35,6.04,263.60360000000003,43.64298013245033,False,True,True,implied_duration_gt_30s; known_bad_fixture
1161.0,2025-06-11,1323883,65582,half_1,13,middle,3752,hsr,5.43,6.96,495.4116,71.1798275862069,False,True,True,implied_duration_gt_30s; known_bad_fixture
1161.0,2025-06-11,1323884,65582,half_1,16,middle,3752,hsr,5.44,6.32,309.336,48.94556962025317,False,True,True,implied_duration_gt_30s; known_bad_fixture
1161.0,2025-06-11,1323885,65582,half_1,17,middle,3752,hsr,5.43,6.04,300.5444,49.75900662251656,False,True,True,implied_duration_gt_30s; known_bad_fixture
1161.0,2025-06-11,1323886,65582,half_1,19,middle,3752,hsr,5.41,6.02,369.8508,61.43700996677741,False,True,True,implied_duration_gt_30s; known_bad_fixture
1161.0,2025-06-11,1323887,65582,half_1,22,middle,3753,sprint,6.89,7.32,256.0444,34.9787431693989,False,True,True,implied_duration_gt_30s; known_bad_fixture
1161.0,2025-06-11,1323888,65582,half_1,22,bottom,3752,hsr,5.49,6.87,253.3344,36.87545851528384,False,True,True,implied_duration_gt_30s; known_bad_fixture
1161.0,2025-06-11,1323889,65582,half_1,22,bottom,3752,hsr,5.42,6.93,530.5455999999999,76.55780663780664,False,True,True,implied_duration_gt_30s; known_bad_fixture
1161.0,2025-06-11,1323890,65582,half_1,25,top,3753,hsr,5.42,5.78,252.9416,43.76152249134948,False,True,True,implied_duration_gt_30s; known_bad_fixture
1161.0,2025-06-11,1323891,65582,half_1,27,top,3752,hsr,5.43,6.17,280.9632,45.53698541329011,False,True,True,implied_duration_gt_30s; known_bad_fixture
1161.0,2025-06-11,1323892,65582,half_1,33,top,3753,hsr,5.4,6.92,559.8744,80.90670520231214,False,True,True,implied_duration_gt_30s; known_bad_fixture
1161.0,2025-06-11,1323894,65582,half_1,35,top,3753,hsr,5.42,6.46,489.8612,75.82990712074303,False,True,True,implied_duration_gt_30s; known_bad_fixture
1161.0,2025-06-11,1323897,65582,half_1,38,middle,3753,hsr,5.47,5.79,174.0428,30.059205526770292,False,True,True,implied_duration_gt_30s; known_bad_fixture
1161.0,2025-06-11,1323898,65582,half_1,39,middle,3752,hsr,5.39,5.92,238.9292,40.35966216216217,False,True,True,implied_duration_gt_30s; known_bad_fixture
1161.0,2025-06-11,1323899,65582,half_1,39,middle,3752,hsr,5.46,6.48,314.3876,48.516604938271605,False,True,True,implied_duration_gt_30s; known_bad_fixture
1161.0,2025-06-11,1323903,65582,half_1,46,middle,3752,hsr,5.4,7.02,586.4968,83.54655270655272,False,True,True,implied_duration_gt_30s; known_bad_fixture
1161.0,2025-06-11,1323905,65582,half_2,1,bottom,3753,hsr,5.45,6.04,259.7828,43.01039735099338,False,True,True,implied_duration_gt_30s; known_bad_fixture
1161.0,2025-06-11,1323906,65582,half_2,3,middle,3752,hsr,5.36,7.07,589.5188,83.38314002828855,False,True,True,implied_duration_gt_30s; known_bad_fixture
1161.0,2025-06-11,1323908,65582,half_2,6,top,3753,hsr,5.5,6.38,262.7992,41.191097178683385,False,True,True,implied_duration_gt_30s; known_bad_fixture
1161.0,2025-06-11,1323909,65582,half_2,6,bottom,3752,hsr,5.45,6.13,381.1072,62.170831973898856,False,True,True,implied_duration_gt_30s; known_bad_fixture
1161.0,2025-06-11,1323907,65582,half_2,7,middle,3753,sprint,6.92,7.29,306.308,42.01755829903978,False,True,True,implied_duration_gt_30s; known_bad_fixture
1161.0,2025-06-11,1323910,65582,half_2,7,top,3753,hsr,5.42,6.89,339.406,49.26066763425254,False,True,True,implied_duration_gt_30s; known_bad_fixture
1161.0,2025-06-11,1323912,65582,half_2,8,middle,3752,hsr,5.44,5.87,232.4128,39.593321976149916,False,True,True,implied_duration_gt_30s; known_bad_fixture
1161.0,2025-06-11,1323913,65582,half_2,9,top,3753,hsr,5.44,6.17,310.74559999999997,50.36395461912479,False,True,True,implied_duration_gt_30s; known_bad_fixture
1161.0,2025-06-11,1323914,65582,half_2,15,top,3752,sprint,6.94,7.87,312.8808,39.756137229987296,False,True,True,implied_duration_gt_30s; known_bad_fixture
1161.0,2025-06-11,1323915,65582,half_2,15,top,3752,hsr,5.46,6.1,225.698,36.99967213114754,False,True,True,implied_duration_gt_30s; known_bad_fixture
1161.0,2025-06-11,1323916,65582,half_2,18,middle,3753,hsr,5.42,6.99,700.0904,100.15599427753935,False,True,True,implied_duration_gt_30s; known_bad_fixture
1161.0,2025-06-11,1323917,65582,half_2,18,top,3752,hsr,5.47,6.18,228.0088,36.89462783171521,False,True,True,implied_duration_gt_30s; known_bad_fixture
1161.0,2025-06-11,1323918,65584,half_1,1,middle,3753,sprint,6.93,7.52,474.3563999999999,63.079308510638285,False,True,True,implied_duration_gt_30s; known_bad_fixture
1161.0,2025-06-11,1323919,65584,half_1,1,bottom,3752,hsr,5.42,6.42,349.6408,54.461183800623054,False,True,True,implied_duration_gt_30s; known_bad_fixture
1161.0,2025-06-11,1323922,65584,half_1,5,bottom,3752,hsr,5.33,6.39,676.9707999999999,105.94222222222221,False,True,True,implied_duration_gt_30s; known_bad_fixture
1161.0,2025-06-11,1323923,65584,half_1,7,top,3752,sprint,6.95,8.16,579.116,70.97009803921569,False,True,True,implied_duration_gt_30s; known_bad_fixture
1161.0,2025-06-11,1323924,65584,half_1,9,top,3753,sprint,6.93,7.52,370.9488,49.32829787234043,False,True,True,implied_duration_gt_30s; known_bad_fixture
1161.0,2025-06-11,1323927,65584,half_1,10,bottom,3753,hsr,5.37,6.9,390.8824,56.6496231884058,False,True,True,implied_duration_gt_30s; known_bad_fixture
1161.0,2025-06-11,1323928,65584,half_1,12,middle,3752,hsr,5.46,5.97,258.4264,43.28750418760469,False,True,True,implied_duration_gt_30s; known_bad_fixture
1161.0,2025-06-11,1323930,65584,half_1,13,bottom,3753,hsr,5.34,7.18,418.2448,58.251364902506964,False,True,True,implied_duration_gt_30s; known_bad_fixture
1161.0,2025-06-11,1323931,65584,half_1,15,top,3753,hsr,5.4,6.96,482.634,69.34396551724139,False,True,True,implied_duration_gt_30s; known_bad_fixture
1161.0,2025-06-11,1323932,65584,half_1,15,middle,3753,hsr,5.43,6.09,196.2752,32.229096880131365,False,True,True,implied_duration_gt_30s; known_bad_fixture
1161.0,2025-06-11,1323933,65584,half_1,17,bottom,3753,sprint,6.94,7.97,475.6748,59.683161856963615,False,True,True,implied_duration_gt_30s; known_bad_fixture
1161.0,2025-06-11,1323934,65584,half_1,19,bottom,3753,sprint,6.96,8.73,456.484,52.28911798396334,False,True,True,implied_duration_gt_30s; known_bad_fixture
1161.0,2025-06-11,1323936,65584,half_1,20,bottom,3753,hsr,5.41,6.98,400.5988,57.3923782234957,False,True,True,implied_duration_gt_30s; known_bad_fixture
1161.0,2025-06-11,1323937,65584,half_1,21,middle,3753,hsr,5.45,6.52,333.60519999999997,51.16644171779141,False,True,True,implied_duration_gt_30s; known_bad_fixture
1161.0,2025-06-11,1323938,65584,half_1,25,bottom,3753,hsr,5.44,6.58,567.7072000000001,86.27768996960486,False,True,True,implied_duration_gt_30s; known_bad_fixture
1161.0,2025-06-11,1323940,65584,half_1,29,bottom,3753,hsr,5.38,6.86,486.6936,70.9465889212828,False,True,True,implied_duration_gt_30s; known_bad_fixture
1161.0,2025-06-11,1323942,65584,half_1,33,bottom,3752,hsr,5.41,6.96,367.3636,52.78212643678161,False,True,True,implied_duration_gt_30s; known_bad_fixture
1161.0,2025-06-11,1323941,65584,half_1,35,bottom,3753,sprint,6.94,8.92,612.1568,68.62744394618834,False,True,True,implied_duration_gt_30s; known_bad_fixture
1161.0,2025-06-11,1323946,65584,half_1,36,middle,3752,hsr,5.44,7.07,594.288,84.05770862800566,False,True,True,implied_duration_gt_30s; known_bad_fixture
1161.0,2025-06-11,1323947,65584,half_1,37,top,3753,hsr,5.48,6.1,232.54199999999997,38.12163934426229,False,True,True,implied_duration_gt_30s; known_bad_fixture
1161.0,2025-06-11,1323944,65584,half_1,40,top,3753,sprint,6.98,7.89,435.8776,55.244309252217995,False,True,True,implied_duration_gt_30s; known_bad_fixture
1161.0,2025-06-11,1323945,65584,half_1,40,middle,3753,sprint,6.93,8.74,849.0924,97.15016018306636,False,True,True,implied_duration_gt_30s; known_bad_fixture
1161.0,2025-06-11,1323949,65584,half_1,40,bottom,3753,hsr,5.42,6.89,240.6072,34.921219158200294,False,True,True,implied_duration_gt_30s; known_bad_fixture
1161.0,2025-06-11,1323950,65584,half_1,42,bottom,3753,hsr,5.55,6.35,220.1432,34.66822047244095,False,True,True,implied_duration_gt_30s; known_bad_fixture
1161.0,2025-06-11,1323952,65584,half_1,46,bottom,3753,hsr,5.46,5.92,251.5824,42.49702702702703,False,True,True,implied_duration_gt_30s; known_bad_fixture
1161.0,2025-06-11,1323951,65584,half_1,47,bottom,3753,sprint,6.95,7.52,290.29319999999996,38.60281914893616,False,True,True,implied_duration_gt_30s; known_bad_fixture
1161.0,2025-06-11,1323956,65584,half_2,1,top,3753,hsr,5.51,6.94,388.5428,55.985994236311235,False,True,True,implied_duration_gt_30s; known_bad_fixture
1161.0,2025-06-11,1323957,65584,half_2,1,bottom,3753,hsr,5.41,6.24,565.9576,90.69833333333332,False,True,True,implied_duration_gt_30s; known_bad_fixture
1161.0,2025-06-11,1323958,65584,half_2,6,middle,3752,hsr,5.45,6.46,356.7812,55.229287925696596,False,True,True,implied_duration_gt_30s; known_bad_fixture
1161.0,2025-06-11,1323960,65584,half_2,7,middle,3752,hsr,5.45,6.45,325.7172,50.498790697674416,False,True,True,implied_duration_gt_30s; known_bad_fixture
1161.0,2025-06-11,1323961,65584,half_2,7,top,3752,hsr,5.51,6.75,234.2428,34.702637037037036,False,True,True,implied_duration_gt_30s; known_bad_fixture
1161.0,2025-06-11,1323962,65584,half_2,17,bottom,3753,hsr,5.44,6.62,454.8004,68.70096676737161,False,True,True,implied_duration_gt_30s; known_bad_fixture
1161.0,2025-06-11,1323963,65585,half_1,1,middle,3753,sprint,6.98,8.85,698.7560000000001,78.95548022598871,False,True,True,implied_duration_gt_30s; known_bad_fixture
1161.0,2025-06-11,1323966,65585,half_1,3,top,3753,hsr,5.47,5.9,187.3548,31.75505084745763,False,True,True,implied_duration_gt_30s; known_bad_fixture
1161.0,2025-06-11,1323964,65585,half_1,5,bottom,3753,sprint,6.99,7.58,269.56759999999997,35.563007915567276,False,True,True,implied_duration_gt_30s; known_bad_fixture
1161.0,2025-06-11,1323969,65585,half_1,7,top,3752,hsr,5.42,5.97,228.614,38.29380234505863,False,True,True,implied_duration_gt_30s; known_bad_fixture
1161.0,2025-06-11,1323967,65585,half_1,9,top,3753,sprint,6.95,8.5,752.0452,88.47590588235295,False,True,True,implied_duration_gt_30s; known_bad_fixture
1161.0,2025-06-11,1323971,65585,half_1,12,middle,3752,hsr,5.41,6.02,311.6544,51.76983388704319,False,True,True,implied_duration_gt_30s; known_bad_fixture
1161.0,2025-06-11,1323973,65585,half_1,13,bottom,3753,hsr,5.43,6.9,631.1944,91.4774492753623,False,True,True,implied_duration_gt_30s; known_bad_fixture
1161.0,2025-06-11,1323975,65585,half_1,14,middle,3752,hsr,5.45,6.37,323.0772,50.7185557299843,False,True,True,implied_duration_gt_30s; known_bad_fixture
1161.0,2025-06-11,1323976,65585,half_1,14,middle,3753,hsr,5.51,7.19,329.8456,45.875605006954096,False,True,True,implied_duration_gt_30s; known_bad_fixture
1161.0,2025-06-11,1323977,65585,half_1,17,top,3753,sprint,6.95,7.47,245.1536,32.81842034805891,False,True,True,implied_duration_gt_30s; known_bad_fixture
1161.0,2025-06-11,1323978,65585,half_1,17,bottom,3753,sprint,6.92,7.5,517.3612,68.98149333333335,False,True,True,implied_duration_gt_30s; known_bad_fixture
1161.0,2025-06-11,1323980,65585,half_1,17,bottom,3753,hsr,5.42,6.9,297.5624,43.12498550724638,False,True,True,implied_duration_gt_30s; known_bad_fixture
1161.0,2025-06-11,1323983,65585,half_1,22,bottom,3753,hsr,5.44,6.48,271.32160000000005,41.87061728395062,False,True,True,implied_duration_gt_30s; known_bad_fixture
1161.0,2025-06-11,1323982,65585,half_1,24,middle,3753,sprint,7.03,7.92,299.4036,37.80348484848485,False,True,True,implied_duration_gt_30s; known_bad_fixture
1161.0,2025-06-11,1323985,65585,half_1,28,top,3753,hsr,5.46,6.65,938.7744,141.16908270676691,False,True,True,implied_duration_gt_30s; known_bad_fixture
1161.0,2025-06-11,1323986,65585,half_1,28,bottom,3752,hsr,5.43,6.36,401.2604,63.09125786163522,False,True,True,implied_duration_gt_30s; known_bad_fixture
1161.0,2025-06-11,1323989,65585,half_1,32,bottom,3752,hsr,5.44,5.78,184.8328,31.977993079584774,False,True,True,implied_duration_gt_30s; known_bad_fixture
1161.0,2025-06-11,1323988,65585,half_1,35,middle,3753,sprint,7.0,9.27,926.2212,99.91598705501617,False,True,True,implied_duration_gt_30s; known_bad_fixture
1161.0,2025-06-11,1323992,65585,half_1,37,middle,3753,hsr,5.46,5.73,172.914,30.176963350785336,False,True,True,implied_duration_gt_30s; known_bad_fixture
1161.0,2025-06-11,1323993,65585,half_1,40,middle,3753,hsr,5.43,5.96,484.1712,81.23677852348993,False,True,True,implied_duration_gt_30s; known_bad_fixture
1161.0,2025-06-11,1323995,65585,half_2,1,bottom,3753,sprint,6.98,7.38,221.716,30.042818428184283,False,True,True,implied_duration_gt_30s; known_bad_fixture
1161.0,2025-06-11,1323997,65585,half_2,5,middle,3753,hsr,5.44,5.99,340.1684,56.78938230383974,False,True,True,implied_duration_gt_30s; known_bad_fixture
1161.0,2025-06-11,1324001,65585,half_2,7,middle,3753,hsr,5.42,5.7,329.8068,57.86084210526316,False,True,True,implied_duration_gt_30s; known_bad_fixture
1161.0,2025-06-11,1324002,65585,half_2,11,middle,3752,sprint,6.94,7.38,301.52,40.856368563685635,False,True,True,implied_duration_gt_30s; known_bad_fixture
1161.0,2025-06-11,1324006,65585,half_2,11,middle,3752,hsr,5.45,6.91,260.106,37.641968162083934,False,True,True,implied_duration_gt_30s; known_bad_fixture
1161.0,2025-06-11,1324008,65585,half_2,16,middle,3752,hsr,5.49,6.45,227.3228,35.243844961240306,False,True,True,implied_duration_gt_30s; known_bad_fixture
1161.0,2025-06-11,1324011,65585,half_2,22,middle,3753,hsr,5.44,5.65,171.59840000000003,30.3713982300885,False,True,True,implied_duration_gt_30s; known_bad_fixture
1161.0,2025-06-11,1324010,65585,half_2,25,top,3753,sprint,6.94,8.25,408.752,49.54569696969697,False,True,True,implied_duration_gt_30s; known_bad_fixture
1161.0,2025-06-11,1324012,65585,half_2,29,middle,3753,hsr,5.41,6.62,554.0296,83.69027190332325,False,True,True,implied_duration_gt_30s; known_bad_fixture
1161.0,2025-06-11,1324013,65585,half_2,30,bottom,3752,hsr,5.41,6.88,416.0468,60.471918604651165,False,True,True,implied_duration_gt_30s; known_bad_fixture
1161.0,2025-06-11,1324014,65585,half_2,36,bottom,3752,sprint,7.02,7.83,412.3636,52.66457215836527,False,True,True,implied_duration_gt_30s; known_bad_fixture
1161.0,2025-06-11,1324015,65585,half_2,38,middle,3753,hsr,5.43,6.57,550.2476,83.75153729071538,False,True,True,implied_duration_gt_30s; known_bad_fixture
1161.0,2025-06-11,1324016,65585,half_2,39,bottom,3753,hsr,5.4,5.69,177.6724,31.225377855887523,False,True,True,implied_duration_gt_30s; known_bad_fixture
1161.0,2025-06-11,1324017,65585,half_2,42,middle,3753,sprint,6.94,7.54,379.1536,50.285623342175064,False,True,True,implied_duration_gt_30s; known_bad_fixture
1161.0,2025-06-11,1324020,65585,half_2,42,bottom,3752,hsr,5.43,6.06,331.1376,54.64316831683169,False,True,True,implied_duration_gt_30s; known_bad_fixture
1161.0,2025-06-11,1324021,65585,half_2,44,bottom,3753,hsr,5.35,6.14,320.34959999999995,52.17420195439739,False,True,True,implied_duration_gt_30s; known_bad_fixture
1161.0,2025-06-11,1324023,65585,half_2,46,top,3753,hsr,5.43,6.67,451.1912,67.64485757121439,False,True,True,implied_duration_gt_30s; known_bad_fixture
1161.0,2025-06-11,1324022,65585,half_2,48,bottom,3753,sprint,6.98,8.4,540.9536,64.3992380952381,False,True,True,implied_duration_gt_30s; known_bad_fixture
1161.0,2025-06-11,1324024,65585,half_2,52,middle,3753,hsr,5.44,6.13,586.5888,95.69148450244698,False,True,True,implied_duration_gt_30s; known_bad_fixture
1161.0,2025-06-11,1324026,65586,half_1,1,middle,3753,hsr,5.5,6.93,215.166,31.04848484848485,False,True,True,implied_duration_gt_30s; known_bad_fixture
1161.0,2025-06-11,1324027,65586,half_1,1,middle,3753,hsr,5.43,6.92,289.354,41.81416184971098,False,True,True,implied_duration_gt_30s; known_bad_fixture
1161.0,2025-06-11,1324029,65586,half_1,2,middle,3753,hsr,5.45,6.24,444.308,71.20320512820513,False,True,True,implied_duration_gt_30s; known_bad_fixture
1161.0,2025-06-11,1324030,65586,half_1,5,bottom,3753,hsr,5.4,6.47,441.1672,68.18658423493045,False,True,True,implied_duration_gt_30s; known_bad_fixture
1161.0,2025-06-11,1324032,65586,half_1,6,middle,3753,hsr,5.43,5.78,184.8936,31.988512110726642,False,True,True,implied_duration_gt_30s; known_bad_fixture
1161.0,2025-06-11,1324031,65586,half_1,7,top,3752,sprint,6.91,7.66,500.1448,65.2930548302872,False,True,True,implied_duration_gt_30s; known_bad_fixture
1161.0,2025-06-11,1324034,65586,half_1,7,top,3752,hsr,5.45,6.88,399.9092,58.12633720930233,False,True,True,implied_duration_gt_30s; known_bad_fixture
1161.0,2025-06-11,1324035,65586,half_1,9,top,3753,hsr,5.42,6.99,587.4204,84.03725321888412,False,True,True,implied_duration_gt_30s; known_bad_fixture
1161.0,2025-06-11,1324036,65586,half_1,10,middle,3752,hsr,5.5,6.02,195.412,32.460465116279074,False,True,True,implied_duration_gt_30s; known_bad_fixture
1161.0,2025-06-11,1324037,65586,half_1,10,bottom,3752,hsr,5.41,6.41,468.1392,73.03263650546022,False,True,True,implied_duration_gt_30s; known_bad_fixture
1161.0,2025-06-11,1324038,65586,half_1,10,bottom,3753,hsr,5.45,6.57,335.5488,51.07287671232877,False,True,True,implied_duration_gt_30s; known_bad_fixture
1161.0,2025-06-11,1324039,65586,half_1,12,middle,3752,hsr,5.43,5.97,287.1108,48.09226130653266,False,True,True,implied_duration_gt_30s; known_bad_fixture
1161.0,2025-06-11,1324040,65586,half_1,13,bottom,3753,hsr,5.39,5.95,308.6232,51.869445378151255,False,True,True,implied_duration_gt_30s; known_bad_fixture
1161.0,2025-06-11,1324041,65586,half_1,13,middle,3752,hsr,5.38,7.0,490.854,70.122,False,True,True,implied_duration_gt_30s; known_bad_fixture
1161.0,2025-06-11,1324043,65586,half_1,16,middle,3752,sprint,6.98,7.35,221.4096,30.123755102040818,False,True,True,implied_duration_gt_30s; known_bad_fixture
1161.0,2025-06-11,1324044,65586,half_1,17,top,3753,sprint,7.0,7.38,236.6004,32.05967479674797,False,True,True,implied_duration_gt_30s; known_bad_fixture
1161.0,2025-06-11,1324045,65586,half_1,17,bottom,3753,sprint,6.95,8.73,563.2464,64.51848797250858,False,True,True,implied_duration_gt_30s; known_bad_fixture
1161.0,2025-06-11,1324050,65586,half_1,18,middle,3752,hsr,5.45,6.58,323.1384,49.10917933130699,False,True,True,implied_duration_gt_30s; known_bad_fixture
1161.0,2025-06-11,1324051,65586,half_1,19,middle,3752,hsr,5.43,6.76,791.704,117.11597633136094,False,True,True,implied_duration_gt_30s; known_bad_fixture
1161.0,2025-06-11,1324052,65586,half_1,20,middle,3753,hsr,5.43,5.78,304.218,52.63287197231834,False,True,True,implied_duration_gt_30s; known_bad_fixture
1161.0,2025-06-11,1324053,65586,half_1,24,top,3752,hsr,5.38,6.48,434.89,67.11265432098764,False,True,True,implied_duration_gt_30s; known_bad_fixture
1161.0,2025-06-11,1324054,65586,half_1,25,bottom,3753,hsr,5.48,6.92,694.8456,100.41121387283236,False,True,True,implied_duration_gt_30s; known_bad_fixture
1161.0,2025-06-11,1324055,65586,half_1,25,middle,3753,hsr,5.44,6.17,317.2944,51.42534846029174,False,True,True,implied_duration_gt_30s; known_bad_fixture
1161.0,2025-06-11,1324056,65586,half_1,26,top,3753,hsr,5.39,5.88,266.2208,45.2756462585034,False,True,True,implied_duration_gt_30s; known_bad_fixture
1161.0,2025-06-11,1324057,65586,half_1,27,top,3752,hsr,5.48,6.56,919.5156,140.17006097560974,False,True,True,implied_duration_gt_30s; known_bad_fixture
1161.0,2025-06-11,1324060,65586,half_1,34,bottom,3753,hsr,5.38,6.25,300.1596,48.025536,False,True,True,implied_duration_gt_30s; known_bad_fixture
1161.0,2025-06-11,1324058,65586,half_1,35,middle,3753,sprint,6.92,8.66,761.62,87.94688221709006,False,True,True,implied_duration_gt_30s; known_bad_fixture
1161.0,2025-06-11,1324063,65586,half_1,36,middle,3752,hsr,5.42,5.79,338.6044,58.48089810017271,False,True,True,implied_duration_gt_30s; known_bad_fixture
1161.0,2025-06-11,1324064,65586,half_1,37,middle,3752,hsr,5.41,5.75,235.1984,40.90406956521739,False,True,True,implied_duration_gt_30s; known_bad_fixture
1161.0,2025-06-11,1324065,65586,half_1,37,middle,3753,hsr,5.47,6.22,434.7132,69.88958199356912,False,True,True,implied_duration_gt_30s; known_bad_fixture
1161.0,2025-06-11,1324066,65586,half_1,38,middle,3753,hsr,5.45,6.6,268.4396,40.672666666666665,False,True,True,implied_duration_gt_30s; known_bad_fixture
1161.0,2025-06-11,1324067,65586,half_1,39,bottom,3753,hsr,5.45,6.15,454.3144,73.87226016260162,False,True,True,implied_duration_gt_30s; known_bad_fixture
1161.0,2025-06-11,1324062,65586,half_1,40,middle,3753,sprint,6.94,8.14,803.04,98.65356265356264,False,True,True,implied_duration_gt_30s; known_bad_fixture
1161.0,2025-06-11,1324068,65586,half_1,40,middle,3752,hsr,5.39,6.22,345.8132,55.59697749196142,False,True,True,implied_duration_gt_30s; known_bad_fixture
1161.0,2025-06-11,1324070,65586,half_1,42,bottom,3752,hsr,5.46,6.33,431.548,68.17503949447078,False,True,True,implied_duration_gt_30s; known_bad_fixture
1161.0,2025-06-11,1324071,65586,half_1,46,bottom,3753,hsr,5.46,6.3,260.36440000000005,41.32768253968255,False,True,True,implied_duration_gt_30s; known_bad_fixture
1161.0,2025-06-11,1324072,65586,half_2,1,bottom,3753,sprint,6.93,7.57,379.468,50.12787318361955,False,True,True,implied_duration_gt_30s; known_bad_fixture
1161.0,2025-06-11,1324073,65586,half_2,1,top,3753,hsr,5.49,5.96,182.7584,30.664161073825504,False,True,True,implied_duration_gt_30s; known_bad_fixture
1161.0,2025-06-11,1324074,65586,half_2,1,bottom,3753,hsr,5.43,5.71,217.6748,38.121681260945714,False,True,True,implied_duration_gt_30s; known_bad_fixture
1161.0,2025-06-11,1324075,65586,half_2,1,middle,3753,hsr,5.46,6.89,599.5036,87.01068214804064,False,True,True,implied_duration_gt_30s; known_bad_fixture
1161.0,2025-06-11,1324077,65586,half_2,2,bottom,3752,hsr,5.45,6.39,397.16,62.15336463223788,False,True,True,implied_duration_gt_30s; known_bad_fixture
1161.0,2025-06-11,1324078,65586,half_2,3,middle,3752,hsr,5.44,6.08,432.0324,71.05796052631578,False,True,True,implied_duration_gt_30s; known_bad_fixture
1161.0,2025-06-11,1324079,65586,half_2,5,bottom,3752,hsr,5.42,5.54,191.894,34.63790613718412,False,True,True,implied_duration_gt_30s; known_bad_fixture
1161.0,2025-06-11,1324080,65586,half_2,6,bottom,3752,hsr,5.41,6.72,580.7048,86.41440476190476,False,True,True,implied_duration_gt_30s; known_bad_fixture
1161.0,2025-06-11,1324081,65586,half_2,7,middle,3753,hsr,5.45,5.88,571.4284,97.18170068027212,False,True,True,implied_duration_gt_30s; known_bad_fixture
1161.0,2025-06-11,1324082,65586,half_2,8,middle,3752,hsr,5.42,6.06,448.3676,73.98805280528053,False,True,True,implied_duration_gt_30s; known_bad_fixture
1161.0,2025-06-11,1324083,65586,half_2,9,middle,3753,hsr,5.43,5.61,209.8808,37.41190730837789,False,True,True,implied_duration_gt_30s; known_bad_fixture
1161.0,2025-06-11,1324084,65586,half_2,9,bottom,3753,hsr,5.41,7.09,384.126,54.17856135401974,False,True,True,implied_duration_gt_30s; known_bad_fixture
1161.0,2025-06-11,1324086,65586,half_2,15,middle,3752,hsr,5.42,5.83,288.6612,49.513070325900514,False,True,True,implied_duration_gt_30s; known_bad_fixture
1161.0,2025-06-11,1324088,65586,half_2,15,top,3753,hsr,5.39,6.92,229.7048,33.19433526011561,False,True,True,implied_duration_gt_30s; known_bad_fixture
1161.0,2025-06-11,1324089,65586,half_2,18,middle,3753,hsr,5.41,6.15,469.5152000000001,76.34393495934961,False,True,True,implied_duration_gt_30s; known_bad_fixture
1161.0,2025-06-11,1324090,65586,half_2,18,middle,3752,hsr,5.46,6.04,271.9108,45.01834437086092,False,True,True,implied_duration_gt_30s; known_bad_fixture
1161.0,2025-06-11,1324091,65586,half_2,21,middle,3752,hsr,5.4,6.49,374.5567999999999,57.71291217257317,False,True,True,implied_duration_gt_30s; known_bad_fixture
1161.0,2025-06-11,1324092,65586,half_2,22,top,3753,hsr,5.41,6.39,468.5628,73.3275117370892,False,True,True,implied_duration_gt_30s; known_bad_fixture
1161.0,2025-06-11,1324093,65586,half_2,23,middle,3752,hsr,5.43,6.47,879.4136,135.92173106646058,False,True,True,implied_duration_gt_30s; known_bad_fixture
1161.0,2025-06-11,1324096,65586,half_2,31,top,3752,hsr,5.38,6.98,428.3724,61.371404011461316,False,True,True,implied_duration_gt_30s; known_bad_fixture
1161.0,2025-06-11,1324097,65586,half_2,33,top,3752,hsr,5.46,6.34,396.4332,62.52889589905363,False,True,True,implied_duration_gt_30s; known_bad_fixture
1161.0,2025-06-11,1324101,65586,half_2,36,middle,3752,hsr,5.44,5.75,201.568,35.05530434782609,False,True,True,implied_duration_gt_30s; known_bad_fixture
1161.0,2025-06-11,1324100,65586,half_2,39,bottom,3753,sprint,6.96,7.43,244.4696,32.90304172274563,False,True,True,implied_duration_gt_30s; known_bad_fixture
1161.0,2025-06-11,1324103,65586,half_2,39,middle,3753,hsr,5.44,6.58,467.78,71.09118541033435,False,True,True,implied_duration_gt_30s; known_bad_fixture
1161.0,2025-06-11,1324104,65586,half_2,40,top,3752,hsr,5.39,6.96,690.386,99.1933908045977,False,True,True,implied_duration_gt_30s; known_bad_fixture
1161.0,2025-06-11,1324107,65586,half_2,41,top,3753,hsr,5.46,5.95,193.7512,32.563226890756304,False,True,True,implied_duration_gt_30s; known_bad_fixture
1161.0,2025-06-11,1324108,65586,half_2,42,top,3753,hsr,5.43,5.77,361.0904,62.58065857885615,False,True,True,implied_duration_gt_30s; known_bad_fixture
1161.0,2025-06-11,1324105,65586,half_2,44,bottom,3753,sprint,6.92,7.0,250.4588,35.779828571428574,False,True,True,implied_duration_gt_30s; known_bad_fixture
1161.0,2025-06-11,1324109,65586,half_2,44,top,3753,hsr,5.48,7.12,394.5755999999999,55.41792134831459,False,True,True,implied_duration_gt_30s; known_bad_fixture
1161.0,2025-06-11,1324110,65586,half_2,44,middle,3753,hsr,5.4,6.91,381.7048,55.23947901591895,False,True,True,implied_duration_gt_30s; known_bad_fixture
1161.0,2025-06-11,1324106,65586,half_2,45,middle,3752,sprint,6.93,7.26,355.83,49.01239669421488,False,True,True,implied_duration_gt_30s; known_bad_fixture
1161.0,2025-06-11,1324111,65586,half_2,45,bottom,3753,hsr,5.48,6.91,331.45559999999995,47.96752532561504,False,True,True,implied_duration_gt_30s; known_bad_fixture
1161.0,2025-06-11,1324112,65586,half_2,45,middle,3752,hsr,5.43,6.91,350.8564,50.77516642547033,False,True,True,implied_duration_gt_30s; known_bad_fixture
1161.0,2025-06-11,1324113,65586,half_2,45,top,3752,hsr,5.44,6.91,236.2344,34.187322720694645,False,True,True,implied_duration_gt_30s; known_bad_fixture
1161.0,2025-06-11,1324114,65586,half_2,46,middle,3753,hsr,5.42,6.02,726.4196000000001,120.66770764119603,False,True,True,implied_duration_gt_30s; known_bad_fixture
1161.0,2025-06-11,1324115,65586,half_2,48,top,3753,hsr,5.42,6.32,478.30999999999995,75.68196202531644,False,True,True,implied_duration_gt_30s; known_bad_fixture
1161.0,2025-06-11,1324116,65586,half_2,48,bottom,3753,hsr,5.43,6.05,218.68919999999997,36.146975206611565,False,True,True,implied_duration_gt_30s; known_bad_fixture
1161.0,2025-06-11,1324117,65586,half_2,48,bottom,3753,hsr,5.44,5.95,491.4144,82.59065546218487,False,True,True,implied_duration_gt_30s; known_bad_fixture
1161.0,2025-06-11,1324118,65587,half_1,1,bottom,3752,sprint,6.95,7.44,310.7212,41.763602150537636,False,True,True,implied_duration_gt_30s; known_bad_fixture
1161.0,2025-06-11,1324123,65587,half_1,1,bottom,3753,hsr,5.4,6.42,668.3924,104.11096573208722,False,True,True,implied_duration_gt_30s; known_bad_fixture
1161.0,2025-06-11,1324124,65587,half_1,2,middle,3753,hsr,5.42,6.97,398.8135999999999,57.21859397417502,False,True,True,implied_duration_gt_30s; known_bad_fixture
1161.0,2025-06-11,1324119,65587,half_1,3,top,3753,sprint,6.95,8.28,974.4356,117.68545893719808,False,True,True,implied_duration_gt_30s; known_bad_fixture
1161.0,2025-06-11,1324120,65587,half_1,3,top,3753,sprint,7.01,8.48,432.7664,51.03377358490565,False,True,True,implied_duration_gt_30s; known_bad_fixture
1161.0,2025-06-11,1324127,65587,half_1,7,top,3752,hsr,5.42,6.81,688.4456,101.09333333333335,False,True,True,implied_duration_gt_30s; known_bad_fixture
1161.0,2025-06-11,1324126,65587,half_1,9,top,3753,sprint,7.02,9.11,733.9544,80.5657958287596,False,True,True,implied_duration_gt_30s; known_bad_fixture
1161.0,2025-06-11,1324128,65587,half_1,9,top,3752,hsr,5.4,6.12,284.3268,46.45862745098039,False,True,True,implied_duration_gt_30s; known_bad_fixture
1161.0,2025-06-11,1324129,65587,half_1,13,middle,3752,hsr,5.41,6.35,423.8392,66.74633070866142,False,True,True,implied_duration_gt_30s; known_bad_fixture
1161.0,2025-06-11,1324130,65587,half_1,14,middle,3752,hsr,5.44,6.22,311.91720000000004,50.147459807073965,False,True,True,implied_duration_gt_30s; known_bad_fixture
1161.0,2025-06-11,1324132,65587,half_1,16,middle,3752,hsr,5.46,5.74,184.4396,32.132334494773524,False,True,True,implied_duration_gt_30s; known_bad_fixture
1161.0,2025-06-11,1324131,65587,half_1,17,top,3753,sprint,6.99,8.86,567.6179999999999,64.06523702031602,False,True,True,implied_duration_gt_30s; known_bad_fixture
1161.0,2025-06-11,1324133,65587,half_1,17,middle,3752,hsr,5.46,6.1,196.3144,32.18268852459017,False,True,True,implied_duration_gt_30s; known_bad_fixture
1161.0,2025-06-11,1324134,65587,half_1,19,middle,3752,hsr,5.39,6.65,618.9496,93.07512781954887,False,True,True,implied_duration_gt_30s; known_bad_fixture
1161.0,2025-06-11,1324135,65587,half_1,19,top,3752,hsr,5.42,5.83,246.8296,42.33783876500858,False,True,True,implied_duration_gt_30s; known_bad_fixture
1161.0,2025-06-11,1324136,65587,half_1,20,middle,3753,hsr,5.44,5.95,449.9552,75.62272268907563,False,True,True,implied_duration_gt_30s; known_bad_fixture
1161.0,2025-06-11,1324137,65587,half_1,22,bottom,3752,hsr,5.48,6.75,555.282,82.26400000000001,False,True,True,implied_duration_gt_30s; known_bad_fixture
1161.0,2025-06-11,1324138,65587,half_1,24,top,3752,hsr,5.48,6.38,558.5372,87.5450156739812,False,True,True,implied_duration_gt_30s; known_bad_fixture
1161.0,2025-06-11,1324139,65587,half_1,34,middle,3752,hsr,5.52,6.76,292.38239999999996,43.25183431952662,False,True,True,implied_duration_gt_30s; known_bad_fixture
1161.0,2025-06-11,1324140,65587,half_1,35,top,3753,hsr,5.46,6.4,281.59000000000003,43.9984375,False,True,True,implied_duration_gt_30s; known_bad_fixture
1161.0,2025-06-11,1324141,65587,half_1,40,top,3753,sprint,6.96,7.81,410.4308,52.5519590268886,False,True,True,implied_duration_gt_30s; known_bad_fixture
1161.0,2025-06-11,1324143,65587,half_1,42,bottom,3752,hsr,5.47,6.87,351.606,51.17991266375546,False,True,True,implied_duration_gt_30s; known_bad_fixture
1161.0,2025-06-11,1324142,65587,half_1,45,middle,3753,sprint,7.0,7.61,240.622,31.619185282522995,False,True,True,implied_duration_gt_30s; known_bad_fixture
1161.0,2025-06-11,1324144,65587,half_1,45,middle,3753,hsr,5.39,6.97,443.6436,63.65044476327116,False,True,True,implied_duration_gt_30s; known_bad_fixture
1161.0,2025-06-11,1324145,65587,half_1,46,bottom,3753,sprint,6.94,7.38,481.0888,65.18818428184282,False,True,True,implied_duration_gt_30s; known_bad_fixture
1161.0,2025-06-11,1324148,65587,half_1,47,middle,3753,hsr,5.49,5.94,193.9072,32.64430976430976,False,True,True,implied_duration_gt_30s; known_bad_fixture
1161.0,2025-06-11,1324149,65587,half_2,3,middle,3752,sprint,6.92,8.65,673.0400000000001,77.80809248554914,False,True,True,implied_duration_gt_30s; known_bad_fixture
1161.0,2025-06-11,1324152,65587,half_2,6,middle,3752,hsr,5.41,7.01,361.9152,51.62841654778888,False,True,True,implied_duration_gt_30s; known_bad_fixture
1161.0,2025-06-11,1324151,65587,half_2,8,top,3753,sprint,6.99,7.54,306.1404,40.602175066312995,False,True,True,implied_duration_gt_30s; known_bad_fixture
1161.0,2025-06-11,1324154,65587,half_2,8,top,3753,hsr,5.42,6.37,357.21,56.07692307692307,False,True,True,implied_duration_gt_30s; known_bad_fixture
1161.0,2025-06-11,1324156,65587,half_2,11,middle,3752,hsr,5.42,6.49,301.8696,46.513035439137134,False,True,True,implied_duration_gt_30s; known_bad_fixture
1161.0,2025-06-11,1324155,65587,half_2,15,top,3752,sprint,6.95,7.49,311.5372,41.593751668891855,False,True,True,implied_duration_gt_30s; known_bad_fixture
1161.0,2025-06-11,1324162,65587,half_2,29,middle,3753,hsr,5.4,6.19,574.85,92.86752827140549,False,True,True,implied_duration_gt_30s; known_bad_fixture
1161.0,2025-06-11,1324161,65587,half_2,30,middle,3752,sprint,6.97,7.55,298.5372,39.541350993377485,False,True,True,implied_duration_gt_30s; known_bad_fixture
1161.0,2025-06-11,1324163,65587,half_2,31,top,3752,sprint,6.97,8.83,733.2056,83.03574178935447,False,True,True,implied_duration_gt_30s; known_bad_fixture
1161.0,2025-06-11,1324165,65587,half_2,35,top,3752,hsr,5.45,6.89,663.8235999999999,96.34595065312045,False,True,True,implied_duration_gt_30s; known_bad_fixture
1161.0,2025-06-11,1324166,65588,half_1,1,middle,3753,sprint,6.93,10.25,1151.9852,112.3888,False,True,True,implied_duration_gt_30s; known_bad_fixture
1161.0,2025-06-11,1324169,65588,half_1,1,bottom,3752,hsr,5.36,7.13,467.6288,65.58608695652174,False,True,True,implied_duration_gt_30s; known_bad_fixture
1161.0,2025-06-11,1324170,65588,half_1,2,top,3753,hsr,5.49,6.41,331.2936,51.683868954758196,False,True,True,implied_duration_gt_30s; known_bad_fixture
1161.0,2025-06-11,1324168,65588,half_1,4,top,3753,sprint,6.98,7.51,245.9308,32.74711051930759,False,True,True,implied_duration_gt_30s; known_bad_fixture
1161.0,2025-06-11,1324175,65588,half_1,7,top,3752,hsr,5.41,7.02,512.8340000000001,73.05327635327636,False,True,True,implied_duration_gt_30s; known_bad_fixture
1161.0,2025-06-11,1324174,65588,half_1,9,top,3753,sprint,6.87,9.61,769.0744,80.0285535900104,False,True,True,implied_duration_gt_30s; known_bad_fixture
1161.0,2025-06-11,1324176,65588,half_1,10,bottom,3753,hsr,5.43,6.82,803.2592000000001,117.77994134897361,False,True,True,implied_duration_gt_30s; known_bad_fixture
1161.0,2025-06-11,1324178,65588,half_1,12,top,3753,hsr,5.49,7.07,419.0864,59.27671852899576,False,True,True,implied_duration_gt_30s; known_bad_fixture
1161.0,2025-06-11,1324179,65588,half_1,14,middle,3753,hsr,5.47,6.57,354.8548,54.01138508371385,False,True,True,implied_duration_gt_30s; known_bad_fixture
1161.0,2025-06-11,1324180,65588,half_1,14,middle,3753,hsr,5.45,6.24,306.7516,49.15891025641025,False,True,True,implied_duration_gt_30s; known_bad_fixture
1161.0,2025-06-11,1324181,65588,half_1,17,bottom,3753,sprint,6.97,7.76,431.714,55.63324742268041,False,True,True,implied_duration_gt_30s; known_bad_fixture
1161.0,2025-06-11,1324184,65588,half_1,17,top,3753,hsr,5.44,7.0,492.6044,70.37205714285714,False,True,True,implied_duration_gt_30s; known_bad_fixture
1161.0,2025-06-11,1324182,65588,half_1,18,middle,3752,sprint,6.92,7.59,534.8948,70.4736231884058,False,True,True,implied_duration_gt_30s; known_bad_fixture
1161.0,2025-06-11,1324188,65588,half_1,18,middle,3752,hsr,5.43,6.89,289.532,42.022060957910014,False,True,True,implied_duration_gt_30s; known_bad_fixture
1161.0,2025-06-11,1324183,65588,half_1,19,middle,3752,sprint,6.89,7.2,473.4544,65.75755555555556,False,True,True,implied_duration_gt_30s; known_bad_fixture
1161.0,2025-06-11,1324189,65588,half_1,19,middle,3752,hsr,5.48,6.89,343.094,49.79593613933237,False,True,True,implied_duration_gt_30s; known_bad_fixture
1161.0,2025-06-11,1324190,65588,half_1,19,middle,3752,hsr,5.42,6.92,255.1236,36.867572254335265,False,True,True,implied_duration_gt_30s; known_bad_fixture
1161.0,2025-06-11,1324192,65588,half_1,22,middle,3753,hsr,5.46,6.91,497.65400000000005,72.01939218523879,False,True,True,implied_duration_gt_30s; known_bad_fixture
1161.0,2025-06-11,1324193,65588,half_1,23,bottom,3752,hsr,5.43,6.62,411.3692,62.14036253776435,False,True,True,implied_duration_gt_30s; known_bad_fixture
1161.0,2025-06-11,1324191,65588,half_1,25,top,3753,sprint,6.92,7.51,391.5112,52.13198402130492,False,True,True,implied_duration_gt_30s; known_bad_fixture
1161.0,2025-06-11,1324194,65588,half_1,25,bottom,3753,hsr,5.46,6.52,584.9596,89.7177300613497,False,True,True,implied_duration_gt_30s; known_bad_fixture
1161.0,2025-06-11,1324195,65588,half_1,25,top,3753,hsr,5.46,6.9,307.8452,44.61524637681159,False,True,True,implied_duration_gt_30s; known_bad_fixture
1161.0,2025-06-11,1324197,65588,half_1,28,top,3753,hsr,5.42,6.34,405.5228,63.962586750788645,False,True,True,implied_duration_gt_30s; known_bad_fixture
1161.0,2025-06-11,1324198,65588,half_1,33,top,3753,sprint,6.99,8.08,489.6688,60.60257425742574,False,True,True,implied_duration_gt_30s; known_bad_fixture
1161.0,2025-06-11,1324202,65588,half_1,33,bottom,3753,hsr,5.43,6.0,235.564,39.260666666666665,False,True,True,implied_duration_gt_30s; known_bad_fixture
1161.0,2025-06-11,1324199,65588,half_1,34,bottom,3753,sprint,6.93,7.09,224.0824,31.605416078984486,False,True,True,implied_duration_gt_30s; known_bad_fixture
1161.0,2025-06-11,1324200,65588,half_1,34,middle,3752,sprint,6.93,7.37,308.252,41.82523744911805,False,True,True,implied_duration_gt_30s; known_bad_fixture
1161.0,2025-06-11,1324203,65588,half_1,34,bottom,3753,hsr,5.45,6.92,262.2224,37.89341040462428,False,True,True,implied_duration_gt_30s; known_bad_fixture
1161.0,2025-06-11,1324204,65588,half_1,34,bottom,3753,hsr,5.43,6.91,293.9092,42.53389290882779,False,True,True,implied_duration_gt_30s; known_bad_fixture
1161.0,2025-06-11,1324205,65588,half_1,34,middle,3753,hsr,5.46,6.9,345.5,50.07246376811594,False,True,True,implied_duration_gt_30s; known_bad_fixture
1161.0,2025-06-11,1324201,65588,half_1,35,bottom,3753,sprint,6.91,8.12,572.5867999999999,70.51561576354679,False,True,True,implied_duration_gt_30s; known_bad_fixture
1161.0,2025-06-11,1324207,65588,half_1,35,top,3753,hsr,5.5,6.88,249.722,36.296802325581396,False,True,True,implied_duration_gt_30s; known_bad_fixture
1161.0,2025-06-11,1324210,65588,half_1,36,middle,3752,hsr,5.43,5.77,508.9132,88.19986135181976,False,True,True,implied_duration_gt_30s; known_bad_fixture
1161.0,2025-06-11,1324208,65588,half_1,37,middle,3752,sprint,6.97,7.48,238.126,31.83502673796791,False,True,True,implied_duration_gt_30s; known_bad_fixture
1161.0,2025-06-11,1324211,65588,half_1,37,middle,3752,hsr,5.43,6.39,518.7792,81.18610328638498,False,True,True,implied_duration_gt_30s; known_bad_fixture
1161.0,2025-06-11,1324213,65588,half_1,39,middle,3752,hsr,5.39,7.01,374.7076,53.45329529243938,False,True,True,implied_duration_gt_30s; known_bad_fixture
1161.0,2025-06-11,1324214,65588,half_1,40,middle,3753,hsr,5.45,6.91,636.2784,92.08081041968163,False,True,True,implied_duration_gt_30s; known_bad_fixture
1161.0,2025-06-11,1324215,65588,half_1,40,bottom,3753,hsr,5.47,6.92,221.4404,32.00005780346821,False,True,True,implied_duration_gt_30s; known_bad_fixture
1161.0,2025-06-11,1324216,65588,half_1,46,middle,3752,hsr,5.44,5.8,242.5528,41.819448275862065,False,True,True,implied_duration_gt_30s; known_bad_fixture
1161.0,2025-06-11,1324218,65588,half_2,1,middle,3753,hsr,5.45,6.11,261.73199999999997,42.83666121112929,False,True,True,implied_duration_gt_30s; known_bad_fixture
1161.0,2025-06-11,1324219,65588,half_2,2,bottom,3752,hsr,5.45,6.69,326.954,48.87204783258595,False,True,True,implied_duration_gt_30s; known_bad_fixture
1161.0,2025-06-11,1324217,65588,half_2,3,middle,3752,sprint,6.94,8.37,657.016,78.49653524492234,False,True,True,implied_duration_gt_30s; known_bad_fixture
1161.0,2025-06-11,1324221,65588,half_2,4,middle,3753,hsr,5.47,6.42,300.832,46.858566978193146,False,True,True,implied_duration_gt_30s; known_bad_fixture
1161.0,2025-06-11,1324222,65588,half_2,5,middle,3752,hsr,5.43,6.34,486.3672,76.71406940063092,False,True,True,implied_duration_gt_30s; known_bad_fixture
1161.0,2025-06-11,1324224,65588,half_2,6,bottom,3752,hsr,5.47,5.92,228.4044,38.58182432432432,False,True,True,implied_duration_gt_30s; known_bad_fixture
1161.0,2025-06-11,1324225,65588,half_2,7,middle,3752,hsr,5.42,6.17,346.0924,56.09277147487845,False,True,True,implied_duration_gt_30s; known_bad_fixture
1161.0,2025-06-11,1324226,65588,half_2,7,top,3753,hsr,5.42,6.32,356.6244,56.42791139240506,False,True,True,implied_duration_gt_30s; known_bad_fixture
1161.0,2025-06-11,1324227,65588,half_2,15,middle,3752,sprint,6.97,8.16,429.8052,52.67220588235294,False,True,True,implied_duration_gt_30s; known_bad_fixture
1161.0,2025-06-11,1324228,65588,half_2,17,bottom,3753,hsr,5.5,6.7,334.48159999999996,49.92262686567163,False,True,True,implied_duration_gt_30s; known_bad_fixture
1161.0,2025-06-11,1324229,65588,half_2,18,middle,3753,hsr,5.41,6.35,555.9452,87.5504251968504,False,True,True,implied_duration_gt_30s; known_bad_fixture
1161.0,2025-06-11,1324230,65588,half_2,18,top,3753,hsr,5.42,6.28,301.546,48.01687898089172,False,True,True,implied_duration_gt_30s; known_bad_fixture
1161.0,2025-06-11,1324231,65588,half_2,18,middle,3752,hsr,5.54,6.32,194.8848,30.83620253164557,False,True,True,implied_duration_gt_30s; known_bad_fixture
1161.0,2025-06-11,1324232,65588,half_2,22,bottom,3752,hsr,5.43,6.08,384.7476,63.28085526315789,False,True,True,implied_duration_gt_30s; known_bad_fixture
1161.0,2025-06-11,1324234,65588,half_2,31,top,3752,hsr,5.47,6.67,364.8392,54.69853073463268,False,True,True,implied_duration_gt_30s; known_bad_fixture
1161.0,2025-06-11,1324233,65588,half_2,32,middle,3753,sprint,6.88,8.71,757.372,86.95430539609643,False,True,True,implied_duration_gt_30s; known_bad_fixture
1161.0,2025-06-11,1324235,65588,half_2,33,bottom,3752,hsr,5.49,6.85,317.796,46.393576642335766,False,True,True,implied_duration_gt_30s; known_bad_fixture
1161.0,2025-06-11,1324236,65588,half_2,35,middle,3752,hsr,5.42,5.77,201.602,34.93968804159446,False,True,True,implied_duration_gt_30s; known_bad_fixture
1161.0,2025-06-11,1324238,65588,half_2,38,bottom,3753,sprint,6.94,9.12,578.7235999999999,63.456535087719296,False,True,True,implied_duration_gt_30s; known_bad_fixture
1161.0,2025-06-11,1324239,65588,half_2,39,middle,3753,sprint,6.95,7.2,240.4508,33.39594444444444,False,True,True,implied_duration_gt_30s; known_bad_fixture
1161.0,2025-06-11,1324240,65588,half_2,40,middle,3752,sprint,6.96,7.33,257.2224,35.091732605729874,False,True,True,implied_duration_gt_30s; known_bad_fixture
1161.0,2025-06-11,1324245,65588,half_2,40,top,3752,hsr,5.4,6.92,256.0176,36.99676300578035,False,True,True,implied_duration_gt_30s; known_bad_fixture
1161.0,2025-06-11,1324247,65588,half_2,41,middle,3752,hsr,5.42,5.96,321.6872,53.97436241610738,False,True,True,implied_duration_gt_30s; known_bad_fixture
1161.0,2025-06-11,1324246,65588,half_2,45,middle,3752,sprint,6.9,8.21,793.5971999999999,96.66226552984163,False,True,True,implied_duration_gt_30s; known_bad_fixture
1161.0,2025-06-11,1324250,65588,half_2,51,bottom,3752,hsr,5.42,5.61,237.5124,42.337326203208555,False,True,True,implied_duration_gt_30s; known_bad_fixture
1161.0,2025-06-11,1324251,65588,half_2,52,bottom,3752,hsr,5.42,7.1,410.4316,57.807267605633804,False,True,True,implied_duration_gt_30s; known_bad_fixture
1161.0,2025-06-11,1324252,65588,half_2,53,top,3752,hsr,5.45,6.78,349.332,51.52389380530973,False,True,True,implied_duration_gt_30s; known_bad_fixture
1161.0,2025-06-11,1324853,65589,half_2,22,top,3753,hsr,5.46,6.11,214.0056,35.025466448445165,False,True,True,implied_duration_gt_30s; known_bad_fixture
1161.0,2025-06-11,1324854,65589,half_2,23,middle,3752,hsr,5.43,6.49,295.3608,45.51013867488443,False,True,True,implied_duration_gt_30s; known_bad_fixture
1161.0,2025-06-11,1324855,65589,half_2,31,top,3752,hsr,5.45,6.47,332.142,51.33570324574961,False,True,True,implied_duration_gt_30s; known_bad_fixture
1161.0,2025-06-11,1324856,65589,half_2,39,middle,3753,sprint,7.03,8.33,380.3504,45.66031212484994,False,True,True,implied_duration_gt_30s; known_bad_fixture
1161.0,2025-06-11,1324857,65589,half_2,39,bottom,3753,hsr,5.43,7.11,443.76719999999995,62.41451476793248,False,True,True,implied_duration_gt_30s; known_bad_fixture
1161.0,2025-06-11,1324859,65589,half_2,40,top,3752,hsr,5.44,6.85,551.5088000000001,80.51223357664234,False,True,True,implied_duration_gt_30s; known_bad_fixture
1161.0,2025-06-11,1324862,65589,half_2,41,top,3753,hsr,5.49,6.33,298.3316,47.129794628751974,False,True,True,implied_duration_gt_30s; known_bad_fixture
1161.0,2025-06-11,1324860,65589,half_2,43,top,3753,sprint,6.97,8.16,909.5628,111.46602941176471,False,True,True,implied_duration_gt_30s; known_bad_fixture
1161.0,2025-06-11,1324861,65589,half_2,45,middle,3752,sprint,6.92,8.19,616.6984,75.29894993894995,False,True,True,implied_duration_gt_30s; known_bad_fixture
1161.0,2025-06-11,1324863,65589,half_2,45,middle,3752,hsr,5.45,6.87,351.67839999999995,51.19045123726346,False,True,True,implied_duration_gt_30s; known_bad_fixture
1161.0,2025-06-11,1324864,65589,half_2,46,top,3753,sprint,6.9,7.98,584.2328,73.21213032581453,False,True,True,implied_duration_gt_30s; known_bad_fixture
1161.0,2025-06-11,1324865,65589,half_2,46,middle,3753,hsr,5.48,6.86,564.8628,82.34151603498542,False,True,True,implied_duration_gt_30s; known_bad_fixture
1161.0,2025-06-11,1324867,65589,half_2,48,top,3753,hsr,5.44,6.71,899.0412,133.98527570789867,False,True,True,implied_duration_gt_30s; known_bad_fixture
1161.0,2025-06-11,1324868,65589,half_2,51,bottom,3752,hsr,5.43,6.5,418.0872,64.32110769230769,False,True,True,implied_duration_gt_30s; known_bad_fixture
1161.0,2025-06-11,1324828,65590,half_2,21,middle,3753,sprint,6.91,7.98,444.64,55.71929824561403,False,True,True,implied_duration_gt_30s; known_bad_fixture
1161.0,2025-06-11,1324829,65590,half_2,22,bottom,3752,sprint,6.99,8.19,743.0648,90.72830280830281,False,True,True,implied_duration_gt_30s; known_bad_fixture
1161.0,2025-06-11,1324832,65590,half_2,22,top,3753,hsr,5.43,6.85,236.0308,34.45705109489051,False,True,True,implied_duration_gt_30s; known_bad_fixture
1161.0,2025-06-11,1324830,65590,half_2,23,top,3752,sprint,6.95,7.99,531.104,66.47108886107635,False,True,True,implied_duration_gt_30s; known_bad_fixture
1161.0,2025-06-11,1324836,65590,half_2,31,top,3752,hsr,5.42,6.62,400.1808,60.450271903323255,False,True,True,implied_duration_gt_30s; known_bad_fixture
1161.0,2025-06-11,1324835,65590,half_2,33,top,3752,sprint,7.0,8.01,328.3208,40.98886392009988,False,True,True,implied_duration_gt_30s; known_bad_fixture
1161.0,2025-06-11,1324837,65590,half_2,33,bottom,3752,hsr,5.4,7.18,401.884,55.97270194986073,False,True,True,implied_duration_gt_30s; known_bad_fixture
1161.0,2025-06-11,1324838,65590,half_2,35,top,3752,hsr,5.43,6.06,248.2992,40.97346534653466,False,True,True,implied_duration_gt_30s; known_bad_fixture
1161.0,2025-06-11,1324841,65590,half_2,36,middle,3752,hsr,5.44,6.07,325.3168,53.594200988467875,False,True,True,implied_duration_gt_30s; known_bad_fixture
1161.0,2025-06-11,1324839,65590,half_2,39,middle,3753,sprint,6.95,7.56,409.6668,54.188730158730166,False,True,True,implied_duration_gt_30s; known_bad_fixture
1161.0,2025-06-11,1324840,65590,half_2,40,top,3752,sprint,6.98,9.3,819.8728,88.15836559139784,False,True,True,implied_duration_gt_30s; known_bad_fixture
1161.0,2025-06-11,1324844,65590,half_2,41,top,3753,hsr,5.39,6.3,331.284,52.584761904761905,False,True,True,implied_duration_gt_30s; known_bad_fixture
1161.0,2025-06-11,1324845,65590,half_2,41,top,3753,hsr,5.49,6.77,292.1336,43.151196454948305,False,True,True,implied_duration_gt_30s; known_bad_fixture
1161.0,2025-06-11,1324846,65590,half_2,43,top,3753,hsr,5.43,6.4,844.9644,132.02568749999998,False,True,True,implied_duration_gt_30s; known_bad_fixture
1161.0,2025-06-11,1324847,65590,half_2,44,bottom,3753,hsr,5.43,5.61,209.8916,37.413832442067736,False,True,True,implied_duration_gt_30s; known_bad_fixture
1161.0,2025-06-11,1324848,65590,half_2,45,middle,3753,hsr,5.48,6.84,280.1628,40.95947368421053,False,True,True,implied_duration_gt_30s; known_bad_fixture
1161.0,2025-06-11,1324849,65590,half_2,45,middle,3752,hsr,5.41,6.91,1000.1456,144.73887120115774,False,True,True,implied_duration_gt_30s; known_bad_fixture
1161.0,2025-06-11,1324850,65590,half_2,46,middle,3753,hsr,5.43,6.09,577.686,94.85812807881774,False,True,True,implied_duration_gt_30s; known_bad_fixture
1161.0,2025-06-11,1324851,65590,half_2,48,bottom,3753,hsr,5.46,6.26,522.1632,83.4126517571885,False,True,True,implied_duration_gt_30s; known_bad_fixture
1161.0,2025-06-11,1324852,65590,half_2,52,middle,3753,sprint,6.9,9.94,1053.4428,105.98016096579478,False,True,True,implied_duration_gt_30s; known_bad_fixture
1161.0,2025-06-11,1324253,65592,half_1,2,middle,3753,sprint,6.96,7.54,336.986,44.69310344827586,False,True,True,implied_duration_gt_30s; known_bad_fixture
1161.0,2025-06-11,1324255,65592,half_1,3,bottom,3753,hsr,5.44,6.25,337.5864,54.01382400000001,False,True,True,implied_duration_gt_30s; known_bad_fixture
1161.0,2025-06-11,1324256,65592,half_1,4,bottom,3753,hsr,5.44,6.18,245.4712,39.72025889967638,False,True,True,implied_duration_gt_30s; known_bad_fixture
1161.0,2025-06-11,1324257,65592,half_1,7,bottom,3752,hsr,5.48,6.52,316.2752,48.508466257668715,False,True,True,implied_duration_gt_30s; known_bad_fixture
1161.0,2025-06-11,1324258,65592,half_1,9,bottom,3753,hsr,5.48,6.51,246.7812,37.90801843317973,False,True,True,implied_duration_gt_30s; known_bad_fixture
1161.0,2025-06-11,1324259,65592,half_1,13,middle,3753,sprint,6.99,8.05,450.2096,55.92665838509316,False,True,True,implied_duration_gt_30s; known_bad_fixture
1161.0,2025-06-11,1324261,65592,half_1,13,bottom,3752,hsr,5.45,5.92,251.0968,42.415,False,True,True,implied_duration_gt_30s; known_bad_fixture
1161.0,2025-06-11,1324262,65592,half_1,24,middle,3752,hsr,5.47,6.31,242.53079999999997,38.43594294770206,False,True,True,implied_duration_gt_30s; known_bad_fixture
1161.0,2025-06-11,1324263,65592,half_1,33,bottom,3753,hsr,5.44,6.78,451.59,66.60619469026548,False,True,True,implied_duration_gt_30s; known_bad_fixture
1161.0,2025-06-11,1324264,65592,half_1,34,middle,3752,hsr,5.42,7.24,389.7152,53.828066298342534,False,True,True,implied_duration_gt_30s; known_bad_fixture
1161.0,2025-06-11,1324265,65592,half_1,35,bottom,3753,hsr,5.46,6.12,220.6104,36.047450980392156,False,True,True,implied_duration_gt_30s; known_bad_fixture
1161.0,2025-06-11,1324268,65592,half_1,40,bottom,3753,hsr,5.44,5.96,211.3356,35.458993288590605,False,True,True,implied_duration_gt_30s; known_bad_fixture
1161.0,2025-06-11,1324269,65592,half_2,3,middle,3752,sprint,7.0,7.83,320.3784,40.916781609195404,False,True,True,implied_duration_gt_30s; known_bad_fixture
1161.0,2025-06-11,1324272,65592,half_2,6,bottom,3753,hsr,5.49,6.41,263.4832,41.10502340093604,False,True,True,implied_duration_gt_30s; known_bad_fixture
1161.0,2025-06-11,1324273,65592,half_2,6,top,3752,hsr,5.44,6.94,225.29,32.46253602305475,False,True,True,implied_duration_gt_30s; known_bad_fixture
1161.0,2025-06-11,1324275,65592,half_2,11,middle,3752,hsr,5.43,5.62,260.1504,46.29010676156583,False,True,True,implied_duration_gt_30s; known_bad_fixture
1161.0,2025-06-11,1324277,65592,half_2,15,bottom,3752,hsr,5.45,6.35,292.4556,46.056000000000004,False,True,True,implied_duration_gt_30s; known_bad_fixture
1161.0,2025-06-11,1324278,65592,half_2,18,middle,3753,hsr,5.42,6.35,762.9639999999999,120.15181102362205,False,True,True,implied_duration_gt_30s; known_bad_fixture
1161.0,2025-06-11,1324279,65592,half_2,22,bottom,3753,hsr,5.48,6.56,424.75,64.7484756097561,False,True,True,implied_duration_gt_30s; known_bad_fixture
1161.0,2025-06-11,1324280,65592,half_2,23,bottom,3752,hsr,5.49,6.58,668.2755999999999,101.561641337386,False,True,True,implied_duration_gt_30s; known_bad_fixture
1161.0,2025-06-11,1324281,65592,half_2,31,bottom,3752,hsr,5.43,7.22,401.6588,55.631412742382274,False,True,True,implied_duration_gt_30s; known_bad_fixture
1161.0,2025-06-11,1324283,65592,half_2,39,middle,3753,hsr,5.47,6.74,418.6976,62.121305637982196,False,True,True,implied_duration_gt_30s; known_bad_fixture
1161.0,2025-06-11,1324282,65592,half_2,40,bottom,3752,sprint,6.98,8.3,410.8652,49.501831325301204,False,True,True,implied_duration_gt_30s; known_bad_fixture
1161.0,2025-06-11,1324285,65592,half_2,43,bottom,3753,hsr,5.48,6.42,585.3851999999999,91.1814953271028,False,True,True,implied_duration_gt_30s; known_bad_fixture
1161.0,2025-06-11,1324284,65592,half_2,45,middle,3752,sprint,6.9,7.64,536.2008,70.18335078534031,False,True,True,implied_duration_gt_30s; known_bad_fixture
1161.0,2025-06-11,1324286,65592,half_2,45,middle,3752,hsr,5.55,6.88,261.01439999999997,37.93813953488372,False,True,True,implied_duration_gt_30s; known_bad_fixture
1161.0,2025-06-11,1324289,65592,half_2,52,top,3752,hsr,5.39,6.51,350.6368,53.86125960061444,False,True,True,implied_duration_gt_30s; known_bad_fixture
1161.0,2025-06-11,1324764,65593,half_1,6,top,3752,hsr,5.44,5.83,203.1924,34.85289879931389,False,True,True,implied_duration_gt_30s; known_bad_fixture
1161.0,2025-06-11,1324763,65593,half_1,7,bottom,3752,sprint,6.98,7.41,229.4568,30.965829959514167,False,True,True,implied_duration_gt_30s; known_bad_fixture
1161.0,2025-06-11,1324766,65593,half_1,12,bottom,3753,hsr,5.45,6.48,548.0688,84.57851851851852,False,True,True,implied_duration_gt_30s; known_bad_fixture
1161.0,2025-06-11,1324767,65593,half_1,13,middle,3752,hsr,5.48,6.72,328.26439999999997,48.84886904761905,False,True,True,implied_duration_gt_30s; known_bad_fixture
1161.0,2025-06-11,1324769,65593,half_1,16,middle,3752,hsr,5.46,7.06,456.9624,64.72555240793201,False,True,True,implied_duration_gt_30s; known_bad_fixture
1161.0,2025-06-11,1324770,65593,half_1,17,top,3753,hsr,5.42,6.35,509.36640000000006,80.21518110236222,False,True,True,implied_duration_gt_30s; known_bad_fixture
1161.0,2025-06-11,1324771,65593,half_1,17,middle,3752,hsr,5.42,6.93,246.5572,35.578239538239536,False,True,True,implied_duration_gt_30s; known_bad_fixture
1161.0,2025-06-11,1324773,65593,half_1,19,bottom,3752,hsr,5.41,6.62,644.7492,97.39413897280966,False,True,True,implied_duration_gt_30s; known_bad_fixture
1161.0,2025-06-11,1324775,65593,half_1,22,middle,3753,hsr,5.46,5.98,258.664,43.25484949832775,False,True,True,implied_duration_gt_30s; known_bad_fixture
1161.0,2025-06-11,1324777,65593,half_1,22,middle,3752,hsr,5.46,6.91,236.9388,34.28926193921852,False,True,True,implied_duration_gt_30s; known_bad_fixture
1161.0,2025-06-11,1324780,65593,half_1,26,middle,3752,hsr,5.44,6.57,341.42359999999996,51.96706240487062,False,True,True,implied_duration_gt_30s; known_bad_fixture
1161.0,2025-06-11,1324779,65593,half_1,27,middle,3752,sprint,6.94,7.61,513.7336,67.50770039421813,False,True,True,implied_duration_gt_30s; known_bad_fixture
1161.0,2025-06-11,1324782,65593,half_1,27,bottom,3752,hsr,5.46,6.91,225.2016,32.59068017366136,False,True,True,implied_duration_gt_30s; known_bad_fixture
1161.0,2025-06-11,1324785,65593,half_1,36,middle,3752,sprint,6.98,8.13,437.1604,53.77126691266912,False,True,True,implied_duration_gt_30s; known_bad_fixture
1161.0,2025-06-11,1324789,65593,half_1,40,middle,3753,hsr,5.42,5.82,282.5396,48.546323024054985,False,True,True,implied_duration_gt_30s; known_bad_fixture
1161.0,2025-06-11,1324790,65593,half_1,42,top,3752,hsr,5.43,6.79,317.0884,46.699322533136964,False,True,True,implied_duration_gt_30s; known_bad_fixture
1161.0,2025-06-11,1324792,65593,half_1,46,top,3753,hsr,5.56,6.92,374.4956,54.117861271676304,False,True,True,implied_duration_gt_30s; known_bad_fixture
1161.0,2025-06-11,1324793,65593,half_1,47,middle,3752,hsr,5.52,6.29,218.5388,34.74384737678855,False,True,True,implied_duration_gt_30s; known_bad_fixture
1161.0,2025-06-11,1324794,65593,half_2,2,top,3752,hsr,5.43,7.05,560.0964,79.44629787234042,False,True,True,implied_duration_gt_30s; known_bad_fixture
1161.0,2025-06-11,1324795,65593,half_2,5,top,3752,hsr,5.4,6.31,477.5072,75.67467511885896,False,True,True,implied_duration_gt_30s; known_bad_fixture
1161.0,2025-06-11,1324796,65593,half_2,9,top,3753,hsr,5.38,6.92,407.7108,58.91774566473988,False,True,True,implied_duration_gt_30s; known_bad_fixture
1161.0,2025-06-11,1324797,65593,half_2,9,top,3753,hsr,5.43,7.53,600.3456,79.72717131474103,False,True,True,implied_duration_gt_30s; known_bad_fixture
1161.0,2025-06-11,1324798,65593,half_2,15,bottom,3752,hsr,5.45,5.76,241.5448,41.93486111111111,False,True,True,implied_duration_gt_30s; known_bad_fixture
1161.0,2025-06-11,1324290,65594,half_1,1,middle,3753,hsr,5.4,6.26,569.0432000000001,90.90146964856231,False,True,True,implied_duration_gt_30s; known_bad_fixture
1161.0,2025-06-11,1324291,65594,half_1,2,middle,3753,hsr,5.52,6.25,205.2428,32.838848,False,True,True,implied_duration_gt_30s; known_bad_fixture
1161.0,2025-06-11,1324294,65594,half_1,7,bottom,3752,hsr,5.49,6.58,365.952,55.61580547112462,False,True,True,implied_duration_gt_30s; known_bad_fixture
1161.0,2025-06-11,1324295,65594,half_1,8,bottom,3752,hsr,5.52,6.91,296.02119999999996,42.83953690303907,False,True,True,implied_duration_gt_30s; known_bad_fixture
1161.0,2025-06-11,1324296,65594,half_1,9,bottom,3753,hsr,5.43,6.92,293.964,42.480346820809245,False,True,True,implied_duration_gt_30s; known_bad_fixture
1161.0,2025-06-11,1324297,65594,half_1,9,bottom,3753,hsr,5.44,6.92,276.5668,39.966300578034684,False,True,True,implied_duration_gt_30s; known_bad_fixture
1161.0,2025-06-11,1324298,65594,half_1,13,top,3753,sprint,6.98,7.39,236.5056,32.00346414073071,False,True,True,implied_duration_gt_30s; known_bad_fixture
1161.0,2025-06-11,1324299,65594,half_1,13,middle,3753,hsr,5.37,5.81,190.53,32.7934595524957,False,True,True,implied_duration_gt_30s; known_bad_fixture
1161.0,2025-06-11,1324301,65594,half_1,17,bottom,3753,sprint,6.94,7.95,337.7452,42.483672955974846,False,True,True,implied_duration_gt_30s; known_bad_fixture
1161.0,2025-06-11,1324305,65594,half_1,17,middle,3753,hsr,5.4,5.64,227.0512,40.25730496453901,False,True,True,implied_duration_gt_30s; known_bad_fixture
1161.0,2025-06-11,1324302,65594,half_1,19,top,3753,sprint,6.99,8.52,762.6927999999999,89.51793427230047,False,True,True,implied_duration_gt_30s; known_bad_fixture
1161.0,2025-06-11,1324306,65594,half_1,19,bottom,3752,hsr,5.41,5.66,467.3996,82.57943462897526,False,True,True,implied_duration_gt_30s; known_bad_fixture
1161.0,2025-06-11,1324308,65594,half_1,25,top,3753,hsr,5.42,5.76,235.6348,40.90881944444445,False,True,True,implied_duration_gt_30s; known_bad_fixture
1161.0,2025-06-11,1324309,65594,half_1,32,top,3752,sprint,6.94,7.62,292.34159999999997,38.36503937007873,False,True,True,implied_duration_gt_30s; known_bad_fixture
1161.0,2025-06-11,1324313,65594,half_1,34,top,3753,hsr,5.5,5.91,181.6192,30.73082910321489,False,True,True,implied_duration_gt_30s; known_bad_fixture
1161.0,2025-06-11,1324314,65594,half_1,35,top,3753,hsr,5.44,5.8,270.92,46.71034482758621,False,True,True,implied_duration_gt_30s; known_bad_fixture
1161.0,2025-06-11,1324315,65594,half_1,36,middle,3752,hsr,5.47,6.71,322.0708,47.99862891207154,False,True,True,implied_duration_gt_30s; known_bad_fixture
1161.0,2025-06-11,1324317,65594,half_1,40,middle,3753,hsr,5.41,6.55,384.6724,58.7286106870229,False,True,True,implied_duration_gt_30s; known_bad_fixture
1161.0,2025-06-11,1324318,65594,half_1,40,top,3753,hsr,5.43,5.85,289.3428,49.460307692307694,False,True,True,implied_duration_gt_30s; known_bad_fixture
1161.0,2025-06-11,1324319,65594,half_1,42,top,3753,hsr,5.54,6.27,199.9268,31.886251993620416,False,True,True,implied_duration_gt_30s; known_bad_fixture
1161.0,2025-06-11,1324320,65594,half_1,47,top,3753,sprint,6.98,7.46,259.7404,34.81774798927614,False,True,True,implied_duration_gt_30s; known_bad_fixture
1161.0,2025-06-11,1324322,65594,half_1,47,top,3753,hsr,5.42,6.93,371.0756,53.54626262626263,False,True,True,implied_duration_gt_30s; known_bad_fixture
1161.0,2025-06-11,1324323,65594,half_2,1,top,3753,sprint,6.88,7.43,373.9128,50.32473755047106,False,True,True,implied_duration_gt_30s; known_bad_fixture
1161.0,2025-06-11,1324326,65594,half_2,1,top,3753,hsr,5.47,6.86,443.2124,64.60822157434401,False,True,True,implied_duration_gt_30s; known_bad_fixture
1161.0,2025-06-11,1324324,65594,half_2,5,top,3752,sprint,6.96,8.29,362.1972,43.69085645355851,False,True,True,implied_duration_gt_30s; known_bad_fixture
1161.0,2025-06-11,1324328,65594,half_2,7,middle,3752,hsr,5.5,6.74,355.10240000000005,52.68581602373888,False,True,True,implied_duration_gt_30s; known_bad_fixture
1161.0,2025-06-11,1324330,65594,half_2,12,bottom,3752,hsr,5.46,6.95,459.7888,66.1566618705036,False,True,True,implied_duration_gt_30s; known_bad_fixture
1161.0,2025-06-11,1324329,65594,half_2,15,bottom,3752,sprint,6.98,8.33,490.9308,58.93527010804321,False,True,True,implied_duration_gt_30s; known_bad_fixture
1161.0,2025-06-11,1324331,65594,half_2,15,middle,3753,hsr,5.45,6.25,229.3372,36.693951999999996,False,True,True,implied_duration_gt_30s; known_bad_fixture
1161.0,2025-06-11,1324333,65594,half_2,24,bottom,3752,hsr,5.46,5.91,274.22,46.39932318104907,False,True,True,implied_duration_gt_30s; known_bad_fixture
1161.0,2025-06-11,1324332,65594,half_2,25,bottom,3753,sprint,7.01,7.98,285.3672,35.7603007518797,False,True,True,implied_duration_gt_30s; known_bad_fixture
1161.0,2025-06-11,1324334,65594,half_2,29,middle,3753,sprint,6.86,8.55,657.452,76.89497076023392,False,True,True,implied_duration_gt_30s; known_bad_fixture
1161.0,2025-06-11,1324335,65594,half_2,29,middle,3752,hsr,5.45,6.07,284.1888,46.81858319604613,False,True,True,implied_duration_gt_30s; known_bad_fixture
1161.0,2025-06-11,1324337,65594,half_2,29,top,3752,hsr,5.5,6.8,244.2336,35.91670588235294,False,True,True,implied_duration_gt_30s; known_bad_fixture
1161.0,2025-06-11,1324338,65594,half_2,31,bottom,3752,hsr,5.42,6.55,613.0519999999999,93.59572519083969,False,True,True,implied_duration_gt_30s; known_bad_fixture
1161.0,2025-06-11,1324339,65594,half_2,32,middle,3753,hsr,5.44,5.72,223.4832,39.070489510489516,False,True,True,implied_duration_gt_30s; known_bad_fixture
1161.0,2025-06-11,1324340,65594,half_2,34,top,3753,hsr,5.46,5.83,203.29,34.869639794168094,False,True,True,implied_duration_gt_30s; known_bad_fixture
1161.0,2025-06-11,1324895,65595,half_2,21,middle,3753,hsr,5.49,6.81,402.1216,59.04869309838473,False,True,True,implied_duration_gt_30s; known_bad_fixture
1161.0,2025-06-11,1324897,65595,half_2,23,middle,3752,hsr,5.4,5.66,266.328,47.054416961130734,False,True,True,implied_duration_gt_30s; known_bad_fixture
1161.0,2025-06-11,1324899,65595,half_2,31,bottom,3752,hsr,5.41,6.94,211.8008,30.51884726224784,False,True,True,implied_duration_gt_30s; known_bad_fixture
1161.0,2025-06-11,1324901,65595,half_2,32,middle,3753,hsr,5.41,6.16,475.9724,77.26824675324676,False,True,True,implied_duration_gt_30s; known_bad_fixture
1161.0,2025-06-11,1324902,65595,half_2,33,bottom,3753,hsr,5.47,6.18,311.55159999999995,50.41288025889967,False,True,True,implied_duration_gt_30s; known_bad_fixture
1161.0,2025-06-11,1324903,65595,half_2,35,bottom,3752,hsr,5.43,5.86,255.2092,43.55105802047782,False,True,True,implied_duration_gt_30s; known_bad_fixture
1161.0,2025-06-11,1324904,65595,half_2,37,bottom,3752,sprint,6.89,7.26,240.7844,33.16589531680441,False,True,True,implied_duration_gt_30s; known_bad_fixture
1161.0,2025-06-11,1324906,65595,half_2,37,middle,3752,hsr,5.5,6.87,267.424,38.926346433770014,False,True,True,implied_duration_gt_30s; known_bad_fixture
1161.0,2025-06-11,1324907,65595,half_2,38,middle,3753,hsr,5.51,6.11,190.8988,31.243666121112927,False,True,True,implied_duration_gt_30s; known_bad_fixture
1161.0,2025-06-11,1324908,65595,half_2,38,top,3752,hsr,5.46,5.74,178.8624,31.160696864111497,False,True,True,implied_duration_gt_30s; known_bad_fixture
1161.0,2025-06-11,1324909,65595,half_2,39,middle,3753,hsr,5.41,6.13,551.3972,89.95060358890701,False,True,True,implied_duration_gt_30s; known_bad_fixture
1161.0,2025-06-11,1324910,65595,half_2,40,top,3753,hsr,5.46,6.52,352.8292,54.11490797546013,False,True,True,implied_duration_gt_30s; known_bad_fixture
1161.0,2025-06-11,1324911,65595,half_2,40,bottom,3752,hsr,5.43,6.9,599.608,86.89971014492752,False,True,True,implied_duration_gt_30s; known_bad_fixture
1161.0,2025-06-11,1324913,65595,half_2,45,middle,3752,hsr,5.41,5.56,548.5532000000001,98.66064748201441,False,True,True,implied_duration_gt_30s; known_bad_fixture
1161.0,2025-06-11,1324914,65595,half_2,48,top,3753,sprint,6.93,7.21,340.29519999999997,47.197669902912615,False,True,True,implied_duration_gt_30s; known_bad_fixture
1161.0,2025-06-11,1324916,65595,half_2,48,top,3753,hsr,5.41,6.91,278.03000000000003,40.235890014471785,False,True,True,implied_duration_gt_30s; known_bad_fixture
1161.0,2025-06-11,1324918,65595,half_2,51,bottom,3752,hsr,5.43,6.57,347.516,52.894368340943686,False,True,True,implied_duration_gt_30s; known_bad_fixture
1161.0,2025-06-11,1324919,65595,half_2,51,bottom,3752,hsr,5.44,6.13,256.1604,41.78799347471452,False,True,True,implied_duration_gt_30s; known_bad_fixture
1161.0,2025-06-11,1324341,65596,half_1,1,middle,3753,sprint,6.89,8.35,756.456,90.59353293413174,False,True,True,implied_duration_gt_30s; known_bad_fixture
1161.0,2025-06-11,1324342,65596,half_1,1,bottom,3753,hsr,5.41,6.88,446.0936,64.83918604651163,False,True,True,implied_duration_gt_30s; known_bad_fixture
1161.0,2025-06-11,1324343,65596,half_1,1,top,3753,hsr,5.47,6.88,281.3088,40.88790697674419,False,True,True,implied_duration_gt_30s; known_bad_fixture
1161.0,2025-06-11,1324344,65596,half_1,2,top,3753,hsr,5.45,5.8,185.1704,31.92593103448276,False,True,True,implied_duration_gt_30s; known_bad_fixture
1161.0,2025-06-11,1324346,65596,half_1,9,bottom,3753,hsr,5.42,7.06,699.9628,99.14487252124647,False,True,True,implied_duration_gt_30s; known_bad_fixture
1161.0,2025-06-11,1324347,65596,half_1,10,middle,3753,hsr,5.45,6.64,325.39239999999995,49.004879518072286,False,True,True,implied_duration_gt_30s; known_bad_fixture
1161.0,2025-06-11,1324348,65596,half_1,10,top,3752,hsr,5.45,6.32,285.0188,45.09791139240506,False,True,True,implied_duration_gt_30s; known_bad_fixture
1161.0,2025-06-11,1324349,65596,half_1,10,top,3753,hsr,5.5,6.77,291.4032,43.043308714918766,False,True,True,implied_duration_gt_30s; known_bad_fixture
1161.0,2025-06-11,1324350,65596,half_1,12,middle,3753,sprint,6.99,7.9,390.9592,49.488506329113925,False,True,True,implied_duration_gt_30s; known_bad_fixture
1161.0,2025-06-11,1324351,65596,half_1,13,top,3753,hsr,5.46,6.05,248.37680000000003,41.05401652892563,False,True,True,implied_duration_gt_30s; known_bad_fixture
1161.0,2025-06-11,1324352,65596,half_1,14,middle,3753,hsr,5.47,5.92,181.7956,30.708716216216217,False,True,True,implied_duration_gt_30s; known_bad_fixture
1161.0,2025-06-11,1324353,65596,half_1,14,top,3753,hsr,5.43,6.9,453.1624,65.67571014492754,False,True,True,implied_duration_gt_30s; known_bad_fixture
1161.0,2025-06-11,1324354,65596,half_1,17,top,3753,sprint,6.96,8.2,477.9392,58.285268292682936,False,True,True,implied_duration_gt_30s; known_bad_fixture
1161.0,2025-06-11,1324355,65596,half_1,17,bottom,3753,hsr,5.43,6.18,311.146,50.34724919093851,False,True,True,implied_duration_gt_30s; known_bad_fixture
1161.0,2025-06-11,1324356,65596,half_1,18,middle,3752,hsr,5.45,6.87,351.2724,51.131353711790396,False,True,True,implied_duration_gt_30s; known_bad_fixture
1161.0,2025-06-11,1324358,65596,half_1,20,bottom,3753,hsr,5.48,6.29,248.178,39.45596184419714,False,True,True,implied_duration_gt_30s; known_bad_fixture
1161.0,2025-06-11,1324359,65596,half_1,20,top,3752,hsr,5.44,6.31,291.0152,46.11968304278923,False,True,True,implied_duration_gt_30s; known_bad_fixture
1161.0,2025-06-11,1324360,65596,half_1,21,middle,3753,hsr,5.48,5.86,186.794,31.876109215017063,False,True,True,implied_duration_gt_30s; known_bad_fixture
1161.0,2025-06-11,1324361,65596,half_1,22,top,3753,hsr,5.43,6.68,333.28159999999997,49.89245508982036,False,True,True,implied_duration_gt_30s; known_bad_fixture
1161.0,2025-06-11,1324362,65596,half_1,23,top,3752,hsr,5.43,7.12,484.3052,68.02039325842696,False,True,True,implied_duration_gt_30s; known_bad_fixture
1161.0,2025-06-11,1324364,65596,half_1,24,middle,3752,hsr,5.48,5.92,216.704,36.605405405405406,False,True,True,implied_duration_gt_30s; known_bad_fixture
1161.0,2025-06-11,1324366,65596,half_1,25,top,3752,hsr,5.42,6.74,373.0036,55.341780415430264,False,True,True,implied_duration_gt_30s; known_bad_fixture
1161.0,2025-06-11,1324367,65596,half_1,28,top,3752,sprint,6.92,8.5,648.4144,76.28404705882353,False,True,True,implied_duration_gt_30s; known_bad_fixture
1161.0,2025-06-11,1324368,65596,half_1,28,bottom,3753,hsr,5.43,5.99,380.5012,63.52273789649415,False,True,True,implied_duration_gt_30s; known_bad_fixture
1161.0,2025-06-11,1324370,65596,half_1,32,top,3752,sprint,6.87,9.44,740.5296000000001,78.44593220338984,False,True,True,implied_duration_gt_30s; known_bad_fixture
1161.0,2025-06-11,1324371,65596,half_1,32,top,3752,sprint,6.94,7.41,287.812,38.841025641025645,False,True,True,implied_duration_gt_30s; known_bad_fixture
1161.0,2025-06-11,1324373,65596,half_1,32,top,3752,hsr,5.46,6.83,438.548,64.2090775988287,False,True,True,implied_duration_gt_30s; known_bad_fixture
1161.0,2025-06-11,1324376,65596,half_1,34,top,3753,hsr,5.41,5.82,253.4304,43.54474226804123,False,True,True,implied_duration_gt_30s; known_bad_fixture
1161.0,2025-06-11,1324372,65596,half_1,35,middle,3753,sprint,6.89,8.57,663.9884000000001,77.47822637106185,False,True,True,implied_duration_gt_30s; known_bad_fixture
1161.0,2025-06-11,1324377,65596,half_1,35,bottom,3753,hsr,5.45,6.85,240.9464,35.174656934306576,False,True,True,implied_duration_gt_30s; known_bad_fixture
1161.0,2025-06-11,1324378,65596,half_1,36,middle,3753,sprint,6.92,7.54,319.4324,42.3650397877984,False,True,True,implied_duration_gt_30s; known_bad_fixture
1161.0,2025-06-11,1324379,65596,half_1,36,middle,3753,hsr,5.5,6.89,214.0628,31.068621190130628,False,True,True,implied_duration_gt_30s; known_bad_fixture
1161.0,2025-06-11,1324380,65596,half_1,37,bottom,3753,hsr,5.45,6.93,430.7676,62.15982683982684,False,True,True,implied_duration_gt_30s; known_bad_fixture
1161.0,2025-06-11,1324381,65596,half_1,38,middle,3752,hsr,5.5,6.76,291.5852,43.133905325443784,False,True,True,implied_duration_gt_30s; known_bad_fixture
1161.0,2025-06-11,1324382,65596,half_1,40,middle,3753,hsr,5.47,7.26,345.632,47.607713498622594,False,True,True,implied_duration_gt_30s; known_bad_fixture
1161.0,2025-06-11,1324383,65596,half_1,40,middle,3753,hsr,5.43,6.16,501.3868,81.39396103896104,False,True,True,implied_duration_gt_30s; known_bad_fixture
1161.0,2025-06-11,1324386,65596,half_1,46,middle,3752,hsr,5.44,6.93,218.4796,31.526637806637808,False,True,True,implied_duration_gt_30s; known_bad_fixture
1161.0,2025-06-11,1324390,65596,half_2,1,middle,3753,hsr,5.38,7.12,404.1348,56.76050561797752,False,True,True,implied_duration_gt_30s; known_bad_fixture
1161.0,2025-06-11,1324391,65596,half_2,1,top,3753,hsr,5.45,5.87,250.0384,42.595979557069846,False,True,True,implied_duration_gt_30s; known_bad_fixture
1161.0,2025-06-11,1324392,65596,half_2,2,top,3752,hsr,5.42,6.01,223.746,37.22895174708819,False,True,True,implied_duration_gt_30s; known_bad_fixture
1161.0,2025-06-11,1324394,65596,half_2,4,middle,3752,hsr,5.08,7.67,718.6888,93.7012777053455,False,True,True,implied_duration_gt_30s; known_bad_fixture
1161.0,2025-06-11,1324399,65596,half_2,6,middle,3752,hsr,5.44,6.49,320.7024,49.41485362095531,False,True,True,implied_duration_gt_30s; known_bad_fixture
1161.0,2025-06-11,1324398,65596,half_2,7,middle,3753,sprint,6.93,7.78,504.4252,64.83614395886889,False,True,True,implied_duration_gt_30s; known_bad_fixture
1161.0,2025-06-11,1324402,65596,half_2,7,bottom,3753,hsr,5.47,6.91,244.6416,35.40399421128799,False,True,True,implied_duration_gt_30s; known_bad_fixture
1161.0,2025-06-11,1324403,65596,half_2,11,middle,3752,sprint,6.87,7.63,498.0364,65.27344692005242,False,True,True,implied_duration_gt_30s; known_bad_fixture
1161.0,2025-06-11,1324404,65596,half_2,11,middle,3752,sprint,6.86,7.83,503.2912,64.27729246487867,False,True,True,implied_duration_gt_30s; known_bad_fixture
1161.0,2025-06-11,1324405,65596,half_2,11,middle,3752,sprint,6.84,7.88,327.004,41.497969543147214,False,True,True,implied_duration_gt_30s; known_bad_fixture
1161.0,2025-06-11,1324406,65596,half_2,15,top,3752,sprint,6.88,8.4,872.262,103.84071428571427,False,True,True,implied_duration_gt_30s; known_bad_fixture
1161.0,2025-06-11,1324410,65596,half_2,15,middle,3753,hsr,5.46,6.86,378.5748,55.185830903790084,False,True,True,implied_duration_gt_30s; known_bad_fixture
1161.0,2025-06-11,1324411,65596,half_2,17,top,3753,sprint,6.93,8.01,407.8156,50.91330836454432,False,True,True,implied_duration_gt_30s; known_bad_fixture
1161.0,2025-06-11,1324412,65596,half_2,17,top,3753,hsr,5.55,6.85,463.8344,67.71305109489052,False,True,True,implied_duration_gt_30s; known_bad_fixture
1161.0,2025-06-11,1324413,65596,half_2,22,middle,3753,sprint,6.95,7.65,548.1864,71.65835294117647,False,True,True,implied_duration_gt_30s; known_bad_fixture
1161.0,2025-06-11,1324414,65596,half_2,23,top,3752,sprint,6.96,7.41,236.6824,31.94094466936572,False,True,True,implied_duration_gt_30s; known_bad_fixture
1161.0,2025-06-11,1324417,65596,half_2,23,top,3752,hsr,5.56,6.91,390.1316000000001,56.45898697539799,False,True,True,implied_duration_gt_30s; known_bad_fixture
1161.0,2025-06-11,1324420,65596,half_2,29,middle,3753,hsr,5.52,6.69,257.9644,38.559701046337814,False,True,True,implied_duration_gt_30s; known_bad_fixture
1161.0,2025-06-11,1324423,65596,half_2,33,middle,3752,sprint,6.95,9.39,1608.3136,171.27940362087327,False,True,True,implied_duration_gt_30s; known_bad_fixture
1161.0,2025-06-11,1324427,65596,half_2,36,middle,3753,hsr,5.46,6.33,776.5864,122.68347551342812,False,True,True,implied_duration_gt_30s; known_bad_fixture
1161.0,2025-06-11,1324424,65596,half_2,38,top,3753,sprint,6.93,9.28,717.4771999999999,77.31435344827585,False,True,True,implied_duration_gt_30s; known_bad_fixture
1161.0,2025-06-11,1324428,65596,half_2,38,middle,3753,hsr,5.42,6.06,236.45119999999997,39.018349834983496,False,True,True,implied_duration_gt_30s; known_bad_fixture
1161.0,2025-06-11,1324425,65596,half_2,40,bottom,3752,sprint,6.95,7.21,247.7732,34.365214979195564,False,True,True,implied_duration_gt_30s; known_bad_fixture
1161.0,2025-06-11,1324431,65596,half_2,40,bottom,3752,hsr,5.41,6.92,333.6952,48.22184971098266,False,True,True,implied_duration_gt_30s; known_bad_fixture
1161.0,2025-06-11,1324432,65596,half_2,42,middle,3753,sprint,6.94,7.66,382.8796,49.9842819843342,False,True,True,implied_duration_gt_30s; known_bad_fixture
1161.0,2025-06-11,1324434,65596,half_2,42,bottom,3753,hsr,5.42,6.63,348.8944,52.62358974358975,False,True,True,implied_duration_gt_30s; known_bad_fixture
1161.0,2025-06-11,1324435,65596,half_2,42,bottom,3753,hsr,5.41,6.97,547.82,78.59684361549499,False,True,True,implied_duration_gt_30s; known_bad_fixture
1161.0,2025-06-11,1324433,65596,half_2,44,middle,3753,sprint,6.94,8.02,602.596,75.13665835411472,False,True,True,implied_duration_gt_30s; known_bad_fixture
1161.0,2025-06-11,1324439,65596,half_2,45,top,3753,hsr,5.52,6.36,225.878,35.51540880503144,False,True,True,implied_duration_gt_30s; known_bad_fixture
1161.0,2025-06-11,1324440,65596,half_2,45,middle,3752,hsr,5.44,6.7,998.778,149.07134328358208,False,True,True,implied_duration_gt_30s; known_bad_fixture
1161.0,2025-06-11,1324441,65596,half_2,47,top,3753,hsr,5.4,5.74,251.4328,43.803623693379784,False,True,True,implied_duration_gt_30s; known_bad_fixture
1161.0,2025-06-11,1324443,65596,half_2,52,middle,3753,sprint,7.03,8.94,984.2552,110.09565995525728,False,True,True,implied_duration_gt_30s; known_bad_fixture
1161.0,2025-06-11,1324445,65597,half_1,2,middle,3753,hsr,5.46,5.88,186.9496,31.794149659863947,False,True,True,implied_duration_gt_30s; known_bad_fixture
1161.0,2025-06-11,1324446,65597,half_1,2,middle,3753,hsr,5.51,6.37,213.7072,33.54901098901099,False,True,True,implied_duration_gt_30s; known_bad_fixture
1161.0,2025-06-11,1324448,65597,half_1,4,bottom,3753,hsr,5.45,6.37,434.4232,68.19830455259027,False,True,True,implied_duration_gt_30s; known_bad_fixture
1161.0,2025-06-11,1324449,65597,half_1,7,bottom,3752,sprint,6.99,8.49,488.9532,57.59166077738516,False,True,True,implied_duration_gt_30s; known_bad_fixture
1161.0,2025-06-11,1324450,65597,half_1,9,bottom,3753,sprint,6.95,8.22,438.6176,53.35980535279805,False,True,True,implied_duration_gt_30s; known_bad_fixture
1161.0,2025-06-11,1324453,65597,half_1,12,middle,3752,hsr,5.44,5.69,189.2928,33.267627416520206,False,True,True,implied_duration_gt_30s; known_bad_fixture
1161.0,2025-06-11,1324454,65597,half_1,13,middle,3752,hsr,5.49,6.1,250.1272,41.00445901639344,False,True,True,implied_duration_gt_30s; known_bad_fixture
1161.0,2025-06-11,1324456,65597,half_1,17,middle,3752,sprint,6.97,7.68,353.5736,46.03822916666667,False,True,True,implied_duration_gt_30s; known_bad_fixture
1161.0,2025-06-11,1324459,65597,half_1,17,top,3753,hsr,5.49,6.91,350.80240000000003,50.767351664254704,False,True,True,implied_duration_gt_30s; known_bad_fixture
1161.0,2025-06-11,1324457,65597,half_1,19,middle,3752,sprint,6.94,7.28,270.6788,37.18115384615385,False,True,True,implied_duration_gt_30s; known_bad_fixture
1161.0,2025-06-11,1324462,65597,half_1,19,bottom,3752,hsr,5.4,6.91,241.3676,34.930188133140376,False,True,True,implied_duration_gt_30s; known_bad_fixture
1161.0,2025-06-11,1324463,65597,half_1,22,middle,3753,hsr,5.47,7.2,389.4028,54.08372222222222,False,True,True,implied_duration_gt_30s; known_bad_fixture
1161.0,2025-06-11,1324464,65597,half_1,25,bottom,3753,hsr,5.51,6.19,210.2932,33.973053311793215,False,True,True,implied_duration_gt_30s; known_bad_fixture
1161.0,2025-06-11,1324465,65597,half_1,27,bottom,3752,hsr,5.41,6.87,452.5116,65.86777292576419,False,True,True,implied_duration_gt_30s; known_bad_fixture
1161.0,2025-06-11,1324467,65597,half_1,32,top,3752,hsr,5.38,6.38,391.724,61.398746081504704,False,True,True,implied_duration_gt_30s; known_bad_fixture
1161.0,2025-06-11,1324466,65597,half_1,35,top,3753,sprint,6.93,8.26,456.0368,55.21026634382567,False,True,True,implied_duration_gt_30s; known_bad_fixture
1161.0,2025-06-11,1324469,65597,half_1,39,middle,3752,hsr,5.44,6.65,625.922,94.1236090225564,False,True,True,implied_duration_gt_30s; known_bad_fixture
1161.0,2025-06-11,1324470,65597,half_1,40,middle,3753,hsr,5.42,6.5,636.672,97.94953846153847,False,True,True,implied_duration_gt_30s; known_bad_fixture
1161.0,2025-06-11,1324471,65597,half_1,42,top,3752,hsr,5.49,6.41,294.4092,45.929672386895476,False,True,True,implied_duration_gt_30s; known_bad_fixture
1161.0,2025-06-11,1324472,65597,half_1,45,middle,3753,hsr,5.44,6.33,491.6388,77.66805687203791,False,True,True,implied_duration_gt_30s; known_bad_fixture
1161.0,2025-06-11,1324473,65597,half_1,46,top,3753,hsr,5.49,6.07,219.85440000000003,36.219835255354205,False,True,True,implied_duration_gt_30s; known_bad_fixture
1161.0,2025-06-11,1324474,65597,half_2,2,top,3752,hsr,5.49,6.37,274.7592,43.133312401883835,False,True,True,implied_duration_gt_30s; known_bad_fixture
1161.0,2025-06-11,1324475,65597,half_2,3,middle,3752,hsr,5.42,6.34,706.5120000000001,111.43722397476341,False,True,True,implied_duration_gt_30s; known_bad_fixture
1161.0,2025-06-11,1324476,65597,half_2,11,middle,3752,hsr,5.49,6.35,213.2716,33.58607874015748,False,True,True,implied_duration_gt_30s; known_bad_fixture
1161.0,2025-06-11,1324477,65597,half_2,11,middle,3752,hsr,5.46,7.16,538.942,75.27122905027933,False,True,True,implied_duration_gt_30s; known_bad_fixture
1161.0,2025-06-11,1324478,65597,half_2,15,middle,3752,hsr,5.43,6.16,667.75,108.40097402597402,False,True,True,implied_duration_gt_30s; known_bad_fixture
1161.0,2025-06-11,1324479,65597,half_2,24,bottom,3752,hsr,5.43,6.02,277.1944,46.04558139534883,False,True,True,implied_duration_gt_30s; known_bad_fixture
1161.0,2025-06-11,1324481,65597,half_2,31,bottom,3752,sprint,6.94,7.93,475.0532,59.90582597730139,False,True,True,implied_duration_gt_30s; known_bad_fixture
1161.0,2025-06-11,1324483,65597,half_2,33,bottom,3752,hsr,5.4,6.68,430.7976,64.49065868263473,False,True,True,implied_duration_gt_30s; known_bad_fixture
1161.0,2025-06-11,1324484,65597,half_2,40,bottom,3752,sprint,6.95,8.76,695.2392000000001,79.36520547945207,False,True,True,implied_duration_gt_30s; known_bad_fixture
1161.0,2025-06-11,1324486,65597,half_2,43,middle,3752,hsr,5.45,6.41,330.7324,51.59631825273011,False,True,True,implied_duration_gt_30s; known_bad_fixture
1161.0,2025-06-11,1324485,65597,half_2,45,middle,3752,sprint,6.91,7.52,633.5047999999999,84.24265957446808,False,True,True,implied_duration_gt_30s; known_bad_fixture
1161.0,2025-06-11,1324487,65597,half_2,45,middle,3752,hsr,5.43,6.89,318.04560000000004,46.16046444121917,False,True,True,implied_duration_gt_30s; known_bad_fixture
1161.0,2025-06-11,1324869,65598,half_2,22,middle,3753,hsr,5.41,5.75,235.3908,40.93753043478261,False,True,True,implied_duration_gt_30s; known_bad_fixture
1161.0,2025-06-11,1324871,65598,half_2,23,bottom,3752,hsr,5.41,5.58,428.9656,76.87555555555555,False,True,True,implied_duration_gt_30s; known_bad_fixture
1161.0,2025-06-11,1324872,65598,half_2,24,middle,3753,hsr,5.53,6.32,200.4312,31.71379746835443,False,True,True,implied_duration_gt_30s; known_bad_fixture
1161.0,2025-06-11,1324874,65598,half_2,29,middle,3753,hsr,5.42,6.5,484.3,74.50769230769231,False,True,True,implied_duration_gt_30s; known_bad_fixture
1161.0,2025-06-11,1324873,65598,half_2,30,top,3752,sprint,6.95,7.71,422.4164,54.788119325551236,False,True,True,implied_duration_gt_30s; known_bad_fixture
1161.0,2025-06-11,1324877,65598,half_2,31,bottom,3752,sprint,6.93,7.7,406.1536,52.747220779220775,False,True,True,implied_duration_gt_30s; known_bad_fixture
1161.0,2025-06-11,1324879,65598,half_2,33,middle,3753,hsr,5.44,6.54,995.5904,152.23094801223243,False,True,True,implied_duration_gt_30s; known_bad_fixture
1161.0,2025-06-11,1324880,65598,half_2,34,top,3753,hsr,5.5,6.23,517.03,82.9903691813804,False,True,True,implied_duration_gt_30s; known_bad_fixture
1161.0,2025-06-11,1324881,65598,half_2,35,bottom,3752,hsr,5.43,6.98,548.3848,78.56515759312322,False,True,True,implied_duration_gt_30s; known_bad_fixture
1161.0,2025-06-11,1324882,65598,half_2,37,middle,3752,hsr,5.44,5.68,183.3376,32.27774647887324,False,True,True,implied_duration_gt_30s; known_bad_fixture
1161.0,2025-06-11,1324883,65598,half_2,40,top,3753,hsr,5.44,6.44,374.1224,58.09354037267081,False,True,True,implied_duration_gt_30s; known_bad_fixture
1161.0,2025-06-11,1324884,65598,half_2,40,bottom,3752,hsr,5.42,6.87,687.8564,100.12465793304222,False,True,True,implied_duration_gt_30s; known_bad_fixture
1161.0,2025-06-11,1324885,65598,half_2,42,top,3753,hsr,5.46,6.21,342.3856,55.134557165861516,False,True,True,implied_duration_gt_30s; known_bad_fixture
1161.0,2025-06-11,1324886,65598,half_2,43,bottom,3752,hsr,5.44,5.95,402.6796000000001,67.67724369747901,False,True,True,implied_duration_gt_30s; known_bad_fixture
1161.0,2025-06-11,1324887,65598,half_2,45,middle,3753,hsr,5.46,5.8,305.3324,52.643517241379314,False,True,True,implied_duration_gt_30s; known_bad_fixture
1161.0,2025-06-11,1324888,65598,half_2,45,bottom,3752,hsr,5.42,6.09,454.2436,74.58844006568145,False,True,True,implied_duration_gt_30s; known_bad_fixture
1161.0,2025-06-11,1324890,65598,half_2,46,bottom,3753,hsr,5.41,7.1,452.1864,63.68822535211268,False,True,True,implied_duration_gt_30s; known_bad_fixture
1161.0,2025-06-11,1324891,65598,half_2,46,top,3753,hsr,5.49,6.3,236.6316,37.56057142857143,False,True,True,implied_duration_gt_30s; known_bad_fixture
1161.0,2025-06-11,1324889,65598,half_2,48,top,3753,sprint,6.95,8.58,638.3552,74.40037296037296,False,True,True,implied_duration_gt_30s; known_bad_fixture
1161.0,2025-06-11,1324892,65598,half_2,51,middle,3753,sprint,6.88,8.12,832.4348,102.51660098522169,False,True,True,implied_duration_gt_30s; known_bad_fixture
1161.0,2025-06-11,1324894,65598,half_2,52,top,3753,hsr,5.45,6.85,499.7364,72.95421897810219,False,True,True,implied_duration_gt_30s; known_bad_fixture
1161.0,2025-06-11,1324490,65599,half_1,12,middle,3752,hsr,5.43,5.88,273.09839999999997,46.445306122448976,False,True,True,implied_duration_gt_30s; known_bad_fixture
1161.0,2025-06-11,1324492,65599,half_1,16,bottom,3753,hsr,5.49,6.23,527.5608000000001,84.68070626003211,False,True,True,implied_duration_gt_30s; known_bad_fixture
1161.0,2025-06-11,1324493,65599,half_1,19,middle,3752,hsr,5.42,5.75,286.30080000000004,49.791443478260874,False,True,True,implied_duration_gt_30s; known_bad_fixture
1161.0,2025-06-11,1324494,65599,half_1,24,bottom,3752,hsr,5.42,5.94,338.0672,56.91367003367003,False,True,True,implied_duration_gt_30s; known_bad_fixture
1161.0,2025-06-11,1324496,65599,half_1,26,bottom,3753,hsr,5.48,6.42,356.6188,55.54809968847353,False,True,True,implied_duration_gt_30s; known_bad_fixture
1161.0,2025-06-11,1324497,65599,half_1,27,middle,3752,hsr,5.41,5.92,313.7988,53.00655405405406,False,True,True,implied_duration_gt_30s; known_bad_fixture
1161.0,2025-06-11,1324495,65599,half_1,29,top,3753,sprint,6.96,7.85,343.3024,43.7327898089172,False,True,True,implied_duration_gt_30s; known_bad_fixture
1161.0,2025-06-11,1324498,65599,half_1,29,top,3753,hsr,5.36,6.9,770.822,111.71333333333332,False,True,True,implied_duration_gt_30s; known_bad_fixture
1161.0,2025-06-11,1324500,65599,half_1,42,top,3752,hsr,5.48,6.06,290.7848,47.98429042904291,False,True,True,implied_duration_gt_30s; known_bad_fixture
1161.0,2025-06-11,1324501,65599,half_1,46,middle,3752,sprint,6.94,7.99,831.33,104.04630788485608,False,True,True,implied_duration_gt_30s; known_bad_fixture
1161.0,2025-06-11,1324504,65599,half_2,1,middle,3752,hsr,5.51,6.13,313.3332,51.114714518760195,False,True,True,implied_duration_gt_30s; known_bad_fixture
1161.0,2025-06-11,1324505,65599,half_2,2,top,3752,hsr,5.47,6.15,322.77,52.48292682926829,False,True,True,implied_duration_gt_30s; known_bad_fixture
1161.0,2025-06-11,1324506,65599,half_2,3,middle,3753,hsr,5.45,6.25,452.7556,72.44089600000001,False,True,True,implied_duration_gt_30s; known_bad_fixture
1161.0,2025-06-11,1324507,65599,half_2,3,middle,3752,hsr,5.42,7.04,440.4996,62.57096590909091,False,True,True,implied_duration_gt_30s; known_bad_fixture
1161.0,2025-06-11,1324508,65599,half_2,5,top,3752,hsr,5.43,5.92,353.5244,59.71695945945946,False,True,True,implied_duration_gt_30s; known_bad_fixture
1161.0,2025-06-11,1324509,65599,half_2,6,top,3752,sprint,6.98,8.64,616.6428000000001,71.37069444444445,False,True,True,implied_duration_gt_30s; known_bad_fixture
1161.0,2025-06-11,1324512,65599,half_2,18,bottom,3753,hsr,5.47,6.07,278.5792,45.894431630971994,False,True,True,implied_duration_gt_30s; known_bad_fixture
1161.0,2025-06-11,1324513,65599,half_2,22,middle,3753,hsr,5.43,6.07,236.8224,39.01522240527183,False,True,True,implied_duration_gt_30s; known_bad_fixture
1161.0,2025-06-11,1324515,65599,half_2,29,middle,3752,hsr,5.47,5.78,179.5032,31.0559169550173,False,True,True,implied_duration_gt_30s; known_bad_fixture
1161.0,2025-06-11,1324517,65599,half_2,31,bottom,3752,hsr,5.44,6.91,297.3344,43.02958031837916,False,True,True,implied_duration_gt_30s; known_bad_fixture
1161.0,2025-06-11,1324519,65599,half_2,32,middle,3753,hsr,5.43,5.61,271.3528,48.36948306595365,False,True,True,implied_duration_gt_30s; known_bad_fixture
1161.0,2025-06-11,1324520,65599,half_2,40,bottom,3752,hsr,5.44,5.8,385.4136,66.45062068965517,False,True,True,implied_duration_gt_30s; known_bad_fixture
1161.0,2025-06-11,1324521,65599,half_2,42,bottom,3753,sprint,6.99,8.02,355.51120000000003,44.328079800498756,False,True,True,implied_duration_gt_30s; known_bad_fixture
1161.0,2025-06-11,1324522,65599,half_2,45,middle,3752,hsr,5.42,6.91,822.1891999999999,118.98541244573082,False,True,True,implied_duration_gt_30s; known_bad_fixture
1161.0,2025-06-11,1324523,65600,half_1,1,middle,3753,hsr,5.45,5.88,752.3856,127.95673469387755,False,True,True,implied_duration_gt_30s; known_bad_fixture
1161.0,2025-06-11,1324526,65600,half_1,6,middle,3752,hsr,5.47,7.2,302.906,42.070277777777775,False,True,True,implied_duration_gt_30s; known_bad_fixture
1161.0,2025-06-11,1324527,65600,half_1,7,bottom,3752,hsr,5.43,6.63,450.0552,67.88162895927601,False,True,True,implied_duration_gt_30s; known_bad_fixture
1161.0,2025-06-11,1324525,65600,half_1,9,bottom,3753,sprint,6.97,9.09,739.0232000000001,81.30068206820683,False,True,True,implied_duration_gt_30s; known_bad_fixture
1161.0,2025-06-11,1324531,65600,half_1,14,middle,3753,hsr,5.42,5.88,255.3348,43.424285714285716,False,True,True,implied_duration_gt_30s; known_bad_fixture
1161.0,2025-06-11,1324532,65600,half_1,16,middle,3752,hsr,5.45,6.1,332.82320000000004,54.56118032786886,False,True,True,implied_duration_gt_30s; known_bad_fixture
1161.0,2025-06-11,1324533,65600,half_1,17,middle,3752,hsr,5.45,5.87,255.5384,43.5329471890971,False,True,True,implied_duration_gt_30s; known_bad_fixture
1161.0,2025-06-11,1324534,65600,half_1,18,middle,3752,hsr,5.41,5.77,178.9644,31.016360485268635,False,True,True,implied_duration_gt_30s; known_bad_fixture
1161.0,2025-06-11,1324536,65600,half_1,22,middle,3753,hsr,5.41,6.05,401.2276,66.31861157024794,False,True,True,implied_duration_gt_30s; known_bad_fixture
1161.0,2025-06-11,1324538,65600,half_1,23,top,3753,hsr,5.48,6.42,251.7964,39.2206230529595,False,True,True,implied_duration_gt_30s; known_bad_fixture
1161.0,2025-06-11,1324539,65600,half_1,23,top,3752,hsr,5.43,5.9,244.46399999999997,41.43457627118643,False,True,True,implied_duration_gt_30s; known_bad_fixture
1161.0,2025-06-11,1324540,65600,half_1,25,bottom,3753,hsr,5.42,5.94,286.0088,48.14962962962963,False,True,True,implied_duration_gt_30s; known_bad_fixture
1161.0,2025-06-11,1324541,65600,half_1,27,bottom,3752,hsr,5.46,6.27,205.4288,32.7637639553429,False,True,True,implied_duration_gt_30s; known_bad_fixture
1161.0,2025-06-11,1324542,65600,half_1,32,top,3752,hsr,5.41,6.19,293.4232,47.40277867528271,False,True,True,implied_duration_gt_30s; known_bad_fixture
1161.0,2025-06-11,1324543,65600,half_1,33,bottom,3753,hsr,5.48,6.37,360.9248,56.66009419152276,False,True,True,implied_duration_gt_30s; known_bad_fixture
1161.0,2025-06-11,1324544,65600,half_1,34,top,3753,hsr,5.44,6.17,286.9452,46.50651539708266,False,True,True,implied_duration_gt_30s; known_bad_fixture
1161.0,2025-06-11,1324545,65600,half_1,34,middle,3752,hsr,5.42,6.42,305.90840000000003,47.649283489096575,False,True,True,implied_duration_gt_30s; known_bad_fixture
1161.0,2025-06-11,1324546,65600,half_1,39,middle,3752,hsr,5.43,6.27,247.4652,39.46813397129187,False,True,True,implied_duration_gt_30s; known_bad_fixture
1161.0,2025-06-11,1324548,65600,half_1,46,middle,3752,hsr,5.41,6.19,669.6088,108.17589660743133,False,True,True,implied_duration_gt_30s; known_bad_fixture
1161.0,2025-06-11,1324552,65600,half_2,2,top,3752,hsr,5.44,6.94,212.2908,30.58945244956772,False,True,True,implied_duration_gt_30s; known_bad_fixture
1161.0,2025-06-11,1324554,65600,half_2,3,middle,3752,hsr,5.43,6.68,796.192,119.19041916167666,False,True,True,implied_duration_gt_30s; known_bad_fixture
1161.0,2025-06-11,1324555,65600,half_2,5,middle,3753,hsr,5.48,5.92,251.65,42.50844594594595,False,True,True,implied_duration_gt_30s; known_bad_fixture
1161.0,2025-06-11,1324556,65600,half_2,7,middle,3753,hsr,5.46,6.78,381.2404,56.23014749262537,False,True,True,implied_duration_gt_30s; known_bad_fixture
1161.0,2025-06-11,1324557,65600,half_2,9,middle,3753,hsr,5.44,6.74,808.0636000000001,119.89074183976261,False,True,True,implied_duration_gt_30s; known_bad_fixture
1161.0,2025-06-11,1324558,65600,half_2,15,middle,3753,sprint,7.05,7.92,277.0236,34.97772727272727,False,True,True,implied_duration_gt_30s; known_bad_fixture
1161.0,2025-06-11,1324560,65600,half_2,18,bottom,3753,hsr,5.4,5.92,640.6208,108.21297297297298,False,True,True,implied_duration_gt_30s; known_bad_fixture
1161.0,2025-06-11,1324561,65600,half_2,22,top,3752,hsr,5.41,6.39,328.6904,51.43824726134586,False,True,True,implied_duration_gt_30s; known_bad_fixture
1161.0,2025-06-11,1324562,65600,half_2,23,top,3752,hsr,5.45,6.09,249.9076,41.03573070607553,False,True,True,implied_duration_gt_30s; known_bad_fixture
1161.0,2025-06-11,1324563,65600,half_2,23,bottom,3752,hsr,5.41,6.52,592.296,90.84294478527609,False,True,True,implied_duration_gt_30s; known_bad_fixture
1161.0,2025-06-11,1324564,65600,half_2,31,bottom,3752,hsr,5.43,6.83,413.186,60.49575402635431,False,True,True,implied_duration_gt_30s; known_bad_fixture
1161.0,2025-06-11,1324565,65600,half_2,32,middle,3753,hsr,5.43,6.88,358.416,52.0953488372093,False,True,True,implied_duration_gt_30s; known_bad_fixture
1161.0,2025-06-11,1324567,65600,half_2,38,middle,3753,hsr,5.42,6.57,452.2344,68.83324200913242,False,True,True,implied_duration_gt_30s; known_bad_fixture
1161.0,2025-06-11,1324566,65600,half_2,40,middle,3752,sprint,6.89,7.06,258.2688,36.581983002832864,False,True,True,implied_duration_gt_30s; known_bad_fixture
1161.0,2025-06-11,1324569,65600,half_2,40,bottom,3752,hsr,5.48,6.89,419.8392,60.93457184325109,False,True,True,implied_duration_gt_30s; known_bad_fixture
1161.0,2025-06-11,1324570,65600,half_2,45,middle,3752,sprint,6.9,7.69,516.3988,67.15198959687906,False,True,True,implied_duration_gt_30s; known_bad_fixture
1161.0,2025-06-11,1324571,65600,half_2,45,middle,3752,hsr,5.49,6.87,316.9688,46.1381077147016,False,True,True,implied_duration_gt_30s; known_bad_fixture
1161.0,2025-06-11,1324574,65600,half_2,52,top,3752,hsr,5.43,6.1,231.5236,37.95468852459016,False,True,True,implied_duration_gt_30s; known_bad_fixture
1161.0,2025-06-11,1324575,65601,half_1,1,middle,3753,sprint,6.93,8.84,779.7436,88.20628959276019,False,True,True,implied_duration_gt_30s; known_bad_fixture
1161.0,2025-06-11,1324577,65601,half_1,1,top,3753,hsr,5.44,6.88,283.6476,41.22784883720931,False,True,True,implied_duration_gt_30s; known_bad_fixture
1161.0,2025-06-11,1324576,65601,half_1,5,top,3753,sprint,6.97,8.42,501.3268,59.54,False,True,True,implied_duration_gt_30s; known_bad_fixture
1161.0,2025-06-11,1324580,65601,half_1,9,bottom,3753,hsr,5.43,5.88,295.8732,50.31857142857143,False,True,True,implied_duration_gt_30s; known_bad_fixture
1161.0,2025-06-11,1324581,65601,half_1,10,top,3753,hsr,5.47,6.47,468.4108,72.39734157650696,False,True,True,implied_duration_gt_30s; known_bad_fixture
1161.0,2025-06-11,1324583,65601,half_1,14,middle,3752,hsr,5.45,5.81,254.09,43.73321858864028,False,True,True,implied_duration_gt_30s; known_bad_fixture
1161.0,2025-06-11,1324584,65601,half_1,17,bottom,3753,sprint,6.95,8.42,652.9972,77.55311163895487,False,True,True,implied_duration_gt_30s; known_bad_fixture
1161.0,2025-06-11,1324585,65601,half_1,17,middle,3753,sprint,6.96,7.62,396.4644,52.02944881889764,False,True,True,implied_duration_gt_30s; known_bad_fixture
1161.0,2025-06-11,1324590,65601,half_1,19,top,3753,hsr,5.44,5.61,187.7412,33.46545454545454,False,True,True,implied_duration_gt_30s; known_bad_fixture
1161.0,2025-06-11,1324591,65601,half_1,20,middle,3753,hsr,5.39,5.96,268.3008,45.01691275167785,False,True,True,implied_duration_gt_30s; known_bad_fixture
1161.0,2025-06-11,1324594,65601,half_1,22,top,3753,hsr,5.51,6.57,292.72520000000003,44.55482496194825,False,True,True,implied_duration_gt_30s; known_bad_fixture
1161.0,2025-06-11,1324593,65601,half_1,24,middle,3753,sprint,7.05,8.79,443.5632,50.46225255972697,False,True,True,implied_duration_gt_30s; known_bad_fixture
1161.0,2025-06-11,1324595,65601,half_1,25,top,3753,hsr,5.43,6.63,516.7496,77.94111613876319,False,True,True,implied_duration_gt_30s; known_bad_fixture
1161.0,2025-06-11,1324598,65601,half_1,32,top,3752,sprint,6.93,7.51,318.8384,42.455179760319574,False,True,True,implied_duration_gt_30s; known_bad_fixture
1161.0,2025-06-11,1324603,65601,half_1,32,top,3752,hsr,5.43,6.89,284.88759999999996,41.347982583454275,False,True,True,implied_duration_gt_30s; known_bad_fixture
1161.0,2025-06-11,1324604,65601,half_1,32,top,3752,hsr,5.44,6.93,211.74,30.554112554112557,False,True,True,implied_duration_gt_30s; known_bad_fixture
1161.0,2025-06-11,1324601,65601,half_1,34,top,3753,sprint,7.02,8.14,320.52360000000004,39.37636363636364,False,True,True,implied_duration_gt_30s; known_bad_fixture
1161.0,2025-06-11,1324602,65601,half_1,35,middle,3753,sprint,6.98,9.6,1087.9936,113.33266666666667,False,True,True,implied_duration_gt_30s; known_bad_fixture
1161.0,2025-06-11,1324607,65601,half_1,39,middle,3752,hsr,5.44,5.87,215.3152,36.6806132879046,False,True,True,implied_duration_gt_30s; known_bad_fixture
1161.0,2025-06-11,1324608,65601,half_1,39,top,3753,hsr,5.45,5.91,268.08639999999997,45.36148900169204,False,True,True,implied_duration_gt_30s; known_bad_fixture
1161.0,2025-06-11,1324606,65601,half_1,40,middle,3753,sprint,6.95,8.22,872.5788,106.15313868613138,False,True,True,implied_duration_gt_30s; known_bad_fixture
1161.0,2025-06-11,1324611,65601,half_1,47,top,3753,hsr,5.43,5.83,486.8968,83.5157461406518,False,True,True,implied_duration_gt_30s; known_bad_fixture
1161.0,2025-06-11,1324612,65601,half_2,1,top,3752,hsr,5.51,6.04,213.5084,35.349072847682116,False,True,True,implied_duration_gt_30s; known_bad_fixture
1161.0,2025-06-11,1324613,65601,half_2,2,top,3752,hsr,5.48,6.22,276.648,44.47717041800644,False,True,True,implied_duration_gt_30s; known_bad_fixture
1161.0,2025-06-11,1324614,65601,half_2,3,top,3753,hsr,5.46,6.31,242.4224,38.418763866877974,False,True,True,implied_duration_gt_30s; known_bad_fixture
1161.0,2025-06-11,1324615,65601,half_2,3,middle,3753,hsr,5.47,6.14,233.124,37.96807817589577,False,True,True,implied_duration_gt_30s; known_bad_fixture
1161.0,2025-06-11,1324616,65601,half_2,8,middle,3752,hsr,5.43,6.23,367.14200000000005,58.93130016051365,False,True,True,implied_duration_gt_30s; known_bad_fixture
1161.0,2025-06-11,1324617,65601,half_2,11,middle,3752,hsr,5.5,6.24,204.9632,32.846666666666664,False,True,True,implied_duration_gt_30s; known_bad_fixture
1161.0,2025-06-11,1324618,65601,half_2,23,top,3752,hsr,5.41,6.48,325.844,50.28456790123457,False,True,True,implied_duration_gt_30s; known_bad_fixture
1161.0,2025-06-11,1324619,65601,half_2,23,top,3752,hsr,5.42,6.04,323.8968,53.62529801324503,False,True,True,implied_duration_gt_30s; known_bad_fixture
1161.0,2025-06-11,1324621,65601,half_2,29,middle,3753,hsr,5.56,6.91,902.9036,130.66622286541244,False,True,True,implied_duration_gt_30s; known_bad_fixture
1161.0,2025-06-11,1324623,65601,half_2,31,middle,3752,hsr,5.5,6.65,257.24399999999997,38.68330827067668,False,True,True,implied_duration_gt_30s; known_bad_fixture
1161.0,2025-06-11,1324625,65602,half_1,1,top,3753,hsr,5.42,5.69,205.6816,36.1479086115993,False,True,True,implied_duration_gt_30s; known_bad_fixture
1161.0,2025-06-11,1324626,65602,half_1,3,bottom,3753,hsr,5.43,6.14,279.5588,45.53074918566776,False,True,True,implied_duration_gt_30s; known_bad_fixture
1161.0,2025-06-11,1324627,65602,half_1,7,bottom,3752,sprint,6.95,8.73,812.0556,93.01896907216495,False,True,True,implied_duration_gt_30s; known_bad_fixture
1161.0,2025-06-11,1324629,65602,half_1,13,middle,3752,sprint,6.93,8.44,540.618,64.05426540284361,False,True,True,implied_duration_gt_30s; known_bad_fixture
1161.0,2025-06-11,1324632,65602,half_1,15,bottom,3753,hsr,5.44,5.95,309.9248,52.08820168067227,False,True,True,implied_duration_gt_30s; known_bad_fixture
1161.0,2025-06-11,1324633,65602,half_1,15,middle,3753,hsr,5.5,5.98,194.652,32.5505016722408,False,True,True,implied_duration_gt_30s; known_bad_fixture
1161.0,2025-06-11,1324634,65602,half_1,16,middle,3752,hsr,5.44,6.81,453.114,66.53656387665198,False,True,True,implied_duration_gt_30s; known_bad_fixture
1161.0,2025-06-11,1324635,65602,half_1,17,middle,3752,hsr,5.44,6.99,316.7792,45.31891273247496,False,True,True,implied_duration_gt_30s; known_bad_fixture
1161.0,2025-06-11,1324636,65602,half_1,19,middle,3752,hsr,5.46,6.17,346.93199999999996,56.2288492706645,False,True,True,implied_duration_gt_30s; known_bad_fixture
1161.0,2025-06-11,1324637,65602,half_1,20,middle,3753,hsr,5.48,6.14,244.896,39.88534201954398,False,True,True,implied_duration_gt_30s; known_bad_fixture
1161.0,2025-06-11,1324639,65602,half_1,24,bottom,3752,hsr,5.45,6.07,296.02320000000003,48.768237232289955,False,True,True,implied_duration_gt_30s; known_bad_fixture
1161.0,2025-06-11,1324640,65602,half_1,27,middle,3752,hsr,5.43,5.65,451.4048,79.89465486725663,False,True,True,implied_duration_gt_30s; known_bad_fixture
1161.0,2025-06-11,1324643,65602,half_1,34,top,3753,hsr,5.42,6.09,481.3044,79.031921182266,False,True,True,implied_duration_gt_30s; known_bad_fixture
1161.0,2025-06-11,1324644,65602,half_1,34,middle,3752,hsr,5.4,7.01,380.9512,54.343965763195435,False,True,True,implied_duration_gt_30s; known_bad_fixture
1161.0,2025-06-11,1324645,65602,half_1,35,bottom,3753,hsr,5.45,6.66,307.7944,46.21537537537537,False,True,True,implied_duration_gt_30s; known_bad_fixture
1161.0,2025-06-11,1324647,65602,half_1,38,middle,3753,hsr,5.42,6.97,366.7372,52.61652797704448,False,True,True,implied_duration_gt_30s; known_bad_fixture
1161.0,2025-06-11,1324646,65602,half_1,40,middle,3753,sprint,6.92,8.35,1137.734,136.25556886227545,False,True,True,implied_duration_gt_30s; known_bad_fixture
1161.0,2025-06-11,1324648,65602,half_1,40,middle,3752,hsr,5.39,6.5,494.7812,76.12018461538462,False,True,True,implied_duration_gt_30s; known_bad_fixture
1161.0,2025-06-11,1324649,65602,half_1,40,top,3753,hsr,5.47,6.91,291.6392,42.20538350217077,False,True,True,implied_duration_gt_30s; known_bad_fixture
1161.0,2025-06-11,1324652,65602,half_1,47,middle,3752,hsr,5.4,6.29,259.2348,41.213799682034974,False,True,True,implied_duration_gt_30s; known_bad_fixture
1161.0,2025-06-11,1324653,65602,half_1,47,middle,3753,hsr,5.44,5.75,178.7148,31.080834782608694,False,True,True,implied_duration_gt_30s; known_bad_fixture
1161.0,2025-06-11,1324655,65602,half_2,1,top,3753,hsr,5.41,5.59,187.0868,33.46812164579607,False,True,True,implied_duration_gt_30s; known_bad_fixture
1161.0,2025-06-11,1324654,65602,half_2,3,middle,3752,sprint,6.95,9.02,783.528,86.86563192904657,False,True,True,implied_duration_gt_30s; known_bad_fixture
1161.0,2025-06-11,1324656,65602,half_2,4,middle,3752,hsr,5.37,6.7,381.6268,56.959223880597015,False,True,True,implied_duration_gt_30s; known_bad_fixture
1161.0,2025-06-11,1324657,65602,half_2,5,top,3752,hsr,5.41,5.64,171.1176,30.340000000000003,False,True,True,implied_duration_gt_30s; known_bad_fixture
1161.0,2025-06-11,1324658,65602,half_2,6,bottom,3752,hsr,5.44,5.9,227.3928,38.54115254237288,False,True,True,implied_duration_gt_30s; known_bad_fixture
1161.0,2025-06-11,1324659,65602,half_2,6,top,3752,hsr,5.42,5.84,259.9968,44.52,False,True,True,implied_duration_gt_30s; known_bad_fixture
1161.0,2025-06-11,1324660,65602,half_2,12,bottom,3752,hsr,5.42,5.7,172.332,30.233684210526313,False,True,True,implied_duration_gt_30s; known_bad_fixture
1161.0,2025-06-11,1324661,65602,half_2,21,middle,3753,hsr,5.47,6.18,228.128,36.913915857605176,False,True,True,implied_duration_gt_30s; known_bad_fixture
1161.0,2025-06-11,1324662,65602,half_2,23,top,3752,hsr,5.41,6.08,295.8448,48.65868421052632,False,True,True,implied_duration_gt_30s; known_bad_fixture
1161.0,2025-06-11,1324663,65602,half_2,25,bottom,3753,hsr,5.42,5.69,200.2204,35.18811950790861,False,True,True,implied_duration_gt_30s; known_bad_fixture
1161.0,2025-06-11,1324664,65602,half_2,29,top,3752,hsr,5.42,6.76,823.9204,121.88171597633136,False,True,True,implied_duration_gt_30s; known_bad_fixture
1161.0,2025-06-11,1324665,65602,half_2,30,middle,3752,hsr,5.46,6.89,474.15400000000005,68.81770682148041,False,True,True,implied_duration_gt_30s; known_bad_fixture
1161.0,2025-06-11,1324666,65602,half_2,31,bottom,3752,sprint,6.95,7.56,365.0892,48.29222222222223,False,True,True,implied_duration_gt_30s; known_bad_fixture
1161.0,2025-06-11,1324668,65602,half_2,34,middle,3753,hsr,5.41,5.73,200.9196,35.06450261780105,False,True,True,implied_duration_gt_30s; known_bad_fixture
1161.0,2025-06-11,1324669,65602,half_2,35,bottom,3752,hsr,5.4,6.71,644.1472,95.99809239940387,False,True,True,implied_duration_gt_30s; known_bad_fixture
1161.0,2025-06-11,1324670,65602,half_2,39,middle,3753,sprint,6.9,8.38,657.1236,78.41570405727923,False,True,True,implied_duration_gt_30s; known_bad_fixture
1161.0,2025-06-11,1324671,65602,half_2,39,middle,3753,hsr,5.56,6.84,485.0875999999999,70.91923976608186,False,True,True,implied_duration_gt_30s; known_bad_fixture
1161.0,2025-06-11,1324672,65602,half_2,40,middle,3753,hsr,5.44,6.06,260.1616,42.93095709570958,False,True,True,implied_duration_gt_30s; known_bad_fixture
1161.0,2025-06-11,1324673,65602,half_2,40,top,3752,hsr,5.42,5.83,506.1408,86.8166037735849,False,True,True,implied_duration_gt_30s; known_bad_fixture
1161.0,2025-06-11,1324674,65602,half_2,40,bottom,3752,hsr,5.46,6.59,591.4996000000001,89.75714719271626,False,True,True,implied_duration_gt_30s; known_bad_fixture
1161.0,2025-06-11,1324677,65602,half_2,43,bottom,3753,hsr,5.46,6.63,369.1172,55.673785822021124,False,True,True,implied_duration_gt_30s; known_bad_fixture
1161.0,2025-06-11,1324675,65602,half_2,44,middle,3753,sprint,6.93,7.69,530.3344,68.96416124837451,False,True,True,implied_duration_gt_30s; known_bad_fixture
1161.0,2025-06-11,1324679,65602,half_2,44,top,3753,hsr,5.44,6.9,249.9312,36.22191304347826,False,True,True,implied_duration_gt_30s; known_bad_fixture
1161.0,2025-06-11,1324680,65602,half_2,45,middle,3752,hsr,5.41,5.91,559.6572,94.69664974619289,False,True,True,implied_duration_gt_30s; known_bad_fixture
1161.0,2025-06-11,1324681,65602,half_2,46,middle,3753,sprint,6.93,7.98,922.3724,115.58551378446114,False,True,True,implied_duration_gt_30s; known_bad_fixture
1161.0,2025-06-11,1324683,65602,half_2,46,bottom,3753,hsr,5.5,6.9,237.882,34.47565217391304,False,True,True,implied_duration_gt_30s; known_bad_fixture
1161.0,2025-06-11,1324682,65602,half_2,48,top,3753,sprint,6.95,7.42,586.9664,79.10598382749326,False,True,True,implied_duration_gt_30s; known_bad_fixture
1161.0,2025-06-11,1324685,65602,half_2,48,top,3753,hsr,5.41,6.21,460.168,74.10112721417069,False,True,True,implied_duration_gt_30s; known_bad_fixture
1161.0,2025-06-11,1324689,65603,half_1,1,middle,3753,sprint,6.85,7.97,441.4072,55.38358845671267,False,True,True,implied_duration_gt_30s; known_bad_fixture
1161.0,2025-06-11,1324691,65603,half_1,1,middle,3753,hsr,5.57,6.92,235.7092,34.062023121387284,False,True,True,implied_duration_gt_30s; known_bad_fixture
1161.0,2025-06-11,1324692,65603,half_1,1,middle,3752,hsr,5.42,6.9,454.8336,65.91791304347825,False,True,True,implied_duration_gt_30s; known_bad_fixture
1161.0,2025-06-11,1324693,65603,half_1,2,middle,3753,hsr,5.43,6.2,263.7588,42.54174193548387,False,True,True,implied_duration_gt_30s; known_bad_fixture
1161.0,2025-06-11,1324694,65603,half_1,4,middle,3752,hsr,5.47,6.85,339.5072,49.56309489051095,False,True,True,implied_duration_gt_30s; known_bad_fixture
1161.0,2025-06-11,1324690,65603,half_1,5,top,3752,sprint,6.96,7.37,265.3148,35.999294436906375,False,True,True,implied_duration_gt_30s; known_bad_fixture
1161.0,2025-06-11,1324697,65603,half_1,7,bottom,3752,sprint,6.89,7.87,438.2716,55.68889453621347,False,True,True,implied_duration_gt_30s; known_bad_fixture
1161.0,2025-06-11,1324698,65603,half_1,7,bottom,3752,hsr,5.47,6.87,246.0272,35.81181950509461,False,True,True,implied_duration_gt_30s; known_bad_fixture
1161.0,2025-06-11,1324699,65603,half_1,9,bottom,3753,hsr,5.41,6.37,601.7384,94.46442700156985,False,True,True,implied_duration_gt_30s; known_bad_fixture
1161.0,2025-06-11,1324701,65603,half_1,10,top,3753,hsr,5.44,6.45,368.28,57.09767441860465,False,True,True,implied_duration_gt_30s; known_bad_fixture
1161.0,2025-06-11,1324703,65603,half_1,12,bottom,3753,sprint,7.05,7.92,253.7008,32.03292929292929,False,True,True,implied_duration_gt_30s; known_bad_fixture
1161.0,2025-06-11,1324705,65603,half_1,13,top,3753,hsr,5.45,7.24,330.45120000000003,45.64243093922652,False,True,True,implied_duration_gt_30s; known_bad_fixture
1161.0,2025-06-11,1324706,65603,half_1,14,middle,3753,hsr,5.44,6.58,808.8404,122.92407294832827,False,True,True,implied_duration_gt_30s; known_bad_fixture
1161.0,2025-06-11,1324707,65603,half_1,17,top,3753,sprint,6.9,7.99,558.8404,69.94247809762203,False,True,True,implied_duration_gt_30s; known_bad_fixture
1161.0,2025-06-11,1324709,65603,half_1,17,bottom,3753,hsr,5.41,6.06,450.9236,74.40983498349836,False,True,True,implied_duration_gt_30s; known_bad_fixture
1161.0,2025-06-11,1324711,65603,half_1,17,top,3753,hsr,5.5,6.87,213.13,31.02328966521106,False,True,True,implied_duration_gt_30s; known_bad_fixture
1161.0,2025-06-11,1324712,65603,half_1,18,middle,3752,hsr,5.44,6.85,556.0752,81.17886131386862,False,True,True,implied_duration_gt_30s; known_bad_fixture
1161.0,2025-06-11,1324713,65603,half_1,18,middle,3752,hsr,5.43,7.08,443.6876,62.667740112994345,False,True,True,implied_duration_gt_30s; known_bad_fixture
1161.0,2025-06-11,1324708,65603,half_1,19,middle,3752,sprint,6.92,8.03,748.0408,93.15576587795766,False,True,True,implied_duration_gt_30s; known_bad_fixture
1161.0,2025-06-11,1324714,65603,half_1,19,middle,3752,hsr,5.47,6.89,253.8804,36.847663280116116,False,True,True,implied_duration_gt_30s; known_bad_fixture
1161.0,2025-06-11,1324717,65603,half_1,22,middle,3753,hsr,5.44,6.37,473.468,74.32778649921507,False,True,True,implied_duration_gt_30s; known_bad_fixture
1161.0,2025-06-11,1324718,65603,half_1,23,top,3753,hsr,5.55,6.9,256.9144,37.23397101449275,False,True,True,implied_duration_gt_30s; known_bad_fixture
1161.0,2025-06-11,1324716,65603,half_1,24,middle,3752,sprint,6.91,7.07,230.6432,32.62280056577086,False,True,True,implied_duration_gt_30s; known_bad_fixture
1161.0,2025-06-11,1324721,65603,half_1,24,middle,3752,hsr,5.46,6.9,300.79879999999997,43.59402898550724,False,True,True,implied_duration_gt_30s; known_bad_fixture
1161.0,2025-06-11,1324722,65603,half_1,25,top,3753,hsr,5.43,5.87,290.2112,49.43972742759796,False,True,True,implied_duration_gt_30s; known_bad_fixture
1161.0,2025-06-11,1324724,65603,half_1,27,bottom,3752,hsr,5.4,5.81,383.0139999999999,65.92323580034422,False,True,True,implied_duration_gt_30s; known_bad_fixture
1161.0,2025-06-11,1324723,65603,half_1,28,top,3752,sprint,6.95,7.21,226.28,31.384188626907076,False,True,True,implied_duration_gt_30s; known_bad_fixture
1161.0,2025-06-11,1324725,65603,half_1,28,top,3752,hsr,5.45,6.92,515.396,74.47919075144509,False,True,True,implied_duration_gt_30s; known_bad_fixture
1161.0,2025-06-11,1324729,65603,half_1,32,top,3752,hsr,5.45,6.04,830.6228,137.52033112582782,False,True,True,implied_duration_gt_30s; known_bad_fixture
1161.0,2025-06-11,1324730,65603,half_1,34,top,3753,hsr,5.43,6.91,675.9828,97.82674384949348,False,True,True,implied_duration_gt_30s; known_bad_fixture
1161.0,2025-06-11,1324728,65603,half_1,35,top,3753,sprint,6.96,8.0,462.6304,57.8288,False,True,True,implied_duration_gt_30s; known_bad_fixture
1161.0,2025-06-11,1324734,65603,half_1,36,middle,3752,sprint,6.94,7.25,226.78,31.28,False,True,True,implied_duration_gt_30s; known_bad_fixture
1161.0,2025-06-11,1324735,65603,half_1,36,middle,3753,sprint,6.93,7.29,414.7024,56.88647462277092,False,True,True,implied_duration_gt_30s; known_bad_fixture
1161.0,2025-06-11,1324737,65603,half_1,36,middle,3752,hsr,5.39,6.9,234.57,33.995652173913044,False,True,True,implied_duration_gt_30s; known_bad_fixture
1161.0,2025-06-11,1324739,65603,half_1,36,middle,3753,hsr,5.47,6.91,283.7204,41.05939218523878,False,True,True,implied_duration_gt_30s; known_bad_fixture
1161.0,2025-06-11,1324740,65603,half_1,39,middle,3752,hsr,5.41,5.91,244.38279999999995,41.350727580372244,False,True,True,implied_duration_gt_30s; known_bad_fixture
1161.0,2025-06-11,1324736,65603,half_1,40,top,3753,sprint,6.91,7.49,457.2968,61.054312416555405,False,True,True,implied_duration_gt_30s; known_bad_fixture
1161.0,2025-06-11,1324741,65603,half_1,40,middle,3753,hsr,5.44,6.88,296.732,43.1296511627907,False,True,True,implied_duration_gt_30s; known_bad_fixture
1161.0,2025-06-11,1324742,65603,half_1,40,top,3753,hsr,5.42,6.91,228.9364,33.13117221418234,False,True,True,implied_duration_gt_30s; known_bad_fixture
1161.0,2025-06-11,1324744,65603,half_2,2,top,3752,sprint,6.92,8.09,518.4564,64.08608158220025,False,True,True,implied_duration_gt_30s; known_bad_fixture
1161.0,2025-06-11,1324746,65603,half_2,2,top,3752,hsr,5.48,6.87,234.2628,34.09938864628821,False,True,True,implied_duration_gt_30s; known_bad_fixture
1161.0,2025-06-11,1324747,65603,half_2,3,middle,3752,hsr,5.41,6.07,529.656,87.25799011532123,False,True,True,implied_duration_gt_30s; known_bad_fixture
1161.0,2025-06-11,1324748,65603,half_2,5,middle,3753,hsr,5.43,6.22,407.304,65.48295819935691,False,True,True,implied_duration_gt_30s; known_bad_fixture
1161.0,2025-06-11,1324749,65603,half_2,5,middle,3752,hsr,5.48,6.58,392.9988,59.72626139817629,False,True,True,implied_duration_gt_30s; known_bad_fixture
1161.0,2025-06-11,1324750,65603,half_2,6,top,3752,hsr,5.46,7.18,375.5076,52.2991086350975,False,True,True,implied_duration_gt_30s; known_bad_fixture
1161.0,2025-06-11,1324751,65603,half_2,7,middle,3752,hsr,5.43,5.63,210.2332,37.341598579040856,False,True,True,implied_duration_gt_30s; known_bad_fixture
1161.0,2025-06-11,1324752,65603,half_2,7,bottom,3753,hsr,5.43,5.87,232.20200000000003,39.557410562180586,False,True,True,implied_duration_gt_30s; known_bad_fixture
1161.0,2025-06-11,1324753,65603,half_2,8,middle,3752,hsr,5.43,6.71,390.7396,58.23242921013413,False,True,True,implied_duration_gt_30s; known_bad_fixture
1161.0,2025-06-11,1324757,65603,half_2,11,bottom,3752,hsr,5.44,6.0,188.7116,31.451933333333333,False,True,True,implied_duration_gt_30s; known_bad_fixture
1161.0,2025-06-11,1324755,65603,half_2,12,bottom,3752,sprint,6.99,7.83,342.9324,43.79724137931034,False,True,True,implied_duration_gt_30s; known_bad_fixture
1161.0,2025-06-11,1324756,65603,half_2,15,bottom,3752,sprint,6.93,7.31,512.4392,70.101121751026,False,True,True,implied_duration_gt_30s; known_bad_fixture
1161.0,2025-06-11,1324758,65603,half_2,15,middle,3753,hsr,5.47,5.75,190.3056,33.09662608695652,False,True,True,implied_duration_gt_30s; known_bad_fixture
1161.0,2025-06-11,1324760,65603,half_2,15,bottom,3752,hsr,5.49,6.92,235.9204,34.092543352601155,False,True,True,implied_duration_gt_30s; known_bad_fixture
1161.0,2025-06-11,1324761,65603,half_2,17,top,3753,hsr,5.51,7.12,407.6724,57.257359550561794,False,True,True,implied_duration_gt_30s; known_bad_fixture
1167.0,2025-06-14,1322473,65530,half_1,1,middle,3750,hsr,5.49,6.44,320.0036,49.69,False,True,True,implied_duration_gt_30s; known_bad_fixture
1167.0,2025-06-14,1322474,65530,half_1,1,top,3750,hsr,5.52,6.63,262.908,39.65429864253394,False,True,True,implied_duration_gt_30s; known_bad_fixture
1167.0,2025-06-14,1322475,65530,half_1,4,middle,3750,hsr,5.49,6.09,261.9008,43.00505747126437,False,True,True,implied_duration_gt_30s; known_bad_fixture
1167.0,2025-06-14,1322476,65530,half_1,5,bottom,3750,hsr,5.44,5.62,193.4012,34.413024911032025,False,True,True,implied_duration_gt_30s; known_bad_fixture
1167.0,2025-06-14,1322477,65530,half_1,7,top,3750,hsr,5.52,6.18,222.3828,35.9842718446602,False,True,True,implied_duration_gt_30s; known_bad_fixture
1167.0,2025-06-14,1322478,65530,half_1,12,bottom,3750,hsr,5.46,5.75,207.2264,36.039373913043484,False,True,True,implied_duration_gt_30s; known_bad_fixture
1167.0,2025-06-14,1322479,65530,half_1,15,bottom,3751,hsr,5.43,5.66,188.4744,33.29936395759717,False,True,True,implied_duration_gt_30s; known_bad_fixture
1167.0,2025-06-14,1322481,65530,half_1,21,bottom,3751,hsr,5.48,6.25,534.904,85.58464,False,True,True,implied_duration_gt_30s; known_bad_fixture
1167.0,2025-06-14,1322480,65530,half_1,22,bottom,3751,sprint,6.95,7.52,459.636,61.1218085106383,False,True,True,implied_duration_gt_30s; known_bad_fixture
1167.0,2025-06-14,1322484,65530,half_1,24,top,3750,hsr,5.43,5.67,188.7972,33.297566137566136,False,True,True,implied_duration_gt_30s; known_bad_fixture
1167.0,2025-06-14,1322485,65530,half_1,27,bottom,3751,sprint,6.98,7.72,279.7688,36.23948186528497,False,True,True,implied_duration_gt_30s; known_bad_fixture
1167.0,2025-06-14,1322486,65530,half_1,30,top,3750,sprint,6.93,9.33,1352.0739999999998,144.91682743837083,False,True,True,implied_duration_gt_30s; known_bad_fixture
1167.0,2025-06-14,1322488,65530,half_1,30,middle,3750,hsr,5.41,6.89,233.4344,33.880174165457184,False,True,True,implied_duration_gt_30s; known_bad_fixture
1167.0,2025-06-14,1322493,65530,half_1,43,top,3750,hsr,5.4,5.66,471.0192,83.21893992932863,False,True,True,implied_duration_gt_30s; known_bad_fixture
1167.0,2025-06-14,1322492,65530,half_1,44,bottom,3751,sprint,6.89,7.82,401.1424,51.2969820971867,False,True,True,implied_duration_gt_30s; known_bad_fixture
1167.0,2025-06-14,1322494,65530,half_1,44,bottom,3751,hsr,5.36,6.87,216.2772,31.48139737991266,False,True,True,implied_duration_gt_30s; known_bad_fixture
1167.0,2025-06-14,1322495,65530,half_1,44,bottom,3751,hsr,5.5,6.84,377.846,55.2406432748538,False,True,True,implied_duration_gt_30s; known_bad_fixture
1167.0,2025-06-14,1322496,65530,half_1,47,bottom,3751,hsr,5.44,6.31,290.9728,46.112963549920764,False,True,True,implied_duration_gt_30s; known_bad_fixture
1167.0,2025-06-14,1322497,65530,half_2,2,bottom,3751,hsr,5.52,6.47,277.8288,42.94108191653787,False,True,True,implied_duration_gt_30s; known_bad_fixture
1167.0,2025-06-14,1322498,65530,half_2,3,bottom,3751,hsr,5.47,6.99,577.4448,82.6101287553648,False,True,True,implied_duration_gt_30s; known_bad_fixture
1167.0,2025-06-14,1322499,65530,half_2,3,top,3751,hsr,5.39,6.15,584.1648,94.98614634146341,False,True,True,implied_duration_gt_30s; known_bad_fixture
1167.0,2025-06-14,1322500,65530,half_2,6,bottom,3751,hsr,5.51,6.86,294.302,42.90116618075802,False,True,True,implied_duration_gt_30s; known_bad_fixture
1167.0,2025-06-14,1322501,65530,half_2,8,bottom,3751,hsr,5.51,7.12,705.0448,99.02314606741572,False,True,True,implied_duration_gt_30s; known_bad_fixture
1167.0,2025-06-14,1322503,65530,half_2,12,bottom,3751,hsr,5.46,6.92,238.12760000000003,34.411502890173416,False,True,True,implied_duration_gt_30s; known_bad_fixture
1167.0,2025-06-14,1322505,65530,half_2,18,middle,3750,sprint,6.96,9.44,1673.4555999999998,177.27283898305083,False,True,True,implied_duration_gt_30s; known_bad_fixture
1167.0,2025-06-14,1322507,65530,half_2,20,top,3751,hsr,5.42,6.95,432.0088,62.15953956834532,False,True,True,implied_duration_gt_30s; known_bad_fixture
1167.0,2025-06-14,1322508,65530,half_2,21,middle,3751,sprint,6.93,7.29,371.1564,50.913086419753085,False,True,True,implied_duration_gt_30s; known_bad_fixture
1167.0,2025-06-14,1322510,65530,half_2,21,middle,3751,hsr,5.44,6.91,211.978,30.67698986975398,False,True,True,implied_duration_gt_30s; known_bad_fixture
1167.0,2025-06-14,1322511,65530,half_2,21,bottom,3751,hsr,5.41,6.9,259.1064,37.55165217391304,False,True,True,implied_duration_gt_30s; known_bad_fixture
1167.0,2025-06-14,1322512,65530,half_2,22,bottom,3751,hsr,5.51,6.22,217.0272,34.891832797427654,False,True,True,implied_duration_gt_30s; known_bad_fixture
1167.0,2025-06-14,1322509,65530,half_2,25,bottom,3751,sprint,6.96,7.49,584.4428,78.02974632843792,False,True,True,implied_duration_gt_30s; known_bad_fixture
1167.0,2025-06-14,1322513,65530,half_2,25,top,3751,hsr,5.42,6.75,359.6932,53.28788148148148,False,True,True,implied_duration_gt_30s; known_bad_fixture
1167.0,2025-06-14,1322516,65530,half_2,27,middle,3751,hsr,5.42,6.18,478.1132,77.36459546925566,False,True,True,implied_duration_gt_30s; known_bad_fixture
1167.0,2025-06-14,1322517,65530,half_2,29,middle,3751,hsr,5.45,6.83,331.37600000000003,48.5177159590044,False,True,True,implied_duration_gt_30s; known_bad_fixture
1167.0,2025-06-14,1322518,65530,half_2,32,middle,3750,hsr,5.42,6.03,317.5684,52.66474295190713,False,True,True,implied_duration_gt_30s; known_bad_fixture
1167.0,2025-06-14,1322519,65530,half_2,32,top,3750,hsr,5.38,6.86,393.2836,57.32997084548104,False,True,True,implied_duration_gt_30s; known_bad_fixture
1167.0,2025-06-14,1322520,65530,half_2,34,top,3751,hsr,5.48,6.08,249.6212,41.05611842105263,False,True,True,implied_duration_gt_30s; known_bad_fixture
1167.0,2025-06-14,1322521,65530,half_2,37,bottom,3751,hsr,5.43,6.61,517.3372,78.26583963691377,False,True,True,implied_duration_gt_30s; known_bad_fixture
1167.0,2025-06-14,1322522,65530,half_2,41,middle,3751,hsr,5.42,6.23,849.2564,136.31723916532903,False,True,True,implied_duration_gt_30s; known_bad_fixture
1167.0,2025-06-14,1322523,65530,half_2,45,middle,3750,hsr,5.41,6.48,350.5388,54.09549382716049,False,True,True,implied_duration_gt_30s; known_bad_fixture
1167.0,2025-06-14,1323350,65531,half_1,15,middle,3751,hsr,5.38,5.79,184.748,31.908117443868736,False,True,True,implied_duration_gt_30s; known_bad_fixture
1167.0,2025-06-14,1323352,65531,half_1,19,bottom,3751,hsr,5.46,6.35,280.468,44.168188976377955,False,True,True,implied_duration_gt_30s; known_bad_fixture
1167.0,2025-06-14,1323353,65531,half_1,20,bottom,3751,hsr,5.5,6.95,494.8048,71.19493525179855,False,True,True,implied_duration_gt_30s; known_bad_fixture
1167.0,2025-06-14,1323357,65531,half_1,21,bottom,3751,hsr,5.45,6.13,298.2016,48.64626427406199,False,True,True,implied_duration_gt_30s; known_bad_fixture
1167.0,2025-06-14,1323358,65531,half_1,22,bottom,3751,hsr,5.44,6.61,877.1636000000001,132.7025113464448,False,True,True,implied_duration_gt_30s; known_bad_fixture
1167.0,2025-06-14,1323361,65531,half_1,34,middle,3751,hsr,5.4,5.78,241.22519999999997,41.734463667820066,False,True,True,implied_duration_gt_30s; known_bad_fixture
1167.0,2025-06-14,1323362,65531,half_1,44,bottom,3751,sprint,6.95,7.23,219.3148,30.333997233748267,False,True,True,implied_duration_gt_30s; known_bad_fixture
1167.0,2025-06-14,1323366,65531,half_2,8,bottom,3751,hsr,5.48,6.47,327.04040000000003,50.547202472952094,False,True,True,implied_duration_gt_30s; known_bad_fixture
1167.0,2025-06-14,1323367,65531,half_2,14,top,3750,hsr,5.44,6.34,431.0004,67.9811356466877,False,True,True,implied_duration_gt_30s; known_bad_fixture
1167.0,2025-06-14,1323368,65531,half_2,21,bottom,3751,hsr,5.44,6.28,483.5508,76.99853503184713,False,True,True,implied_duration_gt_30s; known_bad_fixture
1167.0,2025-06-14,1323369,65531,half_2,25,bottom,3751,hsr,5.41,5.65,277.598,49.132389380530974,False,True,True,implied_duration_gt_30s; known_bad_fixture
1167.0,2025-06-14,1323370,65531,half_2,27,middle,3751,hsr,5.42,6.48,975.8416,150.59283950617282,False,True,True,implied_duration_gt_30s; known_bad_fixture
1167.0,2025-06-14,1323371,65531,half_2,34,top,3751,hsr,5.46,6.64,1080.0764,162.66210843373494,False,True,True,implied_duration_gt_30s; known_bad_fixture
1167.0,2025-06-14,1323373,65531,half_2,36,top,3751,hsr,5.42,5.94,297.8988,50.151313131313124,False,True,True,implied_duration_gt_30s; known_bad_fixture
1167.0,2025-06-14,1323372,65531,half_2,37,bottom,3751,sprint,6.94,8.38,587.0328000000001,70.05164677804297,False,True,True,implied_duration_gt_30s; known_bad_fixture
1167.0,2025-06-14,1323374,65531,half_2,40,top,3751,hsr,5.41,5.96,269.08160000000004,45.147919463087256,False,True,True,implied_duration_gt_30s; known_bad_fixture
1167.0,2025-06-14,1323375,65531,half_2,41,bottom,3751,hsr,5.42,6.87,820.8584000000001,119.48448326055313,False,True,True,implied_duration_gt_30s; known_bad_fixture
1167.0,2025-06-14,1322526,65532,half_1,7,bottom,3750,hsr,5.44,6.05,378.2136,62.51464462809917,False,True,True,implied_duration_gt_30s; known_bad_fixture
1167.0,2025-06-14,1322527,65532,half_1,7,top,3751,hsr,5.46,6.14,316.1752,51.49433224755701,False,True,True,implied_duration_gt_30s; known_bad_fixture
1167.0,2025-06-14,1322528,65532,half_1,19,bottom,3751,sprint,6.97,7.45,252.3728,33.875543624161075,False,True,True,implied_duration_gt_30s; known_bad_fixture
1167.0,2025-06-14,1322529,65532,half_1,19,bottom,3751,hsr,5.42,6.92,225.8332,32.63485549132948,False,True,True,implied_duration_gt_30s; known_bad_fixture
1167.0,2025-06-14,1322531,65532,half_1,21,bottom,3751,hsr,5.4,6.82,582.7928,85.45348973607038,False,True,True,implied_duration_gt_30s; known_bad_fixture
1167.0,2025-06-14,1322530,65532,half_1,22,bottom,3751,sprint,6.94,7.12,260.0016,36.517078651685395,False,True,True,implied_duration_gt_30s; known_bad_fixture
1167.0,2025-06-14,1322532,65532,half_1,22,middle,3751,hsr,5.44,6.92,287.0792,41.48543352601156,False,True,True,implied_duration_gt_30s; known_bad_fixture
1167.0,2025-06-14,1322533,65532,half_1,22,bottom,3751,hsr,5.47,6.92,219.6748,31.74491329479769,False,True,True,implied_duration_gt_30s; known_bad_fixture
1167.0,2025-06-14,1322534,65532,half_1,27,bottom,3751,sprint,7.01,8.04,340.96999999999997,42.409203980099505,False,True,True,implied_duration_gt_30s; known_bad_fixture
1167.0,2025-06-14,1322536,65532,half_1,42,bottom,3751,hsr,5.44,6.59,298.6148,45.31332321699545,False,True,True,implied_duration_gt_30s; known_bad_fixture
1167.0,2025-06-14,1322535,65532,half_1,43,middle,3750,sprint,6.98,7.75,514.4196,66.37672258064515,False,True,True,implied_duration_gt_30s; known_bad_fixture
1167.0,2025-06-14,1322539,65532,half_1,44,bottom,3751,hsr,5.41,6.6,564.2543999999999,85.4930909090909,False,True,True,implied_duration_gt_30s; known_bad_fixture
1167.0,2025-06-14,1322540,65532,half_2,2,bottom,3751,hsr,5.51,6.1,197.0124,32.29711475409837,False,True,True,implied_duration_gt_30s; known_bad_fixture
1167.0,2025-06-14,1322541,65532,half_2,3,bottom,3751,hsr,5.46,5.87,221.1376,37.67250425894378,False,True,True,implied_duration_gt_30s; known_bad_fixture
1167.0,2025-06-14,1322542,65532,half_2,4,bottom,3751,hsr,5.42,6.07,254.6308,41.949060955518945,False,True,True,implied_duration_gt_30s; known_bad_fixture
1167.0,2025-06-14,1322543,65532,half_2,6,bottom,3751,hsr,5.44,5.97,211.3212,35.397185929648245,False,True,True,implied_duration_gt_30s; known_bad_fixture
1167.0,2025-06-14,1322544,65532,half_2,8,bottom,3751,hsr,5.48,6.97,381.86,54.78622668579627,False,True,True,implied_duration_gt_30s; known_bad_fixture
1167.0,2025-06-14,1322545,65532,half_2,12,bottom,3751,sprint,6.97,8.8,647.586,73.58931818181817,False,True,True,implied_duration_gt_30s; known_bad_fixture
1167.0,2025-06-14,1322547,65532,half_2,17,middle,3751,hsr,5.43,6.01,530.3956000000001,88.25217970049918,False,True,True,implied_duration_gt_30s; known_bad_fixture
1167.0,2025-06-14,1322548,65532,half_2,21,middle,3751,sprint,6.98,8.15,704.0844,86.39072392638036,False,True,True,implied_duration_gt_30s; known_bad_fixture
1167.0,2025-06-14,1322549,65532,half_2,25,bottom,3751,sprint,6.98,8.5,840.5396000000001,98.88701176470589,False,True,True,implied_duration_gt_30s; known_bad_fixture
1167.0,2025-06-14,1322551,65532,half_2,27,middle,3751,hsr,5.43,6.18,530.5840000000001,85.85501618122979,False,True,True,implied_duration_gt_30s; known_bad_fixture
1167.0,2025-06-14,1322552,65532,half_2,34,top,3751,sprint,6.91,7.34,480.7544,65.49787465940054,False,True,True,implied_duration_gt_30s; known_bad_fixture
1167.0,2025-06-14,1322553,65532,half_2,34,top,3751,hsr,5.47,6.89,270.00759999999997,39.18833091436865,False,True,True,implied_duration_gt_30s; known_bad_fixture
1167.0,2025-06-14,1322554,65532,half_2,34,top,3751,hsr,5.45,6.92,212.426,30.697398843930635,False,True,True,implied_duration_gt_30s; known_bad_fixture
1167.0,2025-06-14,1322556,65532,half_2,36,top,3751,hsr,5.44,6.22,490.188,78.80836012861737,False,True,True,implied_duration_gt_30s; known_bad_fixture
1167.0,2025-06-14,1322557,65532,half_2,37,bottom,3751,hsr,5.42,6.94,533.1816,76.82731988472622,False,True,True,implied_duration_gt_30s; known_bad_fixture
1167.0,2025-06-14,1322555,65532,half_2,40,top,3751,sprint,6.94,7.93,390.5512,49.249836065573774,False,True,True,implied_duration_gt_30s; known_bad_fixture
1167.0,2025-06-14,1322559,65532,half_2,41,bottom,3751,sprint,6.9,9.23,1055.1804000000002,114.32073672806068,False,True,True,implied_duration_gt_30s; known_bad_fixture
1167.0,2025-06-14,1322562,65533,half_1,1,top,3751,hsr,5.43,5.68,368.756,64.92183098591549,False,True,True,implied_duration_gt_30s; known_bad_fixture
1167.0,2025-06-14,1322563,65533,half_1,3,top,3751,hsr,5.4,5.93,291.3016,49.12337268128162,False,True,True,implied_duration_gt_30s; known_bad_fixture
1167.0,2025-06-14,1322564,65533,half_1,3,middle,3751,hsr,5.42,6.16,552.0592,89.62,False,True,True,implied_duration_gt_30s; known_bad_fixture
1167.0,2025-06-14,1322565,65533,half_1,3,bottom,3751,hsr,5.43,6.14,232.9208,37.93498371335505,False,True,True,implied_duration_gt_30s; known_bad_fixture
1167.0,2025-06-14,1322566,65533,half_1,5,bottom,3750,hsr,5.44,6.07,354.9584,58.47749588138385,False,True,True,implied_duration_gt_30s; known_bad_fixture
1167.0,2025-06-14,1322567,65533,half_1,5,middle,3751,hsr,5.48,5.96,194.1512,32.57570469798657,False,True,True,implied_duration_gt_30s; known_bad_fixture
1167.0,2025-06-14,1322569,65533,half_1,7,bottom,3750,hsr,5.47,6.61,406.2776,61.46408472012103,False,True,True,implied_duration_gt_30s; known_bad_fixture
1167.0,2025-06-14,1322573,65533,half_1,21,bottom,3750,sprint,6.91,8.01,481.9984,60.17458177278402,False,True,True,implied_duration_gt_30s; known_bad_fixture
1167.0,2025-06-14,1322575,65533,half_1,21,middle,3751,hsr,5.48,6.89,263.83000000000004,38.29172714078375,False,True,True,implied_duration_gt_30s; known_bad_fixture
1167.0,2025-06-14,1322574,65533,half_1,22,bottom,3751,sprint,6.93,7.45,586.196,78.68402684563759,False,True,True,implied_duration_gt_30s; known_bad_fixture
1167.0,2025-06-14,1322577,65533,half_1,22,bottom,3751,hsr,5.47,6.91,240.1672,34.75646888567294,False,True,True,implied_duration_gt_30s; known_bad_fixture
1167.0,2025-06-14,1322578,65533,half_1,27,bottom,3751,sprint,7.0,7.63,285.8356,37.462070773263434,False,True,True,implied_duration_gt_30s; known_bad_fixture
1167.0,2025-06-14,1322580,65533,half_1,34,middle,3751,hsr,5.42,6.74,396.6712,58.853293768545996,False,True,True,implied_duration_gt_30s; known_bad_fixture
1167.0,2025-06-14,1322581,65533,half_1,34,bottom,3751,hsr,5.43,6.22,270.6764,43.51710610932476,False,True,True,implied_duration_gt_30s; known_bad_fixture
1167.0,2025-06-14,1322582,65533,half_1,39,bottom,3751,hsr,5.41,6.82,393.7356,57.732492668621695,False,True,True,implied_duration_gt_30s; known_bad_fixture
1167.0,2025-06-14,1322584,65533,half_1,41,top,3750,hsr,5.41,5.61,393.3364,70.11344028520499,False,True,True,implied_duration_gt_30s; known_bad_fixture
1167.0,2025-06-14,1322585,65533,half_1,42,bottom,3751,hsr,5.44,7.05,389.548,55.25503546099291,False,True,True,implied_duration_gt_30s; known_bad_fixture
1167.0,2025-06-14,1322586,65533,half_1,43,middle,3750,hsr,5.4,5.97,413.7048,69.2972864321608,False,True,True,implied_duration_gt_30s; known_bad_fixture
1167.0,2025-06-14,1322588,65533,half_1,47,bottom,3751,hsr,5.43,6.33,440.6572,69.61409162717219,False,True,True,implied_duration_gt_30s; known_bad_fixture
1167.0,2025-06-14,1322589,65533,half_2,3,bottom,3751,sprint,6.98,7.9,360.5352,45.63736708860759,False,True,True,implied_duration_gt_30s; known_bad_fixture
1167.0,2025-06-14,1322592,65533,half_2,7,middle,3751,hsr,5.44,6.25,470.0776,75.212416,False,True,True,implied_duration_gt_30s; known_bad_fixture
1167.0,2025-06-14,1322593,65533,half_2,8,bottom,3751,hsr,5.4,7.06,447.2856,63.35490084985836,False,True,True,implied_duration_gt_30s; known_bad_fixture
1167.0,2025-06-14,1322591,65533,half_2,9,bottom,3750,sprint,6.97,8.19,516.4467999999999,63.05821733821733,False,True,True,implied_duration_gt_30s; known_bad_fixture
1167.0,2025-06-14,1322595,65533,half_2,12,middle,3751,hsr,5.43,6.08,615.938,101.30559210526316,False,True,True,implied_duration_gt_30s; known_bad_fixture
1167.0,2025-06-14,1322596,65533,half_2,21,bottom,3751,hsr,5.42,5.63,360.7892000000001,64.08333925399647,False,True,True,implied_duration_gt_30s; known_bad_fixture
1167.0,2025-06-14,1322597,65533,half_2,25,middle,3751,hsr,5.4,6.9,503.9248,73.03257971014493,False,True,True,implied_duration_gt_30s; known_bad_fixture
1167.0,2025-06-14,1322598,65533,half_2,26,middle,3750,hsr,5.42,5.77,507.4376,87.94412478336223,False,True,True,implied_duration_gt_30s; known_bad_fixture
1167.0,2025-06-14,1322599,65533,half_2,27,middle,3751,hsr,5.44,6.09,813.8620000000001,133.63908045977013,False,True,True,implied_duration_gt_30s; known_bad_fixture
1167.0,2025-06-14,1322601,65533,half_2,37,bottom,3751,sprint,6.93,7.24,269.5252,37.22723756906077,False,True,True,implied_duration_gt_30s; known_bad_fixture
1167.0,2025-06-14,1322602,65533,half_2,37,middle,3751,hsr,5.43,6.9,223.4528,32.38446376811594,False,True,True,implied_duration_gt_30s; known_bad_fixture
1167.0,2025-06-14,1322604,65533,half_2,40,top,3751,hsr,5.43,6.13,238.528,38.9115823817292,False,True,True,implied_duration_gt_30s; known_bad_fixture
1167.0,2025-06-14,1322605,65533,half_2,41,middle,3750,hsr,5.46,6.17,281.1132,45.56129659643436,False,True,True,implied_duration_gt_30s; known_bad_fixture
1167.0,2025-06-14,1322606,65533,half_2,41,middle,3751,hsr,5.49,6.0,206.6856,34.4476,False,True,True,implied_duration_gt_30s; known_bad_fixture
1167.0,2025-06-14,1322607,65533,half_2,45,middle,3750,hsr,5.41,6.07,519.8484000000001,85.64224052718288,False,True,True,implied_duration_gt_30s; known_bad_fixture
1167.0,2025-06-14,1322608,65533,half_2,47,middle,3750,hsr,5.48,6.0,189.1924,31.532066666666665,False,True,True,implied_duration_gt_30s; known_bad_fixture
1167.0,2025-06-14,1322609,65533,half_2,47,bottom,3750,hsr,5.45,6.49,376.594,58.02681047765793,False,True,True,implied_duration_gt_30s; known_bad_fixture
1167.0,2025-06-14,1322610,65534,half_1,1,top,3750,sprint,6.92,7.93,389.8368,49.15974779319041,False,True,True,implied_duration_gt_30s; known_bad_fixture
1167.0,2025-06-14,1322611,65534,half_1,1,middle,3750,hsr,5.43,6.88,538.2024,78.22709302325582,False,True,True,implied_duration_gt_30s; known_bad_fixture
1167.0,2025-06-14,1322613,65534,half_1,3,bottom,3751,hsr,5.41,6.18,765.8996000000001,123.93197411003239,False,True,True,implied_duration_gt_30s; known_bad_fixture
1167.0,2025-06-14,1322615,65534,half_1,12,middle,3750,hsr,5.4,5.56,186.2912,33.50561151079137,False,True,True,implied_duration_gt_30s; known_bad_fixture
1167.0,2025-06-14,1322614,65534,half_1,13,middle,3751,sprint,6.96,7.68,323.5164,42.12453125,False,True,True,implied_duration_gt_30s; known_bad_fixture
1167.0,2025-06-14,1322616,65534,half_1,15,middle,3751,hsr,5.43,6.04,470.92,77.96688741721854,False,True,True,implied_duration_gt_30s; known_bad_fixture
1167.0,2025-06-14,1322617,65534,half_1,21,bottom,3751,sprint,6.92,7.22,297.5784,41.215844875346264,False,True,True,implied_duration_gt_30s; known_bad_fixture
1167.0,2025-06-14,1322618,65534,half_1,21,bottom,3750,hsr,5.39,6.9,392.8632,56.93669565217391,False,True,True,implied_duration_gt_30s; known_bad_fixture
1167.0,2025-06-14,1322620,65534,half_1,21,bottom,3750,hsr,5.43,5.81,191.196,32.908089500860584,False,True,True,implied_duration_gt_30s; known_bad_fixture
1167.0,2025-06-14,1322621,65534,half_1,22,bottom,3751,hsr,5.39,6.52,792.7036,121.58030674846627,False,True,True,implied_duration_gt_30s; known_bad_fixture
1167.0,2025-06-14,1322622,65534,half_1,25,middle,3751,hsr,5.45,6.88,294.294,42.775290697674414,False,True,True,implied_duration_gt_30s; known_bad_fixture
1167.0,2025-06-14,1322623,65534,half_1,26,bottom,3751,hsr,5.46,6.1,303.3268,49.72570491803279,False,True,True,implied_duration_gt_30s; known_bad_fixture
1167.0,2025-06-14,1322624,65534,half_1,27,bottom,3751,hsr,5.45,6.34,474.99,74.91955835962145,False,True,True,implied_duration_gt_30s; known_bad_fixture
1167.0,2025-06-14,1322625,65534,half_1,28,middle,3751,hsr,5.41,5.95,411.9176,69.2298487394958,False,True,True,implied_duration_gt_30s; known_bad_fixture
1167.0,2025-06-14,1322626,65534,half_1,33,top,3750,hsr,5.38,6.39,453.1884,70.92150234741784,False,True,True,implied_duration_gt_30s; known_bad_fixture
1167.0,2025-06-14,1322627,65534,half_1,35,bottom,3751,hsr,5.41,5.85,237.4556,40.590700854700856,False,True,True,implied_duration_gt_30s; known_bad_fixture
1167.0,2025-06-14,1322628,65534,half_1,39,bottom,3751,hsr,5.46,5.94,281.0504,47.314882154882156,False,True,True,implied_duration_gt_30s; known_bad_fixture
1167.0,2025-06-14,1322629,65534,half_1,40,top,3750,hsr,5.44,6.75,914.0736,135.4183111111111,False,True,True,implied_duration_gt_30s; known_bad_fixture
1167.0,2025-06-14,1322630,65534,half_1,43,top,3750,hsr,5.41,5.98,409.7376,68.51799331103678,False,True,True,implied_duration_gt_30s; known_bad_fixture
1167.0,2025-06-14,1322631,65534,half_1,44,bottom,3751,hsr,5.44,6.03,698.224,115.79170812603648,False,True,True,implied_duration_gt_30s; known_bad_fixture
1167.0,2025-06-14,1322632,65534,half_1,46,middle,3750,hsr,5.44,6.37,359.07759999999996,56.37010989010988,False,True,True,implied_duration_gt_30s; known_bad_fixture
1167.0,2025-06-14,1322633,65535,half_1,1,top,3750,sprint,7.02,7.68,286.79839999999996,37.34354166666666,False,True,True,implied_duration_gt_30s; known_bad_fixture
1167.0,2025-06-14,1322634,65535,half_1,1,top,3751,hsr,5.39,6.54,405.3228,61.97596330275229,False,True,True,implied_duration_gt_30s; known_bad_fixture
1167.0,2025-06-14,1322635,65535,half_1,12,middle,3751,hsr,5.4,6.97,354.05359999999996,50.79678622668579,False,True,True,implied_duration_gt_30s; known_bad_fixture
1167.0,2025-06-14,1322636,65535,half_1,13,top,3751,hsr,5.44,6.64,350.5272,52.790240963855425,False,True,True,implied_duration_gt_30s; known_bad_fixture
1167.0,2025-06-14,1322637,65535,half_1,16,top,3750,sprint,6.94,8.22,1002.9248,122.01031630170316,False,True,True,implied_duration_gt_30s; known_bad_fixture
1167.0,2025-06-14,1322638,65535,half_1,18,middle,3751,hsr,5.53,7.14,375.77,52.628851540616246,False,True,True,implied_duration_gt_30s; known_bad_fixture
1167.0,2025-06-14,1322640,65535,half_1,19,top,3751,hsr,5.48,6.47,383.1136,59.213848531684704,False,True,True,implied_duration_gt_30s; known_bad_fixture
1167.0,2025-06-14,1322641,65535,half_1,20,middle,3750,hsr,5.51,6.24,223.3892,35.799551282051276,False,True,True,implied_duration_gt_30s; known_bad_fixture
1167.0,2025-06-14,1322642,65535,half_1,22,top,3751,sprint,6.89,7.22,297.0548,41.143324099722996,False,True,True,implied_duration_gt_30s; known_bad_fixture
1167.0,2025-06-14,1322644,65535,half_1,22,middle,3750,hsr,5.42,6.55,310.23040000000003,47.36341984732825,False,True,True,implied_duration_gt_30s; known_bad_fixture
1167.0,2025-06-14,1322645,65535,half_1,22,top,3751,hsr,5.5,6.88,1053.3772,153.1071511627907,False,True,True,implied_duration_gt_30s; known_bad_fixture
1167.0,2025-06-14,1322643,65535,half_1,24,top,3750,sprint,6.94,8.1,380.1272,46.92928395061729,False,True,True,implied_duration_gt_30s; known_bad_fixture
1167.0,2025-06-14,1322649,65535,half_1,30,middle,3750,sprint,6.89,8.99,1399.7092,155.6962402669633,False,True,True,implied_duration_gt_30s; known_bad_fixture
1167.0,2025-06-14,1322652,65535,half_1,30,middle,3750,hsr,5.46,6.84,380.9952,55.70105263157895,False,True,True,implied_duration_gt_30s; known_bad_fixture
1167.0,2025-06-14,1322657,65535,half_1,33,top,3750,hsr,5.45,6.79,523.6612,77.12241531664212,False,True,True,implied_duration_gt_30s; known_bad_fixture
1167.0,2025-06-14,1322658,65535,half_1,33,top,3751,hsr,5.46,6.89,218.0544,31.647953555878082,False,True,True,implied_duration_gt_30s; known_bad_fixture
1167.0,2025-06-14,1322660,65535,half_1,41,top,3750,hsr,5.39,6.31,382.502,60.618383518225045,False,True,True,implied_duration_gt_30s; known_bad_fixture
1167.0,2025-06-14,1322661,65535,half_1,43,middle,3750,hsr,5.44,5.62,171.0632,30.438291814946616,False,True,True,implied_duration_gt_30s; known_bad_fixture
1167.0,2025-06-14,1322659,65535,half_1,44,middle,3750,sprint,6.95,7.61,373.9172,49.13498028909329,False,True,True,implied_duration_gt_30s; known_bad_fixture
1167.0,2025-06-14,1322663,65535,half_1,46,top,3750,sprint,6.96,8.26,741.0448,89.71486682808717,False,True,True,implied_duration_gt_30s; known_bad_fixture
1167.0,2025-06-14,1322665,65535,half_1,47,middle,3750,hsr,5.52,6.23,193.1692,31.006292134831458,False,True,True,implied_duration_gt_30s; known_bad_fixture
1167.0,2025-06-14,1322669,65535,half_2,3,top,3750,hsr,5.42,6.59,796.3012,120.83477996965098,False,True,True,implied_duration_gt_30s; known_bad_fixture
1167.0,2025-06-14,1322670,65535,half_2,5,top,3750,hsr,5.44,6.91,265.9936,38.49400868306802,False,True,True,implied_duration_gt_30s; known_bad_fixture
1167.0,2025-06-14,1322672,65535,half_2,7,middle,3751,hsr,5.4,6.6,372.834,56.49,False,True,True,implied_duration_gt_30s; known_bad_fixture
1167.0,2025-06-14,1322673,65535,half_2,8,middle,3751,hsr,5.39,6.56,532.9008,81.23487804878049,False,True,True,implied_duration_gt_30s; known_bad_fixture
1167.0,2025-06-14,1322674,65535,half_2,8,bottom,3751,hsr,5.36,7.0,462.2368,66.03382857142857,False,True,True,implied_duration_gt_30s; known_bad_fixture
1167.0,2025-06-14,1322677,65535,half_2,12,top,3751,hsr,5.5,6.92,333.36879999999996,48.17468208092485,False,True,True,implied_duration_gt_30s; known_bad_fixture
1167.0,2025-06-14,1322678,65535,half_2,12,bottom,3750,hsr,5.47,6.72,409.766,60.97708333333334,False,True,True,implied_duration_gt_30s; known_bad_fixture
1167.0,2025-06-14,1322679,65536,half_1,1,top,3750,sprint,6.99,8.99,886.8924000000001,98.6532146829811,False,True,True,implied_duration_gt_30s; known_bad_fixture
1167.0,2025-06-14,1322680,65536,half_1,1,middle,3751,hsr,5.53,6.59,313.3976,47.556540212443096,False,True,True,implied_duration_gt_30s; known_bad_fixture
1167.0,2025-06-14,1322681,65536,half_1,2,top,3751,hsr,5.43,5.6,237.4904,42.409,False,True,True,implied_duration_gt_30s; known_bad_fixture
1167.0,2025-06-14,1322682,65536,half_1,3,bottom,3751,hsr,5.42,6.15,595.3176,96.79960975609755,False,True,True,implied_duration_gt_30s; known_bad_fixture
1167.0,2025-06-14,1322683,65536,half_1,5,middle,3751,hsr,5.43,6.15,472.4176,76.81586991869918,False,True,True,implied_duration_gt_30s; known_bad_fixture
1167.0,2025-06-14,1322684,65536,half_1,6,bottom,3750,hsr,5.51,6.17,252.1312,40.86405186385738,False,True,True,implied_duration_gt_30s; known_bad_fixture
1167.0,2025-06-14,1322686,65536,half_1,7,middle,3750,hsr,5.47,5.9,198.696,33.677288135593216,False,True,True,implied_duration_gt_30s; known_bad_fixture
1167.0,2025-06-14,1322687,65536,half_1,12,bottom,3750,hsr,5.47,6.09,261.4584,42.93241379310345,False,True,True,implied_duration_gt_30s; known_bad_fixture
1167.0,2025-06-14,1322688,65536,half_1,12,bottom,3750,hsr,5.52,6.73,278.0676,41.317622585438336,False,True,True,implied_duration_gt_30s; known_bad_fixture
1167.0,2025-06-14,1322689,65536,half_1,13,middle,3750,hsr,5.46,6.11,238.1432,38.97597381342062,False,True,True,implied_duration_gt_30s; known_bad_fixture
1167.0,2025-06-14,1322690,65536,half_1,13,top,3751,hsr,5.43,6.34,425.4964,67.11299684542587,False,True,True,implied_duration_gt_30s; known_bad_fixture
1167.0,2025-06-14,1322692,65536,half_1,13,middle,3751,hsr,5.46,5.92,228.1576,38.54013513513514,False,True,True,implied_duration_gt_30s; known_bad_fixture
1167.0,2025-06-14,1322693,65536,half_1,15,bottom,3751,hsr,5.46,5.83,260.5452,44.69042881646656,False,True,True,implied_duration_gt_30s; known_bad_fixture
1167.0,2025-06-14,1322694,65536,half_1,15,middle,3750,hsr,5.43,5.71,195.0044,34.15138353765324,False,True,True,implied_duration_gt_30s; known_bad_fixture
1167.0,2025-06-14,1322695,65536,half_1,16,top,3750,sprint,6.93,7.83,791.1172,101.03667943805875,False,True,True,implied_duration_gt_30s; known_bad_fixture
1167.0,2025-06-14,1322697,65536,half_1,16,middle,3751,hsr,5.39,5.85,248.538,42.48512820512821,False,True,True,implied_duration_gt_30s; known_bad_fixture
1167.0,2025-06-14,1322698,65536,half_1,16,middle,3751,hsr,5.38,6.42,358.3104,55.81158878504673,False,True,True,implied_duration_gt_30s; known_bad_fixture
1167.0,2025-06-14,1322700,65536,half_1,16,top,3750,hsr,5.39,6.9,245.2472,35.54307246376811,False,True,True,implied_duration_gt_30s; known_bad_fixture
1167.0,2025-06-14,1322701,65536,half_1,18,middle,3751,hsr,5.43,6.95,269.5208,38.77997122302158,False,True,True,implied_duration_gt_30s; known_bad_fixture
1167.0,2025-06-14,1322703,65536,half_1,19,top,3751,hsr,5.43,6.07,301.79879999999997,49.71973640856672,False,True,True,implied_duration_gt_30s; known_bad_fixture
1167.0,2025-06-14,1322704,65536,half_1,20,middle,3750,hsr,5.46,5.78,179.476,31.05121107266436,False,True,True,implied_duration_gt_30s; known_bad_fixture
1167.0,2025-06-14,1322705,65536,half_1,21,bottom,3751,hsr,5.4,6.39,471.0108,73.71061032863851,False,True,True,implied_duration_gt_30s; known_bad_fixture
1167.0,2025-06-14,1322706,65536,half_1,22,bottom,3751,hsr,5.47,6.56,755.1976,115.12158536585366,False,True,True,implied_duration_gt_30s; known_bad_fixture
1167.0,2025-06-14,1322707,65536,half_1,24,middle,3750,hsr,5.5,7.13,382.184,53.602244039270694,False,True,True,implied_duration_gt_30s; known_bad_fixture
1167.0,2025-06-14,1322708,65536,half_1,24,top,3750,hsr,5.43,6.73,998.298,148.33551263001485,False,True,True,implied_duration_gt_30s; known_bad_fixture
1167.0,2025-06-14,1322709,65536,half_1,25,bottom,3751,hsr,5.47,6.23,295.1676,47.37842696629213,False,True,True,implied_duration_gt_30s; known_bad_fixture
1167.0,2025-06-14,1322711,65536,half_1,26,middle,3750,hsr,5.45,6.7,422.4956,63.05904477611941,False,True,True,implied_duration_gt_30s; known_bad_fixture
1167.0,2025-06-14,1322710,65536,half_1,27,bottom,3751,sprint,6.97,7.99,324.3608,40.595844806007506,False,True,True,implied_duration_gt_30s; known_bad_fixture
1167.0,2025-06-14,1322712,65536,half_1,28,middle,3751,hsr,5.49,6.68,327.6848,49.05461077844311,False,True,True,implied_duration_gt_30s; known_bad_fixture
1167.0,2025-06-14,1322713,65536,half_1,30,middle,3750,hsr,5.43,6.05,922.034,152.40231404958678,False,True,True,implied_duration_gt_30s; known_bad_fixture
1167.0,2025-06-14,1322714,65536,half_1,32,middle,3751,sprint,6.95,7.67,315.9516,41.193168187744455,False,True,True,implied_duration_gt_30s; known_bad_fixture
1167.0,2025-06-14,1322716,65536,half_1,32,top,3750,hsr,5.42,6.9,268.14160000000004,38.86110144927537,False,True,True,implied_duration_gt_30s; known_bad_fixture
1167.0,2025-06-14,1322717,65536,half_1,34,middle,3751,hsr,5.42,6.82,532.4992,78.07906158357771,False,True,True,implied_duration_gt_30s; known_bad_fixture
1167.0,2025-06-14,1322719,65536,half_1,39,bottom,3751,hsr,5.46,5.98,211.95039999999997,35.44321070234113,False,True,True,implied_duration_gt_30s; known_bad_fixture
1167.0,2025-06-14,1322720,65536,half_1,41,top,3750,hsr,5.43,6.54,727.6088,111.25516819571865,False,True,True,implied_duration_gt_30s; known_bad_fixture
1167.0,2025-06-14,1322721,65536,half_1,43,middle,3750,hsr,5.41,6.69,420.132,62.8,False,True,True,implied_duration_gt_30s; known_bad_fixture
1167.0,2025-06-14,1322722,65536,half_1,43,middle,3750,hsr,5.42,5.57,186.7472,33.5273249551167,False,True,True,implied_duration_gt_30s; known_bad_fixture
1167.0,2025-06-14,1322723,65536,half_1,44,bottom,3751,hsr,5.44,6.69,740.5236,110.69112107623317,False,True,True,implied_duration_gt_30s; known_bad_fixture
1167.0,2025-06-14,1322724,65536,half_1,46,top,3750,hsr,5.41,5.45,206.3996,37.87148623853211,False,True,True,implied_duration_gt_30s; known_bad_fixture
1167.0,2025-06-14,1322725,65536,half_1,47,bottom,3751,hsr,5.46,6.97,601.9224,86.35902439024392,False,True,True,implied_duration_gt_30s; known_bad_fixture
1167.0,2025-06-14,1322726,65536,half_2,3,top,3750,sprint,6.95,7.17,218.412,30.46192468619247,False,True,True,implied_duration_gt_30s; known_bad_fixture
1167.0,2025-06-14,1322728,65536,half_2,3,bottom,3751,hsr,5.45,5.99,481.6336,80.40627712854757,False,True,True,implied_duration_gt_30s; known_bad_fixture
1167.0,2025-06-14,1322729,65536,half_2,3,bottom,3750,hsr,5.43,5.78,270.1332,46.73584775086505,False,True,True,implied_duration_gt_30s; known_bad_fixture
1167.0,2025-06-14,1322730,65536,half_2,3,middle,3750,hsr,5.43,6.92,296.1264,42.7928323699422,False,True,True,implied_duration_gt_30s; known_bad_fixture
1167.0,2025-06-14,1322731,65536,half_2,3,top,3750,hsr,5.39,6.94,252.2216,36.34317002881844,False,True,True,implied_duration_gt_30s; known_bad_fixture
1167.0,2025-06-14,1322727,65536,half_2,4,top,3750,sprint,6.96,7.59,314.4296,41.426824769433466,False,True,True,implied_duration_gt_30s; known_bad_fixture
1167.0,2025-06-14,1322733,65536,half_2,5,top,3750,hsr,5.4,6.59,560.4516,85.04576631259484,False,True,True,implied_duration_gt_30s; known_bad_fixture
1167.0,2025-06-14,1322734,65536,half_2,7,top,3751,hsr,5.52,6.73,271.7996,40.386270430906386,False,True,True,implied_duration_gt_30s; known_bad_fixture
1167.0,2025-06-14,1322736,65536,half_2,11,middle,3751,hsr,5.44,6.56,285.8624,43.57658536585366,False,True,True,implied_duration_gt_30s; known_bad_fixture
1167.0,2025-06-14,1322737,65536,half_2,11,middle,3751,hsr,5.42,6.16,493.1392,80.05506493506493,False,True,True,implied_duration_gt_30s; known_bad_fixture
1167.0,2025-06-14,1322738,65536,half_2,12,bottom,3751,hsr,5.45,5.78,230.6864,39.91114186851211,False,True,True,implied_duration_gt_30s; known_bad_fixture
1167.0,2025-06-14,1322740,65536,half_2,17,middle,3751,sprint,7.0,8.72,848.3023999999999,97.2823853211009,False,True,True,implied_duration_gt_30s; known_bad_fixture
1167.0,2025-06-14,1322741,65536,half_2,18,middle,3750,hsr,5.41,5.8,479.7604,82.7173103448276,False,True,True,implied_duration_gt_30s; known_bad_fixture
1167.0,2025-06-14,1322742,65536,half_2,20,top,3751,hsr,5.45,6.47,806.6107999999999,124.66936630602781,False,True,True,implied_duration_gt_30s; known_bad_fixture
1167.0,2025-06-14,1322743,65536,half_2,21,middle,3751,hsr,5.41,5.54,488.2344,88.12895306859205,False,True,True,implied_duration_gt_30s; known_bad_fixture
1167.0,2025-06-14,1322745,65536,half_2,22,bottom,3751,hsr,5.45,5.94,333.3008,56.111245791245786,False,True,True,implied_duration_gt_30s; known_bad_fixture
1167.0,2025-06-14,1322746,65536,half_2,22,bottom,3751,hsr,5.44,7.2,395.1828,54.8865,False,True,True,implied_duration_gt_30s; known_bad_fixture
1167.0,2025-06-14,1322748,65537,half_1,1,top,3750,hsr,5.43,5.73,195.4456,34.1091797556719,False,True,True,implied_duration_gt_30s; known_bad_fixture
1167.0,2025-06-14,1322749,65537,half_1,1,top,3751,hsr,5.39,6.98,504.5992,72.29214899713466,False,True,True,implied_duration_gt_30s; known_bad_fixture
1167.0,2025-06-14,1322753,65537,half_1,15,bottom,3751,hsr,5.45,6.48,451.4404,69.66672839506172,False,True,True,implied_duration_gt_30s; known_bad_fixture
1167.0,2025-06-14,1322754,65537,half_1,16,bottom,3751,hsr,5.47,6.34,213.1124,33.613943217665614,False,True,True,implied_duration_gt_30s; known_bad_fixture
1167.0,2025-06-14,1322757,65537,half_1,21,bottom,3751,hsr,5.43,6.43,925.2168,143.8906376360809,False,True,True,implied_duration_gt_30s; known_bad_fixture
1167.0,2025-06-14,1322756,65537,half_1,22,bottom,3751,sprint,6.97,9.35,1071.1524,114.56175401069518,False,True,True,implied_duration_gt_30s; known_bad_fixture
1167.0,2025-06-14,1322758,65537,half_1,25,bottom,3751,hsr,5.47,6.49,383.2228,59.04819722650231,False,True,True,implied_duration_gt_30s; known_bad_fixture
1167.0,2025-06-14,1322759,65537,half_1,27,bottom,3751,hsr,5.45,5.83,502.944,86.26826758147513,False,True,True,implied_duration_gt_30s; known_bad_fixture
1167.0,2025-06-14,1322761,65537,half_1,35,middle,3750,sprint,6.89,7.33,327.9804,44.744938608458384,False,True,True,implied_duration_gt_30s; known_bad_fixture
1167.0,2025-06-14,1322762,65537,half_1,35,bottom,3751,hsr,5.5,6.88,416.0952,60.47895348837209,False,True,True,implied_duration_gt_30s; known_bad_fixture
1167.0,2025-06-14,1322764,65537,half_1,39,middle,3751,hsr,5.45,6.47,314.28159999999997,48.5752086553323,False,True,True,implied_duration_gt_30s; known_bad_fixture
1167.0,2025-06-14,1322763,65537,half_1,40,top,3750,sprint,6.87,9.03,1244.0984,137.77390919158364,False,True,True,implied_duration_gt_30s; known_bad_fixture
1167.0,2025-06-14,1322765,65537,half_1,40,middle,3750,hsr,5.48,6.85,319.7836,46.68373722627737,False,True,True,implied_duration_gt_30s; known_bad_fixture
1167.0,2025-06-14,1322766,65537,half_1,44,bottom,3751,sprint,6.94,7.97,460.8636,57.8247929736512,False,True,True,implied_duration_gt_30s; known_bad_fixture
1167.0,2025-06-14,1322770,65537,half_1,46,middle,3751,hsr,5.49,6.04,290.43039999999996,48.084503311258274,False,True,True,implied_duration_gt_30s; known_bad_fixture
1167.0,2025-06-14,1322771,65537,half_1,47,bottom,3751,hsr,5.42,5.72,262.8684,45.95601398601399,False,True,True,implied_duration_gt_30s; known_bad_fixture
1167.0,2025-06-14,1322773,65537,half_2,2,bottom,3751,hsr,5.46,6.83,363.3856,53.20433382137628,False,True,True,implied_duration_gt_30s; known_bad_fixture
1167.0,2025-06-14,1322774,65537,half_2,3,middle,3751,hsr,5.45,6.93,232.3328,33.52565656565657,False,True,True,implied_duration_gt_30s; known_bad_fixture
1167.0,2025-06-14,1322775,65537,half_2,3,bottom,3751,hsr,5.46,6.91,283.6384,41.04752532561505,False,True,True,implied_duration_gt_30s; known_bad_fixture
1167.0,2025-06-14,1322776,65537,half_2,3,bottom,3751,hsr,5.47,6.76,303.8104,44.94236686390533,False,True,True,implied_duration_gt_30s; known_bad_fixture
1167.0,2025-06-14,1322777,65537,half_2,4,bottom,3751,hsr,5.45,5.88,215.4116,36.634625850340136,False,True,True,implied_duration_gt_30s; known_bad_fixture
1167.0,2025-06-14,1322778,65537,half_2,8,bottom,3751,hsr,5.45,6.34,304.3368,48.00264984227129,False,True,True,implied_duration_gt_30s; known_bad_fixture
1167.0,2025-06-14,1322779,65537,half_2,9,middle,3750,hsr,5.4,6.53,380.9432000000001,58.337396630934165,False,True,True,implied_duration_gt_30s; known_bad_fixture
1167.0,2025-06-14,1322780,65537,half_2,12,bottom,3751,hsr,5.44,5.91,239.3212,40.49428087986463,False,True,True,implied_duration_gt_30s; known_bad_fixture
1167.0,2025-06-14,1322781,65537,half_2,13,middle,3750,hsr,5.44,6.28,344.204,54.80955414012739,False,True,True,implied_duration_gt_30s; known_bad_fixture
1167.0,2025-06-14,1322782,65537,half_2,13,top,3750,hsr,5.48,6.79,375.6396,55.32247422680412,False,True,True,implied_duration_gt_30s; known_bad_fixture
1167.0,2025-06-14,1322783,65537,half_2,18,middle,3750,hsr,5.45,6.74,436.174,64.71424332344213,False,True,True,implied_duration_gt_30s; known_bad_fixture
1167.0,2025-06-14,1322784,65537,half_2,21,bottom,3751,sprint,6.95,7.94,909.638,114.5639798488665,False,True,True,implied_duration_gt_30s; known_bad_fixture
1167.0,2025-06-14,1322786,65537,half_2,21,top,3750,hsr,5.43,6.14,379.4232,61.79530944625407,False,True,True,implied_duration_gt_30s; known_bad_fixture
1167.0,2025-06-14,1322785,65537,half_2,25,bottom,3750,sprint,6.95,7.67,375.6548,48.97715775749674,False,True,True,implied_duration_gt_30s; known_bad_fixture
1167.0,2025-06-14,1322790,65537,half_2,26,middle,3750,sprint,6.95,9.07,1036.21,114.24586549062845,False,True,True,implied_duration_gt_30s; known_bad_fixture
1167.0,2025-06-14,1322792,65537,half_2,31,top,3751,hsr,5.52,6.9,341.90360000000004,49.5512463768116,False,True,True,implied_duration_gt_30s; known_bad_fixture
1167.0,2025-06-14,1322794,65537,half_2,34,bottom,3751,hsr,5.52,6.8,685.9300000000001,100.87205882352943,False,True,True,implied_duration_gt_30s; known_bad_fixture
1167.0,2025-06-14,1322796,65537,half_2,37,middle,3750,hsr,5.5,6.62,325.7176,49.202054380664656,False,True,True,implied_duration_gt_30s; known_bad_fixture
1167.0,2025-06-14,1322797,65537,half_2,41,middle,3750,hsr,5.54,6.4,214.7756,33.5586875,False,True,True,implied_duration_gt_30s; known_bad_fixture
1167.0,2025-06-14,1322798,65537,half_2,41,middle,3751,hsr,5.38,6.88,554.3352,80.57197674418605,False,True,True,implied_duration_gt_30s; known_bad_fixture
1167.0,2025-06-14,1322799,65537,half_2,45,bottom,3751,hsr,5.5,6.74,290.9732,43.171097922848666,False,True,True,implied_duration_gt_30s; known_bad_fixture
1167.0,2025-06-14,1323384,65538,half_2,1,middle,3751,hsr,5.45,6.91,314.89919999999995,45.57151953690303,False,True,True,implied_duration_gt_30s; known_bad_fixture
1167.0,2025-06-14,1323382,65538,half_2,3,middle,3750,sprint,6.92,7.11,266.6144,37.49850914205344,False,True,True,implied_duration_gt_30s; known_bad_fixture
1167.0,2025-06-14,1323385,65538,half_2,3,bottom,3751,hsr,5.35,6.85,818.2244,119.44881751824818,False,True,True,implied_duration_gt_30s; known_bad_fixture
1167.0,2025-06-14,1323386,65538,half_2,3,middle,3750,hsr,5.44,6.92,243.724,35.22023121387283,False,True,True,implied_duration_gt_30s; known_bad_fixture
1167.0,2025-06-14,1323387,65538,half_2,3,top,3750,hsr,5.49,6.9,348.122,50.45246376811594,False,True,True,implied_duration_gt_30s; known_bad_fixture
1167.0,2025-06-14,1323383,65538,half_2,5,top,3750,sprint,6.93,7.07,336.5436,47.60164073550212,False,True,True,implied_duration_gt_30s; known_bad_fixture
1167.0,2025-06-14,1323388,65538,half_2,5,middle,3750,hsr,5.45,6.92,594.362,85.89046242774566,False,True,True,implied_duration_gt_30s; known_bad_fixture
1167.0,2025-06-14,1323390,65538,half_2,7,middle,3751,hsr,5.4,5.77,263.53000000000003,45.67244367417678,False,True,True,implied_duration_gt_30s; known_bad_fixture
1167.0,2025-06-14,1323391,65538,half_2,7,middle,3751,hsr,5.39,6.25,678.0652,108.490432,False,True,True,implied_duration_gt_30s; known_bad_fixture
1167.0,2025-06-14,1323392,65538,half_2,8,bottom,3751,hsr,5.44,6.4,580.3568,90.68075,False,True,True,implied_duration_gt_30s; known_bad_fixture
1167.0,2025-06-14,1323393,65538,half_2,9,bottom,3750,hsr,5.38,6.73,420.7516,62.518811292719164,False,True,True,implied_duration_gt_30s; known_bad_fixture
1167.0,2025-06-14,1323395,65538,half_2,10,bottom,3750,hsr,5.55,6.22,193.174,31.056913183279747,False,True,True,implied_duration_gt_30s; known_bad_fixture
1167.0,2025-06-14,1323396,65538,half_2,12,middle,3751,hsr,5.46,6.23,198.7776,31.906516853932583,False,True,True,implied_duration_gt_30s; known_bad_fixture
1167.0,2025-06-14,1323397,65538,half_2,13,top,3750,hsr,5.39,6.04,358.28159999999997,59.31814569536423,False,True,True,implied_duration_gt_30s; known_bad_fixture
1167.0,2025-06-14,1323400,65538,half_2,14,top,3750,hsr,5.43,5.7,318.17040000000003,55.81936842105264,False,True,True,implied_duration_gt_30s; known_bad_fixture
1167.0,2025-06-14,1323401,65538,half_2,17,middle,3751,hsr,5.44,6.2,411.712,66.40516129032258,False,True,True,implied_duration_gt_30s; known_bad_fixture
1167.0,2025-06-14,1323403,65538,half_2,18,top,3750,hsr,5.41,6.51,780.9236000000001,119.95754224270355,False,True,True,implied_duration_gt_30s; known_bad_fixture
1167.0,2025-06-14,1323405,65538,half_2,21,top,3750,hsr,5.39,6.21,303.984,48.950724637681155,False,True,True,implied_duration_gt_30s; known_bad_fixture
1167.0,2025-06-14,1323406,65538,half_2,21,bottom,3751,hsr,5.43,6.08,413.42,67.9967105263158,False,True,True,implied_duration_gt_30s; known_bad_fixture
1167.0,2025-06-14,1323407,65538,half_2,23,bottom,3750,hsr,5.52,6.13,197.5268,32.22296900489397,False,True,True,implied_duration_gt_30s; known_bad_fixture
1167.0,2025-06-14,1323408,65538,half_2,25,middle,3751,hsr,5.4,6.22,293.28119999999996,47.15131832797427,False,True,True,implied_duration_gt_30s; known_bad_fixture
1167.0,2025-06-14,1323409,65538,half_2,25,top,3751,hsr,5.44,5.82,259.8904,44.654707903780064,False,True,True,implied_duration_gt_30s; known_bad_fixture
1167.0,2025-06-14,1323411,65538,half_2,26,top,3750,hsr,5.43,6.78,1019.686,150.3961651917404,False,True,True,implied_duration_gt_30s; known_bad_fixture
1167.0,2025-06-14,1323412,65538,half_2,27,bottom,3751,hsr,5.41,5.86,398.576,68.01638225255972,False,True,True,implied_duration_gt_30s; known_bad_fixture
1167.0,2025-06-14,1323413,65538,half_2,28,top,3751,hsr,5.45,7.13,387.072,54.28779803646564,False,True,True,implied_duration_gt_30s; known_bad_fixture
1167.0,2025-06-14,1323414,65538,half_2,29,middle,3751,hsr,5.49,6.1,202.4056,33.18124590163934,False,True,True,implied_duration_gt_30s; known_bad_fixture
1167.0,2025-06-14,1323410,65538,half_2,30,top,3750,sprint,6.93,7.47,325.7904,43.61317269076305,False,True,True,implied_duration_gt_30s; known_bad_fixture
1167.0,2025-06-14,1323419,65538,half_2,33,top,3750,hsr,5.43,6.28,410.9392,65.43617834394905,False,True,True,implied_duration_gt_30s; known_bad_fixture
1167.0,2025-06-14,1323420,65538,half_2,34,middle,3751,hsr,5.42,6.59,428.048,64.95417298937785,False,True,True,implied_duration_gt_30s; known_bad_fixture
1167.0,2025-06-14,1323421,65538,half_2,37,bottom,3751,sprint,6.97,7.23,219.5092,30.36088520055325,False,True,True,implied_duration_gt_30s; known_bad_fixture
1167.0,2025-06-14,1323422,65538,half_2,37,middle,3751,hsr,5.38,6.94,227.8804,32.83579250720461,False,True,True,implied_duration_gt_30s; known_bad_fixture
1167.0,2025-06-14,1323424,65538,half_2,39,top,3750,hsr,5.46,6.63,684.8956,103.30250377073907,False,True,True,implied_duration_gt_30s; known_bad_fixture
1167.0,2025-06-14,1323425,65538,half_2,39,top,3750,hsr,5.43,6.42,402.6664,62.7206230529595,False,True,True,implied_duration_gt_30s; known_bad_fixture
1167.0,2025-06-14,1323426,65538,half_2,40,top,3750,hsr,5.45,6.38,330.1804,51.75241379310345,False,True,True,implied_duration_gt_30s; known_bad_fixture
1167.0,2025-06-14,1323428,65538,half_2,42,middle,3750,hsr,5.34,6.37,671.8952,105.47805337519624,False,True,True,implied_duration_gt_30s; known_bad_fixture
1167.0,2025-06-14,1323430,65538,half_2,46,middle,3750,hsr,5.42,6.71,321.10360000000003,47.85448584202683,False,True,True,implied_duration_gt_30s; known_bad_fixture
1167.0,2025-06-14,1323431,65538,half_2,46,middle,3750,hsr,5.44,5.85,475.1608,81.22406837606837,False,True,True,implied_duration_gt_30s; known_bad_fixture
1167.0,2025-06-14,1323432,65538,half_2,47,top,3750,hsr,5.45,5.89,273.5396,46.44135823429542,False,True,True,implied_duration_gt_30s; known_bad_fixture
1167.0,2025-06-14,1323433,65538,half_2,47,middle,3751,hsr,5.46,6.93,747.8907999999999,107.92075036075035,False,True,True,implied_duration_gt_30s; known_bad_fixture
1167.0,2025-06-14,1323434,65538,half_2,47,middle,3751,hsr,5.42,6.06,376.6828,62.15887788778878,False,True,True,implied_duration_gt_30s; known_bad_fixture
1167.0,2025-06-14,1322800,65539,half_1,1,middle,3750,hsr,5.49,6.49,265.8972,40.970292758089364,False,True,True,implied_duration_gt_30s; known_bad_fixture
1167.0,2025-06-14,1322801,65539,half_1,3,top,3751,hsr,5.51,6.47,296.6416,45.848778979907266,False,True,True,implied_duration_gt_30s; known_bad_fixture
1167.0,2025-06-14,1322802,65539,half_1,5,middle,3750,hsr,5.45,6.29,290.308,46.15389507154213,False,True,True,implied_duration_gt_30s; known_bad_fixture
1167.0,2025-06-14,1322803,65539,half_1,7,top,3750,hsr,5.38,6.42,404.2824,62.97233644859813,False,True,True,implied_duration_gt_30s; known_bad_fixture
1167.0,2025-06-14,1322804,65539,half_1,13,middle,3750,hsr,5.51,6.17,191.9188,31.10515397082658,False,True,True,implied_duration_gt_30s; known_bad_fixture
1167.0,2025-06-14,1322805,65539,half_1,16,top,3750,sprint,6.95,8.38,692.6656,82.65699284009547,False,True,True,implied_duration_gt_30s; known_bad_fixture
1167.0,2025-06-14,1322806,65539,half_1,16,middle,3751,hsr,5.48,6.89,603.6072,87.60626995645865,False,True,True,implied_duration_gt_30s; known_bad_fixture
1167.0,2025-06-14,1322807,65539,half_1,19,top,3751,hsr,5.45,5.71,172.4952,30.20931698774081,False,True,True,implied_duration_gt_30s; known_bad_fixture
1167.0,2025-06-14,1322808,65539,half_1,20,middle,3750,hsr,5.42,6.2,335.27599999999995,54.07677419354838,False,True,True,implied_duration_gt_30s; known_bad_fixture
1167.0,2025-06-14,1322810,65539,half_1,22,top,3750,hsr,5.46,5.89,187.014,31.751103565365028,False,True,True,implied_duration_gt_30s; known_bad_fixture
1167.0,2025-06-14,1322809,65539,half_1,24,top,3750,sprint,6.95,7.62,307.3048,40.32871391076115,False,True,True,implied_duration_gt_30s; known_bad_fixture
1167.0,2025-06-14,1322814,65539,half_1,27,bottom,3751,hsr,5.38,6.41,304.02840000000003,47.43032761310453,False,True,True,implied_duration_gt_30s; known_bad_fixture
1167.0,2025-06-14,1322812,65539,half_1,28,middle,3751,sprint,6.95,7.8,333.8668,42.8034358974359,False,True,True,implied_duration_gt_30s; known_bad_fixture
1167.0,2025-06-14,1322813,65539,half_1,30,middle,3750,sprint,6.97,8.89,886.4839999999999,99.71698537682788,False,True,True,implied_duration_gt_30s; known_bad_fixture
1167.0,2025-06-14,1322816,65539,half_1,32,middle,3750,sprint,6.94,8.7,882.83,101.47471264367817,False,True,True,implied_duration_gt_30s; known_bad_fixture
1167.0,2025-06-14,1322820,65539,half_1,33,top,3750,hsr,5.44,6.91,466.9692,67.57875542691751,False,True,True,implied_duration_gt_30s; known_bad_fixture
1167.0,2025-06-14,1322821,65539,half_1,37,bottom,3751,hsr,5.46,7.14,341.0184,47.76168067226891,False,True,True,implied_duration_gt_30s; known_bad_fixture
1167.0,2025-06-14,1322822,65539,half_1,39,bottom,3751,hsr,5.44,5.98,264.2148,44.183076923076925,False,True,True,implied_duration_gt_30s; known_bad_fixture
1167.0,2025-06-14,1322823,65539,half_1,41,top,3750,hsr,5.42,6.72,897.5443999999999,133.56315476190474,False,True,True,implied_duration_gt_30s; known_bad_fixture
1167.0,2025-06-14,1322824,65539,half_1,43,middle,3750,hsr,5.44,5.69,177.9588,31.275711775043934,False,True,True,implied_duration_gt_30s; known_bad_fixture
1167.0,2025-06-14,1322827,65539,half_1,46,top,3750,sprint,6.95,8.25,917.5924,111.2233212121212,False,True,True,implied_duration_gt_30s; known_bad_fixture
1167.0,2025-06-14,1323626,65540,half_2,17,top,3751,hsr,5.43,6.9,307.1044,44.50788405797101,False,True,True,implied_duration_gt_30s; known_bad_fixture
1167.0,2025-06-14,1323627,65540,half_2,17,middle,3751,hsr,5.42,5.66,434.0496,76.68720848056537,False,True,True,implied_duration_gt_30s; known_bad_fixture
1167.0,2025-06-14,1323624,65540,half_2,18,middle,3750,sprint,6.89,8.82,1086.6519999999998,123.20317460317457,False,True,True,implied_duration_gt_30s; known_bad_fixture
1167.0,2025-06-14,1323628,65540,half_2,18,top,3750,hsr,5.42,6.85,522.3672,76.25798540145986,False,True,True,implied_duration_gt_30s; known_bad_fixture
1167.0,2025-06-14,1323625,65540,half_2,20,top,3751,sprint,6.98,7.51,275.508,36.68548601864181,False,True,True,implied_duration_gt_30s; known_bad_fixture
1167.0,2025-06-14,1323632,65540,half_2,21,bottom,3751,hsr,5.42,5.87,387.4284,66.00143100511073,False,True,True,implied_duration_gt_30s; known_bad_fixture
1167.0,2025-06-14,1323633,65540,half_2,23,bottom,3750,hsr,5.53,6.31,213.0056,33.75683042789223,False,True,True,implied_duration_gt_30s; known_bad_fixture
1167.0,2025-06-14,1323630,65540,half_2,25,middle,3751,sprint,6.96,8.15,389.3032,47.76726380368098,False,True,True,implied_duration_gt_30s; known_bad_fixture
1167.0,2025-06-14,1323637,65540,half_2,26,middle,3750,hsr,5.41,6.97,1086.7348,155.91604017216642,False,True,True,implied_duration_gt_30s; known_bad_fixture
1167.0,2025-06-14,1323638,65540,half_2,27,middle,3751,hsr,5.41,5.98,478.0996,79.94976588628762,False,True,True,implied_duration_gt_30s; known_bad_fixture
1167.0,2025-06-14,1323636,65540,half_2,30,middle,3750,sprint,6.94,7.77,392.8348,50.55788931788932,False,True,True,implied_duration_gt_30s; known_bad_fixture
1167.0,2025-06-14,1323640,65540,half_2,30,top,3750,hsr,5.54,6.89,375.4424,54.49091436865022,False,True,True,implied_duration_gt_30s; known_bad_fixture
1167.0,2025-06-14,1323643,65540,half_2,33,top,3750,hsr,5.43,5.84,220.34999999999997,37.73116438356164,False,True,True,implied_duration_gt_30s; known_bad_fixture
1167.0,2025-06-14,1323645,65540,half_2,42,top,3751,sprint,7.01,7.4,237.1384,32.04572972972973,False,True,True,implied_duration_gt_30s; known_bad_fixture
1167.0,2025-06-14,1323647,65540,half_2,42,top,3750,hsr,5.45,5.79,185.1672,31.980518134715027,False,True,True,implied_duration_gt_30s; known_bad_fixture
1167.0,2025-06-14,1323649,65540,half_2,47,middle,3751,sprint,6.91,7.28,219.8728,30.20230769230769,False,True,True,implied_duration_gt_30s; known_bad_fixture
1167.0,2025-06-14,1323650,65540,half_2,47,top,3750,hsr,5.46,6.47,488.0732,75.43635239567233,False,True,True,implied_duration_gt_30s; known_bad_fixture
1167.0,2025-06-14,1323651,65540,half_2,47,top,3751,hsr,5.46,6.88,549.4272,79.85860465116279,False,True,True,implied_duration_gt_30s; known_bad_fixture
1167.0,2025-06-14,1323435,65541,half_2,3,bottom,3751,hsr,5.45,6.89,821.7904,119.27291727140783,False,True,True,implied_duration_gt_30s; known_bad_fixture
1167.0,2025-06-14,1323436,65541,half_2,5,middle,3750,hsr,5.44,5.98,240.7676,40.26214046822742,False,True,True,implied_duration_gt_30s; known_bad_fixture
1167.0,2025-06-14,1323437,65541,half_2,7,middle,3751,sprint,6.99,7.58,262.4152,34.619419525065965,False,True,True,implied_duration_gt_30s; known_bad_fixture
1167.0,2025-06-14,1323439,65541,half_2,8,bottom,3751,hsr,5.41,6.49,618.4476,95.29238828967641,False,True,True,implied_duration_gt_30s; known_bad_fixture
1167.0,2025-06-14,1323441,65541,half_2,12,bottom,3751,hsr,5.41,6.36,472.444,74.28364779874214,False,True,True,implied_duration_gt_30s; known_bad_fixture
1167.0,2025-06-14,1323440,65541,half_2,13,top,3750,sprint,6.9,7.2,317.652,44.11833333333333,False,True,True,implied_duration_gt_30s; known_bad_fixture
1167.0,2025-06-14,1323442,65541,half_2,13,top,3750,hsr,5.43,6.89,412.0336,59.80168359941945,False,True,True,implied_duration_gt_30s; known_bad_fixture
1167.0,2025-06-14,1323445,65541,half_2,17,middle,3751,hsr,5.45,6.04,553.4552000000001,91.63165562913909,False,True,True,implied_duration_gt_30s; known_bad_fixture
1167.0,2025-06-14,1323447,65541,half_2,21,bottom,3751,sprint,6.92,8.47,778.7872,91.94654073199527,False,True,True,implied_duration_gt_30s; known_bad_fixture
1167.0,2025-06-14,1323448,65541,half_2,25,middle,3751,sprint,6.96,7.73,460.266,59.542820181112546,False,True,True,implied_duration_gt_30s; known_bad_fixture
1167.0,2025-06-14,1323452,65541,half_2,27,middle,3751,hsr,5.47,6.85,1213.2004,177.1095474452555,False,True,True,implied_duration_gt_30s; known_bad_fixture
1167.0,2025-06-14,1323453,65541,half_2,30,top,3750,hsr,5.42,5.96,228.3808,38.318926174496646,False,True,True,implied_duration_gt_30s; known_bad_fixture
1167.0,2025-06-14,1323454,65541,half_2,30,top,3751,hsr,5.5,6.91,275.7864,39.911201157742404,False,True,True,implied_duration_gt_30s; known_bad_fixture
1167.0,2025-06-14,1323455,65541,half_2,30,middle,3751,hsr,5.4,6.13,406.7364,66.35177814029365,False,True,True,implied_duration_gt_30s; known_bad_fixture
1167.0,2025-06-14,1323456,65541,half_2,31,top,3750,sprint,6.86,7.84,1112.4268,141.89117346938775,False,True,True,implied_duration_gt_30s; known_bad_fixture
1167.0,2025-06-14,1323457,65541,half_2,31,middle,3750,hsr,5.45,6.89,238.8076,34.6600290275762,False,True,True,implied_duration_gt_30s; known_bad_fixture
1167.0,2025-06-14,1323458,65541,half_2,37,middle,3751,sprint,6.96,8.92,837.8776,93.932466367713,False,True,True,implied_duration_gt_30s; known_bad_fixture
1167.0,2025-06-14,1323459,65541,half_2,39,middle,3750,sprint,6.96,8.45,709.0840000000001,83.91526627218936,False,True,True,implied_duration_gt_30s; known_bad_fixture
1167.0,2025-06-14,1323462,65541,half_2,43,top,3751,hsr,5.39,6.44,318.3,49.42546583850932,False,True,True,implied_duration_gt_30s; known_bad_fixture
1167.0,2025-06-14,1323464,65541,half_2,47,top,3750,sprint,6.91,8.16,863.8444,105.86328431372549,False,True,True,implied_duration_gt_30s; known_bad_fixture
1167.0,2025-06-14,1323466,65541,half_2,47,middle,3751,hsr,5.39,5.72,440.1088,76.9420979020979,False,True,True,implied_duration_gt_30s; known_bad_fixture
1167.0,2025-06-14,1323467,65541,half_2,47,middle,3751,hsr,5.38,6.21,790.5803999999999,127.30763285024153,False,True,True,implied_duration_gt_30s; known_bad_fixture
1167.0,2025-06-14,1323678,65542,half_2,25,bottom,3750,hsr,5.47,6.11,220.3192,36.058788870703765,False,True,True,implied_duration_gt_30s; known_bad_fixture
1167.0,2025-06-14,1323679,65542,half_2,26,top,3750,sprint,6.91,8.35,724.3684,86.75070658682634,False,True,True,implied_duration_gt_30s; known_bad_fixture
1167.0,2025-06-14,1323683,65542,half_2,26,middle,3751,hsr,5.48,5.8,191.1152,32.950896551724135,False,True,True,implied_duration_gt_30s; known_bad_fixture
1167.0,2025-06-14,1323680,65542,half_2,27,middle,3751,sprint,6.93,7.31,579.7212,79.30522571819425,False,True,True,implied_duration_gt_30s; known_bad_fixture
1167.0,2025-06-14,1323685,65542,half_2,27,middle,3751,hsr,5.5,6.91,620.6612,89.82072358900145,False,True,True,implied_duration_gt_30s; known_bad_fixture
1167.0,2025-06-14,1323681,65542,half_2,28,top,3750,sprint,6.95,8.46,488.1264,57.698156028368786,False,True,True,implied_duration_gt_30s; known_bad_fixture
1167.0,2025-06-14,1323687,65542,half_2,28,top,3750,hsr,5.46,6.04,236.7908,39.203774834437084,False,True,True,implied_duration_gt_30s; known_bad_fixture
1167.0,2025-06-14,1323682,65542,half_2,30,top,3750,sprint,6.92,7.46,332.7076,44.59887399463807,False,True,True,implied_duration_gt_30s; known_bad_fixture
1167.0,2025-06-14,1323689,65542,half_2,30,middle,3750,hsr,5.5,6.89,449.0552,65.17492017416546,False,True,True,implied_duration_gt_30s; known_bad_fixture
1167.0,2025-06-14,1323690,65542,half_2,30,middle,3751,hsr,5.41,6.96,702.3295999999999,100.90942528735631,False,True,True,implied_duration_gt_30s; known_bad_fixture
1167.0,2025-06-14,1323691,65542,half_2,31,top,3750,sprint,6.97,8.17,413.804,50.649204406364746,False,True,True,implied_duration_gt_30s; known_bad_fixture
1167.0,2025-06-14,1323692,65542,half_2,31,top,3750,sprint,6.99,7.38,229.1736,31.053333333333335,False,True,True,implied_duration_gt_30s; known_bad_fixture
1167.0,2025-06-14,1323694,65542,half_2,35,top,3750,hsr,5.37,6.54,326.35479999999995,49.90134556574923,False,True,True,implied_duration_gt_30s; known_bad_fixture
1167.0,2025-06-14,1323695,65542,half_2,39,top,3750,sprint,6.95,9.36,1135.6883999999998,121.33423076923076,False,True,True,implied_duration_gt_30s; known_bad_fixture
1167.0,2025-06-14,1323697,65542,half_2,42,top,3750,hsr,5.57,6.56,218.0304,33.23634146341463,False,True,True,implied_duration_gt_30s; known_bad_fixture
1167.0,2025-06-14,1323698,65542,half_2,42,top,3750,hsr,5.51,6.13,221.28599999999997,36.09885807504078,False,True,True,implied_duration_gt_30s; known_bad_fixture
1167.0,2025-06-14,1323700,65542,half_2,46,middle,3750,hsr,5.52,6.26,199.5456,31.876293929712464,False,True,True,implied_duration_gt_30s; known_bad_fixture
1167.0,2025-06-14,1323699,65542,half_2,47,top,3750,sprint,7.01,9.72,912.2928,93.85728395061729,False,True,True,implied_duration_gt_30s; known_bad_fixture
1167.0,2025-06-14,1322829,65543,half_1,1,middle,3750,hsr,5.4,6.52,401.6308,61.59981595092025,False,True,True,implied_duration_gt_30s; known_bad_fixture
1167.0,2025-06-14,1322830,65543,half_1,1,top,3751,hsr,5.43,6.74,513.0944,76.126765578635,False,True,True,implied_duration_gt_30s; known_bad_fixture
1167.0,2025-06-14,1322831,65543,half_1,3,bottom,3751,hsr,5.4,6.62,988.7384,149.35625377643504,False,True,True,implied_duration_gt_30s; known_bad_fixture
1167.0,2025-06-14,1322832,65543,half_1,3,bottom,3750,hsr,5.42,6.88,623.4732,90.6211046511628,False,True,True,implied_duration_gt_30s; known_bad_fixture
1167.0,2025-06-14,1322833,65543,half_1,7,bottom,3750,sprint,7.0,8.01,316.8924,39.56209737827716,False,True,True,implied_duration_gt_30s; known_bad_fixture
1167.0,2025-06-14,1322834,65543,half_1,8,top,3751,hsr,5.39,6.68,288.2068,43.144730538922154,False,True,True,implied_duration_gt_30s; known_bad_fixture
1167.0,2025-06-14,1322835,65543,half_1,13,middle,3751,sprint,7.0,7.84,313.52639999999997,39.99061224489795,False,True,True,implied_duration_gt_30s; known_bad_fixture
1167.0,2025-06-14,1322837,65543,half_1,13,top,3751,hsr,5.45,6.06,248.442,40.9970297029703,False,True,True,implied_duration_gt_30s; known_bad_fixture
1167.0,2025-06-14,1322838,65543,half_1,14,middle,3751,hsr,5.57,7.02,459.6296,65.474301994302,False,True,True,implied_duration_gt_30s; known_bad_fixture
1167.0,2025-06-14,1322836,65543,half_1,15,bottom,3751,sprint,6.88,7.85,401.5376,51.15128662420383,False,True,True,implied_duration_gt_30s; known_bad_fixture
1167.0,2025-06-14,1322839,65543,half_1,16,top,3750,sprint,6.94,8.39,897.7148,106.99818831942788,False,True,True,implied_duration_gt_30s; known_bad_fixture
1167.0,2025-06-14,1322842,65543,half_1,19,top,3750,hsr,5.45,6.1,297.182,48.71836065573771,False,True,True,implied_duration_gt_30s; known_bad_fixture
1167.0,2025-06-14,1322843,65543,half_1,19,middle,3750,hsr,5.45,6.67,357.7656,53.63802098950525,False,True,True,implied_duration_gt_30s; known_bad_fixture
1167.0,2025-06-14,1322844,65543,half_1,20,middle,3750,hsr,5.51,6.73,290.8072,43.210579494799404,False,True,True,implied_duration_gt_30s; known_bad_fixture
1167.0,2025-06-14,1322845,65543,half_1,21,top,3750,sprint,6.97,8.61,510.198,59.25644599303136,False,True,True,implied_duration_gt_30s; known_bad_fixture
1167.0,2025-06-14,1322846,65543,half_1,21,bottom,3751,sprint,6.9,8.85,692.1216000000001,78.20583050847459,False,True,True,implied_duration_gt_30s; known_bad_fixture
1167.0,2025-06-14,1322847,65543,half_1,22,middle,3751,sprint,6.89,7.96,649.9055999999999,81.64643216080401,False,True,True,implied_duration_gt_30s; known_bad_fixture
1167.0,2025-06-14,1322850,65543,half_1,22,middle,3751,hsr,5.41,6.91,209.1912,30.273690303907383,False,True,True,implied_duration_gt_30s; known_bad_fixture
1167.0,2025-06-14,1322851,65543,half_1,22,bottom,3751,hsr,5.52,6.86,536.4184,78.19510204081632,False,True,True,implied_duration_gt_30s; known_bad_fixture
1167.0,2025-06-14,1322848,65543,half_1,25,bottom,3751,sprint,6.94,8.8,584.0015999999999,66.36381818181817,False,True,True,implied_duration_gt_30s; known_bad_fixture
1167.0,2025-06-14,1322852,65543,half_1,27,bottom,3751,sprint,6.91,8.6,558.3728,64.92706976744186,False,True,True,implied_duration_gt_30s; known_bad_fixture
1167.0,2025-06-14,1322854,65543,half_1,28,top,3751,hsr,5.41,6.43,519.7344,80.82961119751168,False,True,True,implied_duration_gt_30s; known_bad_fixture
1167.0,2025-06-14,1322855,65543,half_1,30,top,3750,hsr,5.4,6.42,494.1048,76.96336448598132,False,True,True,implied_duration_gt_30s; known_bad_fixture
1167.0,2025-06-14,1322856,65543,half_1,32,middle,3750,hsr,5.4,5.9,306.5788,51.96250847457627,False,True,True,implied_duration_gt_30s; known_bad_fixture
1167.0,2025-06-14,1322857,65543,half_1,33,top,3750,hsr,5.41,6.29,446.9696,71.06034976152624,False,True,True,implied_duration_gt_30s; known_bad_fixture
1167.0,2025-06-14,1322858,65543,half_1,34,middle,3751,hsr,5.43,5.76,264.09839999999997,45.85041666666666,False,True,True,implied_duration_gt_30s; known_bad_fixture
1167.0,2025-06-14,1322859,65543,half_1,35,bottom,3751,hsr,5.34,6.73,432.2724,64.23066864784546,False,True,True,implied_duration_gt_30s; known_bad_fixture
1167.0,2025-06-14,1322860,65543,half_1,35,bottom,3750,hsr,5.52,6.81,435.68,63.97650513950074,False,True,True,implied_duration_gt_30s; known_bad_fixture
1167.0,2025-06-14,1322862,65543,half_1,40,middle,3750,hsr,5.47,6.44,245.6888,38.15043478260869,False,True,True,implied_duration_gt_30s; known_bad_fixture
1167.0,2025-06-14,1322864,65543,half_1,41,top,3750,hsr,5.5,6.12,209.1688,34.17790849673202,False,True,True,implied_duration_gt_30s; known_bad_fixture
1167.0,2025-06-14,1322865,65543,half_1,43,middle,3750,hsr,5.51,6.34,237.9928,37.538296529968456,False,True,True,implied_duration_gt_30s; known_bad_fixture
1167.0,2025-06-14,1322866,65543,half_1,43,top,3750,hsr,5.46,6.58,317.1284,48.19580547112462,False,True,True,implied_duration_gt_30s; known_bad_fixture
1167.0,2025-06-14,1322863,65543,half_1,44,bottom,3751,sprint,6.96,8.75,660.4116,75.47561142857143,False,True,True,implied_duration_gt_30s; known_bad_fixture
1167.0,2025-06-14,1322868,65543,half_1,46,middle,3750,sprint,6.93,8.97,896.9440000000001,99.99375696767001,False,True,True,implied_duration_gt_30s; known_bad_fixture
1167.0,2025-06-14,1322871,65543,half_1,47,middle,3751,hsr,5.5,6.78,285.8284,42.15758112094395,False,True,True,implied_duration_gt_30s; known_bad_fixture
1167.0,2025-06-14,1323469,65544,half_2,2,bottom,3751,sprint,6.96,8.41,422.1764,50.199334126040426,False,True,True,implied_duration_gt_30s; known_bad_fixture
1167.0,2025-06-14,1323470,65544,half_2,3,bottom,3751,sprint,6.94,7.71,563.1604,73.04285343709468,False,True,True,implied_duration_gt_30s; known_bad_fixture
1167.0,2025-06-14,1323471,65544,half_2,3,middle,3750,sprint,6.98,8.92,637.5168,71.4704932735426,False,True,True,implied_duration_gt_30s; known_bad_fixture
1167.0,2025-06-14,1323474,65544,half_2,4,bottom,3751,hsr,5.46,6.66,288.2004,43.27333333333333,False,True,True,implied_duration_gt_30s; known_bad_fixture
1167.0,2025-06-14,1323475,65544,half_2,5,top,3750,hsr,5.38,6.96,595.2728,85.52770114942528,False,True,True,implied_duration_gt_30s; known_bad_fixture
1167.0,2025-06-14,1323476,65544,half_2,7,middle,3751,hsr,5.49,6.07,196.09239999999997,32.30517298187808,False,True,True,implied_duration_gt_30s; known_bad_fixture
1167.0,2025-06-14,1323477,65544,half_2,8,bottom,3751,hsr,5.39,6.43,340.642,52.976982892690515,False,True,True,implied_duration_gt_30s; known_bad_fixture
1167.0,2025-06-14,1323478,65544,half_2,9,bottom,3750,hsr,5.43,5.81,299.6708,51.57845094664372,False,True,True,implied_duration_gt_30s; known_bad_fixture
1167.0,2025-06-14,1323479,65544,half_2,13,top,3750,sprint,6.96,9.51,663.8168,69.80197686645636,False,True,True,implied_duration_gt_30s; known_bad_fixture
1167.0,2025-06-14,1323480,65544,half_2,16,middle,3750,sprint,6.96,7.84,426.5012,54.40066326530612,False,True,True,implied_duration_gt_30s; known_bad_fixture
1167.0,2025-06-14,1323481,65544,half_2,17,middle,3751,hsr,5.4,5.6,226.1288,40.380142857142864,False,True,True,implied_duration_gt_30s; known_bad_fixture
1167.0,2025-06-14,1323482,65544,half_2,21,bottom,3751,sprint,6.94,7.47,538.1568,72.04240963855422,False,True,True,implied_duration_gt_30s; known_bad_fixture
1167.0,2025-06-14,1323483,65544,half_2,21,middle,3750,hsr,5.4,7.08,408.5968,57.71141242937853,False,True,True,implied_duration_gt_30s; known_bad_fixture
1167.0,2025-06-14,1323486,65544,half_2,23,bottom,3750,hsr,5.49,6.13,197.1316,32.15849918433931,False,True,True,implied_duration_gt_30s; known_bad_fixture
1167.0,2025-06-14,1323488,65544,half_2,26,middle,3750,sprint,6.89,7.62,1039.9096,136.47107611548554,False,True,True,implied_duration_gt_30s; known_bad_fixture
1167.0,2025-06-14,1323489,65544,half_2,30,top,3750,sprint,6.96,8.77,963.0096,109.807251995439,False,True,True,implied_duration_gt_30s; known_bad_fixture
1167.0,2025-06-14,1323493,65544,half_2,31,top,3750,hsr,5.47,6.27,242.2296,38.63311004784689,False,True,True,implied_duration_gt_30s; known_bad_fixture
1167.0,2025-06-14,1323494,65544,half_2,32,middle,3750,hsr,5.45,6.98,387.2348,55.47776504297994,False,True,True,implied_duration_gt_30s; known_bad_fixture
1167.0,2025-06-14,1323492,65544,half_2,33,top,3750,sprint,6.95,7.98,598.1795999999999,74.95984962406014,False,True,True,implied_duration_gt_30s; known_bad_fixture
1167.0,2025-06-14,1323495,65544,half_2,33,top,3751,hsr,5.41,6.36,466.5796,73.36157232704403,False,True,True,implied_duration_gt_30s; known_bad_fixture
1167.0,2025-06-14,1323497,65544,half_2,39,top,3750,sprint,6.97,8.6,645.9904,75.11516279069768,False,True,True,implied_duration_gt_30s; known_bad_fixture
1167.0,2025-06-14,1323501,65544,half_2,40,top,3751,hsr,5.52,7.27,339.3824,46.68258596973866,False,True,True,implied_duration_gt_30s; known_bad_fixture
1167.0,2025-06-14,1323502,65544,half_2,40,middle,3751,hsr,5.38,6.9,504.412,73.1031884057971,False,True,True,implied_duration_gt_30s; known_bad_fixture
1167.0,2025-06-14,1323504,65544,half_2,41,top,3750,hsr,5.44,5.78,213.6556,36.96463667820069,False,True,True,implied_duration_gt_30s; known_bad_fixture
1167.0,2025-06-14,1323503,65544,half_2,42,top,3750,sprint,7.0,7.6,277.5908,36.5251052631579,False,True,True,implied_duration_gt_30s; known_bad_fixture
1167.0,2025-06-14,1323505,65544,half_2,42,middle,3750,hsr,5.45,7.28,325.9916,44.77906593406593,False,True,True,implied_duration_gt_30s; known_bad_fixture
1167.0,2025-06-14,1323506,65544,half_2,47,top,3750,sprint,6.95,8.98,854.8708000000001,95.19719376391983,False,True,True,implied_duration_gt_30s; known_bad_fixture
1167.0,2025-06-14,1323377,65545,half_1,21,bottom,3750,sprint,6.99,8.08,259.4048,32.104554455445545,False,True,True,implied_duration_gt_30s; known_bad_fixture
1167.0,2025-06-14,1323379,65545,half_1,32,middle,3750,sprint,6.98,8.28,263.1916,31.78642512077295,False,True,True,implied_duration_gt_30s; known_bad_fixture
1167.0,2025-06-14,1323380,65545,half_1,32,middle,3750,hsr,5.48,6.12,226.7712,37.054117647058824,False,True,True,implied_duration_gt_30s; known_bad_fixture
1167.0,2025-06-14,1322872,65546,half_1,1,bottom,3750,sprint,6.98,8.56,467.3156,54.59294392523364,False,True,True,implied_duration_gt_30s; known_bad_fixture
1167.0,2025-06-14,1322873,65546,half_1,16,bottom,3750,sprint,6.91,8.72,703.5803999999999,80.68582568807338,False,True,True,implied_duration_gt_30s; known_bad_fixture
1167.0,2025-06-14,1322877,65546,half_1,22,middle,3750,hsr,5.46,7.05,344.43600000000004,48.85617021276597,False,True,True,implied_duration_gt_30s; known_bad_fixture
1167.0,2025-06-14,1322879,65546,half_1,26,top,3750,hsr,5.5,6.32,219.0788,34.66436708860759,False,True,True,implied_duration_gt_30s; known_bad_fixture
1167.0,2025-06-14,1322880,65546,half_1,32,bottom,3750,sprint,6.97,7.65,292.8504,38.281098039215685,False,True,True,implied_duration_gt_30s; known_bad_fixture
1167.0,2025-06-14,1322882,65546,half_1,41,bottom,3750,hsr,5.42,6.21,438.8448,70.66743961352657,False,True,True,implied_duration_gt_30s; known_bad_fixture
1167.0,2025-06-14,1322883,65546,half_1,44,middle,3750,hsr,5.41,6.49,460.4404,70.94613251155624,False,True,True,implied_duration_gt_30s; known_bad_fixture
1167.0,2025-06-14,1322884,65546,half_1,46,middle,3750,sprint,6.96,7.25,234.2228,32.30659310344828,False,True,True,implied_duration_gt_30s; known_bad_fixture
1167.0,2025-06-14,1322887,65546,half_2,3,middle,3750,hsr,5.45,6.68,389.9052,58.36904191616767,False,True,True,implied_duration_gt_30s; known_bad_fixture
1167.0,2025-06-14,1322888,65546,half_2,4,bottom,3750,hsr,5.45,6.74,322.0056,47.775311572700296,False,True,True,implied_duration_gt_30s; known_bad_fixture
1167.0,2025-06-14,1322889,65546,half_2,5,bottom,3750,hsr,5.44,6.27,398.6284,63.57709728867624,False,True,True,implied_duration_gt_30s; known_bad_fixture
1167.0,2025-06-14,1322890,65546,half_2,9,middle,3750,hsr,5.43,6.17,839.4988,136.06139384116693,False,True,True,implied_duration_gt_30s; known_bad_fixture
1167.0,2025-06-14,1322892,65546,half_2,12,top,3750,hsr,5.53,6.52,279.5844,42.88104294478528,False,True,True,implied_duration_gt_30s; known_bad_fixture
1167.0,2025-06-14,1322893,65546,half_2,13,bottom,3750,hsr,5.43,7.12,430.6668,60.48691011235955,False,True,True,implied_duration_gt_30s; known_bad_fixture
1167.0,2025-06-14,1322894,65546,half_2,18,bottom,3750,sprint,6.92,7.07,223.8384,31.66031117397454,False,True,True,implied_duration_gt_30s; known_bad_fixture
1167.0,2025-06-14,1322895,65546,half_2,18,middle,3750,hsr,5.44,6.91,729.5156000000001,105.57389290882779,False,True,True,implied_duration_gt_30s; known_bad_fixture
1167.0,2025-06-14,1322896,65546,half_2,18,bottom,3750,hsr,5.47,6.94,220.08399999999995,31.712391930835725,False,True,True,implied_duration_gt_30s; known_bad_fixture
1167.0,2025-06-14,1322897,65546,half_2,26,middle,3750,sprint,6.91,7.37,510.4487999999999,69.2603527815468,False,True,True,implied_duration_gt_30s; known_bad_fixture
1167.0,2025-06-14,1322898,65546,half_2,26,middle,3750,hsr,5.45,6.9,212.0412,30.730608695652172,False,True,True,implied_duration_gt_30s; known_bad_fixture
1167.0,2025-06-14,1322899,65546,half_2,26,bottom,3750,hsr,5.53,7.02,663.926,94.57635327635329,False,True,True,implied_duration_gt_30s; known_bad_fixture
1167.0,2025-06-14,1322902,65546,half_2,30,middle,3750,hsr,5.44,7.11,585.668,82.37243319268636,False,True,True,implied_duration_gt_30s; known_bad_fixture
1167.0,2025-06-14,1322903,65546,half_2,31,middle,3750,hsr,5.43,5.78,218.9936,37.888166089965395,False,True,True,implied_duration_gt_30s; known_bad_fixture
1167.0,2025-06-14,1322904,65546,half_2,39,bottom,3750,hsr,5.42,6.16,386.6224,62.76337662337663,False,True,True,implied_duration_gt_30s; known_bad_fixture
1167.0,2025-06-14,1322905,65546,half_2,45,middle,3750,hsr,5.45,5.91,308.80240000000003,52.2508291032149,False,True,True,implied_duration_gt_30s; known_bad_fixture
1167.0,2025-06-14,1322906,65546,half_2,47,bottom,3750,sprint,7.0,7.95,554.6104,69.7623144654088,False,True,True,implied_duration_gt_30s; known_bad_fixture
1167.0,2025-06-14,1322908,65547,half_1,1,bottom,3750,hsr,5.43,5.91,198.6704,33.61597292724196,False,True,True,implied_duration_gt_30s; known_bad_fixture
1167.0,2025-06-14,1322909,65547,half_1,4,top,3750,hsr,5.43,5.6,187.362,33.4575,False,True,True,implied_duration_gt_30s; known_bad_fixture
1167.0,2025-06-14,1322910,65547,half_1,7,top,3750,hsr,5.48,6.56,286.2748,43.6394512195122,False,True,True,implied_duration_gt_30s; known_bad_fixture
1167.0,2025-06-14,1322911,65547,half_1,13,bottom,3751,hsr,5.45,6.53,353.2932,54.103093415007656,False,True,True,implied_duration_gt_30s; known_bad_fixture
1167.0,2025-06-14,1322914,65547,half_1,16,bottom,3750,sprint,6.94,7.25,348.5404,48.07453793103448,False,True,True,implied_duration_gt_30s; known_bad_fixture
1167.0,2025-06-14,1322917,65547,half_1,19,middle,3750,hsr,5.41,5.73,274.2072,47.85465968586387,False,True,True,implied_duration_gt_30s; known_bad_fixture
1167.0,2025-06-14,1322919,65547,half_1,20,middle,3750,hsr,5.52,6.14,191.7272,31.22592833876222,False,True,True,implied_duration_gt_30s; known_bad_fixture
1167.0,2025-06-14,1322920,65547,half_1,21,bottom,3750,hsr,5.47,6.75,399.4236,59.17386666666667,False,True,True,implied_duration_gt_30s; known_bad_fixture
1167.0,2025-06-14,1322921,65547,half_1,21,top,3750,hsr,5.46,5.82,311.4328,53.51079037800687,False,True,True,implied_duration_gt_30s; known_bad_fixture
1167.0,2025-06-14,1322923,65547,half_1,22,bottom,3751,hsr,5.4,6.3,349.8392,55.530031746031746,False,True,True,implied_duration_gt_30s; known_bad_fixture
1167.0,2025-06-14,1322926,65547,half_1,28,bottom,3751,hsr,5.39,6.11,400.6224,65.56831423895254,False,True,True,implied_duration_gt_30s; known_bad_fixture
1167.0,2025-06-14,1322927,65547,half_1,28,bottom,3751,hsr,5.41,5.63,170.9248,30.359644760213147,False,True,True,implied_duration_gt_30s; known_bad_fixture
1167.0,2025-06-14,1322928,65547,half_1,28,middle,3751,hsr,5.46,6.33,476.8004,75.3239178515008,False,True,True,implied_duration_gt_30s; known_bad_fixture
1167.0,2025-06-14,1322924,65547,half_1,30,bottom,3750,sprint,6.92,8.37,689.2180000000001,82.34384707287934,False,True,True,implied_duration_gt_30s; known_bad_fixture
1167.0,2025-06-14,1322929,65547,half_1,30,middle,3750,hsr,5.44,6.87,1060.506,154.36768558951965,False,True,True,implied_duration_gt_30s; known_bad_fixture
1167.0,2025-06-14,1322931,65547,half_1,33,bottom,3750,hsr,5.4,6.66,473.806,71.14204204204204,False,True,True,implied_duration_gt_30s; known_bad_fixture
1167.0,2025-06-14,1322932,65547,half_1,34,middle,3750,hsr,5.43,5.73,201.0324,35.08418848167539,False,True,True,implied_duration_gt_30s; known_bad_fixture
1167.0,2025-06-14,1322935,65547,half_1,36,top,3751,hsr,5.46,6.69,321.1016,47.99724962630792,False,True,True,implied_duration_gt_30s; known_bad_fixture
1167.0,2025-06-14,1322936,65547,half_1,40,middle,3750,hsr,5.4,5.83,276.51800000000003,47.43018867924529,False,True,True,implied_duration_gt_30s; known_bad_fixture
1167.0,2025-06-14,1322937,65547,half_1,43,middle,3750,hsr,5.46,5.7,178.2284,31.26814035087719,False,True,True,implied_duration_gt_30s; known_bad_fixture
1167.0,2025-06-14,1322940,65547,half_1,45,middle,3751,hsr,5.4,6.11,278.4876,45.578985270049095,False,True,True,implied_duration_gt_30s; known_bad_fixture
1167.0,2025-06-14,1322941,65547,half_1,46,bottom,3750,hsr,5.41,5.83,510.596,87.58078902229846,False,True,True,implied_duration_gt_30s; known_bad_fixture
1167.0,2025-06-14,1322942,65547,half_2,3,middle,3750,sprint,6.98,7.71,324.6968,42.1137224383917,False,True,True,implied_duration_gt_30s; known_bad_fixture
1167.0,2025-06-14,1322944,65547,half_2,4,middle,3751,hsr,5.41,5.73,340.2704,59.38401396160558,False,True,True,implied_duration_gt_30s; known_bad_fixture
1167.0,2025-06-14,1322945,65547,half_2,5,bottom,3750,hsr,5.38,6.24,381.0936,61.0726923076923,False,True,True,implied_duration_gt_30s; known_bad_fixture
1167.0,2025-06-14,1322946,65547,half_2,9,middle,3750,hsr,5.43,6.68,831.4592,124.46994011976048,False,True,True,implied_duration_gt_30s; known_bad_fixture
1167.0,2025-06-14,1322947,65547,half_2,13,bottom,3750,sprint,6.91,7.58,283.7196,37.430026385224274,False,True,True,implied_duration_gt_30s; known_bad_fixture
1167.0,2025-06-14,1322948,65547,half_2,13,bottom,3750,hsr,5.41,6.87,297.988,43.375254730713245,False,True,True,implied_duration_gt_30s; known_bad_fixture
1167.0,2025-06-14,1322949,65547,half_2,18,middle,3750,hsr,5.41,5.97,645.5384,108.1303852596315,False,True,True,implied_duration_gt_30s; known_bad_fixture
1167.0,2025-06-14,1322950,65547,half_2,21,bottom,3750,hsr,5.45,6.38,659.722,103.40470219435737,False,True,True,implied_duration_gt_30s; known_bad_fixture
1167.0,2025-06-14,1322952,65547,half_2,25,middle,3751,hsr,5.44,6.05,354.1776,58.5417520661157,False,True,True,implied_duration_gt_30s; known_bad_fixture
1167.0,2025-06-14,1322953,65547,half_2,25,bottom,3751,hsr,5.44,5.69,205.932,36.19191564147627,False,True,True,implied_duration_gt_30s; known_bad_fixture
1167.0,2025-06-14,1322954,65547,half_2,26,bottom,3750,sprint,6.9,7.58,637.204,84.06385224274406,False,True,True,implied_duration_gt_30s; known_bad_fixture
1167.0,2025-06-14,1322956,65547,half_2,26,middle,3750,hsr,5.41,6.89,350.9524,50.93648766328012,False,True,True,implied_duration_gt_30s; known_bad_fixture
1167.0,2025-06-14,1322957,65547,half_2,27,middle,3751,hsr,5.41,6.13,480.3864,78.36646003262642,False,True,True,implied_duration_gt_30s; known_bad_fixture
1167.0,2025-06-14,1322955,65547,half_2,30,bottom,3750,sprint,6.98,8.72,719.2268,82.4801376146789,False,True,True,implied_duration_gt_30s; known_bad_fixture
1167.0,2025-06-14,1322958,65547,half_2,31,bottom,3750,sprint,6.93,7.79,980.1844,125.82598202824133,False,True,True,implied_duration_gt_30s; known_bad_fixture
1167.0,2025-06-14,1322960,65547,half_2,31,bottom,3750,hsr,5.42,6.93,263.0524,37.958499278499275,False,True,True,implied_duration_gt_30s; known_bad_fixture
1167.0,2025-06-14,1322962,65547,half_2,37,middle,3751,hsr,5.45,5.96,240.5828,40.36624161073826,False,True,True,implied_duration_gt_30s; known_bad_fixture
1167.0,2025-06-14,1322961,65547,half_2,39,middle,3750,sprint,6.93,8.49,623.5816,73.44895170789164,False,True,True,implied_duration_gt_30s; known_bad_fixture
1167.0,2025-06-14,1322964,65547,half_2,39,bottom,3750,hsr,5.4,6.87,233.5172,33.99085880640466,False,True,True,implied_duration_gt_30s; known_bad_fixture
1167.0,2025-06-14,1322965,65547,half_2,40,bottom,3750,hsr,5.48,6.68,346.772,51.91197604790419,False,True,True,implied_duration_gt_30s; known_bad_fixture
1167.0,2025-06-14,1322966,65547,half_2,41,bottom,3750,sprint,6.92,7.64,409.9932,53.66403141361257,False,True,True,implied_duration_gt_30s; known_bad_fixture
1167.0,2025-06-14,1322967,65547,half_2,41,bottom,3750,hsr,5.55,6.89,208.8596,30.313439767779393,False,True,True,implied_duration_gt_30s; known_bad_fixture
1167.0,2025-06-14,1322968,65547,half_2,45,middle,3751,hsr,5.42,6.0,392.7244,65.45406666666666,False,True,True,implied_duration_gt_30s; known_bad_fixture
1167.0,2025-06-14,1322970,65547,half_2,47,bottom,3750,sprint,6.91,8.76,735.7840000000001,83.99360730593608,False,True,True,implied_duration_gt_30s; known_bad_fixture
1167.0,2025-06-14,1322972,65547,half_2,47,top,3751,hsr,5.4,5.53,301.3772,54.49858951175407,False,True,True,implied_duration_gt_30s; known_bad_fixture
1167.0,2025-06-14,1323605,65548,half_2,11,middle,3751,hsr,5.42,5.96,269.4304,45.20644295302014,False,True,True,implied_duration_gt_30s; known_bad_fixture
1167.0,2025-06-14,1323604,65548,half_2,13,bottom,3750,sprint,6.98,7.64,278.1532,36.40748691099477,False,True,True,implied_duration_gt_30s; known_bad_fixture
1167.0,2025-06-14,1323606,65548,half_2,18,middle,3750,sprint,6.95,9.44,1561.642,165.4281779661017,False,True,True,implied_duration_gt_30s; known_bad_fixture
1167.0,2025-06-14,1323608,65548,half_2,23,middle,3750,sprint,6.99,7.98,400.988,50.24912280701754,False,True,True,implied_duration_gt_30s; known_bad_fixture
1167.0,2025-06-14,1323609,65548,half_2,25,bottom,3751,hsr,5.45,6.34,255.5284,40.30416403785489,False,True,True,implied_duration_gt_30s; known_bad_fixture
1167.0,2025-06-14,1323610,65548,half_2,26,bottom,3750,sprint,6.89,7.94,389.5856,49.066196473551635,False,True,True,implied_duration_gt_30s; known_bad_fixture
1167.0,2025-06-14,1323611,65548,half_2,26,middle,3750,hsr,5.41,6.86,499.0372,72.74594752186589,False,True,True,implied_duration_gt_30s; known_bad_fixture
1167.0,2025-06-14,1323612,65548,half_2,27,middle,3751,hsr,5.42,6.11,574.3028,93.9939116202946,False,True,True,implied_duration_gt_30s; known_bad_fixture
1167.0,2025-06-14,1323613,65548,half_2,28,bottom,3750,hsr,5.48,6.82,292.9436,42.95360703812317,False,True,True,implied_duration_gt_30s; known_bad_fixture
1167.0,2025-06-14,1323614,65548,half_2,30,bottom,3750,hsr,5.41,6.56,568.9388,86.7284756097561,False,True,True,implied_duration_gt_30s; known_bad_fixture
1167.0,2025-06-14,1323615,65548,half_2,31,bottom,3751,hsr,5.47,6.21,246.7168,39.72895330112721,False,True,True,implied_duration_gt_30s; known_bad_fixture
1167.0,2025-06-14,1323618,65548,half_2,39,bottom,3750,sprint,6.96,8.86,877.2031999999999,99.00713318284424,False,True,True,implied_duration_gt_30s; known_bad_fixture
1167.0,2025-06-14,1323619,65548,half_2,45,middle,3750,hsr,5.47,6.02,224.3252,37.26332225913622,False,True,True,implied_duration_gt_30s; known_bad_fixture
1167.0,2025-06-14,1323620,65548,half_2,47,bottom,3750,sprint,6.93,7.21,254.7216,35.32893203883495,False,True,True,implied_duration_gt_30s; known_bad_fixture
1167.0,2025-06-14,1323623,65548,half_2,47,bottom,3750,hsr,5.5,6.91,213.2816,30.865643994211286,False,True,True,implied_duration_gt_30s; known_bad_fixture
1167.0,2025-06-14,1322976,65549,half_1,7,top,3750,hsr,5.44,6.2,300.1348,48.40883870967742,False,True,True,implied_duration_gt_30s; known_bad_fixture
1167.0,2025-06-14,1322978,65549,half_1,12,middle,3751,hsr,5.42,6.35,345.45120000000003,54.40176377952756,False,True,True,implied_duration_gt_30s; known_bad_fixture
1167.0,2025-06-14,1322977,65549,half_1,15,middle,3751,sprint,6.96,7.61,645.6832,84.84667542706966,False,True,True,implied_duration_gt_30s; known_bad_fixture
1167.0,2025-06-14,1322980,65549,half_1,16,bottom,3750,hsr,5.42,6.34,533.362,84.12649842271293,False,True,True,implied_duration_gt_30s; known_bad_fixture
1167.0,2025-06-14,1322981,65549,half_1,20,middle,3750,hsr,5.45,5.9,187.1808,31.7255593220339,False,True,True,implied_duration_gt_30s; known_bad_fixture
1167.0,2025-06-14,1322982,65549,half_1,20,middle,3751,hsr,5.4,6.76,398.2828,58.917573964497045,False,True,True,implied_duration_gt_30s; known_bad_fixture
1167.0,2025-06-14,1322983,65549,half_1,21,top,3751,hsr,5.44,6.45,491.34239999999994,76.17711627906975,False,True,True,implied_duration_gt_30s; known_bad_fixture
1167.0,2025-06-14,1322984,65549,half_1,27,top,3751,hsr,5.45,6.18,311.1952,50.355210355987055,False,True,True,implied_duration_gt_30s; known_bad_fixture
1167.0,2025-06-14,1322985,65549,half_1,30,middle,3750,hsr,5.4,5.97,1058.6748,177.3324623115578,False,True,True,implied_duration_gt_30s; known_bad_fixture
1167.0,2025-06-14,1322986,65549,half_1,33,bottom,3750,sprint,6.93,7.54,569.9888,75.59533156498674,False,True,True,implied_duration_gt_30s; known_bad_fixture
1167.0,2025-06-14,1322988,65549,half_1,33,bottom,3750,hsr,5.47,6.9,219.3992,31.796985507246376,False,True,True,implied_duration_gt_30s; known_bad_fixture
1167.0,2025-06-14,1322989,65549,half_1,35,middle,3750,hsr,5.42,6.38,437.4592,68.56727272727272,False,True,True,implied_duration_gt_30s; known_bad_fixture
1167.0,2025-06-14,1322991,65549,half_1,40,middle,3750,hsr,5.44,6.91,296.4388,42.899971056439945,False,True,True,implied_duration_gt_30s; known_bad_fixture
1167.0,2025-06-14,1322990,65549,half_1,41,bottom,3750,sprint,6.92,7.19,523.03,72.74408901251738,False,True,True,implied_duration_gt_30s; known_bad_fixture
1167.0,2025-06-14,1322992,65549,half_1,43,middle,3750,sprint,6.98,7.36,228.9932,31.11320652173913,False,True,True,implied_duration_gt_30s; known_bad_fixture
1167.0,2025-06-14,1322996,65549,half_1,44,middle,3750,hsr,5.41,5.53,202.584,36.63363471971067,False,True,True,implied_duration_gt_30s; known_bad_fixture
1167.0,2025-06-14,1322997,65549,half_1,45,top,3750,hsr,5.48,5.98,212.1728,35.480401337792635,False,True,True,implied_duration_gt_30s; known_bad_fixture
1167.0,2025-06-14,1322998,65549,half_1,46,bottom,3750,hsr,5.47,6.85,816.7148,119.22843795620439,False,True,True,implied_duration_gt_30s; known_bad_fixture
1167.0,2025-06-14,1322999,65549,half_1,47,top,3751,hsr,5.42,5.83,254.3112,43.6211320754717,False,True,True,implied_duration_gt_30s; known_bad_fixture
1167.0,2025-06-14,1323003,65549,half_2,3,middle,3750,hsr,5.4,6.14,420.488,68.48338762214983,False,True,True,implied_duration_gt_30s; known_bad_fixture
1167.0,2025-06-14,1323000,65549,half_2,5,middle,3750,sprint,6.94,7.7,361.4044,46.93563636363636,False,True,True,implied_duration_gt_30s; known_bad_fixture
1167.0,2025-06-14,1323001,65549,half_2,5,bottom,3750,sprint,6.92,7.14,274.59159999999997,38.458207282913165,False,True,True,implied_duration_gt_30s; known_bad_fixture
1167.0,2025-06-14,1323004,65549,half_2,5,bottom,3750,hsr,5.78,6.91,447.2876,64.73047756874095,False,True,True,implied_duration_gt_30s; known_bad_fixture
1167.0,2025-06-14,1323006,65549,half_2,9,top,3750,sprint,6.93,7.48,376.896,50.387165775401066,False,True,True,implied_duration_gt_30s; known_bad_fixture
1167.0,2025-06-14,1323007,65549,half_2,9,middle,3750,sprint,6.93,7.45,288.59479999999996,38.73755704697986,False,True,True,implied_duration_gt_30s; known_bad_fixture
1167.0,2025-06-14,1323010,65549,half_2,9,middle,3750,hsr,5.43,6.9,272.796,39.53565217391304,False,True,True,implied_duration_gt_30s; known_bad_fixture
1167.0,2025-06-14,1323011,65549,half_2,9,middle,3750,hsr,5.46,5.96,193.9136,32.5358389261745,False,True,True,implied_duration_gt_30s; known_bad_fixture
1167.0,2025-06-14,1323012,65549,half_2,10,middle,3750,hsr,5.4,6.89,215.4044,31.263338171262703,False,True,True,implied_duration_gt_30s; known_bad_fixture
1167.0,2025-06-14,1323013,65549,half_2,12,top,3751,sprint,6.92,8.92,742.0640000000001,83.19103139013454,False,True,True,implied_duration_gt_30s; known_bad_fixture
1167.0,2025-06-14,1323015,65549,half_2,17,top,3751,hsr,5.42,5.65,177.106,31.346194690265484,False,True,True,implied_duration_gt_30s; known_bad_fixture
1167.0,2025-06-14,1323017,65549,half_2,23,top,3751,hsr,5.43,6.08,272.0912,44.75184210526316,False,True,True,implied_duration_gt_30s; known_bad_fixture
1167.0,2025-06-14,1323018,65549,half_2,26,bottom,3750,hsr,5.42,6.54,835.0888,127.68941896024465,False,True,True,implied_duration_gt_30s; known_bad_fixture
1167.0,2025-06-14,1323019,65549,half_2,30,bottom,3750,hsr,5.42,5.9,267.6988,45.37267796610169,False,True,True,implied_duration_gt_30s; known_bad_fixture
1167.0,2025-06-14,1323020,65549,half_2,33,bottom,3750,hsr,5.44,5.69,189.2356,33.25757469244288,False,True,True,implied_duration_gt_30s; known_bad_fixture
1167.0,2025-06-14,1323021,65549,half_2,39,bottom,3750,hsr,5.45,5.82,220.0284,37.805567010309275,False,True,True,implied_duration_gt_30s; known_bad_fixture
1167.0,2025-06-14,1323022,65549,half_2,42,bottom,3751,hsr,5.51,6.67,289.3364,43.378770614692655,False,True,True,implied_duration_gt_30s; known_bad_fixture
1167.0,2025-06-14,1323023,65549,half_2,46,middle,3750,hsr,5.45,6.1,437.522,71.72491803278689,False,True,True,implied_duration_gt_30s; known_bad_fixture
1167.0,2025-06-14,1323025,65549,half_2,47,top,3751,hsr,5.47,6.63,525.8596,79.31517345399699,False,True,True,implied_duration_gt_30s; known_bad_fixture
1167.0,2025-06-14,1323510,65550,half_2,1,middle,3750,hsr,5.45,7.15,428.8112,59.9735944055944,False,True,True,implied_duration_gt_30s; known_bad_fixture
1167.0,2025-06-14,1323507,65550,half_2,2,top,3751,sprint,7.03,8.43,447.4068,53.07316725978647,False,True,True,implied_duration_gt_30s; known_bad_fixture
1167.0,2025-06-14,1323508,65550,half_2,3,top,3751,sprint,6.93,8.86,696.4208,78.60279909706547,False,True,True,implied_duration_gt_30s; known_bad_fixture
1167.0,2025-06-14,1323509,65550,half_2,3,middle,3750,sprint,6.93,8.41,749.6456,89.13740784780023,False,True,True,implied_duration_gt_30s; known_bad_fixture
1167.0,2025-06-14,1323513,65550,half_2,5,bottom,3750,hsr,5.41,5.57,264.0772,47.41062836624776,False,True,True,implied_duration_gt_30s; known_bad_fixture
1167.0,2025-06-14,1323514,65550,half_2,5,bottom,3751,hsr,5.43,6.6,447.7252,67.83715151515152,False,True,True,implied_duration_gt_30s; known_bad_fixture
1167.0,2025-06-14,1323515,65550,half_2,6,middle,3751,hsr,5.41,5.64,193.6716,34.33893617021277,False,True,True,implied_duration_gt_30s; known_bad_fixture
1167.0,2025-06-14,1323516,65550,half_2,8,top,3751,hsr,5.45,5.85,546.7532,93.46208547008547,False,True,True,implied_duration_gt_30s; known_bad_fixture
1167.0,2025-06-14,1323517,65550,half_2,9,top,3750,hsr,5.46,6.89,637.3584,92.50484760522497,False,True,True,implied_duration_gt_30s; known_bad_fixture
1167.0,2025-06-14,1323518,65550,half_2,10,top,3750,hsr,5.46,6.05,225.1044,37.207338842975204,False,True,True,implied_duration_gt_30s; known_bad_fixture
1167.0,2025-06-14,1323520,65550,half_2,12,middle,3751,hsr,5.49,6.4,257.0268,40.16043749999999,False,True,True,implied_duration_gt_30s; known_bad_fixture
1167.0,2025-06-14,1323519,65550,half_2,13,bottom,3750,sprint,6.93,8.81,524.2568,59.50701475595913,False,True,True,implied_duration_gt_30s; known_bad_fixture
1167.0,2025-06-14,1323522,65550,half_2,16,middle,3750,sprint,6.95,7.48,355.3256,47.503422459893045,False,True,True,implied_duration_gt_30s; known_bad_fixture
1167.0,2025-06-14,1323526,65550,half_2,17,middle,3751,hsr,5.41,6.48,595.4087999999999,91.88407407407405,False,True,True,implied_duration_gt_30s; known_bad_fixture
1167.0,2025-06-14,1323523,65550,half_2,18,middle,3750,sprint,6.86,8.65,671.5508,77.63593063583815,False,True,True,implied_duration_gt_30s; known_bad_fixture
1167.0,2025-06-14,1323528,65550,half_2,18,bottom,3750,hsr,5.35,6.82,829.5936,121.64129032258064,False,True,True,implied_duration_gt_30s; known_bad_fixture
1167.0,2025-06-14,1323530,65550,half_2,21,middle,3750,hsr,5.48,6.83,369.9492,54.16532942898975,False,True,True,implied_duration_gt_30s; known_bad_fixture
1167.0,2025-06-14,1323531,65550,half_2,21,top,3751,hsr,5.44,6.55,594.672,90.7896183206107,False,True,True,implied_duration_gt_30s; known_bad_fixture
1167.0,2025-06-14,1323532,65550,half_2,21,top,3750,hsr,5.41,6.93,237.4928,34.27024531024531,False,True,True,implied_duration_gt_30s; known_bad_fixture
1167.0,2025-06-14,1323535,65550,half_2,26,middle,3750,hsr,5.4,6.1,458.4504,75.15580327868852,False,True,True,implied_duration_gt_30s; known_bad_fixture
1167.0,2025-06-14,1323536,65550,half_2,30,middle,3751,hsr,5.44,6.21,431.636,69.50660225442834,False,True,True,implied_duration_gt_30s; known_bad_fixture
1167.0,2025-06-14,1323537,65550,half_2,31,bottom,3750,sprint,6.97,7.93,429.1652,54.11919293820934,False,True,True,implied_duration_gt_30s; known_bad_fixture
1167.0,2025-06-14,1323539,65550,half_2,34,bottom,3751,hsr,5.43,5.83,862.3996,147.92445969125214,False,True,True,implied_duration_gt_30s; known_bad_fixture
1167.0,2025-06-14,1323540,65550,half_2,34,top,3751,hsr,5.44,5.94,187.5028,31.566127946127946,False,True,True,implied_duration_gt_30s; known_bad_fixture
1167.0,2025-06-14,1323541,65550,half_2,36,bottom,3750,hsr,5.44,6.38,280.9484,44.03579937304075,False,True,True,implied_duration_gt_30s; known_bad_fixture
1167.0,2025-06-14,1323542,65550,half_2,37,middle,3750,hsr,5.45,6.53,365.3712,55.952710566615615,False,True,True,implied_duration_gt_30s; known_bad_fixture
1167.0,2025-06-14,1323543,65550,half_2,39,bottom,3750,hsr,5.42,5.69,458.0584,80.50235500878735,False,True,True,implied_duration_gt_30s; known_bad_fixture
1167.0,2025-06-14,1323546,65550,half_2,41,middle,3751,hsr,5.43,7.09,462.8508,65.28220028208744,False,True,True,implied_duration_gt_30s; known_bad_fixture
1167.0,2025-06-14,1323545,65550,half_2,45,top,3751,sprint,6.99,7.59,381.5068,50.26440052700922,False,True,True,implied_duration_gt_30s; known_bad_fixture
1167.0,2025-06-14,1323550,65550,half_2,45,middle,3750,hsr,5.39,6.35,685.6216000000001,107.97190551181104,False,True,True,implied_duration_gt_30s; known_bad_fixture
1167.0,2025-06-14,1323551,65550,half_2,47,middle,3751,sprint,6.93,7.41,543.0296000000001,73.28334682861,False,True,True,implied_duration_gt_30s; known_bad_fixture
1167.0,2025-06-14,1323552,65550,half_2,47,middle,3751,hsr,5.39,6.92,210.6476,30.44040462427746,False,True,True,implied_duration_gt_30s; known_bad_fixture
1167.0,2025-06-14,1323553,65550,half_2,47,middle,3751,hsr,5.38,6.9,251.3372,36.425681159420286,False,True,True,implied_duration_gt_30s; known_bad_fixture
1167.0,2025-06-14,1323026,65551,half_1,1,bottom,3750,hsr,5.5,6.19,779.9892,126.00794830371566,False,True,True,implied_duration_gt_30s; known_bad_fixture
1167.0,2025-06-14,1323027,65551,half_1,5,top,3750,hsr,5.45,6.19,359.726,58.1140549273021,False,True,True,implied_duration_gt_30s; known_bad_fixture
1167.0,2025-06-14,1323028,65551,half_1,7,top,3750,hsr,5.46,6.39,275.3492,43.090641627543036,False,True,True,implied_duration_gt_30s; known_bad_fixture
1167.0,2025-06-14,1323029,65551,half_1,12,middle,3751,hsr,5.47,6.07,243.1984,40.06563426688632,False,True,True,implied_duration_gt_30s; known_bad_fixture
1167.0,2025-06-14,1323030,65551,half_1,12,top,3750,hsr,5.4,6.69,628.9436,94.01249626307921,False,True,True,implied_duration_gt_30s; known_bad_fixture
1167.0,2025-06-14,1323031,65551,half_1,16,top,3750,hsr,5.46,5.86,197.9688,33.78307167235494,False,True,True,implied_duration_gt_30s; known_bad_fixture
1167.0,2025-06-14,1323032,65551,half_1,16,bottom,3750,hsr,5.42,5.63,271.5104,48.225648312611014,False,True,True,implied_duration_gt_30s; known_bad_fixture
1167.0,2025-06-14,1323034,65551,half_1,20,middle,3750,hsr,5.48,5.86,203.8992,34.79508532423208,False,True,True,implied_duration_gt_30s; known_bad_fixture
1167.0,2025-06-14,1323036,65551,half_1,22,top,3751,hsr,5.43,6.08,466.5884,76.74151315789473,False,True,True,implied_duration_gt_30s; known_bad_fixture
1167.0,2025-06-14,1323037,65551,half_1,24,middle,3750,hsr,5.47,5.99,200.5672,33.48367278797997,False,True,True,implied_duration_gt_30s; known_bad_fixture
1167.0,2025-06-14,1323038,65551,half_1,24,bottom,3750,hsr,5.38,6.31,460.8576,73.03606973058638,False,True,True,implied_duration_gt_30s; known_bad_fixture
1167.0,2025-06-14,1323039,65551,half_1,30,middle,3750,sprint,6.91,7.28,506.8944,69.62835164835165,False,True,True,implied_duration_gt_30s; known_bad_fixture
1167.0,2025-06-14,1323040,65551,half_1,30,middle,3750,hsr,5.45,6.89,339.07000000000005,49.21190130624094,False,True,True,implied_duration_gt_30s; known_bad_fixture
1167.0,2025-06-14,1323041,65551,half_1,30,middle,3750,hsr,5.41,6.9,478.8584,69.39976811594202,False,True,True,implied_duration_gt_30s; known_bad_fixture
1167.0,2025-06-14,1323042,65551,half_1,34,middle,3750,hsr,5.43,5.98,328.0364,54.855585284280934,False,True,True,implied_duration_gt_30s; known_bad_fixture
1167.0,2025-06-14,1323043,65551,half_1,34,bottom,3750,hsr,5.45,5.74,178.6708,31.127317073170733,False,True,True,implied_duration_gt_30s; known_bad_fixture
1167.0,2025-06-14,1323044,65551,half_1,35,middle,3750,hsr,5.44,6.75,476.2564,70.5565037037037,False,True,True,implied_duration_gt_30s; known_bad_fixture
1167.0,2025-06-14,1323046,65551,half_1,43,middle,3750,hsr,5.39,7.0,699.4664,99.92377142857143,False,True,True,implied_duration_gt_30s; known_bad_fixture
1167.0,2025-06-14,1323047,65551,half_1,44,middle,3750,hsr,5.42,5.73,318.36920000000003,55.56181500872601,False,True,True,implied_duration_gt_30s; known_bad_fixture
1167.0,2025-06-14,1323048,65551,half_1,45,top,3750,hsr,5.48,5.98,211.9856,35.449096989966556,False,True,True,implied_duration_gt_30s; known_bad_fixture
1167.0,2025-06-14,1323049,65551,half_1,46,bottom,3750,sprint,6.94,7.36,337.3832,45.84010869565217,False,True,True,implied_duration_gt_30s; known_bad_fixture
1167.0,2025-06-14,1323053,65551,half_2,3,middle,3750,hsr,5.45,5.77,196.058,33.978856152512996,False,True,True,implied_duration_gt_30s; known_bad_fixture
1167.0,2025-06-14,1323054,65551,half_2,3,middle,3750,hsr,5.41,5.92,412.3116,69.64722972972973,False,True,True,implied_duration_gt_30s; known_bad_fixture
1167.0,2025-06-14,1323055,65551,half_2,5,bottom,3750,hsr,5.42,6.79,613.5088,90.35475699558172,False,True,True,implied_duration_gt_30s; known_bad_fixture
1167.0,2025-06-14,1323056,65551,half_2,7,middle,3751,hsr,5.41,5.63,310.30960000000005,55.11715808170516,False,True,True,implied_duration_gt_30s; known_bad_fixture
1167.0,2025-06-14,1323057,65551,half_2,8,middle,3751,hsr,5.41,6.29,571.3807999999999,90.8395548489666,False,True,True,implied_duration_gt_30s; known_bad_fixture
1167.0,2025-06-14,1323058,65551,half_2,8,top,3751,hsr,5.41,6.85,648.834,94.72029197080292,False,True,True,implied_duration_gt_30s; known_bad_fixture
1167.0,2025-06-14,1323060,65551,half_2,18,bottom,3750,sprint,6.9,7.43,648.576,87.29152086137282,False,True,True,implied_duration_gt_30s; known_bad_fixture
1167.0,2025-06-14,1323061,65551,half_2,18,middle,3750,hsr,5.45,6.89,519.5292,75.4033671988389,False,True,True,implied_duration_gt_30s; known_bad_fixture
1167.0,2025-06-14,1323062,65551,half_2,18,bottom,3750,hsr,5.45,6.89,323.4848,46.94989840348331,False,True,True,implied_duration_gt_30s; known_bad_fixture
1167.0,2025-06-14,1323065,65551,half_2,27,middle,3751,hsr,5.41,5.45,222.6896,40.860477064220184,False,True,True,implied_duration_gt_30s; known_bad_fixture
1167.0,2025-06-14,1323066,65551,half_2,29,middle,3751,hsr,5.46,6.08,267.11400000000003,43.93322368421053,False,True,True,implied_duration_gt_30s; known_bad_fixture
1167.0,2025-06-14,1323064,65551,half_2,30,bottom,3750,sprint,6.94,7.46,288.9552,38.73394101876676,False,True,True,implied_duration_gt_30s; known_bad_fixture
1167.0,2025-06-14,1323067,65551,half_2,30,bottom,3750,hsr,5.4,6.89,238.0012,34.54298984034833,False,True,True,implied_duration_gt_30s; known_bad_fixture
1167.0,2025-06-14,1323068,65551,half_2,32,middle,3750,hsr,5.42,5.65,199.35440000000003,35.28396460176992,False,True,True,implied_duration_gt_30s; known_bad_fixture
1167.0,2025-06-14,1323069,65551,half_2,33,bottom,3750,hsr,5.48,6.46,376.2536,58.24359133126935,False,True,True,implied_duration_gt_30s; known_bad_fixture
1167.0,2025-06-14,1323071,65551,half_2,36,bottom,3750,hsr,5.43,5.7,228.5936,40.104140350877195,False,True,True,implied_duration_gt_30s; known_bad_fixture
1167.0,2025-06-14,1323070,65551,half_2,37,top,3751,sprint,6.93,7.32,408.1804,55.76234972677596,False,True,True,implied_duration_gt_30s; known_bad_fixture
1167.0,2025-06-14,1323072,65551,half_2,37,middle,3751,hsr,5.42,6.9,229.942,33.32492753623188,False,True,True,implied_duration_gt_30s; known_bad_fixture
1167.0,2025-06-14,1323074,65552,half_1,3,middle,3751,hsr,5.51,5.95,182.4656,30.666487394957983,False,True,True,implied_duration_gt_30s; known_bad_fixture
1167.0,2025-06-14,1323075,65552,half_1,3,middle,3751,hsr,5.48,6.09,213.932,35.12840722495895,False,True,True,implied_duration_gt_30s; known_bad_fixture
1167.0,2025-06-14,1323076,65552,half_1,4,middle,3750,hsr,5.44,6.07,278.422,45.86853377265239,False,True,True,implied_duration_gt_30s; known_bad_fixture
1167.0,2025-06-14,1323077,65552,half_1,5,middle,3751,hsr,5.5,6.36,250.338,39.36132075471698,False,True,True,implied_duration_gt_30s; known_bad_fixture
1167.0,2025-06-14,1323078,65552,half_1,7,bottom,3751,hsr,5.48,6.59,498.6136,75.66215477996965,False,True,True,implied_duration_gt_30s; known_bad_fixture
1167.0,2025-06-14,1323079,65552,half_1,12,middle,3751,hsr,5.45,5.82,260.0664,44.68494845360824,False,True,True,implied_duration_gt_30s; known_bad_fixture
1167.0,2025-06-14,1323081,65552,half_1,14,middle,3750,hsr,5.48,6.15,227.1872,36.9410081300813,False,True,True,implied_duration_gt_30s; known_bad_fixture
1167.0,2025-06-14,1323083,65552,half_1,19,top,3751,sprint,7.02,8.43,447.092,53.03582443653618,False,True,True,implied_duration_gt_30s; known_bad_fixture
1167.0,2025-06-14,1323084,65552,half_1,21,top,3751,sprint,6.99,7.51,327.6348,43.62647137150466,False,True,True,implied_duration_gt_30s; known_bad_fixture
1167.0,2025-06-14,1323087,65552,half_1,21,top,3750,hsr,5.42,6.83,337.186,49.36837481698389,False,True,True,implied_duration_gt_30s; known_bad_fixture
1167.0,2025-06-14,1323088,65552,half_1,22,top,3751,hsr,5.41,5.63,210.1836,37.332788632326825,False,True,True,implied_duration_gt_30s; known_bad_fixture
1167.0,2025-06-14,1323089,65552,half_1,27,top,3751,hsr,5.5,7.08,399.5152,56.42870056497175,False,True,True,implied_duration_gt_30s; known_bad_fixture
1167.0,2025-06-14,1323090,65552,half_1,34,top,3751,hsr,5.5,5.93,187.9176,31.68930860033727,False,True,True,implied_duration_gt_30s; known_bad_fixture
1167.0,2025-06-14,1323091,65552,half_1,40,middle,3751,hsr,5.46,6.17,263.2648,42.668525121555916,False,True,True,implied_duration_gt_30s; known_bad_fixture
1167.0,2025-06-14,1323092,65552,half_1,42,top,3751,hsr,5.43,6.91,307.55920000000003,44.509290882778586,False,True,True,implied_duration_gt_30s; known_bad_fixture
1167.0,2025-06-14,1323093,65552,half_1,44,top,3751,hsr,5.46,6.38,415.4248,65.11360501567398,False,True,True,implied_duration_gt_30s; known_bad_fixture
1167.0,2025-06-14,1323094,65552,half_1,46,bottom,3750,sprint,6.96,7.48,311.5012,41.64454545454545,False,True,True,implied_duration_gt_30s; known_bad_fixture
1167.0,2025-06-14,1323098,65552,half_1,46,top,3750,hsr,5.45,5.74,184.4428,32.13289198606272,False,True,True,implied_duration_gt_30s; known_bad_fixture
1167.0,2025-06-14,1323095,65552,half_1,47,top,3751,sprint,6.95,7.33,351.0888,47.897517053206,False,True,True,implied_duration_gt_30s; known_bad_fixture
1167.0,2025-06-14,1323099,65552,half_1,47,middle,3751,hsr,5.39,5.88,266.3372,45.29544217687075,False,True,True,implied_duration_gt_30s; known_bad_fixture
1167.0,2025-06-14,1323102,65552,half_2,1,top,3750,hsr,5.52,6.05,190.214,31.4403305785124,False,True,True,implied_duration_gt_30s; known_bad_fixture
1167.0,2025-06-14,1323103,65552,half_2,3,middle,3750,hsr,5.45,6.27,283.7036,45.247783094098885,False,True,True,implied_duration_gt_30s; known_bad_fixture
1167.0,2025-06-14,1323106,65552,half_2,4,top,3751,hsr,5.47,6.17,245.5132,39.79144246353323,False,True,True,implied_duration_gt_30s; known_bad_fixture
1167.0,2025-06-14,1323108,65552,half_2,6,top,3751,hsr,5.47,6.09,249.5468,40.97648604269294,False,True,True,implied_duration_gt_30s; known_bad_fixture
1167.0,2025-06-14,1323109,65552,half_2,8,top,3751,hsr,5.4,5.69,171.8212,30.197047451669594,False,True,True,implied_duration_gt_30s; known_bad_fixture
1167.0,2025-06-14,1323107,65552,half_2,9,middle,3750,sprint,6.96,8.0,454.5084,56.81355,False,True,True,implied_duration_gt_30s; known_bad_fixture
1167.0,2025-06-14,1323111,65552,half_2,9,middle,3750,hsr,5.46,6.0,241.628,40.27133333333333,False,True,True,implied_duration_gt_30s; known_bad_fixture
1167.0,2025-06-14,1323112,65552,half_2,10,top,3750,hsr,5.46,7.03,416.3836,59.22953058321479,False,True,True,implied_duration_gt_30s; known_bad_fixture
1167.0,2025-06-14,1323113,65552,half_2,12,top,3751,hsr,5.43,5.88,387.7624,65.94598639455782,False,True,True,implied_duration_gt_30s; known_bad_fixture
1167.0,2025-06-14,1323114,65552,half_2,13,middle,3750,hsr,5.46,6.08,213.9364,35.18690789473684,False,True,True,implied_duration_gt_30s; known_bad_fixture
1167.0,2025-06-14,1323115,65552,half_2,14,bottom,3750,hsr,5.43,6.72,428.166,63.715178571428574,False,True,True,implied_duration_gt_30s; known_bad_fixture
1167.0,2025-06-14,1323116,65552,half_2,17,middle,3751,hsr,5.43,6.34,473.28439999999995,74.65053627760251,False,True,True,implied_duration_gt_30s; known_bad_fixture
1167.0,2025-06-14,1323117,65552,half_2,21,top,3751,sprint,6.93,7.89,733.2692,92.93652724968314,False,True,True,implied_duration_gt_30s; known_bad_fixture
1167.0,2025-06-14,1323119,65552,half_2,21,middle,3751,hsr,5.42,6.9,210.2496,30.470956521739126,False,True,True,implied_duration_gt_30s; known_bad_fixture
1167.0,2025-06-14,1323122,65552,half_2,26,middle,3750,sprint,6.97,7.8,538.7844,69.07492307692308,False,True,True,implied_duration_gt_30s; known_bad_fixture
1167.0,2025-06-14,1323123,65552,half_2,27,top,3751,sprint,6.92,7.39,272.4084,36.86175913396482,False,True,True,implied_duration_gt_30s; known_bad_fixture
1167.0,2025-06-14,1323126,65552,half_2,27,middle,3751,hsr,5.45,6.88,671.2396,97.5638953488372,False,True,True,implied_duration_gt_30s; known_bad_fixture
1167.0,2025-06-14,1323127,65552,half_2,28,bottom,3751,hsr,5.44,6.63,331.0704,49.9352036199095,False,True,True,implied_duration_gt_30s; known_bad_fixture
1167.0,2025-06-14,1323128,65552,half_2,30,bottom,3750,hsr,5.4,6.98,508.9668,72.91787965616045,False,True,True,implied_duration_gt_30s; known_bad_fixture
1167.0,2025-06-14,1323129,65552,half_2,32,middle,3750,hsr,5.47,6.67,339.4352,50.889835082458774,False,True,True,implied_duration_gt_30s; known_bad_fixture
1167.0,2025-06-14,1323131,65552,half_2,34,bottom,3751,hsr,5.42,5.9,342.40119999999996,58.03410169491524,False,True,True,implied_duration_gt_30s; known_bad_fixture
1167.0,2025-06-14,1323132,65552,half_2,37,top,3751,hsr,5.43,5.8,327.9432,56.54193103448276,False,True,True,implied_duration_gt_30s; known_bad_fixture
1167.0,2025-06-14,1323133,65552,half_2,40,bottom,3751,hsr,5.49,6.07,213.8416,35.2292586490939,False,True,True,implied_duration_gt_30s; known_bad_fixture
1167.0,2025-06-14,1323136,65552,half_2,46,middle,3750,hsr,5.51,6.05,208.0696,34.391669421487606,False,True,True,implied_duration_gt_30s; known_bad_fixture
1167.0,2025-06-14,1323135,65552,half_2,47,middle,3751,sprint,6.94,7.88,419.5744,53.24548223350254,False,True,True,implied_duration_gt_30s; known_bad_fixture
1167.0,2025-06-14,1323137,65552,half_2,47,top,3750,hsr,5.47,7.0,434.2644,62.03777142857143,False,True,True,implied_duration_gt_30s; known_bad_fixture
1167.0,2025-06-14,1323138,65552,half_2,47,top,3751,hsr,5.45,6.89,307.604,44.64499274310595,False,True,True,implied_duration_gt_30s; known_bad_fixture
1167.0,2025-06-14,1323139,65553,half_1,1,bottom,3750,hsr,5.41,5.82,585.19,100.54810996563575,False,True,True,implied_duration_gt_30s; known_bad_fixture
1167.0,2025-06-14,1323140,65553,half_1,3,top,3751,hsr,5.42,6.28,445.1352,70.88140127388534,False,True,True,implied_duration_gt_30s; known_bad_fixture
1167.0,2025-06-14,1323141,65553,half_1,3,top,3750,hsr,5.46,6.6,432.6988,65.56042424242425,False,True,True,implied_duration_gt_30s; known_bad_fixture
1167.0,2025-06-14,1323142,65553,half_1,12,bottom,3751,hsr,5.52,6.15,191.9388,31.20956097560975,False,True,True,implied_duration_gt_30s; known_bad_fixture
1167.0,2025-06-14,1323143,65553,half_1,14,middle,3750,hsr,5.52,6.46,246.8724,38.21554179566564,False,True,True,implied_duration_gt_30s; known_bad_fixture
1167.0,2025-06-14,1323146,65553,half_1,21,top,3751,hsr,5.42,5.79,550.6332,95.10072538860103,False,True,True,implied_duration_gt_30s; known_bad_fixture
1167.0,2025-06-14,1323145,65553,half_1,22,top,3751,sprint,6.9,7.56,436.7504,57.771216931216934,False,True,True,implied_duration_gt_30s; known_bad_fixture
1167.0,2025-06-14,1323147,65553,half_1,22,top,3751,hsr,5.41,6.88,489.8296,71.19616279069768,False,True,True,implied_duration_gt_30s; known_bad_fixture
1167.0,2025-06-14,1323148,65553,half_1,27,top,3751,sprint,6.99,7.72,558.7156,72.37248704663213,False,True,True,implied_duration_gt_30s; known_bad_fixture
1167.0,2025-06-14,1323150,65553,half_1,29,top,3751,hsr,5.44,6.65,375.55,56.473684210526315,False,True,True,implied_duration_gt_30s; known_bad_fixture
1167.0,2025-06-14,1323149,65553,half_1,30,middle,3750,sprint,6.93,7.93,482.3584,60.82703656998739,False,True,True,implied_duration_gt_30s; known_bad_fixture
1167.0,2025-06-14,1323151,65553,half_1,30,middle,3750,hsr,5.47,6.88,411.9108,59.87075581395349,False,True,True,implied_duration_gt_30s; known_bad_fixture
1167.0,2025-06-14,1323155,65553,half_1,39,top,3751,hsr,5.46,6.43,312.8948,48.66171073094868,False,True,True,implied_duration_gt_30s; known_bad_fixture
1167.0,2025-06-14,1323156,65553,half_1,40,top,3751,hsr,5.47,5.97,241.2428,40.409179229480735,False,True,True,implied_duration_gt_30s; known_bad_fixture
1167.0,2025-06-14,1323157,65553,half_1,44,top,3750,hsr,5.46,6.48,277.48720000000003,42.8220987654321,False,True,True,implied_duration_gt_30s; known_bad_fixture
1167.0,2025-06-14,1323160,65553,half_2,9,middle,3750,hsr,5.43,5.82,219.7864,37.76398625429553,False,True,True,implied_duration_gt_30s; known_bad_fixture
1167.0,2025-06-14,1323161,65553,half_2,13,middle,3750,hsr,5.44,6.79,399.8644,58.89019145802651,False,True,True,implied_duration_gt_30s; known_bad_fixture
1167.0,2025-06-14,1323162,65553,half_2,15,top,3751,hsr,5.47,5.95,193.8536,32.58043697478991,False,True,True,implied_duration_gt_30s; known_bad_fixture
1167.0,2025-06-14,1323163,65553,half_2,18,bottom,3750,sprint,6.91,9.04,1555.5584,172.07504424778762,False,True,True,implied_duration_gt_30s; known_bad_fixture
1167.0,2025-06-14,1323164,65553,half_2,18,middle,3750,hsr,5.45,6.87,294.3684,42.84838427947599,False,True,True,implied_duration_gt_30s; known_bad_fixture
1167.0,2025-06-14,1323167,65553,half_2,21,middle,3751,hsr,5.42,5.88,479.4636,81.54142857142857,False,True,True,implied_duration_gt_30s; known_bad_fixture
1167.0,2025-06-14,1323169,65553,half_2,23,top,3751,hsr,5.41,7.04,738.64,104.92045454545455,False,True,True,implied_duration_gt_30s; known_bad_fixture
1167.0,2025-06-14,1323557,65554,half_2,2,top,3751,hsr,5.45,6.65,332.31359999999995,49.97196992481202,False,True,True,implied_duration_gt_30s; known_bad_fixture
1167.0,2025-06-14,1323554,65554,half_2,3,top,3751,sprint,6.89,8.09,533.2744,65.91772558714463,False,True,True,implied_duration_gt_30s; known_bad_fixture
1167.0,2025-06-14,1323556,65554,half_2,3,middle,3750,sprint,6.92,7.04,237.1948,33.69244318181818,False,True,True,implied_duration_gt_30s; known_bad_fixture
1167.0,2025-06-14,1323558,65554,half_2,3,middle,3750,hsr,5.52,6.85,529.2116,77.25716788321168,False,True,True,implied_duration_gt_30s; known_bad_fixture
1167.0,2025-06-14,1323559,65554,half_2,3,middle,3750,hsr,5.43,6.92,288.5068,41.69173410404624,False,True,True,implied_duration_gt_30s; known_bad_fixture
1167.0,2025-06-14,1323560,65554,half_2,3,bottom,3750,hsr,5.41,6.9,344.7856,49.96892753623188,False,True,True,implied_duration_gt_30s; known_bad_fixture
1167.0,2025-06-14,1323561,65554,half_2,3,bottom,3751,hsr,5.39,6.86,421.4176,61.431137026239064,False,True,True,implied_duration_gt_30s; known_bad_fixture
1167.0,2025-06-14,1323562,65554,half_2,5,bottom,3750,hsr,5.43,6.48,483.5524,74.62228395061727,False,True,True,implied_duration_gt_30s; known_bad_fixture
1167.0,2025-06-14,1323564,65554,half_2,6,top,3751,hsr,5.45,6.52,338.894,51.977607361963194,False,True,True,implied_duration_gt_30s; known_bad_fixture
1167.0,2025-06-14,1323563,65554,half_2,8,top,3751,sprint,6.96,7.99,592.9216,74.20795994993742,False,True,True,implied_duration_gt_30s; known_bad_fixture
1167.0,2025-06-14,1323569,65554,half_2,11,middle,3751,hsr,5.48,5.94,181.9624,30.633400673400672,False,True,True,implied_duration_gt_30s; known_bad_fixture
1167.0,2025-06-14,1323568,65554,half_2,13,bottom,3750,sprint,6.97,7.85,328.1508,41.80264968152866,False,True,True,implied_duration_gt_30s; known_bad_fixture
1167.0,2025-06-14,1323574,65554,half_2,17,top,3751,sprint,6.93,7.1,266.63599999999997,37.55436619718309,False,True,True,implied_duration_gt_30s; known_bad_fixture
1167.0,2025-06-14,1323576,65554,half_2,17,middle,3751,hsr,5.41,6.91,257.8036,37.30876989869754,False,True,True,implied_duration_gt_30s; known_bad_fixture
1167.0,2025-06-14,1323575,65554,half_2,18,bottom,3750,sprint,6.92,8.46,1118.1436,132.16827423167848,False,True,True,implied_duration_gt_30s; known_bad_fixture
1167.0,2025-06-14,1323580,65554,half_2,21,middle,3751,hsr,5.41,5.72,386.2792,67.53132867132868,False,True,True,implied_duration_gt_30s; known_bad_fixture
1167.0,2025-06-14,1323581,65554,half_2,22,top,3751,hsr,5.42,5.97,199.6172,33.43671691792295,False,True,True,implied_duration_gt_30s; known_bad_fixture
1167.0,2025-06-14,1323582,65554,half_2,22,top,3751,hsr,5.43,6.51,308.53479999999996,47.39397849462365,False,True,True,implied_duration_gt_30s; known_bad_fixture
1167.0,2025-06-14,1323579,65554,half_2,25,top,3751,sprint,6.94,8.72,1026.9256,117.76669724770642,False,True,True,implied_duration_gt_30s; known_bad_fixture
1167.0,2025-06-14,1323583,65554,half_2,26,bottom,3750,sprint,6.92,7.26,607.862,83.72754820936639,False,True,True,implied_duration_gt_30s; known_bad_fixture
1167.0,2025-06-14,1323586,65554,half_2,26,middle,3750,hsr,5.42,6.91,348.296,50.40463096960926,False,True,True,implied_duration_gt_30s; known_bad_fixture
1167.0,2025-06-14,1323584,65554,half_2,27,middle,3751,sprint,6.93,7.71,1034.8855999999998,134.2264072632944,False,True,True,implied_duration_gt_30s; known_bad_fixture
1167.0,2025-06-14,1323588,65554,half_2,27,middle,3751,hsr,5.45,6.9,224.3108,32.508811594202896,False,True,True,implied_duration_gt_30s; known_bad_fixture
1167.0,2025-06-14,1323590,65554,half_2,29,middle,3751,hsr,5.46,6.25,265.8376,42.534016,False,True,True,implied_duration_gt_30s; known_bad_fixture
1167.0,2025-06-14,1323585,65554,half_2,30,bottom,3750,sprint,6.91,7.16,493.6416,68.94435754189944,False,True,True,implied_duration_gt_30s; known_bad_fixture
1167.0,2025-06-14,1323591,65554,half_2,30,middle,3750,hsr,5.52,6.9,314.8892,45.63611594202899,False,True,True,implied_duration_gt_30s; known_bad_fixture
1167.0,2025-06-14,1323593,65554,half_2,30,middle,3751,hsr,5.41,6.51,375.5344,57.6857757296467,False,True,True,implied_duration_gt_30s; known_bad_fixture
1167.0,2025-06-14,1323595,65554,half_2,31,bottom,3750,hsr,5.43,5.98,258.30760000000004,43.1952508361204,False,True,True,implied_duration_gt_30s; known_bad_fixture
1167.0,2025-06-14,1323596,65554,half_2,31,bottom,3751,hsr,5.43,5.6,215.0612,38.40378571428572,False,True,True,implied_duration_gt_30s; known_bad_fixture
1167.0,2025-06-14,1323598,65554,half_2,32,middle,3750,hsr,5.43,5.66,194.2528,34.32028268551237,False,True,True,implied_duration_gt_30s; known_bad_fixture
1167.0,2025-06-14,1323599,65554,half_2,34,top,3751,hsr,5.41,5.8,366.9316,63.26406896551725,False,True,True,implied_duration_gt_30s; known_bad_fixture
1167.0,2025-06-14,1323600,65554,half_2,39,top,3750,hsr,5.42,6.82,400.6296,58.74334310850439,False,True,True,implied_duration_gt_30s; known_bad_fixture
1167.0,2025-06-14,1323601,65554,half_2,40,middle,3750,hsr,5.41,5.97,332.46439999999996,55.68917922948073,False,True,True,implied_duration_gt_30s; known_bad_fixture
1167.0,2025-06-14,1323602,65554,half_2,47,bottom,3750,sprint,6.98,8.99,668.0892,74.31470522803114,False,True,True,implied_duration_gt_30s; known_bad_fixture
1167.0,2025-06-14,1323603,65554,half_2,47,top,3751,hsr,5.41,5.96,620.3815999999999,104.09087248322146,False,True,True,implied_duration_gt_30s; known_bad_fixture
1167.0,2025-06-14,1323170,65555,half_1,1,middle,3750,sprint,6.91,7.03,223.1236,31.73877667140825,False,True,True,implied_duration_gt_30s; known_bad_fixture
1167.0,2025-06-14,1323171,65555,half_1,1,bottom,3750,sprint,6.87,8.95,690.6704,77.16987709497207,False,True,True,implied_duration_gt_30s; known_bad_fixture
1167.0,2025-06-14,1323172,65555,half_1,1,top,3750,hsr,5.42,7.27,390.0848,53.65678129298487,False,True,True,implied_duration_gt_30s; known_bad_fixture
1167.0,2025-06-14,1323173,65555,half_1,1,middle,3750,hsr,5.47,6.94,214.5064,30.90870317002882,False,True,True,implied_duration_gt_30s; known_bad_fixture
1167.0,2025-06-14,1323174,65555,half_1,1,middle,3750,hsr,6.62,6.9,317.2268,45.97489855072464,False,True,True,implied_duration_gt_30s; known_bad_fixture
1167.0,2025-06-14,1323175,65555,half_1,3,top,3750,hsr,5.48,6.68,544.8812,81.56904191616768,False,True,True,implied_duration_gt_30s; known_bad_fixture
1167.0,2025-06-14,1323176,65555,half_1,5,top,3750,hsr,5.43,6.07,325.2732,53.58701812191103,False,True,True,implied_duration_gt_30s; known_bad_fixture
1167.0,2025-06-14,1323177,65555,half_1,7,bottom,3750,hsr,5.38,5.97,320.1844,53.632227805695145,False,True,True,implied_duration_gt_30s; known_bad_fixture
1167.0,2025-06-14,1323179,65555,half_1,12,middle,3750,hsr,5.44,6.77,450.276,66.51048744460857,False,True,True,implied_duration_gt_30s; known_bad_fixture
1167.0,2025-06-14,1323180,65555,half_1,16,bottom,3750,sprint,6.97,8.79,707.3724,80.4746757679181,False,True,True,implied_duration_gt_30s; known_bad_fixture
1167.0,2025-06-14,1323181,65555,half_1,16,middle,3751,hsr,5.43,6.65,349.8144,52.60366917293233,False,True,True,implied_duration_gt_30s; known_bad_fixture
1167.0,2025-06-14,1323182,65555,half_1,19,bottom,3750,hsr,5.5,6.02,189.444,31.469102990033225,False,True,True,implied_duration_gt_30s; known_bad_fixture
1167.0,2025-06-14,1323183,65555,half_1,20,middle,3750,hsr,5.42,6.73,314.3156,46.70365527488856,False,True,True,implied_duration_gt_30s; known_bad_fixture
1167.0,2025-06-14,1323184,65555,half_1,22,top,3751,sprint,6.93,7.56,597.8452,79.08005291005291,False,True,True,implied_duration_gt_30s; known_bad_fixture
1167.0,2025-06-14,1323187,65555,half_1,22,top,3751,hsr,5.46,6.91,214.0204,30.972561505065123,False,True,True,implied_duration_gt_30s; known_bad_fixture
1167.0,2025-06-14,1323185,65555,half_1,24,bottom,3750,sprint,6.9,7.89,537.542,68.12953105196452,False,True,True,implied_duration_gt_30s; known_bad_fixture
1167.0,2025-06-14,1323188,65555,half_1,24,middle,3750,hsr,5.43,6.87,299.99559999999997,43.66748180494905,False,True,True,implied_duration_gt_30s; known_bad_fixture
1167.0,2025-06-14,1323191,65555,half_1,27,top,3751,hsr,5.47,6.99,779.5412,111.5223462088698,False,True,True,implied_duration_gt_30s; known_bad_fixture
1167.0,2025-06-14,1323194,65555,half_1,29,top,3750,hsr,5.44,6.01,235.6032,39.201863560732114,False,True,True,implied_duration_gt_30s; known_bad_fixture
1167.0,2025-06-14,1323189,65555,half_1,30,middle,3750,sprint,7.0,9.03,575.5688,63.739623477297904,False,True,True,implied_duration_gt_30s; known_bad_fixture
1167.0,2025-06-14,1323195,65555,half_1,32,middle,3750,sprint,6.96,8.94,866.6288,96.93834451901566,False,True,True,implied_duration_gt_30s; known_bad_fixture
1167.0,2025-06-14,1323196,65555,half_1,33,bottom,3750,sprint,6.91,7.35,372.864,50.729795918367344,False,True,True,implied_duration_gt_30s; known_bad_fixture
1167.0,2025-06-14,1323199,65555,half_1,33,bottom,3750,hsr,5.53,6.89,460.8632,66.88870827285922,False,True,True,implied_duration_gt_30s; known_bad_fixture
1167.0,2025-06-14,1323200,65555,half_1,34,top,3751,hsr,5.43,5.85,351.8076,60.13805128205128,False,True,True,implied_duration_gt_30s; known_bad_fixture
1167.0,2025-06-14,1323202,65555,half_1,40,top,3750,hsr,5.54,6.39,220.6228,34.52625978090767,False,True,True,implied_duration_gt_30s; known_bad_fixture
1167.0,2025-06-14,1323203,65555,half_1,40,middle,3750,hsr,5.43,6.9,223.2224,32.35107246376811,False,True,True,implied_duration_gt_30s; known_bad_fixture
1167.0,2025-06-14,1323201,65555,half_1,41,bottom,3750,sprint,6.94,8.18,795.4084,97.23819070904646,False,True,True,implied_duration_gt_30s; known_bad_fixture
1167.0,2025-06-14,1323204,65555,half_1,43,middle,3750,sprint,6.94,7.53,342.0004,45.41837981407703,False,True,True,implied_duration_gt_30s; known_bad_fixture
1167.0,2025-06-14,1323205,65555,half_1,44,top,3751,sprint,6.91,7.33,692.8096,94.51699863574352,False,True,True,implied_duration_gt_30s; known_bad_fixture
1167.0,2025-06-14,1323208,65555,half_1,44,top,3751,hsr,5.41,6.92,272.9076,39.437514450867056,False,True,True,implied_duration_gt_30s; known_bad_fixture
1167.0,2025-06-14,1323209,65555,half_1,44,top,3751,hsr,5.46,7.01,434.8244,62.02915834522112,False,True,True,implied_duration_gt_30s; known_bad_fixture
1167.0,2025-06-14,1323210,65555,half_1,44,middle,3750,hsr,5.46,6.61,520.2784,78.71080181543117,False,True,True,implied_duration_gt_30s; known_bad_fixture
1167.0,2025-06-14,1323211,65555,half_1,46,bottom,3750,sprint,6.98,8.16,900.244,110.32401960784314,False,True,True,implied_duration_gt_30s; known_bad_fixture
1167.0,2025-06-14,1323212,65555,half_1,47,top,3751,hsr,5.47,6.49,309.0104,47.61331278890601,False,True,True,implied_duration_gt_30s; known_bad_fixture
1167.0,2025-06-14,1323214,65556,half_1,5,middle,3750,hsr,5.48,6.59,374.4668,56.82349013657056,False,True,True,implied_duration_gt_30s; known_bad_fixture
1167.0,2025-06-14,1323216,65556,half_1,16,bottom,3750,sprint,6.92,8.4,674.5112,80.29895238095239,False,True,True,implied_duration_gt_30s; known_bad_fixture
1167.0,2025-06-14,1323219,65556,half_1,19,bottom,3751,hsr,5.5,6.99,330.6232,47.29945636623748,False,True,True,implied_duration_gt_30s; known_bad_fixture
1167.0,2025-06-14,1323220,65556,half_1,20,middle,3750,hsr,5.54,6.6,300.68559999999997,45.55842424242424,False,True,True,implied_duration_gt_30s; known_bad_fixture
1167.0,2025-06-14,1323221,65556,half_1,24,bottom,3750,sprint,6.93,7.29,284.9232,39.08411522633745,False,True,True,implied_duration_gt_30s; known_bad_fixture
1167.0,2025-06-14,1323223,65556,half_1,24,middle,3750,hsr,5.44,6.9,250.3972,36.289449275362315,False,True,True,implied_duration_gt_30s; known_bad_fixture
1167.0,2025-06-14,1323225,65556,half_1,26,bottom,3750,hsr,5.43,5.68,177.75879999999998,31.29556338028169,False,True,True,implied_duration_gt_30s; known_bad_fixture
1167.0,2025-06-14,1323224,65556,half_1,30,middle,3750,sprint,6.95,8.84,1229.7636,139.11352941176472,False,True,True,implied_duration_gt_30s; known_bad_fixture
1167.0,2025-06-14,1323227,65556,half_1,32,middle,3750,sprint,6.96,9.04,602.4608,66.64389380530973,False,True,True,implied_duration_gt_30s; known_bad_fixture
1167.0,2025-06-14,1323228,65556,half_1,33,bottom,3750,hsr,5.41,6.16,304.2824,49.396493506493506,False,True,True,implied_duration_gt_30s; known_bad_fixture
1167.0,2025-06-14,1323229,65556,half_1,33,bottom,3751,hsr,5.48,6.26,229.4492,36.6532268370607,False,True,True,implied_duration_gt_30s; known_bad_fixture
1167.0,2025-06-14,1323231,65556,half_1,40,top,3750,hsr,5.4,6.86,463.2408,67.52781341107871,False,True,True,implied_duration_gt_30s; known_bad_fixture
1167.0,2025-06-14,1323232,65556,half_1,40,middle,3750,hsr,5.46,6.9,402.5264,58.33715942028986,False,True,True,implied_duration_gt_30s; known_bad_fixture
1167.0,2025-06-14,1323230,65556,half_1,41,bottom,3750,sprint,6.92,7.55,903.4988,119.66871523178807,False,True,True,implied_duration_gt_30s; known_bad_fixture
1167.0,2025-06-14,1323234,65556,half_1,43,middle,3750,hsr,5.47,6.04,254.6176,42.15523178807947,False,True,True,implied_duration_gt_30s; known_bad_fixture
1167.0,2025-06-14,1323235,65556,half_1,44,middle,3750,hsr,5.46,6.38,348.2732,54.58827586206896,False,True,True,implied_duration_gt_30s; known_bad_fixture
1167.0,2025-06-14,1323236,65556,half_1,46,bottom,3750,sprint,6.92,7.58,483.8852,63.83709762532981,False,True,True,implied_duration_gt_30s; known_bad_fixture
1167.0,2025-06-14,1323238,65556,half_1,46,bottom,3750,hsr,5.43,6.88,233.0232,33.869651162790696,False,True,True,implied_duration_gt_30s; known_bad_fixture
1167.0,2025-06-14,1323240,65556,half_2,1,middle,3751,hsr,5.47,5.97,217.562,36.4425460636516,False,True,True,implied_duration_gt_30s; known_bad_fixture
1167.0,2025-06-14,1323239,65556,half_2,3,middle,3750,sprint,6.92,7.7,518.6624,67.35875324675325,False,True,True,implied_duration_gt_30s; known_bad_fixture
1167.0,2025-06-14,1323241,65556,half_2,3,bottom,3750,hsr,5.41,6.88,226.3304,32.896860465116276,False,True,True,implied_duration_gt_30s; known_bad_fixture
1167.0,2025-06-14,1323242,65556,half_2,5,bottom,3750,hsr,5.42,6.0,340.522,56.75366666666667,False,True,True,implied_duration_gt_30s; known_bad_fixture
1167.0,2025-06-14,1323243,65556,half_2,9,top,3750,sprint,6.94,8.74,659.0116,75.40178489702518,False,True,True,implied_duration_gt_30s; known_bad_fixture
1167.0,2025-06-14,1323246,65556,half_2,9,middle,3750,hsr,5.44,5.66,210.8152,37.246501766784455,False,True,True,implied_duration_gt_30s; known_bad_fixture
1167.0,2025-06-14,1323249,65557,half_1,3,top,3751,hsr,5.48,6.28,882.2552000000001,140.4864968152866,False,True,True,implied_duration_gt_30s; known_bad_fixture
1167.0,2025-06-14,1323247,65557,half_1,4,middle,3750,sprint,6.99,7.65,278.6848,36.42938562091503,False,True,True,implied_duration_gt_30s; known_bad_fixture
1167.0,2025-06-14,1323250,65557,half_1,4,top,3750,hsr,5.42,5.93,251.23119999999997,42.36613827993254,False,True,True,implied_duration_gt_30s; known_bad_fixture
1167.0,2025-06-14,1323251,65557,half_1,4,middle,3750,hsr,5.47,6.48,296.6012,45.77179012345679,False,True,True,implied_duration_gt_30s; known_bad_fixture
1167.0,2025-06-14,1323252,65557,half_1,5,top,3750,hsr,5.43,6.61,534.5416,80.86862329803328,False,True,True,implied_duration_gt_30s; known_bad_fixture
1167.0,2025-06-14,1323253,65557,half_1,7,middle,3750,hsr,5.47,6.42,294.3684,45.85177570093458,False,True,True,implied_duration_gt_30s; known_bad_fixture
1167.0,2025-06-14,1323254,65557,half_1,12,top,3750,hsr,5.43,5.89,273.15200000000004,46.37555178268252,False,True,True,implied_duration_gt_30s; known_bad_fixture
1167.0,2025-06-14,1323255,65557,half_1,18,middle,3751,hsr,5.45,6.02,224.3416,37.26604651162791,False,True,True,implied_duration_gt_30s; known_bad_fixture
1167.0,2025-06-14,1323256,65557,half_1,20,middle,3750,hsr,5.49,6.13,262.7672,42.8657748776509,False,True,True,implied_duration_gt_30s; known_bad_fixture
1167.0,2025-06-14,1323257,65557,half_1,21,top,3751,sprint,6.91,7.65,544.944,71.23450980392155,False,True,True,implied_duration_gt_30s; known_bad_fixture
1167.0,2025-06-14,1323259,65557,half_1,21,top,3750,hsr,5.48,6.89,408.9844,59.35912917271408,False,True,True,implied_duration_gt_30s; known_bad_fixture
1167.0,2025-06-14,1323258,65557,half_1,22,top,3751,sprint,6.88,8.85,754.408,85.2438418079096,False,True,True,implied_duration_gt_30s; known_bad_fixture
1167.0,2025-06-14,1323262,65557,half_1,23,top,3750,hsr,5.46,6.41,453.58399999999995,70.76193447737909,False,True,True,implied_duration_gt_30s; known_bad_fixture
1167.0,2025-06-14,1323264,65557,half_1,26,top,3751,hsr,5.45,6.05,213.2728,35.251702479338846,False,True,True,implied_duration_gt_30s; known_bad_fixture
1167.0,2025-06-14,1323263,65557,half_1,27,top,3751,sprint,6.98,8.65,495.2984,57.25993063583815,False,True,True,implied_duration_gt_30s; known_bad_fixture
1167.0,2025-06-14,1323265,65557,half_1,28,middle,3751,hsr,5.5,6.14,227.282,37.016612377850166,False,True,True,implied_duration_gt_30s; known_bad_fixture
1167.0,2025-06-14,1323266,65557,half_1,29,top,3751,hsr,5.49,6.16,251.568,40.83896103896104,False,True,True,implied_duration_gt_30s; known_bad_fixture
1167.0,2025-06-14,1323268,65557,half_1,32,bottom,3750,hsr,5.41,6.11,586.6804,96.01970540098199,False,True,True,implied_duration_gt_30s; known_bad_fixture
1167.0,2025-06-14,1323271,65557,half_1,39,top,3751,hsr,5.49,6.55,594.6828,90.79126717557253,False,True,True,implied_duration_gt_30s; known_bad_fixture
1167.0,2025-06-14,1323272,65557,half_1,39,top,3750,hsr,5.46,5.8,219.7516,37.88820689655172,False,True,True,implied_duration_gt_30s; known_bad_fixture
1167.0,2025-06-14,1323274,65557,half_1,43,bottom,3750,hsr,5.43,6.15,686.2176,111.58009756097559,False,True,True,implied_duration_gt_30s; known_bad_fixture
1167.0,2025-06-14,1323273,65557,half_1,44,top,3751,sprint,6.86,8.15,456.7664,56.04495705521472,False,True,True,implied_duration_gt_30s; known_bad_fixture
1167.0,2025-06-14,1323275,65557,half_1,44,middle,3751,hsr,5.44,6.82,551.61,80.88123167155425,False,True,True,implied_duration_gt_30s; known_bad_fixture
1167.0,2025-06-14,1323276,65557,half_1,46,middle,3750,hsr,5.46,6.41,263.35,41.08424336973479,False,True,True,implied_duration_gt_30s; known_bad_fixture
1167.0,2025-06-14,1323281,65557,half_2,3,middle,3751,hsr,5.53,6.93,216.2024,31.19803751803752,False,True,True,implied_duration_gt_30s; known_bad_fixture
1167.0,2025-06-14,1323282,65557,half_2,3,top,3751,hsr,5.52,6.91,366.022,52.9698986975398,False,True,True,implied_duration_gt_30s; known_bad_fixture
1167.0,2025-06-14,1323283,65557,half_2,3,bottom,3751,hsr,5.4,6.56,745.21,113.59908536585367,False,True,True,implied_duration_gt_30s; known_bad_fixture
1167.0,2025-06-14,1323286,65557,half_2,6,top,3751,hsr,5.5,6.54,444.2048,67.92122324159021,False,True,True,implied_duration_gt_30s; known_bad_fixture
1167.0,2025-06-14,1323287,65557,half_2,8,middle,3751,hsr,5.42,6.29,473.2264,75.23472178060413,False,True,True,implied_duration_gt_30s; known_bad_fixture
1167.0,2025-06-14,1323288,65557,half_2,12,top,3751,hsr,5.47,6.87,468.8776,68.25001455604075,False,True,True,implied_duration_gt_30s; known_bad_fixture
1167.0,2025-06-14,1323290,65557,half_2,21,middle,3751,sprint,6.89,8.18,829.1088,101.35804400977995,False,True,True,implied_duration_gt_30s; known_bad_fixture
1167.0,2025-06-14,1323292,65557,half_2,21,top,3751,hsr,5.54,6.94,210.8384,30.380172910662825,False,True,True,implied_duration_gt_30s; known_bad_fixture
1167.0,2025-06-14,1323294,65557,half_2,27,middle,3751,sprint,6.9,7.73,495.1464,64.0551617076326,False,True,True,implied_duration_gt_30s; known_bad_fixture
1167.0,2025-06-14,1323295,65557,half_2,27,middle,3751,hsr,5.44,6.87,369.7212,53.81676855895196,False,True,True,implied_duration_gt_30s; known_bad_fixture
1167.0,2025-06-14,1323297,65557,half_2,32,bottom,3750,hsr,5.42,6.22,901.5524,144.94411575562702,False,True,True,implied_duration_gt_30s; known_bad_fixture
1167.0,2025-06-14,1323298,65557,half_2,34,bottom,3751,hsr,5.45,6.8,572.942,84.25617647058824,False,True,True,implied_duration_gt_30s; known_bad_fixture
1167.0,2025-06-14,1323299,65557,half_2,37,top,3751,sprint,6.94,8.34,569.8192,68.32364508393286,False,True,True,implied_duration_gt_30s; known_bad_fixture
1167.0,2025-06-14,1323300,65557,half_2,47,middle,3750,hsr,5.42,6.15,428.1244,69.61372357723576,False,True,True,implied_duration_gt_30s; known_bad_fixture
1167.0,2025-06-14,1323301,65557,half_2,47,top,3751,hsr,5.42,6.42,336.012,52.33831775700935,False,True,True,implied_duration_gt_30s; known_bad_fixture
1167.0,2025-06-14,1323302,65558,half_1,1,middle,3750,sprint,6.91,7.17,281.9588,39.324797768479776,False,True,True,implied_duration_gt_30s; known_bad_fixture
1167.0,2025-06-14,1323303,65558,half_1,1,middle,3750,hsr,5.42,6.91,224.144,32.43762662807525,False,True,True,implied_duration_gt_30s; known_bad_fixture
1167.0,2025-06-14,1323304,65558,half_1,1,bottom,3750,hsr,5.47,6.89,358.2144,51.99047895500726,False,True,True,implied_duration_gt_30s; known_bad_fixture
1167.0,2025-06-14,1323305,65558,half_1,1,bottom,3751,hsr,5.44,6.58,316.66,48.12462006079028,False,True,True,implied_duration_gt_30s; known_bad_fixture
1167.0,2025-06-14,1323306,65558,half_1,3,middle,3751,hsr,5.48,7.0,1018.1988,145.45697142857142,False,True,True,implied_duration_gt_30s; known_bad_fixture
1167.0,2025-06-14,1323307,65558,half_1,3,top,3750,hsr,5.44,5.8,225.3728,38.85737931034483,False,True,True,implied_duration_gt_30s; known_bad_fixture
1167.0,2025-06-14,1323309,65558,half_1,7,top,3750,hsr,5.49,5.97,182.9704,30.648308207705195,False,True,True,implied_duration_gt_30s; known_bad_fixture
1167.0,2025-06-14,1323310,65558,half_1,8,bottom,3751,hsr,5.49,6.05,189.902,31.38876033057851,False,True,True,implied_duration_gt_30s; known_bad_fixture
1167.0,2025-06-14,1323311,65558,half_1,13,middle,3751,hsr,5.49,6.56,293.1204,44.68298780487805,False,True,True,implied_duration_gt_30s; known_bad_fixture
1167.0,2025-06-14,1323312,65558,half_1,14,middle,3750,hsr,5.48,6.44,282.9552,43.93714285714285,False,True,True,implied_duration_gt_30s; known_bad_fixture
1167.0,2025-06-14,1323313,65558,half_1,15,top,3750,hsr,5.45,6.19,317.716,51.327302100161546,False,True,True,implied_duration_gt_30s; known_bad_fixture
1167.0,2025-06-14,1323316,65558,half_1,19,bottom,3750,hsr,5.44,5.91,366.2376,61.96913705583756,False,True,True,implied_duration_gt_30s; known_bad_fixture
1167.0,2025-06-14,1323319,65558,half_1,21,middle,3751,hsr,5.45,7.01,1186.9063999999998,169.3161768901569,False,True,True,implied_duration_gt_30s; known_bad_fixture
1167.0,2025-06-14,1323320,65558,half_1,21,top,3750,hsr,5.45,5.88,209.8904,35.6956462585034,False,True,True,implied_duration_gt_30s; known_bad_fixture
1167.0,2025-06-14,1323317,65558,half_1,22,middle,3751,sprint,6.94,8.55,1183.838,138.4605847953216,False,True,True,implied_duration_gt_30s; known_bad_fixture
1167.0,2025-06-14,1323323,65558,half_1,24,middle,3750,hsr,5.48,7.0,422.2768,60.32525714285714,False,True,True,implied_duration_gt_30s; known_bad_fixture
1167.0,2025-06-14,1323318,65558,half_1,25,top,3751,sprint,6.96,9.25,689.3548,74.52484324324324,False,True,True,implied_duration_gt_30s; known_bad_fixture
1167.0,2025-06-14,1323324,65558,half_1,28,bottom,3751,sprint,6.93,7.44,353.6524,47.53392473118279,False,True,True,implied_duration_gt_30s; known_bad_fixture
1167.0,2025-06-14,1323328,65558,half_1,28,middle,3751,hsr,5.39,6.9,285.4556,41.3703768115942,False,True,True,implied_duration_gt_30s; known_bad_fixture
1167.0,2025-06-14,1323329,65558,half_1,29,top,3751,hsr,5.51,6.25,272.4908,43.598527999999995,False,True,True,implied_duration_gt_30s; known_bad_fixture
1167.0,2025-06-14,1323325,65558,half_1,30,middle,3750,sprint,6.91,8.02,576.2348000000001,71.84972568578554,False,True,True,implied_duration_gt_30s; known_bad_fixture
1167.0,2025-06-14,1323330,65558,half_1,30,middle,3750,hsr,5.47,6.88,437.0256,63.52116279069767,False,True,True,implied_duration_gt_30s; known_bad_fixture
1167.0,2025-06-14,1323332,65558,half_1,34,middle,3751,sprint,6.97,8.34,458.88520000000005,55.022206235012,False,True,True,implied_duration_gt_30s; known_bad_fixture
1167.0,2025-06-14,1323333,65558,half_1,34,bottom,3750,hsr,5.47,6.53,341.53520000000003,52.3024808575804,False,True,True,implied_duration_gt_30s; known_bad_fixture
1167.0,2025-06-14,1323335,65558,half_1,34,top,3751,hsr,5.43,5.83,220.042,37.743053173241854,False,True,True,implied_duration_gt_30s; known_bad_fixture
1167.0,2025-06-14,1323336,65558,half_1,35,middle,3750,hsr,5.43,5.57,175.87279999999998,31.575008976660676,False,True,True,implied_duration_gt_30s; known_bad_fixture
1167.0,2025-06-14,1323337,65558,half_1,39,middle,3751,hsr,5.45,6.61,330.656,50.02360060514372,False,True,True,implied_duration_gt_30s; known_bad_fixture
1167.0,2025-06-14,1323338,65558,half_1,40,middle,3750,hsr,5.42,5.47,223.31159999999997,40.82478976234003,False,True,True,implied_duration_gt_30s; known_bad_fixture
1167.0,2025-06-14,1323339,65558,half_1,40,middle,3750,hsr,5.51,6.21,501.7451999999999,80.79632850241545,False,True,True,implied_duration_gt_30s; known_bad_fixture
1167.0,2025-06-14,1323342,65558,half_1,41,bottom,3750,hsr,5.45,6.53,424.3652,64.9870137825421,False,True,True,implied_duration_gt_30s; known_bad_fixture
1167.0,2025-06-14,1323343,65558,half_1,43,bottom,3750,hsr,5.5,6.91,1055.4316,152.73973950795946,False,True,True,implied_duration_gt_30s; known_bad_fixture
1167.0,2025-06-14,1323340,65558,half_1,44,top,3751,sprint,6.92,8.3,637.5595999999999,76.8144096385542,False,True,True,implied_duration_gt_30s; known_bad_fixture
1167.0,2025-06-14,1323341,65558,half_1,44,middle,3750,sprint,6.97,7.79,394.6132,50.65637997432606,False,True,True,implied_duration_gt_30s; known_bad_fixture
1167.0,2025-06-14,1323346,65558,half_1,46,middle,3750,sprint,6.92,9.42,931.6888,98.90539278131635,False,True,True,implied_duration_gt_30s; known_bad_fixture
1167.0,2025-06-14,1323347,65558,half_1,47,middle,3750,hsr,5.5,6.38,238.4044,37.367460815047025,False,True,True,implied_duration_gt_30s; known_bad_fixture
1167.0,2025-06-14,1323348,65558,half_1,47,top,3751,hsr,5.42,6.02,440.84,73.22923588039868,False,True,True,implied_duration_gt_30s; known_bad_fixture
1167.0,2025-06-14,1323652,65560,half_2,25,top,3750,sprint,6.97,8.7,943.1292,108.4056551724138,False,True,True,implied_duration_gt_30s; known_bad_fixture
1167.0,2025-06-14,1323654,65560,half_2,26,middle,3750,sprint,6.99,9.66,1694.008,175.36314699792962,False,True,True,implied_duration_gt_30s; known_bad_fixture
1167.0,2025-06-14,1323655,65560,half_2,27,middle,3751,sprint,6.91,7.79,788.1795999999999,101.17838254172014,False,True,True,implied_duration_gt_30s; known_bad_fixture
1167.0,2025-06-14,1323656,65560,half_2,27,bottom,3751,hsr,5.44,6.25,313.9548,50.23276799999999,False,True,True,implied_duration_gt_30s; known_bad_fixture
1167.0,2025-06-14,1323657,65560,half_2,27,middle,3751,hsr,5.46,6.89,365.7148,53.07907111756169,False,True,True,implied_duration_gt_30s; known_bad_fixture
1167.0,2025-06-14,1323660,65560,half_2,30,bottom,3751,hsr,5.48,5.9,193.0092,32.71342372881356,False,True,True,implied_duration_gt_30s; known_bad_fixture
1167.0,2025-06-14,1323662,65560,half_2,31,top,3750,hsr,5.49,5.93,181.8904,30.672917369308603,False,True,True,implied_duration_gt_30s; known_bad_fixture
1167.0,2025-06-14,1323663,65560,half_2,31,bottom,3751,hsr,5.49,6.96,368.8652,52.99787356321839,False,True,True,implied_duration_gt_30s; known_bad_fixture
1167.0,2025-06-14,1323664,65560,half_2,32,middle,3750,hsr,5.43,5.58,220.3644,39.49182795698925,False,True,True,implied_duration_gt_30s; known_bad_fixture
1167.0,2025-06-14,1323661,65560,half_2,34,bottom,3751,sprint,6.93,7.11,224.4432,31.567257383966243,False,True,True,implied_duration_gt_30s; known_bad_fixture
1167.0,2025-06-14,1323667,65560,half_2,34,bottom,3751,hsr,5.4,6.91,321.2504,46.49065123010131,False,True,True,implied_duration_gt_30s; known_bad_fixture
1167.0,2025-06-14,1323668,65560,half_2,34,middle,3751,hsr,5.38,6.72,381.9092,56.83172619047619,False,True,True,implied_duration_gt_30s; known_bad_fixture
1167.0,2025-06-14,1323669,65560,half_2,34,top,3751,hsr,5.39,7.07,415.842,58.817821782178214,False,True,True,implied_duration_gt_30s; known_bad_fixture
1167.0,2025-06-14,1323670,65560,half_2,37,middle,3751,sprint,6.92,9.84,1094.4771999999998,111.22735772357721,False,True,True,implied_duration_gt_30s; known_bad_fixture
1167.0,2025-06-14,1323671,65560,half_2,40,bottom,3751,sprint,6.97,7.47,274.60880000000003,36.76155287817939,False,True,True,implied_duration_gt_30s; known_bad_fixture
1167.0,2025-06-14,1323673,65560,half_2,41,middle,3751,sprint,6.97,9.34,1449.0492000000002,155.14445396145612,False,True,True,implied_duration_gt_30s; known_bad_fixture
1167.0,2025-06-14,1323674,65560,half_2,45,middle,3750,hsr,5.42,6.07,474.6212,78.1913014827018,False,True,True,implied_duration_gt_30s; known_bad_fixture
1167.0,2025-06-14,1323675,65560,half_2,46,middle,3750,hsr,5.45,6.58,908.896,138.13009118541032,False,True,True,implied_duration_gt_30s; known_bad_fixture
1167.0,2025-06-14,1323676,65560,half_2,47,top,3750,hsr,5.41,5.73,240.0064,41.88593368237347,False,True,True,implied_duration_gt_30s; known_bad_fixture
1201.0,2025-06-17,1326199,65759,half_1,4,bottom,3760,sprint,6.99,8.92,278.2928,31.198744394618835,False,True,True,implied_duration_gt_30s; known_bad_fixture
1201.0,2025-06-17,1326202,65759,half_2,4,middle,3760,hsr,5.44,5.71,172.344,30.182837127845882,False,True,True,implied_duration_gt_30s; known_bad_fixture
1201.0,2025-06-17,1326206,65761,half_1,2,middle,3761,hsr,5.41,6.04,352.8548,58.41966887417219,False,True,True,implied_duration_gt_30s; known_bad_fixture
1201.0,2025-06-17,1326205,65761,half_1,4,middle,3761,sprint,6.96,7.41,236.81,31.95816464237517,False,True,True,implied_duration_gt_30s; known_bad_fixture
1201.0,2025-06-17,1326209,65761,half_1,4,top,3760,hsr,5.41,6.78,549.7284,81.08088495575221,False,True,True,implied_duration_gt_30s; known_bad_fixture
1201.0,2025-06-17,1326211,65761,half_1,5,top,3761,hsr,5.43,6.36,737.21,115.91352201257861,False,True,True,implied_duration_gt_30s; known_bad_fixture
1201.0,2025-06-17,1326212,65761,half_1,7,middle,3761,hsr,5.49,6.45,258.3628,40.0562480620155,False,True,True,implied_duration_gt_30s; known_bad_fixture
1201.0,2025-06-17,1326213,65761,half_1,9,top,3761,hsr,5.45,6.68,464.4132,69.52293413173653,False,True,True,implied_duration_gt_30s; known_bad_fixture
1201.0,2025-06-17,1326214,65761,half_1,10,top,3761,hsr,5.44,7.11,439.2796,61.78334739803094,False,True,True,implied_duration_gt_30s; known_bad_fixture
1201.0,2025-06-17,1326216,65761,half_1,12,middle,3760,hsr,5.41,5.78,348.74920000000003,60.33723183391004,False,True,True,implied_duration_gt_30s; known_bad_fixture
1201.0,2025-06-17,1326218,65761,half_1,14,middle,3761,hsr,5.39,6.67,581.2656,87.1462668665667,False,True,True,implied_duration_gt_30s; known_bad_fixture
1201.0,2025-06-17,1326215,65761,half_1,15,top,3761,sprint,7.05,8.01,286.59000000000003,35.77902621722847,False,True,True,implied_duration_gt_30s; known_bad_fixture
1201.0,2025-06-17,1326219,65761,half_1,16,top,3761,hsr,5.58,6.28,325.3452,51.80656050955413,False,True,True,implied_duration_gt_30s; known_bad_fixture
1201.0,2025-06-17,1326220,65761,half_1,21,middle,3761,hsr,5.43,6.84,541.6072,79.18233918128655,False,True,True,implied_duration_gt_30s; known_bad_fixture
1201.0,2025-06-17,1326221,65761,half_1,21,bottom,3761,hsr,5.43,5.77,269.9236,46.780519930675915,False,True,True,implied_duration_gt_30s; known_bad_fixture
1201.0,2025-06-17,1326225,65761,half_1,29,top,3760,hsr,5.43,6.91,1057.3288,153.0142981186686,False,True,True,implied_duration_gt_30s; known_bad_fixture
1201.0,2025-06-17,1326227,65761,half_1,31,middle,3761,hsr,5.47,6.38,262.8492,41.198934169279,False,True,True,implied_duration_gt_30s; known_bad_fixture
1201.0,2025-06-17,1326228,65761,half_1,31,middle,3760,hsr,5.41,6.51,572.934,88.00829493087558,False,True,True,implied_duration_gt_30s; known_bad_fixture
1201.0,2025-06-17,1326229,65761,half_1,32,top,3760,hsr,5.49,7.14,355.0024,49.72022408963586,False,True,True,implied_duration_gt_30s; known_bad_fixture
1201.0,2025-06-17,1326230,65761,half_1,32,middle,3761,hsr,5.45,6.64,615.6076,92.71198795180725,False,True,True,implied_duration_gt_30s; known_bad_fixture
1201.0,2025-06-17,1326234,65761,half_1,37,bottom,3760,hsr,5.53,6.09,190.9768,31.359080459770116,False,True,True,implied_duration_gt_30s; known_bad_fixture
1201.0,2025-06-17,1326235,65761,half_1,37,middle,3760,hsr,5.43,7.17,408.6172,56.98984658298466,False,True,True,implied_duration_gt_30s; known_bad_fixture
1201.0,2025-06-17,1326236,65761,half_1,38,middle,3760,hsr,5.44,6.07,301.97999999999996,49.74958813838549,False,True,True,implied_duration_gt_30s; known_bad_fixture
1201.0,2025-06-17,1326231,65761,half_1,39,top,3760,sprint,6.96,7.32,278.564,38.055191256830604,False,True,True,implied_duration_gt_30s; known_bad_fixture
1201.0,2025-06-17,1326232,65761,half_1,40,middle,3761,sprint,7.0,8.7,456.2448,52.441931034482764,False,True,True,implied_duration_gt_30s; known_bad_fixture
1201.0,2025-06-17,1326239,65761,half_1,44,bottom,3760,hsr,5.42,6.34,346.52799999999996,54.65741324921135,False,True,True,implied_duration_gt_30s; known_bad_fixture
1201.0,2025-06-17,1326240,65761,half_1,45,top,3761,hsr,5.47,5.9,187.0772,31.708,False,True,True,implied_duration_gt_30s; known_bad_fixture
1201.0,2025-06-17,1326242,65761,half_2,1,bottom,3761,sprint,6.92,8.45,587.5196,69.52894674556214,False,True,True,implied_duration_gt_30s; known_bad_fixture
1201.0,2025-06-17,1326245,65761,half_2,1,bottom,3761,hsr,5.42,6.87,220.7984,32.139505094614265,False,True,True,implied_duration_gt_30s; known_bad_fixture
1201.0,2025-06-17,1326246,65761,half_2,3,top,3760,hsr,5.41,6.18,381.9036,61.796699029126216,False,True,True,implied_duration_gt_30s; known_bad_fixture
1201.0,2025-06-17,1326247,65761,half_2,5,bottom,3761,hsr,5.42,6.94,443.184,63.85936599423631,False,True,True,implied_duration_gt_30s; known_bad_fixture
1201.0,2025-06-17,1326248,65761,half_2,10,bottom,3761,sprint,6.9,7.22,375.3048,51.98127423822715,False,True,True,implied_duration_gt_30s; known_bad_fixture
1201.0,2025-06-17,1326251,65761,half_2,10,middle,3761,hsr,5.42,6.89,438.0852,63.58275761973875,False,True,True,implied_duration_gt_30s; known_bad_fixture
1201.0,2025-06-17,1326254,65761,half_2,15,bottom,3761,hsr,5.42,5.87,364.6016,62.11270868824532,False,True,True,implied_duration_gt_30s; known_bad_fixture
1201.0,2025-06-17,1326255,65761,half_2,17,middle,3760,hsr,5.42,6.72,606.034,90.18363095238095,False,True,True,implied_duration_gt_30s; known_bad_fixture
1201.0,2025-06-17,1326256,65761,half_2,18,middle,3761,hsr,5.49,6.51,309.6776,47.56952380952381,False,True,True,implied_duration_gt_30s; known_bad_fixture
1201.0,2025-06-17,1326257,65761,half_2,21,bottom,3761,hsr,5.42,5.63,798.4399999999999,141.81882770870337,False,True,True,implied_duration_gt_30s; known_bad_fixture
1201.0,2025-06-17,1326258,65761,half_2,25,middle,3761,hsr,5.44,7.77,244.0572,31.41019305019305,False,True,True,implied_duration_gt_30s; known_bad_fixture
1201.0,2025-06-17,1326259,65761,half_2,28,middle,3761,sprint,6.94,7.24,312.5856,43.17480662983425,False,True,True,implied_duration_gt_30s; known_bad_fixture
1201.0,2025-06-17,1326261,65761,half_2,28,middle,3761,hsr,5.4,6.91,248.17800000000005,35.915774240231556,False,True,True,implied_duration_gt_30s; known_bad_fixture
1201.0,2025-06-17,1326262,65761,half_2,28,bottom,3761,hsr,5.38,6.91,294.71680000000003,42.65076700434154,False,True,True,implied_duration_gt_30s; known_bad_fixture
1201.0,2025-06-17,1326263,65761,half_2,31,top,3761,hsr,5.49,6.46,258.8636,40.07176470588236,False,True,True,implied_duration_gt_30s; known_bad_fixture
1201.0,2025-06-17,1326264,65761,half_2,34,middle,3761,hsr,5.41,6.51,517.1664,79.44184331797234,False,True,True,implied_duration_gt_30s; known_bad_fixture
1201.0,2025-06-17,1326265,65761,half_2,34,bottom,3761,hsr,5.37,5.8,285.8492,49.28434482758621,False,True,True,implied_duration_gt_30s; known_bad_fixture
1201.0,2025-06-17,1326268,65761,half_2,39,middle,3761,hsr,5.4,5.59,394.5412,70.57982110912344,False,True,True,implied_duration_gt_30s; known_bad_fixture
1201.0,2025-06-17,1327100,65762,half_1,7,middle,3761,hsr,5.42,6.17,393.8236,63.82878444084279,False,True,True,implied_duration_gt_30s; known_bad_fixture
1201.0,2025-06-17,1327101,65762,half_1,14,middle,3761,hsr,5.48,6.18,263.8304,42.691003236245955,False,True,True,implied_duration_gt_30s; known_bad_fixture
1201.0,2025-06-17,1327102,65762,half_1,21,bottom,3761,sprint,6.91,7.28,392.108,53.86098901098901,False,True,True,implied_duration_gt_30s; known_bad_fixture
1201.0,2025-06-17,1327103,65762,half_1,21,middle,3761,hsr,5.45,6.89,693.0472000000001,100.58740203193035,False,True,True,implied_duration_gt_30s; known_bad_fixture
1201.0,2025-06-17,1327105,65762,half_1,22,bottom,3760,hsr,5.43,6.13,403.168,65.76965742251224,False,True,True,implied_duration_gt_30s; known_bad_fixture
1201.0,2025-06-17,1327107,65762,half_1,31,bottom,3761,hsr,5.42,5.83,322.6828,55.348679245283016,False,True,True,implied_duration_gt_30s; known_bad_fixture
1201.0,2025-06-17,1327108,65762,half_1,31,middle,3760,hsr,5.4,6.39,460.946,72.13552425665102,False,True,True,implied_duration_gt_30s; known_bad_fixture
1201.0,2025-06-17,1327109,65762,half_1,32,middle,3761,hsr,5.42,5.78,275.6288,47.686643598615916,False,True,True,implied_duration_gt_30s; known_bad_fixture
1201.0,2025-06-17,1327106,65762,half_1,35,bottom,3761,sprint,6.93,8.28,417.308,50.39951690821256,False,True,True,implied_duration_gt_30s; known_bad_fixture
1201.0,2025-06-17,1327110,65762,half_1,35,top,3760,hsr,5.46,6.39,225.5304,35.29427230046948,False,True,True,implied_duration_gt_30s; known_bad_fixture
1201.0,2025-06-17,1327116,65762,half_1,46,middle,3760,hsr,5.45,6.14,292.3432,47.61289902280131,False,True,True,implied_duration_gt_30s; known_bad_fixture
1201.0,2025-06-17,1327117,65762,half_1,47,middle,3760,hsr,5.48,6.03,248.25,41.16915422885572,False,True,True,implied_duration_gt_30s; known_bad_fixture
1201.0,2025-06-17,1327118,65762,half_2,1,bottom,3761,hsr,5.46,6.94,646.6980000000001,93.18414985590779,False,True,True,implied_duration_gt_30s; known_bad_fixture
1201.0,2025-06-17,1327119,65762,half_2,4,middle,3761,hsr,5.42,5.98,449.7024,75.20107023411371,False,True,True,implied_duration_gt_30s; known_bad_fixture
1201.0,2025-06-17,1327120,65762,half_2,4,bottom,3761,hsr,5.41,6.14,385.9912,62.86501628664495,False,True,True,implied_duration_gt_30s; known_bad_fixture
1201.0,2025-06-17,1327122,65762,half_2,10,middle,3761,hsr,5.44,6.65,513.5459999999999,77.22496240601502,False,True,True,implied_duration_gt_30s; known_bad_fixture
1201.0,2025-06-17,1327123,65762,half_2,13,middle,3760,hsr,5.4,6.9,442.3092,64.10278260869565,False,True,True,implied_duration_gt_30s; known_bad_fixture
1201.0,2025-06-17,1327125,65762,half_2,18,middle,3761,hsr,5.44,6.98,400.756,57.414899713467044,False,True,True,implied_duration_gt_30s; known_bad_fixture
1201.0,2025-06-17,1327126,65762,half_2,19,middle,3761,hsr,5.42,6.94,255.8476,36.865648414985586,False,True,True,implied_duration_gt_30s; known_bad_fixture
1201.0,2025-06-17,1327127,65762,half_2,19,bottom,3761,hsr,5.48,6.92,525.9431999999999,76.00335260115607,False,True,True,implied_duration_gt_30s; known_bad_fixture
1201.0,2025-06-17,1327128,65762,half_2,21,middle,3761,hsr,5.41,5.55,208.4816,37.56425225225225,False,True,True,implied_duration_gt_30s; known_bad_fixture
1201.0,2025-06-17,1327335,65763,half_2,24,top,3760,hsr,5.43,6.87,493.2404,71.79627365356623,False,True,True,implied_duration_gt_30s; known_bad_fixture
1201.0,2025-06-17,1327336,65763,half_2,26,top,3760,sprint,6.89,7.84,364.0556,46.435663265306125,False,True,True,implied_duration_gt_30s; known_bad_fixture
1201.0,2025-06-17,1327338,65763,half_2,26,top,3761,hsr,5.42,5.97,310.0772,51.93922948073702,False,True,True,implied_duration_gt_30s; known_bad_fixture
1201.0,2025-06-17,1327337,65763,half_2,28,top,3760,sprint,6.93,7.25,255.5128,35.24314482758621,False,True,True,implied_duration_gt_30s; known_bad_fixture
1201.0,2025-06-17,1327340,65763,half_2,28,top,3760,hsr,5.39,6.9,258.014,37.39333333333333,False,True,True,implied_duration_gt_30s; known_bad_fixture
1201.0,2025-06-17,1327345,65763,half_2,38,top,3760,hsr,5.42,6.28,277.97999999999996,44.264331210191074,False,True,True,implied_duration_gt_30s; known_bad_fixture
1201.0,2025-06-17,1327343,65763,half_2,40,middle,3761,sprint,6.94,8.4,729.1768,86.8067619047619,False,True,True,implied_duration_gt_30s; known_bad_fixture
1201.0,2025-06-17,1327344,65763,half_2,40,top,3760,sprint,6.93,8.24,470.6064,57.11242718446602,False,True,True,implied_duration_gt_30s; known_bad_fixture
1201.0,2025-06-17,1327346,65763,half_2,40,top,3760,hsr,5.47,6.73,404.9212,60.16659732540862,False,True,True,implied_duration_gt_30s; known_bad_fixture
1201.0,2025-06-17,1327349,65763,half_2,40,middle,3760,hsr,5.4,6.87,286.90279999999996,41.76168850072779,False,True,True,implied_duration_gt_30s; known_bad_fixture
1201.0,2025-06-17,1327350,65763,half_2,42,top,3760,hsr,5.39,6.4,814.5372,127.27143749999999,False,True,True,implied_duration_gt_30s; known_bad_fixture
1201.0,2025-06-17,1327351,65763,half_2,43,top,3760,hsr,5.45,6.66,319.5084,47.97423423423423,False,True,True,implied_duration_gt_30s; known_bad_fixture
1201.0,2025-06-17,1327352,65763,half_2,44,top,3761,hsr,5.51,6.45,252.8104,39.195410852713174,False,True,True,implied_duration_gt_30s; known_bad_fixture
1201.0,2025-06-17,1327353,65763,half_2,47,middle,3760,hsr,5.46,6.3,267.2908,42.42711111111111,False,True,True,implied_duration_gt_30s; known_bad_fixture
1201.0,2025-06-17,1326271,65765,half_1,1,bottom,3760,hsr,5.42,5.94,309.2668,52.06511784511784,False,True,True,implied_duration_gt_30s; known_bad_fixture
1201.0,2025-06-17,1326269,65765,half_1,3,top,3760,sprint,6.9,7.29,262.8368,36.054430727023316,False,True,True,implied_duration_gt_30s; known_bad_fixture
1201.0,2025-06-17,1326272,65765,half_1,3,middle,3761,hsr,5.43,6.24,349.2248,55.96551282051282,False,True,True,implied_duration_gt_30s; known_bad_fixture
1201.0,2025-06-17,1326273,65765,half_1,3,top,3760,hsr,5.43,6.89,347.91,50.494920174165465,False,True,True,implied_duration_gt_30s; known_bad_fixture
1201.0,2025-06-17,1326270,65765,half_1,5,top,3761,sprint,6.94,9.2,865.4564,94.07134782608696,False,True,True,implied_duration_gt_30s; known_bad_fixture
1201.0,2025-06-17,1326275,65765,half_1,6,bottom,3760,hsr,5.42,5.69,211.4792,37.166818980667834,False,True,True,implied_duration_gt_30s; known_bad_fixture
1201.0,2025-06-17,1326276,65765,half_1,6,middle,3760,hsr,5.45,6.56,446.5876,68.07737804878049,False,True,True,implied_duration_gt_30s; known_bad_fixture
1201.0,2025-06-17,1326279,65765,half_1,12,bottom,3761,sprint,6.86,9.51,405.9152,42.682986330178764,False,True,True,implied_duration_gt_30s; known_bad_fixture
1201.0,2025-06-17,1326280,65765,half_1,14,middle,3761,hsr,5.43,7.11,417.7736,58.7585935302391,False,True,True,implied_duration_gt_30s; known_bad_fixture
1201.0,2025-06-17,1326282,65765,half_1,16,top,3760,hsr,5.35,7.47,590.3127999999999,79.02447121820614,False,True,True,implied_duration_gt_30s; known_bad_fixture
1201.0,2025-06-17,1326281,65765,half_1,19,top,3760,sprint,6.93,7.74,355.2076,45.89245478036176,False,True,True,implied_duration_gt_30s; known_bad_fixture
1201.0,2025-06-17,1326283,65765,half_1,21,bottom,3761,sprint,6.94,9.84,1020.8148,103.74134146341463,False,True,True,implied_duration_gt_30s; known_bad_fixture
1201.0,2025-06-17,1326286,65765,half_1,21,bottom,3761,hsr,5.4,6.24,366.4624,58.72794871794871,False,True,True,implied_duration_gt_30s; known_bad_fixture
1201.0,2025-06-17,1326284,65765,half_1,22,middle,3760,sprint,7.03,9.6,1032.4728,107.54925,False,True,True,implied_duration_gt_30s; known_bad_fixture
1201.0,2025-06-17,1326287,65765,half_1,22,bottom,3760,hsr,5.5,6.1,196.714,32.24819672131148,False,True,True,implied_duration_gt_30s; known_bad_fixture
1201.0,2025-06-17,1326285,65765,half_1,24,top,3760,sprint,6.89,7.7,308.1948,40.0252987012987,False,True,True,implied_duration_gt_30s; known_bad_fixture
1201.0,2025-06-17,1326288,65765,half_1,24,middle,3760,hsr,5.46,6.85,1174.4108,171.44683211678836,False,True,True,implied_duration_gt_30s; known_bad_fixture
1201.0,2025-06-17,1326289,65765,half_1,25,top,3761,hsr,5.49,6.24,223.2672,35.78,False,True,True,implied_duration_gt_30s; known_bad_fixture
1201.0,2025-06-17,1326290,65765,half_1,28,top,3760,hsr,5.5,6.1,238.3656,39.07632786885246,False,True,True,implied_duration_gt_30s; known_bad_fixture
1201.0,2025-06-17,1326291,65765,half_1,29,top,3760,hsr,5.49,6.01,195.1876,32.4771381031614,False,True,True,implied_duration_gt_30s; known_bad_fixture
1201.0,2025-06-17,1326292,65765,half_1,31,middle,3760,sprint,6.92,7.9,510.9996,64.68349367088607,False,True,True,implied_duration_gt_30s; known_bad_fixture
1201.0,2025-06-17,1326294,65765,half_1,31,middle,3761,hsr,5.45,5.87,290.1684,49.432436115843274,False,True,True,implied_duration_gt_30s; known_bad_fixture
1201.0,2025-06-17,1326297,65765,half_1,32,top,3760,hsr,5.46,6.6,249.6048,37.818909090909095,False,True,True,implied_duration_gt_30s; known_bad_fixture
1201.0,2025-06-17,1326298,65765,half_1,36,middle,3761,hsr,5.44,6.73,340.7396,50.629955423476964,False,True,True,implied_duration_gt_30s; known_bad_fixture
1201.0,2025-06-17,1326299,65765,half_1,40,middle,3761,hsr,5.45,6.15,328.4948,53.413788617886176,False,True,True,implied_duration_gt_30s; known_bad_fixture
1201.0,2025-06-17,1326300,65765,half_1,43,middle,3761,sprint,6.96,7.78,491.788,63.21182519280205,False,True,True,implied_duration_gt_30s; known_bad_fixture
1201.0,2025-06-17,1326301,65765,half_1,44,top,3760,sprint,6.94,7.91,641.1448,81.05496839443742,False,True,True,implied_duration_gt_30s; known_bad_fixture
1201.0,2025-06-17,1326304,65765,half_1,44,middle,3760,hsr,5.42,6.91,223.272,32.31143270622287,False,True,True,implied_duration_gt_30s; known_bad_fixture
1201.0,2025-06-17,1326306,65765,half_1,46,top,3760,sprint,6.92,7.78,408.2644,52.476143958868896,False,True,True,implied_duration_gt_30s; known_bad_fixture
1201.0,2025-06-17,1326307,65765,half_1,46,top,3760,hsr,5.38,6.88,214.1644,31.128546511627906,False,True,True,implied_duration_gt_30s; known_bad_fixture
1201.0,2025-06-17,1326308,65765,half_2,1,top,3761,hsr,5.4,6.88,934.1776,135.78162790697675,False,True,True,implied_duration_gt_30s; known_bad_fixture
1201.0,2025-06-17,1326309,65765,half_2,1,bottom,3761,hsr,5.45,5.9,250.6876,42.489423728813556,False,True,True,implied_duration_gt_30s; known_bad_fixture
1201.0,2025-06-17,1326310,65765,half_2,2,middle,3760,hsr,5.47,5.8,179.6196,30.968896551724136,False,True,True,implied_duration_gt_30s; known_bad_fixture
1201.0,2025-06-17,1326311,65765,half_2,2,middle,3760,hsr,5.44,6.07,254.2472,41.88586490939044,False,True,True,implied_duration_gt_30s; known_bad_fixture
1201.0,2025-06-17,1326312,65765,half_2,2,middle,3761,hsr,5.42,6.04,258.9876,42.878741721854304,False,True,True,implied_duration_gt_30s; known_bad_fixture
1201.0,2025-06-17,1326313,65765,half_2,3,top,3761,hsr,5.45,6.01,294.2984,48.968119800332786,False,True,True,implied_duration_gt_30s; known_bad_fixture
1201.0,2025-06-17,1326314,65765,half_2,7,bottom,3761,hsr,5.42,5.49,168.9676,30.777340619307832,False,True,True,implied_duration_gt_30s; known_bad_fixture
1201.0,2025-06-17,1326316,65765,half_2,11,bottom,3761,sprint,6.95,7.41,273.2864,36.88075573549258,False,True,True,implied_duration_gt_30s; known_bad_fixture
1201.0,2025-06-17,1326318,65765,half_2,13,top,3760,hsr,5.39,6.09,551.7472,90.59888341543514,False,True,True,implied_duration_gt_30s; known_bad_fixture
1201.0,2025-06-17,1326319,65765,half_2,14,top,3760,hsr,5.54,6.95,297.1776,42.75936690647482,False,True,True,implied_duration_gt_30s; known_bad_fixture
1201.0,2025-06-17,1326320,65765,half_2,14,top,3761,hsr,5.4,6.19,398.4956,64.3773182552504,False,True,True,implied_duration_gt_30s; known_bad_fixture
1201.0,2025-06-17,1326321,65765,half_2,15,bottom,3761,hsr,5.43,5.94,233.834,39.36599326599326,False,True,True,implied_duration_gt_30s; known_bad_fixture
1201.0,2025-06-17,1326322,65765,half_2,17,top,3760,sprint,6.92,7.39,490.5192,66.37607577807849,False,True,True,implied_duration_gt_30s; known_bad_fixture
1201.0,2025-06-17,1326324,65765,half_2,17,middle,3760,hsr,5.41,6.9,341.8728,49.54678260869565,False,True,True,implied_duration_gt_30s; known_bad_fixture
1201.0,2025-06-17,1326325,65765,half_2,19,top,3760,hsr,5.4,6.66,870.126,130.64954954954953,False,True,True,implied_duration_gt_30s; known_bad_fixture
1201.0,2025-06-17,1326326,65765,half_2,22,bottom,3761,hsr,5.43,5.98,747.2996,124.96648829431439,False,True,True,implied_duration_gt_30s; known_bad_fixture
1201.0,2025-06-17,1327280,65766,half_2,24,middle,3760,hsr,5.39,6.95,480.0116,69.06641726618705,False,True,True,implied_duration_gt_30s; known_bad_fixture
1201.0,2025-06-17,1327281,65766,half_2,25,top,3760,hsr,5.43,5.96,361.3628,60.63134228187919,False,True,True,implied_duration_gt_30s; known_bad_fixture
1201.0,2025-06-17,1327283,65766,half_2,26,middle,3761,hsr,5.49,6.06,187.5524,30.94924092409241,False,True,True,implied_duration_gt_30s; known_bad_fixture
1201.0,2025-06-17,1327284,65766,half_2,26,top,3760,hsr,5.44,6.67,394.358,59.12413793103448,False,True,True,implied_duration_gt_30s; known_bad_fixture
1201.0,2025-06-17,1327285,65766,half_2,27,middle,3761,hsr,5.45,5.81,191.4448,32.95091222030981,False,True,True,implied_duration_gt_30s; known_bad_fixture
1201.0,2025-06-17,1327286,65766,half_2,27,middle,3760,hsr,5.46,6.03,201.3272,33.38759535655058,False,True,True,implied_duration_gt_30s; known_bad_fixture
1201.0,2025-06-17,1327282,65766,half_2,28,middle,3760,sprint,6.94,8.29,567.6156,68.46991556091677,False,True,True,implied_duration_gt_30s; known_bad_fixture
1201.0,2025-06-17,1327287,65766,half_2,28,middle,3761,hsr,5.4,5.68,344.95439999999996,60.73140845070422,False,True,True,implied_duration_gt_30s; known_bad_fixture
1201.0,2025-06-17,1327290,65766,half_2,35,bottom,3760,hsr,5.42,6.24,378.0924,60.591730769230765,False,True,True,implied_duration_gt_30s; known_bad_fixture
1201.0,2025-06-17,1327291,65766,half_2,36,middle,3760,sprint,6.95,7.58,373.0312,49.21255936675462,False,True,True,implied_duration_gt_30s; known_bad_fixture
1201.0,2025-06-17,1327294,65766,half_2,38,top,3761,hsr,5.51,6.1,196.8476,32.27009836065574,False,True,True,implied_duration_gt_30s; known_bad_fixture
1201.0,2025-06-17,1327296,65766,half_2,39,middle,3761,hsr,5.41,6.92,208.7924,30.172312138728323,False,True,True,implied_duration_gt_30s; known_bad_fixture
1201.0,2025-06-17,1327297,65766,half_2,40,top,3760,hsr,5.45,6.86,533.5364000000001,77.77498542274053,False,True,True,implied_duration_gt_30s; known_bad_fixture
1201.0,2025-06-17,1327298,65766,half_2,40,top,3760,hsr,5.42,5.99,311.28080000000006,51.966744574290495,False,True,True,implied_duration_gt_30s; known_bad_fixture
1201.0,2025-06-17,1327299,65766,half_2,42,middle,3760,sprint,6.89,7.43,258.608,34.80592193808883,False,True,True,implied_duration_gt_30s; known_bad_fixture
1201.0,2025-06-17,1327300,65766,half_2,42,top,3760,sprint,6.85,8.09,486.0644,60.082126081582196,False,True,True,implied_duration_gt_30s; known_bad_fixture
1201.0,2025-06-17,1327302,65766,half_2,42,middle,3761,hsr,5.53,6.87,333.8508,48.59545851528384,False,True,True,implied_duration_gt_30s; known_bad_fixture
1201.0,2025-06-17,1327304,65766,half_2,44,top,3761,hsr,5.44,6.01,387.736,64.51514143094842,False,True,True,implied_duration_gt_30s; known_bad_fixture
1201.0,2025-06-17,1327301,65766,half_2,45,middle,3761,sprint,6.96,7.41,309.9348,41.82655870445344,False,True,True,implied_duration_gt_30s; known_bad_fixture
1201.0,2025-06-17,1327307,65766,half_2,49,top,3760,sprint,6.97,8.28,575.7152,69.53082125603865,False,True,True,implied_duration_gt_30s; known_bad_fixture
1201.0,2025-06-17,1327308,65766,half_2,50,top,3761,sprint,6.94,7.24,219.4404,30.309447513812156,False,True,True,implied_duration_gt_30s; known_bad_fixture
1201.0,2025-06-17,1327311,65766,half_2,50,top,3761,hsr,5.43,6.91,258.3124,37.38240231548481,False,True,True,implied_duration_gt_30s; known_bad_fixture
1201.0,2025-06-17,1326327,65767,half_1,3,top,3760,sprint,6.99,8.49,449.4004,52.93290930506478,False,True,True,implied_duration_gt_30s; known_bad_fixture
1201.0,2025-06-17,1326329,65767,half_1,3,top,3760,hsr,5.48,6.19,258.0596,41.6897576736672,False,True,True,implied_duration_gt_30s; known_bad_fixture
1201.0,2025-06-17,1326330,65767,half_1,4,top,3761,hsr,5.43,5.67,222.2836,39.20345679012346,False,True,True,implied_duration_gt_30s; known_bad_fixture
1201.0,2025-06-17,1326332,65767,half_1,6,middle,3760,hsr,5.48,6.71,296.11440000000005,44.13031296572281,False,True,True,implied_duration_gt_30s; known_bad_fixture
1201.0,2025-06-17,1326333,65767,half_1,10,top,3760,hsr,5.48,6.13,244.8256,39.938923327895594,False,True,True,implied_duration_gt_30s; known_bad_fixture
1201.0,2025-06-17,1326334,65767,half_1,10,top,3761,hsr,5.51,6.22,210.9388,33.91299035369775,False,True,True,implied_duration_gt_30s; known_bad_fixture
1201.0,2025-06-17,1326335,65767,half_1,12,middle,3760,sprint,6.95,8.33,712.1311999999999,85.48993997599038,False,True,True,implied_duration_gt_30s; known_bad_fixture
1201.0,2025-06-17,1326341,65767,half_1,16,top,3760,hsr,5.42,6.61,410.6204,62.12108925869894,False,True,True,implied_duration_gt_30s; known_bad_fixture
1201.0,2025-06-17,1326345,65767,half_1,21,bottom,3761,hsr,5.41,6.32,471.39,74.5870253164557,False,True,True,implied_duration_gt_30s; known_bad_fixture
1201.0,2025-06-17,1326346,65767,half_1,22,bottom,3760,hsr,5.42,6.22,547.5247999999999,88.02649517684887,False,True,True,implied_duration_gt_30s; known_bad_fixture
1201.0,2025-06-17,1326347,65767,half_1,22,middle,3760,hsr,5.51,6.39,345.4448,54.06021909233177,False,True,True,implied_duration_gt_30s; known_bad_fixture
1201.0,2025-06-17,1326348,65767,half_1,22,top,3760,hsr,5.42,5.92,256.3336,43.299594594594595,False,True,True,implied_duration_gt_30s; known_bad_fixture
1201.0,2025-06-17,1326344,65767,half_1,23,top,3760,sprint,6.91,9.02,385.0552,42.68904656319291,False,True,True,implied_duration_gt_30s; known_bad_fixture
1201.0,2025-06-17,1326349,65767,half_1,24,middle,3760,hsr,5.45,7.07,450.908,63.77765205091938,False,True,True,implied_duration_gt_30s; known_bad_fixture
1201.0,2025-06-17,1326350,65767,half_1,26,top,3761,sprint,7.0,7.93,353.61760000000004,44.592383354350574,False,True,True,implied_duration_gt_30s; known_bad_fixture
1201.0,2025-06-17,1326352,65767,half_1,29,top,3760,hsr,5.47,6.17,215.7624,34.969594813614265,False,True,True,implied_duration_gt_30s; known_bad_fixture
1201.0,2025-06-17,1326353,65767,half_1,31,middle,3760,sprint,6.96,9.0,630.6672,70.07413333333334,False,True,True,implied_duration_gt_30s; known_bad_fixture
1201.0,2025-06-17,1326356,65767,half_1,33,middle,3761,hsr,5.45,5.85,416.4008,71.17962393162394,False,True,True,implied_duration_gt_30s; known_bad_fixture
1201.0,2025-06-17,1326359,65767,half_1,37,bottom,3760,hsr,5.42,5.93,383.832,64.72715008431703,False,True,True,implied_duration_gt_30s; known_bad_fixture
1201.0,2025-06-17,1326360,65767,half_1,40,top,3761,hsr,5.47,6.84,485.7304,71.013216374269,False,True,True,implied_duration_gt_30s; known_bad_fixture
1201.0,2025-06-17,1326362,65767,half_1,41,top,3760,hsr,5.47,6.51,309.7916,47.58703533026114,False,True,True,implied_duration_gt_30s; known_bad_fixture
1201.0,2025-06-17,1326361,65767,half_1,44,top,3760,sprint,6.99,9.74,1289.5224,132.39449691991786,False,True,True,implied_duration_gt_30s; known_bad_fixture
1201.0,2025-06-17,1326364,65767,half_1,46,top,3760,sprint,6.89,8.63,734.2744,85.08393974507531,False,True,True,implied_duration_gt_30s; known_bad_fixture
1201.0,2025-06-17,1326365,65767,half_1,46,middle,3760,hsr,5.51,6.86,446.3196,65.06116618075801,False,True,True,implied_duration_gt_30s; known_bad_fixture
1201.0,2025-06-17,1326367,65767,half_2,1,top,3761,hsr,5.43,5.94,297.988,50.16632996632996,False,True,True,implied_duration_gt_30s; known_bad_fixture
1201.0,2025-06-17,1326366,65767,half_2,2,middle,3760,sprint,7.05,7.89,268.9824,34.09155893536121,False,True,True,implied_duration_gt_30s; known_bad_fixture
1201.0,2025-06-17,1326368,65767,half_2,4,bottom,3761,hsr,5.42,5.89,313.44599999999997,53.216638370118844,False,True,True,implied_duration_gt_30s; known_bad_fixture
1201.0,2025-06-17,1326369,65767,half_2,5,bottom,3760,hsr,5.46,5.79,190.9972,32.987426597582036,False,True,True,implied_duration_gt_30s; known_bad_fixture
1201.0,2025-06-17,1326370,65767,half_2,10,middle,3761,sprint,6.96,7.89,534.5964,67.75619771863119,False,True,True,implied_duration_gt_30s; known_bad_fixture
1201.0,2025-06-17,1326375,65767,half_2,13,middle,3760,hsr,5.43,6.85,447.1436,65.27643795620438,False,True,True,implied_duration_gt_30s; known_bad_fixture
1201.0,2025-06-17,1326378,65767,half_2,17,middle,3760,hsr,5.45,6.81,600.9636,88.24722466960354,False,True,True,implied_duration_gt_30s; known_bad_fixture
1201.0,2025-06-17,1326377,65767,half_2,19,bottom,3761,sprint,6.94,7.54,467.2808,61.973580901856764,False,True,True,implied_duration_gt_30s; known_bad_fixture
1201.0,2025-06-17,1326379,65767,half_2,19,middle,3760,hsr,5.43,6.43,397.6696,61.84597200622084,False,True,True,implied_duration_gt_30s; known_bad_fixture
1201.0,2025-06-17,1326380,65767,half_2,19,top,3761,hsr,5.44,6.41,452.4384,70.58321372854914,False,True,True,implied_duration_gt_30s; known_bad_fixture
1201.0,2025-06-17,1326381,65767,half_2,19,middle,3761,hsr,5.44,6.91,224.1552,32.4392474674385,False,True,True,implied_duration_gt_30s; known_bad_fixture
1201.0,2025-06-17,1326383,65767,half_2,20,top,3760,hsr,5.49,6.92,302.6468,43.73508670520231,False,True,True,implied_duration_gt_30s; known_bad_fixture
1201.0,2025-06-17,1326384,65768,half_1,3,top,3760,hsr,5.55,6.64,258.662,38.95512048192771,False,True,True,implied_duration_gt_30s; known_bad_fixture
1201.0,2025-06-17,1326385,65768,half_1,4,top,3761,hsr,5.49,6.02,212.8336,35.354418604651165,False,True,True,implied_duration_gt_30s; known_bad_fixture
1201.0,2025-06-17,1326386,65768,half_1,5,middle,3761,hsr,5.48,6.91,386.7756,55.97331403762663,False,True,True,implied_duration_gt_30s; known_bad_fixture
1201.0,2025-06-17,1326387,65768,half_1,7,middle,3761,hsr,5.49,6.08,267.5792,44.00973684210526,False,True,True,implied_duration_gt_30s; known_bad_fixture
1201.0,2025-06-17,1326389,65768,half_1,16,top,3761,sprint,6.95,8.14,436.2852,53.59769041769041,False,True,True,implied_duration_gt_30s; known_bad_fixture
1201.0,2025-06-17,1326391,65768,half_1,21,top,3761,hsr,5.48,7.15,368.5996,51.55239160839161,False,True,True,implied_duration_gt_30s; known_bad_fixture
1201.0,2025-06-17,1326392,65768,half_1,21,bottom,3761,hsr,5.41,6.24,545.2712,87.38320512820513,False,True,True,implied_duration_gt_30s; known_bad_fixture
1201.0,2025-06-17,1326393,65768,half_1,22,bottom,3761,hsr,5.41,5.67,233.1544,41.12070546737213,False,True,True,implied_duration_gt_30s; known_bad_fixture
1201.0,2025-06-17,1326394,65768,half_1,24,top,3760,hsr,5.43,6.49,500.1104,77.05861325115562,False,True,True,implied_duration_gt_30s; known_bad_fixture
1201.0,2025-06-17,1326397,65768,half_1,26,top,3761,hsr,5.44,7.03,363.8952,51.763186344238974,False,True,True,implied_duration_gt_30s; known_bad_fixture
1201.0,2025-06-17,1326396,65768,half_1,29,top,3760,sprint,6.99,7.98,385.5884,48.319348370927315,False,True,True,implied_duration_gt_30s; known_bad_fixture
1201.0,2025-06-17,1326400,65768,half_1,31,bottom,3761,hsr,5.44,6.58,1030.7448,156.64814589665653,False,True,True,implied_duration_gt_30s; known_bad_fixture
1201.0,2025-06-17,1326402,65768,half_1,35,middle,3761,hsr,5.48,6.59,330.558,50.160546282245825,False,True,True,implied_duration_gt_30s; known_bad_fixture
1201.0,2025-06-17,1326403,65768,half_1,42,top,3760,hsr,5.44,6.69,453.2896,67.75629297458893,False,True,True,implied_duration_gt_30s; known_bad_fixture
1201.0,2025-06-17,1326404,65768,half_1,46,top,3760,hsr,5.4,6.72,665.4744000000001,99.02892857142858,False,True,True,implied_duration_gt_30s; known_bad_fixture
1201.0,2025-06-17,1326405,65768,half_2,4,middle,3761,hsr,5.48,6.63,512.0716,77.2355354449472,False,True,True,implied_duration_gt_30s; known_bad_fixture
1201.0,2025-06-17,1326406,65768,half_2,4,middle,3761,hsr,5.49,6.63,294.5476,44.42648567119155,False,True,True,implied_duration_gt_30s; known_bad_fixture
1201.0,2025-06-17,1326407,65768,half_2,7,bottom,3761,sprint,7.04,8.35,429.7504,51.46711377245509,False,True,True,implied_duration_gt_30s; known_bad_fixture
1201.0,2025-06-17,1326408,65768,half_2,10,middle,3761,hsr,5.41,5.74,336.4952,58.62285714285714,False,True,True,implied_duration_gt_30s; known_bad_fixture
1201.0,2025-06-17,1326409,65768,half_2,13,top,3760,sprint,6.93,9.43,964.3252,102.26142099681867,False,True,True,implied_duration_gt_30s; known_bad_fixture
1201.0,2025-06-17,1326410,65768,half_2,15,bottom,3761,sprint,6.98,7.52,520.7268,69.24558510638299,False,True,True,implied_duration_gt_30s; known_bad_fixture
1201.0,2025-06-17,1326413,65768,half_2,17,middle,3760,sprint,6.93,9.15,1265.236,138.27715846994536,False,True,True,implied_duration_gt_30s; known_bad_fixture
1201.0,2025-06-17,1326415,65768,half_2,19,bottom,3761,hsr,5.44,6.0,352.114,58.68566666666666,False,True,True,implied_duration_gt_30s; known_bad_fixture
1201.0,2025-06-17,1326416,65768,half_2,21,bottom,3761,sprint,6.94,8.05,740.5759999999999,91.99701863354035,False,True,True,implied_duration_gt_30s; known_bad_fixture
1201.0,2025-06-17,1326420,65768,half_2,25,top,3761,hsr,5.43,5.6,209.8064,37.465428571428575,False,True,True,implied_duration_gt_30s; known_bad_fixture
1201.0,2025-06-17,1326421,65768,half_2,26,top,3761,hsr,5.43,5.69,284.4448,49.99029876977152,False,True,True,implied_duration_gt_30s; known_bad_fixture
1201.0,2025-06-17,1326423,65768,half_2,28,top,3761,hsr,5.41,7.02,539.28,76.82051282051282,False,True,True,implied_duration_gt_30s; known_bad_fixture
1201.0,2025-06-17,1326424,65768,half_2,28,middle,3761,hsr,5.43,6.14,553.8948,90.21087947882737,False,True,True,implied_duration_gt_30s; known_bad_fixture
1201.0,2025-06-17,1326425,65768,half_2,28,top,3760,hsr,5.43,5.74,314.40880000000004,54.775052264808366,False,True,True,implied_duration_gt_30s; known_bad_fixture
1201.0,2025-06-17,1326426,65768,half_2,29,middle,3761,hsr,5.41,6.42,275.4704,42.90816199376947,False,True,True,implied_duration_gt_30s; known_bad_fixture
1201.0,2025-06-17,1326429,65768,half_2,38,top,3761,hsr,5.5,6.8,260.13439999999997,38.25505882352941,False,True,True,implied_duration_gt_30s; known_bad_fixture
1201.0,2025-06-17,1326430,65768,half_2,38,top,3760,hsr,5.46,6.64,412.4672000000001,62.11855421686749,False,True,True,implied_duration_gt_30s; known_bad_fixture
1201.0,2025-06-17,1326427,65768,half_2,40,middle,3760,sprint,6.9,7.44,483.6548,65.00736559139784,False,True,True,implied_duration_gt_30s; known_bad_fixture
1201.0,2025-06-17,1326428,65768,half_2,40,middle,3761,sprint,6.93,7.14,330.8984,46.344313725490196,False,True,True,implied_duration_gt_30s; known_bad_fixture
1201.0,2025-06-17,1326431,65768,half_2,40,middle,3761,hsr,5.43,6.65,887.9399999999999,133.52481203007517,False,True,True,implied_duration_gt_30s; known_bad_fixture
1201.0,2025-06-17,1326433,65768,half_2,40,top,3760,hsr,5.54,6.97,567.4388,81.41159253945482,False,True,True,implied_duration_gt_30s; known_bad_fixture
1201.0,2025-06-17,1326436,65768,half_2,45,middle,3761,hsr,5.4,6.45,434.6848,67.39299224806201,False,True,True,implied_duration_gt_30s; known_bad_fixture
1201.0,2025-06-17,1326437,65768,half_2,50,bottom,3761,sprint,6.94,7.72,459.5056,59.52145077720208,False,True,True,implied_duration_gt_30s; known_bad_fixture
1201.0,2025-06-17,1326438,65768,half_2,50,bottom,3761,hsr,5.4,6.91,285.7656,41.35536903039074,False,True,True,implied_duration_gt_30s; known_bad_fixture
1201.0,2025-06-17,1326439,65769,half_1,1,middle,3760,hsr,5.43,5.96,292.6468,49.10181208053691,False,True,True,implied_duration_gt_30s; known_bad_fixture
1201.0,2025-06-17,1326440,65769,half_1,1,middle,3760,hsr,5.46,6.41,282.0856,44.00711388455538,False,True,True,implied_duration_gt_30s; known_bad_fixture
1201.0,2025-06-17,1326443,65769,half_1,7,middle,3760,hsr,5.44,5.79,185.4116,32.02272884283247,False,True,True,implied_duration_gt_30s; known_bad_fixture
1201.0,2025-06-17,1326444,65769,half_1,9,bottom,3761,hsr,5.44,5.96,286.2952,48.03610738255034,False,True,True,implied_duration_gt_30s; known_bad_fixture
1201.0,2025-06-17,1326445,65769,half_1,16,top,3761,hsr,5.43,6.0,422.1612,70.3602,False,True,True,implied_duration_gt_30s; known_bad_fixture
1201.0,2025-06-17,1326447,65769,half_1,21,bottom,3761,sprint,6.94,7.81,364.2392,46.63754161331626,False,True,True,implied_duration_gt_30s; known_bad_fixture
1201.0,2025-06-17,1326449,65769,half_1,22,middle,3760,hsr,5.34,6.16,200.66439999999997,32.57538961038961,False,True,True,implied_duration_gt_30s; known_bad_fixture
1201.0,2025-06-17,1326451,65769,half_1,31,bottom,3761,hsr,5.45,5.99,641.126,107.03272120200333,False,True,True,implied_duration_gt_30s; known_bad_fixture
1201.0,2025-06-17,1326452,65769,half_1,32,middle,3761,hsr,5.44,6.34,340.70160000000004,53.73842271293376,False,True,True,implied_duration_gt_30s; known_bad_fixture
1201.0,2025-06-17,1326454,65769,half_1,44,top,3760,hsr,5.42,5.88,382.218,65.0030612244898,False,True,True,implied_duration_gt_30s; known_bad_fixture
1201.0,2025-06-17,1326455,65769,half_2,1,bottom,3761,sprint,6.97,8.52,554.3512,65.06469483568075,False,True,True,implied_duration_gt_30s; known_bad_fixture
1201.0,2025-06-17,1326457,65769,half_2,4,middle,3761,hsr,5.41,5.61,354.3732,63.168128342245986,False,True,True,implied_duration_gt_30s; known_bad_fixture
1201.0,2025-06-17,1326458,65769,half_2,4,bottom,3761,hsr,5.49,5.94,193.8,32.62626262626262,False,True,True,implied_duration_gt_30s; known_bad_fixture
1201.0,2025-06-17,1326459,65769,half_2,7,middle,3761,hsr,5.41,6.22,275.81,44.342443729903536,False,True,True,implied_duration_gt_30s; known_bad_fixture
1201.0,2025-06-17,1326460,65769,half_2,10,bottom,3761,hsr,5.41,5.73,268.5176,46.861710296684116,False,True,True,implied_duration_gt_30s; known_bad_fixture
1201.0,2025-06-17,1326461,65769,half_2,13,middle,3760,hsr,5.47,5.87,186.6616,31.799250425894375,False,True,True,implied_duration_gt_30s; known_bad_fixture
1201.0,2025-06-17,1326462,65769,half_2,14,middle,3760,hsr,5.43,5.64,316.8524,56.17950354609929,False,True,True,implied_duration_gt_30s; known_bad_fixture
1201.0,2025-06-17,1326465,65769,half_2,19,middle,3761,hsr,5.39,6.91,231.53160000000003,33.50674384949349,False,True,True,implied_duration_gt_30s; known_bad_fixture
1201.0,2025-06-17,1326466,65769,half_2,21,middle,3761,sprint,6.95,7.72,317.2696,41.09709844559586,False,True,True,implied_duration_gt_30s; known_bad_fixture
1201.0,2025-06-17,1326468,65769,half_2,21,bottom,3761,hsr,5.34,7.09,493.8224,69.65055007052186,False,True,True,implied_duration_gt_30s; known_bad_fixture
1201.0,2025-06-17,1326469,65769,half_2,38,middle,3761,hsr,5.51,6.23,211.01,33.86998394863563,False,True,True,implied_duration_gt_30s; known_bad_fixture
1201.0,2025-06-17,1326470,65769,half_2,39,middle,3761,hsr,5.45,6.63,860.0568,129.72199095022623,False,True,True,implied_duration_gt_30s; known_bad_fixture
1201.0,2025-06-17,1326471,65769,half_2,40,middle,3761,hsr,5.43,6.64,594.968,89.60361445783133,False,True,True,implied_duration_gt_30s; known_bad_fixture
1201.0,2025-06-17,1326473,65769,half_2,42,top,3760,sprint,6.8,9.37,311.45480000000003,33.239573105656355,False,True,True,implied_duration_gt_30s; known_bad_fixture
1201.0,2025-06-17,1326474,65769,half_2,43,bottom,3760,sprint,6.96,7.86,396.288,50.41832061068702,False,True,True,implied_duration_gt_30s; known_bad_fixture
1201.0,2025-06-17,1326480,65769,half_2,45,middle,3761,hsr,5.44,5.69,217.2616,38.183057996485054,False,True,True,implied_duration_gt_30s; known_bad_fixture
1201.0,2025-06-17,1326482,65769,half_2,49,bottom,3760,hsr,5.43,5.82,248.308,42.66460481099656,False,True,True,implied_duration_gt_30s; known_bad_fixture
1201.0,2025-06-17,1326483,65769,half_2,49,middle,3760,hsr,5.43,5.52,180.4384,32.688115942028986,False,True,True,implied_duration_gt_30s; known_bad_fixture
1201.0,2025-06-17,1326481,65769,half_2,50,bottom,3761,sprint,6.93,8.33,576.876,69.25282112845137,False,True,True,implied_duration_gt_30s; known_bad_fixture
1201.0,2025-06-17,1326484,65770,half_1,1,bottom,3760,hsr,5.4,6.13,396.6148,64.70061990212072,False,True,True,implied_duration_gt_30s; known_bad_fixture
1201.0,2025-06-17,1326485,65770,half_1,1,middle,3760,hsr,5.45,6.14,447.93839999999994,72.95413680781759,False,True,True,implied_duration_gt_30s; known_bad_fixture
1201.0,2025-06-17,1326486,65770,half_1,2,bottom,3760,hsr,5.42,6.13,314.8408,51.36065252854812,False,True,True,implied_duration_gt_30s; known_bad_fixture
1201.0,2025-06-17,1326487,65770,half_1,4,middle,3761,hsr,5.43,5.74,212.5048,37.02174216027874,False,True,True,implied_duration_gt_30s; known_bad_fixture
1201.0,2025-06-17,1326489,65770,half_1,5,bottom,3760,hsr,5.46,5.89,250.5988,42.546485568760616,False,True,True,implied_duration_gt_30s; known_bad_fixture
1201.0,2025-06-17,1326491,65770,half_1,13,middle,3760,hsr,5.5,6.03,183.594,30.446766169154227,False,True,True,implied_duration_gt_30s; known_bad_fixture
1201.0,2025-06-17,1326492,65770,half_1,14,middle,3761,hsr,5.43,6.17,280.912,45.528687196110205,False,True,True,implied_duration_gt_30s; known_bad_fixture
1201.0,2025-06-17,1326493,65770,half_1,15,top,3761,hsr,5.47,6.75,341.6352,50.61262222222222,False,True,True,implied_duration_gt_30s; known_bad_fixture
1201.0,2025-06-17,1326498,65770,half_1,21,middle,3761,hsr,5.45,5.82,334.2028,57.42316151202749,False,True,True,implied_duration_gt_30s; known_bad_fixture
1201.0,2025-06-17,1326495,65770,half_1,22,middle,3760,sprint,7.08,9.36,418.4028,44.70115384615385,False,True,True,implied_duration_gt_30s; known_bad_fixture
1201.0,2025-06-17,1326499,65770,half_1,22,bottom,3760,hsr,5.47,5.89,227.4912,38.62329371816639,False,True,True,implied_duration_gt_30s; known_bad_fixture
1201.0,2025-06-17,1326496,65770,half_1,23,middle,3761,sprint,6.91,7.52,399.6664,53.14712765957447,False,True,True,implied_duration_gt_30s; known_bad_fixture
1201.0,2025-06-17,1326502,65770,half_1,28,middle,3760,hsr,5.48,5.98,223.62320000000005,37.3951839464883,False,True,True,implied_duration_gt_30s; known_bad_fixture
1201.0,2025-06-17,1326504,65770,half_1,31,bottom,3761,hsr,5.41,6.49,454.4996,70.03075500770416,False,True,True,implied_duration_gt_30s; known_bad_fixture
1201.0,2025-06-17,1326505,65770,half_1,31,middle,3760,hsr,5.41,5.67,244.6176,43.14243386243386,False,True,True,implied_duration_gt_30s; known_bad_fixture
1201.0,2025-06-17,1326507,65770,half_1,33,top,3761,hsr,5.5,6.42,282.6456,44.025794392523366,False,True,True,implied_duration_gt_30s; known_bad_fixture
1201.0,2025-06-17,1326508,65770,half_1,35,top,3760,hsr,5.45,5.66,171.6984,30.335406360424027,False,True,True,implied_duration_gt_30s; known_bad_fixture
1201.0,2025-06-17,1326513,65770,half_1,43,middle,3761,hsr,5.44,6.72,397.4168,59.139404761904764,False,True,True,implied_duration_gt_30s; known_bad_fixture
1201.0,2025-06-17,1326514,65770,half_1,44,bottom,3760,hsr,5.5,6.89,321.08599999999996,46.60174165457184,False,True,True,implied_duration_gt_30s; known_bad_fixture
1201.0,2025-06-17,1326515,65770,half_1,44,top,3760,hsr,5.4,5.8,382.96,66.02758620689654,False,True,True,implied_duration_gt_30s; known_bad_fixture
1201.0,2025-06-17,1326519,65770,half_2,4,middle,3761,hsr,5.42,6.62,479.598,72.44682779456194,False,True,True,implied_duration_gt_30s; known_bad_fixture
1201.0,2025-06-17,1326520,65770,half_2,4,bottom,3761,hsr,5.44,5.8,185.32440000000005,31.9524827586207,False,True,True,implied_duration_gt_30s; known_bad_fixture
1201.0,2025-06-17,1326521,65770,half_2,10,bottom,3761,sprint,6.95,7.82,395.0048,50.51212276214834,False,True,True,implied_duration_gt_30s; known_bad_fixture
1201.0,2025-06-17,1326522,65770,half_2,10,middle,3761,hsr,5.4,6.91,208.2784,30.141591895803185,False,True,True,implied_duration_gt_30s; known_bad_fixture
1201.0,2025-06-17,1326524,65770,half_2,15,bottom,3761,hsr,5.45,5.92,216.1536,36.51243243243243,False,True,True,implied_duration_gt_30s; known_bad_fixture
1201.0,2025-06-17,1326525,65770,half_2,18,middle,3761,hsr,5.42,6.57,480.9448,73.20316590563165,False,True,True,implied_duration_gt_30s; known_bad_fixture
1201.0,2025-06-17,1326526,65770,half_2,19,bottom,3761,hsr,5.46,6.77,678.4292,100.21110782865584,False,True,True,implied_duration_gt_30s; known_bad_fixture
1201.0,2025-06-17,1326527,65770,half_2,21,bottom,3761,sprint,6.93,7.18,753.9364,105.00506963788303,False,True,True,implied_duration_gt_30s; known_bad_fixture
1201.0,2025-06-17,1326528,65770,half_2,21,top,3761,hsr,5.41,6.12,325.846,53.24281045751634,False,True,True,implied_duration_gt_30s; known_bad_fixture
1201.0,2025-06-17,1326529,65770,half_2,21,middle,3761,hsr,5.43,6.92,290.932,42.04219653179191,False,True,True,implied_duration_gt_30s; known_bad_fixture
1201.0,2025-06-17,1326531,65770,half_2,25,middle,3761,hsr,5.45,5.73,189.7284,33.11141361256544,False,True,True,implied_duration_gt_30s; known_bad_fixture
1201.0,2025-06-17,1326532,65770,half_2,28,top,3761,hsr,5.47,6.67,320.7436,48.087496251874065,False,True,True,implied_duration_gt_30s; known_bad_fixture
1201.0,2025-06-17,1326533,65770,half_2,28,middle,3761,hsr,5.43,5.64,171.4588,30.40049645390071,False,True,True,implied_duration_gt_30s; known_bad_fixture
1201.0,2025-06-17,1326534,65770,half_2,34,bottom,3761,sprint,6.94,7.9,427.4912,54.112810126582275,False,True,True,implied_duration_gt_30s; known_bad_fixture
1201.0,2025-06-17,1326536,65770,half_2,40,middle,3761,sprint,6.91,8.14,959.564,117.88255528255527,False,True,True,implied_duration_gt_30s; known_bad_fixture
1201.0,2025-06-17,1326537,65770,half_2,40,top,3761,hsr,5.49,6.69,353.372,52.82092675635276,False,True,True,implied_duration_gt_30s; known_bad_fixture
1201.0,2025-06-17,1326538,65770,half_2,40,middle,3761,hsr,5.47,6.9,273.6508,39.659536231884054,False,True,True,implied_duration_gt_30s; known_bad_fixture
1201.0,2025-06-17,1326539,65770,half_2,40,middle,3761,hsr,5.43,6.71,451.9288,67.3515350223547,False,True,True,implied_duration_gt_30s; known_bad_fixture
1201.0,2025-06-17,1326544,65770,half_2,45,middle,3761,hsr,5.42,6.42,415.7632,64.7606230529595,False,True,True,implied_duration_gt_30s; known_bad_fixture
1201.0,2025-06-17,1326545,65770,half_2,48,middle,3761,hsr,5.48,6.29,290.8088,46.233513513513515,False,True,True,implied_duration_gt_30s; known_bad_fixture
1201.0,2025-06-17,1326546,65771,half_1,4,middle,3761,sprint,6.92,7.37,300.8728,40.82398914518317,False,True,True,implied_duration_gt_30s; known_bad_fixture
1201.0,2025-06-17,1326548,65771,half_1,4,top,3761,hsr,5.42,6.89,294.1136,42.68702467343977,False,True,True,implied_duration_gt_30s; known_bad_fixture
1201.0,2025-06-17,1326550,65771,half_1,6,middle,3760,hsr,5.43,5.66,244.7724,43.24600706713781,False,True,True,implied_duration_gt_30s; known_bad_fixture
1201.0,2025-06-17,1326551,65771,half_1,9,middle,3760,hsr,5.46,5.97,194.3132,32.54827470686767,False,True,True,implied_duration_gt_30s; known_bad_fixture
1201.0,2025-06-17,1326552,65771,half_1,10,top,3761,hsr,5.47,6.16,305.36039999999997,49.5714935064935,False,True,True,implied_duration_gt_30s; known_bad_fixture
1201.0,2025-06-17,1326554,65771,half_1,11,bottom,3760,hsr,5.42,6.81,379.9656,55.7952422907489,False,True,True,implied_duration_gt_30s; known_bad_fixture
1201.0,2025-06-17,1326555,65771,half_1,14,middle,3761,hsr,5.45,7.74,241.3268,31.179173126614984,False,True,True,implied_duration_gt_30s; known_bad_fixture
1201.0,2025-06-17,1326556,65771,half_1,16,top,3761,hsr,5.44,6.03,461.7192,76.57034825870646,False,True,True,implied_duration_gt_30s; known_bad_fixture
1201.0,2025-06-17,1326557,65771,half_1,19,top,3760,hsr,5.4,6.1,441.7912,72.42478688524591,False,True,True,implied_duration_gt_30s; known_bad_fixture
1201.0,2025-06-17,1326558,65771,half_1,21,bottom,3761,sprint,6.98,8.27,433.0284,52.36135429262394,False,True,True,implied_duration_gt_30s; known_bad_fixture
1201.0,2025-06-17,1326559,65771,half_1,21,bottom,3761,hsr,5.41,5.69,301.0708,52.91226713532513,False,True,True,implied_duration_gt_30s; known_bad_fixture
1201.0,2025-06-17,1326561,65771,half_1,22,bottom,3761,hsr,5.51,6.7,271.2608,40.48668656716418,False,True,True,implied_duration_gt_30s; known_bad_fixture
1201.0,2025-06-17,1326562,65771,half_1,23,top,3760,hsr,5.43,6.43,411.0728,63.930451010886465,False,True,True,implied_duration_gt_30s; known_bad_fixture
1201.0,2025-06-17,1326563,65771,half_1,31,middle,3760,hsr,5.42,6.08,505.94680000000005,83.21493421052632,False,True,True,implied_duration_gt_30s; known_bad_fixture
1201.0,2025-06-17,1326564,65771,half_1,36,bottom,3760,hsr,5.26,7.44,281.6396,37.854784946236556,False,True,True,implied_duration_gt_30s; known_bad_fixture
1201.0,2025-06-17,1326565,65771,half_1,37,middle,3760,hsr,5.47,6.19,299.96919999999994,48.46029079159934,False,True,True,implied_duration_gt_30s; known_bad_fixture
1201.0,2025-06-17,1326566,65771,half_1,41,top,3760,hsr,5.57,7.4,307.7788,41.59172972972973,False,True,True,implied_duration_gt_30s; known_bad_fixture
1201.0,2025-06-17,1326567,65771,half_2,5,middle,3760,hsr,5.45,5.9,215.8152,36.57884745762712,False,True,True,implied_duration_gt_30s; known_bad_fixture
1201.0,2025-06-17,1326568,65771,half_2,13,bottom,3760,hsr,5.45,6.21,354.0704,57.01616747181965,False,True,True,implied_duration_gt_30s; known_bad_fixture
1201.0,2025-06-17,1326570,65771,half_2,14,top,3761,hsr,5.54,6.22,186.9412,30.05485530546624,False,True,True,implied_duration_gt_30s; known_bad_fixture
1201.0,2025-06-17,1326571,65771,half_2,17,middle,3760,hsr,5.44,5.86,330.04359999999997,56.32143344709897,False,True,True,implied_duration_gt_30s; known_bad_fixture
1201.0,2025-06-17,1326573,65771,half_2,23,middle,3760,hsr,5.48,6.49,259.1156,39.92536209553158,False,True,True,implied_duration_gt_30s; known_bad_fixture
1201.0,2025-06-17,1326574,65771,half_2,23,middle,3760,hsr,5.41,6.42,495.6076,77.19744548286604,False,True,True,implied_duration_gt_30s; known_bad_fixture
1201.0,2025-06-17,1326575,65771,half_2,26,top,3761,hsr,5.42,6.47,731.9388,113.12809891808347,False,True,True,implied_duration_gt_30s; known_bad_fixture
1201.0,2025-06-17,1326576,65771,half_2,28,middle,3761,hsr,5.43,6.09,672.8804,110.48939244663383,False,True,True,implied_duration_gt_30s; known_bad_fixture
1201.0,2025-06-17,1326579,65771,half_2,34,bottom,3761,hsr,5.42,6.26,421.4016,67.31654952076677,False,True,True,implied_duration_gt_30s; known_bad_fixture
1201.0,2025-06-17,1326578,65771,half_2,35,middle,3760,sprint,6.95,7.84,365.8,46.65816326530612,False,True,True,implied_duration_gt_30s; known_bad_fixture
1201.0,2025-06-17,1326580,65771,half_2,40,middle,3761,sprint,6.93,8.74,852.1260000000001,97.49725400457666,False,True,True,implied_duration_gt_30s; known_bad_fixture
1201.0,2025-06-17,1326581,65771,half_2,40,middle,3761,hsr,5.38,6.89,214.1,31.07402031930334,False,True,True,implied_duration_gt_30s; known_bad_fixture
1201.0,2025-06-17,1326582,65771,half_2,40,bottom,3760,hsr,5.43,5.86,439.9236,75.0722866894198,False,True,True,implied_duration_gt_30s; known_bad_fixture
1201.0,2025-06-17,1326584,65771,half_2,47,bottom,3760,hsr,5.43,5.88,244.3356,41.55367346938775,False,True,True,implied_duration_gt_30s; known_bad_fixture
1201.0,2025-06-17,1326585,65771,half_2,50,bottom,3761,hsr,5.43,6.31,644.1356000000001,102.0817115689382,False,True,True,implied_duration_gt_30s; known_bad_fixture
1201.0,2025-06-17,1326586,65772,half_1,3,middle,3761,sprint,6.98,8.4,390.2412,46.45728571428571,False,True,True,implied_duration_gt_30s; known_bad_fixture
1201.0,2025-06-17,1326587,65772,half_1,5,top,3761,hsr,5.45,6.07,189.884,31.2823723228995,False,True,True,implied_duration_gt_30s; known_bad_fixture
1201.0,2025-06-17,1326588,65772,half_1,21,bottom,3761,sprint,6.97,7.73,385.176,49.8287192755498,False,True,True,implied_duration_gt_30s; known_bad_fixture
1201.0,2025-06-17,1326591,65772,half_1,23,middle,3761,hsr,5.44,6.54,422.4024,64.58752293577982,False,True,True,implied_duration_gt_30s; known_bad_fixture
1201.0,2025-06-17,1326592,65772,half_1,29,middle,3760,hsr,5.43,5.98,304.5496,50.92802675585284,False,True,True,implied_duration_gt_30s; known_bad_fixture
1201.0,2025-06-17,1326593,65772,half_1,32,middle,3761,sprint,7.0,9.74,738.6103999999999,75.83268993839835,False,True,True,implied_duration_gt_30s; known_bad_fixture
1201.0,2025-06-17,1326594,65772,half_1,37,bottom,3760,sprint,7.0,7.93,376.7844,47.51379571248424,False,True,True,implied_duration_gt_30s; known_bad_fixture
1201.0,2025-06-17,1326595,65772,half_1,38,middle,3760,hsr,5.49,6.84,707.9096,103.49555555555555,False,True,True,implied_duration_gt_30s; known_bad_fixture
1201.0,2025-06-17,1326597,65772,half_1,44,top,3760,hsr,5.39,6.81,562.5772000000001,82.61045521292219,False,True,True,implied_duration_gt_30s; known_bad_fixture
1201.0,2025-06-17,1326598,65772,half_2,1,bottom,3761,sprint,6.96,7.41,258.79,34.924426450742246,False,True,True,implied_duration_gt_30s; known_bad_fixture
1201.0,2025-06-17,1326599,65772,half_2,3,middle,3760,sprint,6.95,7.2,254.5976,35.36077777777778,False,True,True,implied_duration_gt_30s; known_bad_fixture
1201.0,2025-06-17,1326600,65772,half_2,5,middle,3761,sprint,6.98,8.16,691.5504,84.74882352941177,False,True,True,implied_duration_gt_30s; known_bad_fixture
1201.0,2025-06-17,1326604,65772,half_2,10,middle,3761,hsr,5.44,6.07,319.526,52.64019769357496,False,True,True,implied_duration_gt_30s; known_bad_fixture
1201.0,2025-06-17,1326605,65772,half_2,13,middle,3760,hsr,5.43,5.79,282.002,48.70500863557859,False,True,True,implied_duration_gt_30s; known_bad_fixture
1201.0,2025-06-17,1326606,65772,half_2,17,middle,3760,sprint,6.94,7.41,426.1412,57.5089338731444,False,True,True,implied_duration_gt_30s; known_bad_fixture
1201.0,2025-06-17,1326609,65772,half_2,17,bottom,3760,hsr,5.44,6.22,306.11760000000004,49.21504823151126,False,True,True,implied_duration_gt_30s; known_bad_fixture
1201.0,2025-06-17,1326610,65772,half_2,22,bottom,3761,hsr,5.43,5.97,403.0852,67.51845896147404,False,True,True,implied_duration_gt_30s; known_bad_fixture
1201.0,2025-06-17,1326613,65772,half_2,25,top,3760,hsr,5.47,6.05,278.01160000000004,45.9523305785124,False,True,True,implied_duration_gt_30s; known_bad_fixture
1201.0,2025-06-17,1326614,65772,half_2,25,middle,3761,hsr,5.44,6.27,302.0396,48.172185007974484,False,True,True,implied_duration_gt_30s; known_bad_fixture
1201.0,2025-06-17,1326616,65772,half_2,27,middle,3761,hsr,5.45,5.92,233.9836,39.524256756756756,False,True,True,implied_duration_gt_30s; known_bad_fixture
1201.0,2025-06-17,1326615,65772,half_2,28,middle,3760,sprint,6.93,7.37,741.6456000000001,100.63033921302579,False,True,True,implied_duration_gt_30s; known_bad_fixture
1201.0,2025-06-17,1326617,65772,half_2,28,middle,3761,hsr,5.43,6.89,981.3168,142.42624092888244,False,True,True,implied_duration_gt_30s; known_bad_fixture
1201.0,2025-06-17,1326618,65772,half_2,28,bottom,3760,hsr,5.44,6.91,225.4,32.61939218523879,False,True,True,implied_duration_gt_30s; known_bad_fixture
1201.0,2025-06-17,1326619,65772,half_2,31,top,3760,hsr,5.49,6.15,221.3176,35.98660162601626,False,True,True,implied_duration_gt_30s; known_bad_fixture
1201.0,2025-06-17,1326620,65772,half_2,34,middle,3761,hsr,5.45,6.41,281.452,43.90826833073323,False,True,True,implied_duration_gt_30s; known_bad_fixture
1201.0,2025-06-17,1326622,65772,half_2,40,top,3760,hsr,5.4,5.62,282.0992,50.195587188612095,False,True,True,implied_duration_gt_30s; known_bad_fixture
1201.0,2025-06-17,1326623,65772,half_2,49,middle,3760,hsr,5.44,6.63,526.5763999999999,79.42328808446455,False,True,True,implied_duration_gt_30s; known_bad_fixture
1201.0,2025-06-17,1327312,65773,half_2,25,top,3761,hsr,5.44,5.75,309.5224,53.82998260869565,False,True,True,implied_duration_gt_30s; known_bad_fixture
1201.0,2025-06-17,1327313,65773,half_2,25,top,3760,hsr,5.48,6.19,228.27919999999995,36.87870759289175,False,True,True,implied_duration_gt_30s; known_bad_fixture
1201.0,2025-06-17,1327315,65773,half_2,27,top,3760,hsr,5.44,6.09,243.766,40.027257799671595,False,True,True,implied_duration_gt_30s; known_bad_fixture
1201.0,2025-06-17,1327317,65773,half_2,28,middle,3760,hsr,5.41,5.51,218.59000000000003,39.67150635208712,False,True,True,implied_duration_gt_30s; known_bad_fixture
1201.0,2025-06-17,1327318,65773,half_2,31,top,3761,hsr,5.46,6.07,213.308,35.141350906095546,False,True,True,implied_duration_gt_30s; known_bad_fixture
1201.0,2025-06-17,1327319,65773,half_2,34,bottom,3761,hsr,5.43,6.15,369.102,60.01658536585365,False,True,True,implied_duration_gt_30s; known_bad_fixture
1201.0,2025-06-17,1327320,65773,half_2,35,bottom,3760,hsr,5.48,6.37,281.1132,44.130800627943486,False,True,True,implied_duration_gt_30s; known_bad_fixture
1201.0,2025-06-17,1327321,65773,half_2,40,middle,3761,sprint,6.91,7.56,636.0208,84.12973544973545,False,True,True,implied_duration_gt_30s; known_bad_fixture
1201.0,2025-06-17,1327322,65773,half_2,40,top,3760,hsr,5.43,6.88,371.5852,54.009476744186045,False,True,True,implied_duration_gt_30s; known_bad_fixture
1201.0,2025-06-17,1327323,65773,half_2,40,middle,3761,hsr,5.44,6.89,267.3448,38.80185776487664,False,True,True,implied_duration_gt_30s; known_bad_fixture
1201.0,2025-06-17,1327324,65773,half_2,40,middle,3761,hsr,5.43,6.9,231.1872,33.505391304347825,False,True,True,implied_duration_gt_30s; known_bad_fixture
1201.0,2025-06-17,1327325,65773,half_2,40,top,3760,hsr,5.4,6.2,535.6564,86.39619354838709,False,True,True,implied_duration_gt_30s; known_bad_fixture
1201.0,2025-06-17,1327326,65773,half_2,42,middle,3760,sprint,6.94,8.11,1405.436,173.29667077681876,False,True,True,implied_duration_gt_30s; known_bad_fixture
1201.0,2025-06-17,1327330,65773,half_2,43,middle,3760,hsr,5.46,5.95,339.688,57.090420168067226,False,True,True,implied_duration_gt_30s; known_bad_fixture
1201.0,2025-06-17,1327327,65773,half_2,45,middle,3761,sprint,6.89,8.01,475.2676,59.33428214731586,False,True,True,implied_duration_gt_30s; known_bad_fixture
1201.0,2025-06-17,1327331,65773,half_2,45,middle,3761,hsr,5.49,6.86,212.04880000000003,30.910903790087467,False,True,True,implied_duration_gt_30s; known_bad_fixture
1201.0,2025-06-17,1327332,65773,half_2,49,top,3760,sprint,6.91,9.51,834.4984,87.74956887486856,False,True,True,implied_duration_gt_30s; known_bad_fixture
1201.0,2025-06-17,1327333,65773,half_2,49,bottom,3760,hsr,5.43,6.51,302.94599999999997,46.53548387096774,False,True,True,implied_duration_gt_30s; known_bad_fixture
1201.0,2025-06-17,1327334,65773,half_2,49,middle,3760,hsr,5.46,6.85,207.5324,30.296700729927007,False,True,True,implied_duration_gt_30s; known_bad_fixture
1201.0,2025-06-17,1326628,65774,half_1,3,top,3760,hsr,5.44,5.95,286.8852,48.216,False,True,True,implied_duration_gt_30s; known_bad_fixture
1201.0,2025-06-17,1326624,65774,half_1,4,top,3760,sprint,6.71,8.23,551.7048,67.03582017010935,False,True,True,implied_duration_gt_30s; known_bad_fixture
1201.0,2025-06-17,1326625,65774,half_1,4,top,3761,sprint,6.93,7.42,505.3855999999999,68.11126684636118,False,True,True,implied_duration_gt_30s; known_bad_fixture
1201.0,2025-06-17,1326631,65774,half_1,4,middle,3761,hsr,5.49,6.91,214.5548,31.049898697539795,False,True,True,implied_duration_gt_30s; known_bad_fixture
1201.0,2025-06-17,1326632,65774,half_1,5,top,3761,hsr,5.39,6.9,209.0812,30.301623188405795,False,True,True,implied_duration_gt_30s; known_bad_fixture
1201.0,2025-06-17,1326633,65774,half_1,5,top,3761,hsr,5.46,6.85,351.55039999999997,51.32122627737226,False,True,True,implied_duration_gt_30s; known_bad_fixture
1201.0,2025-06-17,1326636,65774,half_1,10,top,3761,hsr,5.48,5.97,194.4556,32.57212730318258,False,True,True,implied_duration_gt_30s; known_bad_fixture
1201.0,2025-06-17,1326637,65774,half_1,13,middle,3761,hsr,5.43,6.05,271.8728,44.937652892561985,False,True,True,implied_duration_gt_30s; known_bad_fixture
1201.0,2025-06-17,1326638,65774,half_1,16,top,3760,sprint,6.94,7.72,343.1128,44.44466321243523,False,True,True,implied_duration_gt_30s; known_bad_fixture
1201.0,2025-06-17,1326639,65774,half_1,19,top,3760,sprint,6.93,8.87,536.3668,60.46976324689967,False,True,True,implied_duration_gt_30s; known_bad_fixture
1201.0,2025-06-17,1326644,65774,half_1,21,top,3761,hsr,5.31,6.82,350.7304,51.426744868035186,False,True,True,implied_duration_gt_30s; known_bad_fixture
1201.0,2025-06-17,1326642,65774,half_1,22,middle,3760,sprint,6.92,7.93,665.7616,83.95480453972259,False,True,True,implied_duration_gt_30s; known_bad_fixture
1201.0,2025-06-17,1326645,65774,half_1,22,bottom,3760,hsr,5.42,6.38,298.88719999999995,46.84752351097178,False,True,True,implied_duration_gt_30s; known_bad_fixture
1201.0,2025-06-17,1326646,65774,half_1,22,top,3760,hsr,5.47,6.9,395.8536,57.37008695652173,False,True,True,implied_duration_gt_30s; known_bad_fixture
1201.0,2025-06-17,1326643,65774,half_1,23,top,3760,sprint,6.97,8.82,549.1632000000001,62.26340136054422,False,True,True,implied_duration_gt_30s; known_bad_fixture
1201.0,2025-06-17,1326647,65774,half_1,29,top,3760,hsr,5.42,7.09,302.8104,42.709506346967565,False,True,True,implied_duration_gt_30s; known_bad_fixture
1201.0,2025-06-17,1326649,65774,half_1,31,middle,3760,sprint,6.93,7.85,456.4416,58.14542675159236,False,True,True,implied_duration_gt_30s; known_bad_fixture
1201.0,2025-06-17,1326653,65774,half_1,33,top,3760,hsr,5.45,7.0,342.99559999999997,48.99937142857142,False,True,True,implied_duration_gt_30s; known_bad_fixture
1201.0,2025-06-17,1326654,65774,half_1,40,middle,3760,hsr,5.41,6.52,632.9276,97.07478527607363,False,True,True,implied_duration_gt_30s; known_bad_fixture
1201.0,2025-06-17,1326655,65774,half_1,40,middle,3761,hsr,5.41,6.58,481.8468,73.22899696048631,False,True,True,implied_duration_gt_30s; known_bad_fixture
1201.0,2025-06-17,1326656,65774,half_1,44,middle,3760,sprint,6.84,8.96,779.9544000000001,87.04848214285714,False,True,True,implied_duration_gt_30s; known_bad_fixture
1201.0,2025-06-17,1326657,65774,half_1,44,top,3760,sprint,6.83,8.72,324.8088,37.24871559633027,False,True,True,implied_duration_gt_30s; known_bad_fixture
1201.0,2025-06-17,1326658,65774,half_1,44,top,3761,hsr,5.47,6.11,279.9156,45.81270049099836,False,True,True,implied_duration_gt_30s; known_bad_fixture
1201.0,2025-06-17,1326659,65774,half_1,46,middle,3760,sprint,6.96,7.64,248.3116,32.50151832460733,False,True,True,implied_duration_gt_30s; known_bad_fixture
1201.0,2025-06-17,1326660,65774,half_1,46,top,3760,hsr,5.53,7.01,673.6379999999999,96.09671897289586,False,True,True,implied_duration_gt_30s; known_bad_fixture
1201.0,2025-06-17,1326661,65774,half_2,2,middle,3760,hsr,5.46,7.17,374.4568,52.22549511854951,False,True,True,implied_duration_gt_30s; known_bad_fixture
1201.0,2025-06-17,1326662,65774,half_2,2,middle,3761,hsr,5.48,6.48,289.7628,44.71648148148148,False,True,True,implied_duration_gt_30s; known_bad_fixture
1201.0,2025-06-17,1326663,65774,half_2,5,middle,3760,hsr,5.47,5.89,198.7892,33.75028862478778,False,True,True,implied_duration_gt_30s; known_bad_fixture
1201.0,2025-06-17,1326664,65774,half_2,5,top,3761,hsr,5.44,6.74,322.0616,47.78362017804154,False,True,True,implied_duration_gt_30s; known_bad_fixture
1201.0,2025-06-17,1326665,65774,half_2,10,middle,3761,hsr,5.45,5.83,214.4644,36.786346483704975,False,True,True,implied_duration_gt_30s; known_bad_fixture
1201.0,2025-06-17,1326666,65774,half_2,13,top,3760,hsr,5.38,6.88,489.0812,71.08738372093023,False,True,True,implied_duration_gt_30s; known_bad_fixture
1201.0,2025-06-17,1326667,65774,half_2,17,top,3760,sprint,6.95,7.77,576.5348,74.20010296010297,False,True,True,implied_duration_gt_30s; known_bad_fixture
1201.0,2025-06-17,1326669,65774,half_2,19,middle,3760,hsr,5.47,6.03,212.8416,35.2971144278607,False,True,True,implied_duration_gt_30s; known_bad_fixture
1201.0,2025-06-17,1326671,65774,half_2,22,middle,3761,hsr,5.5,6.91,406.1336,58.774761215629525,False,True,True,implied_duration_gt_30s; known_bad_fixture
1201.0,2025-06-17,1326673,65774,half_2,23,middle,3760,hsr,5.42,5.83,254.2236,43.606106346483706,False,True,True,implied_duration_gt_30s; known_bad_fixture
1201.0,2025-06-17,1326674,65774,half_2,24,top,3760,hsr,5.46,6.17,299.27639999999997,48.50508914100486,False,True,True,implied_duration_gt_30s; known_bad_fixture
1201.0,2025-06-17,1326675,65774,half_2,25,top,3760,hsr,5.52,6.73,297.5208,44.208142644873696,False,True,True,implied_duration_gt_30s; known_bad_fixture
1201.0,2025-06-17,1326676,65774,half_2,26,top,3761,sprint,6.91,7.19,325.4364,45.26236439499304,False,True,True,implied_duration_gt_30s; known_bad_fixture
1201.0,2025-06-17,1326678,65774,half_2,26,top,3761,hsr,5.44,6.9,650.7984,94.31860869565217,False,True,True,implied_duration_gt_30s; known_bad_fixture
1201.0,2025-06-17,1326677,65774,half_2,27,top,3760,sprint,6.9,8.01,407.6284,50.889937578027464,False,True,True,implied_duration_gt_30s; known_bad_fixture
1201.0,2025-06-17,1326680,65774,half_2,27,top,3760,hsr,5.5,6.86,236.2068,34.43247813411078,False,True,True,implied_duration_gt_30s; known_bad_fixture
1201.0,2025-06-17,1326681,65774,half_2,27,top,3760,hsr,5.44,6.71,346.5268,51.643338301043215,False,True,True,implied_duration_gt_30s; known_bad_fixture
1201.0,2025-06-17,1326682,65774,half_2,28,top,3760,hsr,5.46,5.99,188.66600000000005,31.496828046744582,False,True,True,implied_duration_gt_30s; known_bad_fixture
1201.0,2025-06-17,1326683,65774,half_2,29,top,3761,hsr,5.33,6.25,244.8808,39.180928,False,True,True,implied_duration_gt_30s; known_bad_fixture
1201.0,2025-06-17,1326684,65774,half_2,29,top,3761,hsr,5.45,6.55,354.5036,54.12268702290076,False,True,True,implied_duration_gt_30s; known_bad_fixture
1201.0,2025-06-17,1326685,65775,half_1,4,bottom,3760,sprint,6.98,7.19,276.1564,38.40840055632823,False,True,True,implied_duration_gt_30s; known_bad_fixture
1201.0,2025-06-17,1326689,65775,half_1,13,middle,3760,hsr,5.46,6.01,224.4056,37.33870216306156,False,True,True,implied_duration_gt_30s; known_bad_fixture
1201.0,2025-06-17,1326692,65775,half_1,22,middle,3760,hsr,5.42,6.08,237.2888,39.02776315789474,False,True,True,implied_duration_gt_30s; known_bad_fixture
1201.0,2025-06-17,1326693,65775,half_1,22,middle,3760,hsr,5.44,6.71,352.404,52.519225037257826,False,True,True,implied_duration_gt_30s; known_bad_fixture
1201.0,2025-06-17,1326694,65775,half_1,22,bottom,3760,hsr,5.49,5.9,198.8704,33.70684745762711,False,True,True,implied_duration_gt_30s; known_bad_fixture
1201.0,2025-06-17,1326695,65775,half_1,24,bottom,3760,hsr,5.46,6.11,285.8372,46.78186579378068,False,True,True,implied_duration_gt_30s; known_bad_fixture
1201.0,2025-06-17,1326696,65775,half_1,29,bottom,3760,hsr,5.45,6.01,218.0024,36.273277870216305,False,True,True,implied_duration_gt_30s; known_bad_fixture
1201.0,2025-06-17,1326697,65775,half_1,31,middle,3760,hsr,5.47,6.86,735.2896,107.18507288629736,False,True,True,implied_duration_gt_30s; known_bad_fixture
1201.0,2025-06-17,1326698,65775,half_1,33,bottom,3760,hsr,5.51,6.91,301.8708,43.68607814761215,False,True,True,implied_duration_gt_30s; known_bad_fixture
1201.0,2025-06-17,1326701,65775,half_1,41,bottom,3760,hsr,5.47,6.96,348.3836,50.05511494252874,False,True,True,implied_duration_gt_30s; known_bad_fixture
1201.0,2025-06-17,1326700,65775,half_1,44,middle,3760,sprint,6.94,8.47,542.888,64.09539551357733,False,True,True,implied_duration_gt_30s; known_bad_fixture
1201.0,2025-06-17,1326703,65775,half_1,46,bottom,3760,hsr,5.52,6.76,882.3199999999999,130.5207100591716,False,True,True,implied_duration_gt_30s; known_bad_fixture
1201.0,2025-06-17,1326704,65775,half_2,2,middle,3760,hsr,5.55,6.26,218.28160000000003,34.86926517571886,False,True,True,implied_duration_gt_30s; known_bad_fixture
1201.0,2025-06-17,1326705,65775,half_2,5,middle,3760,hsr,5.53,6.32,231.6156,36.64803797468354,False,True,True,implied_duration_gt_30s; known_bad_fixture
1201.0,2025-06-17,1326706,65775,half_2,13,bottom,3760,hsr,5.42,6.17,531.53,86.14748784440843,False,True,True,implied_duration_gt_30s; known_bad_fixture
1201.0,2025-06-17,1326707,65775,half_2,17,bottom,3760,sprint,6.96,7.84,449.158,57.2905612244898,False,True,True,implied_duration_gt_30s; known_bad_fixture
1201.0,2025-06-17,1326709,65775,half_2,27,bottom,3760,hsr,5.44,7.13,360.6504,50.58210378681627,False,True,True,implied_duration_gt_30s; known_bad_fixture
1201.0,2025-06-17,1326710,65775,half_2,29,bottom,3761,hsr,5.49,6.65,256.702,38.601804511278196,False,True,True,implied_duration_gt_30s; known_bad_fixture
1201.0,2025-06-17,1326711,65775,half_2,29,bottom,3760,hsr,5.48,6.26,473.9572,75.71201277955272,False,True,True,implied_duration_gt_30s; known_bad_fixture
1201.0,2025-06-17,1326712,65775,half_2,35,middle,3760,hsr,5.45,6.23,306.8184,49.24853932584269,False,True,True,implied_duration_gt_30s; known_bad_fixture
1201.0,2025-06-17,1326713,65775,half_2,38,bottom,3760,hsr,5.47,6.33,273.8372,43.260221169036335,False,True,True,implied_duration_gt_30s; known_bad_fixture
1201.0,2025-06-17,1326714,65775,half_2,40,middle,3760,hsr,5.41,5.94,268.55,45.21043771043771,False,True,True,implied_duration_gt_30s; known_bad_fixture
1201.0,2025-06-17,1326715,65775,half_2,42,bottom,3760,sprint,6.9,8.04,1020.4672,126.92378109452738,False,True,True,implied_duration_gt_30s; known_bad_fixture
1201.0,2025-06-17,1326716,65775,half_2,42,bottom,3760,hsr,5.41,6.86,274.1628,39.96542274052478,False,True,True,implied_duration_gt_30s; known_bad_fixture
1201.0,2025-06-17,1326719,65775,half_2,47,middle,3760,hsr,5.48,5.93,222.6836,37.552040472175385,False,True,True,implied_duration_gt_30s; known_bad_fixture
1201.0,2025-06-17,1327129,65776,half_1,6,middle,3760,hsr,5.47,6.13,214.772,35.03621533442088,False,True,True,implied_duration_gt_30s; known_bad_fixture
1201.0,2025-06-17,1327130,65776,half_1,12,middle,3760,hsr,5.41,6.51,532.1827999999999,81.74850998463901,False,True,True,implied_duration_gt_30s; known_bad_fixture
1201.0,2025-06-17,1327131,65776,half_1,14,bottom,3760,hsr,5.16,8.68,391.244,45.0741935483871,False,True,True,implied_duration_gt_30s; known_bad_fixture
1201.0,2025-06-17,1327132,65776,half_1,16,bottom,3760,hsr,5.44,5.83,191.5024,32.84775300171526,False,True,True,implied_duration_gt_30s; known_bad_fixture
1201.0,2025-06-17,1327135,65776,half_1,22,top,3760,hsr,5.44,5.67,402.254,70.94426807760142,False,True,True,implied_duration_gt_30s; known_bad_fixture
1201.0,2025-06-17,1327136,65776,half_1,22,top,3760,hsr,5.41,6.16,433.4236,70.36097402597403,False,True,True,implied_duration_gt_30s; known_bad_fixture
1201.0,2025-06-17,1327139,65776,half_1,24,middle,3760,hsr,5.49,6.56,336.31879999999995,51.26810975609756,False,True,True,implied_duration_gt_30s; known_bad_fixture
1201.0,2025-06-17,1327140,65776,half_1,26,bottom,3761,hsr,5.41,6.13,308.27,50.28874388254486,False,True,True,implied_duration_gt_30s; known_bad_fixture
1201.0,2025-06-17,1327141,65776,half_1,31,middle,3760,sprint,6.91,8.05,604.914,75.14459627329192,False,True,True,implied_duration_gt_30s; known_bad_fixture
1201.0,2025-06-17,1327142,65776,half_1,31,middle,3760,hsr,5.48,6.86,283.9188,41.38758017492711,False,True,True,implied_duration_gt_30s; known_bad_fixture
1201.0,2025-06-17,1327143,65776,half_1,33,bottom,3760,hsr,5.52,6.32,219.0596,34.66132911392405,False,True,True,implied_duration_gt_30s; known_bad_fixture
1201.0,2025-06-17,1327144,65776,half_1,36,top,3760,hsr,5.47,6.25,290.0576,46.409215999999994,False,True,True,implied_duration_gt_30s; known_bad_fixture
1201.0,2025-06-17,1327145,65776,half_1,37,top,3760,hsr,5.45,6.83,472.8828,69.23613469985358,False,True,True,implied_duration_gt_30s; known_bad_fixture
1201.0,2025-06-17,1327146,65776,half_1,37,middle,3760,hsr,5.46,6.37,256.296,40.23485086342229,False,True,True,implied_duration_gt_30s; known_bad_fixture
1201.0,2025-06-17,1327147,65776,half_1,38,middle,3760,hsr,5.42,5.87,243.6568,41.50882453151618,False,True,True,implied_duration_gt_30s; known_bad_fixture
1201.0,2025-06-17,1327148,65776,half_1,40,bottom,3760,hsr,5.41,6.67,283.04200000000003,42.43508245877062,False,True,True,implied_duration_gt_30s; known_bad_fixture
1201.0,2025-06-17,1327149,65776,half_1,43,bottom,3761,sprint,6.95,7.47,318.3508,42.61724230254351,False,True,True,implied_duration_gt_30s; known_bad_fixture
1201.0,2025-06-17,1327152,65776,half_1,44,bottom,3760,hsr,5.45,6.4,799.9144,124.98662499999999,False,True,True,implied_duration_gt_30s; known_bad_fixture
1201.0,2025-06-17,1327153,65776,half_1,46,bottom,3760,sprint,6.94,7.53,371.4076,49.32371845949535,False,True,True,implied_duration_gt_30s; known_bad_fixture
1201.0,2025-06-17,1327154,65776,half_1,46,bottom,3760,hsr,5.38,6.91,328.1932,47.495397973950794,False,True,True,implied_duration_gt_30s; known_bad_fixture
1201.0,2025-06-17,1327202,65777,half_2,1,top,3761,hsr,5.45,5.93,309.41880000000003,52.17854974704891,False,True,True,implied_duration_gt_30s; known_bad_fixture
1201.0,2025-06-17,1327203,65777,half_2,2,middle,3760,hsr,5.51,6.6,243.6716,36.919939393939394,False,True,True,implied_duration_gt_30s; known_bad_fixture
1201.0,2025-06-17,1327204,65777,half_2,2,middle,3760,hsr,5.49,6.51,241.738,37.13333333333333,False,True,True,implied_duration_gt_30s; known_bad_fixture
1201.0,2025-06-17,1327206,65777,half_2,5,top,3760,hsr,5.53,6.14,191.658,31.214657980456025,False,True,True,implied_duration_gt_30s; known_bad_fixture
1201.0,2025-06-17,1327209,65777,half_2,10,middle,3761,hsr,5.41,6.17,375.2492,60.81834683954619,False,True,True,implied_duration_gt_30s; known_bad_fixture
1201.0,2025-06-17,1327211,65777,half_2,13,middle,3760,hsr,5.47,6.9,385.5012,55.86973913043478,False,True,True,implied_duration_gt_30s; known_bad_fixture
1201.0,2025-06-17,1327213,65777,half_2,17,middle,3760,sprint,6.94,8.91,1044.5852,117.23739618406285,False,True,True,implied_duration_gt_30s; known_bad_fixture
1201.0,2025-06-17,1327214,65777,half_2,17,middle,3760,hsr,5.47,6.46,296.52959999999996,45.902414860681105,False,True,True,implied_duration_gt_30s; known_bad_fixture
1201.0,2025-06-17,1327215,65777,half_2,20,bottom,3760,hsr,5.41,6.78,329.0108,48.52666666666667,False,True,True,implied_duration_gt_30s; known_bad_fixture
1201.0,2025-06-17,1327217,65777,half_2,28,middle,3760,hsr,5.41,5.8,293.3812,50.58296551724138,False,True,True,implied_duration_gt_30s; known_bad_fixture
1201.0,2025-06-17,1327218,65777,half_2,28,bottom,3760,hsr,5.46,6.88,307.0788,44.633546511627905,False,True,True,implied_duration_gt_30s; known_bad_fixture
1201.0,2025-06-17,1327219,65777,half_2,35,middle,3760,hsr,5.45,6.32,546.8884,86.53297468354431,False,True,True,implied_duration_gt_30s; known_bad_fixture
1201.0,2025-06-17,1327221,65777,half_2,38,bottom,3760,hsr,5.51,6.28,205.7984,32.77044585987261,False,True,True,implied_duration_gt_30s; known_bad_fixture
1201.0,2025-06-17,1327220,65777,half_2,40,bottom,3760,sprint,6.85,8.68,696.8812,80.28585253456222,False,True,True,implied_duration_gt_30s; known_bad_fixture
1201.0,2025-06-17,1327222,65777,half_2,40,middle,3761,hsr,5.42,6.24,562.3371999999999,90.11814102564101,False,True,True,implied_duration_gt_30s; known_bad_fixture
1201.0,2025-06-17,1327223,65777,half_2,42,middle,3760,sprint,6.95,8.77,984.6976,112.28022805017103,False,True,True,implied_duration_gt_30s; known_bad_fixture
1201.0,2025-06-17,1327228,65777,half_2,45,middle,3760,hsr,5.4,5.51,234.65,42.58620689655173,False,True,True,implied_duration_gt_30s; known_bad_fixture
1201.0,2025-06-17,1327229,65777,half_2,49,bottom,3760,sprint,6.93,8.1,525.9512,64.93224691358024,False,True,True,implied_duration_gt_30s; known_bad_fixture
1201.0,2025-06-17,1327230,65777,half_2,49,middle,3760,hsr,5.43,6.89,222.0684,32.23053701015965,False,True,True,implied_duration_gt_30s; known_bad_fixture
1201.0,2025-06-17,1326720,65778,half_1,2,top,3760,hsr,5.42,5.82,248.4288,42.68536082474227,False,True,True,implied_duration_gt_30s; known_bad_fixture
1201.0,2025-06-17,1326722,65778,half_1,6,middle,3761,hsr,5.48,5.84,180.5912,30.923150684931507,False,True,True,implied_duration_gt_30s; known_bad_fixture
1201.0,2025-06-17,1326723,65778,half_1,11,top,3760,hsr,5.43,6.15,250.2984,40.69892682926829,False,True,True,implied_duration_gt_30s; known_bad_fixture
1201.0,2025-06-17,1326725,65778,half_1,16,bottom,3760,hsr,5.3,6.77,431.5272,63.741093057607095,False,True,True,implied_duration_gt_30s; known_bad_fixture
1201.0,2025-06-17,1326724,65778,half_1,19,bottom,3760,sprint,6.95,9.01,513.434,56.98490566037736,False,True,True,implied_duration_gt_30s; known_bad_fixture
1201.0,2025-06-17,1326727,65778,half_1,22,middle,3760,sprint,6.98,7.93,521.146,65.71828499369482,False,True,True,implied_duration_gt_30s; known_bad_fixture
1201.0,2025-06-17,1326728,65778,half_1,23,bottom,3760,sprint,7.01,8.0,309.44280000000003,38.680350000000004,False,True,True,implied_duration_gt_30s; known_bad_fixture
1201.0,2025-06-17,1326730,65778,half_1,24,middle,3760,hsr,5.39,5.85,293.7336,50.2108717948718,False,True,True,implied_duration_gt_30s; known_bad_fixture
1201.0,2025-06-17,1326731,65778,half_1,24,bottom,3760,hsr,5.37,6.89,639.0504,92.75042089985486,False,True,True,implied_duration_gt_30s; known_bad_fixture
1201.0,2025-06-17,1326733,65778,half_1,28,bottom,3760,hsr,5.45,6.59,311.452,47.261305007587254,False,True,True,implied_duration_gt_30s; known_bad_fixture
1201.0,2025-06-17,1326734,65778,half_1,28,bottom,3760,hsr,5.43,6.89,333.7052,48.43326560232221,False,True,True,implied_duration_gt_30s; known_bad_fixture
1201.0,2025-06-17,1326735,65778,half_1,31,middle,3760,sprint,6.94,7.73,407.048,52.65821474773609,False,True,True,implied_duration_gt_30s; known_bad_fixture
1201.0,2025-06-17,1326738,65778,half_1,33,bottom,3760,hsr,5.5,7.2,329.952,45.82666666666667,False,True,True,implied_duration_gt_30s; known_bad_fixture
1201.0,2025-06-17,1326740,65778,half_1,41,bottom,3760,hsr,5.47,6.28,284.5348,45.30808917197452,False,True,True,implied_duration_gt_30s; known_bad_fixture
1201.0,2025-06-17,1326739,65778,half_1,44,bottom,3760,sprint,6.92,7.89,700.112,88.7340937896071,False,True,True,implied_duration_gt_30s; known_bad_fixture
1201.0,2025-06-17,1326741,65778,half_1,44,middle,3760,hsr,5.46,6.89,229.7236,33.341596516690856,False,True,True,implied_duration_gt_30s; known_bad_fixture
1201.0,2025-06-17,1326743,65778,half_1,46,bottom,3760,hsr,5.43,6.44,585.0423999999999,90.84509316770185,False,True,True,implied_duration_gt_30s; known_bad_fixture
1201.0,2025-06-17,1326745,65778,half_2,3,middle,3760,hsr,5.46,5.66,171.9472,30.379363957597175,False,True,True,implied_duration_gt_30s; known_bad_fixture
1201.0,2025-06-17,1326747,65778,half_2,13,bottom,3760,hsr,5.43,5.97,692.5047999999999,115.9974539363484,False,True,True,implied_duration_gt_30s; known_bad_fixture
1201.0,2025-06-17,1326746,65778,half_2,15,top,3761,sprint,6.97,7.53,461.1272,61.23867197875166,False,True,True,implied_duration_gt_30s; known_bad_fixture
1201.0,2025-06-17,1326749,65778,half_2,17,bottom,3760,sprint,6.93,7.05,237.532,33.69248226950355,False,True,True,implied_duration_gt_30s; known_bad_fixture
1201.0,2025-06-17,1326750,65778,half_2,17,middle,3760,hsr,5.46,6.92,233.3552,33.72184971098266,False,True,True,implied_duration_gt_30s; known_bad_fixture
1201.0,2025-06-17,1326751,65778,half_2,17,middle,3760,hsr,5.48,6.92,284.6744,41.13791907514451,False,True,True,implied_duration_gt_30s; known_bad_fixture
1201.0,2025-06-17,1326752,65778,half_2,19,bottom,3760,hsr,5.5,5.94,182.2868,30.688013468013466,False,True,True,implied_duration_gt_30s; known_bad_fixture
1201.0,2025-06-17,1326753,65778,half_2,26,bottom,3761,hsr,5.46,6.55,323.1968,49.34302290076336,False,True,True,implied_duration_gt_30s; known_bad_fixture
1201.0,2025-06-17,1326754,65778,half_2,28,middle,3760,hsr,5.45,5.85,255.1496,43.61531623931624,False,True,True,implied_duration_gt_30s; known_bad_fixture
1201.0,2025-06-17,1326755,65778,half_2,42,middle,3760,sprint,6.98,9.68,878.5931999999999,90.7637603305785,False,True,True,implied_duration_gt_30s; known_bad_fixture
1201.0,2025-06-17,1326758,65778,half_2,47,middle,3760,hsr,5.45,6.52,444.9384,68.24208588957056,False,True,True,implied_duration_gt_30s; known_bad_fixture
1201.0,2025-06-17,1326757,65778,half_2,49,bottom,3760,sprint,6.94,7.46,252.4124,33.83544235924933,False,True,True,implied_duration_gt_30s; known_bad_fixture
1201.0,2025-06-17,1326759,65778,half_2,49,middle,3760,hsr,5.48,6.9,652.6844,94.5919420289855,False,True,True,implied_duration_gt_30s; known_bad_fixture
1201.0,2025-06-17,1327256,65779,half_2,17,middle,3760,hsr,5.42,6.88,761.3772,110.66529069767442,False,True,True,implied_duration_gt_30s; known_bad_fixture
1201.0,2025-06-17,1327257,65779,half_2,19,middle,3760,hsr,5.45,7.09,495.9512,69.95080394922425,False,True,True,implied_duration_gt_30s; known_bad_fixture
1201.0,2025-06-17,1327258,65779,half_2,19,middle,3761,hsr,5.42,6.16,477.234,77.47305194805195,False,True,True,implied_duration_gt_30s; known_bad_fixture
1201.0,2025-06-17,1327259,65779,half_2,25,bottom,3760,hsr,5.45,6.2,323.8232,52.22954838709677,False,True,True,implied_duration_gt_30s; known_bad_fixture
1201.0,2025-06-17,1327261,65779,half_2,26,bottom,3760,hsr,5.45,6.27,314.0652,50.090143540669864,False,True,True,implied_duration_gt_30s; known_bad_fixture
1201.0,2025-06-17,1327260,65779,half_2,28,middle,3760,sprint,6.93,7.19,325.5948,45.2843949930459,False,True,True,implied_duration_gt_30s; known_bad_fixture
1201.0,2025-06-17,1327262,65779,half_2,28,bottom,3761,hsr,5.44,6.03,277.3304,45.99177446102819,False,True,True,implied_duration_gt_30s; known_bad_fixture
1201.0,2025-06-17,1327264,65779,half_2,28,middle,3760,hsr,5.43,6.91,262.74559999999997,38.023965267727924,False,True,True,implied_duration_gt_30s; known_bad_fixture
1201.0,2025-06-17,1327265,65779,half_2,35,middle,3761,hsr,5.47,5.96,217.3376,36.466040268456375,False,True,True,implied_duration_gt_30s; known_bad_fixture
1201.0,2025-06-17,1327267,65779,half_2,38,bottom,3760,hsr,5.47,6.48,296.5624,45.76580246913581,False,True,True,implied_duration_gt_30s; known_bad_fixture
1201.0,2025-06-17,1327268,65779,half_2,39,middle,3761,hsr,5.46,6.04,201.036,33.2841059602649,False,True,True,implied_duration_gt_30s; known_bad_fixture
1201.0,2025-06-17,1327271,65779,half_2,42,bottom,3760,hsr,5.32,6.62,976.4828,147.50495468277944,False,True,True,implied_duration_gt_30s; known_bad_fixture
1201.0,2025-06-17,1327272,65779,half_2,43,middle,3760,hsr,5.41,5.76,297.536,51.65555555555556,False,True,True,implied_duration_gt_30s; known_bad_fixture
1201.0,2025-06-17,1327273,65779,half_2,44,bottom,3761,hsr,5.46,6.3,302.9504,48.08736507936508,False,True,True,implied_duration_gt_30s; known_bad_fixture
1201.0,2025-06-17,1327270,65779,half_2,45,middle,3761,sprint,6.94,7.65,524.5632,68.57035294117648,False,True,True,implied_duration_gt_30s; known_bad_fixture
1201.0,2025-06-17,1327276,65779,half_2,47,top,3760,hsr,5.43,6.0,346.5224,57.75373333333334,False,True,True,implied_duration_gt_30s; known_bad_fixture
1201.0,2025-06-17,1327275,65779,half_2,49,middle,3760,sprint,6.96,7.88,541.6296,68.73472081218274,False,True,True,implied_duration_gt_30s; known_bad_fixture
1201.0,2025-06-17,1327279,65779,half_2,50,middle,3761,hsr,5.44,6.79,620.5596,91.39316642120767,False,True,True,implied_duration_gt_30s; known_bad_fixture
1201.0,2025-06-17,1326760,65780,half_1,1,middle,3760,sprint,6.87,7.5,397.2084,52.96112,False,True,True,implied_duration_gt_30s; known_bad_fixture
1201.0,2025-06-17,1326761,65780,half_1,1,top,3760,sprint,6.88,7.33,392.522,53.55006821282401,False,True,True,implied_duration_gt_30s; known_bad_fixture
1201.0,2025-06-17,1326763,65780,half_1,2,top,3760,hsr,5.45,6.51,364.864,56.04669738863287,False,True,True,implied_duration_gt_30s; known_bad_fixture
1201.0,2025-06-17,1326762,65780,half_1,4,bottom,3761,sprint,6.97,8.14,436.7304,53.652383292383284,False,True,True,implied_duration_gt_30s; known_bad_fixture
1201.0,2025-06-17,1326765,65780,half_1,6,top,3760,hsr,5.48,6.47,607.358,93.87295208655331,False,True,True,implied_duration_gt_30s; known_bad_fixture
1201.0,2025-06-17,1326767,65780,half_1,8,middle,3760,hsr,5.46,7.16,348.9704,48.73888268156424,False,True,True,implied_duration_gt_30s; known_bad_fixture
1201.0,2025-06-17,1326771,65780,half_1,11,top,3760,hsr,5.45,6.93,374.5204,54.04334776334777,False,True,True,implied_duration_gt_30s; known_bad_fixture
1201.0,2025-06-17,1326772,65780,half_1,11,top,3760,hsr,5.45,6.92,231.2132,33.412312138728325,False,True,True,implied_duration_gt_30s; known_bad_fixture
1201.0,2025-06-17,1326774,65780,half_1,16,bottom,3761,hsr,5.41,5.47,212.0388,38.76394881170019,False,True,True,implied_duration_gt_30s; known_bad_fixture
1201.0,2025-06-17,1326778,65780,half_1,22,top,3760,hsr,5.43,5.73,195.1844,34.06359511343805,False,True,True,implied_duration_gt_30s; known_bad_fixture
1201.0,2025-06-17,1326779,65780,half_1,25,middle,3760,hsr,5.45,5.72,172.9964,30.244125874125874,False,True,True,implied_duration_gt_30s; known_bad_fixture
1201.0,2025-06-17,1326780,65780,half_1,31,top,3761,hsr,5.39,6.35,526.194,82.8651968503937,False,True,True,implied_duration_gt_30s; known_bad_fixture
1201.0,2025-06-17,1326782,65780,half_1,32,middle,3761,hsr,5.47,7.13,971.0692,136.1948387096774,False,True,True,implied_duration_gt_30s; known_bad_fixture
1201.0,2025-06-17,1326784,65780,half_1,35,top,3761,hsr,5.47,5.85,301.6784,51.56895726495727,False,True,True,implied_duration_gt_30s; known_bad_fixture
1201.0,2025-06-17,1326786,65780,half_1,36,top,3760,hsr,5.4,7.15,287.278,40.17874125874126,False,True,True,implied_duration_gt_30s; known_bad_fixture
1201.0,2025-06-17,1326787,65780,half_1,36,top,3761,hsr,5.51,6.36,281.25079999999997,44.22182389937106,False,True,True,implied_duration_gt_30s; known_bad_fixture
1201.0,2025-06-17,1326785,65780,half_1,40,middle,3761,sprint,6.93,7.24,240.8696,33.269281767955796,False,True,True,implied_duration_gt_30s; known_bad_fixture
1201.0,2025-06-17,1326788,65780,half_1,40,middle,3761,hsr,5.49,6.9,211.8172,30.698144927536234,False,True,True,implied_duration_gt_30s; known_bad_fixture
1201.0,2025-06-17,1326790,65780,half_1,41,middle,3760,hsr,5.45,5.78,173.762,30.062629757785466,False,True,True,implied_duration_gt_30s; known_bad_fixture
1201.0,2025-06-17,1326791,65780,half_1,44,top,3760,hsr,5.46,6.21,354.958,57.15909822866345,False,True,True,implied_duration_gt_30s; known_bad_fixture
1201.0,2025-06-17,1326792,65780,half_1,45,bottom,3760,hsr,5.47,5.99,507.742,84.76494156928214,False,True,True,implied_duration_gt_30s; known_bad_fixture
1201.0,2025-06-17,1326794,65780,half_2,1,middle,3760,hsr,5.47,5.85,192.08639999999997,32.83528205128205,False,True,True,implied_duration_gt_30s; known_bad_fixture
1201.0,2025-06-17,1326795,65780,half_2,1,top,3761,hsr,5.49,6.32,663.3756,104.96449367088607,False,True,True,implied_duration_gt_30s; known_bad_fixture
1201.0,2025-06-17,1326793,65780,half_2,4,middle,3761,sprint,6.93,8.28,472.458,57.06014492753624,False,True,True,implied_duration_gt_30s; known_bad_fixture
1201.0,2025-06-17,1326797,65780,half_2,4,middle,3760,hsr,5.42,6.05,329.9704,54.54056198347107,False,True,True,implied_duration_gt_30s; known_bad_fixture
1201.0,2025-06-17,1326799,65780,half_2,7,top,3761,sprint,7.01,8.4,438.1628,52.162238095238095,False,True,True,implied_duration_gt_30s; known_bad_fixture
1201.0,2025-06-17,1326801,65780,half_2,7,middle,3761,hsr,5.49,6.13,203.2028,33.14890701468189,False,True,True,implied_duration_gt_30s; known_bad_fixture
1201.0,2025-06-17,1326800,65780,half_2,10,middle,3761,sprint,6.93,8.51,786.5047999999999,92.4212455934195,False,True,True,implied_duration_gt_30s; known_bad_fixture
1201.0,2025-06-17,1326802,65780,half_2,10,top,3761,hsr,6.02,6.89,396.4,57.53265602322206,False,True,True,implied_duration_gt_30s; known_bad_fixture
1201.0,2025-06-17,1326803,65780,half_2,11,top,3761,sprint,6.92,7.33,336.5652,45.91612551159618,False,True,True,implied_duration_gt_30s; known_bad_fixture
1201.0,2025-06-17,1326804,65780,half_2,11,top,3760,sprint,6.97,7.73,339.962,43.97956015523933,False,True,True,implied_duration_gt_30s; known_bad_fixture
1201.0,2025-06-17,1326807,65780,half_2,13,middle,3760,hsr,5.42,6.72,581.1952,86.48738095238096,False,True,True,implied_duration_gt_30s; known_bad_fixture
1201.0,2025-06-17,1326808,65780,half_2,14,middle,3761,hsr,5.49,6.34,256.22159999999997,40.413501577287064,False,True,True,implied_duration_gt_30s; known_bad_fixture
1201.0,2025-06-17,1326809,65780,half_2,15,top,3760,hsr,5.47,6.88,326.0888,47.39662790697675,False,True,True,implied_duration_gt_30s; known_bad_fixture
1201.0,2025-06-17,1326811,65780,half_2,17,middle,3760,hsr,5.4,6.75,563.3456,83.4586074074074,False,True,True,implied_duration_gt_30s; known_bad_fixture
1201.0,2025-06-17,1326810,65780,half_2,18,top,3760,sprint,6.96,7.57,298.7536,39.465468956406866,False,True,True,implied_duration_gt_30s; known_bad_fixture
1201.0,2025-06-17,1326812,65780,half_2,18,middle,3760,hsr,5.4,6.92,254.7172,36.80884393063584,False,True,True,implied_duration_gt_30s; known_bad_fixture
1201.0,2025-06-17,1326813,65780,half_2,21,top,3761,sprint,6.9,6.96,221.8752,31.878620689655172,False,True,True,implied_duration_gt_30s; known_bad_fixture
1201.0,2025-06-17,1326815,65780,half_2,21,top,3761,hsr,5.48,6.9,527.9188,76.50997101449275,False,True,True,implied_duration_gt_30s; known_bad_fixture
1201.0,2025-06-17,1326816,65780,half_2,22,top,3761,hsr,5.46,6.92,469.7576,67.88404624277457,False,True,True,implied_duration_gt_30s; known_bad_fixture
1201.0,2025-06-17,1326817,65780,half_2,23,middle,3760,hsr,5.46,6.3,321.3004,51.0000634920635,False,True,True,implied_duration_gt_30s; known_bad_fixture
1201.0,2025-06-17,1326818,65780,half_2,28,bottom,3761,hsr,5.45,5.73,383.1604,66.8691797556719,False,True,True,implied_duration_gt_30s; known_bad_fixture
1201.0,2025-06-17,1326819,65780,half_2,28,middle,3761,hsr,5.41,6.17,588.4988,95.38068071312803,False,True,True,implied_duration_gt_30s; known_bad_fixture
1201.0,2025-06-17,1326820,65780,half_2,29,middle,3761,hsr,5.44,6.68,332.75239999999997,49.81323353293413,False,True,True,implied_duration_gt_30s; known_bad_fixture
1201.0,2025-06-17,1326821,65780,half_2,34,middle,3761,hsr,5.43,5.63,227.1244,40.34181172291297,False,True,True,implied_duration_gt_30s; known_bad_fixture
1201.0,2025-06-17,1326822,65780,half_2,35,middle,3761,hsr,5.42,5.88,232.56240000000005,39.55142857142858,False,True,True,implied_duration_gt_30s; known_bad_fixture
1201.0,2025-06-17,1326823,65780,half_2,36,middle,3761,hsr,5.49,6.64,370.3176,55.77072289156627,False,True,True,implied_duration_gt_30s; known_bad_fixture
1201.0,2025-06-17,1326825,65780,half_2,36,middle,3760,hsr,5.46,6.45,288.6264,44.74827906976744,False,True,True,implied_duration_gt_30s; known_bad_fixture
1201.0,2025-06-17,1326824,65780,half_2,40,middle,3761,sprint,6.96,8.34,665.158,79.75515587529976,False,True,True,implied_duration_gt_30s; known_bad_fixture
1201.0,2025-06-17,1326827,65780,half_2,40,middle,3761,hsr,5.4,6.72,516.2464,76.82238095238095,False,True,True,implied_duration_gt_30s; known_bad_fixture
1201.0,2025-06-17,1326828,65780,half_2,42,bottom,3760,hsr,5.4,6.38,685.5052000000001,107.44595611285267,False,True,True,implied_duration_gt_30s; known_bad_fixture
1201.0,2025-06-17,1326829,65780,half_2,45,middle,3761,hsr,5.43,6.61,714.1075999999999,108.03443267776095,False,True,True,implied_duration_gt_30s; known_bad_fixture
1201.0,2025-06-17,1326831,65780,half_2,47,middle,3761,hsr,5.44,6.92,333.51800000000003,48.19624277456648,False,True,True,implied_duration_gt_30s; known_bad_fixture
1201.0,2025-06-17,1326830,65780,half_2,50,top,3761,sprint,6.93,9.11,825.7896000000001,90.64649835345776,False,True,True,implied_duration_gt_30s; known_bad_fixture
1201.0,2025-06-17,1326832,65780,half_2,50,middle,3761,hsr,5.42,6.88,262.89279999999997,38.21116279069767,False,True,True,implied_duration_gt_30s; known_bad_fixture
1201.0,2025-06-17,1326834,65781,half_1,1,middle,3760,hsr,5.48,6.21,222.78,35.8743961352657,False,True,True,implied_duration_gt_30s; known_bad_fixture
1201.0,2025-06-17,1326838,65781,half_1,5,bottom,3761,hsr,5.43,6.3,368.56679999999994,58.50266666666666,False,True,True,implied_duration_gt_30s; known_bad_fixture
1201.0,2025-06-17,1326839,65781,half_1,6,middle,3761,hsr,5.43,6.19,323.5884,52.27599353796445,False,True,True,implied_duration_gt_30s; known_bad_fixture
1201.0,2025-06-17,1326840,65781,half_1,9,middle,3760,hsr,5.41,6.35,224.7136,35.38796850393701,False,True,True,implied_duration_gt_30s; known_bad_fixture
1201.0,2025-06-17,1326843,65781,half_1,16,bottom,3761,hsr,5.42,6.94,879.2428,126.69204610951007,False,True,True,implied_duration_gt_30s; known_bad_fixture
1201.0,2025-06-17,1326844,65781,half_1,16,bottom,3760,hsr,5.44,5.88,323.99920000000003,55.10190476190477,False,True,True,implied_duration_gt_30s; known_bad_fixture
1201.0,2025-06-17,1326846,65781,half_1,21,top,3760,hsr,5.54,6.21,211.1376,33.999613526570045,False,True,True,implied_duration_gt_30s; known_bad_fixture
1201.0,2025-06-17,1326847,65781,half_1,22,bottom,3760,hsr,5.41,5.78,252.9356,43.76048442906574,False,True,True,implied_duration_gt_30s; known_bad_fixture
1201.0,2025-06-17,1326848,65781,half_1,23,bottom,3760,hsr,5.5,6.44,270.9572,42.07409937888198,False,True,True,implied_duration_gt_30s; known_bad_fixture
1201.0,2025-06-17,1326849,65781,half_1,24,middle,3760,hsr,5.41,6.4,451.8292,70.59831249999999,False,True,True,implied_duration_gt_30s; known_bad_fixture
1201.0,2025-06-17,1326850,65781,half_1,31,middle,3760,sprint,6.88,8.08,481.4168,59.58128712871287,False,True,True,implied_duration_gt_30s; known_bad_fixture
1201.0,2025-06-17,1326853,65781,half_1,37,middle,3760,hsr,5.44,6.24,246.8384,39.557435897435894,False,True,True,implied_duration_gt_30s; known_bad_fixture
1201.0,2025-06-17,1326854,65781,half_1,38,middle,3760,hsr,5.43,5.89,255.8016,43.429813242784384,False,True,True,implied_duration_gt_30s; known_bad_fixture
1201.0,2025-06-17,1326855,65781,half_1,40,middle,3761,hsr,5.46,6.13,303.946,49.58336052202284,False,True,True,implied_duration_gt_30s; known_bad_fixture
1201.0,2025-06-17,1326856,65781,half_1,44,bottom,3760,hsr,5.41,5.85,368.7692,63.03747008547009,False,True,True,implied_duration_gt_30s; known_bad_fixture
1201.0,2025-06-17,1326857,65781,half_1,46,bottom,3760,hsr,5.41,6.33,363.4476,57.41668246445498,False,True,True,implied_duration_gt_30s; known_bad_fixture
1201.0,2025-06-17,1326858,65781,half_2,1,top,3761,hsr,5.44,5.94,303.9144,51.1640404040404,False,True,True,implied_duration_gt_30s; known_bad_fixture
1201.0,2025-06-17,1326859,65781,half_2,3,middle,3760,hsr,5.43,6.05,277.3864,45.84899173553719,False,True,True,implied_duration_gt_30s; known_bad_fixture
1201.0,2025-06-17,1326860,65781,half_2,4,middle,3761,hsr,5.41,5.83,373.5788,64.07869639794168,False,True,True,implied_duration_gt_30s; known_bad_fixture
1201.0,2025-06-17,1326861,65781,half_2,4,top,3760,hsr,5.43,5.79,230.9628,39.88994818652849,False,True,True,implied_duration_gt_30s; known_bad_fixture
1201.0,2025-06-17,1326862,65781,half_2,13,bottom,3760,hsr,5.46,6.64,1012.9988,152.56006024096385,False,True,True,implied_duration_gt_30s; known_bad_fixture
1201.0,2025-06-17,1327155,65783,half_1,9,bottom,3761,hsr,5.47,6.25,235.4788,37.676608,False,True,True,implied_duration_gt_30s; known_bad_fixture
1201.0,2025-06-17,1327156,65783,half_1,11,top,3760,hsr,5.44,6.98,486.0596,69.6360458452722,False,True,True,implied_duration_gt_30s; known_bad_fixture
1201.0,2025-06-17,1327157,65783,half_1,13,middle,3760,hsr,5.47,6.23,228.9072,36.74272873194221,False,True,True,implied_duration_gt_30s; known_bad_fixture
1201.0,2025-06-17,1327161,65783,half_1,21,middle,3761,hsr,5.43,6.88,435.0152,63.22895348837209,False,True,True,implied_duration_gt_30s; known_bad_fixture
1201.0,2025-06-17,1327162,65783,half_1,21,top,3761,hsr,5.46,6.41,287.9832,44.92717628705148,False,True,True,implied_duration_gt_30s; known_bad_fixture
1201.0,2025-06-17,1327158,65783,half_1,22,top,3760,sprint,6.1,9.21,481.8316,52.31613463626492,False,True,True,implied_duration_gt_30s; known_bad_fixture
1201.0,2025-06-17,1327163,65783,half_1,22,top,3760,hsr,5.41,5.83,372.2412,63.84926243567753,False,True,True,implied_duration_gt_30s; known_bad_fixture
1201.0,2025-06-17,1327159,65783,half_1,23,middle,3761,sprint,6.92,7.06,279.44399999999996,39.5813031161473,False,True,True,implied_duration_gt_30s; known_bad_fixture
1201.0,2025-06-17,1327164,65783,half_1,23,middle,3761,hsr,5.47,6.91,235.4052,34.06732272069465,False,True,True,implied_duration_gt_30s; known_bad_fixture
1201.0,2025-06-17,1327160,65783,half_1,24,top,3760,sprint,6.81,9.46,473.8976,50.09488372093023,False,True,True,implied_duration_gt_30s; known_bad_fixture
1201.0,2025-06-17,1327166,65783,half_1,27,middle,3761,hsr,5.48,5.95,199.7672,33.57431932773109,False,True,True,implied_duration_gt_30s; known_bad_fixture
1201.0,2025-06-17,1327168,65783,half_1,32,middle,3761,hsr,5.42,6.35,401.522,63.23181102362205,False,True,True,implied_duration_gt_30s; known_bad_fixture
1201.0,2025-06-17,1327167,65783,half_1,35,top,3761,sprint,6.93,7.75,302.79920000000004,39.070864516129035,False,True,True,implied_duration_gt_30s; known_bad_fixture
1201.0,2025-06-17,1327171,65783,half_1,38,middle,3760,hsr,5.46,7.03,377.338,53.67539118065434,False,True,True,implied_duration_gt_30s; known_bad_fixture
1201.0,2025-06-17,1327173,65783,half_1,44,middle,3760,hsr,5.42,6.86,533.7968,77.81294460641398,False,True,True,implied_duration_gt_30s; known_bad_fixture
1201.0,2025-06-17,1327175,65783,half_2,1,top,3761,sprint,6.97,7.6,359.1508,47.256684210526316,False,True,True,implied_duration_gt_30s; known_bad_fixture
1201.0,2025-06-17,1327177,65783,half_2,3,middle,3760,hsr,5.44,6.02,236.0604,39.212691029900334,False,True,True,implied_duration_gt_30s; known_bad_fixture
1201.0,2025-06-17,1327178,65783,half_2,5,top,3760,hsr,5.45,7.14,393.9152,55.17019607843138,False,True,True,implied_duration_gt_30s; known_bad_fixture
1201.0,2025-06-17,1327179,65783,half_2,7,top,3761,hsr,5.44,6.45,263.7448,40.89066666666667,False,True,True,implied_duration_gt_30s; known_bad_fixture
1201.0,2025-06-17,1327180,65783,half_2,7,top,3761,hsr,5.43,6.5,252.5104,38.84775384615385,False,True,True,implied_duration_gt_30s; known_bad_fixture
1201.0,2025-06-17,1327181,65783,half_2,10,middle,3761,hsr,5.46,6.09,320.312,52.596387520525454,False,True,True,implied_duration_gt_30s; known_bad_fixture
1201.0,2025-06-17,1327182,65783,half_2,11,top,3761,hsr,5.44,6.01,311.698,51.86322795341098,False,True,True,implied_duration_gt_30s; known_bad_fixture
1201.0,2025-06-17,1327183,65783,half_2,13,middle,3760,sprint,6.98,7.51,304.958,40.60692410119841,False,True,True,implied_duration_gt_30s; known_bad_fixture
1201.0,2025-06-17,1327186,65783,half_2,14,middle,3760,hsr,5.46,5.77,196.384,34.03535528596187,False,True,True,implied_duration_gt_30s; known_bad_fixture
1201.0,2025-06-17,1327187,65783,half_2,14,middle,3761,hsr,5.44,5.64,332.7588,58.99978723404256,False,True,True,implied_duration_gt_30s; known_bad_fixture
1201.0,2025-06-17,1327189,65783,half_2,17,middle,3760,hsr,5.42,5.84,242.9508,41.601164383561645,False,True,True,implied_duration_gt_30s; known_bad_fixture
1201.0,2025-06-17,1327190,65783,half_2,19,top,3761,hsr,5.41,6.19,457.8396,73.96439418416801,False,True,True,implied_duration_gt_30s; known_bad_fixture
1201.0,2025-06-17,1327191,65783,half_2,21,middle,3761,hsr,5.49,6.94,1048.7936,151.1229971181556,False,True,True,implied_duration_gt_30s; known_bad_fixture
1201.0,2025-06-17,1327192,65783,half_2,32,middle,3761,hsr,5.44,5.81,231.1972,39.79297762478486,False,True,True,implied_duration_gt_30s; known_bad_fixture
1201.0,2025-06-17,1327193,65783,half_2,34,top,3761,hsr,5.45,6.8,822.7696000000001,120.99552941176472,False,True,True,implied_duration_gt_30s; known_bad_fixture
1201.0,2025-06-17,1327194,65783,half_2,36,middle,3760,hsr,5.47,5.92,239.7196,40.49317567567568,False,True,True,implied_duration_gt_30s; known_bad_fixture
1201.0,2025-06-17,1327195,65783,half_2,40,middle,3761,hsr,5.41,6.95,783.048,112.66877697841727,False,True,True,implied_duration_gt_30s; known_bad_fixture
1201.0,2025-06-17,1327197,65783,half_2,42,top,3761,hsr,5.47,6.01,342.29560000000004,56.954342762063234,False,True,True,implied_duration_gt_30s; known_bad_fixture
1201.0,2025-06-17,1327196,65783,half_2,45,middle,3761,sprint,6.96,7.43,354.0784,47.655235531628534,False,True,True,implied_duration_gt_30s; known_bad_fixture
1201.0,2025-06-17,1327198,65783,half_2,45,middle,3760,hsr,5.43,5.75,207.0536,36.009321739130435,False,True,True,implied_duration_gt_30s; known_bad_fixture
1201.0,2025-06-17,1327354,65784,half_2,26,bottom,3761,hsr,5.45,5.72,206.6304,36.12419580419581,False,True,True,implied_duration_gt_30s; known_bad_fixture
1201.0,2025-06-17,1326863,65785,half_1,3,bottom,3761,sprint,6.99,7.72,362.7639999999999,46.9901554404145,False,True,True,implied_duration_gt_30s; known_bad_fixture
1201.0,2025-06-17,1326864,65785,half_1,3,bottom,3760,sprint,6.97,8.0,486.5648,60.8206,False,True,True,implied_duration_gt_30s; known_bad_fixture
1201.0,2025-06-17,1326865,65785,half_1,7,middle,3761,hsr,5.52,6.44,221.5564,34.40316770186335,False,True,True,implied_duration_gt_30s; known_bad_fixture
1201.0,2025-06-17,1326869,65785,half_1,16,bottom,3760,hsr,5.44,6.93,586.982,84.7015873015873,False,True,True,implied_duration_gt_30s; known_bad_fixture
1201.0,2025-06-17,1326872,65785,half_1,21,top,3761,hsr,5.44,6.93,946.5972,136.59411255411257,False,True,True,implied_duration_gt_30s; known_bad_fixture
1201.0,2025-06-17,1326873,65785,half_1,23,bottom,3760,hsr,5.44,6.97,439.1628,63.00757532281205,False,True,True,implied_duration_gt_30s; known_bad_fixture
1201.0,2025-06-17,1326871,65785,half_1,24,bottom,3760,sprint,6.89,7.31,342.5844,46.86517099863202,False,True,True,implied_duration_gt_30s; known_bad_fixture
1201.0,2025-06-17,1326874,65785,half_1,24,bottom,3761,hsr,5.37,6.92,233.656,33.765317919075144,False,True,True,implied_duration_gt_30s; known_bad_fixture
1201.0,2025-06-17,1326875,65785,half_1,24,bottom,3760,hsr,5.47,6.87,435.526,63.39534206695779,False,True,True,implied_duration_gt_30s; known_bad_fixture
1201.0,2025-06-17,1326876,65785,half_1,25,bottom,3761,hsr,5.5,7.17,362.7288,50.58979079497907,False,True,True,implied_duration_gt_30s; known_bad_fixture
1201.0,2025-06-17,1326878,65785,half_1,31,middle,3760,sprint,6.93,7.08,259.3076,36.625367231638414,False,True,True,implied_duration_gt_30s; known_bad_fixture
1201.0,2025-06-17,1326879,65785,half_1,31,middle,3760,hsr,5.43,6.91,281.64439999999996,40.758958031837906,False,True,True,implied_duration_gt_30s; known_bad_fixture
1201.0,2025-06-17,1326880,65785,half_1,31,middle,3760,hsr,5.44,6.93,226.4784,32.6808658008658,False,True,True,implied_duration_gt_30s; known_bad_fixture
1201.0,2025-06-17,1326883,65785,half_1,39,bottom,3760,hsr,5.49,6.04,213.16359999999997,35.291986754966885,False,True,True,implied_duration_gt_30s; known_bad_fixture
1201.0,2025-06-17,1326884,65785,half_1,40,middle,3761,hsr,5.44,6.09,408.6184,67.09661740558293,False,True,True,implied_duration_gt_30s; known_bad_fixture
1201.0,2025-06-17,1326885,65785,half_1,44,bottom,3760,sprint,6.92,8.64,772.6028,89.42162037037036,False,True,True,implied_duration_gt_30s; known_bad_fixture
1201.0,2025-06-17,1326886,65785,half_1,44,middle,3760,hsr,5.43,6.88,258.9496,37.63802325581395,False,True,True,implied_duration_gt_30s; known_bad_fixture
1201.0,2025-06-17,1326887,65785,half_1,45,bottom,3760,hsr,5.46,6.04,248.09919999999997,41.07602649006622,False,True,True,implied_duration_gt_30s; known_bad_fixture
1201.0,2025-06-17,1326888,65785,half_1,46,bottom,3760,sprint,6.93,7.36,322.902,43.87255434782608,False,True,True,implied_duration_gt_30s; known_bad_fixture
1201.0,2025-06-17,1326891,65785,half_2,1,top,3761,sprint,6.95,7.2,269.0912,37.37377777777778,False,True,True,implied_duration_gt_30s; known_bad_fixture
1201.0,2025-06-17,1326892,65785,half_2,1,top,3761,hsr,5.43,6.92,237.2848,34.28971098265896,False,True,True,implied_duration_gt_30s; known_bad_fixture
1201.0,2025-06-17,1326895,65785,half_2,5,middle,3761,hsr,5.53,7.04,385.0556,54.695397727272734,False,True,True,implied_duration_gt_30s; known_bad_fixture
1201.0,2025-06-17,1326896,65785,half_2,7,top,3760,hsr,5.45,6.42,288.3088,44.907912772585675,False,True,True,implied_duration_gt_30s; known_bad_fixture
1201.0,2025-06-17,1326897,65785,half_2,10,top,3761,hsr,5.41,5.66,556.4272,98.30869257950529,False,True,True,implied_duration_gt_30s; known_bad_fixture
1201.0,2025-06-17,1326899,65785,half_2,11,top,3760,hsr,5.41,7.19,432.8776,60.20550764951321,False,True,True,implied_duration_gt_30s; known_bad_fixture
1201.0,2025-06-17,1326900,65785,half_2,11,top,3761,hsr,5.51,6.39,467.6164,73.17940532081377,False,True,True,implied_duration_gt_30s; known_bad_fixture
1201.0,2025-06-17,1326898,65785,half_2,13,top,3760,sprint,6.94,7.97,452.714,56.802258469259726,False,True,True,implied_duration_gt_30s; known_bad_fixture
1201.0,2025-06-17,1326902,65785,half_2,13,bottom,3760,hsr,5.4,6.52,877.3960000000001,134.56993865030677,False,True,True,implied_duration_gt_30s; known_bad_fixture
1201.0,2025-06-17,1326903,65785,half_2,14,bottom,3760,hsr,5.48,6.09,243.8832,40.04650246305419,False,True,True,implied_duration_gt_30s; known_bad_fixture
1201.0,2025-06-17,1326904,65785,half_2,17,bottom,3760,sprint,6.95,7.71,519.3924000000001,67.36607003891052,False,True,True,implied_duration_gt_30s; known_bad_fixture
1201.0,2025-06-17,1326907,65785,half_2,19,bottom,3760,hsr,5.39,5.99,354.9392,59.255292153589316,False,True,True,implied_duration_gt_30s; known_bad_fixture
1201.0,2025-06-17,1326909,65785,half_2,21,middle,3760,hsr,5.53,6.65,244.8248,36.81575939849624,False,True,True,implied_duration_gt_30s; known_bad_fixture
1201.0,2025-06-17,1326908,65785,half_2,24,middle,3760,sprint,6.98,7.47,245.0964,32.810763052208834,False,True,True,implied_duration_gt_30s; known_bad_fixture
1201.0,2025-06-17,1326910,65785,half_2,24,bottom,3760,hsr,5.46,6.71,550.9096,82.10277198211624,False,True,True,implied_duration_gt_30s; known_bad_fixture
1201.0,2025-06-17,1326911,65785,half_2,25,bottom,3760,hsr,5.45,5.77,247.44000000000003,42.883882149046805,False,True,True,implied_duration_gt_30s; known_bad_fixture
1201.0,2025-06-17,1326912,65785,half_2,25,middle,3761,hsr,5.4,5.96,241.674,40.5493288590604,False,True,True,implied_duration_gt_30s; known_bad_fixture
1201.0,2025-06-17,1326916,65785,half_2,27,middle,3761,hsr,5.44,6.92,261.1704,37.74138728323699,False,True,True,implied_duration_gt_30s; known_bad_fixture
1201.0,2025-06-17,1326914,65785,half_2,28,middle,3761,sprint,6.9,7.27,505.7428,69.56572214580468,False,True,True,implied_duration_gt_30s; known_bad_fixture
1201.0,2025-06-17,1326918,65785,half_2,28,middle,3761,hsr,5.44,6.9,314.28880000000004,45.54910144927536,False,True,True,implied_duration_gt_30s; known_bad_fixture
1201.0,2025-06-17,1326919,65785,half_2,28,top,3761,hsr,5.5,6.89,356.612,51.7579100145138,False,True,True,implied_duration_gt_30s; known_bad_fixture
1201.0,2025-06-17,1326920,65785,half_2,28,middle,3760,hsr,5.42,6.59,957.616,145.3135053110774,False,True,True,implied_duration_gt_30s; known_bad_fixture
1201.0,2025-06-17,1326921,65785,half_2,30,bottom,3760,hsr,5.45,6.16,286.56080000000003,46.51961038961039,False,True,True,implied_duration_gt_30s; known_bad_fixture
1201.0,2025-06-17,1326922,65785,half_2,31,bottom,3761,hsr,5.48,7.03,345.2464,49.11044096728307,False,True,True,implied_duration_gt_30s; known_bad_fixture
1201.0,2025-06-17,1326925,65785,half_2,35,top,3760,hsr,5.43,6.09,261.258,42.89950738916256,False,True,True,implied_duration_gt_30s; known_bad_fixture
1201.0,2025-06-17,1326926,65785,half_2,36,bottom,3760,hsr,5.43,5.88,331.0588,56.302517006802724,False,True,True,implied_duration_gt_30s; known_bad_fixture
1201.0,2025-06-17,1326927,65785,half_2,42,bottom,3760,sprint,6.95,8.4,610.5096,72.67971428571428,False,True,True,implied_duration_gt_30s; known_bad_fixture
1201.0,2025-06-17,1326930,65785,half_2,44,middle,3761,hsr,5.49,5.97,206.1572,34.53219430485762,False,True,True,implied_duration_gt_30s; known_bad_fixture
1201.0,2025-06-17,1326931,65785,half_2,49,middle,3760,hsr,5.43,5.84,369.9484,63.34732876712329,False,True,True,implied_duration_gt_30s; known_bad_fixture
1201.0,2025-06-17,1326934,65786,half_1,1,top,3760,hsr,5.47,6.06,290.1864,47.88554455445545,False,True,True,implied_duration_gt_30s; known_bad_fixture
1201.0,2025-06-17,1326933,65786,half_1,3,bottom,3760,sprint,6.95,7.16,310.7876,43.40608938547486,False,True,True,implied_duration_gt_30s; known_bad_fixture
1201.0,2025-06-17,1326938,65786,half_1,4,bottom,3761,hsr,5.41,6.69,515.4188,77.04316890881914,False,True,True,implied_duration_gt_30s; known_bad_fixture
1201.0,2025-06-17,1326942,65786,half_1,7,middle,3760,hsr,5.5,6.27,217.812,34.73875598086125,False,True,True,implied_duration_gt_30s; known_bad_fixture
1201.0,2025-06-17,1326943,65786,half_1,7,middle,3761,hsr,5.43,5.93,187.6068,31.63689713322091,False,True,True,implied_duration_gt_30s; known_bad_fixture
1201.0,2025-06-17,1326940,65786,half_1,10,middle,3760,sprint,7.0,7.71,294.6472,38.216238651102465,False,True,True,implied_duration_gt_30s; known_bad_fixture
1201.0,2025-06-17,1326946,65786,half_1,11,top,3760,hsr,5.41,6.48,404.816,62.4716049382716,False,True,True,implied_duration_gt_30s; known_bad_fixture
1201.0,2025-06-17,1326947,65786,half_1,13,middle,3760,hsr,5.44,6.16,387.7416,62.945064935064934,False,True,True,implied_duration_gt_30s; known_bad_fixture
1201.0,2025-06-17,1326945,65786,half_1,14,bottom,3761,sprint,7.28,9.36,343.6528,36.715042735042736,False,True,True,implied_duration_gt_30s; known_bad_fixture
1201.0,2025-06-17,1326949,65786,half_1,16,bottom,3760,hsr,5.44,5.77,400.92800000000005,69.48492201039863,False,True,True,implied_duration_gt_30s; known_bad_fixture
1201.0,2025-06-17,1326950,65786,half_1,19,bottom,3760,hsr,5.46,6.86,325.2524,47.4128862973761,False,True,True,implied_duration_gt_30s; known_bad_fixture
1201.0,2025-06-17,1326951,65786,half_1,21,bottom,3761,hsr,5.45,5.93,233.9768,39.4564586846543,False,True,True,implied_duration_gt_30s; known_bad_fixture
1201.0,2025-06-17,1326952,65786,half_1,21,top,3761,hsr,5.46,6.48,1082.5184,167.05530864197527,False,True,True,implied_duration_gt_30s; known_bad_fixture
1201.0,2025-06-17,1326953,65786,half_1,22,middle,3760,hsr,5.42,5.65,283.21799999999996,50.12707964601769,False,True,True,implied_duration_gt_30s; known_bad_fixture
1201.0,2025-06-17,1326954,65786,half_1,23,bottom,3760,hsr,5.49,6.44,313.9248,48.74608695652174,False,True,True,implied_duration_gt_30s; known_bad_fixture
1201.0,2025-06-17,1326955,65786,half_1,24,bottom,3760,hsr,5.4,6.22,514.468,82.71189710610932,False,True,True,implied_duration_gt_30s; known_bad_fixture
1201.0,2025-06-17,1326956,65786,half_1,26,middle,3761,hsr,5.44,6.6,611.5236,92.65509090909092,False,True,True,implied_duration_gt_30s; known_bad_fixture
1201.0,2025-06-17,1326957,65786,half_1,28,bottom,3761,hsr,5.45,6.34,415.5192,65.53930599369086,False,True,True,implied_duration_gt_30s; known_bad_fixture
1201.0,2025-06-17,1326958,65786,half_1,29,bottom,3760,hsr,5.44,6.49,339.8048,52.358212634822806,False,True,True,implied_duration_gt_30s; known_bad_fixture
1201.0,2025-06-17,1326960,65786,half_1,29,middle,3760,hsr,5.41,6.28,325.844,51.8859872611465,False,True,True,implied_duration_gt_30s; known_bad_fixture
1201.0,2025-06-17,1326961,65786,half_1,31,middle,3760,sprint,6.94,7.58,365.5316,48.22316622691293,False,True,True,implied_duration_gt_30s; known_bad_fixture
1201.0,2025-06-17,1326967,65786,half_1,44,bottom,3760,sprint,6.89,8.53,805.0308,94.37641266119579,False,True,True,implied_duration_gt_30s; known_bad_fixture
1201.0,2025-06-17,1326969,65786,half_1,44,middle,3760,hsr,5.46,6.86,254.2228,37.05871720116618,False,True,True,implied_duration_gt_30s; known_bad_fixture
1201.0,2025-06-17,1326970,65786,half_1,46,bottom,3760,sprint,6.97,7.7,399.344,51.86285714285714,False,True,True,implied_duration_gt_30s; known_bad_fixture
1201.0,2025-06-17,1326974,65787,half_1,1,top,3760,hsr,5.41,6.13,820.9164000000001,133.9178466557912,False,True,True,implied_duration_gt_30s; known_bad_fixture
1201.0,2025-06-17,1326972,65787,half_1,2,top,3760,sprint,7.06,8.26,291.0656,35.237966101694916,False,True,True,implied_duration_gt_30s; known_bad_fixture
1201.0,2025-06-17,1326973,65787,half_1,4,middle,3761,sprint,6.94,7.68,420.7204,54.78130208333333,False,True,True,implied_duration_gt_30s; known_bad_fixture
1201.0,2025-06-17,1326979,65787,half_1,9,bottom,3761,hsr,5.49,5.94,188.2608,31.69373737373737,False,True,True,implied_duration_gt_30s; known_bad_fixture
1201.0,2025-06-17,1326978,65787,half_1,10,bottom,3761,sprint,7.0,7.79,327.3676,42.02408215661104,False,True,True,implied_duration_gt_30s; known_bad_fixture
1201.0,2025-06-17,1326981,65787,half_1,11,top,3760,hsr,5.41,5.76,313.68559999999997,54.45930555555555,False,True,True,implied_duration_gt_30s; known_bad_fixture
1201.0,2025-06-17,1326982,65787,half_1,13,middle,3760,hsr,5.43,6.65,538.6472,80.99957894736842,False,True,True,implied_duration_gt_30s; known_bad_fixture
1201.0,2025-06-17,1326983,65787,half_1,15,bottom,3761,hsr,5.46,6.03,218.8568,36.294660033167496,False,True,True,implied_duration_gt_30s; known_bad_fixture
1201.0,2025-06-17,1326984,65787,half_1,16,middle,3761,hsr,5.46,6.19,359.9292,58.146882067851365,False,True,True,implied_duration_gt_30s; known_bad_fixture
1201.0,2025-06-17,1326985,65787,half_1,21,bottom,3761,hsr,5.45,6.11,255.74,41.85597381342062,False,True,True,implied_duration_gt_30s; known_bad_fixture
1201.0,2025-06-17,1326987,65787,half_1,21,top,3761,hsr,5.42,6.99,440.4016,63.00452074391988,False,True,True,implied_duration_gt_30s; known_bad_fixture
1201.0,2025-06-17,1326988,65787,half_1,22,top,3760,hsr,5.43,6.94,435.8948,62.80904899135446,False,True,True,implied_duration_gt_30s; known_bad_fixture
1201.0,2025-06-17,1326990,65787,half_1,25,bottom,3761,hsr,5.36,6.7,236.6608,35.322507462686566,False,True,True,implied_duration_gt_30s; known_bad_fixture
1201.0,2025-06-17,1326992,65787,half_1,27,middle,3761,hsr,5.42,5.97,281.202,47.10251256281407,False,True,True,implied_duration_gt_30s; known_bad_fixture
1201.0,2025-06-17,1326993,65787,half_1,29,bottom,3760,hsr,5.46,6.92,472.3016,68.25167630057804,False,True,True,implied_duration_gt_30s; known_bad_fixture
1201.0,2025-06-17,1326994,65787,half_1,31,top,3761,sprint,6.98,7.32,228.2464,31.181202185792348,False,True,True,implied_duration_gt_30s; known_bad_fixture
1201.0,2025-06-17,1326996,65787,half_1,31,middle,3761,hsr,5.38,6.94,213.8836,30.818962536023054,False,True,True,implied_duration_gt_30s; known_bad_fixture
1201.0,2025-06-17,1326995,65787,half_1,32,middle,3761,sprint,6.95,8.43,493.5728,58.54956109134045,False,True,True,implied_duration_gt_30s; known_bad_fixture
1201.0,2025-06-17,1326998,65787,half_1,32,middle,3760,hsr,5.42,5.94,256.4352,43.17090909090909,False,True,True,implied_duration_gt_30s; known_bad_fixture
1201.0,2025-06-17,1327001,65787,half_1,39,bottom,3760,hsr,5.41,5.82,293.966,50.50962199312715,False,True,True,implied_duration_gt_30s; known_bad_fixture
1201.0,2025-06-17,1327000,65787,half_1,40,middle,3761,sprint,7.0,8.87,486.4736,54.84482525366404,False,True,True,implied_duration_gt_30s; known_bad_fixture
1201.0,2025-06-17,1327002,65787,half_1,43,middle,3761,hsr,5.43,6.72,365.6392,54.41059523809524,False,True,True,implied_duration_gt_30s; known_bad_fixture
1201.0,2025-06-17,1327003,65787,half_2,1,top,3761,sprint,6.97,7.68,323.91880000000003,42.17692708333334,False,True,True,implied_duration_gt_30s; known_bad_fixture
1201.0,2025-06-17,1327004,65787,half_2,4,middle,3761,sprint,6.93,7.3,249.2364,34.14197260273973,False,True,True,implied_duration_gt_30s; known_bad_fixture
1201.0,2025-06-17,1327005,65787,half_2,4,top,3760,sprint,6.94,7.7,383.7096,49.832415584415585,False,True,True,implied_duration_gt_30s; known_bad_fixture
1201.0,2025-06-17,1327006,65787,half_2,4,middle,3761,hsr,5.37,6.9,216.1644,31.328173913043475,False,True,True,implied_duration_gt_30s; known_bad_fixture
1201.0,2025-06-17,1327007,65787,half_2,4,middle,3760,hsr,5.39,6.89,494.4936,71.76975326560233,False,True,True,implied_duration_gt_30s; known_bad_fixture
1201.0,2025-06-17,1327008,65787,half_2,7,top,3760,sprint,6.93,7.56,253.6768,33.55513227513227,False,True,True,implied_duration_gt_30s; known_bad_fixture
1201.0,2025-06-17,1327009,65787,half_2,10,top,3761,sprint,6.92,9.07,881.2564000000001,97.16167585446527,False,True,True,implied_duration_gt_30s; known_bad_fixture
1201.0,2025-06-17,1327013,65787,half_2,15,top,3760,hsr,5.43,6.74,412.2364,61.1626706231454,False,True,True,implied_duration_gt_30s; known_bad_fixture
1201.0,2025-06-17,1327014,65787,half_2,18,middle,3760,hsr,5.42,6.63,343.3968,51.79438914027149,False,True,True,implied_duration_gt_30s; known_bad_fixture
1201.0,2025-06-17,1327015,65787,half_2,18,middle,3761,hsr,5.46,6.41,330.98,51.63494539781591,False,True,True,implied_duration_gt_30s; known_bad_fixture
1201.0,2025-06-17,1327016,65787,half_2,19,top,3761,hsr,5.47,6.43,725.3960000000001,112.81430793157078,False,True,True,implied_duration_gt_30s; known_bad_fixture
1201.0,2025-06-17,1327018,65787,half_2,19,top,3761,hsr,5.44,6.19,246.0448,39.74875605815832,False,True,True,implied_duration_gt_30s; known_bad_fixture
1201.0,2025-06-17,1327019,65787,half_2,22,top,3761,hsr,5.42,6.22,756.716,121.65852090032155,False,True,True,implied_duration_gt_30s; known_bad_fixture
1201.0,2025-06-17,1327020,65787,half_2,25,middle,3761,hsr,5.44,5.59,231.882,41.48157423971378,False,True,True,implied_duration_gt_30s; known_bad_fixture
1201.0,2025-06-17,1327022,65787,half_2,28,bottom,3761,hsr,5.45,6.9,306.1188,44.36504347826087,False,True,True,implied_duration_gt_30s; known_bad_fixture
1201.0,2025-06-17,1327024,65787,half_2,28,top,3761,hsr,5.46,6.78,514.668,75.90973451327433,False,True,True,implied_duration_gt_30s; known_bad_fixture
1201.0,2025-06-17,1327025,65787,half_2,28,middle,3760,hsr,5.43,5.71,189.312,33.154465849387044,False,True,True,implied_duration_gt_30s; known_bad_fixture
1201.0,2025-06-17,1327027,65788,half_1,1,middle,3760,hsr,5.44,5.93,205.0652,34.58097807757167,False,True,True,implied_duration_gt_30s; known_bad_fixture
1201.0,2025-06-17,1327026,65788,half_1,3,bottom,3760,sprint,6.95,7.38,301.686,40.87886178861788,False,True,True,implied_duration_gt_30s; known_bad_fixture
1201.0,2025-06-17,1327030,65788,half_1,4,bottom,3760,hsr,5.43,6.86,283.8852,41.382682215743436,False,True,True,implied_duration_gt_30s; known_bad_fixture
1201.0,2025-06-17,1327031,65788,half_1,4,middle,3761,hsr,5.41,6.75,353.9384,52.43531851851852,False,True,True,implied_duration_gt_30s; known_bad_fixture
1201.0,2025-06-17,1327032,65788,half_1,13,bottom,3761,hsr,5.48,6.62,325.13439999999997,49.11395770392749,False,True,True,implied_duration_gt_30s; known_bad_fixture
1201.0,2025-06-17,1327033,65788,half_1,14,bottom,3761,hsr,5.64,7.78,259.0744,33.300051413881754,False,True,True,implied_duration_gt_30s; known_bad_fixture
1201.0,2025-06-17,1327034,65788,half_1,16,middle,3761,sprint,6.97,7.33,228.3388,31.1512687585266,False,True,True,implied_duration_gt_30s; known_bad_fixture
1201.0,2025-06-17,1327035,65788,half_1,16,bottom,3761,hsr,5.55,6.41,239.894,37.424960998439936,False,True,True,implied_duration_gt_30s; known_bad_fixture
1201.0,2025-06-17,1327037,65788,half_1,21,top,3761,sprint,6.89,8.49,730.6176,86.05625441696114,False,True,True,implied_duration_gt_30s; known_bad_fixture
1201.0,2025-06-17,1327038,65788,half_1,21,middle,3761,hsr,5.48,6.85,663.7468,96.89734306569343,False,True,True,implied_duration_gt_30s; known_bad_fixture
1201.0,2025-06-17,1327040,65788,half_1,23,bottom,3760,hsr,5.5,6.75,323.06800000000004,47.86192592592593,False,True,True,implied_duration_gt_30s; known_bad_fixture
1201.0,2025-06-17,1327041,65788,half_1,23,middle,3761,hsr,5.46,6.19,239.8164,38.74255250403877,False,True,True,implied_duration_gt_30s; known_bad_fixture
1201.0,2025-06-17,1327042,65788,half_1,24,bottom,3761,hsr,5.4,6.75,489.684,72.54577777777779,False,True,True,implied_duration_gt_30s; known_bad_fixture
1201.0,2025-06-17,1327043,65788,half_1,29,bottom,3760,hsr,5.51,6.47,252.7592,39.06633693972179,False,True,True,implied_duration_gt_30s; known_bad_fixture
1201.0,2025-06-17,1327044,65788,half_1,31,middle,3761,hsr,5.49,6.64,1085.272,163.444578313253,False,True,True,implied_duration_gt_30s; known_bad_fixture
1201.0,2025-06-17,1327046,65788,half_1,31,middle,3760,hsr,5.41,6.04,690.8888000000001,114.3855629139073,False,True,True,implied_duration_gt_30s; known_bad_fixture
1201.0,2025-06-17,1327049,65788,half_1,33,middle,3761,hsr,5.5,7.12,434.3504,61.004269662921345,False,True,True,implied_duration_gt_30s; known_bad_fixture
1201.0,2025-06-17,1327050,65788,half_1,35,bottom,3760,hsr,5.39,6.45,385.11,59.70697674418604,False,True,True,implied_duration_gt_30s; known_bad_fixture
1201.0,2025-06-17,1327051,65788,half_1,36,top,3760,hsr,5.55,6.22,217.7152,35.00244372990354,False,True,True,implied_duration_gt_30s; known_bad_fixture
1201.0,2025-06-17,1327052,65788,half_1,44,middle,3760,hsr,5.42,6.04,574.3496,95.09099337748344,False,True,True,implied_duration_gt_30s; known_bad_fixture
1201.0,2025-06-17,1327054,65788,half_1,46,bottom,3760,hsr,5.42,5.65,243.9112,43.17012389380531,False,True,True,implied_duration_gt_30s; known_bad_fixture
1201.0,2025-06-17,1327055,65788,half_2,1,top,3761,sprint,6.91,7.73,481.5816,62.3003363518758,False,True,True,implied_duration_gt_30s; known_bad_fixture
1201.0,2025-06-17,1327057,65788,half_2,1,middle,3760,hsr,5.56,6.91,309.8804,44.84520984081042,False,True,True,implied_duration_gt_30s; known_bad_fixture
1201.0,2025-06-17,1327058,65788,half_2,1,middle,3761,hsr,5.43,6.88,258.2332,37.53389534883721,False,True,True,implied_duration_gt_30s; known_bad_fixture
1201.0,2025-06-17,1327059,65788,half_2,2,top,3761,hsr,5.46,6.48,302.5192,46.68506172839506,False,True,True,implied_duration_gt_30s; known_bad_fixture
1201.0,2025-06-17,1327056,65788,half_2,4,middle,3761,sprint,6.98,8.04,597.2748,74.2879104477612,False,True,True,implied_duration_gt_30s; known_bad_fixture
1201.0,2025-06-17,1327060,65788,half_2,5,top,3761,hsr,5.52,6.83,281.1956,41.170658857979504,False,True,True,implied_duration_gt_30s; known_bad_fixture
1201.0,2025-06-17,1327061,65788,half_2,7,middle,3760,sprint,7.01,7.61,270.4696,35.54134034165572,False,True,True,implied_duration_gt_30s; known_bad_fixture
1201.0,2025-06-17,1327063,65788,half_2,10,middle,3761,hsr,5.45,6.62,458.624,69.2785498489426,False,True,True,implied_duration_gt_30s; known_bad_fixture
1201.0,2025-06-17,1327064,65788,half_2,11,top,3761,sprint,6.96,7.6,269.6796,35.484157894736846,False,True,True,implied_duration_gt_30s; known_bad_fixture
1201.0,2025-06-17,1327066,65788,half_2,11,top,3761,hsr,5.47,6.61,368.9264,55.813373676248105,False,True,True,implied_duration_gt_30s; known_bad_fixture
1201.0,2025-06-17,1327065,65788,half_2,12,top,3760,sprint,7.0,9.1,596.206,65.51714285714286,False,True,True,implied_duration_gt_30s; known_bad_fixture
1201.0,2025-06-17,1327068,65788,half_2,12,top,3761,hsr,5.51,6.9,496.048,71.89101449275363,False,True,True,implied_duration_gt_30s; known_bad_fixture
1201.0,2025-06-17,1327069,65788,half_2,13,bottom,3760,hsr,5.43,6.56,346.49440000000004,52.819268292682935,False,True,True,implied_duration_gt_30s; known_bad_fixture
1201.0,2025-06-17,1327070,65788,half_2,14,middle,3760,hsr,5.47,6.02,224.3824,37.27282392026578,False,True,True,implied_duration_gt_30s; known_bad_fixture
1201.0,2025-06-17,1327074,65788,half_2,17,top,3760,hsr,5.43,7.28,358.8704,49.29538461538461,False,True,True,implied_duration_gt_30s; known_bad_fixture
1201.0,2025-06-17,1327075,65788,half_2,17,middle,3761,hsr,5.46,5.95,263.7616,44.32968067226891,False,True,True,implied_duration_gt_30s; known_bad_fixture
1201.0,2025-06-17,1327076,65788,half_2,18,top,3760,hsr,5.45,6.28,308.1588,49.069872611464966,False,True,True,implied_duration_gt_30s; known_bad_fixture
1201.0,2025-06-17,1327072,65788,half_2,19,bottom,3761,sprint,6.93,7.13,217.7912,30.54575035063114,False,True,True,implied_duration_gt_30s; known_bad_fixture
1201.0,2025-06-17,1327078,65788,half_2,19,middle,3761,hsr,5.44,6.91,268.332,38.83241678726483,False,True,True,implied_duration_gt_30s; known_bad_fixture
1201.0,2025-06-17,1327079,65788,half_2,19,middle,3761,hsr,5.47,6.91,313.36,45.34876989869754,False,True,True,implied_duration_gt_30s; known_bad_fixture
1201.0,2025-06-17,1327081,65788,half_2,22,top,3761,hsr,5.44,6.05,236.7696,39.13547107438016,False,True,True,implied_duration_gt_30s; known_bad_fixture
1201.0,2025-06-17,1327082,65788,half_2,22,top,3761,hsr,5.5,6.63,300.93,45.38914027149321,False,True,True,implied_duration_gt_30s; known_bad_fixture
1201.0,2025-06-17,1327083,65788,half_2,28,middle,3761,sprint,6.91,7.37,380.7044,51.6559565807327,False,True,True,implied_duration_gt_30s; known_bad_fixture
1201.0,2025-06-17,1327087,65788,half_2,28,top,3761,hsr,5.43,6.89,341.046,49.49869375907112,False,True,True,implied_duration_gt_30s; known_bad_fixture
1201.0,2025-06-17,1327084,65788,half_2,29,middle,3761,sprint,6.95,7.56,469.3596,62.08460317460318,False,True,True,implied_duration_gt_30s; known_bad_fixture
1201.0,2025-06-17,1327088,65788,half_2,29,middle,3760,hsr,5.35,6.92,222.0648,32.09028901734104,False,True,True,implied_duration_gt_30s; known_bad_fixture
1201.0,2025-06-17,1327089,65788,half_2,34,top,3761,sprint,6.95,7.31,350.4728,47.94429548563612,False,True,True,implied_duration_gt_30s; known_bad_fixture
1201.0,2025-06-17,1327092,65788,half_2,34,middle,3761,hsr,5.4,6.92,210.7376,30.453410404624275,False,True,True,implied_duration_gt_30s; known_bad_fixture
1201.0,2025-06-17,1327090,65788,half_2,35,top,3761,sprint,7.06,8.43,399.9412,47.442609727164886,False,True,True,implied_duration_gt_30s; known_bad_fixture
1201.0,2025-06-17,1327097,65788,half_2,36,middle,3760,hsr,5.49,6.06,231.4552,38.193927392739276,False,True,True,implied_duration_gt_30s; known_bad_fixture
1201.0,2025-06-17,1327096,65788,half_2,40,middle,3761,sprint,6.96,8.02,556.0072,69.32758104738156,False,True,True,implied_duration_gt_30s; known_bad_fixture
1201.0,2025-06-17,1327099,65788,half_2,40,middle,3761,hsr,5.38,6.22,287.0944,46.15665594855306,False,True,True,implied_duration_gt_30s; known_bad_fixture
1201.0,2025-06-17,1327232,65789,half_2,1,middle,3760,hsr,5.45,5.95,240.2596,40.37976470588235,False,True,True,implied_duration_gt_30s; known_bad_fixture
1201.0,2025-06-17,1327233,65789,half_2,1,top,3761,hsr,5.43,6.51,476.3336,73.16952380952381,False,True,True,implied_duration_gt_30s; known_bad_fixture
1201.0,2025-06-17,1327234,65789,half_2,5,middle,3760,hsr,5.42,7.0,408.1084,58.3012,False,True,True,implied_duration_gt_30s; known_bad_fixture
1201.0,2025-06-17,1327235,65789,half_2,10,top,3761,hsr,5.42,6.34,446.8744,70.48492113564669,False,True,True,implied_duration_gt_30s; known_bad_fixture
1201.0,2025-06-17,1327236,65789,half_2,13,top,3760,hsr,5.45,5.87,359.7688,61.28940374787053,False,True,True,implied_duration_gt_30s; known_bad_fixture
1201.0,2025-06-17,1327237,65789,half_2,13,bottom,3760,hsr,5.4,6.24,805.7408,129.12512820512822,False,True,True,implied_duration_gt_30s; known_bad_fixture
1201.0,2025-06-17,1327238,65789,half_2,15,top,3760,hsr,5.4,6.81,488.45,71.72540381791484,False,True,True,implied_duration_gt_30s; known_bad_fixture
1201.0,2025-06-17,1327239,65789,half_2,17,middle,3760,sprint,6.93,7.92,840.4499999999999,106.11742424242424,False,True,True,implied_duration_gt_30s; known_bad_fixture
1201.0,2025-06-17,1327241,65789,half_2,17,middle,3761,hsr,5.42,7.03,476.0312,67.71425320056899,False,True,True,implied_duration_gt_30s; known_bad_fixture
1201.0,2025-06-17,1327242,65789,half_2,18,middle,3761,hsr,5.41,5.81,591.1596,101.74864027538726,False,True,True,implied_duration_gt_30s; known_bad_fixture
1201.0,2025-06-17,1327244,65789,half_2,21,middle,3760,hsr,5.45,6.77,393.8664,58.17819793205318,False,True,True,implied_duration_gt_30s; known_bad_fixture
1201.0,2025-06-17,1327245,65789,half_2,23,middle,3760,hsr,5.51,7.13,361.9276,50.761234221598876,False,True,True,implied_duration_gt_30s; known_bad_fixture
1201.0,2025-06-17,1327246,65789,half_2,23,middle,3760,hsr,5.42,6.41,378.966,59.1210608424337,False,True,True,implied_duration_gt_30s; known_bad_fixture
1201.0,2025-06-17,1327243,65789,half_2,24,bottom,3760,sprint,6.98,7.53,320.4768,42.56,False,True,True,implied_duration_gt_30s; known_bad_fixture
1201.0,2025-06-17,1327247,65789,half_2,28,top,3761,hsr,5.4,6.44,1023.072,158.86211180124224,False,True,True,implied_duration_gt_30s; known_bad_fixture
1201.0,2025-06-17,1327248,65789,half_2,28,bottom,3760,hsr,5.43,6.77,1070.1368,158.0704283604136,False,True,True,implied_duration_gt_30s; known_bad_fixture
1201.0,2025-06-17,1327249,65789,half_2,35,middle,3760,sprint,6.97,7.46,289.016,38.742091152815014,False,True,True,implied_duration_gt_30s; known_bad_fixture
1201.0,2025-06-17,1327252,65789,half_2,40,middle,3761,hsr,5.42,6.17,595.5984,96.53134521880064,False,True,True,implied_duration_gt_30s; known_bad_fixture
1201.0,2025-06-17,1327253,65789,half_2,45,middle,3760,hsr,5.42,5.92,348.7576,58.91175675675676,False,True,True,implied_duration_gt_30s; known_bad_fixture
1201.0,2025-06-17,1327254,65789,half_2,50,top,3761,hsr,5.45,6.63,521.084,78.59487179487179,False,True,True,implied_duration_gt_30s; known_bad_fixture
,,1323702,65559,half_2,39,bottom,3750,hsr,5.42,5.74,325.1184,56.6408362369338,False,True,False,implied_duration_gt_30s
,,1323703,65559,half_2,41,middle,3750,hsr,5.44,6.14,238.4804,38.84045602605863,False,True,False,implied_duration_gt_30s
,,1323704,65559,half_2,42,bottom,3750,hsr,5.42,6.68,345.7084,51.75275449101797,False,True,False,implied_duration_gt_30s
,,1323705,65559,half_2,43,middle,3751,hsr,5.42,5.98,380.4740000000001,63.62441471571908,False,True,False,implied_duration_gt_30s
,,1323707,65559,half_2,45,middle,3750,hsr,5.39,5.9,444.0064,75.2553220338983,False,True,False,implied_duration_gt_30s
,,1323708,65559,half_2,46,middle,3750,hsr,5.49,6.42,257.8816,40.16847352024922,False,True,False,implied_duration_gt_30s
,,1323709,65559,half_2,47,middle,3751,hsr,5.41,5.88,576.6696,98.07306122448979,False,True,False,implied_duration_gt_30s
,,1324975,65578,half_2,52,middle,3753,hsr,5.42,6.86,968.6692,141.2054227405248,False,True,False,implied_duration_gt_30s
,,1324961,65583,half_2,39,middle,3753,hsr,5.39,6.77,967.2212,142.86871491875922,False,True,False,implied_duration_gt_30s
,,1324962,65583,half_2,42,top,3753,sprint,7.01,9.4,653.7932000000001,69.55246808510638,False,True,False,implied_duration_gt_30s
,,1324964,65583,half_2,43,top,3753,hsr,5.45,7.11,483.2764,67.97136427566808,False,True,False,implied_duration_gt_30s
,,1324963,65583,half_2,44,middle,3753,sprint,6.94,9.01,835.7096,92.75356270810211,False,True,False,implied_duration_gt_30s
,,1324965,65583,half_2,44,middle,3753,hsr,5.4,6.9,299.75440000000003,43.44266666666667,False,True,False,implied_duration_gt_30s
,,1324966,65583,half_2,45,middle,3752,hsr,5.42,6.52,548.9384,84.19300613496934,False,True,False,implied_duration_gt_30s
,,1324968,65583,half_2,47,middle,3752,hsr,5.41,5.71,278.8272,48.83138353765324,False,True,False,implied_duration_gt_30s
,,1324967,65583,half_2,48,bottom,3753,sprint,6.91,7.59,497.6628,65.56822134387352,False,True,False,implied_duration_gt_30s
,,1324969,65583,half_2,48,bottom,3753,hsr,5.41,6.87,516.4979999999999,75.18165938864628,False,True,False,implied_duration_gt_30s
,,1324972,65583,half_2,51,bottom,3752,hsr,5.48,6.37,636.2900000000001,99.88854003139718,False,True,False,implied_duration_gt_30s
,,1324976,65591,half_2,52,middle,3753,hsr,5.44,6.62,529.2364,79.94507552870091,False,True,False,implied_duration_gt_30s
,,1324924,65604,half_2,39,top,3753,hsr,5.47,5.85,180.5284,30.85955555555556,False,True,False,implied_duration_gt_30s
,,1324925,65604,half_2,39,middle,3753,hsr,5.42,7.05,369.7072,52.44073758865248,False,True,False,implied_duration_gt_30s
,,1324920,65604,half_2,40,top,3753,sprint,7.0,7.88,321.2744,40.77086294416244,False,True,False,implied_duration_gt_30s
,,1324927,65604,half_2,42,middle,3753,sprint,6.93,8.93,627.9404,70.31807390817468,False,True,False,implied_duration_gt_30s
,,1324929,65604,half_2,42,bottom,3753,hsr,5.43,5.65,216.372,38.29592920353982,False,True,False,implied_duration_gt_30s
,,1324931,65604,half_2,44,middle,3753,hsr,5.43,6.03,236.332,39.1927031509121,False,True,False,implied_duration_gt_30s
,,1324932,65604,half_2,44,middle,3753,hsr,5.39,6.23,459.9976,73.83589085072231,False,True,False,implied_duration_gt_30s
,,1324928,65604,half_2,45,middle,3752,sprint,6.91,7.61,425.0528,55.854507227332455,False,True,False,implied_duration_gt_30s
,,1324933,65604,half_2,45,middle,3752,hsr,5.46,6.88,441.0484,64.10587209302327,False,True,False,implied_duration_gt_30s
,,1324935,65604,half_2,46,bottom,3753,sprint,6.99,7.67,361.1728,47.0890221642764,False,True,False,implied_duration_gt_30s
,,1324939,65604,half_2,48,top,3753,hsr,5.44,6.18,792.2604,128.19747572815535,False,True,False,implied_duration_gt_30s
,,1324940,65604,half_2,51,middle,3753,sprint,6.93,8.29,486.8187999999999,58.72361881785283,False,True,False,implied_duration_gt_30s
,,1324942,65604,half_2,51,top,3752,hsr,5.53,7.0,285.0076,40.71537142857143,False,True,False,implied_duration_gt_30s
,,1324941,65604,half_2,52,middle,3753,sprint,6.98,8.12,619.3076,76.26940886699508,False,True,False,implied_duration_gt_30s
,,1324945,65605,half_2,36,middle,3752,sprint,6.98,8.4,508.7836,60.56947619047619,False,True,False,implied_duration_gt_30s
,,1324946,65605,half_2,36,top,3753,hsr,5.41,6.26,348.9016,55.73507987220447,False,True,False,implied_duration_gt_30s
,,1324950,65605,half_2,38,middle,3753,hsr,5.42,5.67,261.246,46.07513227513227,False,True,False,implied_duration_gt_30s
,,1324951,65605,half_2,38,top,3753,hsr,5.45,5.78,185.0104,32.00871972318339,False,True,False,implied_duration_gt_30s
,,1324953,65605,half_2,40,middle,3752,hsr,5.45,6.4,268.8256,42.004,False,True,False,implied_duration_gt_30s
,,1324955,65605,half_2,42,top,3752,hsr,5.43,5.93,342.79,57.80607082630692,False,True,False,implied_duration_gt_30s
,,1324956,65605,half_2,46,bottom,3753,sprint,6.98,8.35,476.326,57.04502994011977,False,True,False,implied_duration_gt_30s
,,1324957,65605,half_2,48,top,3753,hsr,5.44,6.66,495.9424,74.46582582582583,False,True,False,implied_duration_gt_30s
,,1324958,65605,half_2,52,middle,3753,sprint,6.93,7.71,503.6792,65.32804150453956,False,True,False,implied_duration_gt_30s
,,1324959,65605,half_2,52,top,3753,hsr,5.42,6.9,223.3832,32.374376811594196,False,True,False,implied_duration_gt_30s
,,1324960,65605,half_2,52,top,3752,hsr,5.42,6.5,400.67800000000005,61.64276923076924,False,True,False,implied_duration_gt_30s
,,1327398,65760,half_2,42,middle,3761,hsr,5.48,6.32,365.5272000000001,57.836582278481025,False,True,False,implied_duration_gt_30s
,,1327399,65760,half_2,42,middle,3761,hsr,5.48,6.21,204.6156,32.94937198067633,False,True,False,implied_duration_gt_30s
,,1327400,65760,half_2,42,top,3760,hsr,5.41,6.33,381.1048,60.206129541864144,False,True,False,implied_duration_gt_30s
,,1327396,65760,half_2,43,middle,3760,sprint,6.94,7.71,584.9028000000001,75.86287937743191,False,True,False,implied_duration_gt_30s
,,1327403,65760,half_2,44,top,3761,hsr,5.42,6.37,383.95,60.27472527472527,False,True,False,implied_duration_gt_30s
,,1327397,65760,half_2,45,middle,3761,sprint,6.97,8.92,991.2184,111.12313901345291,False,True,False,implied_duration_gt_30s
,,1327404,65760,half_2,45,middle,3760,hsr,5.46,6.16,227.4908,36.93032467532468,False,True,False,implied_duration_gt_30s
,,1327405,65760,half_2,47,bottom,3760,hsr,5.41,6.12,402.6336,65.78980392156862,False,True,False,implied_duration_gt_30s
,,1327406,65760,half_2,49,top,3760,hsr,5.48,6.77,336.5904,49.71793205317578,False,True,False,implied_duration_gt_30s
,,1327407,65760,half_2,49,middle,3761,hsr,5.44,6.36,528.1508,83.0425786163522,False,True,False,implied_duration_gt_30s
,,1327408,65760,half_2,50,bottom,3761,hsr,5.43,7.03,622.3752000000001,88.53132290184922,False,True,False,implied_duration_gt_30s
,,1327373,65764,half_2,34,bottom,3761,hsr,5.46,7.0,559.1676,79.88108571428572,False,True,False,implied_duration_gt_30s
,,1327376,65764,half_2,35,bottom,3760,hsr,5.45,5.79,196.778,33.98583765112262,False,True,False,implied_duration_gt_30s
,,1327377,65764,half_2,35,middle,3761,hsr,5.46,5.99,258.8144,43.207746243739564,False,True,False,implied_duration_gt_30s
,,1327378,65764,half_2,35,middle,3761,hsr,5.51,6.29,248.954,39.57933227344992,False,True,False,implied_duration_gt_30s
,,1327379,65764,half_2,40,top,3760,sprint,6.93,9.08,724.6048000000001,79.80229074889868,False,True,False,implied_duration_gt_30s
,,1327380,65764,half_2,40,middle,3761,sprint,6.93,7.26,370.2844,51.003360881542704,False,True,False,implied_duration_gt_30s
,,1327382,65764,half_2,40,middle,3761,hsr,5.43,6.92,211.4732,30.55971098265896,False,True,False,implied_duration_gt_30s
,,1327383,65764,half_2,40,middle,3761,hsr,5.44,6.9,305.4892,44.27379710144927,False,True,False,implied_duration_gt_30s
,,1327384,65764,half_2,40,middle,3760,hsr,5.4,5.77,280.4692,48.60818024263432,False,True,False,implied_duration_gt_30s
,,1327385,65764,half_2,42,middle,3760,sprint,7.0,9.97,935.8052,93.86210631895686,False,True,False,implied_duration_gt_30s
,,1327386,65764,half_2,43,middle,3760,hsr,5.35,6.78,351.6536,51.86631268436578,False,True,False,implied_duration_gt_30s
,,1327387,65764,half_2,43,top,3760,hsr,5.41,5.79,219.1164,37.843937823834196,False,True,False,implied_duration_gt_30s
,,1327388,65764,half_2,45,middle,3760,hsr,5.46,6.66,370.1632,55.58006006006006,False,True,False,implied_duration_gt_30s
,,1327390,65764,half_2,47,middle,3760,hsr,5.47,6.0,282.7968,47.1328,False,True,False,implied_duration_gt_30s
,,1327391,65764,half_2,47,middle,3761,hsr,5.41,6.31,338.88800000000003,53.706497622820926,False,True,False,implied_duration_gt_30s
,,1327392,65764,half_2,47,middle,3761,hsr,5.42,5.9,198.474,33.63966101694915,False,True,False,implied_duration_gt_30s
,,1327389,65764,half_2,49,middle,3760,sprint,6.94,7.77,416.0968,53.55171171171171,False,True,False,implied_duration_gt_30s
,,1327393,65764,half_2,49,top,3760,hsr,5.44,6.58,342.5968,52.0663829787234,False,True,False,implied_duration_gt_30s
,,1327395,65764,half_2,50,middle,3761,hsr,5.38,7.0,657.1204,93.87434285714286,False,True,False,implied_duration_gt_30s
,,1327409,65782,half_2,42,bottom,3760,sprint,6.93,7.26,320.0176,44.07955922865014,False,True,False,implied_duration_gt_30s
,,1327410,65782,half_2,42,middle,3761,hsr,5.48,5.91,222.3184,37.61732656514382,False,True,False,implied_duration_gt_30s
,,1327411,65782,half_2,42,bottom,3760,hsr,5.39,6.91,269.958,39.06772793053546,False,True,False,implied_duration_gt_30s
,,1327412,65782,half_2,42,bottom,3760,hsr,5.43,6.91,266.828,38.61476121562952,False,True,False,implied_duration_gt_30s
,,1327413,65782,half_2,43,middle,3760,hsr,5.46,6.64,432.1324,65.08018072289157,False,True,False,implied_duration_gt_30s
,,1327414,65782,half_2,43,middle,3760,hsr,5.41,6.2,299.272,48.269677419354835,False,True,False,implied_duration_gt_30s
,,1327415,65782,half_2,45,middle,3761,hsr,5.43,7.0,349.05039999999997,49.86434285714285,False,True,False,implied_duration_gt_30s
,,1327416,65782,half_2,45,middle,3761,hsr,5.45,6.95,562.8052,80.9791654676259,False,True,False,implied_duration_gt_30s
,,1327418,65782,half_2,47,top,3760,hsr,5.47,5.9,210.5252,35.682237288135596,False,True,False,implied_duration_gt_30s
,,1327419,65782,half_2,47,top,3760,hsr,5.43,6.96,850.8368,122.24666666666667,False,True,False,implied_duration_gt_30s
,,1327420,65782,half_2,48,middle,3760,hsr,5.41,6.07,342.15479999999997,56.36817133443162,False,True,False,implied_duration_gt_30s
,,1327417,65782,half_2,50,top,3761,sprint,7.02,8.33,508.4016,61.032605042016804,False,True,False,implied_duration_gt_30s
,,1327357,65790,half_2,34,top,3761,hsr,5.44,5.96,251.9828,42.278993288590605,False,True,False,implied_duration_gt_30s
,,1327358,65790,half_2,36,middle,3760,sprint,6.94,7.74,460.3508,59.476847545219634,False,True,False,implied_duration_gt_30s
,,1327362,65790,half_2,38,bottom,3760,hsr,5.47,5.83,197.5932,33.892487135506,False,True,False,implied_duration_gt_30s
,,1327359,65790,half_2,40,middle,3761,sprint,6.91,8.69,887.6444000000001,102.14550057537402,False,True,False,implied_duration_gt_30s
,,1327363,65790,half_2,40,middle,3761,hsr,5.49,6.86,362.2528,52.80653061224489,False,True,False,implied_duration_gt_30s
,,1327364,65790,half_2,40,top,3760,hsr,5.41,6.4,419.898,65.6090625,False,True,False,implied_duration_gt_30s
,,1327365,65790,half_2,42,top,3760,hsr,5.49,6.4,220.45040000000003,34.445375000000006,False,True,False,implied_duration_gt_30s
,,1327366,65790,half_2,42,bottom,3760,hsr,5.43,6.25,766.5268,122.644288,False,True,False,implied_duration_gt_30s
,,1327367,65790,half_2,44,middle,3761,hsr,5.52,6.89,334.23359999999997,48.5099564586357,False,True,False,implied_duration_gt_30s
,,1327369,65790,half_2,48,middle,3761,hsr,5.46,6.84,357.0668,52.2027485380117,False,True,False,implied_duration_gt_30s
,,1327370,65790,half_2,49,bottom,3760,hsr,5.43,6.73,485.1236,72.08374442793462,False,True,False,implied_duration_gt_30s
,,1327371,65790,half_2,50,middle,3761,hsr,5.43,6.4,408.246,63.78843749999999,False,True,False,implied_duration_gt_30s
,,1327372,65790,half_2,50,top,3761,hsr,5.44,6.15,467.0572,75.94426016260162,False,True,False,implied_duration_gt_30s
