fixture_id,date,id,player_appearance_id,period,minute,stage,possession,run_type,min_speed,max_speed,distance,distance_scaled_div25,distance_scaled_div25_4,distance_scaled_div25_5,dist_over_max,dist_over_max_div25,suspicion_reason
1161.0,2025-06-11,1324800,65575,half_1,28,bottom,3752,sprint,6.95,7.68,323.554,12.94216,12.738346456692913,12.688392156862744,42.12942708333333,1.6851770833333333,fixture-level distance scale anomaly (~25x)
1161.0,2025-06-11,1324801,65575,half_1,28,bottom,3752,hsr,5.38,6.89,147.2188,5.888751999999999,5.796015748031496,5.773286274509803,21.36702467343977,0.8546809869375906,fixture-level distance scale anomaly (~25x)
1161.0,2025-06-11,1324802,65575,half_2,11,middle,3752,hsr,5.44,6.94,160.8532,6.434127999999999,6.332803149606299,6.30796862745098,23.177694524495674,0.9271077809798269,fixture-level distance scale anomaly (~25x)
1161.0,2025-06-11,1324803,65575,half_2,51,middle,3753,sprint,6.89,9.62,218.888,8.75552,8.617637795275591,8.583843137254902,22.753430353430357,0.9101372141372143,fixture-level distance scale anomaly (~25x)
1161.0,2025-06-11,1324804,65575,half_2,51,top,3753,hsr,5.35,6.62,536.5672000000001,21.462688000000004,21.124692913385832,21.04185098039216,81.05244712990938,3.242097885196375,fixture-level distance scale anomaly (~25x)
1161.0,2025-06-11,1323711,65576,half_1,1,middle,3753,hsr,5.45,6.37,532.8384,21.313536,20.97788976377953,20.895623529411765,83.64810047095762,3.3459240188383044,fixture-level distance scale anomaly (~25x)
1161.0,2025-06-11,1323712,65576,half_1,4,top,3753,hsr,5.53,6.31,231.3572,9.254288,9.108551181102364,9.07283137254902,36.66516640253566,1.4666066561014266,fixture-level distance scale anomaly (~25x)
1161.0,2025-06-11,1323710,65576,half_1,5,bottom,3753,sprint,7.01,7.83,328.0112,13.120448,12.913826771653543,12.863184313725489,41.89159642401021,1.6756638569604085,fixture-level distance scale anomaly (~25x)
1161.0,2025-06-11,1323713,65576,half_1,9,top,3753,sprint,6.93,8.12,550.896,22.035839999999997,21.688818897637795,21.60376470588235,67.84433497536946,2.7137733990147783,fixture-level distance scale anomaly (~25x)
1161.0,2025-06-11,1323714,65576,half_1,10,middle,3753,hsr,5.52,5.81,140.06320000000002,5.602528000000001,5.514299212598426,5.492674509803923,24.107263339070574,0.964290533562823,fixture-level distance scale anomaly (~25x)
1161.0,2025-06-11,1323715,65576,half_1,10,bottom,3753,hsr,5.5,5.91,146.7756,5.871024,5.778566929133858,5.755905882352941,24.8351269035533,0.993405076142132,fixture-level distance scale anomaly (~25x)
1161.0,2025-06-11,1323716,65576,half_1,12,middle,3753,sprint,7.01,7.77,296.3076,11.852303999999998,11.665653543307087,11.61990588235294,38.13482625482625,1.5253930501930502,fixture-level distance scale anomaly (~25x)
1161.0,2025-06-11,1323717,65576,half_1,17,bottom,3753,sprint,6.93,9.1,652.078,26.083119999999997,25.67236220472441,25.5716862745098,71.65692307692308,2.866276923076923,fixture-level distance scale anomaly (~25x)
1161.0,2025-06-11,1323718,65576,half_1,17,top,3753,hsr,5.43,6.19,358.4556,14.338224,14.112425196850394,14.057082352941176,57.90882067851373,2.316352827140549,fixture-level distance scale anomaly (~25x)
1161.0,2025-06-11,1323719,65576,half_1,17,middle,3753,hsr,5.42,6.85,152.8256,6.113024,6.016755905511812,5.993160784313726,22.31030656934307,0.8924122627737227,fixture-level distance scale anomaly (~25x)
1161.0,2025-06-11,1323720,65576,half_1,19,middle,3753,hsr,5.51,6.49,222.2348,8.889392,8.74940157480315,8.715090196078432,34.242650231124806,1.3697060092449924,fixture-level distance scale anomaly (~25x)
1161.0,2025-06-11,1323721,65576,half_1,21,middle,3753,hsr,5.53,5.97,148.0252,5.9210080000000005,5.82776377952756,5.804909803921569,24.79484087102178,0.9917936348408711,fixture-level distance scale anomaly (~25x)
1161.0,2025-06-11,1323722,65576,half_1,22,bottom,3753,hsr,5.48,5.91,198.9448,7.9577919999999995,7.832472440944882,7.801756862745098,33.6624027072758,1.346496108291032,fixture-level distance scale anomaly (~25x)
1161.0,2025-06-11,1323724,65576,half_1,32,bottom,3752,hsr,5.43,5.54,147.7504,5.910016000000001,5.816944881889764,5.794133333333334,26.669747292418776,1.066789891696751,fixture-level distance scale anomaly (~25x)
1161.0,2025-06-11,1323725,65576,half_1,34,bottom,3753,hsr,5.42,5.77,167.7416,6.709664,6.604000000000001,6.578101960784314,29.071334488734838,1.1628533795493936,fixture-level distance scale anomaly (~25x)
1161.0,2025-06-11,1323723,65576,half_1,35,middle,3753,sprint,6.95,7.75,407.7572,16.310288,16.05343307086614,15.99047843137255,52.61383225806452,2.1045532903225808,fixture-level distance scale anomaly (~25x)
1161.0,2025-06-11,1323726,65576,half_1,35,top,3753,hsr,5.51,6.91,155.9688,6.238752,6.140503937007874,6.116423529411764,22.571461649782922,0.9028584659913169,fixture-level distance scale anomaly (~25x)
1161.0,2025-06-11,1323727,65576,half_1,40,middle,3753,hsr,5.49,6.46,209.1432,8.365728,8.233984251968504,8.20169411764706,32.37510835913313,1.2950043343653252,fixture-level distance scale anomaly (~25x)
1161.0,2025-06-11,1323728,65576,half_1,40,middle,3753,hsr,5.44,6.2,570.6508,22.826032,22.466566929133858,22.37846274509804,92.04045161290323,3.681618064516129,fixture-level distance scale anomaly (~25x)
1161.0,2025-06-11,1323729,65576,half_2,1,middle,3753,hsr,5.47,5.87,169.3196,6.772784000000001,6.666125984251969,6.63998431372549,28.844906303236797,1.153796252129472,fixture-level distance scale anomaly (~25x)
1161.0,2025-06-11,1323730,65576,half_2,1,bottom,3753,hsr,5.43,5.85,220.62920000000005,8.825168000000001,8.686188976377956,8.652125490196081,37.71439316239317,1.508575726495727,fixture-level distance scale anomaly (~25x)
1161.0,2025-06-11,1323731,65576,half_2,7,middle,3753,hsr,5.4,7.21,426.544,17.06176,16.793070866141733,16.72721568627451,59.16005547850208,2.3664022191400833,fixture-level distance scale anomaly (~25x)
1161.0,2025-06-11,1323732,65576,half_2,22,middle,3753,sprint,6.94,7.32,387.4972,15.499888,15.255795275590552,15.19596862745098,52.93677595628415,2.117471038251366,fixture-level distance scale anomaly (~25x)
1161.0,2025-06-11,1323733,65576,half_2,22,middle,3753,hsr,5.43,6.91,180.1136,7.204543999999999,7.0910866141732285,7.063278431372549,26.065643994211285,1.0426257597684514,fixture-level distance scale anomaly (~25x)
1161.0,2025-06-11,1323734,65576,half_2,22,middle,3752,hsr,5.46,6.95,156.33599999999998,6.253439999999999,6.154960629921259,6.130823529411764,22.49438848920863,0.8997755395683452,fixture-level distance scale anomaly (~25x)
1161.0,2025-06-11,1323735,65576,half_2,29,middle,3753,hsr,5.44,6.5,441.612,17.66448,17.386299212598427,17.318117647058823,67.9403076923077,2.717612307692308,fixture-level distance scale anomaly (~25x)
1161.0,2025-06-11,1323736,65576,half_2,34,middle,3753,hsr,5.4,6.83,951.888,38.075520000000004,37.47590551181103,37.328941176470586,139.36866764275257,5.574746705710103,fixture-level distance scale anomaly (~25x)
1161.0,2025-06-11,1323737,65576,half_2,35,top,3752,hsr,5.43,5.5,119.8,4.792,4.716535433070867,4.698039215686275,21.78181818181818,0.8712727272727272,fixture-level distance scale anomaly (~25x)
1161.0,2025-06-11,1323738,65576,half_2,38,middle,3753,hsr,5.41,6.11,394.9528,15.798112000000001,15.549322834645672,15.488345098039217,64.64039279869067,2.585615711947627,fixture-level distance scale anomaly (~25x)
1161.0,2025-06-11,1323739,65576,half_2,40,middle,3753,hsr,5.51,5.92,170.29399999999998,6.81176,6.704488188976377,6.678196078431372,28.765878378378375,1.1506351351351352,fixture-level distance scale anomaly (~25x)
1161.0,2025-06-11,1323740,65576,half_2,42,middle,3753,hsr,5.45,5.65,160.35519999999997,6.414207999999999,6.3131968503937,6.288439215686274,28.38145132743362,1.1352580530973448,fixture-level distance scale anomaly (~25x)
1161.0,2025-06-11,1323741,65576,half_2,46,top,3753,hsr,5.43,6.86,439.1724,17.566896,17.290251968503938,17.22244705882353,64.01930029154518,2.5607720116618076,fixture-level distance scale anomaly (~25x)
1161.0,2025-06-11,1323742,65576,half_2,48,bottom,3753,hsr,5.45,6.58,520.4775999999999,20.819103999999996,20.491244094488188,20.410886274509803,79.09993920972643,3.163997568389057,fixture-level distance scale anomaly (~25x)
1161.0,2025-06-11,1323743,65576,half_2,51,bottom,3752,hsr,5.44,6.69,397.1112,15.884447999999999,15.634299212598426,15.572988235294117,59.35892376681614,2.3743569506726456,fixture-level distance scale anomaly (~25x)
1161.0,2025-06-11,1323744,65577,half_1,1,middle,3753,sprint,7.01,8.44,732.6716,29.306864,28.84533858267717,28.732219607843138,86.80943127962085,3.4723772511848345,fixture-level distance scale anomaly (~25x)
1161.0,2025-06-11,1323745,65577,half_1,2,middle,3753,hsr,5.46,6.83,286.18320000000006,11.447328000000002,11.267055118110239,11.222870588235295,41.90090775988288,1.676036310395315,fixture-level distance scale anomaly (~25x)
1161.0,2025-06-11,1323746,65577,half_1,10,bottom,3753,hsr,5.45,6.72,328.426,13.137039999999999,12.93015748031496,12.879450980392157,48.87291666666667,1.9549166666666666,fixture-level distance scale anomaly (~25x)
1161.0,2025-06-11,1323747,65577,half_1,13,middle,3752,hsr,5.4,6.01,229.532,9.181280000000001,9.036692913385828,9.001254901960785,38.19168053244593,1.527667221297837,fixture-level distance scale anomaly (~25x)
1161.0,2025-06-11,1323748,65577,half_1,17,bottom,3753,sprint,6.93,7.02,159.9548,6.398192,6.297433070866142,6.272737254901961,22.78558404558405,0.9114233618233618,fixture-level distance scale anomaly (~25x)
1161.0,2025-06-11,1323749,65577,half_1,17,top,3753,hsr,5.42,5.63,221.2776,8.851104,8.711716535433071,8.67755294117647,39.30330373001777,1.5721321492007103,fixture-level distance scale anomaly (~25x)
1161.0,2025-06-11,1323750,65577,half_1,17,bottom,3753,hsr,5.42,6.93,237.6408,9.505632,9.355937007874017,9.31924705882353,34.29160173160174,1.3716640692640694,fixture-level distance scale anomaly (~25x)
1161.0,2025-06-11,1323751,65577,half_1,17,bottom,3753,hsr,5.47,6.91,349.9688,13.998752,13.778299212598425,13.724266666666667,50.64671490593343,2.0258685962373373,fixture-level distance scale anomaly (~25x)
1161.0,2025-06-11,1323752,65577,half_1,20,middle,3753,hsr,5.42,5.86,386.3676,15.454704,15.211322834645669,15.151670588235293,65.9330375426621,2.6373215017064844,fixture-level distance scale anomaly (~25x)
1161.0,2025-06-11,1323753,65577,half_1,22,bottom,3753,hsr,5.43,5.66,261.334,10.45336,10.288740157480316,10.248392156862746,46.17208480565371,1.8468833922261483,fixture-level distance scale anomaly (~25x)
1161.0,2025-06-11,1323754,65577,half_1,23,bottom,3753,hsr,5.45,5.73,172.9692,6.918768,6.809811023622047,6.783105882352941,30.18659685863874,1.2074638743455497,fixture-level distance scale anomaly (~25x)
1161.0,2025-06-11,1323755,65577,half_1,24,middle,3753,hsr,5.48,5.86,209.658,8.38632,8.254251968503937,8.221882352941176,35.777815699658696,1.431112627986348,fixture-level distance scale anomaly (~25x)
1161.0,2025-06-11,1323756,65577,half_1,24,bottom,3753,hsr,5.37,5.6,153.65120000000002,6.146048,6.049259842519686,6.025537254901962,27.43771428571429,1.0975085714285715,fixture-level distance scale anomaly (~25x)
1161.0,2025-06-11,1323757,65577,half_1,25,bottom,3753,hsr,5.35,6.18,337.57,13.5028,13.290157480314962,13.238039215686275,54.62297734627832,2.184919093851133,fixture-level distance scale anomaly (~25x)
1161.0,2025-06-11,1323758,65577,half_1,27,middle,3752,hsr,5.41,5.85,231.8852,9.275408,9.129338582677166,9.09353725490196,39.63849572649573,1.5855398290598293,fixture-level distance scale anomaly (~25x)
1161.0,2025-06-11,1323759,65577,half_1,27,top,3752,hsr,5.49,5.72,133.3136,5.332544,5.248566929133859,5.22798431372549,23.30657342657343,0.9322629370629372,fixture-level distance scale anomaly (~25x)
1161.0,2025-06-11,1323760,65577,half_1,28,bottom,3752,hsr,5.44,6.65,514.5640000000001,20.582560000000004,20.258425196850396,20.178980392156866,77.37804511278196,3.0951218045112787,fixture-level distance scale anomaly (~25x)
1161.0,2025-06-11,1323761,65577,half_1,28,middle,3753,hsr,5.46,5.82,185.7624,7.430496000000001,7.313480314960631,7.284800000000001,31.9179381443299,1.276717525773196,fixture-level distance scale anomaly (~25x)
1161.0,2025-06-11,1323763,65577,half_1,32,bottom,3752,hsr,5.41,5.47,119.482,4.77928,4.704015748031496,4.68556862745098,21.843144424131626,0.8737257769652651,fixture-level distance scale anomaly (~25x)
1161.0,2025-06-11,1323764,65577,half_1,34,bottom,3753,hsr,5.42,6.5,516.1172,20.644688000000002,20.31957480314961,20.23989019607843,79.40264615384616,3.1761058461538463,fixture-level distance scale anomaly (~25x)
1161.0,2025-06-11,1323762,65577,half_1,35,middle,3753,sprint,6.94,8.13,658.7996,26.351984,25.936992125984254,25.83527843137255,81.03316113161131,3.2413264452644523,fixture-level distance scale anomaly (~25x)
1161.0,2025-06-11,1323765,65577,half_1,35,top,3753,hsr,5.41,6.91,179.882,7.19528,7.081968503937008,7.054196078431373,26.032127351664254,1.0412850940665703,fixture-level distance scale anomaly (~25x)
1161.0,2025-06-11,1323766,65577,half_1,36,middle,3753,hsr,5.52,6.27,218.1892,8.727568,8.59012598425197,8.556439215686275,34.79891547049442,1.3919566188197767,fixture-level distance scale anomaly (~25x)
1161.0,2025-06-11,1323767,65577,half_1,40,middle,3753,hsr,5.43,6.3,645.6644,25.826576,25.41985826771654,25.320172549019606,102.4864126984127,4.099456507936508,fixture-level distance scale anomaly (~25x)
1161.0,2025-06-11,1323768,65577,half_2,5,middle,3753,hsr,5.46,7.03,409.7004,16.388016,16.129937007874016,16.066682352941175,58.27886201991465,2.331154480796586,fixture-level distance scale anomaly (~25x)
1161.0,2025-06-11,1323769,65577,half_2,7,top,3753,hsr,5.41,5.7,222.7228,8.908912,8.768614173228347,8.734227450980393,39.07417543859649,1.5629670175438597,fixture-level distance scale anomaly (~25x)
1161.0,2025-06-11,1323771,65577,half_2,11,middle,3752,hsr,5.43,6.91,148.3232,5.932928,5.839496062992127,5.816596078431373,21.465007235890017,0.8586002894356006,fixture-level distance scale anomaly (~25x)
1161.0,2025-06-11,1323770,65577,half_2,12,top,3752,sprint,6.97,8.31,512.5008,20.500032,20.177196850393702,20.098070588235295,61.6727797833935,2.46691119133574,fixture-level distance scale anomaly (~25x)
1161.0,2025-06-11,1323772,65577,half_2,15,bottom,3752,hsr,5.44,5.6,148.5508,5.942032,5.848456692913387,5.825521568627451,26.526928571428574,1.061077142857143,fixture-level distance scale anomaly (~25x)
1161.0,2025-06-11,1323773,65577,half_2,15,middle,3752,hsr,5.43,5.88,209.8624,8.394496,8.262299212598426,8.229898039215687,35.690884353741495,1.42763537414966,fixture-level distance scale anomaly (~25x)
1161.0,2025-06-11,1323774,65577,half_2,15,top,3752,hsr,5.43,6.24,421.9472,16.877888,16.612094488188976,16.546949019607844,67.61974358974359,2.7047897435897434,fixture-level distance scale anomaly (~25x)
1161.0,2025-06-11,1323775,65577,half_2,29,middle,3753,hsr,5.44,6.11,261.812,10.472480000000001,10.30755905511811,10.26713725490196,42.84975450081833,1.7139901800327333,fixture-level distance scale anomaly (~25x)
1161.0,2025-06-11,1323776,65577,half_2,32,middle,3753,sprint,6.94,7.45,317.9352,12.717408,12.517133858267718,12.46804705882353,42.67586577181208,1.7070346308724833,fixture-level distance scale anomaly (~25x)
1161.0,2025-06-11,1323777,65577,half_2,32,top,3753,hsr,5.47,6.94,136.8652,5.474608,5.388393700787401,5.367262745098039,19.721210374639767,0.7888484149855908,fixture-level distance scale anomaly (~25x)
1161.0,2025-06-11,1323778,65577,half_2,33,middle,3752,hsr,5.44,6.9,464.9124,18.596496,18.30363779527559,18.23185882352941,67.37860869565218,2.6951443478260866,fixture-level distance scale anomaly (~25x)
1161.0,2025-06-11,1323779,65577,half_2,36,middle,3753,hsr,5.46,6.47,363.7296,14.549184,14.320062992125985,14.263905882352942,56.21786707882535,2.2487146831530143,fixture-level distance scale anomaly (~25x)
1161.0,2025-06-11,1323780,65577,half_2,38,middle,3753,hsr,5.42,5.64,149.00359999999998,5.960143999999999,5.866283464566928,5.843278431372548,26.419078014184393,1.0567631205673758,fixture-level distance scale anomaly (~25x)
1161.0,2025-06-11,1323781,65577,half_2,39,middle,3753,hsr,5.44,5.88,261.5512,10.462048,10.297291338582678,10.256909803921568,44.48149659863945,1.7792598639455781,fixture-level distance scale anomaly (~25x)
1161.0,2025-06-11,1323782,65577,half_2,42,bottom,3753,hsr,5.43,6.35,341.2876,13.651504,13.436519685039372,13.383827450980393,53.746078740157486,2.149843149606299,fixture-level distance scale anomaly (~25x)
1161.0,2025-06-11,1323783,65577,half_2,43,top,3753,hsr,5.46,5.67,132.7,5.308,5.224409448818897,5.20392156862745,23.403880070546734,0.9361552028218695,fixture-level distance scale anomaly (~25x)
1161.0,2025-06-11,1323784,65577,half_2,44,top,3753,hsr,5.45,5.84,174.7028,6.988112,6.878062992125985,6.851090196078431,29.914863013698632,1.1965945205479454,fixture-level distance scale anomaly (~25x)
1161.0,2025-06-11,1323785,65577,half_2,48,bottom,3753,hsr,5.43,5.57,170.216,6.8086400000000005,6.701417322834646,6.675137254901961,30.559425493716336,1.2223770197486534,fixture-level distance scale anomaly (~25x)
1161.0,2025-06-11,1323786,65577,half_2,51,bottom,3752,hsr,5.47,6.48,572.53,22.9012,22.540551181102362,22.452156862745095,88.35339506172839,3.5341358024691356,fixture-level distance scale anomaly (~25x)
1161.0,2025-06-11,1323787,65577,half_2,52,middle,3753,hsr,5.4,6.79,927.8052,37.112208,36.52776377952756,36.38451764705882,136.64288659793814,5.465715463917526,fixture-level distance scale anomaly (~25x)
1161.0,2025-06-11,1323788,65577,half_2,52,bottom,3752,hsr,5.39,6.36,237.2984,9.491935999999999,9.342456692913386,9.305819607843137,37.311069182389936,1.4924427672955973,fixture-level distance scale anomaly (~25x)
1161.0,2025-06-11,1324808,65579,half_2,22,bottom,3752,hsr,5.39,6.75,662.4544,26.498175999999997,26.08088188976378,25.978603921568627,98.14139259259258,3.925655703703703,fixture-level distance scale anomaly (~25x)
1161.0,2025-06-11,1324805,65579,half_2,23,top,3752,sprint,6.95,7.47,457.8576,18.314304,18.025889763779528,17.9552,61.29285140562249,2.4517140562249,fixture-level distance scale anomaly (~25x)
1161.0,2025-06-11,1324809,65579,half_2,23,middle,3752,hsr,5.42,6.92,193.0872,7.723488,7.601858267716536,7.57204705882353,27.902774566473987,1.1161109826589595,fixture-level distance scale anomaly (~25x)
1161.0,2025-06-11,1324806,65579,half_2,24,top,3752,sprint,6.98,8.0,494.116,19.76464,19.453385826771655,19.377098039215685,61.7645,2.47058,fixture-level distance scale anomaly (~25x)
1161.0,2025-06-11,1324810,65579,half_2,24,top,3752,hsr,5.45,6.92,136.384,5.45536,5.369448818897638,5.348392156862745,19.708670520231212,0.7883468208092486,fixture-level distance scale anomaly (~25x)
1161.0,2025-06-11,1324807,65579,half_2,25,top,3753,sprint,6.99,8.36,452.2088,18.088352,17.803496062992128,17.73367843137255,54.091961722488044,2.163678468899522,fixture-level distance scale anomaly (~25x)
1161.0,2025-06-11,1324811,65579,half_2,29,middle,3752,sprint,6.98,7.75,340.81759999999997,13.632703999999999,13.418015748031495,13.365396078431372,43.97646451612903,1.759058580645161,fixture-level distance scale anomaly (~25x)
1161.0,2025-06-11,1324812,65579,half_2,29,middle,3753,sprint,6.92,8.94,907.8252,36.313007999999996,35.74114960629922,35.60098823529412,101.54644295302013,4.061857718120805,fixture-level distance scale anomaly (~25x)
1161.0,2025-06-11,1324813,65579,half_2,29,bottom,3752,hsr,5.43,6.88,258.21000000000004,10.328400000000002,10.165748031496065,10.125882352941177,37.53052325581396,1.5012209302325585,fixture-level distance scale anomaly (~25x)
1161.0,2025-06-11,1324814,65579,half_2,31,top,3752,sprint,6.93,7.17,253.8548,10.154192,9.99428346456693,9.955090196078432,35.405132496513254,1.4162052998605301,fixture-level distance scale anomaly (~25x)
1161.0,2025-06-11,1324816,65579,half_2,31,middle,3752,hsr,5.45,6.93,199.9412,7.997648000000001,7.871700787401576,7.84083137254902,28.851544011544014,1.1540617604617607,fixture-level distance scale anomaly (~25x)
1161.0,2025-06-11,1324817,65579,half_2,31,top,3752,hsr,5.5,6.91,226.5032,9.060127999999999,8.917448818897638,8.882478431372549,32.77904486251809,1.3111617945007235,fixture-level distance scale anomaly (~25x)
1161.0,2025-06-11,1324818,65579,half_2,32,top,3752,hsr,5.48,6.29,273.18559999999997,10.927423999999998,10.755338582677165,10.713160784313724,43.43173290937996,1.7372693163751984,fixture-level distance scale anomaly (~25x)
1161.0,2025-06-11,1324815,65579,half_2,35,top,3752,sprint,6.94,8.56,636.7188,25.468752,25.067669291338582,24.969364705882352,74.38303738317757,2.9753214953271026,fixture-level distance scale anomaly (~25x)
1161.0,2025-06-11,1324821,65579,half_2,36,top,3752,hsr,5.55,7.19,358.09040000000005,14.323616000000001,14.098047244094492,14.042760784313728,49.80394993045898,1.992157997218359,fixture-level distance scale anomaly (~25x)
1161.0,2025-06-11,1324819,65579,half_2,37,top,3752,sprint,6.97,8.84,657.8844,26.315376,25.90096062992126,25.799388235294117,74.42131221719457,2.9768524886877827,fixture-level distance scale anomaly (~25x)
1161.0,2025-06-11,1324822,65579,half_2,39,middle,3753,hsr,5.46,6.24,385.4416,15.417664,15.174866141732284,15.115356862745097,61.76948717948718,2.4707794871794873,fixture-level distance scale anomaly (~25x)
1161.0,2025-06-11,1324820,65579,half_2,40,bottom,3753,sprint,6.97,8.23,368.728,14.74912,14.51685039370079,14.45992156862745,44.80291616038882,1.7921166464155527,fixture-level distance scale anomaly (~25x)
1161.0,2025-06-11,1324824,65579,half_2,44,middle,3753,hsr,5.43,6.35,418.044,16.72176,16.458425196850396,16.393882352941176,65.83370078740158,2.633348031496063,fixture-level distance scale anomaly (~25x)
1161.0,2025-06-11,1324823,65579,half_2,45,middle,3752,sprint,6.93,7.3,378.6424,15.145696000000001,14.907181102362205,14.848721568627452,51.86882191780822,2.074752876712329,fixture-level distance scale anomaly (~25x)
1161.0,2025-06-11,1324825,65579,half_2,45,middle,3752,hsr,5.45,6.9,230.4088,9.216352,9.071212598425198,9.035639215686276,33.39257971014493,1.335703188405797,fixture-level distance scale anomaly (~25x)
1161.0,2025-06-11,1324826,65579,half_2,45,top,3752,hsr,5.46,6.91,193.25080000000003,7.730032000000001,7.608299212598427,7.57846274509804,27.966830680173665,1.1186732272069466,fixture-level distance scale anomaly (~25x)
1161.0,2025-06-11,1324827,65579,half_2,48,bottom,3753,hsr,5.44,6.33,431.344,17.25376,16.98204724409449,16.915450980392155,68.14281200631912,2.7257124802527644,fixture-level distance scale anomaly (~25x)
1161.0,2025-06-11,1323789,65580,half_1,1,middle,3753,sprint,6.98,8.14,507.7816,20.311264,19.991401574803152,19.913003921568627,62.38103194103194,2.4952412776412776,fixture-level distance scale anomaly (~25x)
1161.0,2025-06-11,1323790,65580,half_1,2,bottom,3753,hsr,5.45,5.68,177.6336,7.105344,6.9934488188976385,6.966023529411765,31.273521126760564,1.2509408450704225,fixture-level distance scale anomaly (~25x)
1161.0,2025-06-11,1323791,65580,half_1,4,middle,3753,hsr,5.59,5.94,118.488,4.73952,4.664881889763779,4.646588235294118,19.947474747474747,0.7978989898989898,fixture-level distance scale anomaly (~25x)
1161.0,2025-06-11,1323792,65580,half_1,5,bottom,3753,hsr,5.48,5.85,203.7628,8.150511999999999,8.022157480314961,7.990698039215686,34.83124786324787,1.3932499145299144,fixture-level distance scale anomaly (~25x)
1161.0,2025-06-11,1323793,65580,half_1,7,top,3753,hsr,5.47,5.78,151.0108,6.040431999999999,5.945307086614173,5.9219921568627445,26.126435986159166,1.0450574394463665,fixture-level distance scale anomaly (~25x)
1161.0,2025-06-11,1323794,65580,half_1,9,top,3753,hsr,5.42,6.96,576.712,23.06848,22.7051968503937,22.616156862745097,82.86091954022989,3.3144367816091957,fixture-level distance scale anomaly (~25x)
1161.0,2025-06-11,1323795,65580,half_1,12,top,3753,sprint,6.96,7.21,190.5216,7.620864,7.500850393700788,7.471435294117647,26.424632454923717,1.0569852981969488,fixture-level distance scale anomaly (~25x)
1161.0,2025-06-11,1323797,65580,half_1,12,middle,3752,hsr,5.44,5.76,190.562,7.62248,7.502440944881891,7.4730196078431375,33.08368055555556,1.3233472222222222,fixture-level distance scale anomaly (~25x)
1161.0,2025-06-11,1323798,65580,half_1,12,top,3753,hsr,5.45,6.93,180.2584,7.210336,7.096787401574804,7.068956862745098,26.01131313131313,1.0404525252525252,fixture-level distance scale anomaly (~25x)
1161.0,2025-06-11,1323799,65580,half_1,12,top,3753,hsr,5.49,6.96,150.2372,6.009488,5.914850393700788,5.891654901960784,21.58580459770115,0.863432183908046,fixture-level distance scale anomaly (~25x)
1161.0,2025-06-11,1323800,65580,half_1,12,top,3753,hsr,5.44,7.33,340.5192,13.620768,13.406267716535435,13.35369411764706,46.45555252387449,1.8582221009549795,fixture-level distance scale anomaly (~25x)
1161.0,2025-06-11,1323801,65580,half_1,13,bottom,3753,hsr,5.42,5.86,260.6772,10.427088000000001,10.262881889763781,10.222635294117648,44.4841638225256,1.779366552901024,fixture-level distance scale anomaly (~25x)
1161.0,2025-06-11,1323796,65580,half_1,14,middle,3753,sprint,6.97,7.17,182.89,7.3156,7.2003937007874015,7.172156862745098,25.507670850767084,1.0203068340306833,fixture-level distance scale anomaly (~25x)
1161.0,2025-06-11,1323802,65580,half_1,14,middle,3753,hsr,5.51,6.95,156.7588,6.270352,6.171606299212599,6.147403921568627,22.555223021582734,0.9022089208633093,fixture-level distance scale anomaly (~25x)
1161.0,2025-06-11,1323803,65580,half_1,14,middle,3753,hsr,5.41,6.94,180.4608,7.218432,7.104755905511811,7.0768941176470594,26.00299711815562,1.0401198847262247,fixture-level distance scale anomaly (~25x)
1161.0,2025-06-11,1323804,65580,half_1,17,top,3753,hsr,5.4,7.11,378.1652,15.126608000000001,14.888393700787404,14.830007843137256,53.18779184247539,2.1275116736990154,fixture-level distance scale anomaly (~25x)
1161.0,2025-06-11,1323805,65580,half_1,17,bottom,3753,hsr,5.42,6.47,739.6444,29.585776,29.119858267716538,29.00566274509804,114.31907264296755,4.572762905718702,fixture-level distance scale anomaly (~25x)
1161.0,2025-06-11,1323806,65580,half_1,19,middle,3752,hsr,5.4,6.24,377.7008,15.108032000000001,14.870110236220475,14.811796078431373,60.52897435897436,2.4211589743589745,fixture-level distance scale anomaly (~25x)
1161.0,2025-06-11,1323807,65580,half_1,20,middle,3753,hsr,5.42,5.7,312.7236,12.508944,12.311952755905512,12.263670588235293,54.86378947368421,2.1945515789473684,fixture-level distance scale anomaly (~25x)
1161.0,2025-06-11,1323808,65580,half_1,23,bottom,3752,hsr,5.45,5.66,154.99,6.1996,6.101968503937009,6.078039215686275,27.38339222614841,1.0953356890459365,fixture-level distance scale anomaly (~25x)
1161.0,2025-06-11,1323809,65580,half_1,24,middle,3752,hsr,5.47,5.98,200.5328,8.021312,7.894992125984253,7.86403137254902,33.53391304347826,1.3413565217391303,fixture-level distance scale anomaly (~25x)
1161.0,2025-06-11,1323810,65580,half_1,25,bottom,3753,hsr,5.43,5.62,282.5772,11.303088,11.12508661417323,11.081458823529411,50.28064056939502,2.0112256227758007,fixture-level distance scale anomaly (~25x)
1161.0,2025-06-11,1323811,65580,half_1,29,bottom,3753,hsr,5.47,6.51,228.7028,9.148112,9.004047244094489,8.96873725490196,35.13099846390169,1.4052399385560674,fixture-level distance scale anomaly (~25x)
1161.0,2025-06-11,1323812,65580,half_1,32,bottom,3752,hsr,5.44,6.14,333.238,13.32952,13.119606299212599,13.068156862745099,54.27328990228013,2.1709315960912052,fixture-level distance scale anomaly (~25x)
1161.0,2025-06-11,1323813,65580,half_1,35,middle,3753,hsr,5.46,6.6,685.9404,27.437616,27.005527559055118,26.899623529411762,103.93036363636364,4.157214545454545,fixture-level distance scale anomaly (~25x)
1161.0,2025-06-11,1323814,65580,half_1,40,middle,3753,sprint,6.92,7.08,364.6452,14.585808,14.356110236220474,14.299811764705883,51.503559322033894,2.060142372881356,fixture-level distance scale anomaly (~25x)
1161.0,2025-06-11,1323815,65580,half_1,40,top,3753,hsr,5.45,6.16,640.278,25.61112,25.207795275590552,25.10894117647059,103.94123376623376,4.157649350649351,fixture-level distance scale anomaly (~25x)
1161.0,2025-06-11,1323816,65580,half_1,40,middle,3753,hsr,5.42,6.91,362.792,14.511679999999998,14.283149606299212,14.22713725490196,52.502460202604915,2.1000984081041967,fixture-level distance scale anomaly (~25x)
1161.0,2025-06-11,1323817,65580,half_1,40,bottom,3753,hsr,5.41,6.91,519.6156,20.784623999999997,20.457307086614172,20.377082352941176,75.19762662807524,3.0079050651230097,fixture-level distance scale anomaly (~25x)
1161.0,2025-06-11,1323818,65580,half_1,46,bottom,3753,hsr,5.49,6.56,305.1212,12.204848,12.012645669291338,11.96553725490196,46.51237804878049,1.8604951219512196,fixture-level distance scale anomaly (~25x)
1161.0,2025-06-11,1323819,65580,half_2,1,top,3753,hsr,5.41,6.75,397.0792,15.883168000000001,15.633039370078741,15.571733333333334,58.82654814814815,2.353061925925926,fixture-level distance scale anomaly (~25x)
1161.0,2025-06-11,1323820,65580,half_2,22,middle,3753,hsr,5.5,5.89,193.1012,7.724048,7.602409448818898,7.572596078431372,32.784584040747035,1.3113833616298811,fixture-level distance scale anomaly (~25x)
1161.0,2025-06-11,1323821,65580,half_2,33,middle,3752,hsr,5.51,5.85,146.2876,5.851504,5.759354330708661,5.736768627450981,25.00642735042735,1.000257094017094,fixture-level distance scale anomaly (~25x)
1161.0,2025-06-11,1323822,65580,half_2,34,middle,3753,hsr,5.4,5.98,246.16000000000005,9.846400000000003,9.691338582677169,9.653333333333336,41.16387959866221,1.6465551839464887,fixture-level distance scale anomaly (~25x)
1161.0,2025-06-11,1323823,65580,half_2,38,middle,3753,hsr,5.38,6.0,561.1224,22.444896,22.09143307086614,22.0048,93.5204,3.740816,fixture-level distance scale anomaly (~25x)
1161.0,2025-06-11,1323824,65580,half_2,38,bottom,3753,hsr,5.38,5.58,213.86,8.554400000000001,8.41968503937008,8.386666666666667,38.32616487455197,1.533046594982079,fixture-level distance scale anomaly (~25x)
1161.0,2025-06-11,1323825,65580,half_2,39,bottom,3753,hsr,5.42,6.07,313.0788,12.523152,12.325937007874016,12.2776,51.57805601317957,2.0631222405271825,fixture-level distance scale anomaly (~25x)
1161.0,2025-06-11,1323826,65580,half_2,39,middle,3753,hsr,5.43,5.69,256.4236,10.256944,10.095417322834647,10.055827450980393,45.06565905096661,1.8026263620386642,fixture-level distance scale anomaly (~25x)
1161.0,2025-06-11,1323827,65580,half_2,39,top,3753,hsr,5.43,5.56,153.4128,6.136512,6.039874015748032,6.016188235294118,27.592230215827342,1.1036892086330936,fixture-level distance scale anomaly (~25x)
1161.0,2025-06-11,1323828,65580,half_2,42,top,3753,sprint,6.94,7.18,161.5284,6.461136,6.359385826771654,6.33444705882353,22.49699164345404,0.8998796657381616,fixture-level distance scale anomaly (~25x)
1161.0,2025-06-11,1323829,65580,half_2,42,top,3753,hsr,5.43,6.91,251.9536,10.078144,9.919433070866143,9.880533333333332,36.46217076700434,1.4584868306801737,fixture-level distance scale anomaly (~25x)
1161.0,2025-06-11,1323830,65580,half_2,43,top,3753,hsr,5.35,7.06,579.1528,23.166112,22.801291338582676,22.71187450980392,82.0329745042493,3.2813189801699716,fixture-level distance scale anomaly (~25x)
1161.0,2025-06-11,1323831,65580,half_2,44,middle,3753,hsr,5.43,5.76,412.0632,16.482528,16.22296062992126,16.159341176470587,71.53875000000001,2.86155,fixture-level distance scale anomaly (~25x)
1161.0,2025-06-11,1323832,65580,half_2,46,middle,3753,hsr,5.4,5.78,478.4332,19.137328,18.835952755905513,18.762086274509805,82.77391003460207,3.310956401384083,fixture-level distance scale anomaly (~25x)
1161.0,2025-06-11,1323833,65580,half_2,48,bottom,3753,hsr,5.4,6.51,633.4652,25.338608,24.939574803149608,24.841772549019606,97.30648233486943,3.8922592933947775,fixture-level distance scale anomaly (~25x)
1161.0,2025-06-11,1323834,65580,half_2,52,middle,3753,sprint,6.97,7.99,649.014,25.96056,25.55173228346457,25.451529411764707,81.22828535669586,3.249131414267835,fixture-level distance scale anomaly (~25x)
1161.0,2025-06-11,1323835,65580,half_2,52,bottom,3753,hsr,5.51,6.94,131.0028,5.240112,5.157590551181103,5.137364705882353,18.87648414985591,0.7550593659942363,fixture-level distance scale anomaly (~25x)
1161.0,2025-06-11,1323836,65581,half_1,1,bottom,3752,sprint,7.01,7.69,264.4664,10.578656,10.412062992125986,10.37123137254902,34.390949284785435,1.3756379713914175,fixture-level distance scale anomaly (~25x)
1161.0,2025-06-11,1323837,65581,half_1,1,bottom,3753,hsr,5.41,6.1,620.5795999999999,24.823183999999998,24.43226771653543,24.33645490196078,101.7343606557377,4.069374426229508,fixture-level distance scale anomaly (~25x)
1161.0,2025-06-11,1323838,65581,half_1,1,middle,3753,hsr,5.51,6.56,267.5952,10.703807999999999,10.535244094488188,10.493929411764706,40.79195121951219,1.6316780487804876,fixture-level distance scale anomaly (~25x)
1161.0,2025-06-11,1323839,65581,half_1,2,middle,3753,hsr,5.38,7.13,487.8356,19.513424,19.20612598425197,19.130807843137255,68.42014025245442,2.736805610098177,fixture-level distance scale anomaly (~25x)
1161.0,2025-06-11,1323840,65581,half_1,2,bottom,3753,hsr,5.43,5.5,119.7636,4.790544,4.715102362204725,4.6966117647058825,21.775199999999998,0.8710079999999999,fixture-level distance scale anomaly (~25x)
1161.0,2025-06-11,1323841,65581,half_1,3,middle,3753,hsr,5.4,5.97,292.81,11.7124,11.527952755905513,11.482745098039215,49.04690117252932,1.9618760469011727,fixture-level distance scale anomaly (~25x)
1161.0,2025-06-11,1323842,65581,half_1,7,top,3752,hsr,5.46,6.42,306.6192,12.264767999999998,12.071622047244094,12.024282352941176,47.76,1.9103999999999997,fixture-level distance scale anomaly (~25x)
1161.0,2025-06-11,1323843,65581,half_1,10,bottom,3753,hsr,5.43,5.93,251.1356,10.045424,9.887228346456693,9.848454901960785,42.35001686340641,1.6940006745362566,fixture-level distance scale anomaly (~25x)
1161.0,2025-06-11,1323844,65581,half_1,11,middle,3752,sprint,7.03,7.73,250.17040000000003,10.006816,9.849228346456695,9.810603921568628,32.363570504527814,1.2945428201811127,fixture-level distance scale anomaly (~25x)
1161.0,2025-06-11,1323845,65581,half_1,13,middle,3752,hsr,5.43,6.99,457.5852,18.303408,18.01516535433071,17.944517647058824,65.46283261802574,2.6185133047210303,fixture-level distance scale anomaly (~25x)
1161.0,2025-06-11,1323846,65581,half_1,15,middle,3753,hsr,5.47,6.85,442.8544,17.714176,17.4352125984252,17.366839215686273,64.65027737226278,2.586011094890511,fixture-level distance scale anomaly (~25x)
1161.0,2025-06-11,1323847,65581,half_1,16,top,3753,hsr,5.47,6.73,634.6176,25.384704000000003,24.984944881889767,24.886964705882356,94.29682020802377,3.771872808320951,fixture-level distance scale anomaly (~25x)
1161.0,2025-06-11,1323848,65581,half_1,19,top,3753,hsr,5.49,5.74,161.97719999999998,6.479087999999999,6.377055118110236,6.352047058823529,28.2190243902439,1.1287609756097559,fixture-level distance scale anomaly (~25x)
1161.0,2025-06-11,1323849,65581,half_1,19,middle,3752,hsr,5.43,6.65,486.7708,19.470832,19.16420472440945,19.08905098039216,73.19861654135337,2.9279446616541356,fixture-level distance scale anomaly (~25x)
1161.0,2025-06-11,1323850,65581,half_1,20,middle,3753,hsr,5.47,6.68,320.1408,12.805632000000001,12.60396850393701,12.554541176470588,47.925269461077846,1.917010778443114,fixture-level distance scale anomaly (~25x)
1161.0,2025-06-11,1323851,65581,half_1,21,middle,3753,hsr,5.47,6.51,259.642,10.38568,10.222125984251969,10.182039215686274,39.88356374807988,1.5953425499231952,fixture-level distance scale anomaly (~25x)
1161.0,2025-06-11,1323852,65581,half_1,22,middle,3753,hsr,5.5,5.93,158.6644,6.346576,6.246629921259843,6.222133333333334,26.756222596964587,1.0702489038785834,fixture-level distance scale anomaly (~25x)
1161.0,2025-06-11,1323853,65581,half_1,23,bottom,3752,hsr,5.45,6.84,435.0472,17.401888,17.12784251968504,17.06067450980392,63.603391812865496,2.54413567251462,fixture-level distance scale anomaly (~25x)
1161.0,2025-06-11,1323854,65581,half_1,25,middle,3753,hsr,5.52,6.19,204.7312,8.189248,8.060283464566929,8.028674509803922,33.07450726978998,1.322980290791599,fixture-level distance scale anomaly (~25x)
1161.0,2025-06-11,1323855,65581,half_1,26,top,3753,hsr,5.41,6.97,459.1768,18.367072,18.077826771653545,18.006933333333333,65.87902439024391,2.635160975609756,fixture-level distance scale anomaly (~25x)
1161.0,2025-06-11,1323856,65581,half_1,28,middle,3752,hsr,5.43,6.48,400.34080000000006,16.013632,15.761448818897641,15.699639215686277,61.780987654320995,2.4712395061728394,fixture-level distance scale anomaly (~25x)
1161.0,2025-06-11,1323857,65581,half_1,33,middle,3753,hsr,5.48,6.22,228.8848,9.155392,9.011212598425198,8.975874509803923,36.79819935691319,1.4719279742765274,fixture-level distance scale anomaly (~25x)
1161.0,2025-06-11,1323858,65581,half_1,34,middle,3752,hsr,5.41,6.98,407.0168,16.280672,16.02428346456693,15.961443137254902,58.31186246418338,2.332474498567335,fixture-level distance scale anomaly (~25x)
1161.0,2025-06-11,1323859,65581,half_1,35,top,3753,hsr,5.4,7.05,435.17119999999994,17.406847999999997,17.132724409448816,17.065537254901958,61.726411347517725,2.4690564539007087,fixture-level distance scale anomaly (~25x)
1161.0,2025-06-11,1323860,65581,half_1,40,bottom,3753,hsr,5.43,6.49,610.2416,24.409664,24.025259842519684,23.9310431372549,94.0279815100154,3.761119260400616,fixture-level distance scale anomaly (~25x)
1161.0,2025-06-11,1323861,65581,half_1,43,middle,3753,hsr,5.43,5.62,171.0564,6.842256,6.734503937007874,6.708094117647058,30.437081850533808,1.2174832740213524,fixture-level distance scale anomaly (~25x)
1161.0,2025-06-11,1323862,65581,half_1,46,middle,3752,hsr,5.44,5.62,159.7732,6.390928,6.290283464566929,6.26561568627451,28.429395017793595,1.1371758007117436,fixture-level distance scale anomaly (~25x)
1161.0,2025-06-11,1323863,65581,half_2,3,middle,3753,hsr,5.43,5.56,236.5888,9.463552,9.31451968503937,9.277992156862744,42.551942446043164,1.7020776978417267,fixture-level distance scale anomaly (~25x)
1161.0,2025-06-11,1323864,65581,half_2,3,middle,3752,hsr,5.45,6.83,413.86479999999995,16.554592,16.293889763779525,16.229992156862743,60.59513909224011,2.4238055636896045,fixture-level distance scale anomaly (~25x)
1161.0,2025-06-11,1323865,65581,half_2,3,top,3752,hsr,5.49,6.43,264.224,10.568959999999999,10.40251968503937,10.361725490196077,41.09237947122862,1.6436951788491445,fixture-level distance scale anomaly (~25x)
1161.0,2025-06-11,1323866,65581,half_2,5,middle,3752,hsr,5.51,6.4,282.0776,11.283104000000002,11.105417322834647,11.061866666666667,44.074625,1.7629850000000002,fixture-level distance scale anomaly (~25x)
1161.0,2025-06-11,1323867,65581,half_2,6,bottom,3752,sprint,6.97,8.89,719.5756000000001,28.783024000000005,28.32974803149607,28.218650980392162,80.94213723284591,3.237685489313836,fixture-level distance scale anomaly (~25x)
1161.0,2025-06-11,1323868,65581,half_2,6,top,3753,hsr,5.4,6.7,383.1132,15.324528,15.083196850393701,15.02404705882353,57.18107462686567,2.2872429850746268,fixture-level distance scale anomaly (~25x)
1161.0,2025-06-11,1323869,65581,half_2,9,top,3753,hsr,5.44,6.73,576.4992,23.059967999999998,22.696818897637794,22.607811764705882,85.66109955423477,3.42644398216939,fixture-level distance scale anomaly (~25x)
1161.0,2025-06-11,1323870,65581,half_2,15,middle,3752,hsr,5.42,5.75,173.0272,6.921088,6.8120944881889764,6.7853803921568625,30.091686956521738,1.2036674782608696,fixture-level distance scale anomaly (~25x)
1161.0,2025-06-11,1323871,65581,half_2,18,middle,3753,sprint,6.96,7.67,510.4616,20.418464,20.09691338582677,20.018101960784314,66.55301173402869,2.6621204693611475,fixture-level distance scale anomaly (~25x)
1161.0,2025-06-11,1323872,65581,half_2,18,middle,3753,hsr,5.46,6.92,174.4224,6.976896,6.8670236220472445,6.840094117647059,25.20554913294798,1.0082219653179192,fixture-level distance scale anomaly (~25x)
1161.0,2025-06-11,1323873,65582,half_1,1,bottom,3752,sprint,6.98,7.49,208.9384,8.357536,8.22592125984252,8.19366274509804,27.89564753004005,1.115825901201602,fixture-level distance scale anomaly (~25x)
1161.0,2025-06-11,1323874,65582,half_1,1,middle,3753,hsr,5.42,6.31,920.1816,36.807264,36.2276220472441,36.08555294117647,145.8290966719493,5.833163866877973,fixture-level distance scale anomaly (~25x)
1161.0,2025-06-11,1323875,65582,half_1,2,top,3753,hsr,5.4,6.25,436.4344,17.457376,17.182456692913387,17.11507450980392,69.829504,2.79318016,fixture-level distance scale anomaly (~25x)
1161.0,2025-06-11,1323876,65582,half_1,4,top,3753,hsr,5.5,6.53,285.3112,11.412448,11.232724409448819,11.18867450980392,43.692373660030626,1.747694946401225,fixture-level distance scale anomaly (~25x)
1161.0,2025-06-11,1323877,65582,half_1,6,middle,3752,sprint,7.08,7.84,237.4904,9.499616,9.350015748031497,9.313349019607843,30.292142857142856,1.2116857142857143,fixture-level distance scale anomaly (~25x)
1161.0,2025-06-11,1323878,65582,half_1,7,top,3752,hsr,5.43,6.07,539.6836,21.587343999999998,21.24738582677165,21.164062745098036,88.90998352553541,3.5563993410214163,fixture-level distance scale anomaly (~25x)
1161.0,2025-06-11,1323879,65582,half_1,7,top,3752,hsr,5.49,5.79,128.11880000000002,5.124752000000001,5.0440472440944895,5.0242666666666675,22.127599309153716,0.8851039723661487,fixture-level distance scale anomaly (~25x)
1161.0,2025-06-11,1323880,65582,half_1,9,top,3753,hsr,5.43,6.12,367.6656,14.706624,14.475023622047244,14.418258823529412,60.076078431372544,2.403043137254902,fixture-level distance scale anomaly (~25x)
1161.0,2025-06-11,1323881,65582,half_1,9,middle,3753,hsr,5.46,5.74,167.42600000000002,6.69704,6.591574803149607,6.565725490196079,29.168292682926833,1.166731707317073,fixture-level distance scale anomaly (~25x)
1161.0,2025-06-11,1323882,65582,half_1,12,top,3753,hsr,5.35,6.04,263.60360000000003,10.544144000000001,10.378094488188978,10.337396078431373,43.64298013245033,1.7457192052980135,fixture-level distance scale anomaly (~25x)
1161.0,2025-06-11,1323883,65582,half_1,13,middle,3752,hsr,5.43,6.96,495.4116,19.816464,19.504393700787404,19.427905882352942,71.1798275862069,2.847193103448276,fixture-level distance scale anomaly (~25x)
1161.0,2025-06-11,1323884,65582,half_1,16,middle,3752,hsr,5.44,6.32,309.336,12.37344,12.178582677165355,12.130823529411765,48.94556962025317,1.9578227848101266,fixture-level distance scale anomaly (~25x)
1161.0,2025-06-11,1323885,65582,half_1,17,middle,3752,hsr,5.43,6.04,300.5444,12.021776,11.832456692913386,11.786054901960783,49.75900662251656,1.9903602649006622,fixture-level distance scale anomaly (~25x)
1161.0,2025-06-11,1323886,65582,half_1,19,middle,3752,hsr,5.41,6.02,369.8508,14.794032,14.561055118110236,14.50395294117647,61.43700996677741,2.4574803986710965,fixture-level distance scale anomaly (~25x)
1161.0,2025-06-11,1323887,65582,half_1,22,middle,3753,sprint,6.89,7.32,256.0444,10.241776,10.080488188976378,10.040956862745098,34.9787431693989,1.3991497267759563,fixture-level distance scale anomaly (~25x)
1161.0,2025-06-11,1323888,65582,half_1,22,bottom,3752,hsr,5.49,6.87,253.3344,10.133376,9.973795275590552,9.934682352941175,36.87545851528384,1.4750183406113537,fixture-level distance scale anomaly (~25x)
1161.0,2025-06-11,1323889,65582,half_1,22,bottom,3752,hsr,5.42,6.93,530.5455999999999,21.221823999999998,20.887622047244093,20.805709803921566,76.55780663780664,3.0623122655122654,fixture-level distance scale anomaly (~25x)
1161.0,2025-06-11,1323890,65582,half_1,25,top,3753,hsr,5.42,5.78,252.9416,10.117664,9.958330708661418,9.919278431372549,43.76152249134948,1.750460899653979,fixture-level distance scale anomaly (~25x)
1161.0,2025-06-11,1323891,65582,half_1,27,top,3752,hsr,5.43,6.17,280.9632,11.238527999999999,11.061543307086614,11.018164705882352,45.53698541329011,1.8214794165316044,fixture-level distance scale anomaly (~25x)
1161.0,2025-06-11,1323892,65582,half_1,33,top,3753,hsr,5.4,6.92,559.8744,22.394976,22.04229921259843,21.955858823529415,80.90670520231214,3.2362682080924854,fixture-level distance scale anomaly (~25x)
1161.0,2025-06-11,1323893,65582,half_1,34,bottom,3753,hsr,5.43,5.54,120.138,4.8055200000000005,4.7298425196850395,4.711294117647059,21.685559566787003,0.8674223826714802,fixture-level distance scale anomaly (~25x)
1161.0,2025-06-11,1323894,65582,half_1,35,top,3753,hsr,5.42,6.46,489.8612,19.594448,19.285874015748032,19.210243137254903,75.82990712074303,3.0331962848297214,fixture-level distance scale anomaly (~25x)
1161.0,2025-06-11,1323896,65582,half_1,36,middle,3752,hsr,5.45,5.56,114.8736,4.594944,4.522582677165355,4.504847058823529,20.66071942446043,0.8264287769784173,fixture-level distance scale anomaly (~25x)
1161.0,2025-06-11,1323897,65582,half_1,38,middle,3753,hsr,5.47,5.79,174.0428,6.961712,6.852078740157481,6.825207843137255,30.059205526770292,1.2023682210708118,fixture-level distance scale anomaly (~25x)
1161.0,2025-06-11,1323898,65582,half_1,39,middle,3752,hsr,5.39,5.92,238.9292,9.557168,9.406661417322836,9.369772549019608,40.35966216216217,1.6143864864864865,fixture-level distance scale anomaly (~25x)
1161.0,2025-06-11,1323899,65582,half_1,39,middle,3752,hsr,5.46,6.48,314.3876,12.575504,12.377464566929135,12.32892549019608,48.516604938271605,1.940664197530864,fixture-level distance scale anomaly (~25x)
1161.0,2025-06-11,1323895,65582,half_1,40,middle,3753,sprint,6.95,7.16,211.1104,8.444416,8.311433070866142,8.278839215686274,29.484692737430166,1.1793877094972067,fixture-level distance scale anomaly (~25x)
1161.0,2025-06-11,1323900,65582,half_1,40,middle,3753,hsr,5.51,6.92,182.1052,7.284208,7.169496062992126,7.141380392156862,26.31578034682081,1.0526312138728324,fixture-level distance scale anomaly (~25x)
1161.0,2025-06-11,1323901,65582,half_1,40,middle,3753,hsr,5.52,6.94,150.6816,6.027264,5.932346456692914,5.9090823529411765,21.712046109510087,0.8684818443804033,fixture-level distance scale anomaly (~25x)
1161.0,2025-06-11,1323902,65582,half_1,45,bottom,3752,hsr,5.5,5.84,134.6732,5.386928,5.302094488188977,5.281301960784314,23.060479452054796,0.9224191780821919,fixture-level distance scale anomaly (~25x)
1161.0,2025-06-11,1323903,65582,half_1,46,middle,3752,hsr,5.4,7.02,586.4968,23.459872,23.090425196850394,22.99987450980392,83.54655270655272,3.3418621082621085,fixture-level distance scale anomaly (~25x)
1161.0,2025-06-11,1323905,65582,half_2,1,bottom,3753,hsr,5.45,6.04,259.7828,10.391312000000001,10.227669291338584,10.187560784313726,43.01039735099338,1.7204158940397352,fixture-level distance scale anomaly (~25x)
1161.0,2025-06-11,1323906,65582,half_2,3,middle,3752,hsr,5.36,7.07,589.5188,23.580752000000004,23.209401574803152,23.118384313725493,83.38314002828855,3.335325601131542,fixture-level distance scale anomaly (~25x)
1161.0,2025-06-11,1323904,65582,half_2,5,bottom,3752,sprint,7.15,8.22,203.9328,8.157312,8.028850393700788,7.997364705882353,24.809343065693426,0.992373722627737,fixture-level distance scale anomaly (~25x)
1161.0,2025-06-11,1323908,65582,half_2,6,top,3753,hsr,5.5,6.38,262.7992,10.511968,10.346425196850394,10.305850980392156,41.191097178683385,1.6476438871473353,fixture-level distance scale anomaly (~25x)
1161.0,2025-06-11,1323909,65582,half_2,6,bottom,3752,hsr,5.45,6.13,381.1072,15.244288,15.004220472440945,14.945380392156862,62.170831973898856,2.486833278955954,fixture-level distance scale anomaly (~25x)
1161.0,2025-06-11,1323907,65582,half_2,7,middle,3753,sprint,6.92,7.29,306.308,12.25232,12.059370078740157,12.012078431372549,42.01755829903978,1.680702331961591,fixture-level distance scale anomaly (~25x)
1161.0,2025-06-11,1323910,65582,half_2,7,top,3753,hsr,5.42,6.89,339.406,13.57624,13.362440944881891,13.310039215686274,49.26066763425254,1.9704267053701017,fixture-level distance scale anomaly (~25x)
1161.0,2025-06-11,1323911,65582,half_2,7,middle,3753,hsr,5.49,6.92,143.3484,5.733936,5.643637795275591,5.621505882352941,20.715086705202314,0.8286034682080925,fixture-level distance scale anomaly (~25x)
1161.0,2025-06-11,1323912,65582,half_2,8,middle,3752,hsr,5.44,5.87,232.4128,9.296512,9.150110236220472,9.114227450980392,39.593321976149916,1.5837328790459966,fixture-level distance scale anomaly (~25x)
1161.0,2025-06-11,1323913,65582,half_2,9,top,3753,hsr,5.44,6.17,310.74559999999997,12.429823999999998,12.23407874015748,12.186101960784313,50.36395461912479,2.014558184764992,fixture-level distance scale anomaly (~25x)
1161.0,2025-06-11,1323914,65582,half_2,15,top,3752,sprint,6.94,7.87,312.8808,12.515232000000001,12.318141732283467,12.269835294117648,39.756137229987296,1.590245489199492,fixture-level distance scale anomaly (~25x)
1161.0,2025-06-11,1323915,65582,half_2,15,top,3752,hsr,5.46,6.1,225.698,9.02792,8.885748031496064,8.850901960784315,36.99967213114754,1.4799868852459017,fixture-level distance scale anomaly (~25x)
1161.0,2025-06-11,1323916,65582,half_2,18,middle,3753,hsr,5.42,6.99,700.0904,28.003616,27.56261417322835,27.45452549019608,100.15599427753935,4.006239771101574,fixture-level distance scale anomaly (~25x)
1161.0,2025-06-11,1323917,65582,half_2,18,top,3752,hsr,5.47,6.18,228.0088,9.120352,8.97672440944882,8.94152156862745,36.89462783171521,1.4757851132686086,fixture-level distance scale anomaly (~25x)
1161.0,2025-06-11,1323918,65584,half_1,1,middle,3753,sprint,6.93,7.52,474.3563999999999,18.974255999999997,18.675448818897635,18.602211764705878,63.079308510638285,2.5231723404255315,fixture-level distance scale anomaly (~25x)
1161.0,2025-06-11,1323919,65584,half_1,1,bottom,3752,hsr,5.42,6.42,349.6408,13.985632,13.765385826771654,13.711403921568628,54.461183800623054,2.1784473520249223,fixture-level distance scale anomaly (~25x)
1161.0,2025-06-11,1323920,65584,half_1,1,middle,3753,hsr,5.44,6.92,168.01639999999998,6.720655999999999,6.614818897637795,6.588878431372548,24.279826589595373,0.9711930635838149,fixture-level distance scale anomaly (~25x)
1161.0,2025-06-11,1323921,65584,half_1,1,bottom,3753,hsr,5.41,6.89,203.1904,8.127616,7.999622047244095,7.968250980392157,29.490624092888247,1.1796249637155298,fixture-level distance scale anomaly (~25x)
1161.0,2025-06-11,1323922,65584,half_1,5,bottom,3752,hsr,5.33,6.39,676.9707999999999,27.078832,26.6523937007874,26.54787450980392,105.94222222222221,4.237688888888889,fixture-level distance scale anomaly (~25x)
1161.0,2025-06-11,1323923,65584,half_1,7,top,3752,sprint,6.95,8.16,579.116,23.16464,22.79984251968504,22.71043137254902,70.97009803921569,2.838803921568627,fixture-level distance scale anomaly (~25x)
1161.0,2025-06-11,1323925,65584,half_1,7,top,3752,hsr,5.49,6.89,130.10639999999998,5.204255999999999,5.122299212598425,5.102211764705881,18.883367198838894,0.7553346879535557,fixture-level distance scale anomaly (~25x)
1161.0,2025-06-11,1323924,65584,half_1,9,top,3753,sprint,6.93,7.52,370.9488,14.837952,14.60428346456693,14.547011764705882,49.32829787234043,1.973131914893617,fixture-level distance scale anomaly (~25x)
1161.0,2025-06-11,1323926,65584,half_1,9,top,3753,hsr,5.48,6.94,130.69400000000002,5.227760000000001,5.145433070866143,5.125254901960785,18.83198847262248,0.7532795389048992,fixture-level distance scale anomaly (~25x)
1161.0,2025-06-11,1323927,65584,half_1,10,bottom,3753,hsr,5.37,6.9,390.8824,15.635296,15.389070866141735,15.328721568627452,56.6496231884058,2.265984927536232,fixture-level distance scale anomaly (~25x)
1161.0,2025-06-11,1323928,65584,half_1,12,middle,3752,hsr,5.46,5.97,258.4264,10.337056,10.174267716535434,10.13436862745098,43.28750418760469,1.7315001675041877,fixture-level distance scale anomaly (~25x)
1161.0,2025-06-11,1323929,65584,half_1,13,middle,3753,hsr,5.43,5.84,174.4208,6.976832000000001,6.866960629921261,6.84003137254902,29.866575342465758,1.1946630136986303,fixture-level distance scale anomaly (~25x)
1161.0,2025-06-11,1323930,65584,half_1,13,bottom,3753,hsr,5.34,7.18,418.2448,16.729792,16.466330708661417,16.4017568627451,58.251364902506964,2.3300545961002785,fixture-level distance scale anomaly (~25x)
1161.0,2025-06-11,1323931,65584,half_1,15,top,3753,hsr,5.4,6.96,482.634,19.30536,19.001338582677167,18.926823529411767,69.34396551724139,2.773758620689655,fixture-level distance scale anomaly (~25x)
1161.0,2025-06-11,1323932,65584,half_1,15,middle,3753,hsr,5.43,6.09,196.2752,7.851008,7.727370078740158,7.697066666666667,32.229096880131365,1.2891638752052546,fixture-level distance scale anomaly (~25x)
1161.0,2025-06-11,1323933,65584,half_1,17,bottom,3753,sprint,6.94,7.97,475.6748,19.026992,18.727354330708664,18.653913725490195,59.683161856963615,2.3873264742785447,fixture-level distance scale anomaly (~25x)
1161.0,2025-06-11,1323935,65584,half_1,17,middle,3753,hsr,5.49,6.9,161.8904,6.475616,6.373637795275591,6.348643137254902,23.4623768115942,0.938495072463768,fixture-level distance scale anomaly (~25x)
1161.0,2025-06-11,1323934,65584,half_1,19,bottom,3753,sprint,6.96,8.73,456.484,18.25936,17.97181102362205,17.901333333333334,52.28911798396334,2.0915647193585336,fixture-level distance scale anomaly (~25x)
1161.0,2025-06-11,1323936,65584,half_1,20,bottom,3753,hsr,5.41,6.98,400.5988,16.023951999999998,15.771606299212598,15.709756862745097,57.3923782234957,2.2956951289398275,fixture-level distance scale anomaly (~25x)
1161.0,2025-06-11,1323937,65584,half_1,21,middle,3753,hsr,5.45,6.52,333.60519999999997,13.344207999999998,13.134062992125983,13.082556862745097,51.16644171779141,2.0466576687116564,fixture-level distance scale anomaly (~25x)
1161.0,2025-06-11,1323938,65584,half_1,25,bottom,3753,hsr,5.44,6.58,567.7072000000001,22.708288000000003,22.350677165354334,22.263027450980395,86.27768996960486,3.451107598784195,fixture-level distance scale anomaly (~25x)
1161.0,2025-06-11,1323939,65584,half_1,28,top,3753,hsr,5.45,5.63,154.5464,6.181856,6.084503937007875,6.060643137254902,27.450515097690943,1.0980206039076377,fixture-level distance scale anomaly (~25x)
1161.0,2025-06-11,1323940,65584,half_1,29,bottom,3753,hsr,5.38,6.86,486.6936,19.467744,19.16116535433071,19.086023529411765,70.9465889212828,2.8378635568513118,fixture-level distance scale anomaly (~25x)
1161.0,2025-06-11,1323942,65584,half_1,33,bottom,3752,hsr,5.41,6.96,367.3636,14.694544,14.463133858267717,14.40641568627451,52.78212643678161,2.1112850574712643,fixture-level distance scale anomaly (~25x)
1161.0,2025-06-11,1323943,65584,half_1,33,middle,3753,hsr,5.52,6.29,187.9368,7.517472000000001,7.399086614173229,7.370070588235294,29.87866454689984,1.1951465818759937,fixture-level distance scale anomaly (~25x)
1161.0,2025-06-11,1323941,65584,half_1,35,bottom,3753,sprint,6.94,8.92,612.1568,24.486272,24.100661417322836,24.006149019607843,68.62744394618834,2.7450977578475335,fixture-level distance scale anomaly (~25x)
1161.0,2025-06-11,1323946,65584,half_1,36,middle,3752,hsr,5.44,7.07,594.288,23.77152,23.39716535433071,23.305411764705884,84.05770862800566,3.362308345120226,fixture-level distance scale anomaly (~25x)
1161.0,2025-06-11,1323947,65584,half_1,37,top,3753,hsr,5.48,6.1,232.54199999999997,9.30168,9.1551968503937,9.119294117647058,38.12163934426229,1.5248655737704917,fixture-level distance scale anomaly (~25x)
1161.0,2025-06-11,1323944,65584,half_1,40,top,3753,sprint,6.98,7.89,435.8776,17.435104,17.160535433070866,17.093239215686275,55.244309252217995,2.2097723700887197,fixture-level distance scale anomaly (~25x)
1161.0,2025-06-11,1323945,65584,half_1,40,middle,3753,sprint,6.93,8.74,849.0924,33.963696,33.42883464566929,33.29774117647059,97.15016018306636,3.8860064073226543,fixture-level distance scale anomaly (~25x)
1161.0,2025-06-11,1323948,65584,half_1,40,top,3753,hsr,5.43,6.93,129.8964,5.195856,5.114031496062992,5.0939764705882355,18.744069264069264,0.7497627705627706,fixture-level distance scale anomaly (~25x)
1161.0,2025-06-11,1323949,65584,half_1,40,bottom,3753,hsr,5.42,6.89,240.6072,9.624288,9.47272440944882,9.435576470588236,34.921219158200294,1.3968487663280116,fixture-level distance scale anomaly (~25x)
1161.0,2025-06-11,1323950,65584,half_1,42,bottom,3753,hsr,5.55,6.35,220.1432,8.805728,8.667055118110238,8.633066666666666,34.66822047244095,1.3867288188976379,fixture-level distance scale anomaly (~25x)
1161.0,2025-06-11,1323952,65584,half_1,46,bottom,3753,hsr,5.46,5.92,251.5824,10.063296000000001,9.904818897637796,9.865976470588235,42.49702702702703,1.6998810810810814,fixture-level distance scale anomaly (~25x)
1161.0,2025-06-11,1323951,65584,half_1,47,bottom,3753,sprint,6.95,7.52,290.29319999999996,11.611727999999998,11.428866141732282,11.384047058823528,38.60281914893616,1.5441127659574465,fixture-level distance scale anomaly (~25x)
1161.0,2025-06-11,1323953,65584,half_1,47,bottom,3753,hsr,5.36,6.94,147.7376,5.909503999999999,5.816440944881889,5.793631372549019,21.287838616714694,0.8515135446685878,fixture-level distance scale anomaly (~25x)
1161.0,2025-06-11,1323954,65584,half_1,47,bottom,3753,hsr,5.48,6.9,142.582,5.7032799999999995,5.613464566929134,5.591450980392157,20.66405797101449,0.8265623188405796,fixture-level distance scale anomaly (~25x)
1161.0,2025-06-11,1323955,65584,half_2,1,top,3753,sprint,7.04,7.34,156.4084,6.256336,6.157811023622048,6.133662745098039,21.309046321525887,0.8523618528610355,fixture-level distance scale anomaly (~25x)
1161.0,2025-06-11,1323956,65584,half_2,1,top,3753,hsr,5.51,6.94,388.5428,15.541712,15.29696062992126,15.236972549019608,55.985994236311235,2.2394397694524497,fixture-level distance scale anomaly (~25x)
1161.0,2025-06-11,1323957,65584,half_2,1,bottom,3753,hsr,5.41,6.24,565.9576,22.638303999999998,22.28179527559055,22.194415686274507,90.69833333333332,3.627933333333333,fixture-level distance scale anomaly (~25x)
1161.0,2025-06-11,1323958,65584,half_2,6,middle,3752,hsr,5.45,6.46,356.7812,14.271248,14.046503937007875,13.991419607843138,55.229287925696596,2.2091715170278636,fixture-level distance scale anomaly (~25x)
1161.0,2025-06-11,1323959,65584,half_2,6,bottom,3752,hsr,5.45,5.86,169.2612,6.770448,6.663826771653544,6.637694117647059,28.884163822525597,1.1553665529010237,fixture-level distance scale anomaly (~25x)
1161.0,2025-06-11,1323960,65584,half_2,7,middle,3752,hsr,5.45,6.45,325.7172,13.028687999999999,12.823511811023623,12.773223529411764,50.498790697674416,2.0199516279069765,fixture-level distance scale anomaly (~25x)
1161.0,2025-06-11,1323961,65584,half_2,7,top,3752,hsr,5.51,6.75,234.2428,9.369712,9.22215748031496,9.185992156862744,34.702637037037036,1.3881054814814815,fixture-level distance scale anomaly (~25x)
1161.0,2025-06-11,1323962,65584,half_2,17,bottom,3753,hsr,5.44,6.62,454.8004,18.192016000000002,17.90552755905512,17.835309803921568,68.70096676737161,2.7480386706948643,fixture-level distance scale anomaly (~25x)
1161.0,2025-06-11,1323963,65585,half_1,1,middle,3753,sprint,6.98,8.85,698.7560000000001,27.950240000000004,27.510078740157486,27.402196078431377,78.95548022598871,3.1582192090395487,fixture-level distance scale anomaly (~25x)
1161.0,2025-06-11,1323965,65585,half_1,1,middle,3753,hsr,5.46,6.91,136.1728,5.446912,5.361133858267717,5.340109803921568,19.706628075253256,0.7882651230101303,fixture-level distance scale anomaly (~25x)
1161.0,2025-06-11,1323966,65585,half_1,3,top,3753,hsr,5.47,5.9,187.3548,7.494192000000001,7.376173228346458,7.3472470588235295,31.75505084745763,1.270202033898305,fixture-level distance scale anomaly (~25x)
1161.0,2025-06-11,1323964,65585,half_1,5,bottom,3753,sprint,6.99,7.58,269.56759999999997,10.782703999999999,10.612897637795275,10.571278431372548,35.563007915567276,1.4225203166226912,fixture-level distance scale anomaly (~25x)
1161.0,2025-06-11,1323969,65585,half_1,7,top,3752,hsr,5.42,5.97,228.614,9.14456,9.000551181102363,8.965254901960785,38.29380234505863,1.5317520938023452,fixture-level distance scale anomaly (~25x)
1161.0,2025-06-11,1323967,65585,half_1,9,top,3753,sprint,6.95,8.5,752.0452,30.081808000000002,29.608078740157485,29.49196862745098,88.47590588235295,3.539036235294118,fixture-level distance scale anomaly (~25x)
1161.0,2025-06-11,1323968,65585,half_1,10,bottom,3753,sprint,7.12,7.76,198.4164,7.936656,7.811669291338584,7.781035294117648,25.569123711340207,1.0227649484536083,fixture-level distance scale anomaly (~25x)
1161.0,2025-06-11,1323970,65585,half_1,10,middle,3752,hsr,5.56,5.96,124.2176,4.968704,4.890456692913387,4.8712784313725495,20.841879194630874,0.8336751677852349,fixture-level distance scale anomaly (~25x)
1161.0,2025-06-11,1323971,65585,half_1,12,middle,3752,hsr,5.41,6.02,311.6544,12.466176,12.269858267716536,12.221741176470589,51.76983388704319,2.0707933554817277,fixture-level distance scale anomaly (~25x)
1161.0,2025-06-11,1323972,65585,half_1,12,top,3753,hsr,5.47,5.78,156.78799999999998,6.271519999999999,6.172755905511811,6.1485490196078425,27.125951557093423,1.0850380622837368,fixture-level distance scale anomaly (~25x)
1161.0,2025-06-11,1323973,65585,half_1,13,bottom,3753,hsr,5.43,6.9,631.1944,25.247775999999998,24.850173228346456,24.75272156862745,91.4774492753623,3.6590979710144924,fixture-level distance scale anomaly (~25x)
1161.0,2025-06-11,1323974,65585,half_1,13,top,3752,hsr,5.45,5.72,167.0712,6.682848,6.577606299212599,6.5518117647058824,29.20825174825175,1.16833006993007,fixture-level distance scale anomaly (~25x)
1161.0,2025-06-11,1323975,65585,half_1,14,middle,3752,hsr,5.45,6.37,323.0772,12.923088,12.719574803149607,12.66969411764706,50.7185557299843,2.028742229199372,fixture-level distance scale anomaly (~25x)
1161.0,2025-06-11,1323976,65585,half_1,14,middle,3753,hsr,5.51,7.19,329.8456,13.193824,12.986047244094488,12.935121568627451,45.875605006954096,1.8350242002781638,fixture-level distance scale anomaly (~25x)
1161.0,2025-06-11,1323977,65585,half_1,17,top,3753,sprint,6.95,7.47,245.1536,9.806144,9.651716535433073,9.613866666666667,32.81842034805891,1.312736813922356,fixture-level distance scale anomaly (~25x)
1161.0,2025-06-11,1323978,65585,half_1,17,bottom,3753,sprint,6.92,7.5,517.3612,20.694448,20.368551181102365,20.288674509803922,68.98149333333335,2.7592597333333333,fixture-level distance scale anomaly (~25x)
1161.0,2025-06-11,1323979,65585,half_1,17,top,3753,hsr,5.4,6.9,153.8136,6.152544000000001,6.055653543307087,6.031905882352942,22.291826086956522,0.8916730434782609,fixture-level distance scale anomaly (~25x)
1161.0,2025-06-11,1323980,65585,half_1,17,bottom,3753,hsr,5.42,6.9,297.5624,11.902496000000001,11.715055118110238,11.669113725490197,43.12498550724638,1.724999420289855,fixture-level distance scale anomaly (~25x)
1161.0,2025-06-11,1323981,65585,half_1,17,bottom,3753,hsr,5.47,6.97,130.994,5.23976,5.157244094488189,5.137019607843137,18.793974175035867,0.7517589670014349,fixture-level distance scale anomaly (~25x)
1161.0,2025-06-11,1323983,65585,half_1,22,bottom,3753,hsr,5.44,6.48,271.32160000000005,10.852864000000002,10.681952755905515,10.64006274509804,41.87061728395062,1.674824691358025,fixture-level distance scale anomaly (~25x)
1161.0,2025-06-11,1323982,65585,half_1,24,middle,3753,sprint,7.03,7.92,299.4036,11.976144,11.787543307086613,11.741317647058823,37.80348484848485,1.512139393939394,fixture-level distance scale anomaly (~25x)
1161.0,2025-06-11,1323984,65585,half_1,25,bottom,3753,hsr,5.43,5.49,125.2372,5.009488,4.930598425196851,4.911262745098039,22.811876138433515,0.9124750455373406,fixture-level distance scale anomaly (~25x)
1161.0,2025-06-11,1323985,65585,half_1,28,top,3753,hsr,5.46,6.65,938.7744,37.550976,36.959622047244096,36.814682352941176,141.16908270676691,5.6467633082706765,fixture-level distance scale anomaly (~25x)
1161.0,2025-06-11,1323986,65585,half_1,28,bottom,3752,hsr,5.43,6.36,401.2604,16.050416,15.797653543307087,15.735701960784313,63.09125786163522,2.5236503144654083,fixture-level distance scale anomaly (~25x)
1161.0,2025-06-11,1323989,65585,half_1,32,bottom,3752,hsr,5.44,5.78,184.8328,7.393312,7.2768818897637795,7.2483450980392155,31.977993079584774,1.2791197231833908,fixture-level distance scale anomaly (~25x)
1161.0,2025-06-11,1323987,65585,half_1,34,bottom,3753,sprint,6.98,7.33,213.8276,8.553104,8.418409448818897,8.385396078431372,29.171568894952248,1.16686275579809,fixture-level distance scale anomaly (~25x)
1161.0,2025-06-11,1323990,65585,half_1,34,middle,3753,hsr,5.45,6.93,130.19119999999998,5.207647999999999,5.1256377952755905,5.10553725490196,18.786608946608943,0.7514643578643577,fixture-level distance scale anomaly (~25x)
1161.0,2025-06-11,1323988,65585,half_1,35,middle,3753,sprint,7.0,9.27,926.2212,37.048848,36.46540157480315,36.322399999999995,99.91598705501617,3.9966394822006475,fixture-level distance scale anomaly (~25x)
1161.0,2025-06-11,1323991,65585,half_1,35,top,3753,hsr,5.47,5.78,139.7256,5.589023999999999,5.501007874015748,5.479435294117646,24.17397923875432,0.9669591695501728,fixture-level distance scale anomaly (~25x)
1161.0,2025-06-11,1323992,65585,half_1,37,middle,3753,hsr,5.46,5.73,172.914,6.91656,6.80763779527559,6.780941176470588,30.176963350785336,1.2070785340314134,fixture-level distance scale anomaly (~25x)
1161.0,2025-06-11,1323993,65585,half_1,40,middle,3753,hsr,5.43,5.96,484.1712,19.366848,19.061858267716538,18.987105882352942,81.23677852348993,3.2494711409395975,fixture-level distance scale anomaly (~25x)
1161.0,2025-06-11,1323994,65585,half_1,47,bottom,3753,hsr,5.43,5.72,155.72799999999998,6.229119999999999,6.131023622047244,6.106980392156862,27.225174825174822,1.089006993006993,fixture-level distance scale anomaly (~25x)
1161.0,2025-06-11,1323995,65585,half_2,1,bottom,3753,sprint,6.98,7.38,221.716,8.868640000000001,8.728976377952756,8.694745098039215,30.042818428184283,1.2017127371273715,fixture-level distance scale anomaly (~25x)
1161.0,2025-06-11,1323996,65585,half_2,1,bottom,3753,hsr,5.44,6.93,155.0736,6.202944,6.105259842519685,6.081317647058824,22.377142857142857,0.8950857142857143,fixture-level distance scale anomaly (~25x)
1161.0,2025-06-11,1323997,65585,half_2,5,middle,3753,hsr,5.44,5.99,340.1684,13.606736000000001,13.392456692913388,13.339937254901962,56.78938230383974,2.2715752921535897,fixture-level distance scale anomaly (~25x)
1161.0,2025-06-11,1323998,65585,half_2,6,bottom,3753,sprint,6.97,7.18,183.0824,7.323296,7.207968503937009,7.179701960784314,25.498941504178276,1.019957660167131,fixture-level distance scale anomaly (~25x)
1161.0,2025-06-11,1323999,65585,half_2,6,middle,3753,hsr,5.45,6.94,174.5756,6.983024,6.873055118110237,6.846101960784314,25.154985590778097,1.0061994236311238,fixture-level distance scale anomaly (~25x)
1161.0,2025-06-11,1324000,65585,half_2,6,bottom,3752,hsr,5.52,6.96,156.9368,6.277472,6.178614173228347,6.15438431372549,22.5483908045977,0.9019356321839082,fixture-level distance scale anomaly (~25x)
1161.0,2025-06-11,1324001,65585,half_2,7,middle,3753,hsr,5.42,5.7,329.8068,13.192272,12.984519685039372,12.9336,57.86084210526316,2.314433684210526,fixture-level distance scale anomaly (~25x)
1161.0,2025-06-11,1324002,65585,half_2,11,middle,3752,sprint,6.94,7.38,301.52,12.060799999999999,11.870866141732284,11.824313725490196,40.856368563685635,1.6342547425474254,fixture-level distance scale anomaly (~25x)
1161.0,2025-06-11,1324003,65585,half_2,11,middle,3752,sprint,6.95,7.29,205.9868,8.239472,8.109716535433071,8.077913725490196,28.2560768175583,1.1302430727023318,fixture-level distance scale anomaly (~25x)
1161.0,2025-06-11,1324005,65585,half_2,11,middle,3752,hsr,5.48,6.92,136.798,5.47192,5.385748031496063,5.364627450980392,19.76849710982659,0.7907398843930635,fixture-level distance scale anomaly (~25x)
1161.0,2025-06-11,1324006,65585,half_2,11,middle,3752,hsr,5.45,6.91,260.106,10.40424,10.240393700787402,10.200235294117647,37.641968162083934,1.5056787264833573,fixture-level distance scale anomaly (~25x)
1161.0,2025-06-11,1324007,65585,half_2,11,middle,3752,hsr,5.4,6.91,184.8728,7.394912000000001,7.2784566929133865,7.249913725490196,26.754384949348772,1.0701753979739508,fixture-level distance scale anomaly (~25x)
1161.0,2025-06-11,1324004,65585,half_2,15,middle,3753,sprint,7.0,7.77,228.1404,9.125616,8.981905511811025,8.946682352941176,29.361698841698843,1.1744679536679539,fixture-level distance scale anomaly (~25x)
1161.0,2025-06-11,1324008,65585,half_2,16,middle,3752,hsr,5.49,6.45,227.3228,9.092912,8.94971653543307,8.914619607843138,35.243844961240306,1.4097537984496125,fixture-level distance scale anomaly (~25x)
1161.0,2025-06-11,1324009,65585,half_2,17,bottom,3753,hsr,5.42,5.54,131.0924,5.243696,5.16111811023622,5.140878431372549,23.6628880866426,0.946515523465704,fixture-level distance scale anomaly (~25x)
1161.0,2025-06-11,1324011,65585,half_2,22,middle,3753,hsr,5.44,5.65,171.59840000000003,6.863936000000001,6.755842519685041,6.729349019607844,30.3713982300885,1.21485592920354,fixture-level distance scale anomaly (~25x)
1161.0,2025-06-11,1324010,65585,half_2,25,top,3753,sprint,6.94,8.25,408.752,16.350080000000002,16.09259842519685,16.02949019607843,49.54569696969697,1.981827878787879,fixture-level distance scale anomaly (~25x)
1161.0,2025-06-11,1324012,65585,half_2,29,middle,3753,hsr,5.41,6.62,554.0296,22.161184,21.812188976377954,21.726650980392154,83.69027190332325,3.34761087613293,fixture-level distance scale anomaly (~25x)
1161.0,2025-06-11,1324013,65585,half_2,30,bottom,3752,hsr,5.41,6.88,416.0468,16.641872,16.379795275590553,16.315560784313725,60.471918604651165,2.4188767441860466,fixture-level distance scale anomaly (~25x)
1161.0,2025-06-11,1324014,65585,half_2,36,bottom,3752,sprint,7.02,7.83,412.3636,16.494544,16.234787401574806,16.171121568627452,52.66457215836527,2.1065828863346105,fixture-level distance scale anomaly (~25x)
1161.0,2025-06-11,1324015,65585,half_2,38,middle,3753,hsr,5.43,6.57,550.2476,22.009904000000002,21.66329133858268,21.578337254901964,83.75153729071538,3.3500614916286153,fixture-level distance scale anomaly (~25x)
1161.0,2025-06-11,1324016,65585,half_2,39,bottom,3753,hsr,5.4,5.69,177.6724,7.106896000000001,6.9949763779527565,6.967545098039216,31.225377855887523,1.2490151142355008,fixture-level distance scale anomaly (~25x)
1161.0,2025-06-11,1324017,65585,half_2,42,middle,3753,sprint,6.94,7.54,379.1536,15.166144,14.927307086614173,14.86876862745098,50.285623342175064,2.0114249336870027,fixture-level distance scale anomaly (~25x)
1161.0,2025-06-11,1324018,65585,half_2,42,middle,3753,hsr,5.46,6.9,180.2204,7.208816000000001,7.095291338582678,7.067466666666667,26.118898550724637,1.0447559420289856,fixture-level distance scale anomaly (~25x)
1161.0,2025-06-11,1324019,65585,half_2,42,bottom,3753,hsr,5.45,6.95,136.7584,5.470336,5.384188976377953,5.363074509803921,19.67746762589928,0.7870987050359711,fixture-level distance scale anomaly (~25x)
1161.0,2025-06-11,1324020,65585,half_2,42,bottom,3752,hsr,5.43,6.06,331.1376,13.245504,13.036913385826773,12.985788235294118,54.64316831683169,2.1857267326732677,fixture-level distance scale anomaly (~25x)
1161.0,2025-06-11,1324021,65585,half_2,44,bottom,3753,hsr,5.35,6.14,320.34959999999995,12.813983999999998,12.612188976377952,12.562729411764703,52.17420195439739,2.0869680781758957,fixture-level distance scale anomaly (~25x)
1161.0,2025-06-11,1324023,65585,half_2,46,top,3753,hsr,5.43,6.67,451.1912,18.047648,17.763433070866142,17.693772549019606,67.64485757121439,2.7057943028485756,fixture-level distance scale anomaly (~25x)
1161.0,2025-06-11,1324022,65585,half_2,48,bottom,3753,sprint,6.98,8.4,540.9536,21.638144,21.297385826771656,21.213866666666668,64.3992380952381,2.575969523809524,fixture-level distance scale anomaly (~25x)
1161.0,2025-06-11,1324024,65585,half_2,52,middle,3753,hsr,5.44,6.13,586.5888,23.463552,23.09404724409449,23.003482352941177,95.69148450244698,3.8276593800978795,fixture-level distance scale anomaly (~25x)
1161.0,2025-06-11,1324025,65586,half_1,1,middle,3753,sprint,6.93,7.0,145.8824,5.835296,5.7434015748031495,5.720878431372548,20.840342857142854,0.8336137142857142,fixture-level distance scale anomaly (~25x)
1161.0,2025-06-11,1324026,65586,half_1,1,middle,3753,hsr,5.5,6.93,215.166,8.60664,8.471102362204725,8.437882352941177,31.04848484848485,1.2419393939393941,fixture-level distance scale anomaly (~25x)
1161.0,2025-06-11,1324027,65586,half_1,1,middle,3753,hsr,5.43,6.92,289.354,11.57416,11.391889763779528,11.34721568627451,41.81416184971098,1.6725664739884392,fixture-level distance scale anomaly (~25x)
1161.0,2025-06-11,1324028,65586,half_1,1,middle,3752,hsr,5.41,5.64,148.944,5.9577599999999995,5.863937007874016,5.840941176470587,26.408510638297873,1.0563404255319149,fixture-level distance scale anomaly (~25x)
1161.0,2025-06-11,1324029,65586,half_1,2,middle,3753,hsr,5.45,6.24,444.308,17.77232,17.492440944881892,17.423843137254902,71.20320512820513,2.848128205128205,fixture-level distance scale anomaly (~25x)
1161.0,2025-06-11,1324030,65586,half_1,5,bottom,3753,hsr,5.4,6.47,441.1672,17.646687999999997,17.368787401574803,17.300674509803923,68.18658423493045,2.7274633693972175,fixture-level distance scale anomaly (~25x)
1161.0,2025-06-11,1324032,65586,half_1,6,middle,3753,hsr,5.43,5.78,184.8936,7.395744,7.2792755905511815,7.250729411764706,31.988512110726642,1.2795404844290656,fixture-level distance scale anomaly (~25x)
1161.0,2025-06-11,1324031,65586,half_1,7,top,3752,sprint,6.91,7.66,500.1448,20.005792,19.690740157480317,19.61352156862745,65.2930548302872,2.611722193211488,fixture-level distance scale anomaly (~25x)
1161.0,2025-06-11,1324033,65586,half_1,7,middle,3752,hsr,5.4,6.89,153.5444,6.141776,6.045055118110237,6.021349019607843,22.28510885341074,0.8914043541364297,fixture-level distance scale anomaly (~25x)
1161.0,2025-06-11,1324034,65586,half_1,7,top,3752,hsr,5.45,6.88,399.9092,15.996368,15.744456692913387,15.682713725490196,58.12633720930233,2.325053488372093,fixture-level distance scale anomaly (~25x)
1161.0,2025-06-11,1324035,65586,half_1,9,top,3753,hsr,5.42,6.99,587.4204,23.496816,23.126787401574802,23.036094117647057,84.03725321888412,3.3614901287553645,fixture-level distance scale anomaly (~25x)
1161.0,2025-06-11,1324036,65586,half_1,10,middle,3752,hsr,5.5,6.02,195.412,7.81648,7.693385826771654,7.66321568627451,32.460465116279074,1.298418604651163,fixture-level distance scale anomaly (~25x)
1161.0,2025-06-11,1324037,65586,half_1,10,bottom,3752,hsr,5.41,6.41,468.1392,18.725568,18.430677165354332,18.3584,73.03263650546022,2.9213054602184085,fixture-level distance scale anomaly (~25x)
1161.0,2025-06-11,1324038,65586,half_1,10,bottom,3753,hsr,5.45,6.57,335.5488,13.421952000000001,13.210582677165355,13.158776470588236,51.07287671232877,2.042915068493151,fixture-level distance scale anomaly (~25x)
1161.0,2025-06-11,1324039,65586,half_1,12,middle,3752,hsr,5.43,5.97,287.1108,11.484432,11.303574803149607,11.25924705882353,48.09226130653266,1.9236904522613065,fixture-level distance scale anomaly (~25x)
1161.0,2025-06-11,1324040,65586,half_1,13,bottom,3753,hsr,5.39,5.95,308.6232,12.344928,12.15051968503937,12.102870588235294,51.869445378151255,2.0747778151260503,fixture-level distance scale anomaly (~25x)
1161.0,2025-06-11,1324041,65586,half_1,13,middle,3752,hsr,5.38,7.0,490.854,19.634159999999998,19.32496062992126,19.249176470588235,70.122,2.80488,fixture-level distance scale anomaly (~25x)
1161.0,2025-06-11,1324042,65586,half_1,14,middle,3753,hsr,5.51,5.83,146.0612,5.842448000000001,5.75044094488189,5.727890196078432,25.053379073756435,1.0021351629502575,fixture-level distance scale anomaly (~25x)
1161.0,2025-06-11,1324043,65586,half_1,16,middle,3752,sprint,6.98,7.35,221.4096,8.856384,8.716913385826773,8.682729411764706,30.123755102040818,1.2049502040816327,fixture-level distance scale anomaly (~25x)
1161.0,2025-06-11,1324046,65586,half_1,16,middle,3752,hsr,5.38,6.94,196.7536,7.870144,7.746204724409449,7.715827450980393,28.350662824207493,1.1340265129682996,fixture-level distance scale anomaly (~25x)
1161.0,2025-06-11,1324044,65586,half_1,17,top,3753,sprint,7.0,7.38,236.6004,9.464016,9.314976377952757,9.278447058823529,32.05967479674797,1.282386991869919,fixture-level distance scale anomaly (~25x)
1161.0,2025-06-11,1324045,65586,half_1,17,bottom,3753,sprint,6.95,8.73,563.2464,22.529856,22.175055118110237,22.08809411764706,64.51848797250858,2.5807395189003435,fixture-level distance scale anomaly (~25x)
1161.0,2025-06-11,1324047,65586,half_1,17,top,3753,hsr,5.48,6.95,143.5084,5.740336,5.649937007874016,5.627780392156862,20.648690647482013,0.8259476258992806,fixture-level distance scale anomaly (~25x)
1161.0,2025-06-11,1324048,65586,half_1,17,top,3753,hsr,5.47,6.96,130.7764,5.231056,5.14867716535433,5.128486274509804,18.78971264367816,0.7515885057471264,fixture-level distance scale anomaly (~25x)
1161.0,2025-06-11,1324049,65586,half_1,17,middle,3753,hsr,5.38,6.87,128.6044,5.144176,5.0631653543307085,5.043309803921568,18.71970887918486,0.7487883551673944,fixture-level distance scale anomaly (~25x)
1161.0,2025-06-11,1324050,65586,half_1,18,middle,3752,hsr,5.45,6.58,323.1384,12.925536,12.721984251968504,12.672094117647058,49.10917933130699,1.9643671732522796,fixture-level distance scale anomaly (~25x)
1161.0,2025-06-11,1324051,65586,half_1,19,middle,3752,hsr,5.43,6.76,791.704,31.668159999999997,31.16944881889764,31.04721568627451,117.11597633136094,4.684639053254438,fixture-level distance scale anomaly (~25x)
1161.0,2025-06-11,1324052,65586,half_1,20,middle,3753,hsr,5.43,5.78,304.218,12.16872,11.97708661417323,11.930117647058823,52.63287197231834,2.1053148788927336,fixture-level distance scale anomaly (~25x)
1161.0,2025-06-11,1324053,65586,half_1,24,top,3752,hsr,5.38,6.48,434.89,17.395599999999998,17.121653543307087,17.05450980392157,67.11265432098764,2.6845061728395057,fixture-level distance scale anomaly (~25x)
1161.0,2025-06-11,1324054,65586,half_1,25,bottom,3753,hsr,5.48,6.92,694.8456,27.793824,27.35612598425197,27.24884705882353,100.41121387283236,4.016448554913295,fixture-level distance scale anomaly (~25x)
1161.0,2025-06-11,1324055,65586,half_1,25,middle,3753,hsr,5.44,6.17,317.2944,12.691775999999999,12.491905511811025,12.442917647058824,51.42534846029174,2.0570139384116692,fixture-level distance scale anomaly (~25x)
1161.0,2025-06-11,1324056,65586,half_1,26,top,3753,hsr,5.39,5.88,266.2208,10.648832,10.481133858267716,10.44003137254902,45.2756462585034,1.8110258503401362,fixture-level distance scale anomaly (~25x)
1161.0,2025-06-11,1324057,65586,half_1,27,top,3752,hsr,5.48,6.56,919.5156,36.780623999999996,36.20140157480315,36.05943529411765,140.17006097560974,5.60680243902439,fixture-level distance scale anomaly (~25x)
1161.0,2025-06-11,1324059,65586,half_1,33,middle,3753,hsr,5.46,5.64,115.5064,4.620256,4.547496062992126,4.529662745098039,20.47985815602837,0.8191943262411349,fixture-level distance scale anomaly (~25x)
1161.0,2025-06-11,1324060,65586,half_1,34,bottom,3753,hsr,5.38,6.25,300.1596,12.006384,11.817307086614175,11.770964705882353,48.025536,1.92102144,fixture-level distance scale anomaly (~25x)
1161.0,2025-06-11,1324058,65586,half_1,35,middle,3753,sprint,6.92,8.66,761.62,30.4648,29.98503937007874,29.867450980392157,87.94688221709006,3.517875288683603,fixture-level distance scale anomaly (~25x)
1161.0,2025-06-11,1324061,65586,half_1,35,top,3753,hsr,5.46,6.87,148.31799999999998,5.93272,5.839291338582677,5.816392156862745,21.589228529839882,0.8635691411935953,fixture-level distance scale anomaly (~25x)
1161.0,2025-06-11,1324063,65586,half_1,36,middle,3752,hsr,5.42,5.79,338.6044,13.544176,13.33088188976378,13.278603921568628,58.48089810017271,2.3392359240069083,fixture-level distance scale anomaly (~25x)
1161.0,2025-06-11,1324064,65586,half_1,37,middle,3752,hsr,5.41,5.75,235.1984,9.407936,9.259779527559056,9.223466666666667,40.90406956521739,1.6361627826086955,fixture-level distance scale anomaly (~25x)
1161.0,2025-06-11,1324065,65586,half_1,37,middle,3753,hsr,5.47,6.22,434.7132,17.388527999999997,17.114692913385827,17.047576470588233,69.88958199356912,2.795583279742765,fixture-level distance scale anomaly (~25x)
1161.0,2025-06-11,1324066,65586,half_1,38,middle,3753,hsr,5.45,6.6,268.4396,10.737584,10.568488188976378,10.527043137254902,40.672666666666665,1.6269066666666667,fixture-level distance scale anomaly (~25x)
1161.0,2025-06-11,1324067,65586,half_1,39,bottom,3753,hsr,5.45,6.15,454.3144,18.172576,17.8863937007874,17.816250980392155,73.87226016260162,2.954890406504065,fixture-level distance scale anomaly (~25x)
1161.0,2025-06-11,1324062,65586,half_1,40,middle,3753,sprint,6.94,8.14,803.04,32.1216,31.615748031496064,31.49176470588235,98.65356265356264,3.946142506142506,fixture-level distance scale anomaly (~25x)
1161.0,2025-06-11,1324068,65586,half_1,40,middle,3752,hsr,5.39,6.22,345.8132,13.832528,13.614692913385827,13.561301960784313,55.59697749196142,2.2238790996784568,fixture-level distance scale anomaly (~25x)
1161.0,2025-06-11,1324069,65586,half_1,40,bottom,3753,hsr,5.45,6.9,192.0908,7.683632,7.562629921259843,7.5329725490196076,27.839246376811595,1.1135698550724638,fixture-level distance scale anomaly (~25x)
1161.0,2025-06-11,1324070,65586,half_1,42,bottom,3752,hsr,5.46,6.33,431.548,17.26192,16.990078740157482,16.923450980392158,68.17503949447078,2.7270015797788307,fixture-level distance scale anomaly (~25x)
1161.0,2025-06-11,1324071,65586,half_1,46,bottom,3753,hsr,5.46,6.3,260.36440000000005,10.414576000000002,10.25056692913386,10.210368627450983,41.32768253968255,1.653107301587302,fixture-level distance scale anomaly (~25x)
1161.0,2025-06-11,1324072,65586,half_2,1,bottom,3753,sprint,6.93,7.57,379.468,15.17872,14.93968503937008,14.881098039215686,50.12787318361955,2.005114927344782,fixture-level distance scale anomaly (~25x)
1161.0,2025-06-11,1324073,65586,half_2,1,top,3753,hsr,5.49,5.96,182.7584,7.3103359999999995,7.195212598425197,7.166996078431373,30.664161073825504,1.22656644295302,fixture-level distance scale anomaly (~25x)
1161.0,2025-06-11,1324074,65586,half_2,1,bottom,3753,hsr,5.43,5.71,217.6748,8.706992,8.569874015748033,8.536266666666666,38.121681260945714,1.5248672504378282,fixture-level distance scale anomaly (~25x)
1161.0,2025-06-11,1324075,65586,half_2,1,middle,3753,hsr,5.46,6.89,599.5036,23.980144,23.602503937007874,23.509945098039214,87.01068214804064,3.4804272859216256,fixture-level distance scale anomaly (~25x)
1161.0,2025-06-11,1324076,65586,half_2,1,bottom,3753,hsr,5.47,6.91,161.9308,6.477232,6.3752283464566935,6.350227450980392,23.43426917510854,0.9373707670043415,fixture-level distance scale anomaly (~25x)
1161.0,2025-06-11,1324077,65586,half_2,2,bottom,3752,hsr,5.45,6.39,397.16,15.886400000000002,15.636220472440947,15.574901960784315,62.15336463223788,2.4861345852895154,fixture-level distance scale anomaly (~25x)
1161.0,2025-06-11,1324078,65586,half_2,3,middle,3752,hsr,5.44,6.08,432.0324,17.281296,17.009149606299214,16.94244705882353,71.05796052631578,2.8423184210526315,fixture-level distance scale anomaly (~25x)
1161.0,2025-06-11,1324079,65586,half_2,5,bottom,3752,hsr,5.42,5.54,191.894,7.67576,7.55488188976378,7.525254901960785,34.63790613718412,1.3855162454873646,fixture-level distance scale anomaly (~25x)
1161.0,2025-06-11,1324080,65586,half_2,6,bottom,3752,hsr,5.41,6.72,580.7048,23.228192,22.8623937007874,22.77273725490196,86.41440476190476,3.4565761904761905,fixture-level distance scale anomaly (~25x)
1161.0,2025-06-11,1324081,65586,half_2,7,middle,3753,hsr,5.45,5.88,571.4284,22.857136,22.497181102362205,22.4089568627451,97.18170068027212,3.8872680272108844,fixture-level distance scale anomaly (~25x)
1161.0,2025-06-11,1324082,65586,half_2,8,middle,3752,hsr,5.42,6.06,448.3676,17.934704,17.652267716535434,17.5830431372549,73.98805280528053,2.9595221122112214,fixture-level distance scale anomaly (~25x)
1161.0,2025-06-11,1324083,65586,half_2,9,middle,3753,hsr,5.43,5.61,209.8808,8.395232,8.263023622047244,8.230619607843137,37.41190730837789,1.4964762923351158,fixture-level distance scale anomaly (~25x)
1161.0,2025-06-11,1324084,65586,half_2,9,bottom,3753,hsr,5.41,7.09,384.126,15.365039999999999,15.123070866141733,15.063764705882353,54.17856135401974,2.1671424541607895,fixture-level distance scale anomaly (~25x)
1161.0,2025-06-11,1324085,65586,half_2,15,top,3752,sprint,6.95,7.09,174.75039999999998,6.990016,6.879937007874015,6.852956862745097,24.647447108603664,0.9858978843441467,fixture-level distance scale anomaly (~25x)
1161.0,2025-06-11,1324086,65586,half_2,15,middle,3752,hsr,5.42,5.83,288.6612,11.546448,11.364614173228347,11.32004705882353,49.513070325900514,1.9805228130360206,fixture-level distance scale anomaly (~25x)
1161.0,2025-06-11,1324087,65586,half_2,15,top,3752,hsr,5.44,6.93,181.5984,7.263936,7.149543307086614,7.121505882352941,26.204675324675325,1.048187012987013,fixture-level distance scale anomaly (~25x)
1161.0,2025-06-11,1324088,65586,half_2,15,top,3753,hsr,5.39,6.92,229.7048,9.188192,9.043496062992126,9.00803137254902,33.19433526011561,1.3277734104046244,fixture-level distance scale anomaly (~25x)
1161.0,2025-06-11,1324089,65586,half_2,18,middle,3753,hsr,5.41,6.15,469.5152000000001,18.780608000000004,18.484850393700793,18.41236078431373,76.34393495934961,3.053757398373984,fixture-level distance scale anomaly (~25x)
1161.0,2025-06-11,1324090,65586,half_2,18,middle,3752,hsr,5.46,6.04,271.9108,10.876432,10.705149606299212,10.66316862745098,45.01834437086092,1.800733774834437,fixture-level distance scale anomaly (~25x)
1161.0,2025-06-11,1324091,65586,half_2,21,middle,3752,hsr,5.4,6.49,374.5567999999999,14.982271999999996,14.746330708661414,14.68850196078431,57.71291217257317,2.308516486902927,fixture-level distance scale anomaly (~25x)
1161.0,2025-06-11,1324092,65586,half_2,22,top,3753,hsr,5.41,6.39,468.5628,18.742511999999998,18.447354330708663,18.37501176470588,73.3275117370892,2.933100469483568,fixture-level distance scale anomaly (~25x)
1161.0,2025-06-11,1324093,65586,half_2,23,middle,3752,hsr,5.43,6.47,879.4136,35.176544,34.622582677165354,34.48680784313726,135.92173106646058,5.436869242658424,fixture-level distance scale anomaly (~25x)
1161.0,2025-06-11,1324094,65586,half_2,29,middle,3753,hsr,5.53,5.93,141.2612,5.650448,5.561464566929134,5.539654901960785,23.8214502529511,0.9528580101180438,fixture-level distance scale anomaly (~25x)
1161.0,2025-06-11,1324095,65586,half_2,31,middle,3752,hsr,5.45,5.8,162.6016,6.504064,6.40163779527559,6.376533333333333,28.034758620689654,1.1213903448275861,fixture-level distance scale anomaly (~25x)
1161.0,2025-06-11,1324096,65586,half_2,31,top,3752,hsr,5.38,6.98,428.3724,17.134896,16.865055118110238,16.798917647058826,61.371404011461316,2.4548561604584527,fixture-level distance scale anomaly (~25x)
1161.0,2025-06-11,1324097,65586,half_2,33,top,3752,hsr,5.46,6.34,396.4332,15.857328,15.6076062992126,15.5464,62.52889589905363,2.501155835962145,fixture-level distance scale anomaly (~25x)
1161.0,2025-06-11,1324098,65586,half_2,34,bottom,3753,hsr,5.48,5.71,121.9148,4.876592,4.799795275590552,4.780972549019608,21.351103327495622,0.8540441330998249,fixture-level distance scale anomaly (~25x)
1161.0,2025-06-11,1324099,65586,half_2,35,top,3752,hsr,5.41,5.47,157.5736,6.302944,6.203685039370079,6.179356862745098,28.806873857404025,1.152274954296161,fixture-level distance scale anomaly (~25x)
1161.0,2025-06-11,1324101,65586,half_2,36,middle,3752,hsr,5.44,5.75,201.568,8.06272,7.935748031496064,7.904627450980392,35.05530434782609,1.4022121739130435,fixture-level distance scale anomaly (~25x)
1161.0,2025-06-11,1324100,65586,half_2,39,bottom,3753,sprint,6.96,7.43,244.4696,9.778784,9.624787401574805,9.587043137254902,32.90304172274563,1.3161216689098252,fixture-level distance scale anomaly (~25x)
1161.0,2025-06-11,1324102,65586,half_2,39,bottom,3753,hsr,5.42,6.91,178.7632,7.150528,7.037921259842521,7.010321568627451,25.870217076700435,1.0348086830680174,fixture-level distance scale anomaly (~25x)
1161.0,2025-06-11,1324103,65586,half_2,39,middle,3753,hsr,5.44,6.58,467.78,18.711199999999998,18.416535433070866,18.344313725490196,71.09118541033435,2.8436474164133734,fixture-level distance scale anomaly (~25x)
1161.0,2025-06-11,1324104,65586,half_2,40,top,3752,hsr,5.39,6.96,690.386,27.61544,27.180551181102363,27.073960784313723,99.1933908045977,3.967735632183908,fixture-level distance scale anomaly (~25x)
1161.0,2025-06-11,1324107,65586,half_2,41,top,3753,hsr,5.46,5.95,193.7512,7.7500480000000005,7.628000000000001,7.598086274509805,32.563226890756304,1.302529075630252,fixture-level distance scale anomaly (~25x)
1161.0,2025-06-11,1324108,65586,half_2,42,top,3753,hsr,5.43,5.77,361.0904,14.443615999999999,14.21615748031496,14.160407843137255,62.58065857885615,2.503226343154246,fixture-level distance scale anomaly (~25x)
1161.0,2025-06-11,1324105,65586,half_2,44,bottom,3753,sprint,6.92,7.0,250.4588,10.018352,9.860582677165354,9.821913725490196,35.779828571428574,1.431193142857143,fixture-level distance scale anomaly (~25x)
1161.0,2025-06-11,1324109,65586,half_2,44,top,3753,hsr,5.48,7.12,394.5755999999999,15.783023999999996,15.534472440944878,15.473552941176466,55.41792134831459,2.2167168539325837,fixture-level distance scale anomaly (~25x)
1161.0,2025-06-11,1324110,65586,half_2,44,middle,3753,hsr,5.4,6.91,381.7048,15.268191999999999,15.027748031496063,14.968815686274509,55.23947901591895,2.2095791606367583,fixture-level distance scale anomaly (~25x)
1161.0,2025-06-11,1324106,65586,half_2,45,middle,3752,sprint,6.93,7.26,355.83,14.2332,14.009055118110236,13.954117647058823,49.01239669421488,1.960495867768595,fixture-level distance scale anomaly (~25x)
1161.0,2025-06-11,1324111,65586,half_2,45,bottom,3753,hsr,5.48,6.91,331.45559999999995,13.258223999999998,13.04943307086614,12.99825882352941,47.96752532561504,1.9187010130246018,fixture-level distance scale anomaly (~25x)
1161.0,2025-06-11,1324112,65586,half_2,45,middle,3752,hsr,5.43,6.91,350.8564,14.034256000000001,13.81324409448819,13.759074509803922,50.77516642547033,2.031006657018813,fixture-level distance scale anomaly (~25x)
1161.0,2025-06-11,1324113,65586,half_2,45,top,3752,hsr,5.44,6.91,236.2344,9.449375999999999,9.300566929133858,9.264094117647058,34.187322720694645,1.3674929088277856,fixture-level distance scale anomaly (~25x)
1161.0,2025-06-11,1324114,65586,half_2,46,middle,3753,hsr,5.42,6.02,726.4196000000001,29.056784000000004,28.599196850393703,28.487043137254904,120.66770764119603,4.826708305647841,fixture-level distance scale anomaly (~25x)
1161.0,2025-06-11,1324115,65586,half_2,48,top,3753,hsr,5.42,6.32,478.30999999999995,19.132399999999997,18.831102362204724,18.75725490196078,75.68196202531644,3.0272784810126576,fixture-level distance scale anomaly (~25x)
1161.0,2025-06-11,1324116,65586,half_2,48,bottom,3753,hsr,5.43,6.05,218.68919999999997,8.747568,8.609811023622047,8.576047058823528,36.146975206611565,1.4458790082644628,fixture-level distance scale anomaly (~25x)
1161.0,2025-06-11,1324117,65586,half_2,48,bottom,3753,hsr,5.44,5.95,491.4144,19.656576,19.347023622047246,19.27115294117647,82.59065546218487,3.3036262184873952,fixture-level distance scale anomaly (~25x)
1161.0,2025-06-11,1324118,65587,half_1,1,bottom,3752,sprint,6.95,7.44,310.7212,12.428848,12.233118110236221,12.185145098039216,41.763602150537636,1.6705440860215053,fixture-level distance scale anomaly (~25x)
1161.0,2025-06-11,1324121,65587,half_1,1,bottom,3752,hsr,5.53,6.96,131.4172,5.2566880000000005,5.173905511811024,5.15361568627451,18.881781609195404,0.7552712643678161,fixture-level distance scale anomaly (~25x)
1161.0,2025-06-11,1324122,65587,half_1,1,bottom,3752,hsr,5.51,6.91,136.9676,5.4787040000000005,5.392425196850394,5.3712784313725495,19.8216497829233,0.792865991316932,fixture-level distance scale anomaly (~25x)
1161.0,2025-06-11,1324123,65587,half_1,1,bottom,3753,hsr,5.4,6.42,668.3924,26.735695999999997,26.314661417322835,26.211466666666666,104.11096573208722,4.164438629283489,fixture-level distance scale anomaly (~25x)
1161.0,2025-06-11,1324124,65587,half_1,2,middle,3753,hsr,5.42,6.97,398.8135999999999,15.952543999999996,15.701322834645666,15.639749019607839,57.21859397417502,2.288743758967001,fixture-level distance scale anomaly (~25x)
1161.0,2025-06-11,1324119,65587,half_1,3,top,3753,sprint,6.95,8.28,974.4356,38.977424,38.3636062992126,38.21316078431373,117.68545893719808,4.707418357487923,fixture-level distance scale anomaly (~25x)
1161.0,2025-06-11,1324120,65587,half_1,3,top,3753,sprint,7.01,8.48,432.7664,17.310655999999998,17.03804724409449,16.971231372549017,51.03377358490565,2.041350943396226,fixture-level distance scale anomaly (~25x)
1161.0,2025-06-11,1324125,65587,half_1,3,top,3753,hsr,5.44,6.89,135.71800000000002,5.428720000000001,5.343228346456694,5.322274509803922,19.6978229317852,0.787912917271408,fixture-level distance scale anomaly (~25x)
1161.0,2025-06-11,1324127,65587,half_1,7,top,3752,hsr,5.42,6.81,688.4456,27.537824,27.104157480314964,26.997866666666667,101.09333333333335,4.043733333333334,fixture-level distance scale anomaly (~25x)
1161.0,2025-06-11,1324126,65587,half_1,9,top,3753,sprint,7.02,9.11,733.9544,29.358176,28.89584251968504,28.782525490196075,80.5657958287596,3.2226318331503845,fixture-level distance scale anomaly (~25x)
1161.0,2025-06-11,1324128,65587,half_1,9,top,3752,hsr,5.4,6.12,284.3268,11.373072,11.193968503937008,11.150070588235295,46.45862745098039,1.8583450980392158,fixture-level distance scale anomaly (~25x)
1161.0,2025-06-11,1324129,65587,half_1,13,middle,3752,hsr,5.41,6.35,423.8392,16.953568,16.686582677165354,16.621145098039214,66.74633070866142,2.669853228346457,fixture-level distance scale anomaly (~25x)
1161.0,2025-06-11,1324130,65587,half_1,14,middle,3752,hsr,5.44,6.22,311.91720000000004,12.476688000000001,12.280204724409451,12.23204705882353,50.147459807073965,2.0058983922829583,fixture-level distance scale anomaly (~25x)
1161.0,2025-06-11,1324132,65587,half_1,16,middle,3752,hsr,5.46,5.74,184.4396,7.377584000000001,7.26140157480315,7.232925490196079,32.132334494773524,1.2852933797909407,fixture-level distance scale anomaly (~25x)
1161.0,2025-06-11,1324131,65587,half_1,17,top,3753,sprint,6.99,8.86,567.6179999999999,22.70472,22.34716535433071,22.259529411764703,64.06523702031602,2.562609480812641,fixture-level distance scale anomaly (~25x)
1161.0,2025-06-11,1324133,65587,half_1,17,middle,3752,hsr,5.46,6.1,196.3144,7.852576,7.728913385826773,7.698603921568628,32.18268852459017,1.2873075409836066,fixture-level distance scale anomaly (~25x)
1161.0,2025-06-11,1324134,65587,half_1,19,middle,3752,hsr,5.39,6.65,618.9496,24.757984,24.36809448818898,24.272533333333335,93.07512781954887,3.7230051127819546,fixture-level distance scale anomaly (~25x)
1161.0,2025-06-11,1324135,65587,half_1,19,top,3752,hsr,5.42,5.83,246.8296,9.873184,9.717700787401576,9.679592156862745,42.33783876500858,1.6935135506003431,fixture-level distance scale anomaly (~25x)
1161.0,2025-06-11,1324136,65587,half_1,20,middle,3753,hsr,5.44,5.95,449.9552,17.998207999999998,17.71477165354331,17.645301960784312,75.62272268907563,3.0249089075630247,fixture-level distance scale anomaly (~25x)
1161.0,2025-06-11,1324137,65587,half_1,22,bottom,3752,hsr,5.48,6.75,555.282,22.211280000000002,21.861496062992128,21.775764705882356,82.26400000000001,3.29056,fixture-level distance scale anomaly (~25x)
1161.0,2025-06-11,1324138,65587,half_1,24,top,3752,hsr,5.48,6.38,558.5372,22.341488,21.98965354330709,21.903419607843137,87.5450156739812,3.5018006269592474,fixture-level distance scale anomaly (~25x)
1161.0,2025-06-11,1324139,65587,half_1,34,middle,3752,hsr,5.52,6.76,292.38239999999996,11.695295999999999,11.51111811023622,11.465976470588235,43.25183431952662,1.730073372781065,fixture-level distance scale anomaly (~25x)
1161.0,2025-06-11,1324140,65587,half_1,35,top,3753,hsr,5.46,6.4,281.59000000000003,11.263600000000002,11.086220472440946,11.042745098039218,43.9984375,1.7599375000000002,fixture-level distance scale anomaly (~25x)
1161.0,2025-06-11,1324141,65587,half_1,40,top,3753,sprint,6.96,7.81,410.4308,16.417232,16.158692913385828,16.09532549019608,52.5519590268886,2.1020783610755442,fixture-level distance scale anomaly (~25x)
1161.0,2025-06-11,1324143,65587,half_1,42,bottom,3752,hsr,5.47,6.87,351.606,14.06424,13.842755905511812,13.788470588235294,51.17991266375546,2.0471965065502182,fixture-level distance scale anomaly (~25x)
1161.0,2025-06-11,1324142,65587,half_1,45,middle,3753,sprint,7.0,7.61,240.622,9.624880000000001,9.473307086614174,9.436156862745099,31.619185282522995,1.26476741130092,fixture-level distance scale anomaly (~25x)
1161.0,2025-06-11,1324144,65587,half_1,45,middle,3753,hsr,5.39,6.97,443.6436,17.745744,17.46628346456693,17.39778823529412,63.65044476327116,2.5460177905308465,fixture-level distance scale anomaly (~25x)
1161.0,2025-06-11,1324145,65587,half_1,46,bottom,3753,sprint,6.94,7.38,481.0888,19.243552,18.940503937007875,18.866227450980393,65.18818428184282,2.607527371273713,fixture-level distance scale anomaly (~25x)
1161.0,2025-06-11,1324146,65587,half_1,46,bottom,3753,hsr,5.49,6.94,137.2576,5.490304,5.40384251968504,5.382650980392157,19.777752161383283,0.7911100864553314,fixture-level distance scale anomaly (~25x)
1161.0,2025-06-11,1324147,65587,half_1,46,middle,3752,hsr,5.52,6.93,190.052,7.60208,7.482362204724409,7.453019607843137,27.424531024531024,1.096981240981241,fixture-level distance scale anomaly (~25x)
1161.0,2025-06-11,1324148,65587,half_1,47,middle,3753,hsr,5.49,5.94,193.9072,7.756288,7.634141732283465,7.604203921568627,32.64430976430976,1.3057723905723904,fixture-level distance scale anomaly (~25x)
1161.0,2025-06-11,1324149,65587,half_2,3,middle,3752,sprint,6.92,8.65,673.0400000000001,26.9216,26.497637795275594,26.393725490196083,77.80809248554914,3.112323699421965,fixture-level distance scale anomaly (~25x)
1161.0,2025-06-11,1324150,65587,half_2,3,middle,3752,hsr,5.46,6.88,174.0296,6.961183999999999,6.85155905511811,6.824690196078431,25.294999999999998,1.0118,fixture-level distance scale anomaly (~25x)
1161.0,2025-06-11,1324152,65587,half_2,6,middle,3752,hsr,5.41,7.01,361.9152,14.476608,14.248629921259845,14.192752941176472,51.62841654778888,2.065136661911555,fixture-level distance scale anomaly (~25x)
1161.0,2025-06-11,1324151,65587,half_2,8,top,3753,sprint,6.99,7.54,306.1404,12.245616,12.052771653543308,12.00550588235294,40.602175066312995,1.6240870026525198,fixture-level distance scale anomaly (~25x)
1161.0,2025-06-11,1324153,65587,half_2,8,top,3753,hsr,5.51,6.94,131.00760000000002,5.240304000000001,5.1577795275590566,5.137552941176471,18.877175792507206,0.7550870317002882,fixture-level distance scale anomaly (~25x)
1161.0,2025-06-11,1324154,65587,half_2,8,top,3753,hsr,5.42,6.37,357.21,14.2884,14.063385826771654,14.008235294117647,56.07692307692307,2.2430769230769227,fixture-level distance scale anomaly (~25x)
1161.0,2025-06-11,1324156,65587,half_2,11,middle,3752,hsr,5.42,6.49,301.8696,12.074784,11.884629921259842,11.838023529411764,46.513035439137134,1.8605214175654852,fixture-level distance scale anomaly (~25x)
1161.0,2025-06-11,1324155,65587,half_2,15,top,3752,sprint,6.95,7.49,311.5372,12.461488,12.265244094488189,12.217145098039214,41.593751668891855,1.6637500667556742,fixture-level distance scale anomaly (~25x)
1161.0,2025-06-11,1324157,65587,half_2,15,middle,3752,hsr,5.48,6.94,149.4844,5.979375999999999,5.885212598425197,5.862133333333333,21.539538904899132,0.8615815561959653,fixture-level distance scale anomaly (~25x)
1161.0,2025-06-11,1324158,65587,half_2,15,top,3752,hsr,5.47,6.9,142.5516,5.702064,5.612267716535434,5.590258823529412,20.659652173913045,0.8263860869565217,fixture-level distance scale anomaly (~25x)
1161.0,2025-06-11,1324159,65587,half_2,16,top,3752,sprint,7.06,7.42,164.3176,6.572704,6.469196850393701,6.443827450980392,22.14522911051213,0.8858091644204852,fixture-level distance scale anomaly (~25x)
1161.0,2025-06-11,1324160,65587,half_2,18,middle,3753,hsr,5.48,5.83,157.3576,6.2943039999999995,6.195181102362205,6.170886274509804,26.991012006861062,1.0796404802744424,fixture-level distance scale anomaly (~25x)
1161.0,2025-06-11,1324162,65587,half_2,29,middle,3753,hsr,5.4,6.19,574.85,22.994,22.63188976377953,22.54313725490196,92.86752827140549,3.7147011308562194,fixture-level distance scale anomaly (~25x)
1161.0,2025-06-11,1324161,65587,half_2,30,middle,3752,sprint,6.97,7.55,298.5372,11.941488,11.753433070866143,11.707341176470587,39.541350993377485,1.5816540397350993,fixture-level distance scale anomaly (~25x)
1161.0,2025-06-11,1324163,65587,half_2,31,top,3752,sprint,6.97,8.83,733.2056,29.328224,28.86636220472441,28.753160784313724,83.03574178935447,3.3214296715741787,fixture-level distance scale anomaly (~25x)
1161.0,2025-06-11,1324164,65587,half_2,31,middle,3752,hsr,5.39,6.9,129.086,5.1634400000000005,5.082125984251969,5.062196078431373,18.708115942028986,0.7483246376811594,fixture-level distance scale anomaly (~25x)
1161.0,2025-06-11,1324165,65587,half_2,35,top,3752,hsr,5.45,6.89,663.8235999999999,26.552943999999997,26.1347874015748,26.032298039215686,96.34595065312045,3.8538380261248184,fixture-level distance scale anomaly (~25x)
1161.0,2025-06-11,1324166,65588,half_1,1,middle,3753,sprint,6.93,10.25,1151.9852,46.079408,45.35374803149607,45.175890196078434,112.3888,4.495552,fixture-level distance scale anomaly (~25x)
1161.0,2025-06-11,1324169,65588,half_1,1,bottom,3752,hsr,5.36,7.13,467.6288,18.705152000000002,18.410582677165355,18.33838431372549,65.58608695652174,2.62344347826087,fixture-level distance scale anomaly (~25x)
1161.0,2025-06-11,1324167,65588,half_1,2,middle,3753,sprint,6.96,7.22,169.06,6.7624,6.655905511811024,6.6298039215686275,23.41551246537396,0.9366204986149586,fixture-level distance scale anomaly (~25x)
1161.0,2025-06-11,1324170,65588,half_1,2,top,3753,hsr,5.49,6.41,331.2936,13.251744,13.043055118110239,12.991905882352942,51.683868954758196,2.0673547581903278,fixture-level distance scale anomaly (~25x)
1161.0,2025-06-11,1324171,65588,half_1,2,middle,3753,hsr,5.4,6.92,191.0668,7.642672,7.522314960629922,7.4928156862745094,27.610809248554915,1.1044323699421965,fixture-level distance scale anomaly (~25x)
1161.0,2025-06-11,1324172,65588,half_1,3,top,3753,hsr,5.44,5.51,114.532,4.58128,4.509133858267717,4.491450980392156,20.786206896551725,0.8314482758620689,fixture-level distance scale anomaly (~25x)
1161.0,2025-06-11,1324168,65588,half_1,4,top,3753,sprint,6.98,7.51,245.9308,9.837232,9.682314960629922,9.644345098039215,32.74711051930759,1.3098844207723037,fixture-level distance scale anomaly (~25x)
1161.0,2025-06-11,1324173,65588,half_1,4,top,3753,hsr,5.43,6.93,136.1616,5.446464,5.360692913385827,5.339670588235294,19.648138528138528,0.7859255411255411,fixture-level distance scale anomaly (~25x)
1161.0,2025-06-11,1324175,65588,half_1,7,top,3752,hsr,5.41,7.02,512.8340000000001,20.513360000000002,20.190314960629923,20.111137254901962,73.05327635327636,2.9221310541310546,fixture-level distance scale anomaly (~25x)
1161.0,2025-06-11,1324174,65588,half_1,9,top,3753,sprint,6.87,9.61,769.0744,30.762976,30.27851968503937,30.15978039215686,80.0285535900104,3.2011421436004164,fixture-level distance scale anomaly (~25x)
1161.0,2025-06-11,1324176,65588,half_1,10,bottom,3753,hsr,5.43,6.82,803.2592000000001,32.130368000000004,31.62437795275591,31.500360784313727,117.77994134897361,4.711197653958945,fixture-level distance scale anomaly (~25x)
1161.0,2025-06-11,1324177,65588,half_1,12,top,3752,sprint,7.01,7.46,193.8412,7.753647999999999,7.631543307086614,7.601615686274509,25.984075067024126,1.039363002680965,fixture-level distance scale anomaly (~25x)
1161.0,2025-06-11,1324178,65588,half_1,12,top,3753,hsr,5.49,7.07,419.0864,16.763456,16.499464566929134,16.434760784313728,59.27671852899576,2.3710687411598306,fixture-level distance scale anomaly (~25x)
1161.0,2025-06-11,1324179,65588,half_1,14,middle,3753,hsr,5.47,6.57,354.8548,14.194192000000001,13.970661417322836,13.915874509803922,54.01138508371385,2.160455403348554,fixture-level distance scale anomaly (~25x)
1161.0,2025-06-11,1324180,65588,half_1,14,middle,3753,hsr,5.45,6.24,306.7516,12.270064,12.076834645669292,12.029474509803922,49.15891025641025,1.9663564102564102,fixture-level distance scale anomaly (~25x)
1161.0,2025-06-11,1324181,65588,half_1,17,bottom,3753,sprint,6.97,7.76,431.714,17.26856,16.996614173228348,16.929960784313725,55.63324742268041,2.225329896907217,fixture-level distance scale anomaly (~25x)
1161.0,2025-06-11,1324184,65588,half_1,17,top,3753,hsr,5.44,7.0,492.6044,19.704176,19.393874015748032,19.317819607843138,70.37205714285714,2.814882285714286,fixture-level distance scale anomaly (~25x)
1161.0,2025-06-11,1324185,65588,half_1,17,middle,3753,hsr,5.44,6.92,136.15720000000002,5.446288000000001,5.360519685039371,5.3394980392156866,19.675895953757227,0.7870358381502891,fixture-level distance scale anomaly (~25x)
1161.0,2025-06-11,1324186,65588,half_1,17,bottom,3753,hsr,5.48,6.94,136.932,5.4772799999999995,5.391023622047244,5.369882352941176,19.730835734870315,0.7892334293948126,fixture-level distance scale anomaly (~25x)
1161.0,2025-06-11,1324187,65588,half_1,17,middle,3752,hsr,5.42,6.91,179.2808,7.171232,7.058299212598426,7.030619607843137,25.945123010130246,1.0378049204052098,fixture-level distance scale anomaly (~25x)
1161.0,2025-06-11,1324182,65588,half_1,18,middle,3752,sprint,6.92,7.59,534.8948,21.395792,21.05885039370079,20.976266666666668,70.4736231884058,2.818944927536232,fixture-level distance scale anomaly (~25x)
1161.0,2025-06-11,1324188,65588,half_1,18,middle,3752,hsr,5.43,6.89,289.532,11.58128,11.398897637795276,11.354196078431372,42.022060957910014,1.6808824383164005,fixture-level distance scale anomaly (~25x)
1161.0,2025-06-11,1324183,65588,half_1,19,middle,3752,sprint,6.89,7.2,473.4544,18.938176000000002,18.639937007874018,18.566839215686276,65.75755555555556,2.6303022222222223,fixture-level distance scale anomaly (~25x)
1161.0,2025-06-11,1324189,65588,half_1,19,middle,3752,hsr,5.48,6.89,343.094,13.72376,13.507637795275592,13.454666666666666,49.79593613933237,1.9918374455732948,fixture-level distance scale anomaly (~25x)
1161.0,2025-06-11,1324190,65588,half_1,19,middle,3752,hsr,5.42,6.92,255.1236,10.204944000000001,10.044236220472442,10.004847058823529,36.867572254335265,1.4747028901734105,fixture-level distance scale anomaly (~25x)
1161.0,2025-06-11,1324192,65588,half_1,22,middle,3753,hsr,5.46,6.91,497.65400000000005,19.906160000000003,19.592677165354335,19.515843137254905,72.01939218523879,2.880775687409552,fixture-level distance scale anomaly (~25x)
1161.0,2025-06-11,1324193,65588,half_1,23,bottom,3752,hsr,5.43,6.62,411.3692,16.454767999999998,16.19563779527559,16.132125490196078,62.14036253776435,2.4856145015105735,fixture-level distance scale anomaly (~25x)
1161.0,2025-06-11,1324191,65588,half_1,25,top,3753,sprint,6.92,7.51,391.5112,15.660447999999999,15.413826771653543,15.353380392156861,52.13198402130492,2.085279360852197,fixture-level distance scale anomaly (~25x)
1161.0,2025-06-11,1324194,65588,half_1,25,bottom,3753,hsr,5.46,6.52,584.9596,23.398384,23.029905511811027,22.939592156862744,89.7177300613497,3.588709202453988,fixture-level distance scale anomaly (~25x)
1161.0,2025-06-11,1324195,65588,half_1,25,top,3753,hsr,5.46,6.9,307.8452,12.313808,12.119889763779527,12.072360784313725,44.61524637681159,1.7846098550724636,fixture-level distance scale anomaly (~25x)
1161.0,2025-06-11,1324196,65588,half_1,27,top,3752,hsr,5.47,5.78,156.698,6.26792,6.169212598425197,6.145019607843137,27.110380622837372,1.0844152249134948,fixture-level distance scale anomaly (~25x)
1161.0,2025-06-11,1324197,65588,half_1,28,top,3753,hsr,5.42,6.34,405.5228,16.220912000000002,15.965464566929136,15.902854901960785,63.962586750788645,2.558503470031546,fixture-level distance scale anomaly (~25x)
1161.0,2025-06-11,1324198,65588,half_1,33,top,3753,sprint,6.99,8.08,489.6688,19.586752,19.278299212598426,19.202698039215687,60.60257425742574,2.42410297029703,fixture-level distance scale anomaly (~25x)
1161.0,2025-06-11,1324202,65588,half_1,33,bottom,3753,hsr,5.43,6.0,235.564,9.422559999999999,9.274173228346458,9.237803921568627,39.260666666666665,1.5704266666666664,fixture-level distance scale anomaly (~25x)
1161.0,2025-06-11,1324199,65588,half_1,34,bottom,3753,sprint,6.93,7.09,224.0824,8.963296,8.822141732283466,8.787545098039216,31.605416078984486,1.2642166431593793,fixture-level distance scale anomaly (~25x)
1161.0,2025-06-11,1324200,65588,half_1,34,middle,3752,sprint,6.93,7.37,308.252,12.33008,12.135905511811025,12.088313725490197,41.82523744911805,1.6730094979647219,fixture-level distance scale anomaly (~25x)
1161.0,2025-06-11,1324203,65588,half_1,34,bottom,3753,hsr,5.45,6.92,262.2224,10.488896,10.323716535433071,10.28323137254902,37.89341040462428,1.5157364161849711,fixture-level distance scale anomaly (~25x)
1161.0,2025-06-11,1324204,65588,half_1,34,bottom,3753,hsr,5.43,6.91,293.9092,11.756368,11.571228346456694,11.525850980392157,42.53389290882779,1.7013557163531114,fixture-level distance scale anomaly (~25x)
1161.0,2025-06-11,1324205,65588,half_1,34,middle,3753,hsr,5.46,6.9,345.5,13.82,13.602362204724411,13.549019607843137,50.07246376811594,2.0028985507246375,fixture-level distance scale anomaly (~25x)
1161.0,2025-06-11,1324206,65588,half_1,34,middle,3753,hsr,5.49,6.93,143.34,5.7336,5.643307086614174,5.621176470588235,20.683982683982684,0.8273593073593074,fixture-level distance scale anomaly (~25x)
1161.0,2025-06-11,1324201,65588,half_1,35,bottom,3753,sprint,6.91,8.12,572.5867999999999,22.903471999999997,22.542787401574802,22.454384313725487,70.51561576354679,2.8206246305418716,fixture-level distance scale anomaly (~25x)
1161.0,2025-06-11,1324207,65588,half_1,35,top,3753,hsr,5.5,6.88,249.722,9.98888,9.831574803149607,9.793019607843137,36.296802325581396,1.4518720930232558,fixture-level distance scale anomaly (~25x)
1161.0,2025-06-11,1324210,65588,half_1,36,middle,3752,hsr,5.43,5.77,508.9132,20.356528,20.035952755905512,19.957380392156864,88.19986135181976,3.5279944540727906,fixture-level distance scale anomaly (~25x)
1161.0,2025-06-11,1324208,65588,half_1,37,middle,3752,sprint,6.97,7.48,238.126,9.52504,9.37503937007874,9.338274509803922,31.83502673796791,1.2734010695187166,fixture-level distance scale anomaly (~25x)
1161.0,2025-06-11,1324211,65588,half_1,37,middle,3752,hsr,5.43,6.39,518.7792,20.751167999999996,20.424377952755904,20.344282352941175,81.18610328638498,3.247444131455399,fixture-level distance scale anomaly (~25x)
1161.0,2025-06-11,1324212,65588,half_1,37,middle,3752,hsr,5.47,6.91,130.1448,5.205792,5.123811023622047,5.103717647058824,18.83426917510854,0.7533707670043415,fixture-level distance scale anomaly (~25x)
1161.0,2025-06-11,1324213,65588,half_1,39,middle,3752,hsr,5.39,7.01,374.7076,14.988304000000001,14.752267716535435,14.69441568627451,53.45329529243938,2.138131811697575,fixture-level distance scale anomaly (~25x)
1161.0,2025-06-11,1324209,65588,half_1,40,bottom,3753,sprint,6.91,6.99,173.5716,6.942863999999999,6.833527559055118,6.806729411764706,24.831416309012873,0.9932566523605149,fixture-level distance scale anomaly (~25x)
1161.0,2025-06-11,1324214,65588,half_1,40,middle,3753,hsr,5.45,6.91,636.2784,25.451136,25.05033070866142,24.95209411764706,92.08081041968163,3.683232416787265,fixture-level distance scale anomaly (~25x)
1161.0,2025-06-11,1324215,65588,half_1,40,bottom,3753,hsr,5.47,6.92,221.4404,8.857616,8.71812598425197,8.683937254901961,32.00005780346821,1.2800023121387283,fixture-level distance scale anomaly (~25x)
1161.0,2025-06-11,1324216,65588,half_1,46,middle,3752,hsr,5.44,5.8,242.5528,9.702112,9.54932283464567,9.51187450980392,41.819448275862065,1.6727779310344828,fixture-level distance scale anomaly (~25x)
1161.0,2025-06-11,1324218,65588,half_2,1,middle,3753,hsr,5.45,6.11,261.73199999999997,10.46928,10.304409448818896,10.264,42.83666121112929,1.7134664484451716,fixture-level distance scale anomaly (~25x)
1161.0,2025-06-11,1324219,65588,half_2,2,bottom,3752,hsr,5.45,6.69,326.954,13.07816,12.87220472440945,12.821725490196078,48.87204783258595,1.9548819133034379,fixture-level distance scale anomaly (~25x)
1161.0,2025-06-11,1324217,65588,half_2,3,middle,3752,sprint,6.94,8.37,657.016,26.28064,25.866771653543307,25.76533333333333,78.49653524492234,3.1398614097968935,fixture-level distance scale anomaly (~25x)
1161.0,2025-06-11,1324220,65588,half_2,3,middle,3752,hsr,5.41,6.9,172.7576,6.910304,6.80148031496063,6.774807843137255,25.037333333333333,1.0014933333333333,fixture-level distance scale anomaly (~25x)
1161.0,2025-06-11,1324221,65588,half_2,4,middle,3753,hsr,5.47,6.42,300.832,12.03328,11.843779527559056,11.797333333333333,46.858566978193146,1.8743426791277258,fixture-level distance scale anomaly (~25x)
1161.0,2025-06-11,1324222,65588,half_2,5,middle,3752,hsr,5.43,6.34,486.3672,19.454688,19.148314960629925,19.073223529411766,76.71406940063092,3.068562776025237,fixture-level distance scale anomaly (~25x)
1161.0,2025-06-11,1324223,65588,half_2,6,middle,3752,hsr,5.49,5.84,146.0684,5.8427359999999995,5.750724409448819,5.728172549019607,25.011712328767125,1.0004684931506849,fixture-level distance scale anomaly (~25x)
1161.0,2025-06-11,1324224,65588,half_2,6,bottom,3752,hsr,5.47,5.92,228.4044,9.136176,8.992299212598427,8.957035294117647,38.58182432432432,1.543272972972973,fixture-level distance scale anomaly (~25x)
1161.0,2025-06-11,1324225,65588,half_2,7,middle,3752,hsr,5.42,6.17,346.0924,13.843696,13.62568503937008,13.572250980392157,56.09277147487845,2.243710858995138,fixture-level distance scale anomaly (~25x)
1161.0,2025-06-11,1324226,65588,half_2,7,top,3753,hsr,5.42,6.32,356.6244,14.264975999999999,14.040330708661417,13.985270588235293,56.42791139240506,2.2571164556962025,fixture-level distance scale anomaly (~25x)
1161.0,2025-06-11,1324227,65588,half_2,15,middle,3752,sprint,6.97,8.16,429.8052,17.192208,16.921464566929135,16.85510588235294,52.67220588235294,2.1068882352941176,fixture-level distance scale anomaly (~25x)
1161.0,2025-06-11,1324228,65588,half_2,17,bottom,3753,hsr,5.5,6.7,334.48159999999996,13.379264,13.168566929133858,13.116925490196076,49.92262686567163,1.9969050746268655,fixture-level distance scale anomaly (~25x)
1161.0,2025-06-11,1324229,65588,half_2,18,middle,3753,hsr,5.41,6.35,555.9452,22.237808,21.8876062992126,21.801772549019606,87.5504251968504,3.502017007874016,fixture-level distance scale anomaly (~25x)
1161.0,2025-06-11,1324230,65588,half_2,18,top,3753,hsr,5.42,6.28,301.546,12.06184,11.871889763779528,11.825333333333333,48.01687898089172,1.9206751592356688,fixture-level distance scale anomaly (~25x)
1161.0,2025-06-11,1324231,65588,half_2,18,middle,3752,hsr,5.54,6.32,194.8848,7.7953920000000005,7.672629921259843,7.642541176470589,30.83620253164557,1.2334481012658227,fixture-level distance scale anomaly (~25x)
1161.0,2025-06-11,1324232,65588,half_2,22,bottom,3752,hsr,5.43,6.08,384.7476,15.389904,15.147543307086615,15.088141176470588,63.28085526315789,2.5312342105263155,fixture-level distance scale anomaly (~25x)
1161.0,2025-06-11,1324234,65588,half_2,31,top,3752,hsr,5.47,6.67,364.8392,14.593568,14.363748031496064,14.307419607843137,54.69853073463268,2.187941229385307,fixture-level distance scale anomaly (~25x)
1161.0,2025-06-11,1324233,65588,half_2,32,middle,3753,sprint,6.88,8.71,757.372,30.29488,29.81779527559055,29.70086274509804,86.95430539609643,3.4781722158438573,fixture-level distance scale anomaly (~25x)
1161.0,2025-06-11,1324235,65588,half_2,33,bottom,3752,hsr,5.49,6.85,317.796,12.71184,12.511653543307087,12.462588235294117,46.393576642335766,1.8557430656934308,fixture-level distance scale anomaly (~25x)
1161.0,2025-06-11,1324236,65588,half_2,35,middle,3752,hsr,5.42,5.77,201.602,8.06408,7.937086614173229,7.905960784313725,34.93968804159446,1.3975875216637783,fixture-level distance scale anomaly (~25x)
1161.0,2025-06-11,1324237,65588,half_2,36,top,3752,sprint,7.0,7.41,207.8528,8.314112,8.183181102362205,8.151090196078432,28.050310391363023,1.1220124156545208,fixture-level distance scale anomaly (~25x)
1161.0,2025-06-11,1324241,65588,half_2,36,top,3752,hsr,5.42,6.94,130.08159999999998,5.203263999999999,5.121322834645669,5.101239215686274,18.74374639769452,0.7497498559077808,fixture-level distance scale anomaly (~25x)
1161.0,2025-06-11,1324238,65588,half_2,38,bottom,3753,sprint,6.94,9.12,578.7235999999999,23.148943999999997,22.7843937007874,22.6950431372549,63.456535087719296,2.5382614035087716,fixture-level distance scale anomaly (~25x)
1161.0,2025-06-11,1324239,65588,half_2,39,middle,3753,sprint,6.95,7.2,240.4508,9.618032,9.466566929133858,9.429443137254902,33.39594444444444,1.3358377777777777,fixture-level distance scale anomaly (~25x)
1161.0,2025-06-11,1324242,65588,half_2,39,middle,3753,hsr,5.49,6.92,162.636,6.50544,6.402992125984252,6.377882352941176,23.502312138728325,0.9400924855491329,fixture-level distance scale anomaly (~25x)
1161.0,2025-06-11,1324243,65588,half_2,39,middle,3753,hsr,5.51,6.95,169.718,6.78872,6.681811023622047,6.655607843137254,24.419856115107912,0.9767942446043165,fixture-level distance scale anomaly (~25x)
1161.0,2025-06-11,1324240,65588,half_2,40,middle,3752,sprint,6.96,7.33,257.2224,10.288896,10.126866141732284,10.08715294117647,35.091732605729874,1.403669304229195,fixture-level distance scale anomaly (~25x)
1161.0,2025-06-11,1324244,65588,half_2,40,middle,3752,hsr,5.48,6.94,143.3448,5.733791999999999,5.643496062992126,5.621364705882352,20.654870317002878,0.8261948126801151,fixture-level distance scale anomaly (~25x)
1161.0,2025-06-11,1324245,65588,half_2,40,top,3752,hsr,5.4,6.92,256.0176,10.240704000000001,10.079433070866143,10.039905882352942,36.99676300578035,1.4798705202312141,fixture-level distance scale anomaly (~25x)
1161.0,2025-06-11,1324247,65588,half_2,41,middle,3752,hsr,5.42,5.96,321.6872,12.867488000000002,12.664850393700789,12.615184313725491,53.97436241610738,2.1589744966442956,fixture-level distance scale anomaly (~25x)
1161.0,2025-06-11,1324248,65588,half_2,43,top,3753,hsr,5.45,5.65,154.8172,6.192688,6.095165354330709,6.07126274509804,27.401274336283187,1.0960509734513275,fixture-level distance scale anomaly (~25x)
1161.0,2025-06-11,1324246,65588,half_2,45,middle,3752,sprint,6.9,8.21,793.5971999999999,31.743888,31.243984251968502,31.12145882352941,96.66226552984163,3.8664906211936656,fixture-level distance scale anomaly (~25x)
1161.0,2025-06-11,1324249,65588,half_2,45,middle,3752,hsr,5.43,6.89,198.3288,7.933152,7.808220472440945,7.7776,28.78502177068215,1.151400870827286,fixture-level distance scale anomaly (~25x)
1161.0,2025-06-11,1324250,65588,half_2,51,bottom,3752,hsr,5.42,5.61,237.5124,9.500496,9.35088188976378,9.314211764705883,42.337326203208555,1.6934930481283421,fixture-level distance scale anomaly (~25x)
1161.0,2025-06-11,1324251,65588,half_2,52,bottom,3752,hsr,5.42,7.1,410.4316,16.417264,16.15872440944882,16.0953568627451,57.807267605633804,2.312290704225352,fixture-level distance scale anomaly (~25x)
1161.0,2025-06-11,1324252,65588,half_2,53,top,3752,hsr,5.45,6.78,349.332,13.973279999999999,13.753228346456693,13.699294117647058,51.52389380530973,2.060955752212389,fixture-level distance scale anomaly (~25x)
1161.0,2025-06-11,1324853,65589,half_2,22,top,3753,hsr,5.46,6.11,214.0056,8.560224,8.425417322834646,8.392376470588236,35.025466448445165,1.4010186579378068,fixture-level distance scale anomaly (~25x)
1161.0,2025-06-11,1324854,65589,half_2,23,middle,3752,hsr,5.43,6.49,295.3608,11.814432,11.628377952755905,11.582776470588234,45.51013867488443,1.8204055469953775,fixture-level distance scale anomaly (~25x)
1161.0,2025-06-11,1324855,65589,half_2,31,top,3752,hsr,5.45,6.47,332.142,13.28568,13.076456692913386,13.025176470588235,51.33570324574961,2.0534281298299843,fixture-level distance scale anomaly (~25x)
1161.0,2025-06-11,1324856,65589,half_2,39,middle,3753,sprint,7.03,8.33,380.3504,15.214015999999999,14.974425196850394,14.915701960784313,45.66031212484994,1.8264124849939976,fixture-level distance scale anomaly (~25x)
1161.0,2025-06-11,1324857,65589,half_2,39,bottom,3753,hsr,5.43,7.11,443.76719999999995,17.750687999999997,17.47114960629921,17.402635294117644,62.41451476793248,2.496580590717299,fixture-level distance scale anomaly (~25x)
1161.0,2025-06-11,1324858,65589,half_2,39,middle,3753,hsr,5.42,5.51,125.4392,5.017568,4.938551181102363,4.9191843137254905,22.765735027223233,0.9106294010889292,fixture-level distance scale anomaly (~25x)
1161.0,2025-06-11,1324859,65589,half_2,40,top,3752,hsr,5.44,6.85,551.5088000000001,22.060352,21.71294488188977,21.627796078431373,80.51223357664234,3.220489343065694,fixture-level distance scale anomaly (~25x)
1161.0,2025-06-11,1324862,65589,half_2,41,top,3753,hsr,5.49,6.33,298.3316,11.933264,11.745338582677165,11.699278431372548,47.129794628751974,1.8851917851500788,fixture-level distance scale anomaly (~25x)
1161.0,2025-06-11,1324860,65589,half_2,43,top,3753,sprint,6.97,8.16,909.5628,36.382512,35.809559055118115,35.66912941176471,111.46602941176471,4.4586411764705876,fixture-level distance scale anomaly (~25x)
1161.0,2025-06-11,1324861,65589,half_2,45,middle,3752,sprint,6.92,8.19,616.6984,24.667936,24.279464566929136,24.184250980392157,75.29894993894995,3.0119579975579978,fixture-level distance scale anomaly (~25x)
1161.0,2025-06-11,1324863,65589,half_2,45,middle,3752,hsr,5.45,6.87,351.67839999999995,14.067135999999998,13.845606299212598,13.791309803921568,51.19045123726346,2.0476180494905383,fixture-level distance scale anomaly (~25x)
1161.0,2025-06-11,1324864,65589,half_2,46,top,3753,sprint,6.9,7.98,584.2328,23.369312,23.00129133858268,22.91109019607843,73.21213032581453,2.9284852130325816,fixture-level distance scale anomaly (~25x)
1161.0,2025-06-11,1324865,65589,half_2,46,middle,3753,hsr,5.48,6.86,564.8628,22.594511999999998,22.238692913385826,22.151482352941176,82.34151603498542,3.2936606413994163,fixture-level distance scale anomaly (~25x)
1161.0,2025-06-11,1324866,65589,half_2,47,bottom,3752,hsr,5.49,5.89,152.298,6.09192,5.995984251968505,5.972470588235294,25.857045840407473,1.0342818336162989,fixture-level distance scale anomaly (~25x)
1161.0,2025-06-11,1324867,65589,half_2,48,top,3753,hsr,5.44,6.71,899.0412,35.961648,35.39532283464567,35.25651764705882,133.98527570789867,5.359411028315946,fixture-level distance scale anomaly (~25x)
1161.0,2025-06-11,1324868,65589,half_2,51,bottom,3752,hsr,5.43,6.5,418.0872,16.723488,16.46012598425197,16.395576470588235,64.32110769230769,2.5728443076923075,fixture-level distance scale anomaly (~25x)
1161.0,2025-06-11,1324828,65590,half_2,21,middle,3753,sprint,6.91,7.98,444.64,17.7856,17.505511811023624,17.43686274509804,55.71929824561403,2.228771929824561,fixture-level distance scale anomaly (~25x)
1161.0,2025-06-11,1324831,65590,half_2,21,middle,3753,hsr,5.48,6.87,129.7412,5.189648,5.10792125984252,5.087890196078431,18.88518195050946,0.7554072780203784,fixture-level distance scale anomaly (~25x)
1161.0,2025-06-11,1324829,65590,half_2,22,bottom,3752,sprint,6.99,8.19,743.0648,29.722592,29.254519685039373,29.139796078431374,90.72830280830281,3.6291321123321123,fixture-level distance scale anomaly (~25x)
1161.0,2025-06-11,1324832,65590,half_2,22,top,3753,hsr,5.43,6.85,236.0308,9.441232,9.292551181102363,9.256109803921568,34.45705109489051,1.3782820437956205,fixture-level distance scale anomaly (~25x)
1161.0,2025-06-11,1324833,65590,half_2,22,bottom,3752,hsr,5.49,6.94,130.8784,5.235136,5.1526929133858275,5.132486274509804,18.858559077809797,0.7543423631123919,fixture-level distance scale anomaly (~25x)
1161.0,2025-06-11,1324830,65590,half_2,23,top,3752,sprint,6.95,7.99,531.104,21.24416,20.9096062992126,20.827607843137258,66.47108886107635,2.6588435544430538,fixture-level distance scale anomaly (~25x)
1161.0,2025-06-11,1324834,65590,half_2,23,middle,3752,hsr,5.44,6.89,135.8,5.432,5.346456692913387,5.325490196078432,19.709724238026126,0.7883889695210451,fixture-level distance scale anomaly (~25x)
1161.0,2025-06-11,1324836,65590,half_2,31,top,3752,hsr,5.42,6.62,400.1808,16.007232,15.755149606299213,15.693364705882352,60.450271903323255,2.4180108761329304,fixture-level distance scale anomaly (~25x)
1161.0,2025-06-11,1324835,65590,half_2,33,top,3752,sprint,7.0,8.01,328.3208,13.132832,12.926015748031498,12.87532549019608,40.98886392009988,1.639554556803995,fixture-level distance scale anomaly (~25x)
1161.0,2025-06-11,1324837,65590,half_2,33,bottom,3752,hsr,5.4,7.18,401.884,16.07536,15.82220472440945,15.760156862745099,55.97270194986073,2.238908077994429,fixture-level distance scale anomaly (~25x)
1161.0,2025-06-11,1324838,65590,half_2,35,top,3752,hsr,5.43,6.06,248.2992,9.931968000000001,9.775559055118112,9.737223529411764,40.97346534653466,1.6389386138613864,fixture-level distance scale anomaly (~25x)
1161.0,2025-06-11,1324841,65590,half_2,36,middle,3752,hsr,5.44,6.07,325.3168,13.012672,12.807748031496065,12.757521568627451,53.594200988467875,2.143768039538715,fixture-level distance scale anomaly (~25x)
1161.0,2025-06-11,1324839,65590,half_2,39,middle,3753,sprint,6.95,7.56,409.6668,16.386672,16.12861417322835,16.065364705882352,54.188730158730166,2.167549206349207,fixture-level distance scale anomaly (~25x)
1161.0,2025-06-11,1324842,65590,half_2,39,middle,3753,hsr,5.45,6.91,142.5872,5.703488,5.613669291338582,5.591654901960784,20.63490593342981,0.8253962373371925,fixture-level distance scale anomaly (~25x)
1161.0,2025-06-11,1324843,65590,half_2,39,middle,3753,hsr,5.48,6.93,136.8888,5.475552,5.38932283464567,5.3681882352941175,19.753073593073594,0.7901229437229438,fixture-level distance scale anomaly (~25x)
1161.0,2025-06-11,1324840,65590,half_2,40,top,3752,sprint,6.98,9.3,819.8728,32.794912,32.27845669291339,32.15187450980392,88.15836559139784,3.5263346236559134,fixture-level distance scale anomaly (~25x)
1161.0,2025-06-11,1324844,65590,half_2,41,top,3753,hsr,5.39,6.3,331.284,13.25136,13.04267716535433,12.991529411764706,52.584761904761905,2.103390476190476,fixture-level distance scale anomaly (~25x)
1161.0,2025-06-11,1324845,65590,half_2,41,top,3753,hsr,5.49,6.77,292.1336,11.685344,11.50132283464567,11.456219607843137,43.151196454948305,1.7260478581979322,fixture-level distance scale anomaly (~25x)
1161.0,2025-06-11,1324846,65590,half_2,43,top,3753,hsr,5.43,6.4,844.9644,33.798576,33.26631496062992,33.13585882352941,132.02568749999998,5.2810274999999995,fixture-level distance scale anomaly (~25x)
1161.0,2025-06-11,1324847,65590,half_2,44,bottom,3753,hsr,5.43,5.61,209.8916,8.395664,8.263448818897638,8.231043137254902,37.413832442067736,1.4965532976827094,fixture-level distance scale anomaly (~25x)
1161.0,2025-06-11,1324848,65590,half_2,45,middle,3753,hsr,5.48,6.84,280.1628,11.206512,11.030031496062993,10.986776470588236,40.95947368421053,1.6383789473684212,fixture-level distance scale anomaly (~25x)
1161.0,2025-06-11,1324849,65590,half_2,45,middle,3752,hsr,5.41,6.91,1000.1456,40.005824,39.37581102362205,39.22139607843137,144.73887120115774,5.7895548480463095,fixture-level distance scale anomaly (~25x)
1161.0,2025-06-11,1324850,65590,half_2,46,middle,3753,hsr,5.43,6.09,577.686,23.10744,22.743543307086618,22.654352941176473,94.85812807881774,3.7943251231527095,fixture-level distance scale anomaly (~25x)
1161.0,2025-06-11,1324851,65590,half_2,48,bottom,3753,hsr,5.46,6.26,522.1632,20.886528,20.557606299212598,20.476988235294115,83.4126517571885,3.3365060702875398,fixture-level distance scale anomaly (~25x)
1161.0,2025-06-11,1324852,65590,half_2,52,middle,3753,sprint,6.9,9.94,1053.4428,42.137712,41.47412598425197,41.31148235294118,105.98016096579478,4.239206438631791,fixture-level distance scale anomaly (~25x)
1161.0,2025-06-11,1324253,65592,half_1,2,middle,3753,sprint,6.96,7.54,336.986,13.47944,13.267165354330709,13.215137254901961,44.69310344827586,1.7877241379310345,fixture-level distance scale anomaly (~25x)
1161.0,2025-06-11,1324254,65592,half_1,2,middle,3753,hsr,5.45,6.94,131.93959999999998,5.277583999999999,5.194472440944882,5.174101960784313,19.011469740634002,0.7604587896253601,fixture-level distance scale anomaly (~25x)
1161.0,2025-06-11,1324255,65592,half_1,3,bottom,3753,hsr,5.44,6.25,337.5864,13.503456000000002,13.290803149606301,13.238682352941177,54.01382400000001,2.1605529600000004,fixture-level distance scale anomaly (~25x)
1161.0,2025-06-11,1324256,65592,half_1,4,bottom,3753,hsr,5.44,6.18,245.4712,9.818848000000001,9.664220472440945,9.626321568627452,39.72025889967638,1.5888103559870552,fixture-level distance scale anomaly (~25x)
1161.0,2025-06-11,1324257,65592,half_1,7,bottom,3752,hsr,5.48,6.52,316.2752,12.651008,12.451779527559054,12.402949019607842,48.508466257668715,1.9403386503067486,fixture-level distance scale anomaly (~25x)
1161.0,2025-06-11,1324258,65592,half_1,9,bottom,3753,hsr,5.48,6.51,246.7812,9.871248000000001,9.715795275590553,9.677694117647059,37.90801843317973,1.5163207373271892,fixture-level distance scale anomaly (~25x)
1161.0,2025-06-11,1324260,65592,half_1,11,middle,3752,hsr,5.48,5.78,145.096,5.80384,5.71244094488189,5.690039215686275,25.10311418685121,1.0041245674740484,fixture-level distance scale anomaly (~25x)
1161.0,2025-06-11,1324259,65592,half_1,13,middle,3753,sprint,6.99,8.05,450.2096,18.008384,17.724787401574805,17.65527843137255,55.92665838509316,2.2370663354037266,fixture-level distance scale anomaly (~25x)
1161.0,2025-06-11,1324261,65592,half_1,13,bottom,3752,hsr,5.45,5.92,251.0968,10.043872,9.885700787401575,9.846933333333334,42.415,1.6966,fixture-level distance scale anomaly (~25x)
1161.0,2025-06-11,1324262,65592,half_1,24,middle,3752,hsr,5.47,6.31,242.53079999999997,9.701232,9.548456692913385,9.51101176470588,38.43594294770206,1.5374377179080825,fixture-level distance scale anomaly (~25x)
1161.0,2025-06-11,1324263,65592,half_1,33,bottom,3753,hsr,5.44,6.78,451.59,18.063599999999997,17.779133858267716,17.70941176470588,66.60619469026548,2.664247787610619,fixture-level distance scale anomaly (~25x)
1161.0,2025-06-11,1324264,65592,half_1,34,middle,3752,hsr,5.42,7.24,389.7152,15.588607999999999,15.34311811023622,15.282949019607843,53.828066298342534,2.1531226519337014,fixture-level distance scale anomaly (~25x)
1161.0,2025-06-11,1324265,65592,half_1,35,bottom,3753,hsr,5.46,6.12,220.6104,8.824416,8.685448818897639,8.651388235294117,36.047450980392156,1.4418980392156862,fixture-level distance scale anomaly (~25x)
1161.0,2025-06-11,1324266,65592,half_1,37,bottom,3752,hsr,5.51,6.01,159.7588,6.390352,6.2897165354330715,6.265050980392157,26.582163061564064,1.0632865224625625,fixture-level distance scale anomaly (~25x)
1161.0,2025-06-11,1324267,65592,half_1,40,bottom,3753,hsr,5.48,5.74,127.96,5.118399999999999,5.037795275590551,5.018039215686274,22.292682926829265,0.8917073170731706,fixture-level distance scale anomaly (~25x)
1161.0,2025-06-11,1324268,65592,half_1,40,bottom,3753,hsr,5.44,5.96,211.3356,8.453424,8.320299212598426,8.287670588235294,35.458993288590605,1.4183597315436243,fixture-level distance scale anomaly (~25x)
1161.0,2025-06-11,1324269,65592,half_2,3,middle,3752,sprint,7.0,7.83,320.3784,12.815136,12.61332283464567,12.563858823529412,40.916781609195404,1.636671264367816,fixture-level distance scale anomaly (~25x)
1161.0,2025-06-11,1324270,65592,half_2,3,middle,3752,hsr,5.45,6.93,130.1224,5.204896,5.122929133858268,5.1028392156862745,18.7766810966811,0.7510672438672439,fixture-level distance scale anomaly (~25x)
1161.0,2025-06-11,1324271,65592,half_2,6,top,3752,sprint,6.95,7.08,160.6576,6.426304,6.325102362204725,6.300298039215686,22.69175141242938,0.9076700564971751,fixture-level distance scale anomaly (~25x)
1161.0,2025-06-11,1324272,65592,half_2,6,bottom,3753,hsr,5.49,6.41,263.4832,10.539328000000001,10.373354330708663,10.332674509803923,41.10502340093604,1.6442009360374417,fixture-level distance scale anomaly (~25x)
1161.0,2025-06-11,1324273,65592,half_2,6,top,3752,hsr,5.44,6.94,225.29,9.0116,8.86968503937008,8.834901960784313,32.46253602305475,1.29850144092219,fixture-level distance scale anomaly (~25x)
1161.0,2025-06-11,1324274,65592,half_2,6,top,3752,hsr,5.42,6.93,193.7128,7.748512,7.626488188976378,7.596580392156862,27.95278499278499,1.1181113997113998,fixture-level distance scale anomaly (~25x)
1161.0,2025-06-11,1324275,65592,half_2,11,middle,3752,hsr,5.43,5.62,260.1504,10.406016,10.242141732283464,10.201976470588235,46.29010676156583,1.8516042704626332,fixture-level distance scale anomaly (~25x)
1161.0,2025-06-11,1324276,65592,half_2,15,middle,3753,hsr,5.35,7.23,147.5208,5.900832,5.8079055118110245,5.785129411764706,20.403983402489626,0.816159336099585,fixture-level distance scale anomaly (~25x)
1161.0,2025-06-11,1324277,65592,half_2,15,bottom,3752,hsr,5.45,6.35,292.4556,11.698224,11.514000000000001,11.46884705882353,46.056000000000004,1.84224,fixture-level distance scale anomaly (~25x)
1161.0,2025-06-11,1324278,65592,half_2,18,middle,3753,hsr,5.42,6.35,762.9639999999999,30.518559999999997,30.03795275590551,29.920156862745095,120.15181102362205,4.806072440944882,fixture-level distance scale anomaly (~25x)
1161.0,2025-06-11,1324279,65592,half_2,22,bottom,3753,hsr,5.48,6.56,424.75,16.99,16.72244094488189,16.65686274509804,64.7484756097561,2.589939024390244,fixture-level distance scale anomaly (~25x)
1161.0,2025-06-11,1324280,65592,half_2,23,bottom,3752,hsr,5.49,6.58,668.2755999999999,26.731023999999998,26.31006299212598,26.206886274509802,101.561641337386,4.06246565349544,fixture-level distance scale anomaly (~25x)
1161.0,2025-06-11,1324281,65592,half_2,31,bottom,3752,hsr,5.43,7.22,401.6588,16.066352,15.813338582677165,15.751325490196077,55.631412742382274,2.2252565096952908,fixture-level distance scale anomaly (~25x)
1161.0,2025-06-11,1324283,65592,half_2,39,middle,3753,hsr,5.47,6.74,418.6976,16.747904000000002,16.484157480314963,16.419513725490198,62.121305637982196,2.484852225519288,fixture-level distance scale anomaly (~25x)
1161.0,2025-06-11,1324282,65592,half_2,40,bottom,3752,sprint,6.98,8.3,410.8652,16.434608,16.175795275590552,16.112360784313726,49.501831325301204,1.9800732530120482,fixture-level distance scale anomaly (~25x)
1161.0,2025-06-11,1324285,65592,half_2,43,bottom,3753,hsr,5.48,6.42,585.3851999999999,23.415408,23.046661417322834,22.956282352941173,91.1814953271028,3.647259813084112,fixture-level distance scale anomaly (~25x)
1161.0,2025-06-11,1324284,65592,half_2,45,middle,3752,sprint,6.9,7.64,536.2008,21.448031999999998,21.110267716535432,21.027482352941174,70.18335078534031,2.8073340314136126,fixture-level distance scale anomaly (~25x)
1161.0,2025-06-11,1324286,65592,half_2,45,middle,3752,hsr,5.55,6.88,261.01439999999997,10.440575999999998,10.27615748031496,10.23585882352941,37.93813953488372,1.5175255813953485,fixture-level distance scale anomaly (~25x)
1161.0,2025-06-11,1324287,65592,half_2,45,bottom,3752,hsr,5.48,6.93,143.22199999999998,5.728879999999999,5.638661417322834,5.6165490196078425,20.666955266955267,0.8266782106782106,fixture-level distance scale anomaly (~25x)
1161.0,2025-06-11,1324288,65592,half_2,47,top,3752,hsr,5.5,5.71,133.35520000000002,5.334208000000001,5.25020472440945,5.229615686274511,23.35467600700526,0.9341870402802104,fixture-level distance scale anomaly (~25x)
1161.0,2025-06-11,1324289,65592,half_2,52,top,3752,hsr,5.39,6.51,350.6368,14.025472,13.80459842519685,13.750462745098039,53.86125960061444,2.1544503840245777,fixture-level distance scale anomaly (~25x)
1161.0,2025-06-11,1324764,65593,half_1,6,top,3752,hsr,5.44,5.83,203.1924,8.127696,7.999700787401575,7.968329411764706,34.85289879931389,1.3941159519725557,fixture-level distance scale anomaly (~25x)
1161.0,2025-06-11,1324763,65593,half_1,7,bottom,3752,sprint,6.98,7.41,229.4568,9.178272,9.033732283464566,8.998305882352941,30.965829959514167,1.2386331983805667,fixture-level distance scale anomaly (~25x)
1161.0,2025-06-11,1324765,65593,half_1,7,bottom,3752,hsr,5.45,6.93,136.3836,5.455344,5.369433070866142,5.348376470588235,19.68017316017316,0.7872069264069265,fixture-level distance scale anomaly (~25x)
1161.0,2025-06-11,1324766,65593,half_1,12,bottom,3753,hsr,5.45,6.48,548.0688,21.922752,21.577511811023623,21.492894117647058,84.57851851851852,3.3831407407407403,fixture-level distance scale anomaly (~25x)
1161.0,2025-06-11,1324767,65593,half_1,13,middle,3752,hsr,5.48,6.72,328.26439999999997,13.130575999999998,12.923795275590551,12.873113725490194,48.84886904761905,1.9539547619047617,fixture-level distance scale anomaly (~25x)
1161.0,2025-06-11,1324769,65593,half_1,16,middle,3752,hsr,5.46,7.06,456.9624,18.278496,17.99064566929134,17.920094117647057,64.72555240793201,2.5890220963172808,fixture-level distance scale anomaly (~25x)
1161.0,2025-06-11,1324768,65593,half_1,17,middle,3752,sprint,6.96,7.17,161.73000000000002,6.469200000000001,6.3673228346456705,6.342352941176471,22.556485355648537,0.9022594142259416,fixture-level distance scale anomaly (~25x)
1161.0,2025-06-11,1324770,65593,half_1,17,top,3753,hsr,5.42,6.35,509.36640000000006,20.374656,20.053795275590556,19.97515294117647,80.21518110236222,3.208607244094489,fixture-level distance scale anomaly (~25x)
1161.0,2025-06-11,1324771,65593,half_1,17,middle,3752,hsr,5.42,6.93,246.5572,9.862288,9.706976377952756,9.668909803921569,35.578239538239536,1.4231295815295815,fixture-level distance scale anomaly (~25x)
1161.0,2025-06-11,1324772,65593,half_1,17,middle,3752,hsr,5.52,6.99,131.9264,5.277056,5.193952755905512,5.17358431372549,18.873590844062946,0.7549436337625178,fixture-level distance scale anomaly (~25x)
1161.0,2025-06-11,1324773,65593,half_1,19,bottom,3752,hsr,5.41,6.62,644.7492,25.789968,25.383826771653542,25.284282352941176,97.39413897280966,3.8957655589123865,fixture-level distance scale anomaly (~25x)
1161.0,2025-06-11,1324774,65593,half_1,22,top,3752,sprint,6.94,7.1,153.7344,6.149376,6.052535433070866,6.0287999999999995,21.652732394366197,0.8661092957746479,fixture-level distance scale anomaly (~25x)
1161.0,2025-06-11,1324775,65593,half_1,22,middle,3753,hsr,5.46,5.98,258.664,10.34656,10.183622047244095,10.143686274509804,43.25484949832775,1.7301939799331103,fixture-level distance scale anomaly (~25x)
1161.0,2025-06-11,1324776,65593,half_1,22,top,3752,hsr,5.49,6.97,150.64,6.0256,5.930708661417323,5.907450980392157,21.612625538020083,0.8645050215208034,fixture-level distance scale anomaly (~25x)
1161.0,2025-06-11,1324777,65593,half_1,22,middle,3752,hsr,5.46,6.91,236.9388,9.477552,9.328299212598425,9.291717647058823,34.28926193921852,1.3715704775687407,fixture-level distance scale anomaly (~25x)
1161.0,2025-06-11,1324778,65593,half_1,25,bottom,3753,hsr,5.5,5.88,158.26999999999998,6.330799999999999,6.231102362204724,6.206666666666666,26.916666666666664,1.0766666666666664,fixture-level distance scale anomaly (~25x)
1161.0,2025-06-11,1324780,65593,half_1,26,middle,3752,hsr,5.44,6.57,341.42359999999996,13.656944,13.44187401574803,13.389160784313724,51.96706240487062,2.078682496194825,fixture-level distance scale anomaly (~25x)
1161.0,2025-06-11,1324779,65593,half_1,27,middle,3752,sprint,6.94,7.61,513.7336,20.549344,20.22573228346457,20.146415686274512,67.50770039421813,2.7003080157687256,fixture-level distance scale anomaly (~25x)
1161.0,2025-06-11,1324781,65593,half_1,27,middle,3752,hsr,5.43,6.92,136.2988,5.451952,5.366094488188977,5.345050980392156,19.69635838150289,0.7878543352601156,fixture-level distance scale anomaly (~25x)
1161.0,2025-06-11,1324782,65593,half_1,27,bottom,3752,hsr,5.46,6.91,225.2016,9.008064000000001,8.86620472440945,8.831435294117648,32.59068017366136,1.3036272069464545,fixture-level distance scale anomaly (~25x)
1161.0,2025-06-11,1324783,65593,half_1,33,top,3753,hsr,5.45,5.66,115.6788,4.627152,4.554283464566929,4.536423529411764,20.437950530035334,0.8175180212014134,fixture-level distance scale anomaly (~25x)
1161.0,2025-06-11,1324784,65593,half_1,33,top,3752,hsr,5.49,5.74,139.20000000000002,5.5680000000000005,5.480314960629922,5.458823529411766,24.250871080139376,0.970034843205575,fixture-level distance scale anomaly (~25x)
1161.0,2025-06-11,1324785,65593,half_1,36,middle,3752,sprint,6.98,8.13,437.1604,17.486416,17.21103937007874,17.143545098039215,53.77126691266912,2.1508506765067645,fixture-level distance scale anomaly (~25x)
1161.0,2025-06-11,1324786,65593,half_1,36,middle,3752,hsr,5.4,5.62,154.1584,6.166336,6.069228346456693,6.045427450980392,27.43032028469751,1.0972128113879003,fixture-level distance scale anomaly (~25x)
1161.0,2025-06-11,1324787,65593,half_1,36,middle,3752,hsr,5.34,6.91,170.1172,6.804688,6.697527559055119,6.671262745098039,24.618986975397974,0.9847594790159189,fixture-level distance scale anomaly (~25x)
1161.0,2025-06-11,1324788,65593,half_1,40,middle,3753,hsr,5.49,5.69,116.03,4.6412,4.568110236220472,4.550196078431372,20.391915641476274,0.815676625659051,fixture-level distance scale anomaly (~25x)
1161.0,2025-06-11,1324789,65593,half_1,40,middle,3753,hsr,5.42,5.82,282.5396,11.301584,11.1236062992126,11.07998431372549,48.546323024054985,1.9418529209621993,fixture-level distance scale anomaly (~25x)
1161.0,2025-06-11,1324790,65593,half_1,42,top,3752,hsr,5.43,6.79,317.0884,12.683535999999998,12.483795275590552,12.434839215686274,46.699322533136964,1.8679729013254784,fixture-level distance scale anomaly (~25x)
1161.0,2025-06-11,1324791,65593,half_1,46,middle,3752,sprint,6.98,7.47,223.2024,8.928096,8.787496062992126,8.753035294117648,29.87983935742972,1.1951935742971889,fixture-level distance scale anomaly (~25x)
1161.0,2025-06-11,1324792,65593,half_1,46,top,3753,hsr,5.56,6.92,374.4956,14.979824,14.743921259842521,14.686101960784315,54.117861271676304,2.164714450867052,fixture-level distance scale anomaly (~25x)
1161.0,2025-06-11,1324793,65593,half_1,47,middle,3752,hsr,5.52,6.29,218.5388,8.741552,8.603889763779529,8.570149019607843,34.74384737678855,1.3897538950715422,fixture-level distance scale anomaly (~25x)
1161.0,2025-06-11,1324794,65593,half_2,2,top,3752,hsr,5.43,7.05,560.0964,22.403856,22.05103937007874,21.964564705882353,79.44629787234042,3.1778519148936173,fixture-level distance scale anomaly (~25x)
1161.0,2025-06-11,1324795,65593,half_2,5,top,3752,hsr,5.4,6.31,477.5072,19.100288,18.799496062992127,18.72577254901961,75.67467511885896,3.0269870047543583,fixture-level distance scale anomaly (~25x)
1161.0,2025-06-11,1324796,65593,half_2,9,top,3753,hsr,5.38,6.92,407.7108,16.308432,16.0516062992126,15.988658823529413,58.91774566473988,2.3567098265895954,fixture-level distance scale anomaly (~25x)
1161.0,2025-06-11,1324797,65593,half_2,9,top,3753,hsr,5.43,7.53,600.3456,24.013824,23.635653543307086,23.54296470588235,79.72717131474103,3.189086852589641,fixture-level distance scale anomaly (~25x)
1161.0,2025-06-11,1324798,65593,half_2,15,bottom,3752,hsr,5.45,5.76,241.5448,9.661792,9.50963779527559,9.472345098039217,41.93486111111111,1.6773944444444446,fixture-level distance scale anomaly (~25x)
1161.0,2025-06-11,1324799,65593,half_2,18,middle,3752,hsr,5.55,5.9,141.318,5.65272,5.563700787401576,5.541882352941177,23.95220338983051,0.9580881355932204,fixture-level distance scale anomaly (~25x)
1161.0,2025-06-11,1324290,65594,half_1,1,middle,3753,hsr,5.4,6.26,569.0432000000001,22.761728,22.403275590551186,22.31541960784314,90.90146964856231,3.636058785942492,fixture-level distance scale anomaly (~25x)
1161.0,2025-06-11,1324291,65594,half_1,2,middle,3753,hsr,5.52,6.25,205.2428,8.209712,8.080425196850394,8.04873725490196,32.838848,1.31355392,fixture-level distance scale anomaly (~25x)
1161.0,2025-06-11,1324292,65594,half_1,5,top,3752,hsr,5.42,5.66,165.8704,6.634816,6.530330708661417,6.504721568627451,29.30572438162544,1.1722289752650177,fixture-level distance scale anomaly (~25x)
1161.0,2025-06-11,1324294,65594,half_1,7,bottom,3752,hsr,5.49,6.58,365.952,14.63808,14.407559055118112,14.351058823529412,55.61580547112462,2.224632218844985,fixture-level distance scale anomaly (~25x)
1161.0,2025-06-11,1324295,65594,half_1,8,bottom,3752,hsr,5.52,6.91,296.02119999999996,11.840848,11.654377952755905,11.60867450980392,42.83953690303907,1.7135814761215629,fixture-level distance scale anomaly (~25x)
1161.0,2025-06-11,1324293,65594,half_1,9,bottom,3753,sprint,6.93,7.01,159.836,6.393440000000001,6.292755905511812,6.268078431372549,22.80114122681883,0.9120456490727533,fixture-level distance scale anomaly (~25x)
1161.0,2025-06-11,1324296,65594,half_1,9,bottom,3753,hsr,5.43,6.92,293.964,11.75856,11.573385826771654,11.528,42.480346820809245,1.6992138728323698,fixture-level distance scale anomaly (~25x)
1161.0,2025-06-11,1324297,65594,half_1,9,bottom,3753,hsr,5.44,6.92,276.5668,11.062672,10.888456692913387,10.845756862745098,39.966300578034684,1.5986520231213872,fixture-level distance scale anomaly (~25x)
1161.0,2025-06-11,1324298,65594,half_1,13,top,3753,sprint,6.98,7.39,236.5056,9.460224,9.311244094488188,9.274729411764705,32.00346414073071,1.2801385656292288,fixture-level distance scale anomaly (~25x)
1161.0,2025-06-11,1324299,65594,half_1,13,middle,3753,hsr,5.37,5.81,190.53,7.6212,7.501181102362205,7.471764705882353,32.7934595524957,1.311738382099828,fixture-level distance scale anomaly (~25x)
1161.0,2025-06-11,1324300,65594,half_1,13,top,3753,hsr,5.35,6.94,201.294,8.05176,7.9249606299212605,7.893882352941177,29.004899135446685,1.1601959654178673,fixture-level distance scale anomaly (~25x)
1161.0,2025-06-11,1324301,65594,half_1,17,bottom,3753,sprint,6.94,7.95,337.7452,13.509808,13.297055118110237,13.24490980392157,42.483672955974846,1.6993469182389935,fixture-level distance scale anomaly (~25x)
1161.0,2025-06-11,1324304,65594,half_1,17,bottom,3753,hsr,5.31,6.87,133.5256,5.341024,5.256913385826772,5.236298039215686,19.436040756914117,0.7774416302765648,fixture-level distance scale anomaly (~25x)
1161.0,2025-06-11,1324305,65594,half_1,17,middle,3753,hsr,5.4,5.64,227.0512,9.082048,8.939023622047245,8.90396862745098,40.25730496453901,1.6102921985815604,fixture-level distance scale anomaly (~25x)
1161.0,2025-06-11,1324302,65594,half_1,19,top,3753,sprint,6.99,8.52,762.6927999999999,30.507711999999998,30.02727559055118,29.909521568627447,89.51793427230047,3.580717370892019,fixture-level distance scale anomaly (~25x)
1161.0,2025-06-11,1324306,65594,half_1,19,bottom,3752,hsr,5.41,5.66,467.3996,18.695984,18.401559055118113,18.329396078431373,82.57943462897526,3.3031773851590103,fixture-level distance scale anomaly (~25x)
1161.0,2025-06-11,1324303,65594,half_1,20,top,3753,sprint,6.96,7.2,161.8608,6.474432,6.3724724409448825,6.347482352941177,22.480666666666668,0.8992266666666666,fixture-level distance scale anomaly (~25x)
1161.0,2025-06-11,1324307,65594,half_1,20,top,3753,hsr,5.41,6.92,191.4724,7.6588959999999995,7.53828346456693,7.50872156862745,27.66942196531792,1.1067768786127168,fixture-level distance scale anomaly (~25x)
1161.0,2025-06-11,1324308,65594,half_1,25,top,3753,hsr,5.42,5.76,235.6348,9.425392,9.27696062992126,9.240580392156863,40.90881944444445,1.636352777777778,fixture-level distance scale anomaly (~25x)
1161.0,2025-06-11,1324309,65594,half_1,32,top,3752,sprint,6.94,7.62,292.34159999999997,11.693663999999998,11.509511811023621,11.464376470588235,38.36503937007873,1.5346015748031494,fixture-level distance scale anomaly (~25x)
1161.0,2025-06-11,1324310,65594,half_1,32,top,3752,hsr,5.4,6.89,166.0664,6.642656,6.538047244094488,6.512407843137255,24.10252539912917,0.964101015965167,fixture-level distance scale anomaly (~25x)
1161.0,2025-06-11,1324311,65594,half_1,33,top,3752,hsr,5.61,6.22,151.1344,6.045376,5.950173228346457,5.926839215686274,24.29813504823151,0.9719254019292605,fixture-level distance scale anomaly (~25x)
1161.0,2025-06-11,1324312,65594,half_1,33,middle,3753,hsr,5.52,6.0,153.9556,6.158224000000001,6.061244094488189,6.037474509803921,25.659266666666667,1.0263706666666668,fixture-level distance scale anomaly (~25x)
1161.0,2025-06-11,1324313,65594,half_1,34,top,3753,hsr,5.5,5.91,181.6192,7.264768,7.15036220472441,7.122321568627451,30.73082910321489,1.2292331641285956,fixture-level distance scale anomaly (~25x)
1161.0,2025-06-11,1324314,65594,half_1,35,top,3753,hsr,5.44,5.8,270.92,10.8368,10.666141732283466,10.624313725490197,46.71034482758621,1.8684137931034484,fixture-level distance scale anomaly (~25x)
1161.0,2025-06-11,1324315,65594,half_1,36,middle,3752,hsr,5.47,6.71,322.0708,12.882832,12.679952755905513,12.630227450980392,47.99862891207154,1.9199451564828616,fixture-level distance scale anomaly (~25x)
1161.0,2025-06-11,1324316,65594,half_1,39,top,3752,hsr,5.56,6.15,180.0564,7.202256,7.088834645669292,7.061035294117647,29.277463414634145,1.171098536585366,fixture-level distance scale anomaly (~25x)
1161.0,2025-06-11,1324317,65594,half_1,40,middle,3753,hsr,5.41,6.55,384.6724,15.386896,15.144582677165355,15.085192156862744,58.7286106870229,2.349144427480916,fixture-level distance scale anomaly (~25x)
1161.0,2025-06-11,1324318,65594,half_1,40,top,3753,hsr,5.43,5.85,289.3428,11.573712,11.391448818897638,11.346776470588235,49.460307692307694,1.978412307692308,fixture-level distance scale anomaly (~25x)
1161.0,2025-06-11,1324319,65594,half_1,42,top,3753,hsr,5.54,6.27,199.9268,7.997071999999999,7.871133858267717,7.8402666666666665,31.886251993620416,1.2754500797448165,fixture-level distance scale anomaly (~25x)
1161.0,2025-06-11,1324321,65594,half_1,46,top,3753,hsr,5.52,6.17,173.924,6.9569600000000005,6.8474015748031505,6.820549019607843,28.188654781199354,1.127546191247974,fixture-level distance scale anomaly (~25x)
1161.0,2025-06-11,1324320,65594,half_1,47,top,3753,sprint,6.98,7.46,259.7404,10.389616,10.226,10.185898039215687,34.81774798927614,1.3927099195710455,fixture-level distance scale anomaly (~25x)
1161.0,2025-06-11,1324322,65594,half_1,47,top,3753,hsr,5.42,6.93,371.0756,14.843024,14.609275590551182,14.551984313725491,53.54626262626263,2.1418505050505052,fixture-level distance scale anomaly (~25x)
1161.0,2025-06-11,1324323,65594,half_2,1,top,3753,sprint,6.88,7.43,373.9128,14.956512,14.720976377952757,14.66324705882353,50.32473755047106,2.0129895020188426,fixture-level distance scale anomaly (~25x)
1161.0,2025-06-11,1324325,65594,half_2,1,middle,3753,hsr,5.41,6.93,148.5548,5.942192,5.848614173228347,5.825678431372549,21.436479076479078,0.8574591630591631,fixture-level distance scale anomaly (~25x)
1161.0,2025-06-11,1324326,65594,half_2,1,top,3753,hsr,5.47,6.86,443.2124,17.728496,17.449307086614173,17.380878431372548,64.60822157434401,2.5843288629737606,fixture-level distance scale anomaly (~25x)
1161.0,2025-06-11,1324327,65594,half_2,1,top,3752,hsr,5.45,5.61,132.06640000000002,5.282656,5.199464566929135,5.179074509803923,23.54124777183601,0.9416499108734403,fixture-level distance scale anomaly (~25x)
1161.0,2025-06-11,1324324,65594,half_2,5,top,3752,sprint,6.96,8.29,362.1972,14.487888,14.259732283464569,14.203811764705883,43.69085645355851,1.7476342581423403,fixture-level distance scale anomaly (~25x)
1161.0,2025-06-11,1324328,65594,half_2,7,middle,3752,hsr,5.5,6.74,355.10240000000005,14.204096000000002,13.9804094488189,13.925584313725492,52.68581602373888,2.107432640949555,fixture-level distance scale anomaly (~25x)
1161.0,2025-06-11,1324330,65594,half_2,12,bottom,3752,hsr,5.46,6.95,459.7888,18.391552,18.10192125984252,18.030933333333333,66.1566618705036,2.646266474820144,fixture-level distance scale anomaly (~25x)
1161.0,2025-06-11,1324329,65594,half_2,15,bottom,3752,sprint,6.98,8.33,490.9308,19.637231999999997,19.327984251968505,19.252188235294117,58.93527010804321,2.3574108043217286,fixture-level distance scale anomaly (~25x)
1161.0,2025-06-11,1324331,65594,half_2,15,middle,3753,hsr,5.45,6.25,229.3372,9.173487999999999,9.029023622047244,8.99361568627451,36.693951999999996,1.4677580799999999,fixture-level distance scale anomaly (~25x)
1161.0,2025-06-11,1324333,65594,half_2,24,bottom,3752,hsr,5.46,5.91,274.22,10.968800000000002,10.796062992125986,10.75372549019608,46.39932318104907,1.855972927241963,fixture-level distance scale anomaly (~25x)
1161.0,2025-06-11,1324332,65594,half_2,25,bottom,3753,sprint,7.01,7.98,285.3672,11.414688000000002,11.23492913385827,11.190870588235295,35.7603007518797,1.4304120300751881,fixture-level distance scale anomaly (~25x)
1161.0,2025-06-11,1324334,65594,half_2,29,middle,3753,sprint,6.86,8.55,657.452,26.29808,25.883937007874017,25.78243137254902,76.89497076023392,3.075798830409356,fixture-level distance scale anomaly (~25x)
1161.0,2025-06-11,1324335,65594,half_2,29,middle,3752,hsr,5.45,6.07,284.1888,11.367552,11.188535433070868,11.144658823529412,46.81858319604613,1.872743327841845,fixture-level distance scale anomaly (~25x)
1161.0,2025-06-11,1324336,65594,half_2,29,middle,3753,hsr,5.47,6.92,143.29319999999998,5.7317279999999995,5.641464566929134,5.619341176470588,20.707109826589594,0.8282843930635837,fixture-level distance scale anomaly (~25x)
1161.0,2025-06-11,1324337,65594,half_2,29,top,3752,hsr,5.5,6.8,244.2336,9.769344,9.615496062992126,9.577788235294117,35.91670588235294,1.4366682352941178,fixture-level distance scale anomaly (~25x)
1161.0,2025-06-11,1324338,65594,half_2,31,bottom,3752,hsr,5.42,6.55,613.0519999999999,24.522079999999995,24.13590551181102,24.04125490196078,93.59572519083969,3.7438290076335874,fixture-level distance scale anomaly (~25x)
1161.0,2025-06-11,1324339,65594,half_2,32,middle,3753,hsr,5.44,5.72,223.4832,8.939328,8.798551181102363,8.76404705882353,39.070489510489516,1.5628195804195804,fixture-level distance scale anomaly (~25x)
1161.0,2025-06-11,1324340,65594,half_2,34,top,3753,hsr,5.46,5.83,203.29,8.131599999999999,8.003543307086614,7.972156862745098,34.869639794168094,1.3947855917667236,fixture-level distance scale anomaly (~25x)
1161.0,2025-06-11,1324895,65595,half_2,21,middle,3753,hsr,5.49,6.81,402.1216,16.084864,15.831559055118111,15.769474509803922,59.04869309838473,2.361947723935389,fixture-level distance scale anomaly (~25x)
1161.0,2025-06-11,1324896,65595,half_2,22,middle,3753,hsr,5.43,5.48,114.1812,4.567248,4.49532283464567,4.477694117647059,20.835985401459855,0.8334394160583941,fixture-level distance scale anomaly (~25x)
1161.0,2025-06-11,1324897,65595,half_2,23,middle,3752,hsr,5.4,5.66,266.328,10.65312,10.485354330708661,10.444235294117647,47.054416961130734,1.8821766784452296,fixture-level distance scale anomaly (~25x)
1161.0,2025-06-11,1324898,65595,half_2,31,bottom,3752,sprint,6.97,7.14,168.5812,6.7432479999999995,6.637055118110236,6.611027450980392,23.610812324929974,0.9444324929971989,fixture-level distance scale anomaly (~25x)
1161.0,2025-06-11,1324899,65595,half_2,31,bottom,3752,hsr,5.41,6.94,211.8008,8.472032,8.338614173228347,8.305913725490196,30.51884726224784,1.2207538904899136,fixture-level distance scale anomaly (~25x)
1161.0,2025-06-11,1324900,65595,half_2,31,bottom,3752,hsr,5.5,6.97,150.8764,6.035056,5.940015748031496,5.916721568627451,21.64654232424677,0.8658616929698709,fixture-level distance scale anomaly (~25x)
1161.0,2025-06-11,1324901,65595,half_2,32,middle,3753,hsr,5.41,6.16,475.9724,19.038896,18.739070866141734,18.66558431372549,77.26824675324676,3.0907298701298704,fixture-level distance scale anomaly (~25x)
1161.0,2025-06-11,1324902,65595,half_2,33,bottom,3753,hsr,5.47,6.18,311.55159999999995,12.462063999999998,12.265811023622046,12.217709803921567,50.41288025889967,2.016515210355987,fixture-level distance scale anomaly (~25x)
1161.0,2025-06-11,1324903,65595,half_2,35,bottom,3752,hsr,5.43,5.86,255.2092,10.208368,10.0476062992126,10.008203921568628,43.55105802047782,1.7420423208191125,fixture-level distance scale anomaly (~25x)
1161.0,2025-06-11,1324904,65595,half_2,37,bottom,3752,sprint,6.89,7.26,240.7844,9.631376,9.479700787401576,9.44252549019608,33.16589531680441,1.3266358126721762,fixture-level distance scale anomaly (~25x)
1161.0,2025-06-11,1324905,65595,half_2,37,middle,3752,hsr,5.51,5.93,147.0728,5.882912,5.790267716535434,5.7675607843137255,24.801483979763912,0.9920593591905565,fixture-level distance scale anomaly (~25x)
1161.0,2025-06-11,1324906,65595,half_2,37,middle,3752,hsr,5.5,6.87,267.424,10.696959999999999,10.528503937007875,10.487215686274508,38.926346433770014,1.5570538573508004,fixture-level distance scale anomaly (~25x)
1161.0,2025-06-11,1324907,65595,half_2,38,middle,3753,hsr,5.51,6.11,190.8988,7.635952,7.515700787401575,7.486227450980392,31.243666121112927,1.2497466448445171,fixture-level distance scale anomaly (~25x)
1161.0,2025-06-11,1324908,65595,half_2,38,top,3752,hsr,5.46,5.74,178.8624,7.154496,7.041826771653544,7.014211764705883,31.160696864111497,1.24642787456446,fixture-level distance scale anomaly (~25x)
1161.0,2025-06-11,1324909,65595,half_2,39,middle,3753,hsr,5.41,6.13,551.3972,22.055888,21.708551181102365,21.623419607843136,89.95060358890701,3.5980241435562808,fixture-level distance scale anomaly (~25x)
1161.0,2025-06-11,1324910,65595,half_2,40,top,3753,hsr,5.46,6.52,352.8292,14.113168,13.890913385826773,13.836439215686275,54.11490797546013,2.164596319018405,fixture-level distance scale anomaly (~25x)
1161.0,2025-06-11,1324911,65595,half_2,40,bottom,3752,hsr,5.43,6.9,599.608,23.984319999999997,23.606614173228344,23.51403921568627,86.89971014492752,3.475988405797101,fixture-level distance scale anomaly (~25x)
1161.0,2025-06-11,1324912,65595,half_2,44,middle,3753,hsr,5.45,5.65,132.35920000000002,5.294368,5.210992125984252,5.190556862745098,23.42640707964602,0.9370562831858407,fixture-level distance scale anomaly (~25x)
1161.0,2025-06-11,1324913,65595,half_2,45,middle,3752,hsr,5.41,5.56,548.5532000000001,21.942128000000004,21.596582677165358,21.511890196078433,98.66064748201441,3.9464258992805763,fixture-level distance scale anomaly (~25x)
1161.0,2025-06-11,1324915,65595,half_2,47,middle,3752,hsr,5.43,5.69,155.2092,6.208368,6.1105984251968515,6.086635294117648,27.277539543057998,1.0911015817223197,fixture-level distance scale anomaly (~25x)
1161.0,2025-06-11,1324914,65595,half_2,48,top,3753,sprint,6.93,7.21,340.29519999999997,13.611807999999998,13.397448818897637,13.344909803921567,47.197669902912615,1.8879067961165046,fixture-level distance scale anomaly (~25x)
1161.0,2025-06-11,1324916,65595,half_2,48,top,3753,hsr,5.41,6.91,278.03000000000003,11.121200000000002,10.946062992125986,10.903137254901962,40.235890014471785,1.6094356005788715,fixture-level distance scale anomaly (~25x)
1161.0,2025-06-11,1324917,65595,half_2,48,top,3753,hsr,5.46,6.92,194.5652,7.782608,7.660047244094489,7.630007843137255,28.11635838150289,1.1246543352601155,fixture-level distance scale anomaly (~25x)
1161.0,2025-06-11,1324918,65595,half_2,51,bottom,3752,hsr,5.43,6.57,347.516,13.900640000000001,13.681732283464568,13.62807843137255,52.894368340943686,2.1157747336377475,fixture-level distance scale anomaly (~25x)
1161.0,2025-06-11,1324919,65595,half_2,51,bottom,3752,hsr,5.44,6.13,256.1604,10.246416,10.085055118110237,10.045505882352941,41.78799347471452,1.6715197389885807,fixture-level distance scale anomaly (~25x)
1161.0,2025-06-11,1324341,65596,half_1,1,middle,3753,sprint,6.89,8.35,756.456,30.25824,29.78173228346457,29.664941176470588,90.59353293413174,3.6237413173652695,fixture-level distance scale anomaly (~25x)
1161.0,2025-06-11,1324342,65596,half_1,1,bottom,3753,hsr,5.41,6.88,446.0936,17.843744,17.562740157480317,17.493866666666666,64.83918604651163,2.5935674418604653,fixture-level distance scale anomaly (~25x)
1161.0,2025-06-11,1324343,65596,half_1,1,top,3753,hsr,5.47,6.88,281.3088,11.252352,11.075149606299213,11.031717647058825,40.88790697674419,1.6355162790697675,fixture-level distance scale anomaly (~25x)
1161.0,2025-06-11,1324344,65596,half_1,2,top,3753,hsr,5.45,5.8,185.1704,7.406816,7.2901732283464575,7.26158431372549,31.92593103448276,1.2770372413793103,fixture-level distance scale anomaly (~25x)
1161.0,2025-06-11,1324345,65596,half_1,2,middle,3753,hsr,5.54,5.99,148.07399999999998,5.92296,5.829685039370078,5.806823529411764,24.720200333889814,0.9888080133555925,fixture-level distance scale anomaly (~25x)
1161.0,2025-06-11,1324346,65596,half_1,9,bottom,3753,hsr,5.42,7.06,699.9628,27.998512,27.557590551181104,27.44952156862745,99.14487252124647,3.965794900849859,fixture-level distance scale anomaly (~25x)
1161.0,2025-06-11,1324347,65596,half_1,10,middle,3753,hsr,5.45,6.64,325.39239999999995,13.015695999999998,12.810724409448818,12.760486274509802,49.004879518072286,1.9601951807228915,fixture-level distance scale anomaly (~25x)
1161.0,2025-06-11,1324348,65596,half_1,10,top,3752,hsr,5.45,6.32,285.0188,11.400752,11.221212598425197,11.177207843137255,45.09791139240506,1.8039164556962026,fixture-level distance scale anomaly (~25x)
1161.0,2025-06-11,1324349,65596,half_1,10,top,3753,hsr,5.5,6.77,291.4032,11.656128,11.47256692913386,11.427576470588237,43.043308714918766,1.7217323485967506,fixture-level distance scale anomaly (~25x)
1161.0,2025-06-11,1324350,65596,half_1,12,middle,3753,sprint,6.99,7.9,390.9592,15.638368,15.392094488188977,15.331733333333334,49.488506329113925,1.979540253164557,fixture-level distance scale anomaly (~25x)
1161.0,2025-06-11,1324351,65596,half_1,13,top,3753,hsr,5.46,6.05,248.37680000000003,9.935072000000002,9.778614173228348,9.740266666666669,41.05401652892563,1.6421606611570252,fixture-level distance scale anomaly (~25x)
1161.0,2025-06-11,1324352,65596,half_1,14,middle,3753,hsr,5.47,5.92,181.7956,7.2718240000000005,7.157307086614174,7.129239215686275,30.708716216216217,1.2283486486486488,fixture-level distance scale anomaly (~25x)
1161.0,2025-06-11,1324353,65596,half_1,14,top,3753,hsr,5.43,6.9,453.1624,18.126496,17.84103937007874,17.77107450980392,65.67571014492754,2.6270284057971014,fixture-level distance scale anomaly (~25x)
1161.0,2025-06-11,1324354,65596,half_1,17,top,3753,sprint,6.96,8.2,477.9392,19.117568000000002,18.816503937007877,18.742713725490198,58.285268292682936,2.3314107317073174,fixture-level distance scale anomaly (~25x)
1161.0,2025-06-11,1324355,65596,half_1,17,bottom,3753,hsr,5.43,6.18,311.146,12.44584,12.249842519685041,12.201803921568628,50.34724919093851,2.0138899676375406,fixture-level distance scale anomaly (~25x)
1161.0,2025-06-11,1324356,65596,half_1,18,middle,3752,hsr,5.45,6.87,351.2724,14.050896,13.829622047244095,13.775388235294118,51.131353711790396,2.045254148471616,fixture-level distance scale anomaly (~25x)
1161.0,2025-06-11,1324357,65596,half_1,19,middle,3753,hsr,5.48,5.73,139.0332,5.561328,5.473748031496063,5.452282352941176,24.264083769633505,0.9705633507853402,fixture-level distance scale anomaly (~25x)
1161.0,2025-06-11,1324358,65596,half_1,20,bottom,3753,hsr,5.48,6.29,248.178,9.92712,9.770787401574804,9.732470588235294,39.45596184419714,1.5782384737678856,fixture-level distance scale anomaly (~25x)
1161.0,2025-06-11,1324359,65596,half_1,20,top,3752,hsr,5.44,6.31,291.0152,11.640608,11.457291338582678,11.412360784313725,46.11968304278923,1.8447873217115691,fixture-level distance scale anomaly (~25x)
1161.0,2025-06-11,1324360,65596,half_1,21,middle,3753,hsr,5.48,5.86,186.794,7.471760000000001,7.354094488188977,7.325254901960784,31.876109215017063,1.2750443686006827,fixture-level distance scale anomaly (~25x)
1161.0,2025-06-11,1324361,65596,half_1,22,top,3753,hsr,5.43,6.68,333.28159999999997,13.331264,13.12132283464567,13.069866666666666,49.89245508982036,1.9956982035928144,fixture-level distance scale anomaly (~25x)
1161.0,2025-06-11,1324362,65596,half_1,23,top,3752,hsr,5.43,7.12,484.3052,19.372208,19.067133858267717,18.992360784313725,68.02039325842696,2.720815730337079,fixture-level distance scale anomaly (~25x)
1161.0,2025-06-11,1324363,65596,half_1,24,middle,3752,hsr,5.54,6.25,175.12040000000002,7.004816000000001,6.894503937007875,6.867466666666667,28.019264000000003,1.1207705600000002,fixture-level distance scale anomaly (~25x)
1161.0,2025-06-11,1324364,65596,half_1,24,middle,3752,hsr,5.48,5.92,216.704,8.66816,8.531653543307087,8.498196078431373,36.605405405405406,1.4642162162162162,fixture-level distance scale anomaly (~25x)
1161.0,2025-06-11,1324365,65596,half_1,25,top,3753,hsr,5.42,5.55,114.7708,4.590832,4.518535433070866,4.5008156862745095,20.679423423423422,0.827176936936937,fixture-level distance scale anomaly (~25x)
1161.0,2025-06-11,1324366,65596,half_1,25,top,3752,hsr,5.42,6.74,373.0036,14.920144,14.685181102362206,14.627592156862745,55.341780415430264,2.2136712166172106,fixture-level distance scale anomaly (~25x)
1161.0,2025-06-11,1324367,65596,half_1,28,top,3752,sprint,6.92,8.5,648.4144,25.936576,25.52812598425197,25.42801568627451,76.28404705882353,3.051361882352941,fixture-level distance scale anomaly (~25x)
1161.0,2025-06-11,1324368,65596,half_1,28,bottom,3753,hsr,5.43,5.99,380.5012,15.220047999999998,14.98036220472441,14.921615686274508,63.52273789649415,2.540909515859766,fixture-level distance scale anomaly (~25x)
1161.0,2025-06-11,1324369,65596,half_1,28,top,3752,hsr,5.44,6.86,135.4756,5.419023999999999,5.333685039370079,5.31276862745098,19.748629737609328,0.7899451895043731,fixture-level distance scale anomaly (~25x)
1161.0,2025-06-11,1324370,65596,half_1,32,top,3752,sprint,6.87,9.44,740.5296000000001,29.621184000000003,29.154708661417327,29.04037647058824,78.44593220338984,3.137837288135594,fixture-level distance scale anomaly (~25x)
1161.0,2025-06-11,1324371,65596,half_1,32,top,3752,sprint,6.94,7.41,287.812,11.51248,11.331181102362207,11.286745098039216,38.841025641025645,1.5536410256410256,fixture-level distance scale anomaly (~25x)
1161.0,2025-06-11,1324373,65596,half_1,32,top,3752,hsr,5.46,6.83,438.548,17.54192,17.265669291338583,17.197960784313725,64.2090775988287,2.568363103953148,fixture-level distance scale anomaly (~25x)
1161.0,2025-06-11,1324374,65596,half_1,32,top,3752,hsr,5.44,6.9,185.5632,7.422528,7.305637795275591,7.276988235294118,26.893217391304347,1.0757286956521739,fixture-level distance scale anomaly (~25x)
1161.0,2025-06-11,1324375,65596,half_1,32,top,3752,hsr,5.41,6.95,148.8492,5.953968,5.860204724409449,5.837223529411765,21.41715107913669,0.8566860431654676,fixture-level distance scale anomaly (~25x)
1161.0,2025-06-11,1324376,65596,half_1,34,top,3753,hsr,5.41,5.82,253.4304,10.137216,9.977574803149606,9.93844705882353,43.54474226804123,1.7417896907216495,fixture-level distance scale anomaly (~25x)
1161.0,2025-06-11,1324372,65596,half_1,35,middle,3753,sprint,6.89,8.57,663.9884000000001,26.559536,26.141275590551185,26.038760784313727,77.47822637106185,3.0991290548424737,fixture-level distance scale anomaly (~25x)
1161.0,2025-06-11,1324377,65596,half_1,35,bottom,3753,hsr,5.45,6.85,240.9464,9.637856000000001,9.486078740157481,9.448878431372549,35.174656934306576,1.406986277372263,fixture-level distance scale anomaly (~25x)
1161.0,2025-06-11,1324378,65596,half_1,36,middle,3753,sprint,6.92,7.54,319.4324,12.777296,12.57607874015748,12.526760784313725,42.3650397877984,1.6946015915119363,fixture-level distance scale anomaly (~25x)
1161.0,2025-06-11,1324379,65596,half_1,36,middle,3753,hsr,5.5,6.89,214.0628,8.562512,8.427669291338583,8.394619607843138,31.068621190130628,1.242744847605225,fixture-level distance scale anomaly (~25x)
1161.0,2025-06-11,1324380,65596,half_1,37,bottom,3753,hsr,5.45,6.93,430.7676,17.230704,16.959354330708663,16.89284705882353,62.15982683982684,2.4863930735930735,fixture-level distance scale anomaly (~25x)
1161.0,2025-06-11,1324381,65596,half_1,38,middle,3752,hsr,5.5,6.76,291.5852,11.663407999999999,11.479732283464568,11.434713725490196,43.133905325443784,1.7253562130177513,fixture-level distance scale anomaly (~25x)
1161.0,2025-06-11,1324382,65596,half_1,40,middle,3753,hsr,5.47,7.26,345.632,13.82528,13.607559055118111,13.554196078431373,47.607713498622594,1.9043085399449036,fixture-level distance scale anomaly (~25x)
1161.0,2025-06-11,1324383,65596,half_1,40,middle,3753,hsr,5.43,6.16,501.3868,20.055471999999998,19.73963779527559,19.662227450980392,81.39396103896104,3.255758441558441,fixture-level distance scale anomaly (~25x)
1161.0,2025-06-11,1324384,65596,half_1,42,top,3753,hsr,5.54,6.21,180.89120000000003,7.235648000000001,7.1217007874015765,7.093772549019609,29.129017713365545,1.1651607085346218,fixture-level distance scale anomaly (~25x)
1161.0,2025-06-11,1324385,65596,half_1,46,middle,3752,sprint,6.96,7.09,153.668,6.14672,6.04992125984252,6.026196078431373,21.673906911142456,0.8669562764456982,fixture-level distance scale anomaly (~25x)
1161.0,2025-06-11,1324386,65596,half_1,46,middle,3752,hsr,5.44,6.93,218.4796,8.739184,8.601559055118111,8.567827450980392,31.526637806637808,1.2610655122655123,fixture-level distance scale anomaly (~25x)
1161.0,2025-06-11,1324387,65596,half_1,46,middle,3752,hsr,5.44,6.95,187.7832,7.511328,7.39303937007874,7.364047058823529,27.019165467625896,1.080766618705036,fixture-level distance scale anomaly (~25x)
1161.0,2025-06-11,1324388,65596,half_1,47,top,3753,hsr,5.46,5.72,167.20080000000002,6.688032000000001,6.582708661417324,6.556894117647059,29.230909090909094,1.1692363636363639,fixture-level distance scale anomaly (~25x)
1161.0,2025-06-11,1324390,65596,half_2,1,middle,3753,hsr,5.38,7.12,404.1348,16.165392,15.910818897637796,15.848423529411765,56.76050561797752,2.270420224719101,fixture-level distance scale anomaly (~25x)
1161.0,2025-06-11,1324391,65596,half_2,1,top,3753,hsr,5.45,5.87,250.0384,10.001536,9.844031496062993,9.805427450980392,42.595979557069846,1.7038391822827939,fixture-level distance scale anomaly (~25x)
1161.0,2025-06-11,1324392,65596,half_2,2,top,3752,hsr,5.42,6.01,223.746,8.94984,8.808897637795276,8.77435294117647,37.22895174708819,1.4891580698835276,fixture-level distance scale anomaly (~25x)
1161.0,2025-06-11,1324393,65596,half_2,2,top,3753,hsr,5.57,6.21,174.8832,6.995328,6.8851653543307085,6.858164705882352,28.161545893719804,1.1264618357487923,fixture-level distance scale anomaly (~25x)
1161.0,2025-06-11,1324394,65596,half_2,4,middle,3752,hsr,5.08,7.67,718.6888,28.747552,28.294834645669294,28.18387450980392,93.7012777053455,3.74805110821382,fixture-level distance scale anomaly (~25x)
1161.0,2025-06-11,1324389,65596,half_2,5,middle,3753,sprint,6.97,7.22,169.2828,6.771312,6.664677165354331,6.638541176470588,23.446371191135736,0.9378548476454294,fixture-level distance scale anomaly (~25x)
1161.0,2025-06-11,1324395,65596,half_2,5,middle,3753,hsr,5.49,6.93,143.40679999999998,5.736271999999999,5.645937007874015,5.623796078431371,20.69362193362193,0.8277448773448772,fixture-level distance scale anomaly (~25x)
1161.0,2025-06-11,1324396,65596,half_2,5,middle,3753,hsr,5.45,6.99,131.0864,5.243456,5.16088188976378,5.1406431372549015,18.753419170243205,0.7501367668097282,fixture-level distance scale anomaly (~25x)
1161.0,2025-06-11,1324397,65596,half_2,6,middle,3753,sprint,6.96,7.16,168.6248,6.744992,6.638771653543307,6.612737254901961,23.55094972067039,0.9420379888268156,fixture-level distance scale anomaly (~25x)
1161.0,2025-06-11,1324399,65596,half_2,6,middle,3752,hsr,5.44,6.49,320.7024,12.828096,12.626078740157482,12.576564705882353,49.41485362095531,1.9765941448382127,fixture-level distance scale anomaly (~25x)
1161.0,2025-06-11,1324400,65596,half_2,6,middle,3753,hsr,5.52,6.96,144.3608,5.774432000000001,5.683496062992127,5.661207843137255,20.741494252873565,0.8296597701149426,fixture-level distance scale anomaly (~25x)
1161.0,2025-06-11,1324401,65596,half_2,6,top,3752,hsr,5.41,6.93,204.3196,8.172784,8.044078740157481,8.012533333333334,29.483347763347766,1.1793339105339107,fixture-level distance scale anomaly (~25x)
1161.0,2025-06-11,1324398,65596,half_2,7,middle,3753,sprint,6.93,7.78,504.4252,20.177008,19.859259842519688,19.781380392156862,64.83614395886889,2.593445758354756,fixture-level distance scale anomaly (~25x)
1161.0,2025-06-11,1324402,65596,half_2,7,bottom,3753,hsr,5.47,6.91,244.6416,9.785664,9.631559055118112,9.593788235294118,35.40399421128799,1.4161597684515197,fixture-level distance scale anomaly (~25x)
1161.0,2025-06-11,1324403,65596,half_2,11,middle,3752,sprint,6.87,7.63,498.0364,19.921456,19.607732283464568,19.530839215686274,65.27344692005242,2.610937876802097,fixture-level distance scale anomaly (~25x)
1161.0,2025-06-11,1324404,65596,half_2,11,middle,3752,sprint,6.86,7.83,503.2912,20.131648,19.814614173228346,19.73690980392157,64.27729246487867,2.5710916985951466,fixture-level distance scale anomaly (~25x)
1161.0,2025-06-11,1324405,65596,half_2,11,middle,3752,sprint,6.84,7.88,327.004,13.080160000000001,12.874173228346459,12.823686274509805,41.497969543147214,1.6599187817258885,fixture-level distance scale anomaly (~25x)
1161.0,2025-06-11,1324407,65596,half_2,11,middle,3752,hsr,5.49,5.76,145.0368,5.801472,5.710110236220473,5.6877176470588235,25.18,1.0072,fixture-level distance scale anomaly (~25x)
1161.0,2025-06-11,1324408,65596,half_2,11,middle,3752,hsr,6.56,6.85,155.2996,6.211984,6.114157480314961,6.090180392156863,22.671474452554744,0.9068589781021898,fixture-level distance scale anomaly (~25x)
1161.0,2025-06-11,1324406,65596,half_2,15,top,3752,sprint,6.88,8.4,872.262,34.89048,34.341023622047246,34.20635294117647,103.84071428571427,4.153628571428571,fixture-level distance scale anomaly (~25x)
1161.0,2025-06-11,1324409,65596,half_2,15,middle,3753,hsr,5.45,5.6,131.9044,5.276176,5.193086614173229,5.172721568627451,23.554357142857146,0.9421742857142859,fixture-level distance scale anomaly (~25x)
1161.0,2025-06-11,1324410,65596,half_2,15,middle,3753,hsr,5.46,6.86,378.5748,15.142992,14.90451968503937,14.846070588235293,55.185830903790084,2.207433236151603,fixture-level distance scale anomaly (~25x)
1161.0,2025-06-11,1324411,65596,half_2,17,top,3753,sprint,6.93,8.01,407.8156,16.312624,16.055732283464568,15.992768627450982,50.91330836454432,2.0365323345817727,fixture-level distance scale anomaly (~25x)
1161.0,2025-06-11,1324412,65596,half_2,17,top,3753,hsr,5.55,6.85,463.8344,18.553376,18.261196850393702,18.18958431372549,67.71305109489052,2.708522043795621,fixture-level distance scale anomaly (~25x)
1161.0,2025-06-11,1324413,65596,half_2,22,middle,3753,sprint,6.95,7.65,548.1864,21.927456000000003,21.582141732283468,21.497505882352943,71.65835294117647,2.866334117647059,fixture-level distance scale anomaly (~25x)
1161.0,2025-06-11,1324415,65596,half_2,22,middle,3753,hsr,5.45,6.91,198.9012,7.956047999999999,7.830755905511811,7.800047058823529,28.784544138929085,1.1513817655571634,fixture-level distance scale anomaly (~25x)
1161.0,2025-06-11,1324416,65596,half_2,22,middle,3752,hsr,5.39,6.94,172.798,6.91192,6.8030708661417325,6.776392156862745,24.898847262247838,0.9959538904899136,fixture-level distance scale anomaly (~25x)
1161.0,2025-06-11,1324414,65596,half_2,23,top,3752,sprint,6.96,7.41,236.6824,9.467296,9.31820472440945,9.28166274509804,31.94094466936572,1.2776377867746287,fixture-level distance scale anomaly (~25x)
1161.0,2025-06-11,1324417,65596,half_2,23,top,3752,hsr,5.56,6.91,390.1316000000001,15.605264000000004,15.359511811023626,15.299278431372553,56.45898697539799,2.2583594790159194,fixture-level distance scale anomaly (~25x)
1161.0,2025-06-11,1324418,65596,half_2,23,top,3752,hsr,5.38,6.93,141.72840000000002,5.669136000000001,5.579858267716537,5.557976470588236,20.451428571428576,0.818057142857143,fixture-level distance scale anomaly (~25x)
1161.0,2025-06-11,1324419,65596,half_2,29,middle,3753,sprint,6.97,7.28,206.0596,8.242384,8.112582677165355,8.08076862745098,28.304890109890106,1.1321956043956043,fixture-level distance scale anomaly (~25x)
1161.0,2025-06-11,1324420,65596,half_2,29,middle,3753,hsr,5.52,6.69,257.9644,10.318576,10.156078740157481,10.116250980392158,38.559701046337814,1.5423880418535127,fixture-level distance scale anomaly (~25x)
1161.0,2025-06-11,1324421,65596,half_2,29,middle,3753,hsr,5.51,6.98,131.4632,5.258528,5.175716535433071,5.155419607843137,18.83426934097421,0.7533707736389684,fixture-level distance scale anomaly (~25x)
1161.0,2025-06-11,1324422,65596,half_2,29,middle,3753,hsr,5.45,6.93,167.7724,6.710896,6.605212598425197,6.579309803921569,24.20958152958153,0.9683832611832612,fixture-level distance scale anomaly (~25x)
1161.0,2025-06-11,1324423,65596,half_2,33,middle,3752,sprint,6.95,9.39,1608.3136,64.332544,63.31943307086615,63.07112156862745,171.27940362087327,6.85117614483493,fixture-level distance scale anomaly (~25x)
1161.0,2025-06-11,1324426,65596,half_2,36,bottom,3752,hsr,5.49,5.71,155.9368,6.237472,6.139244094488189,6.115168627450981,27.309422066549914,1.0923768826619966,fixture-level distance scale anomaly (~25x)
1161.0,2025-06-11,1324427,65596,half_2,36,middle,3753,hsr,5.46,6.33,776.5864,31.063456000000002,30.574267716535434,30.454368627450982,122.68347551342812,4.907339020537125,fixture-level distance scale anomaly (~25x)
1161.0,2025-06-11,1324424,65596,half_2,38,top,3753,sprint,6.93,9.28,717.4771999999999,28.699087999999996,28.247133858267716,28.136360784313723,77.31435344827585,3.092574137931034,fixture-level distance scale anomaly (~25x)
1161.0,2025-06-11,1324428,65596,half_2,38,middle,3753,hsr,5.42,6.06,236.45119999999997,9.458047999999998,9.309102362204724,9.272596078431372,39.018349834983496,1.5607339933993396,fixture-level distance scale anomaly (~25x)
1161.0,2025-06-11,1324429,65596,half_2,38,middle,3753,hsr,5.41,6.87,153.29080000000002,6.131632000000001,6.035070866141734,6.011403921568628,22.31307132459971,0.8925228529839885,fixture-level distance scale anomaly (~25x)
1161.0,2025-06-11,1324425,65596,half_2,40,bottom,3752,sprint,6.95,7.21,247.7732,9.910928,9.754850393700789,9.716596078431373,34.365214979195564,1.3746085991678225,fixture-level distance scale anomaly (~25x)
1161.0,2025-06-11,1324430,65596,half_2,40,middle,3752,hsr,5.45,6.94,193.4912,7.739648,7.617763779527559,7.587890196078431,27.880576368876078,1.1152230547550432,fixture-level distance scale anomaly (~25x)
1161.0,2025-06-11,1324431,65596,half_2,40,bottom,3752,hsr,5.41,6.92,333.6952,13.347808,13.1376062992126,13.086086274509803,48.22184971098266,1.9288739884393065,fixture-level distance scale anomaly (~25x)
1161.0,2025-06-11,1324432,65596,half_2,42,middle,3753,sprint,6.94,7.66,382.8796,15.315183999999999,15.074,15.014886274509804,49.9842819843342,1.999371279373368,fixture-level distance scale anomaly (~25x)
1161.0,2025-06-11,1324434,65596,half_2,42,bottom,3753,hsr,5.42,6.63,348.8944,13.955776,13.736,13.682133333333335,52.62358974358975,2.10494358974359,fixture-level distance scale anomaly (~25x)
1161.0,2025-06-11,1324435,65596,half_2,42,bottom,3753,hsr,5.41,6.97,547.82,21.9128,21.567716535433075,21.483137254901962,78.59684361549499,3.1438737446197993,fixture-level distance scale anomaly (~25x)
1161.0,2025-06-11,1324436,65596,half_2,42,middle,3753,hsr,5.44,6.89,154.5928,6.183712000000001,6.086330708661418,6.062462745098039,22.43727140783745,0.897490856313498,fixture-level distance scale anomaly (~25x)
1161.0,2025-06-11,1324437,65596,half_2,42,top,3753,hsr,5.42,6.93,129.9488,5.197952,5.116094488188977,5.09603137254902,18.751630591630594,0.7500652236652237,fixture-level distance scale anomaly (~25x)
1161.0,2025-06-11,1324433,65596,half_2,44,middle,3753,sprint,6.94,8.02,602.596,24.10384,23.72425196850394,23.63121568627451,75.13665835411472,3.005466334164589,fixture-level distance scale anomaly (~25x)
1161.0,2025-06-11,1324438,65596,half_2,44,middle,3753,hsr,5.42,6.88,159.814,6.39256,6.291889763779528,6.267215686274509,23.22877906976744,0.9291511627906976,fixture-level distance scale anomaly (~25x)
1161.0,2025-06-11,1324439,65596,half_2,45,top,3753,hsr,5.52,6.36,225.878,9.03512,8.892834645669291,8.857960784313725,35.51540880503144,1.4206163522012576,fixture-level distance scale anomaly (~25x)
1161.0,2025-06-11,1324440,65596,half_2,45,middle,3752,hsr,5.44,6.7,998.778,39.95112,39.32196850393701,39.167764705882355,149.07134328358208,5.962853731343284,fixture-level distance scale anomaly (~25x)
1161.0,2025-06-11,1324441,65596,half_2,47,top,3753,hsr,5.4,5.74,251.4328,10.057312,9.898929133858267,9.860109803921569,43.803623693379784,1.7521449477351916,fixture-level distance scale anomaly (~25x)
1161.0,2025-06-11,1324442,65596,half_2,47,top,3753,hsr,5.44,5.69,116.0552,4.642208,4.569102362204725,4.55118431372549,20.39634446397188,0.8158537785588752,fixture-level distance scale anomaly (~25x)
1161.0,2025-06-11,1324443,65596,half_2,52,middle,3753,sprint,7.03,8.94,984.2552,39.370208,38.75020472440945,38.5982431372549,110.09565995525728,4.403826398210291,fixture-level distance scale anomaly (~25x)
1161.0,2025-06-11,1324445,65597,half_1,2,middle,3753,hsr,5.46,5.88,186.9496,7.477984,7.360220472440945,7.331356862745098,31.794149659863947,1.2717659863945578,fixture-level distance scale anomaly (~25x)
1161.0,2025-06-11,1324446,65597,half_1,2,middle,3753,hsr,5.51,6.37,213.7072,8.548288,8.413669291338584,8.38067450980392,33.54901098901099,1.3419604395604394,fixture-level distance scale anomaly (~25x)
1161.0,2025-06-11,1324444,65597,half_1,3,middle,3753,sprint,7.0,7.23,147.86,5.9144000000000005,5.8212598425196855,5.79843137254902,20.450899031811897,0.8180359612724758,fixture-level distance scale anomaly (~25x)
1161.0,2025-06-11,1324447,65597,half_1,3,middle,3753,hsr,5.48,6.95,130.864,5.23456,5.152125984251969,5.131921568627451,18.829352517985612,0.7531741007194245,fixture-level distance scale anomaly (~25x)
1161.0,2025-06-11,1324448,65597,half_1,4,bottom,3753,hsr,5.45,6.37,434.4232,17.376928,17.10327559055118,17.036203921568628,68.19830455259027,2.7279321821036104,fixture-level distance scale anomaly (~25x)
1161.0,2025-06-11,1324449,65597,half_1,7,bottom,3752,sprint,6.99,8.49,488.9532,19.558128,19.25012598425197,19.174635294117646,57.59166077738516,2.3036664310954063,fixture-level distance scale anomaly (~25x)
1161.0,2025-06-11,1324451,65597,half_1,7,bottom,3752,hsr,5.48,5.82,174.55319999999998,6.9821279999999994,6.8721732283464565,6.845223529411764,29.991958762886593,1.1996783505154638,fixture-level distance scale anomaly (~25x)
1161.0,2025-06-11,1324450,65597,half_1,9,bottom,3753,sprint,6.95,8.22,438.6176,17.544704,17.268409448818897,17.20069019607843,53.35980535279805,2.134392214111922,fixture-level distance scale anomaly (~25x)
1161.0,2025-06-11,1324452,65597,half_1,9,bottom,3753,hsr,5.34,6.86,127.9112,5.116448,5.035874015748032,5.016125490196078,18.64594752186589,0.7458379008746355,fixture-level distance scale anomaly (~25x)
1161.0,2025-06-11,1324453,65597,half_1,12,middle,3752,hsr,5.44,5.69,189.2928,7.571712,7.452472440944883,7.423247058823529,33.267627416520206,1.3307050966608083,fixture-level distance scale anomaly (~25x)
1161.0,2025-06-11,1324454,65597,half_1,13,middle,3752,hsr,5.49,6.1,250.1272,10.005087999999999,9.847527559055118,9.808909803921567,41.00445901639344,1.6401783606557376,fixture-level distance scale anomaly (~25x)
1161.0,2025-06-11,1324455,65597,half_1,17,top,3753,sprint,6.92,7.08,209.968,8.398719999999999,8.266456692913385,8.234039215686273,29.65649717514124,1.1862598870056495,fixture-level distance scale anomaly (~25x)
1161.0,2025-06-11,1324456,65597,half_1,17,middle,3752,sprint,6.97,7.68,353.5736,14.142944,13.920220472440946,13.86563137254902,46.03822916666667,1.8415291666666667,fixture-level distance scale anomaly (~25x)
1161.0,2025-06-11,1324458,65597,half_1,17,top,3753,hsr,5.45,6.94,200.956,8.03824,7.911653543307087,7.880627450980391,28.956195965417866,1.1582478386167145,fixture-level distance scale anomaly (~25x)
1161.0,2025-06-11,1324459,65597,half_1,17,top,3753,hsr,5.49,6.91,350.80240000000003,14.032096000000001,13.811118110236222,13.756956862745099,50.767351664254704,2.030694066570188,fixture-level distance scale anomaly (~25x)
1161.0,2025-06-11,1324460,65597,half_1,17,middle,3752,hsr,5.46,6.92,148.878,5.955119999999999,5.861338582677165,5.83835294117647,21.51416184971098,0.8605664739884392,fixture-level distance scale anomaly (~25x)
1161.0,2025-06-11,1324457,65597,half_1,19,middle,3752,sprint,6.94,7.28,270.6788,10.827152000000002,10.65664566929134,10.614854901960785,37.18115384615385,1.487246153846154,fixture-level distance scale anomaly (~25x)
1161.0,2025-06-11,1324461,65597,half_1,19,middle,3752,hsr,5.46,6.96,137.3364,5.493456,5.406944881889764,5.385741176470588,19.732241379310345,0.7892896551724138,fixture-level distance scale anomaly (~25x)
1161.0,2025-06-11,1324462,65597,half_1,19,bottom,3752,hsr,5.4,6.91,241.3676,9.654704,9.502661417322836,9.465396078431374,34.930188133140376,1.397207525325615,fixture-level distance scale anomaly (~25x)
1161.0,2025-06-11,1324463,65597,half_1,22,middle,3753,hsr,5.47,7.2,389.4028,15.576112,15.330818897637796,15.270698039215686,54.08372222222222,2.1633488888888888,fixture-level distance scale anomaly (~25x)
1161.0,2025-06-11,1324464,65597,half_1,25,bottom,3753,hsr,5.51,6.19,210.2932,8.411728,8.279259842519686,8.246792156862746,33.973053311793215,1.3589221324717284,fixture-level distance scale anomaly (~25x)
1161.0,2025-06-11,1324465,65597,half_1,27,bottom,3752,hsr,5.41,6.87,452.5116,18.100464,17.815417322834644,17.74555294117647,65.86777292576419,2.6347109170305676,fixture-level distance scale anomaly (~25x)
1161.0,2025-06-11,1324467,65597,half_1,32,top,3752,hsr,5.38,6.38,391.724,15.66896,15.422204724409449,15.361725490196077,61.398746081504704,2.4559498432601883,fixture-level distance scale anomaly (~25x)
1161.0,2025-06-11,1324466,65597,half_1,35,top,3753,sprint,6.93,8.26,456.0368,18.241472,17.95420472440945,17.883796078431374,55.21026634382567,2.208410653753027,fixture-level distance scale anomaly (~25x)
1161.0,2025-06-11,1324468,65597,half_1,35,middle,3753,hsr,5.43,6.86,129.0896,5.163583999999999,5.082267716535433,5.06233725490196,18.817725947521865,0.7527090379008745,fixture-level distance scale anomaly (~25x)
1161.0,2025-06-11,1324469,65597,half_1,39,middle,3752,hsr,5.44,6.65,625.922,25.03688,24.64259842519685,24.545960784313728,94.1236090225564,3.7649443609022555,fixture-level distance scale anomaly (~25x)
1161.0,2025-06-11,1324470,65597,half_1,40,middle,3753,hsr,5.42,6.5,636.672,25.46688,25.065826771653544,24.96752941176471,97.94953846153847,3.9179815384615386,fixture-level distance scale anomaly (~25x)
1161.0,2025-06-11,1324471,65597,half_1,42,top,3752,hsr,5.49,6.41,294.4092,11.776368,11.590913385826772,11.545458823529412,45.929672386895476,1.837186895475819,fixture-level distance scale anomaly (~25x)
1161.0,2025-06-11,1324472,65597,half_1,45,middle,3753,hsr,5.44,6.33,491.6388,19.665552,19.35585826771654,19.27995294117647,77.66805687203791,3.1067222748815166,fixture-level distance scale anomaly (~25x)
1161.0,2025-06-11,1324473,65597,half_1,46,top,3753,hsr,5.49,6.07,219.85440000000003,8.794176,8.65568503937008,8.62174117647059,36.219835255354205,1.448793410214168,fixture-level distance scale anomaly (~25x)
1161.0,2025-06-11,1324474,65597,half_2,2,top,3752,hsr,5.49,6.37,274.7592,10.990368,10.81729133858268,10.774870588235295,43.133312401883835,1.725332496075353,fixture-level distance scale anomaly (~25x)
1161.0,2025-06-11,1324475,65597,half_2,3,middle,3752,hsr,5.42,6.34,706.5120000000001,28.26048,27.815433070866145,27.706352941176473,111.43722397476341,4.457488958990536,fixture-level distance scale anomaly (~25x)
1161.0,2025-06-11,1324476,65597,half_2,11,middle,3752,hsr,5.49,6.35,213.2716,8.530864000000001,8.39651968503937,8.363592156862746,33.58607874015748,1.3434431496062995,fixture-level distance scale anomaly (~25x)
1161.0,2025-06-11,1324477,65597,half_2,11,middle,3752,hsr,5.46,7.16,538.942,21.55768,21.218188976377956,21.134980392156862,75.27122905027933,3.0108491620111733,fixture-level distance scale anomaly (~25x)
1161.0,2025-06-11,1324478,65597,half_2,15,middle,3752,hsr,5.43,6.16,667.75,26.71,26.28937007874016,26.186274509803923,108.40097402597402,4.336038961038961,fixture-level distance scale anomaly (~25x)
1161.0,2025-06-11,1324479,65597,half_2,24,bottom,3752,hsr,5.43,6.02,277.1944,11.087775999999998,10.913165354330708,10.87036862745098,46.04558139534883,1.8418232558139533,fixture-level distance scale anomaly (~25x)
1161.0,2025-06-11,1324480,65597,half_2,29,middle,3752,hsr,5.5,5.89,158.4536,6.338144,6.238330708661417,6.213866666666666,26.902139219015282,1.0760855687606112,fixture-level distance scale anomaly (~25x)
1161.0,2025-06-11,1324481,65597,half_2,31,bottom,3752,sprint,6.94,7.93,475.0532,19.002128,18.70288188976378,18.62953725490196,59.90582597730139,2.3962330390920554,fixture-level distance scale anomaly (~25x)
1161.0,2025-06-11,1324482,65597,half_2,31,bottom,3752,hsr,5.4,6.89,195.5872,7.823488,7.70028346456693,7.670086274509804,28.38711175616836,1.1354844702467344,fixture-level distance scale anomaly (~25x)
1161.0,2025-06-11,1324483,65597,half_2,33,bottom,3752,hsr,5.4,6.68,430.7976,17.231904,16.960535433070866,16.894023529411765,64.49065868263473,2.5796263473053895,fixture-level distance scale anomaly (~25x)
1161.0,2025-06-11,1324484,65597,half_2,40,bottom,3752,sprint,6.95,8.76,695.2392000000001,27.809568000000002,27.3716220472441,27.26428235294118,79.36520547945207,3.1746082191780824,fixture-level distance scale anomaly (~25x)
1161.0,2025-06-11,1324486,65597,half_2,43,middle,3752,hsr,5.45,6.41,330.7324,13.229296,13.02096062992126,12.969898039215686,51.59631825273011,2.0638527301092044,fixture-level distance scale anomaly (~25x)
1161.0,2025-06-11,1324485,65597,half_2,45,middle,3752,sprint,6.91,7.52,633.5047999999999,25.340192,24.941133858267715,24.843325490196076,84.24265957446808,3.3697063829787233,fixture-level distance scale anomaly (~25x)
1161.0,2025-06-11,1324487,65597,half_2,45,middle,3752,hsr,5.43,6.89,318.04560000000004,12.721824000000002,12.521480314960632,12.472376470588237,46.16046444121917,1.8464185776487667,fixture-level distance scale anomaly (~25x)
1161.0,2025-06-11,1324488,65597,half_2,45,bottom,3752,hsr,5.46,6.91,180.4448,7.217791999999999,7.104125984251969,7.076266666666666,26.113574529667147,1.0445429811866858,fixture-level distance scale anomaly (~25x)
1161.0,2025-06-11,1324869,65598,half_2,22,middle,3753,hsr,5.41,5.75,235.3908,9.415632,9.267354330708663,9.231011764705883,40.93753043478261,1.6375012173913044,fixture-level distance scale anomaly (~25x)
1161.0,2025-06-11,1324870,65598,half_2,23,top,3752,hsr,5.49,5.65,121.4136,4.856544,4.780062992125985,4.761317647058823,21.48913274336283,0.8595653097345133,fixture-level distance scale anomaly (~25x)
1161.0,2025-06-11,1324871,65598,half_2,23,bottom,3752,hsr,5.41,5.58,428.9656,17.158624,16.888409448818898,16.822180392156863,76.87555555555555,3.075022222222222,fixture-level distance scale anomaly (~25x)
1161.0,2025-06-11,1324872,65598,half_2,24,middle,3753,hsr,5.53,6.32,200.4312,8.017248,7.890992125984252,7.860047058823529,31.71379746835443,1.2685518987341773,fixture-level distance scale anomaly (~25x)
1161.0,2025-06-11,1324874,65598,half_2,29,middle,3753,hsr,5.42,6.5,484.3,19.372,19.06692913385827,18.992156862745098,74.50769230769231,2.9803076923076923,fixture-level distance scale anomaly (~25x)
1161.0,2025-06-11,1324873,65598,half_2,30,top,3752,sprint,6.95,7.71,422.4164,16.896656,16.63056692913386,16.565349019607844,54.788119325551236,2.1915247730220493,fixture-level distance scale anomaly (~25x)
1161.0,2025-06-11,1324875,65598,half_2,30,top,3752,hsr,5.47,5.83,162.9444,6.5177760000000005,6.415133858267717,6.389976470588235,27.949296740994853,1.1179718696397942,fixture-level distance scale anomaly (~25x)
1161.0,2025-06-11,1324876,65598,half_2,30,top,3752,hsr,5.48,6.89,142.578,5.70312,5.613307086614173,5.591294117647059,20.69346879535559,0.8277387518142236,fixture-level distance scale anomaly (~25x)
1161.0,2025-06-11,1324877,65598,half_2,31,bottom,3752,sprint,6.93,7.7,406.1536,16.246144,15.990299212598426,15.927592156862744,52.747220779220775,2.1098888311688313,fixture-level distance scale anomaly (~25x)
1161.0,2025-06-11,1324878,65598,half_2,31,bottom,3752,hsr,5.46,6.88,166.9852,6.679408,6.5742204724409445,6.548439215686274,24.27110465116279,0.9708441860465116,fixture-level distance scale anomaly (~25x)
1161.0,2025-06-11,1324879,65598,half_2,33,middle,3753,hsr,5.44,6.54,995.5904,39.823616,39.19647244094489,39.04276078431373,152.23094801223243,6.089237920489297,fixture-level distance scale anomaly (~25x)
1161.0,2025-06-11,1324880,65598,half_2,34,top,3753,hsr,5.5,6.23,517.03,20.6812,20.35551181102362,20.275686274509802,82.9903691813804,3.3196147672552168,fixture-level distance scale anomaly (~25x)
1161.0,2025-06-11,1324881,65598,half_2,35,bottom,3752,hsr,5.43,6.98,548.3848,21.935392,21.589952755905514,21.505286274509807,78.56515759312322,3.142606303724928,fixture-level distance scale anomaly (~25x)
1161.0,2025-06-11,1324882,65598,half_2,37,middle,3752,hsr,5.44,5.68,183.3376,7.3335040000000005,7.218015748031497,7.189709803921569,32.27774647887324,1.2911098591549297,fixture-level distance scale anomaly (~25x)
1161.0,2025-06-11,1324883,65598,half_2,40,top,3753,hsr,5.44,6.44,374.1224,14.964896000000001,14.729228346456695,14.671466666666667,58.09354037267081,2.323741614906832,fixture-level distance scale anomaly (~25x)
1161.0,2025-06-11,1324884,65598,half_2,40,bottom,3752,hsr,5.42,6.87,687.8564,27.514256,27.08096062992126,26.974760784313727,100.12465793304222,4.004986317321689,fixture-level distance scale anomaly (~25x)
1161.0,2025-06-11,1324885,65598,half_2,42,top,3753,hsr,5.46,6.21,342.3856,13.695424000000001,13.479748031496063,13.426886274509805,55.134557165861516,2.205382286634461,fixture-level distance scale anomaly (~25x)
1161.0,2025-06-11,1324886,65598,half_2,43,bottom,3752,hsr,5.44,5.95,402.6796000000001,16.107184000000004,15.853527559055124,15.791356862745102,67.67724369747901,2.7070897478991602,fixture-level distance scale anomaly (~25x)
1161.0,2025-06-11,1324887,65598,half_2,45,middle,3753,hsr,5.46,5.8,305.3324,12.213296,12.02096062992126,11.973819607843138,52.643517241379314,2.1057406896551725,fixture-level distance scale anomaly (~25x)
1161.0,2025-06-11,1324888,65598,half_2,45,bottom,3752,hsr,5.42,6.09,454.2436,18.169744,17.8836062992126,17.81347450980392,74.58844006568145,2.983537602627258,fixture-level distance scale anomaly (~25x)
1161.0,2025-06-11,1324890,65598,half_2,46,bottom,3753,hsr,5.41,7.1,452.1864,18.087456,17.802614173228346,17.7328,63.68822535211268,2.5475290140845073,fixture-level distance scale anomaly (~25x)
1161.0,2025-06-11,1324891,65598,half_2,46,top,3753,hsr,5.49,6.3,236.6316,9.465264,9.316204724409449,9.279670588235295,37.56057142857143,1.502422857142857,fixture-level distance scale anomaly (~25x)
1161.0,2025-06-11,1324889,65598,half_2,48,top,3753,sprint,6.95,8.58,638.3552,25.534208,25.132094488188976,25.033537254901958,74.40037296037296,2.9760149184149185,fixture-level distance scale anomaly (~25x)
1161.0,2025-06-11,1324892,65598,half_2,51,middle,3753,sprint,6.88,8.12,832.4348,33.297392,32.77302362204725,32.64450196078431,102.51660098522169,4.100664039408867,fixture-level distance scale anomaly (~25x)
1161.0,2025-06-11,1324893,65598,half_2,51,bottom,3752,hsr,5.49,6.97,157.30960000000002,6.292384000000001,6.193291338582678,6.1690039215686285,22.56952654232425,0.90278106169297,fixture-level distance scale anomaly (~25x)
1161.0,2025-06-11,1324894,65598,half_2,52,top,3753,hsr,5.45,6.85,499.7364,19.989456,19.674661417322834,19.59750588235294,72.95421897810219,2.9181687591240877,fixture-level distance scale anomaly (~25x)
1161.0,2025-06-11,1324489,65599,half_1,2,middle,3753,hsr,5.46,5.65,143.63039999999998,5.745215999999999,5.6547401574803144,5.632564705882352,25.42130973451327,1.0168523893805308,fixture-level distance scale anomaly (~25x)
1161.0,2025-06-11,1324490,65599,half_1,12,middle,3752,hsr,5.43,5.88,273.09839999999997,10.923936,10.751905511811023,10.709741176470587,46.445306122448976,1.857812244897959,fixture-level distance scale anomaly (~25x)
1161.0,2025-06-11,1324491,65599,half_1,15,middle,3753,hsr,5.48,5.68,138.58079999999998,5.543232,5.455937007874016,5.434541176470588,24.398028169014083,0.9759211267605634,fixture-level distance scale anomaly (~25x)
1161.0,2025-06-11,1324492,65599,half_1,16,bottom,3753,hsr,5.49,6.23,527.5608000000001,21.102432000000004,20.77011023622048,20.688658823529416,84.68070626003211,3.3872282504012845,fixture-level distance scale anomaly (~25x)
1161.0,2025-06-11,1324493,65599,half_1,19,middle,3752,hsr,5.42,5.75,286.30080000000004,11.452032,11.27168503937008,11.227482352941179,49.791443478260874,1.9916577391304349,fixture-level distance scale anomaly (~25x)
1161.0,2025-06-11,1324494,65599,half_1,24,bottom,3752,hsr,5.42,5.94,338.0672,13.522688,13.309732283464568,13.257537254901962,56.91367003367003,2.276546801346801,fixture-level distance scale anomaly (~25x)
1161.0,2025-06-11,1324496,65599,half_1,26,bottom,3753,hsr,5.48,6.42,356.6188,14.264752000000001,14.040110236220475,13.985050980392158,55.54809968847353,2.221923987538941,fixture-level distance scale anomaly (~25x)
1161.0,2025-06-11,1324497,65599,half_1,27,middle,3752,hsr,5.41,5.92,313.7988,12.551952000000002,12.354283464566931,12.305835294117648,53.00655405405406,2.1202621621621627,fixture-level distance scale anomaly (~25x)
1161.0,2025-06-11,1324495,65599,half_1,29,top,3753,sprint,6.96,7.85,343.3024,13.732095999999999,13.51584251968504,13.462839215686273,43.7327898089172,1.7493115923566878,fixture-level distance scale anomaly (~25x)
1161.0,2025-06-11,1324498,65599,half_1,29,top,3753,hsr,5.36,6.9,770.822,30.83288,30.34732283464567,30.228313725490196,111.71333333333332,4.468533333333333,fixture-level distance scale anomaly (~25x)
1161.0,2025-06-11,1324499,65599,half_1,32,top,3752,hsr,5.41,5.51,141.7432,5.669728,5.58044094488189,5.558556862745098,25.724718693284938,1.0289887477313975,fixture-level distance scale anomaly (~25x)
1161.0,2025-06-11,1324500,65599,half_1,42,top,3752,hsr,5.48,6.06,290.7848,11.631392,11.448220472440946,11.40332549019608,47.98429042904291,1.9193716171617163,fixture-level distance scale anomaly (~25x)
1161.0,2025-06-11,1324501,65599,half_1,46,middle,3752,sprint,6.94,7.99,831.33,33.2532,32.72952755905512,32.601176470588236,104.04630788485608,4.161852315394243,fixture-level distance scale anomaly (~25x)
1161.0,2025-06-11,1324502,65599,half_1,46,top,3753,hsr,5.46,6.95,143.2968,5.731871999999999,5.641606299212598,5.619482352941176,20.618244604316544,0.8247297841726617,fixture-level distance scale anomaly (~25x)
1161.0,2025-06-11,1324503,65599,half_1,46,middle,3752,hsr,5.42,6.89,160.1824,6.407296,6.306393700787402,6.281662745098039,23.248534107402033,0.9299413642960813,fixture-level distance scale anomaly (~25x)
1161.0,2025-06-11,1324504,65599,half_2,1,middle,3752,hsr,5.51,6.13,313.3332,12.533328,12.335952755905511,12.287576470588235,51.114714518760195,2.044588580750408,fixture-level distance scale anomaly (~25x)
1161.0,2025-06-11,1324505,65599,half_2,2,top,3752,hsr,5.47,6.15,322.77,12.9108,12.70748031496063,12.657647058823528,52.48292682926829,2.099317073170732,fixture-level distance scale anomaly (~25x)
1161.0,2025-06-11,1324506,65599,half_2,3,middle,3753,hsr,5.45,6.25,452.7556,18.110224000000002,17.825023622047247,17.75512156862745,72.44089600000001,2.8976358400000004,fixture-level distance scale anomaly (~25x)
1161.0,2025-06-11,1324507,65599,half_2,3,middle,3752,hsr,5.42,7.04,440.4996,17.619984,17.342503937007873,17.27449411764706,62.57096590909091,2.502838636363636,fixture-level distance scale anomaly (~25x)
1161.0,2025-06-11,1324508,65599,half_2,5,top,3752,hsr,5.43,5.92,353.5244,14.140976,13.918283464566931,13.863701960784315,59.71695945945946,2.3886783783783785,fixture-level distance scale anomaly (~25x)
1161.0,2025-06-11,1324509,65599,half_2,6,top,3752,sprint,6.98,8.64,616.6428000000001,24.665712000000003,24.277275590551184,24.182070588235298,71.37069444444445,2.854827777777778,fixture-level distance scale anomaly (~25x)
1161.0,2025-06-11,1324510,65599,half_2,8,bottom,3753,hsr,5.51,5.76,122.5356,4.9014240000000004,4.824236220472441,4.805317647058824,21.273541666666667,0.8509416666666668,fixture-level distance scale anomaly (~25x)
1161.0,2025-06-11,1324511,65599,half_2,15,middle,3752,hsr,5.43,5.69,155.44039999999998,6.217616,6.119700787401574,6.0957019607843135,27.318172231985937,1.0927268892794375,fixture-level distance scale anomaly (~25x)
1161.0,2025-06-11,1324512,65599,half_2,18,bottom,3753,hsr,5.47,6.07,278.5792,11.143168000000001,10.96768503937008,10.924674509803921,45.894431630971994,1.8357772652388797,fixture-level distance scale anomaly (~25x)
1161.0,2025-06-11,1324513,65599,half_2,22,middle,3753,hsr,5.43,6.07,236.8224,9.472895999999999,9.323716535433071,9.28715294117647,39.01522240527183,1.5606088962108728,fixture-level distance scale anomaly (~25x)
1161.0,2025-06-11,1324514,65599,half_2,22,top,3753,hsr,4.95,6.86,187.7152,7.508608000000001,7.39036220472441,7.361380392156863,27.363731778425656,1.0945492711370264,fixture-level distance scale anomaly (~25x)
1161.0,2025-06-11,1324515,65599,half_2,29,middle,3752,hsr,5.47,5.78,179.5032,7.180128,7.067055118110236,7.039341176470588,31.0559169550173,1.242236678200692,fixture-level distance scale anomaly (~25x)
1161.0,2025-06-11,1324516,65599,half_2,31,bottom,3752,sprint,6.94,7.14,147.018,5.88072,5.788110236220473,5.765411764705882,20.590756302521008,0.8236302521008404,fixture-level distance scale anomaly (~25x)
1161.0,2025-06-11,1324517,65599,half_2,31,bottom,3752,hsr,5.44,6.91,297.3344,11.893376,11.706078740157482,11.660172549019608,43.02958031837916,1.7211832127351663,fixture-level distance scale anomaly (~25x)
1161.0,2025-06-11,1324518,65599,half_2,31,bottom,3752,hsr,5.46,6.99,144.0404,5.761616,5.6708818897637805,5.648643137254902,20.606638054363376,0.8242655221745351,fixture-level distance scale anomaly (~25x)
1161.0,2025-06-11,1324519,65599,half_2,32,middle,3753,hsr,5.43,5.61,271.3528,10.854112,10.683181102362205,10.641286274509804,48.36948306595365,1.9347793226381462,fixture-level distance scale anomaly (~25x)
1161.0,2025-06-11,1324520,65599,half_2,40,bottom,3752,hsr,5.44,5.8,385.4136,15.416543999999998,15.173763779527558,15.114258823529411,66.45062068965517,2.658024827586207,fixture-level distance scale anomaly (~25x)
1161.0,2025-06-11,1324521,65599,half_2,42,bottom,3753,sprint,6.99,8.02,355.51120000000003,14.220448000000001,13.996503937007876,13.941615686274512,44.328079800498756,1.7731231920199504,fixture-level distance scale anomaly (~25x)
1161.0,2025-06-11,1324522,65599,half_2,45,middle,3752,hsr,5.42,6.91,822.1891999999999,32.887567999999995,32.36965354330709,32.24271372549019,118.98541244573082,4.759416497829232,fixture-level distance scale anomaly (~25x)
1161.0,2025-06-11,1324523,65600,half_1,1,middle,3753,hsr,5.45,5.88,752.3856,30.095423999999998,29.62148031496063,29.50531764705882,127.95673469387755,5.1182693877551015,fixture-level distance scale anomaly (~25x)
1161.0,2025-06-11,1324524,65600,half_1,2,bottom,3753,hsr,5.44,5.56,148.0904,5.923615999999999,5.830330708661418,5.8074666666666666,26.634964028776977,1.065398561151079,fixture-level distance scale anomaly (~25x)
1161.0,2025-06-11,1324526,65600,half_1,6,middle,3752,hsr,5.47,7.2,302.906,12.11624,11.925433070866143,11.878666666666668,42.070277777777775,1.682811111111111,fixture-level distance scale anomaly (~25x)
1161.0,2025-06-11,1324527,65600,half_1,7,bottom,3752,hsr,5.43,6.63,450.0552,18.002208,17.718708661417324,17.649223529411767,67.88162895927601,2.7152651583710408,fixture-level distance scale anomaly (~25x)
1161.0,2025-06-11,1324525,65600,half_1,9,bottom,3753,sprint,6.97,9.09,739.0232000000001,29.560928000000004,29.095401574803155,28.981301960784318,81.30068206820683,3.2520272827282732,fixture-level distance scale anomaly (~25x)
1161.0,2025-06-11,1324528,65600,half_1,10,middle,3753,hsr,5.53,5.86,134.7772,5.391088,5.306188976377952,5.2853803921568625,22.99952218430034,0.9199808873720136,fixture-level distance scale anomaly (~25x)
1161.0,2025-06-11,1324529,65600,half_1,13,middle,3752,sprint,6.97,7.28,184.292,7.3716800000000005,7.255590551181103,7.227137254901961,25.314835164835163,1.0125934065934066,fixture-level distance scale anomaly (~25x)
1161.0,2025-06-11,1324530,65600,half_1,13,bottom,3752,hsr,5.46,6.92,161.5152,6.460608,6.358866141732284,6.333929411764705,23.34034682080925,0.9336138728323699,fixture-level distance scale anomaly (~25x)
1161.0,2025-06-11,1324531,65600,half_1,14,middle,3753,hsr,5.42,5.88,255.3348,10.213392,10.052551181102363,10.013129411764705,43.424285714285716,1.7369714285714286,fixture-level distance scale anomaly (~25x)
1161.0,2025-06-11,1324532,65600,half_1,16,middle,3752,hsr,5.45,6.1,332.82320000000004,13.312928000000001,13.103275590551183,13.051890196078434,54.56118032786886,2.1824472131147545,fixture-level distance scale anomaly (~25x)
1161.0,2025-06-11,1324533,65600,half_1,17,middle,3752,hsr,5.45,5.87,255.5384,10.221536,10.06056692913386,10.021113725490196,43.5329471890971,1.7413178875638842,fixture-level distance scale anomaly (~25x)
1161.0,2025-06-11,1324534,65600,half_1,18,middle,3752,hsr,5.41,5.77,178.9644,7.158576,7.04584251968504,7.018211764705883,31.016360485268635,1.2406544194107454,fixture-level distance scale anomaly (~25x)
1161.0,2025-06-11,1324535,65600,half_1,19,bottom,3752,hsr,5.42,5.5,141.6852,5.667408,5.578157480314961,5.556282352941177,25.760945454545457,1.0304378181818181,fixture-level distance scale anomaly (~25x)
1161.0,2025-06-11,1324536,65600,half_1,22,middle,3753,hsr,5.41,6.05,401.2276,16.049104,15.79636220472441,15.73441568627451,66.31861157024794,2.6527444628099173,fixture-level distance scale anomaly (~25x)
1161.0,2025-06-11,1324537,65600,half_1,22,middle,3753,hsr,5.43,5.56,142.43759999999995,5.697503999999998,5.607779527559053,5.585788235294116,25.618273381294955,1.0247309352517981,fixture-level distance scale anomaly (~25x)
1161.0,2025-06-11,1324538,65600,half_1,23,top,3753,hsr,5.48,6.42,251.7964,10.071856,9.91324409448819,9.87436862745098,39.2206230529595,1.56882492211838,fixture-level distance scale anomaly (~25x)
1161.0,2025-06-11,1324539,65600,half_1,23,top,3752,hsr,5.43,5.9,244.46399999999997,9.778559999999999,9.624566929133858,9.586823529411763,41.43457627118643,1.6573830508474574,fixture-level distance scale anomaly (~25x)
1161.0,2025-06-11,1324540,65600,half_1,25,bottom,3753,hsr,5.42,5.94,286.0088,11.440352,11.260188976377954,11.21603137254902,48.14962962962963,1.9259851851851852,fixture-level distance scale anomaly (~25x)
1161.0,2025-06-11,1324541,65600,half_1,27,bottom,3752,hsr,5.46,6.27,205.4288,8.217152,8.087748031496064,8.05603137254902,32.7637639553429,1.3105505582137162,fixture-level distance scale anomaly (~25x)
1161.0,2025-06-11,1324542,65600,half_1,32,top,3752,hsr,5.41,6.19,293.4232,11.736928,11.552094488188978,11.506792156862746,47.40277867528271,1.8961111470113086,fixture-level distance scale anomaly (~25x)
1161.0,2025-06-11,1324543,65600,half_1,33,bottom,3753,hsr,5.48,6.37,360.9248,14.436992,14.209637795275592,14.153913725490197,56.66009419152276,2.2664037676609103,fixture-level distance scale anomaly (~25x)
1161.0,2025-06-11,1324544,65600,half_1,34,top,3753,hsr,5.44,6.17,286.9452,11.477808,11.297055118110237,11.252752941176471,46.50651539708266,1.8602606158833064,fixture-level distance scale anomaly (~25x)
1161.0,2025-06-11,1324545,65600,half_1,34,middle,3752,hsr,5.42,6.42,305.90840000000003,12.236336000000001,12.043637795275592,11.996407843137256,47.649283489096575,1.905971339563863,fixture-level distance scale anomaly (~25x)
1161.0,2025-06-11,1324546,65600,half_1,39,middle,3752,hsr,5.43,6.27,247.4652,9.898608000000001,9.74272440944882,9.704517647058823,39.46813397129187,1.578725358851675,fixture-level distance scale anomaly (~25x)
1161.0,2025-06-11,1324547,65600,half_1,45,top,3752,hsr,5.49,5.86,175.33679999999998,7.013471999999999,6.903023622047244,6.87595294117647,29.920955631399313,1.1968382252559726,fixture-level distance scale anomaly (~25x)
1161.0,2025-06-11,1324548,65600,half_1,46,middle,3752,hsr,5.41,6.19,669.6088,26.784352,26.36255118110236,26.25916862745098,108.17589660743133,4.327035864297253,fixture-level distance scale anomaly (~25x)
1161.0,2025-06-11,1324551,65600,half_2,1,top,3753,hsr,5.43,5.53,131.046,5.24184,5.159291338582677,5.139058823529411,23.697287522603975,0.9478915009041591,fixture-level distance scale anomaly (~25x)
1161.0,2025-06-11,1324549,65600,half_2,2,top,3752,sprint,6.96,7.17,175.9508,7.038031999999999,6.927196850393701,6.900031372549019,24.53986052998605,0.9815944211994421,fixture-level distance scale anomaly (~25x)
1161.0,2025-06-11,1324552,65600,half_2,2,top,3752,hsr,5.44,6.94,212.2908,8.491632,8.357905511811024,8.325129411764706,30.58945244956772,1.2235780979827087,fixture-level distance scale anomaly (~25x)
1161.0,2025-06-11,1324553,65600,half_2,2,top,3752,hsr,5.46,6.98,143.9432,5.757727999999999,5.667055118110236,5.644831372549019,20.622234957020055,0.8248893982808021,fixture-level distance scale anomaly (~25x)
1161.0,2025-06-11,1324554,65600,half_2,3,middle,3752,hsr,5.43,6.68,796.192,31.84768,31.346141732283467,31.22321568627451,119.19041916167666,4.767616766467066,fixture-level distance scale anomaly (~25x)
1161.0,2025-06-11,1324550,65600,half_2,4,middle,3753,sprint,7.02,7.4,193.2708,7.730832,7.609086614173229,7.57924705882353,26.117675675675674,1.0447070270270271,fixture-level distance scale anomaly (~25x)
1161.0,2025-06-11,1324555,65600,half_2,5,middle,3753,hsr,5.48,5.92,251.65,10.066,9.907480314960631,9.868627450980393,42.50844594594595,1.700337837837838,fixture-level distance scale anomaly (~25x)
1161.0,2025-06-11,1324556,65600,half_2,7,middle,3753,hsr,5.46,6.78,381.2404,15.249616000000001,15.009464566929136,14.950603921568629,56.23014749262537,2.249205899705015,fixture-level distance scale anomaly (~25x)
1161.0,2025-06-11,1324557,65600,half_2,9,middle,3753,hsr,5.44,6.74,808.0636000000001,32.322544,31.81352755905512,31.688768627450983,119.89074183976261,4.795629673590504,fixture-level distance scale anomaly (~25x)
1161.0,2025-06-11,1324558,65600,half_2,15,middle,3753,sprint,7.05,7.92,277.0236,11.080943999999999,10.90644094488189,10.863670588235294,34.97772727272727,1.3991090909090909,fixture-level distance scale anomaly (~25x)
1161.0,2025-06-11,1324559,65600,half_2,15,middle,3753,sprint,7.05,7.82,229.0344,9.161376,9.017102362204724,8.981741176470589,29.288286445012787,1.1715314578005116,fixture-level distance scale anomaly (~25x)
1161.0,2025-06-11,1324560,65600,half_2,18,bottom,3753,hsr,5.4,5.92,640.6208,25.624832,25.22129133858268,25.12238431372549,108.21297297297298,4.3285189189189195,fixture-level distance scale anomaly (~25x)
1161.0,2025-06-11,1324561,65600,half_2,22,top,3752,hsr,5.41,6.39,328.6904,13.147616000000001,12.94056692913386,12.889819607843137,51.43824726134586,2.0575298904538344,fixture-level distance scale anomaly (~25x)
1161.0,2025-06-11,1324562,65600,half_2,23,top,3752,hsr,5.45,6.09,249.9076,9.996304,9.83888188976378,9.800298039215686,41.03573070607553,1.6414292282430214,fixture-level distance scale anomaly (~25x)
1161.0,2025-06-11,1324563,65600,half_2,23,bottom,3752,hsr,5.41,6.52,592.296,23.691840000000003,23.318740157480317,23.227294117647062,90.84294478527609,3.6337177914110437,fixture-level distance scale anomaly (~25x)
1161.0,2025-06-11,1324564,65600,half_2,31,bottom,3752,hsr,5.43,6.83,413.186,16.52744,16.267165354330707,16.20337254901961,60.49575402635431,2.4198301610541724,fixture-level distance scale anomaly (~25x)
1161.0,2025-06-11,1324565,65600,half_2,32,middle,3753,hsr,5.43,6.88,358.416,14.33664,14.110866141732284,14.055529411764706,52.0953488372093,2.083813953488372,fixture-level distance scale anomaly (~25x)
1161.0,2025-06-11,1324567,65600,half_2,38,middle,3753,hsr,5.42,6.57,452.2344,18.089376,17.804503937007876,17.734682352941178,68.83324200913242,2.753329680365297,fixture-level distance scale anomaly (~25x)
1161.0,2025-06-11,1324566,65600,half_2,40,middle,3752,sprint,6.89,7.06,258.2688,10.330752,10.168062992125984,10.128188235294118,36.581983002832864,1.4632793201133145,fixture-level distance scale anomaly (~25x)
1161.0,2025-06-11,1324568,65600,half_2,40,middle,3752,hsr,5.52,6.93,189.2584,7.570336,7.45111811023622,7.421898039215686,27.31001443001443,1.0924005772005774,fixture-level distance scale anomaly (~25x)
1161.0,2025-06-11,1324569,65600,half_2,40,bottom,3752,hsr,5.48,6.89,419.8392,16.793568,16.529102362204725,16.464282352941176,60.93457184325109,2.437382873730044,fixture-level distance scale anomaly (~25x)
1161.0,2025-06-11,1324570,65600,half_2,45,middle,3752,sprint,6.9,7.69,516.3988,20.655952000000003,20.330661417322837,20.250933333333336,67.15198959687906,2.6860795838751628,fixture-level distance scale anomaly (~25x)
1161.0,2025-06-11,1324571,65600,half_2,45,middle,3752,hsr,5.49,6.87,316.9688,12.678752,12.479086614173228,12.430149019607843,46.1381077147016,1.845524308588064,fixture-level distance scale anomaly (~25x)
1161.0,2025-06-11,1324572,65600,half_2,45,bottom,3752,hsr,5.41,6.91,166.648,6.66592,6.560944881889764,6.535215686274509,24.11693198263386,0.9646772793053545,fixture-level distance scale anomaly (~25x)
1161.0,2025-06-11,1324574,65600,half_2,52,top,3752,hsr,5.43,6.1,231.5236,9.260944,9.115102362204725,9.079356862745097,37.95468852459016,1.5181875409836068,fixture-level distance scale anomaly (~25x)
1161.0,2025-06-11,1324573,65600,half_2,53,bottom,3752,sprint,7.02,7.41,215.2708,8.610832,8.475228346456694,8.441992156862746,29.051390013495276,1.162055600539811,fixture-level distance scale anomaly (~25x)
1161.0,2025-06-11,1324575,65601,half_1,1,middle,3753,sprint,6.93,8.84,779.7436,31.189744,30.69856692913386,30.578180392156863,88.20628959276019,3.5282515837104076,fixture-level distance scale anomaly (~25x)
1161.0,2025-06-11,1324577,65601,half_1,1,top,3753,hsr,5.44,6.88,283.6476,11.345904,11.167228346456694,11.123435294117648,41.22784883720931,1.6491139534883723,fixture-level distance scale anomaly (~25x)
1161.0,2025-06-11,1324578,65601,half_1,2,top,3753,hsr,5.43,5.72,166.9676,6.678704,6.573527559055119,6.547749019607843,29.190139860139862,1.1676055944055943,fixture-level distance scale anomaly (~25x)
1161.0,2025-06-11,1324579,65601,half_1,3,middle,3753,hsr,5.48,5.98,153.3868,6.135472,6.038850393700788,6.01516862745098,25.649966555183944,1.0259986622073578,fixture-level distance scale anomaly (~25x)
1161.0,2025-06-11,1324576,65601,half_1,5,top,3753,sprint,6.97,8.42,501.3268,20.053072,19.73727559055118,19.65987450980392,59.54,2.3816,fixture-level distance scale anomaly (~25x)
1161.0,2025-06-11,1324580,65601,half_1,9,bottom,3753,hsr,5.43,5.88,295.8732,11.834928,11.648551181102363,11.602870588235294,50.31857142857143,2.012742857142857,fixture-level distance scale anomaly (~25x)
1161.0,2025-06-11,1324581,65601,half_1,10,top,3753,hsr,5.47,6.47,468.4108,18.736432,18.441370078740157,18.369050980392156,72.39734157650696,2.8958936630602783,fixture-level distance scale anomaly (~25x)
1161.0,2025-06-11,1324582,65601,half_1,13,bottom,3752,hsr,5.46,5.62,132.2204,5.288816000000001,5.205527559055119,5.185113725490196,23.5267615658363,0.9410704626334521,fixture-level distance scale anomaly (~25x)
1161.0,2025-06-11,1324583,65601,half_1,14,middle,3752,hsr,5.45,5.81,254.09,10.1636,10.003543307086614,9.964313725490197,43.73321858864028,1.7493287435456113,fixture-level distance scale anomaly (~25x)
1161.0,2025-06-11,1324584,65601,half_1,17,bottom,3753,sprint,6.95,8.42,652.9972,26.119888,25.708551181102365,25.607733333333336,77.55311163895487,3.1021244655581945,fixture-level distance scale anomaly (~25x)
1161.0,2025-06-11,1324585,65601,half_1,17,middle,3753,sprint,6.96,7.62,396.4644,15.858576000000001,15.608834645669292,15.547623529411766,52.02944881889764,2.0811779527559056,fixture-level distance scale anomaly (~25x)
1161.0,2025-06-11,1324586,65601,half_1,17,bottom,3753,hsr,5.37,6.92,147.4316,5.897264,5.804393700787402,5.78163137254902,21.30514450867052,0.8522057803468208,fixture-level distance scale anomaly (~25x)
1161.0,2025-06-11,1324587,65601,half_1,17,bottom,3753,hsr,5.38,6.89,147.0956,5.883824,5.791165354330708,5.768454901960784,21.349143686502178,0.8539657474600871,fixture-level distance scale anomaly (~25x)
1161.0,2025-06-11,1324588,65601,half_1,17,middle,3753,hsr,5.4,6.92,197.5572,7.9022879999999995,7.77784251968504,7.747341176470588,28.54872832369942,1.1419491329479767,fixture-level distance scale anomaly (~25x)
1161.0,2025-06-11,1324589,65601,half_1,17,top,3753,hsr,5.39,6.91,183.7816,7.351264,7.2354960629921266,7.207121568627451,26.596468885672937,1.0638587554269174,fixture-level distance scale anomaly (~25x)
1161.0,2025-06-11,1324590,65601,half_1,19,top,3753,hsr,5.44,5.61,187.7412,7.509647999999999,7.3913858267716535,7.3624,33.46545454545454,1.3386181818181817,fixture-level distance scale anomaly (~25x)
1161.0,2025-06-11,1324591,65601,half_1,20,middle,3753,hsr,5.39,5.96,268.3008,10.732031999999998,10.563023622047243,10.5216,45.01691275167785,1.8006765100671138,fixture-level distance scale anomaly (~25x)
1161.0,2025-06-11,1324592,65601,half_1,20,top,3752,hsr,5.49,5.71,121.9236,4.876944,4.800141732283465,4.781317647058823,21.35264448336252,0.8541057793345008,fixture-level distance scale anomaly (~25x)
1161.0,2025-06-11,1324594,65601,half_1,22,top,3753,hsr,5.51,6.57,292.72520000000003,11.709008,11.524614173228349,11.479419607843138,44.55482496194825,1.7821929984779301,fixture-level distance scale anomaly (~25x)
1161.0,2025-06-11,1324593,65601,half_1,24,middle,3753,sprint,7.05,8.79,443.5632,17.742528,17.46311811023622,17.39463529411765,50.46225255972697,2.018490102389079,fixture-level distance scale anomaly (~25x)
1161.0,2025-06-11,1324595,65601,half_1,25,top,3753,hsr,5.43,6.63,516.7496,20.669984,20.344472440944884,20.26469019607843,77.94111613876319,3.117644645550528,fixture-level distance scale anomaly (~25x)
1161.0,2025-06-11,1324596,65601,half_1,26,middle,3753,hsr,5.44,5.63,154.5092,6.180368,6.08303937007874,6.05918431372549,27.443907637655418,1.0977563055062167,fixture-level distance scale anomaly (~25x)
1161.0,2025-06-11,1324597,65601,half_1,27,top,3752,hsr,5.55,6.01,154.158,6.16632,6.069212598425197,6.045411764705882,25.65024958402662,1.026009983361065,fixture-level distance scale anomaly (~25x)
1161.0,2025-06-11,1324598,65601,half_1,32,top,3752,sprint,6.93,7.51,318.8384,12.753535999999999,12.552692913385826,12.503466666666666,42.455179760319574,1.698207190412783,fixture-level distance scale anomaly (~25x)
1161.0,2025-06-11,1324599,65601,half_1,32,top,3752,sprint,6.96,7.17,182.9548,7.318192,7.202944881889764,7.174698039215687,25.516708507670852,1.020668340306834,fixture-level distance scale anomaly (~25x)
1161.0,2025-06-11,1324603,65601,half_1,32,top,3752,hsr,5.43,6.89,284.88759999999996,11.395503999999999,11.216047244094487,11.172062745098037,41.347982583454275,1.6539193033381712,fixture-level distance scale anomaly (~25x)
1161.0,2025-06-11,1324604,65601,half_1,32,top,3752,hsr,5.44,6.93,211.74,8.4696,8.336220472440946,8.303529411764707,30.554112554112557,1.2221645021645022,fixture-level distance scale anomaly (~25x)
1161.0,2025-06-11,1324605,65601,half_1,32,top,3752,hsr,5.46,6.96,156.4352,6.257408000000001,6.158866141732284,6.1347137254901964,22.476321839080462,0.8990528735632185,fixture-level distance scale anomaly (~25x)
1161.0,2025-06-11,1324600,65601,half_1,34,bottom,3753,sprint,6.76,7.97,152.4408,6.097632,6.0016062992125985,5.978070588235294,19.126825595984943,0.7650730238393978,fixture-level distance scale anomaly (~25x)
1161.0,2025-06-11,1324601,65601,half_1,34,top,3753,sprint,7.02,8.14,320.52360000000004,12.820944000000003,12.619039370078742,12.569552941176472,39.37636363636364,1.5750545454545457,fixture-level distance scale anomaly (~25x)
1161.0,2025-06-11,1324602,65601,half_1,35,middle,3753,sprint,6.98,9.6,1087.9936,43.519744,42.8343937007874,42.66641568627451,113.33266666666667,4.533306666666667,fixture-level distance scale anomaly (~25x)
1161.0,2025-06-11,1324607,65601,half_1,39,middle,3752,hsr,5.44,5.87,215.3152,8.612608,8.476976377952756,8.443733333333334,36.6806132879046,1.467224531516184,fixture-level distance scale anomaly (~25x)
1161.0,2025-06-11,1324608,65601,half_1,39,top,3753,hsr,5.45,5.91,268.08639999999997,10.723455999999999,10.554582677165353,10.513192156862743,45.36148900169204,1.8144595600676816,fixture-level distance scale anomaly (~25x)
1161.0,2025-06-11,1324606,65601,half_1,40,middle,3753,sprint,6.95,8.22,872.5788,34.903152,34.35349606299213,34.21877647058824,106.15313868613138,4.246125547445255,fixture-level distance scale anomaly (~25x)
1161.0,2025-06-11,1324609,65601,half_1,40,top,3753,hsr,5.42,6.91,191.7948,7.671792,7.550976377952757,7.521364705882354,27.756121562952245,1.1102448625180896,fixture-level distance scale anomaly (~25x)
1161.0,2025-06-11,1324610,65601,half_1,46,top,3753,hsr,5.4,5.82,116.4256,4.657024,4.583685039370079,4.565709803921568,20.004398625429552,0.800175945017182,fixture-level distance scale anomaly (~25x)
1161.0,2025-06-11,1324611,65601,half_1,47,top,3753,hsr,5.43,5.83,486.8968,19.475872,19.16916535433071,19.093992156862743,83.5157461406518,3.3406298456260717,fixture-level distance scale anomaly (~25x)
1161.0,2025-06-11,1324612,65601,half_2,1,top,3752,hsr,5.51,6.04,213.5084,8.540336,8.40584251968504,8.372878431372548,35.349072847682116,1.4139629139072847,fixture-level distance scale anomaly (~25x)
1161.0,2025-06-11,1324613,65601,half_2,2,top,3752,hsr,5.48,6.22,276.648,11.06592,10.891653543307088,10.84894117647059,44.47717041800644,1.7790868167202574,fixture-level distance scale anomaly (~25x)
1161.0,2025-06-11,1324614,65601,half_2,3,top,3753,hsr,5.46,6.31,242.4224,9.696896,9.544188976377953,9.506760784313727,38.418763866877974,1.536750554675119,fixture-level distance scale anomaly (~25x)
1161.0,2025-06-11,1324615,65601,half_2,3,middle,3753,hsr,5.47,6.14,233.124,9.324959999999999,9.178110236220473,9.142117647058823,37.96807817589577,1.5187231270358306,fixture-level distance scale anomaly (~25x)
1161.0,2025-06-11,1324616,65601,half_2,8,middle,3752,hsr,5.43,6.23,367.14200000000005,14.685680000000001,14.4544094488189,14.39772549019608,58.93130016051365,2.3572520064205458,fixture-level distance scale anomaly (~25x)
1161.0,2025-06-11,1324617,65601,half_2,11,middle,3752,hsr,5.5,6.24,204.9632,8.198528,8.069417322834646,8.037772549019607,32.846666666666664,1.3138666666666665,fixture-level distance scale anomaly (~25x)
1161.0,2025-06-11,1324618,65601,half_2,23,top,3752,hsr,5.41,6.48,325.844,13.03376,12.828503937007875,12.778196078431373,50.28456790123457,2.0113827160493822,fixture-level distance scale anomaly (~25x)
1161.0,2025-06-11,1324619,65601,half_2,23,top,3752,hsr,5.42,6.04,323.8968,12.955872,12.75184251968504,12.701835294117647,53.62529801324503,2.145011920529801,fixture-level distance scale anomaly (~25x)
1161.0,2025-06-11,1324620,65601,half_2,29,top,3752,sprint,6.94,7.17,175.6564,7.026256,6.915606299212598,6.888486274509804,24.498800557880056,0.9799520223152023,fixture-level distance scale anomaly (~25x)
1161.0,2025-06-11,1324621,65601,half_2,29,middle,3753,hsr,5.56,6.91,902.9036,36.116144,35.54738582677165,35.40798431372549,130.66622286541244,5.226648914616497,fixture-level distance scale anomaly (~25x)
1161.0,2025-06-11,1324622,65601,half_2,30,top,3752,hsr,5.49,6.97,137.6824,5.507296,5.420566929133859,5.399309803921569,19.753572453371593,0.7901428981348637,fixture-level distance scale anomaly (~25x)
1161.0,2025-06-11,1324623,65601,half_2,31,middle,3752,hsr,5.5,6.65,257.24399999999997,10.28976,10.12771653543307,10.088,38.68330827067668,1.5473323308270674,fixture-level distance scale anomaly (~25x)
1161.0,2025-06-11,1324624,65601,half_2,32,middle,3753,hsr,5.41,5.56,164.49639999999997,6.579855999999999,6.4762362204724395,6.4508392156862735,29.585683453237404,1.1834273381294962,fixture-level distance scale anomaly (~25x)
1161.0,2025-06-11,1324625,65602,half_1,1,top,3753,hsr,5.42,5.69,205.6816,8.227264,8.097700787401575,8.065945098039215,36.1479086115993,1.4459163444639718,fixture-level distance scale anomaly (~25x)
1161.0,2025-06-11,1324626,65602,half_1,3,bottom,3753,hsr,5.43,6.14,279.5588,11.182352000000002,11.006251968503939,10.963090196078433,45.53074918566776,1.8212299674267105,fixture-level distance scale anomaly (~25x)
1161.0,2025-06-11,1324627,65602,half_1,7,bottom,3752,sprint,6.95,8.73,812.0556,32.482224,31.97069291338583,31.845317647058824,93.01896907216495,3.720758762886598,fixture-level distance scale anomaly (~25x)
1161.0,2025-06-11,1324628,65602,half_1,7,bottom,3752,hsr,5.5,6.89,190.1116,7.604464,7.484708661417324,7.455356862745099,27.592394775036286,1.1036957910014515,fixture-level distance scale anomaly (~25x)
1161.0,2025-06-11,1324629,65602,half_1,13,middle,3752,sprint,6.93,8.44,540.618,21.624720000000003,21.28417322834646,21.200705882352942,64.05426540284361,2.5621706161137445,fixture-level distance scale anomaly (~25x)
1161.0,2025-06-11,1324630,65602,half_1,13,bottom,3752,hsr,5.45,6.87,135.7608,5.430432,5.3449133858267714,5.32395294117647,19.761397379912662,0.7904558951965065,fixture-level distance scale anomaly (~25x)
1161.0,2025-06-11,1324631,65602,half_1,14,middle,3752,hsr,5.53,6.19,180.4368,7.217472,7.103811023622048,7.075952941176471,29.149725363489498,1.16598901453958,fixture-level distance scale anomaly (~25x)
1161.0,2025-06-11,1324632,65602,half_1,15,bottom,3753,hsr,5.44,5.95,309.9248,12.396992000000001,12.20176377952756,12.153913725490197,52.08820168067227,2.083528067226891,fixture-level distance scale anomaly (~25x)
1161.0,2025-06-11,1324633,65602,half_1,15,middle,3753,hsr,5.5,5.98,194.652,7.786079999999999,7.663464566929134,7.6334117647058815,32.5505016722408,1.3020200668896318,fixture-level distance scale anomaly (~25x)
1161.0,2025-06-11,1324634,65602,half_1,16,middle,3752,hsr,5.44,6.81,453.114,18.12456,17.839133858267715,17.769176470588235,66.53656387665198,2.661462555066079,fixture-level distance scale anomaly (~25x)
1161.0,2025-06-11,1324635,65602,half_1,17,middle,3752,hsr,5.44,6.99,316.7792,12.671168,12.471622047244095,12.422713725490196,45.31891273247496,1.8127565092989986,fixture-level distance scale anomaly (~25x)
1161.0,2025-06-11,1324636,65602,half_1,19,middle,3752,hsr,5.46,6.17,346.93199999999996,13.877279999999999,13.658740157480315,13.605176470588233,56.2288492706645,2.24915397082658,fixture-level distance scale anomaly (~25x)
1161.0,2025-06-11,1324637,65602,half_1,20,middle,3753,hsr,5.48,6.14,244.896,9.79584,9.641574803149606,9.603764705882352,39.88534201954398,1.5954136807817592,fixture-level distance scale anomaly (~25x)
1161.0,2025-06-11,1324638,65602,half_1,22,middle,3752,hsr,5.46,5.81,151.274,6.05096,5.955669291338583,5.9323137254901965,26.036833046471603,1.041473321858864,fixture-level distance scale anomaly (~25x)
1161.0,2025-06-11,1324639,65602,half_1,24,bottom,3752,hsr,5.45,6.07,296.02320000000003,11.840928000000002,11.654456692913389,11.608752941176471,48.768237232289955,1.9507294892915983,fixture-level distance scale anomaly (~25x)
1161.0,2025-06-11,1324640,65602,half_1,27,middle,3752,hsr,5.43,5.65,451.4048,18.056192,17.77184251968504,17.702149019607845,79.89465486725663,3.1957861946902653,fixture-level distance scale anomaly (~25x)
1161.0,2025-06-11,1324641,65602,half_1,29,top,3753,hsr,5.44,5.59,131.9032,5.276128,5.193039370078741,5.1726745098039215,23.59627906976744,0.9438511627906977,fixture-level distance scale anomaly (~25x)
1161.0,2025-06-11,1324642,65602,half_1,33,top,3752,hsr,5.5,5.83,151.7144,6.068576,5.973007874015749,5.949584313725491,26.023053173241856,1.0409221269296742,fixture-level distance scale anomaly (~25x)
1161.0,2025-06-11,1324643,65602,half_1,34,top,3753,hsr,5.42,6.09,481.3044,19.252176,18.94899212598425,18.874682352941175,79.031921182266,3.1612768472906403,fixture-level distance scale anomaly (~25x)
1161.0,2025-06-11,1324644,65602,half_1,34,middle,3752,hsr,5.4,7.01,380.9512,15.238048,14.99807874015748,14.939262745098038,54.343965763195435,2.1737586305278174,fixture-level distance scale anomaly (~25x)
1161.0,2025-06-11,1324645,65602,half_1,35,bottom,3753,hsr,5.45,6.66,307.7944,12.311776,12.117889763779528,12.07036862745098,46.21537537537537,1.848615015015015,fixture-level distance scale anomaly (~25x)
1161.0,2025-06-11,1324647,65602,half_1,38,middle,3753,hsr,5.42,6.97,366.7372,14.669488,14.438472440944881,14.381850980392155,52.61652797704448,2.104661119081779,fixture-level distance scale anomaly (~25x)
1161.0,2025-06-11,1324646,65602,half_1,40,middle,3753,sprint,6.92,8.35,1137.734,45.509359999999994,44.79267716535433,44.61701960784313,136.25556886227545,5.450222754491017,fixture-level distance scale anomaly (~25x)
1161.0,2025-06-11,1324648,65602,half_1,40,middle,3752,hsr,5.39,6.5,494.7812,19.791248,19.479574803149607,19.40318431372549,76.12018461538462,3.0448073846153845,fixture-level distance scale anomaly (~25x)
1161.0,2025-06-11,1324649,65602,half_1,40,top,3753,hsr,5.47,6.91,291.6392,11.665568,11.481858267716536,11.43683137254902,42.20538350217077,1.6882153400868307,fixture-level distance scale anomaly (~25x)
1161.0,2025-06-11,1324650,65602,half_1,45,middle,3753,hsr,5.46,5.81,173.9484,6.957936,6.84836220472441,6.821505882352941,29.93948364888124,1.1975793459552497,fixture-level distance scale anomaly (~25x)
1161.0,2025-06-11,1324651,65602,half_1,46,top,3753,hsr,5.49,5.67,132.8844,5.315376,5.231669291338583,5.21115294117647,23.436402116402117,0.9374560846560847,fixture-level distance scale anomaly (~25x)
1161.0,2025-06-11,1324652,65602,half_1,47,middle,3752,hsr,5.4,6.29,259.2348,10.369392,10.206094488188977,10.166070588235295,41.213799682034974,1.648551987281399,fixture-level distance scale anomaly (~25x)
1161.0,2025-06-11,1324653,65602,half_1,47,middle,3753,hsr,5.44,5.75,178.7148,7.148592,7.036015748031496,7.008423529411765,31.080834782608694,1.2432333913043478,fixture-level distance scale anomaly (~25x)
1161.0,2025-06-11,1324655,65602,half_2,1,top,3753,hsr,5.41,5.59,187.0868,7.483472000000001,7.365622047244095,7.336737254901961,33.46812164579607,1.3387248658318427,fixture-level distance scale anomaly (~25x)
1161.0,2025-06-11,1324654,65602,half_2,3,middle,3752,sprint,6.95,9.02,783.528,31.34112,30.84755905511811,30.72658823529412,86.86563192904657,3.474625277161863,fixture-level distance scale anomaly (~25x)
1161.0,2025-06-11,1324656,65602,half_2,4,middle,3752,hsr,5.37,6.7,381.6268,15.265072,15.024677165354332,14.965756862745097,56.959223880597015,2.2783689552238804,fixture-level distance scale anomaly (~25x)
1161.0,2025-06-11,1324657,65602,half_2,5,top,3752,hsr,5.41,5.64,171.1176,6.844704,6.736913385826773,6.710494117647059,30.340000000000003,1.2136,fixture-level distance scale anomaly (~25x)
1161.0,2025-06-11,1324658,65602,half_2,6,bottom,3752,hsr,5.44,5.9,227.3928,9.095711999999999,8.952472440944883,8.917364705882353,38.54115254237288,1.541646101694915,fixture-level distance scale anomaly (~25x)
1161.0,2025-06-11,1324659,65602,half_2,6,top,3752,hsr,5.42,5.84,259.9968,10.399872,10.236094488188977,10.19595294117647,44.52,1.7808000000000002,fixture-level distance scale anomaly (~25x)
1161.0,2025-06-11,1324660,65602,half_2,12,bottom,3752,hsr,5.42,5.7,172.332,6.89328,6.784724409448819,6.758117647058823,30.233684210526313,1.2093473684210525,fixture-level distance scale anomaly (~25x)
1161.0,2025-06-11,1324661,65602,half_2,21,middle,3753,hsr,5.47,6.18,228.128,9.125119999999999,8.981417322834645,8.946196078431372,36.913915857605176,1.476556634304207,fixture-level distance scale anomaly (~25x)
1161.0,2025-06-11,1324662,65602,half_2,23,top,3752,hsr,5.41,6.08,295.8448,11.833792,11.647433070866143,11.601756862745098,48.65868421052632,1.9463473684210528,fixture-level distance scale anomaly (~25x)
1161.0,2025-06-11,1324663,65602,half_2,25,bottom,3753,hsr,5.42,5.69,200.2204,8.008816000000001,7.882692913385828,7.851780392156863,35.18811950790861,1.4075247803163446,fixture-level distance scale anomaly (~25x)
1161.0,2025-06-11,1324664,65602,half_2,29,top,3752,hsr,5.42,6.76,823.9204,32.956815999999996,32.43781102362205,32.31060392156863,121.88171597633136,4.875268639053254,fixture-level distance scale anomaly (~25x)
1161.0,2025-06-11,1324665,65602,half_2,30,middle,3752,hsr,5.46,6.89,474.15400000000005,18.966160000000002,18.667480314960635,18.594274509803924,68.81770682148041,2.7527082728592167,fixture-level distance scale anomaly (~25x)
1161.0,2025-06-11,1324666,65602,half_2,31,bottom,3752,sprint,6.95,7.56,365.0892,14.603568000000001,14.373590551181103,14.317223529411764,48.29222222222223,1.931688888888889,fixture-level distance scale anomaly (~25x)
1161.0,2025-06-11,1324667,65602,half_2,31,bottom,3752,hsr,5.42,6.92,198.6924,7.947696,7.8225354330708665,7.791858823529411,28.71277456647399,1.1485109826589595,fixture-level distance scale anomaly (~25x)
1161.0,2025-06-11,1324668,65602,half_2,34,middle,3753,hsr,5.41,5.73,200.9196,8.036784,7.910220472440946,7.8792,35.06450261780105,1.4025801047120419,fixture-level distance scale anomaly (~25x)
1161.0,2025-06-11,1324669,65602,half_2,35,bottom,3752,hsr,5.4,6.71,644.1472,25.765888,25.36012598425197,25.26067450980392,95.99809239940387,3.839923695976155,fixture-level distance scale anomaly (~25x)
1161.0,2025-06-11,1324670,65602,half_2,39,middle,3753,sprint,6.9,8.38,657.1236,26.284944,25.87100787401575,25.76955294117647,78.41570405727923,3.136628162291169,fixture-level distance scale anomaly (~25x)
1161.0,2025-06-11,1324671,65602,half_2,39,middle,3753,hsr,5.56,6.84,485.0875999999999,19.403503999999995,19.097937007874012,19.0230431372549,70.91923976608186,2.836769590643274,fixture-level distance scale anomaly (~25x)
1161.0,2025-06-11,1324672,65602,half_2,40,middle,3753,hsr,5.44,6.06,260.1616,10.406464000000001,10.242582677165355,10.202415686274511,42.93095709570958,1.7172382838283833,fixture-level distance scale anomaly (~25x)
1161.0,2025-06-11,1324673,65602,half_2,40,top,3752,hsr,5.42,5.83,506.1408,20.245632,19.9268031496063,19.848658823529412,86.8166037735849,3.4726641509433964,fixture-level distance scale anomaly (~25x)
1161.0,2025-06-11,1324674,65602,half_2,40,bottom,3752,hsr,5.46,6.59,591.4996000000001,23.659984000000005,23.287385826771658,23.196062745098043,89.75714719271626,3.5902858877086503,fixture-level distance scale anomaly (~25x)
1161.0,2025-06-11,1324676,65602,half_2,42,bottom,3753,hsr,5.59,6.23,175.6796,7.027184,6.91651968503937,6.889396078431372,28.198972712680575,1.127958908507223,fixture-level distance scale anomaly (~25x)
1161.0,2025-06-11,1324677,65602,half_2,43,bottom,3753,hsr,5.46,6.63,369.1172,14.764688000000001,14.532173228346458,14.47518431372549,55.673785822021124,2.226951432880845,fixture-level distance scale anomaly (~25x)
1161.0,2025-06-11,1324675,65602,half_2,44,middle,3753,sprint,6.93,7.69,530.3344,21.213375999999997,20.879307086614173,20.79742745098039,68.96416124837451,2.75856644993498,fixture-level distance scale anomaly (~25x)
1161.0,2025-06-11,1324678,65602,half_2,44,middle,3753,hsr,5.4,6.9,160.2028,6.408112,6.307196850393701,6.282462745098039,23.217797101449275,0.928711884057971,fixture-level distance scale anomaly (~25x)
1161.0,2025-06-11,1324679,65602,half_2,44,top,3753,hsr,5.44,6.9,249.9312,9.997247999999999,9.839811023622048,9.801223529411764,36.22191304347826,1.4488765217391302,fixture-level distance scale anomaly (~25x)
1161.0,2025-06-11,1324680,65602,half_2,45,middle,3752,hsr,5.41,5.91,559.6572,22.386288,22.033748031496064,21.947341176470587,94.69664974619289,3.787865989847716,fixture-level distance scale anomaly (~25x)
1161.0,2025-06-11,1324681,65602,half_2,46,middle,3753,sprint,6.93,7.98,922.3724,36.894895999999996,36.313874015748034,36.17146666666667,115.58551378446114,4.623420551378445,fixture-level distance scale anomaly (~25x)
1161.0,2025-06-11,1324683,65602,half_2,46,bottom,3753,hsr,5.5,6.9,237.882,9.51528,9.365433070866143,9.328705882352942,34.47565217391304,1.3790260869565218,fixture-level distance scale anomaly (~25x)
1161.0,2025-06-11,1324684,65602,half_2,46,middle,3753,hsr,5.43,6.92,154.8776,6.195104,6.097543307086615,6.07363137254902,22.381156069364163,0.8952462427745664,fixture-level distance scale anomaly (~25x)
1161.0,2025-06-11,1324682,65602,half_2,48,top,3753,sprint,6.95,7.42,586.9664,23.478656,23.108913385826774,23.018290196078432,79.10598382749326,3.1642393530997306,fixture-level distance scale anomaly (~25x)
1161.0,2025-06-11,1324685,65602,half_2,48,top,3753,hsr,5.41,6.21,460.168,18.40672,18.116850393700787,18.045803921568627,74.10112721417069,2.9640450885668277,fixture-level distance scale anomaly (~25x)
1161.0,2025-06-11,1324686,65602,half_2,48,top,3753,hsr,5.43,6.92,180.5308,7.221232,7.107511811023622,7.079639215686274,26.088265895953757,1.0435306358381502,fixture-level distance scale anomaly (~25x)
1161.0,2025-06-11,1324687,65602,half_2,51,bottom,3752,hsr,5.49,6.08,154.1212,6.164847999999999,6.067763779527559,6.04396862745098,25.348881578947367,1.0139552631578945,fixture-level distance scale anomaly (~25x)
1161.0,2025-06-11,1324688,65603,half_1,1,middle,3753,sprint,6.89,7.07,209.3924,8.375696,8.243795275590552,8.211466666666666,29.617029702970296,1.1846811881188117,fixture-level distance scale anomaly (~25x)
1161.0,2025-06-11,1324689,65603,half_1,1,middle,3753,sprint,6.85,7.97,441.4072,17.656288,17.37823622047244,17.310086274509803,55.38358845671267,2.215343538268507,fixture-level distance scale anomaly (~25x)
1161.0,2025-06-11,1324691,65603,half_1,1,middle,3753,hsr,5.57,6.92,235.7092,9.428368,9.27988976377953,9.243498039215687,34.062023121387284,1.3624809248554914,fixture-level distance scale anomaly (~25x)
1161.0,2025-06-11,1324692,65603,half_1,1,middle,3752,hsr,5.42,6.9,454.8336,18.193344,17.906834645669292,17.836611764705882,65.91791304347825,2.6367165217391304,fixture-level distance scale anomaly (~25x)
1161.0,2025-06-11,1324693,65603,half_1,2,middle,3753,hsr,5.43,6.2,263.7588,10.550352,10.38420472440945,10.343482352941177,42.54174193548387,1.7016696774193547,fixture-level distance scale anomaly (~25x)
1161.0,2025-06-11,1324694,65603,half_1,4,middle,3752,hsr,5.47,6.85,339.5072,13.580288000000001,13.366425196850395,13.314007843137256,49.56309489051095,1.9825237956204382,fixture-level distance scale anomaly (~25x)
1161.0,2025-06-11,1324690,65603,half_1,5,top,3752,sprint,6.96,7.37,265.3148,10.612592,10.445464566929134,10.404501960784314,35.999294436906375,1.439971777476255,fixture-level distance scale anomaly (~25x)
1161.0,2025-06-11,1324695,65603,half_1,5,top,3753,hsr,5.44,6.95,149.4844,5.979375999999999,5.885212598425197,5.862133333333333,21.508546762589926,0.860341870503597,fixture-level distance scale anomaly (~25x)
1161.0,2025-06-11,1324696,65603,half_1,5,top,3752,hsr,5.49,6.92,143.1308,5.725232,5.635070866141732,5.612972549019608,20.68364161849711,0.8273456647398845,fixture-level distance scale anomaly (~25x)
1161.0,2025-06-11,1324697,65603,half_1,7,bottom,3752,sprint,6.89,7.87,438.2716,17.530863999999998,17.254787401574802,17.18712156862745,55.68889453621347,2.2275557814485385,fixture-level distance scale anomaly (~25x)
1161.0,2025-06-11,1324698,65603,half_1,7,bottom,3752,hsr,5.47,6.87,246.0272,9.841088,9.686110236220472,9.648125490196078,35.81181950509461,1.4324727802037844,fixture-level distance scale anomaly (~25x)
1161.0,2025-06-11,1324699,65603,half_1,9,bottom,3753,hsr,5.41,6.37,601.7384,24.069536,23.690488188976378,23.597584313725488,94.46442700156985,3.778577080062794,fixture-level distance scale anomaly (~25x)
1161.0,2025-06-11,1324700,65603,half_1,10,middle,3752,hsr,5.53,6.02,160.3624,6.414496000000001,6.31348031496063,6.288721568627452,26.638272425249173,1.065530897009967,fixture-level distance scale anomaly (~25x)
1161.0,2025-06-11,1324701,65603,half_1,10,top,3753,hsr,5.44,6.45,368.28,14.7312,14.499212598425197,14.44235294117647,57.09767441860465,2.283906976744186,fixture-level distance scale anomaly (~25x)
1161.0,2025-06-11,1324702,65603,half_1,12,bottom,3752,sprint,7.01,7.33,178.05360000000002,7.1221440000000005,7.009984251968505,6.982494117647059,24.291077762619373,0.9716431105047749,fixture-level distance scale anomaly (~25x)
1161.0,2025-06-11,1324703,65603,half_1,12,bottom,3753,sprint,7.05,7.92,253.7008,10.148031999999999,9.988220472440945,9.949050980392157,32.03292929292929,1.2813171717171716,fixture-level distance scale anomaly (~25x)
1161.0,2025-06-11,1324704,65603,half_1,12,middle,3752,hsr,5.46,6.96,143.2408,5.7296320000000005,5.63940157480315,5.617286274509804,20.580574712643678,0.8232229885057472,fixture-level distance scale anomaly (~25x)
1161.0,2025-06-11,1324705,65603,half_1,13,top,3753,hsr,5.45,7.24,330.45120000000003,13.218048000000001,13.00988976377953,12.958870588235294,45.64243093922652,1.825697237569061,fixture-level distance scale anomaly (~25x)
1161.0,2025-06-11,1324706,65603,half_1,14,middle,3753,hsr,5.44,6.58,808.8404,32.353616,31.844110236220477,31.71923137254902,122.92407294832827,4.916962917933131,fixture-level distance scale anomaly (~25x)
1161.0,2025-06-11,1324707,65603,half_1,17,top,3753,sprint,6.9,7.99,558.8404,22.353616000000002,22.001590551181106,21.91530980392157,69.94247809762203,2.797699123904881,fixture-level distance scale anomaly (~25x)
1161.0,2025-06-11,1324709,65603,half_1,17,bottom,3753,hsr,5.41,6.06,450.9236,18.036944000000002,17.75289763779528,17.68327843137255,74.40983498349836,2.9763933993399343,fixture-level distance scale anomaly (~25x)
1161.0,2025-06-11,1324710,65603,half_1,17,middle,3753,hsr,5.4,6.92,172.3188,6.892752000000001,6.78420472440945,6.7576,24.90156069364162,0.9960624277456649,fixture-level distance scale anomaly (~25x)
1161.0,2025-06-11,1324711,65603,half_1,17,top,3753,hsr,5.5,6.87,213.13,8.5252,8.390944881889764,8.358039215686274,31.02328966521106,1.2409315866084425,fixture-level distance scale anomaly (~25x)
1161.0,2025-06-11,1324712,65603,half_1,18,middle,3752,hsr,5.44,6.85,556.0752,22.243008,21.89272440944882,21.806870588235295,81.17886131386862,3.2471544525547444,fixture-level distance scale anomaly (~25x)
1161.0,2025-06-11,1324713,65603,half_1,18,middle,3752,hsr,5.43,7.08,443.6876,17.747504,17.468015748031497,17.399513725490195,62.667740112994345,2.506709604519774,fixture-level distance scale anomaly (~25x)
1161.0,2025-06-11,1324708,65603,half_1,19,middle,3752,sprint,6.92,8.03,748.0408,29.921632,29.450425196850397,29.334933333333332,93.15576587795766,3.7262306351183065,fixture-level distance scale anomaly (~25x)
1161.0,2025-06-11,1324714,65603,half_1,19,middle,3752,hsr,5.47,6.89,253.8804,10.155216000000001,9.995291338582678,9.956094117647059,36.847663280116116,1.4739065312046447,fixture-level distance scale anomaly (~25x)
1161.0,2025-06-11,1324715,65603,half_1,19,bottom,3752,hsr,5.44,6.92,142.39079999999998,5.695632,5.605937007874015,5.58395294117647,20.576705202312137,0.8230682080924855,fixture-level distance scale anomaly (~25x)
1161.0,2025-06-11,1324717,65603,half_1,22,middle,3753,hsr,5.44,6.37,473.468,18.93872,18.640472440944883,18.56737254901961,74.32778649921507,2.9731114599686026,fixture-level distance scale anomaly (~25x)
1161.0,2025-06-11,1324718,65603,half_1,23,top,3753,hsr,5.55,6.9,256.9144,10.276576,10.114740157480316,10.07507450980392,37.23397101449275,1.48935884057971,fixture-level distance scale anomaly (~25x)
1161.0,2025-06-11,1324716,65603,half_1,24,middle,3752,sprint,6.91,7.07,230.6432,9.225728,9.080440944881891,9.04483137254902,32.62280056577086,1.3049120226308344,fixture-level distance scale anomaly (~25x)
1161.0,2025-06-11,1324719,65603,half_1,24,bottom,3752,hsr,5.44,5.56,153.4852,6.1394079999999995,6.042724409448819,6.019027450980392,27.605251798561152,1.1042100719424461,fixture-level distance scale anomaly (~25x)
1161.0,2025-06-11,1324720,65603,half_1,24,middle,3752,hsr,5.45,6.96,176.0292,7.041168,6.93028346456693,6.903105882352941,25.291551724137932,1.0116620689655171,fixture-level distance scale anomaly (~25x)
1161.0,2025-06-11,1324721,65603,half_1,24,middle,3752,hsr,5.46,6.9,300.79879999999997,12.031951999999999,11.842472440944881,11.796031372549018,43.59402898550724,1.7437611594202895,fixture-level distance scale anomaly (~25x)
1161.0,2025-06-11,1324722,65603,half_1,25,top,3753,hsr,5.43,5.87,290.2112,11.608448000000001,11.425637795275591,11.38083137254902,49.43972742759796,1.9775890971039183,fixture-level distance scale anomaly (~25x)
1161.0,2025-06-11,1324724,65603,half_1,27,bottom,3752,hsr,5.4,5.81,383.0139999999999,15.320559999999995,15.079291338582674,15.020156862745093,65.92323580034422,2.6369294320137686,fixture-level distance scale anomaly (~25x)
1161.0,2025-06-11,1324723,65603,half_1,28,top,3752,sprint,6.95,7.21,226.28,9.0512,8.908661417322834,8.873725490196078,31.384188626907076,1.255367545076283,fixture-level distance scale anomaly (~25x)
1161.0,2025-06-11,1324725,65603,half_1,28,top,3752,hsr,5.45,6.92,515.396,20.61584,20.291181102362206,20.211607843137255,74.47919075144509,2.979167630057803,fixture-level distance scale anomaly (~25x)
1161.0,2025-06-11,1324726,65603,half_1,28,top,3752,hsr,5.47,6.94,149.848,5.99392,5.899527559055119,5.876392156862746,21.59193083573487,0.8636772334293947,fixture-level distance scale anomaly (~25x)
1161.0,2025-06-11,1324729,65603,half_1,32,top,3752,hsr,5.45,6.04,830.6228,33.224911999999996,32.701685039370076,32.5734431372549,137.52033112582782,5.500813245033112,fixture-level distance scale anomaly (~25x)
1161.0,2025-06-11,1324727,65603,half_1,34,middle,3752,sprint,6.99,7.38,214.428,8.57712,8.44204724409449,8.408941176470588,29.055284552845528,1.1622113821138214,fixture-level distance scale anomaly (~25x)
1161.0,2025-06-11,1324730,65603,half_1,34,top,3753,hsr,5.43,6.91,675.9828,27.039312,26.613496062992127,26.509129411764707,97.82674384949348,3.913069753979739,fixture-level distance scale anomaly (~25x)
1161.0,2025-06-11,1324731,65603,half_1,34,middle,3752,hsr,5.41,6.94,148.444,5.93776,5.8442519685039365,5.821333333333333,21.389625360230546,0.8555850144092219,fixture-level distance scale anomaly (~25x)
1161.0,2025-06-11,1324732,65603,half_1,34,middle,3753,hsr,5.4,6.93,135.8156,5.432624,5.347070866141732,5.326101960784313,19.598210678210677,0.7839284271284271,fixture-level distance scale anomaly (~25x)
1161.0,2025-06-11,1324728,65603,half_1,35,top,3753,sprint,6.96,8.0,462.6304,18.505216,18.213795275590552,18.14236862745098,57.8288,2.313152,fixture-level distance scale anomaly (~25x)
1161.0,2025-06-11,1324733,65603,half_1,35,middle,3753,hsr,5.45,6.9,167.01399999999998,6.680559999999999,6.575354330708661,6.54956862745098,24.20492753623188,0.9681971014492752,fixture-level distance scale anomaly (~25x)
1161.0,2025-06-11,1324734,65603,half_1,36,middle,3752,sprint,6.94,7.25,226.78,9.0712,8.928346456692914,8.893333333333333,31.28,1.2511999999999999,fixture-level distance scale anomaly (~25x)
1161.0,2025-06-11,1324735,65603,half_1,36,middle,3753,sprint,6.93,7.29,414.7024,16.588096,16.326866141732285,16.262839215686274,56.88647462277092,2.275458984910837,fixture-level distance scale anomaly (~25x)
1161.0,2025-06-11,1324737,65603,half_1,36,middle,3752,hsr,5.39,6.9,234.57,9.3828,9.23503937007874,9.198823529411765,33.995652173913044,1.3598260869565215,fixture-level distance scale anomaly (~25x)
1161.0,2025-06-11,1324738,65603,half_1,36,middle,3752,hsr,5.51,6.97,131.44799999999998,5.2579199999999995,5.17511811023622,5.154823529411764,18.859110473457672,0.754364418938307,fixture-level distance scale anomaly (~25x)
1161.0,2025-06-11,1324739,65603,half_1,36,middle,3753,hsr,5.47,6.91,283.7204,11.348816,11.170094488188976,11.12629019607843,41.05939218523878,1.6423756874095512,fixture-level distance scale anomaly (~25x)
1161.0,2025-06-11,1324740,65603,half_1,39,middle,3752,hsr,5.41,5.91,244.38279999999995,9.775311999999998,9.621370078740156,9.583639215686272,41.350727580372244,1.6540291032148895,fixture-level distance scale anomaly (~25x)
1161.0,2025-06-11,1324736,65603,half_1,40,top,3753,sprint,6.91,7.49,457.2968,18.291872,18.00381102362205,17.933207843137257,61.054312416555405,2.4421724966622165,fixture-level distance scale anomaly (~25x)
1161.0,2025-06-11,1324741,65603,half_1,40,middle,3753,hsr,5.44,6.88,296.732,11.869280000000002,11.682362204724411,11.636549019607845,43.1296511627907,1.7251860465116282,fixture-level distance scale anomaly (~25x)
1161.0,2025-06-11,1324742,65603,half_1,40,top,3753,hsr,5.42,6.91,228.9364,9.157456,9.01324409448819,8.977898039215686,33.13117221418234,1.3252468885672937,fixture-level distance scale anomaly (~25x)
1161.0,2025-06-11,1324743,65603,half_1,45,top,3753,hsr,5.46,5.68,144.0196,5.760784,5.670062992125985,5.647827450980392,25.35556338028169,1.0142225352112677,fixture-level distance scale anomaly (~25x)
1161.0,2025-06-11,1324745,65603,half_2,1,middle,3753,hsr,5.44,5.53,136.6768,5.467071999999999,5.380976377952756,5.359874509803921,24.71551537070524,0.9886206148282095,fixture-level distance scale anomaly (~25x)
1161.0,2025-06-11,1324744,65603,half_2,2,top,3752,sprint,6.92,8.09,518.4564,20.738256,20.411669291338583,20.331623529411765,64.08608158220025,2.56344326328801,fixture-level distance scale anomaly (~25x)
1161.0,2025-06-11,1324746,65603,half_2,2,top,3752,hsr,5.48,6.87,234.2628,9.370512,9.222944881889765,9.186776470588235,34.09938864628821,1.3639755458515284,fixture-level distance scale anomaly (~25x)
1161.0,2025-06-11,1324747,65603,half_2,3,middle,3752,hsr,5.41,6.07,529.656,21.186239999999998,20.85259842519685,20.770823529411764,87.25799011532123,3.4903196046128495,fixture-level distance scale anomaly (~25x)
1161.0,2025-06-11,1324748,65603,half_2,5,middle,3753,hsr,5.43,6.22,407.304,16.29216,16.0355905511811,15.97270588235294,65.48295819935691,2.6193183279742764,fixture-level distance scale anomaly (~25x)
1161.0,2025-06-11,1324749,65603,half_2,5,middle,3752,hsr,5.48,6.58,392.9988,15.719952000000001,15.472393700787404,15.411717647058824,59.72626139817629,2.389050455927052,fixture-level distance scale anomaly (~25x)
1161.0,2025-06-11,1324750,65603,half_2,6,top,3752,hsr,5.46,7.18,375.5076,15.020304000000001,14.783763779527561,14.725788235294118,52.2991086350975,2.0919643454039,fixture-level distance scale anomaly (~25x)
1161.0,2025-06-11,1324751,65603,half_2,7,middle,3752,hsr,5.43,5.63,210.2332,8.409328,8.276897637795276,8.244439215686276,37.341598579040856,1.493663943161634,fixture-level distance scale anomaly (~25x)
1161.0,2025-06-11,1324752,65603,half_2,7,bottom,3753,hsr,5.43,5.87,232.20200000000003,9.28808,9.141811023622049,9.105960784313726,39.557410562180586,1.5822964224872234,fixture-level distance scale anomaly (~25x)
1161.0,2025-06-11,1324753,65603,half_2,8,middle,3752,hsr,5.43,6.71,390.7396,15.629584,15.383448818897639,15.323121568627451,58.23242921013413,2.329297168405365,fixture-level distance scale anomaly (~25x)
1161.0,2025-06-11,1324754,65603,half_2,9,top,3753,hsr,5.53,6.07,172.552,6.90208,6.793385826771654,6.766745098039215,28.427018121911036,1.1370807248764414,fixture-level distance scale anomaly (~25x)
1161.0,2025-06-11,1324757,65603,half_2,11,bottom,3752,hsr,5.44,6.0,188.7116,7.548464,7.429590551181103,7.400454901960784,31.451933333333333,1.2580773333333333,fixture-level distance scale anomaly (~25x)
1161.0,2025-06-11,1324755,65603,half_2,12,bottom,3752,sprint,6.99,7.83,342.9324,13.717296,13.501275590551181,13.448329411764705,43.79724137931034,1.7518896551724137,fixture-level distance scale anomaly (~25x)
1161.0,2025-06-11,1324756,65603,half_2,15,bottom,3752,sprint,6.93,7.31,512.4392,20.497568,20.17477165354331,20.095654901960785,70.101121751026,2.80404487004104,fixture-level distance scale anomaly (~25x)
1161.0,2025-06-11,1324758,65603,half_2,15,middle,3753,hsr,5.47,5.75,190.3056,7.612224,7.492346456692914,7.462964705882353,33.09662608695652,1.3238650434782608,fixture-level distance scale anomaly (~25x)
1161.0,2025-06-11,1324759,65603,half_2,15,middle,3752,hsr,5.53,6.95,137.9264,5.517056,5.430173228346457,5.408878431372549,19.845525179856114,0.7938210071942446,fixture-level distance scale anomaly (~25x)
1161.0,2025-06-11,1324760,65603,half_2,15,bottom,3752,hsr,5.49,6.92,235.9204,9.436816,9.28820472440945,9.251780392156864,34.092543352601155,1.3637017341040463,fixture-level distance scale anomaly (~25x)
1161.0,2025-06-11,1324761,65603,half_2,17,top,3753,hsr,5.51,7.12,407.6724,16.306896,16.050094488188975,15.98715294117647,57.257359550561794,2.2902943820224717,fixture-level distance scale anomaly (~25x)
1161.0,2025-06-11,1324762,65606,half_1,3,middle,3753,hsr,5.37,7.1,144.8728,5.794912,5.703653543307087,5.681286274509804,20.404619718309863,0.8161847887323944,fixture-level distance scale anomaly (~25x)
1167.0,2025-06-14,1323376,65529,half_1,19,bottom,3751,hsr,5.47,6.0,170.9048,6.836192,6.728535433070866,6.702149019607843,28.484133333333332,1.1393653333333333,fixture-level distance scale anomaly (~25x)
1167.0,2025-06-14,1322473,65530,half_1,1,middle,3750,hsr,5.49,6.44,320.0036,12.800144,12.59856692913386,12.549160784313726,49.69,1.9875999999999998,fixture-level distance scale anomaly (~25x)
1167.0,2025-06-14,1322474,65530,half_1,1,top,3750,hsr,5.52,6.63,262.908,10.51632,10.350708661417324,10.310117647058824,39.65429864253394,1.5861719457013574,fixture-level distance scale anomaly (~25x)
1167.0,2025-06-14,1322475,65530,half_1,4,middle,3750,hsr,5.49,6.09,261.9008,10.476032,10.311055118110238,10.270619607843138,43.00505747126437,1.7202022988505747,fixture-level distance scale anomaly (~25x)
1167.0,2025-06-14,1322476,65530,half_1,5,bottom,3750,hsr,5.44,5.62,193.4012,7.736047999999999,7.614220472440945,7.584360784313725,34.413024911032025,1.376520996441281,fixture-level distance scale anomaly (~25x)
1167.0,2025-06-14,1322477,65530,half_1,7,top,3750,hsr,5.52,6.18,222.3828,8.895312,8.755228346456693,8.72089411764706,35.9842718446602,1.439370873786408,fixture-level distance scale anomaly (~25x)
1167.0,2025-06-14,1322478,65530,half_1,12,bottom,3750,hsr,5.46,5.75,207.2264,8.289056,8.158519685039371,8.126525490196078,36.039373913043484,1.4415749565217393,fixture-level distance scale anomaly (~25x)
1167.0,2025-06-14,1322479,65530,half_1,15,bottom,3751,hsr,5.43,5.66,188.4744,7.538976,7.420251968503938,7.391152941176471,33.29936395759717,1.331974558303887,fixture-level distance scale anomaly (~25x)
1167.0,2025-06-14,1322481,65530,half_1,21,bottom,3751,hsr,5.48,6.25,534.904,21.39616,21.059212598425198,20.97662745098039,85.58464,3.4233855999999996,fixture-level distance scale anomaly (~25x)
1167.0,2025-06-14,1322480,65530,half_1,22,bottom,3751,sprint,6.95,7.52,459.636,18.385440000000003,18.095905511811026,18.024941176470588,61.1218085106383,2.4448723404255324,fixture-level distance scale anomaly (~25x)
1167.0,2025-06-14,1322482,65530,half_1,22,middle,3751,hsr,5.47,6.93,187.594,7.50376,7.385590551181102,7.356627450980392,27.06984126984127,1.0827936507936509,fixture-level distance scale anomaly (~25x)
1167.0,2025-06-14,1322483,65530,half_1,22,bottom,3751,hsr,5.5,6.9,136.8664,5.4746559999999995,5.38844094488189,5.367309803921569,19.835710144927535,0.7934284057971014,fixture-level distance scale anomaly (~25x)
1167.0,2025-06-14,1322484,65530,half_1,24,top,3750,hsr,5.43,5.67,188.7972,7.551888,7.4329606299212605,7.403811764705883,33.297566137566136,1.3319026455026455,fixture-level distance scale anomaly (~25x)
1167.0,2025-06-14,1322485,65530,half_1,27,bottom,3751,sprint,6.98,7.72,279.7688,11.190752,11.014519685039371,10.971325490196078,36.23948186528497,1.449579274611399,fixture-level distance scale anomaly (~25x)
1167.0,2025-06-14,1322487,65530,half_1,27,middle,3751,hsr,5.48,5.66,127.1288,5.085152,5.0050708661417325,4.985443137254902,22.460918727915193,0.8984367491166078,fixture-level distance scale anomaly (~25x)
1167.0,2025-06-14,1322486,65530,half_1,30,top,3750,sprint,6.93,9.33,1352.0739999999998,54.08295999999999,53.231259842519684,53.022509803921565,144.91682743837083,5.796673097534833,fixture-level distance scale anomaly (~25x)
1167.0,2025-06-14,1322488,65530,half_1,30,middle,3750,hsr,5.41,6.89,233.4344,9.337376,9.190330708661419,9.154290196078431,33.880174165457184,1.3552069666182875,fixture-level distance scale anomaly (~25x)
1167.0,2025-06-14,1322489,65530,half_1,30,top,3750,hsr,5.45,6.92,161.798,6.47192,6.37,6.345019607843137,23.38121387283237,0.9352485549132948,fixture-level distance scale anomaly (~25x)
1167.0,2025-06-14,1322491,65530,half_1,33,top,3751,hsr,5.43,5.59,153.9804,6.159216,6.062220472440945,6.03844705882353,27.545688729874776,1.1018275491949912,fixture-level distance scale anomaly (~25x)
1167.0,2025-06-14,1322490,65530,half_1,35,bottom,3751,sprint,7.05,7.6,211.0816,8.443264000000001,8.310299212598427,8.277709803921569,27.77389473684211,1.1109557894736843,fixture-level distance scale anomaly (~25x)
1167.0,2025-06-14,1322493,65530,half_1,43,top,3750,hsr,5.4,5.66,471.0192,18.840768,18.544062992125987,18.471341176470588,83.21893992932863,3.328757597173145,fixture-level distance scale anomaly (~25x)
1167.0,2025-06-14,1322492,65530,half_1,44,bottom,3751,sprint,6.89,7.82,401.1424,16.045696,15.79300787401575,15.731074509803921,51.2969820971867,2.0518792838874678,fixture-level distance scale anomaly (~25x)
1167.0,2025-06-14,1322494,65530,half_1,44,bottom,3751,hsr,5.36,6.87,216.2772,8.651088,8.514850393700788,8.481458823529412,31.48139737991266,1.2592558951965065,fixture-level distance scale anomaly (~25x)
1167.0,2025-06-14,1322495,65530,half_1,44,bottom,3751,hsr,5.5,6.84,377.846,15.11384,14.875826771653545,14.817490196078431,55.2406432748538,2.2096257309941523,fixture-level distance scale anomaly (~25x)
1167.0,2025-06-14,1322496,65530,half_1,47,bottom,3751,hsr,5.44,6.31,290.9728,11.638912,11.455622047244095,11.410698039215687,46.112963549920764,1.8445185419968304,fixture-level distance scale anomaly (~25x)
1167.0,2025-06-14,1322497,65530,half_2,2,bottom,3751,hsr,5.52,6.47,277.8288,11.113152,10.938141732283466,10.895247058823529,42.94108191653787,1.7176432766615146,fixture-level distance scale anomaly (~25x)
1167.0,2025-06-14,1322498,65530,half_2,3,bottom,3751,hsr,5.47,6.99,577.4448,23.097792,22.734047244094487,22.64489411764706,82.6101287553648,3.304405150214592,fixture-level distance scale anomaly (~25x)
1167.0,2025-06-14,1322499,65530,half_2,3,top,3751,hsr,5.39,6.15,584.1648,23.366592,22.998614173228347,22.908423529411767,94.98614634146341,3.7994458536585363,fixture-level distance scale anomaly (~25x)
1167.0,2025-06-14,1322500,65530,half_2,6,bottom,3751,hsr,5.51,6.86,294.302,11.77208,11.586692913385829,11.541254901960786,42.90116618075802,1.7160466472303206,fixture-level distance scale anomaly (~25x)
1167.0,2025-06-14,1322501,65530,half_2,8,bottom,3751,hsr,5.51,7.12,705.0448,28.201792,27.757669291338583,27.64881568627451,99.02314606741572,3.9609258426966294,fixture-level distance scale anomaly (~25x)
1167.0,2025-06-14,1322502,65530,half_2,12,bottom,3751,sprint,6.94,7.07,167.562,6.70248,6.596929133858269,6.5710588235294125,23.7004243281471,0.9480169731258841,fixture-level distance scale anomaly (~25x)
1167.0,2025-06-14,1322503,65530,half_2,12,bottom,3751,hsr,5.46,6.92,238.12760000000003,9.525104,9.375102362204727,9.338337254901962,34.411502890173416,1.3764601156069365,fixture-level distance scale anomaly (~25x)
1167.0,2025-06-14,1322504,65530,half_2,12,bottom,3751,hsr,5.43,6.94,200.4872,8.019488,7.893196850393701,7.862243137254902,28.888645533141208,1.1555458213256484,fixture-level distance scale anomaly (~25x)
1167.0,2025-06-14,1322505,65530,half_2,18,middle,3750,sprint,6.96,9.44,1673.4555999999998,66.93822399999999,65.88407874015748,65.62570980392157,177.27283898305083,7.090913559322034,fixture-level distance scale anomaly (~25x)
1167.0,2025-06-14,1322506,65530,half_2,18,middle,3750,hsr,5.45,6.91,167.4216,6.696864000000001,6.59140157480315,6.565552941176471,24.22888567293777,0.9691554269175109,fixture-level distance scale anomaly (~25x)
1167.0,2025-06-14,1322507,65530,half_2,20,top,3751,hsr,5.42,6.95,432.0088,17.280352,17.008220472440946,16.94152156862745,62.15953956834532,2.486381582733813,fixture-level distance scale anomaly (~25x)
1167.0,2025-06-14,1322508,65530,half_2,21,middle,3751,sprint,6.93,7.29,371.1564,14.846256,14.612456692913387,14.555152941176472,50.913086419753085,2.0365234567901234,fixture-level distance scale anomaly (~25x)
1167.0,2025-06-14,1322510,65530,half_2,21,middle,3751,hsr,5.44,6.91,211.978,8.47912,8.345590551181104,8.31286274509804,30.67698986975398,1.2270795947901592,fixture-level distance scale anomaly (~25x)
1167.0,2025-06-14,1322511,65530,half_2,21,bottom,3751,hsr,5.41,6.9,259.1064,10.364256000000001,10.20103937007874,10.161035294117648,37.55165217391304,1.5020660869565219,fixture-level distance scale anomaly (~25x)
1167.0,2025-06-14,1322512,65530,half_2,22,bottom,3751,hsr,5.51,6.22,217.0272,8.681087999999999,8.544377952755905,8.510870588235294,34.891832797427654,1.395673311897106,fixture-level distance scale anomaly (~25x)
1167.0,2025-06-14,1322509,65530,half_2,25,bottom,3751,sprint,6.96,7.49,584.4428,23.377712000000002,23.009559055118114,22.91932549019608,78.02974632843792,3.121189853137517,fixture-level distance scale anomaly (~25x)
1167.0,2025-06-14,1322513,65530,half_2,25,top,3751,hsr,5.42,6.75,359.6932,14.387728,14.161149606299213,14.10561568627451,53.28788148148148,2.131515259259259,fixture-level distance scale anomaly (~25x)
1167.0,2025-06-14,1322514,65530,half_2,25,middle,3751,hsr,5.46,6.93,174.9444,6.997776,6.887574803149607,6.860564705882353,25.244502164502165,1.0097800865800866,fixture-level distance scale anomaly (~25x)
1167.0,2025-06-14,1322515,65530,half_2,25,bottom,3750,hsr,5.44,6.92,149.1772,5.967088,5.873118110236221,5.8500862745098035,21.557398843930635,0.8622959537572255,fixture-level distance scale anomaly (~25x)
1167.0,2025-06-14,1322516,65530,half_2,27,middle,3751,hsr,5.42,6.18,478.1132,19.124528,18.823354330708664,18.749537254901963,77.36459546925566,3.094583818770227,fixture-level distance scale anomaly (~25x)
1167.0,2025-06-14,1322517,65530,half_2,29,middle,3751,hsr,5.45,6.83,331.37600000000003,13.255040000000001,13.046299212598427,12.995137254901962,48.5177159590044,1.940708638360176,fixture-level distance scale anomaly (~25x)
1167.0,2025-06-14,1322518,65530,half_2,32,middle,3750,hsr,5.42,6.03,317.5684,12.702736,12.502692913385827,12.45366274509804,52.66474295190713,2.106589718076285,fixture-level distance scale anomaly (~25x)
1167.0,2025-06-14,1322519,65530,half_2,32,top,3750,hsr,5.38,6.86,393.2836,15.731344,15.483606299212598,15.422886274509803,57.32997084548104,2.293198833819242,fixture-level distance scale anomaly (~25x)
1167.0,2025-06-14,1322520,65530,half_2,34,top,3751,hsr,5.48,6.08,249.6212,9.984848,9.827606299212599,9.789066666666667,41.05611842105263,1.6422447368421051,fixture-level distance scale anomaly (~25x)
1167.0,2025-06-14,1322521,65530,half_2,37,bottom,3751,hsr,5.43,6.61,517.3372,20.693488000000002,20.3676062992126,20.287733333333335,78.26583963691377,3.130633585476551,fixture-level distance scale anomaly (~25x)
1167.0,2025-06-14,1322522,65530,half_2,41,middle,3751,hsr,5.42,6.23,849.2564,33.970256,33.43529133858268,33.304172549019604,136.31723916532903,5.452689566613161,fixture-level distance scale anomaly (~25x)
1167.0,2025-06-14,1322523,65530,half_2,45,middle,3750,hsr,5.41,6.48,350.5388,14.021552,13.800740157480314,13.746619607843137,54.09549382716049,2.1638197530864196,fixture-level distance scale anomaly (~25x)
1167.0,2025-06-14,1322524,65530,half_2,46,middle,3750,hsr,5.51,5.82,134.5292,5.381168,5.296425196850394,5.275654901960785,23.114982817869414,0.9245993127147766,fixture-level distance scale anomaly (~25x)
1167.0,2025-06-14,1323349,65531,half_1,15,bottom,3751,sprint,7.0,7.42,222.4896,8.899583999999999,8.759433070866143,8.725082352941177,29.98512129380054,1.1994048517520215,fixture-level distance scale anomaly (~25x)
1167.0,2025-06-14,1323350,65531,half_1,15,middle,3751,hsr,5.38,5.79,184.748,7.38992,7.273543307086614,7.245019607843137,31.908117443868736,1.2763246977547495,fixture-level distance scale anomaly (~25x)
1167.0,2025-06-14,1323351,65531,half_1,15,bottom,3751,hsr,5.29,6.94,164.8132,6.592528,6.488708661417323,6.463262745098039,23.74829971181556,0.9499319884726224,fixture-level distance scale anomaly (~25x)
1167.0,2025-06-14,1323352,65531,half_1,19,bottom,3751,hsr,5.46,6.35,280.468,11.218720000000001,11.042047244094489,10.998745098039217,44.168188976377955,1.7667275590551184,fixture-level distance scale anomaly (~25x)
1167.0,2025-06-14,1323353,65531,half_1,20,bottom,3751,hsr,5.5,6.95,494.8048,19.792192,19.480503937007875,19.404109803921568,71.19493525179855,2.8477974100719425,fixture-level distance scale anomaly (~25x)
1167.0,2025-06-14,1323354,65531,half_1,21,middle,3751,sprint,6.99,7.25,169.61200000000002,6.784480000000001,6.677637795275592,6.651450980392158,23.394758620689657,0.9357903448275864,fixture-level distance scale anomaly (~25x)
1167.0,2025-06-14,1323355,65531,half_1,21,middle,3751,hsr,5.51,6.95,131.1236,5.244944,5.162346456692914,5.142101960784314,18.866705035971226,0.7546682014388489,fixture-level distance scale anomaly (~25x)
1167.0,2025-06-14,1323356,65531,half_1,21,bottom,3751,hsr,5.49,6.98,131.3464,5.253856,5.17111811023622,5.150839215686274,18.817535816618907,0.7527014326647564,fixture-level distance scale anomaly (~25x)
1167.0,2025-06-14,1323357,65531,half_1,21,bottom,3751,hsr,5.45,6.13,298.2016,11.928064,11.740220472440946,11.694180392156863,48.64626427406199,1.9458505709624796,fixture-level distance scale anomaly (~25x)
1167.0,2025-06-14,1323358,65531,half_1,22,bottom,3751,hsr,5.44,6.61,877.1636000000001,35.086544,34.534000000000006,34.39857254901961,132.7025113464448,5.308100453857792,fixture-level distance scale anomaly (~25x)
1167.0,2025-06-14,1323359,65531,half_1,27,bottom,3751,sprint,7.01,7.4,215.1772,8.607088,8.471543307086614,8.438321568627451,29.078,1.16312,fixture-level distance scale anomaly (~25x)
1167.0,2025-06-14,1323360,65531,half_1,27,bottom,3751,hsr,5.48,6.95,130.7944,5.231776,5.1493858267716535,5.129192156862745,18.8193381294964,0.7527735251798561,fixture-level distance scale anomaly (~25x)
1167.0,2025-06-14,1323361,65531,half_1,34,middle,3751,hsr,5.4,5.78,241.22519999999997,9.649007999999998,9.497055118110236,9.459811764705881,41.734463667820066,1.6693785467128024,fixture-level distance scale anomaly (~25x)
1167.0,2025-06-14,1323362,65531,half_1,44,bottom,3751,sprint,6.95,7.23,219.3148,8.772592,8.63444094488189,8.600580392156862,30.333997233748267,1.2133598893499307,fixture-level distance scale anomaly (~25x)
1167.0,2025-06-14,1323363,65531,half_1,44,bottom,3751,hsr,5.4,6.92,204.0424,8.161696,8.033165354330709,8.001662745098038,29.485895953757225,1.179435838150289,fixture-level distance scale anomaly (~25x)
1167.0,2025-06-14,1323364,65531,half_1,44,bottom,3751,hsr,5.49,6.93,137.2088,5.488352,5.40192125984252,5.380737254901961,19.79924963924964,0.7919699855699855,fixture-level distance scale anomaly (~25x)
1167.0,2025-06-14,1323365,65531,half_2,3,bottom,3751,hsr,5.44,5.63,137.8616,5.514464,5.427622047244095,5.4063372549019615,24.48696269982238,0.9794785079928953,fixture-level distance scale anomaly (~25x)
1167.0,2025-06-14,1323366,65531,half_2,8,bottom,3751,hsr,5.48,6.47,327.04040000000003,13.081616000000002,12.8756062992126,12.825113725490198,50.547202472952094,2.021888098918084,fixture-level distance scale anomaly (~25x)
1167.0,2025-06-14,1323367,65531,half_2,14,top,3750,hsr,5.44,6.34,431.0004,17.240016,16.96851968503937,16.901976470588234,67.9811356466877,2.719245425867508,fixture-level distance scale anomaly (~25x)
1167.0,2025-06-14,1323368,65531,half_2,21,bottom,3751,hsr,5.44,6.28,483.5508,19.342032,19.037433070866143,18.962776470588235,76.99853503184713,3.079941401273885,fixture-level distance scale anomaly (~25x)
1167.0,2025-06-14,1323369,65531,half_2,25,bottom,3751,hsr,5.41,5.65,277.598,11.10392,10.929055118110238,10.886196078431373,49.132389380530974,1.9652955752212389,fixture-level distance scale anomaly (~25x)
1167.0,2025-06-14,1323370,65531,half_2,27,middle,3751,hsr,5.42,6.48,975.8416,39.033664,38.41896062992126,38.268298039215686,150.59283950617282,6.0237135802469135,fixture-level distance scale anomaly (~25x)
1167.0,2025-06-14,1323371,65531,half_2,34,top,3751,hsr,5.46,6.64,1080.0764,43.203056,42.522692913385825,42.35593725490196,162.66210843373494,6.506484337349398,fixture-level distance scale anomaly (~25x)
1167.0,2025-06-14,1323373,65531,half_2,36,top,3751,hsr,5.42,5.94,297.8988,11.915951999999999,11.728299212598426,11.68230588235294,50.151313131313124,2.006052525252525,fixture-level distance scale anomaly (~25x)
1167.0,2025-06-14,1323372,65531,half_2,37,bottom,3751,sprint,6.94,8.38,587.0328000000001,23.481312000000003,23.111527559055123,23.02089411764706,70.05164677804297,2.8020658711217186,fixture-level distance scale anomaly (~25x)
1167.0,2025-06-14,1323374,65531,half_2,40,top,3751,hsr,5.41,5.96,269.08160000000004,10.763264000000001,10.593763779527562,10.552219607843139,45.147919463087256,1.8059167785234902,fixture-level distance scale anomaly (~25x)
1167.0,2025-06-14,1323375,65531,half_2,41,bottom,3751,hsr,5.42,6.87,820.8584000000001,32.834336,32.31725984251969,32.19052549019608,119.48448326055313,4.779379330422125,fixture-level distance scale anomaly (~25x)
1167.0,2025-06-14,1322525,65532,half_1,3,middle,3751,hsr,5.45,5.8,168.2392,6.729568,6.6235905511811035,6.59761568627451,29.00675862068966,1.1602703448275864,fixture-level distance scale anomaly (~25x)
1167.0,2025-06-14,1322526,65532,half_1,7,bottom,3750,hsr,5.44,6.05,378.2136,15.128544,14.890299212598425,14.83190588235294,62.51464462809917,2.500585785123967,fixture-level distance scale anomaly (~25x)
1167.0,2025-06-14,1322527,65532,half_1,7,top,3751,hsr,5.46,6.14,316.1752,12.647008000000001,12.447842519685041,12.399027450980393,51.49433224755701,2.0597732899022803,fixture-level distance scale anomaly (~25x)
1167.0,2025-06-14,1322528,65532,half_1,19,bottom,3751,sprint,6.97,7.45,252.3728,10.094912,9.935937007874017,9.896972549019608,33.875543624161075,1.355021744966443,fixture-level distance scale anomaly (~25x)
1167.0,2025-06-14,1322529,65532,half_1,19,bottom,3751,hsr,5.42,6.92,225.8332,9.033328000000001,8.891070866141733,8.856203921568628,32.63485549132948,1.3053942196531794,fixture-level distance scale anomaly (~25x)
1167.0,2025-06-14,1322531,65532,half_1,21,bottom,3751,hsr,5.4,6.82,582.7928,23.311712000000004,22.944598425196855,22.85461960784314,85.45348973607038,3.4181395894428155,fixture-level distance scale anomaly (~25x)
1167.0,2025-06-14,1322530,65532,half_1,22,bottom,3751,sprint,6.94,7.12,260.0016,10.400064,10.23628346456693,10.196141176470588,36.517078651685395,1.4606831460674157,fixture-level distance scale anomaly (~25x)
1167.0,2025-06-14,1322532,65532,half_1,22,middle,3751,hsr,5.44,6.92,287.0792,11.483168000000001,11.302330708661419,11.258007843137255,41.48543352601156,1.6594173410404627,fixture-level distance scale anomaly (~25x)
1167.0,2025-06-14,1322533,65532,half_1,22,bottom,3751,hsr,5.47,6.92,219.6748,8.786992,8.648614173228347,8.614698039215687,31.74491329479769,1.2697965317919075,fixture-level distance scale anomaly (~25x)
1167.0,2025-06-14,1322534,65532,half_1,27,bottom,3751,sprint,7.01,8.04,340.96999999999997,13.638799999999998,13.424015748031495,13.371372549019606,42.409203980099505,1.69636815920398,fixture-level distance scale anomaly (~25x)
1167.0,2025-06-14,1322536,65532,half_1,42,bottom,3751,hsr,5.44,6.59,298.6148,11.944592,11.756488188976379,11.71038431372549,45.31332321699545,1.812532928679818,fixture-level distance scale anomaly (~25x)
1167.0,2025-06-14,1322535,65532,half_1,43,middle,3750,sprint,6.98,7.75,514.4196,20.576783999999996,20.252740157480314,20.17331764705882,66.37672258064515,2.655068903225806,fixture-level distance scale anomaly (~25x)
1167.0,2025-06-14,1322537,65532,half_1,43,middle,3750,hsr,5.45,6.94,142.9824,5.719296000000001,5.629228346456694,5.607152941176471,20.602651296829972,0.824106051873199,fixture-level distance scale anomaly (~25x)
1167.0,2025-06-14,1322538,65532,half_1,43,top,3750,hsr,5.43,6.93,142.6,5.704,5.6141732283464565,5.592156862745098,20.57720057720058,0.8230880230880231,fixture-level distance scale anomaly (~25x)
1167.0,2025-06-14,1322539,65532,half_1,44,bottom,3751,hsr,5.41,6.6,564.2543999999999,22.570175999999996,22.214740157480314,22.12762352941176,85.4930909090909,3.419723636363636,fixture-level distance scale anomaly (~25x)
1167.0,2025-06-14,1322540,65532,half_2,2,bottom,3751,hsr,5.51,6.1,197.0124,7.880496000000001,7.756393700787402,7.725976470588236,32.29711475409837,1.2918845901639346,fixture-level distance scale anomaly (~25x)
1167.0,2025-06-14,1322541,65532,half_2,3,bottom,3751,hsr,5.46,5.87,221.1376,8.845504,8.70620472440945,8.672062745098039,37.67250425894378,1.5069001703577511,fixture-level distance scale anomaly (~25x)
1167.0,2025-06-14,1322542,65532,half_2,4,bottom,3751,hsr,5.42,6.07,254.6308,10.185232,10.024834645669292,9.985521568627451,41.949060955518945,1.6779624382207576,fixture-level distance scale anomaly (~25x)
1167.0,2025-06-14,1322543,65532,half_2,6,bottom,3751,hsr,5.44,5.97,211.3212,8.452848,8.319732283464568,8.287105882352941,35.397185929648245,1.4158874371859296,fixture-level distance scale anomaly (~25x)
1167.0,2025-06-14,1322544,65532,half_2,8,bottom,3751,hsr,5.48,6.97,381.86,15.2744,15.033858267716537,14.974901960784313,54.78622668579627,2.1914490674318508,fixture-level distance scale anomaly (~25x)
1167.0,2025-06-14,1322545,65532,half_2,12,bottom,3751,sprint,6.97,8.8,647.586,25.90344,25.495511811023626,25.395529411764706,73.58931818181817,2.943572727272727,fixture-level distance scale anomaly (~25x)
1167.0,2025-06-14,1322546,65532,half_2,12,bottom,3751,hsr,5.38,6.91,135.186,5.40744,5.3222834645669295,5.3014117647058825,19.56382054992764,0.7825528219971056,fixture-level distance scale anomaly (~25x)
1167.0,2025-06-14,1322547,65532,half_2,17,middle,3751,hsr,5.43,6.01,530.3956000000001,21.215824,20.881716535433075,20.799827450980395,88.25217970049918,3.530087188019967,fixture-level distance scale anomaly (~25x)
1167.0,2025-06-14,1322548,65532,half_2,21,middle,3751,sprint,6.98,8.15,704.0844,28.163376,27.719858267716535,27.61115294117647,86.39072392638036,3.4556289570552146,fixture-level distance scale anomaly (~25x)
1167.0,2025-06-14,1322550,65532,half_2,21,bottom,3751,hsr,5.48,6.93,130.55,5.222,5.13976377952756,5.119607843137255,18.83838383838384,0.7535353535353536,fixture-level distance scale anomaly (~25x)
1167.0,2025-06-14,1322549,65532,half_2,25,bottom,3751,sprint,6.98,8.5,840.5396000000001,33.621584000000006,33.09211023622048,32.96233725490196,98.88701176470589,3.955480470588236,fixture-level distance scale anomaly (~25x)
1167.0,2025-06-14,1322551,65532,half_2,27,middle,3751,hsr,5.43,6.18,530.5840000000001,21.223360000000003,20.88913385826772,20.807215686274514,85.85501618122979,3.4342006472491917,fixture-level distance scale anomaly (~25x)
1167.0,2025-06-14,1322552,65532,half_2,34,top,3751,sprint,6.91,7.34,480.7544,19.230176,18.927338582677166,18.853113725490196,65.49787465940054,2.619914986376022,fixture-level distance scale anomaly (~25x)
1167.0,2025-06-14,1322553,65532,half_2,34,top,3751,hsr,5.47,6.89,270.00759999999997,10.800303999999999,10.630220472440945,10.588533333333332,39.18833091436865,1.5675332365747459,fixture-level distance scale anomaly (~25x)
1167.0,2025-06-14,1322554,65532,half_2,34,top,3751,hsr,5.45,6.92,212.426,8.49704,8.363228346456692,8.33043137254902,30.697398843930635,1.2278959537572254,fixture-level distance scale anomaly (~25x)
1167.0,2025-06-14,1322556,65532,half_2,36,top,3751,hsr,5.44,6.22,490.188,19.60752,19.298740157480317,19.22305882352941,78.80836012861737,3.152334405144695,fixture-level distance scale anomaly (~25x)
1167.0,2025-06-14,1322557,65532,half_2,37,bottom,3751,hsr,5.42,6.94,533.1816,21.327264,20.991401574803152,20.909082352941176,76.82731988472622,3.073092795389049,fixture-level distance scale anomaly (~25x)
1167.0,2025-06-14,1322555,65532,half_2,40,top,3751,sprint,6.94,7.93,390.5512,15.622048,15.376031496062993,15.315733333333332,49.249836065573774,1.9699934426229508,fixture-level distance scale anomaly (~25x)
1167.0,2025-06-14,1322558,65532,half_2,40,middle,3751,hsr,5.42,6.89,177.952,7.11808,7.0059842519685045,6.978509803921568,25.82757619738752,1.0331030478955008,fixture-level distance scale anomaly (~25x)
1167.0,2025-06-14,1322559,65532,half_2,41,bottom,3751,sprint,6.9,9.23,1055.1804000000002,42.20721600000001,41.542535433070874,41.379623529411774,114.32073672806068,4.572829469122428,fixture-level distance scale anomaly (~25x)
1167.0,2025-06-14,1322560,65532,half_2,41,middle,3751,hsr,5.41,6.89,129.1428,5.165712,5.0843622047244095,5.064423529411765,18.743512336719885,0.7497404934687955,fixture-level distance scale anomaly (~25x)
1167.0,2025-06-14,1322561,65532,half_2,41,bottom,3751,hsr,5.52,6.85,168.6344,6.745376,6.639149606299213,6.613113725490196,24.618160583941606,0.9847264233576644,fixture-level distance scale anomaly (~25x)
1167.0,2025-06-14,1322562,65533,half_1,1,top,3751,hsr,5.43,5.68,368.756,14.750239999999998,14.517952755905512,14.461019607843136,64.92183098591549,2.5968732394366194,fixture-level distance scale anomaly (~25x)
1167.0,2025-06-14,1322563,65533,half_1,3,top,3751,hsr,5.4,5.93,291.3016,11.652064000000001,11.468566929133859,11.423592156862746,49.12337268128162,1.964934907251265,fixture-level distance scale anomaly (~25x)
1167.0,2025-06-14,1322564,65533,half_1,3,middle,3751,hsr,5.42,6.16,552.0592,22.082368000000002,21.734614173228348,21.649380392156864,89.62,3.5848000000000004,fixture-level distance scale anomaly (~25x)
1167.0,2025-06-14,1322565,65533,half_1,3,bottom,3751,hsr,5.43,6.14,232.9208,9.316832,9.170110236220474,9.134149019607843,37.93498371335505,1.517399348534202,fixture-level distance scale anomaly (~25x)
1167.0,2025-06-14,1322566,65533,half_1,5,bottom,3750,hsr,5.44,6.07,354.9584,14.198336,13.974740157480316,13.91993725490196,58.47749588138385,2.339099835255354,fixture-level distance scale anomaly (~25x)
1167.0,2025-06-14,1322567,65533,half_1,5,middle,3751,hsr,5.48,5.96,194.1512,7.766048,7.643748031496063,7.6137725490196075,32.57570469798657,1.303028187919463,fixture-level distance scale anomaly (~25x)
1167.0,2025-06-14,1322568,65533,half_1,5,middle,3751,hsr,5.45,5.59,126.2968,5.051872,4.972314960629921,4.95281568627451,22.59334525939177,0.9037338103756709,fixture-level distance scale anomaly (~25x)
1167.0,2025-06-14,1322569,65533,half_1,7,bottom,3750,hsr,5.47,6.61,406.2776,16.251104,15.995181102362206,15.932454901960785,61.46408472012103,2.458563388804841,fixture-level distance scale anomaly (~25x)
1167.0,2025-06-14,1322570,65533,half_1,13,top,3751,sprint,7.02,7.5,224.0228,8.960912,8.81979527559055,8.785207843137254,29.869706666666666,1.1947882666666667,fixture-level distance scale anomaly (~25x)
1167.0,2025-06-14,1322571,65533,half_1,13,middle,3751,sprint,7.03,7.44,186.4916,7.459664,7.342188976377954,7.3133960784313725,25.066075268817205,1.002643010752688,fixture-level distance scale anomaly (~25x)
1167.0,2025-06-14,1322572,65533,half_1,15,bottom,3751,hsr,5.44,5.64,154.66,6.1864,6.088976377952756,6.065098039215687,27.421985815602838,1.0968794326241136,fixture-level distance scale anomaly (~25x)
1167.0,2025-06-14,1322573,65533,half_1,21,bottom,3750,sprint,6.91,8.01,481.9984,19.279936,18.97631496062992,18.901898039215688,60.17458177278402,2.4069832709113608,fixture-level distance scale anomaly (~25x)
1167.0,2025-06-14,1322575,65533,half_1,21,middle,3751,hsr,5.48,6.89,263.83000000000004,10.553200000000002,10.387007874015751,10.346274509803923,38.29172714078375,1.5316690856313502,fixture-level distance scale anomaly (~25x)
1167.0,2025-06-14,1322574,65533,half_1,22,bottom,3751,sprint,6.93,7.45,586.196,23.44784,23.078582677165357,22.98807843137255,78.68402684563759,3.147361073825503,fixture-level distance scale anomaly (~25x)
1167.0,2025-06-14,1322576,65533,half_1,22,middle,3751,hsr,5.45,6.93,174.222,6.96888,6.859133858267717,6.832235294117647,25.140259740259744,1.0056103896103896,fixture-level distance scale anomaly (~25x)
1167.0,2025-06-14,1322577,65533,half_1,22,bottom,3751,hsr,5.47,6.91,240.1672,9.606688,9.455401574803151,9.418321568627452,34.75646888567294,1.3902587554269175,fixture-level distance scale anomaly (~25x)
1167.0,2025-06-14,1322578,65533,half_1,27,bottom,3751,sprint,7.0,7.63,285.8356,11.433424,11.253370078740158,11.209239215686274,37.462070773263434,1.4984828309305374,fixture-level distance scale anomaly (~25x)
1167.0,2025-06-14,1322579,65533,half_1,27,bottom,3751,hsr,5.45,6.95,136.5036,5.4601440000000006,5.374157480314961,5.353082352941176,19.640805755395682,0.7856322302158274,fixture-level distance scale anomaly (~25x)
1167.0,2025-06-14,1322580,65533,half_1,34,middle,3751,hsr,5.42,6.74,396.6712,15.866848,15.616976377952756,15.555733333333333,58.853293768545996,2.3541317507418396,fixture-level distance scale anomaly (~25x)
1167.0,2025-06-14,1322581,65533,half_1,34,bottom,3751,hsr,5.43,6.22,270.6764,10.827056,10.656551181102364,10.614760784313725,43.51710610932476,1.7406842443729906,fixture-level distance scale anomaly (~25x)
1167.0,2025-06-14,1322582,65533,half_1,39,bottom,3751,hsr,5.41,6.82,393.7356,15.749424,15.50140157480315,15.440611764705881,57.732492668621695,2.3092997067448677,fixture-level distance scale anomaly (~25x)
1167.0,2025-06-14,1322583,65533,half_1,40,bottom,3750,hsr,5.46,5.79,167.894,6.71576,6.61,6.584078431372549,28.997236614853197,1.1598894645941278,fixture-level distance scale anomaly (~25x)
1167.0,2025-06-14,1322584,65533,half_1,41,top,3750,hsr,5.41,5.61,393.3364,15.733456,15.48568503937008,15.424956862745098,70.11344028520499,2.8045376114081995,fixture-level distance scale anomaly (~25x)
1167.0,2025-06-14,1322585,65533,half_1,42,bottom,3751,hsr,5.44,7.05,389.548,15.58192,15.336535433070868,15.276392156862745,55.25503546099291,2.2102014184397163,fixture-level distance scale anomaly (~25x)
1167.0,2025-06-14,1322586,65533,half_1,43,middle,3750,hsr,5.4,5.97,413.7048,16.548192,16.287590551181104,16.223717647058823,69.2972864321608,2.7718914572864324,fixture-level distance scale anomaly (~25x)
1167.0,2025-06-14,1322587,65533,half_1,44,bottom,3751,hsr,5.43,5.54,147.7396,5.909584,5.816519685039371,5.793709803921568,26.667797833935015,1.0667119133574006,fixture-level distance scale anomaly (~25x)
1167.0,2025-06-14,1322588,65533,half_1,47,bottom,3751,hsr,5.43,6.33,440.6572,17.626288,17.348708661417323,17.28067450980392,69.61409162717219,2.7845636650868877,fixture-level distance scale anomaly (~25x)
1167.0,2025-06-14,1322589,65533,half_2,3,bottom,3751,sprint,6.98,7.9,360.5352,14.421408,14.194299212598425,14.138635294117647,45.63736708860759,1.8254946835443036,fixture-level distance scale anomaly (~25x)
1167.0,2025-06-14,1322590,65533,half_2,3,middle,3751,hsr,5.42,6.91,129.6432,5.185728,5.104062992125985,5.08404705882353,18.761678726483357,0.7504671490593343,fixture-level distance scale anomaly (~25x)
1167.0,2025-06-14,1322592,65533,half_2,7,middle,3751,hsr,5.44,6.25,470.0776,18.803104,18.506992125984254,18.43441568627451,75.212416,3.00849664,fixture-level distance scale anomaly (~25x)
1167.0,2025-06-14,1322593,65533,half_2,8,bottom,3751,hsr,5.4,7.06,447.2856,17.891424,17.609669291338584,17.540611764705883,63.35490084985836,2.5341960339943346,fixture-level distance scale anomaly (~25x)
1167.0,2025-06-14,1322591,65533,half_2,9,bottom,3750,sprint,6.97,8.19,516.4467999999999,20.657871999999998,20.33255118110236,20.252815686274506,63.05821733821733,2.5223286935286935,fixture-level distance scale anomaly (~25x)
1167.0,2025-06-14,1322594,65533,half_2,9,middle,3750,hsr,5.42,6.9,141.6564,5.666256,5.5770236220472444,5.555152941176471,20.52991304347826,0.8211965217391304,fixture-level distance scale anomaly (~25x)
1167.0,2025-06-14,1322595,65533,half_2,12,middle,3751,hsr,5.43,6.08,615.938,24.63752,24.249527559055117,24.15443137254902,101.30559210526316,4.052223684210526,fixture-level distance scale anomaly (~25x)
1167.0,2025-06-14,1322596,65533,half_2,21,bottom,3751,hsr,5.42,5.63,360.7892000000001,14.431568000000004,14.20429921259843,14.148596078431376,64.08333925399647,2.5633335701598585,fixture-level distance scale anomaly (~25x)
1167.0,2025-06-14,1322597,65533,half_2,25,middle,3751,hsr,5.4,6.9,503.9248,20.156992,19.839559055118112,19.7617568627451,73.03257971014493,2.9213031884057967,fixture-level distance scale anomaly (~25x)
1167.0,2025-06-14,1322598,65533,half_2,26,middle,3750,hsr,5.42,5.77,507.4376,20.297504,19.977858267716535,19.899513725490195,87.94412478336223,3.517764991334489,fixture-level distance scale anomaly (~25x)
1167.0,2025-06-14,1322599,65533,half_2,27,middle,3751,hsr,5.44,6.09,813.8620000000001,32.554480000000005,32.04181102362205,31.9161568627451,133.63908045977013,5.345563218390805,fixture-level distance scale anomaly (~25x)
1167.0,2025-06-14,1322600,65533,half_2,30,top,3751,hsr,5.55,6.31,170.69039999999998,6.827615999999999,6.720094488188976,6.693741176470588,27.0507765451664,1.082031061806656,fixture-level distance scale anomaly (~25x)
1167.0,2025-06-14,1322601,65533,half_2,37,bottom,3751,sprint,6.93,7.24,269.5252,10.781008,10.611228346456693,10.56961568627451,37.22723756906077,1.489089502762431,fixture-level distance scale anomaly (~25x)
1167.0,2025-06-14,1322602,65533,half_2,37,middle,3751,hsr,5.43,6.9,223.4528,8.938112,8.797354330708663,8.762854901960784,32.38446376811594,1.2953785507246376,fixture-level distance scale anomaly (~25x)
1167.0,2025-06-14,1322603,65533,half_2,37,bottom,3751,hsr,5.41,6.93,167.8056,6.712224,6.606519685039371,6.580611764705882,24.214372294372296,0.9685748917748918,fixture-level distance scale anomaly (~25x)
1167.0,2025-06-14,1322604,65533,half_2,40,top,3751,hsr,5.43,6.13,238.528,9.54112,9.390866141732284,9.354039215686274,38.9115823817292,1.556463295269168,fixture-level distance scale anomaly (~25x)
1167.0,2025-06-14,1322605,65533,half_2,41,middle,3750,hsr,5.46,6.17,281.1132,11.244528,11.067448818897638,11.02404705882353,45.56129659643436,1.8224518638573746,fixture-level distance scale anomaly (~25x)
1167.0,2025-06-14,1322606,65533,half_2,41,middle,3751,hsr,5.49,6.0,206.6856,8.267424,8.137228346456693,8.105317647058824,34.4476,1.377904,fixture-level distance scale anomaly (~25x)
1167.0,2025-06-14,1322607,65533,half_2,45,middle,3750,hsr,5.41,6.07,519.8484000000001,20.793936000000002,20.466472440944887,20.386211764705887,85.64224052718288,3.4256896210873147,fixture-level distance scale anomaly (~25x)
1167.0,2025-06-14,1322608,65533,half_2,47,middle,3750,hsr,5.48,6.0,189.1924,7.567696,7.44851968503937,7.419309803921569,31.532066666666665,1.2612826666666666,fixture-level distance scale anomaly (~25x)
1167.0,2025-06-14,1322609,65533,half_2,47,bottom,3750,hsr,5.45,6.49,376.594,15.06376,14.826535433070866,14.768392156862745,58.02681047765793,2.3210724191063172,fixture-level distance scale anomaly (~25x)
1167.0,2025-06-14,1322610,65534,half_1,1,top,3750,sprint,6.92,7.93,389.8368,15.593471999999998,15.347905511811025,15.287717647058823,49.15974779319041,1.9663899117276165,fixture-level distance scale anomaly (~25x)
1167.0,2025-06-14,1322611,65534,half_1,1,middle,3750,hsr,5.43,6.88,538.2024,21.528096,21.189070866141734,21.105976470588235,78.22709302325582,3.129083720930233,fixture-level distance scale anomaly (~25x)
1167.0,2025-06-14,1322612,65534,half_1,1,middle,3751,hsr,5.45,5.55,131.3828,5.255312,5.172551181102363,5.152266666666667,23.672576576576578,0.946903063063063,fixture-level distance scale anomaly (~25x)
1167.0,2025-06-14,1322613,65534,half_1,3,bottom,3751,hsr,5.41,6.18,765.8996000000001,30.635984000000004,30.153527559055124,30.035278431372554,123.93197411003239,4.957278964401295,fixture-level distance scale anomaly (~25x)
1167.0,2025-06-14,1322615,65534,half_1,12,middle,3750,hsr,5.4,5.56,186.2912,7.4516480000000005,7.334299212598426,7.305537254901961,33.50561151079137,1.3402244604316549,fixture-level distance scale anomaly (~25x)
1167.0,2025-06-14,1322614,65534,half_1,13,middle,3751,sprint,6.96,7.68,323.5164,12.940655999999999,12.736866141732284,12.686917647058822,42.12453125,1.6849812499999999,fixture-level distance scale anomaly (~25x)
1167.0,2025-06-14,1322616,65534,half_1,15,middle,3751,hsr,5.43,6.04,470.92,18.8368,18.540157480314964,18.467450980392158,77.96688741721854,3.1186754966887418,fixture-level distance scale anomaly (~25x)
1167.0,2025-06-14,1322617,65534,half_1,21,bottom,3751,sprint,6.92,7.22,297.5784,11.903136,11.71568503937008,11.669741176470588,41.215844875346264,1.6486337950138505,fixture-level distance scale anomaly (~25x)
1167.0,2025-06-14,1322618,65534,half_1,21,bottom,3750,hsr,5.39,6.9,392.8632,15.714528,15.467055118110236,15.4064,56.93669565217391,2.2774678260869563,fixture-level distance scale anomaly (~25x)
1167.0,2025-06-14,1322619,65534,half_1,21,bottom,3751,hsr,5.48,6.93,175.0892,7.0035680000000005,6.893275590551181,6.866243137254902,25.265396825396827,1.0106158730158732,fixture-level distance scale anomaly (~25x)
1167.0,2025-06-14,1322620,65534,half_1,21,bottom,3750,hsr,5.43,5.81,191.196,7.6478399999999995,7.52740157480315,7.497882352941176,32.908089500860584,1.3163235800344235,fixture-level distance scale anomaly (~25x)
1167.0,2025-06-14,1322621,65534,half_1,22,bottom,3751,hsr,5.39,6.52,792.7036,31.708144,31.208803149606304,31.086415686274513,121.58030674846627,4.863212269938651,fixture-level distance scale anomaly (~25x)
1167.0,2025-06-14,1322622,65534,half_1,25,middle,3751,hsr,5.45,6.88,294.294,11.771759999999999,11.586377952755905,11.540941176470588,42.775290697674414,1.7110116279069765,fixture-level distance scale anomaly (~25x)
1167.0,2025-06-14,1322623,65534,half_1,26,bottom,3751,hsr,5.46,6.1,303.3268,12.133072,11.942,11.89516862745098,49.72570491803279,1.9890281967213117,fixture-level distance scale anomaly (~25x)
1167.0,2025-06-14,1322624,65534,half_1,27,bottom,3751,hsr,5.45,6.34,474.99,18.9996,18.7003937007874,18.627058823529413,74.91955835962145,2.996782334384858,fixture-level distance scale anomaly (~25x)
1167.0,2025-06-14,1322625,65534,half_1,28,middle,3751,hsr,5.41,5.95,411.9176,16.476703999999998,16.217228346456693,16.153631372549018,69.2298487394958,2.7691939495798317,fixture-level distance scale anomaly (~25x)
1167.0,2025-06-14,1322626,65534,half_1,33,top,3750,hsr,5.38,6.39,453.1884,18.127536,17.842062992125985,17.772094117647057,70.92150234741784,2.8368600938967137,fixture-level distance scale anomaly (~25x)
1167.0,2025-06-14,1322627,65534,half_1,35,bottom,3751,hsr,5.41,5.85,237.4556,9.498224,9.34864566929134,9.31198431372549,40.590700854700856,1.6236280341880343,fixture-level distance scale anomaly (~25x)
1167.0,2025-06-14,1322628,65534,half_1,39,bottom,3751,hsr,5.46,5.94,281.0504,11.242016000000001,11.064976377952757,11.02158431372549,47.314882154882156,1.8925952861952864,fixture-level distance scale anomaly (~25x)
1167.0,2025-06-14,1322629,65534,half_1,40,top,3750,hsr,5.44,6.75,914.0736,36.562944,35.98714960629922,35.84602352941177,135.4183111111111,5.4167324444444445,fixture-level distance scale anomaly (~25x)
1167.0,2025-06-14,1322630,65534,half_1,43,top,3750,hsr,5.41,5.98,409.7376,16.389504,16.13140157480315,16.068141176470586,68.51799331103678,2.7407197324414714,fixture-level distance scale anomaly (~25x)
1167.0,2025-06-14,1322631,65534,half_1,44,bottom,3751,hsr,5.44,6.03,698.224,27.928960000000004,27.48913385826772,27.381333333333334,115.79170812603648,4.63166832504146,fixture-level distance scale anomaly (~25x)
1167.0,2025-06-14,1322632,65534,half_1,46,middle,3750,hsr,5.44,6.37,359.07759999999996,14.363103999999998,14.136913385826771,14.08147450980392,56.37010989010988,2.254804395604395,fixture-level distance scale anomaly (~25x)
1167.0,2025-06-14,1322633,65535,half_1,1,top,3750,sprint,7.02,7.68,286.79839999999996,11.471935999999998,11.29127559055118,11.246996078431371,37.34354166666666,1.4937416666666665,fixture-level distance scale anomaly (~25x)
1167.0,2025-06-14,1322634,65535,half_1,1,top,3751,hsr,5.39,6.54,405.3228,16.212912,15.957590551181102,15.895011764705881,61.97596330275229,2.4790385321100916,fixture-level distance scale anomaly (~25x)
1167.0,2025-06-14,1322635,65535,half_1,12,middle,3751,hsr,5.4,6.97,354.05359999999996,14.162143999999998,13.939118110236219,13.884454901960783,50.79678622668579,2.0318714490674314,fixture-level distance scale anomaly (~25x)
1167.0,2025-06-14,1322636,65535,half_1,13,top,3751,hsr,5.44,6.64,350.5272,14.021087999999999,13.80028346456693,13.746164705882352,52.790240963855425,2.1116096385542167,fixture-level distance scale anomaly (~25x)
1167.0,2025-06-14,1322637,65535,half_1,16,top,3750,sprint,6.94,8.22,1002.9248,40.116992,39.485228346456694,39.33038431372549,122.01031630170316,4.880412652068126,fixture-level distance scale anomaly (~25x)
1167.0,2025-06-14,1322638,65535,half_1,18,middle,3751,hsr,5.53,7.14,375.77,15.0308,14.794094488188977,14.736078431372547,52.628851540616246,2.10515406162465,fixture-level distance scale anomaly (~25x)
1167.0,2025-06-14,1322639,65535,half_1,18,middle,3751,hsr,5.46,5.8,157.074,6.28296,6.184015748031497,6.1597647058823535,27.081724137931037,1.0832689655172414,fixture-level distance scale anomaly (~25x)
1167.0,2025-06-14,1322640,65535,half_1,19,top,3751,hsr,5.48,6.47,383.1136,15.324544000000001,15.083212598425199,15.02406274509804,59.213848531684704,2.3685539412673884,fixture-level distance scale anomaly (~25x)
1167.0,2025-06-14,1322641,65535,half_1,20,middle,3750,hsr,5.51,6.24,223.3892,8.935568,8.794850393700788,8.760360784313725,35.799551282051276,1.4319820512820511,fixture-level distance scale anomaly (~25x)
1167.0,2025-06-14,1322642,65535,half_1,22,top,3751,sprint,6.89,7.22,297.0548,11.882192,11.695070866141734,11.649207843137255,41.143324099722996,1.6457329639889198,fixture-level distance scale anomaly (~25x)
1167.0,2025-06-14,1322644,65535,half_1,22,middle,3750,hsr,5.42,6.55,310.23040000000003,12.409216,12.213795275590552,12.165898039215687,47.36341984732825,1.89453679389313,fixture-level distance scale anomaly (~25x)
1167.0,2025-06-14,1322645,65535,half_1,22,top,3751,hsr,5.5,6.88,1053.3772,42.135087999999996,41.47154330708661,41.308909803921566,153.1071511627907,6.124286046511627,fixture-level distance scale anomaly (~25x)
1167.0,2025-06-14,1322646,65535,half_1,22,top,3751,hsr,5.44,6.93,168.06359999999998,6.722543999999999,6.61667716535433,6.5907294117647055,24.25160173160173,0.9700640692640692,fixture-level distance scale anomaly (~25x)
1167.0,2025-06-14,1322643,65535,half_1,24,top,3750,sprint,6.94,8.1,380.1272,15.205088,14.965637795275592,14.906949019607843,46.92928395061729,1.8771713580246914,fixture-level distance scale anomaly (~25x)
1167.0,2025-06-14,1322647,65535,half_1,24,top,3750,hsr,5.33,6.87,133.9616,5.358464000000001,5.2740787401574805,5.253396078431373,19.499505094614264,0.7799802037845707,fixture-level distance scale anomaly (~25x)
1167.0,2025-06-14,1322648,65535,half_1,28,top,3751,sprint,6.95,7.1,196.1308,7.845231999999999,7.721685039370079,7.691403921568627,27.62405633802817,1.1049622535211268,fixture-level distance scale anomaly (~25x)
1167.0,2025-06-14,1322650,65535,half_1,28,top,3751,hsr,5.5,6.93,201.4672,8.058688,7.931779527559055,7.900674509803921,29.07174603174603,1.1628698412698413,fixture-level distance scale anomaly (~25x)
1167.0,2025-06-14,1322651,65535,half_1,28,top,3751,hsr,5.45,6.93,200.5484,8.021936,7.895606299212599,7.864643137254902,28.939163059163057,1.1575665223665224,fixture-level distance scale anomaly (~25x)
1167.0,2025-06-14,1322649,65535,half_1,30,middle,3750,sprint,6.89,8.99,1399.7092,55.988368,55.10666141732284,54.8905568627451,155.6962402669633,6.227849610678532,fixture-level distance scale anomaly (~25x)
1167.0,2025-06-14,1322652,65535,half_1,30,middle,3750,hsr,5.46,6.84,380.9952,15.239808,14.999811023622048,14.940988235294117,55.70105263157895,2.228042105263158,fixture-level distance scale anomaly (~25x)
1167.0,2025-06-14,1322653,65535,half_1,32,top,3750,sprint,6.98,7.31,199.1528,7.966112000000001,7.840661417322836,7.809913725490197,27.243885088919292,1.0897554035567718,fixture-level distance scale anomaly (~25x)
1167.0,2025-06-14,1322655,65535,half_1,32,middle,3750,hsr,5.47,6.98,131.0508,5.242032,5.15948031496063,5.13924705882353,18.77518624641834,0.7510074498567335,fixture-level distance scale anomaly (~25x)
1167.0,2025-06-14,1322656,65535,half_1,32,top,3750,hsr,5.43,6.94,148.972,5.958880000000001,5.86503937007874,5.842039215686275,21.465706051873198,0.858628242074928,fixture-level distance scale anomaly (~25x)
1167.0,2025-06-14,1322654,65535,half_1,33,top,3750,sprint,6.92,7.32,162.3652,6.4946079999999995,6.392330708661417,6.367262745098039,22.181038251366118,0.8872415300546447,fixture-level distance scale anomaly (~25x)
1167.0,2025-06-14,1322657,65535,half_1,33,top,3750,hsr,5.45,6.79,523.6612,20.946448,20.616582677165354,20.535733333333333,77.12241531664212,3.084896612665685,fixture-level distance scale anomaly (~25x)
1167.0,2025-06-14,1322658,65535,half_1,33,top,3751,hsr,5.46,6.89,218.0544,8.722176,8.584818897637795,8.55115294117647,31.647953555878082,1.2659181422351233,fixture-level distance scale anomaly (~25x)
1167.0,2025-06-14,1322660,65535,half_1,41,top,3750,hsr,5.39,6.31,382.502,15.300080000000001,15.059133858267717,15.000078431372549,60.618383518225045,2.424735340729002,fixture-level distance scale anomaly (~25x)
1167.0,2025-06-14,1322661,65535,half_1,43,middle,3750,hsr,5.44,5.62,171.0632,6.842528,6.734771653543307,6.708360784313725,30.438291814946616,1.2175316725978647,fixture-level distance scale anomaly (~25x)
1167.0,2025-06-14,1322659,65535,half_1,44,middle,3750,sprint,6.95,7.61,373.9172,14.956688,14.721149606299212,14.663419607843137,49.13498028909329,1.9653992115637318,fixture-level distance scale anomaly (~25x)
1167.0,2025-06-14,1322662,65535,half_1,44,middle,3750,hsr,5.43,6.91,180.082,7.2032799999999995,7.08984251968504,7.062039215686275,26.06107091172214,1.0424428364688856,fixture-level distance scale anomaly (~25x)
1167.0,2025-06-14,1322663,65535,half_1,46,top,3750,sprint,6.96,8.26,741.0448,29.641792,29.174992125984254,29.06058039215686,89.71486682808717,3.588594673123487,fixture-level distance scale anomaly (~25x)
1167.0,2025-06-14,1322664,65535,half_1,46,top,3750,hsr,5.47,6.91,148.812,5.95248,5.858740157480316,5.835764705882354,21.535745296671493,0.8614298118668596,fixture-level distance scale anomaly (~25x)
1167.0,2025-06-14,1322665,65535,half_1,47,middle,3750,hsr,5.52,6.23,193.1692,7.726768,7.605086614173229,7.575262745098039,31.006292134831458,1.2402516853932584,fixture-level distance scale anomaly (~25x)
1167.0,2025-06-14,1322666,65535,half_2,3,top,3751,sprint,6.99,7.46,223.2196,8.928784,8.788173228346457,8.75370980392157,29.922198391420913,1.1968879356568365,fixture-level distance scale anomaly (~25x)
1167.0,2025-06-14,1322668,65535,half_2,3,bottom,3750,hsr,5.46,5.72,167.0828,6.683312,6.578062992125984,6.552266666666666,29.21027972027972,1.1684111888111888,fixture-level distance scale anomaly (~25x)
1167.0,2025-06-14,1322669,65535,half_2,3,top,3750,hsr,5.42,6.59,796.3012,31.852048,31.350440944881893,31.227498039215686,120.83477996965098,4.83339119878604,fixture-level distance scale anomaly (~25x)
1167.0,2025-06-14,1322667,65535,half_2,5,top,3750,sprint,6.93,7.17,190.0036,7.600144,7.480456692913386,7.4511215686274515,26.499804741980476,1.059992189679219,fixture-level distance scale anomaly (~25x)
1167.0,2025-06-14,1322670,65535,half_2,5,top,3750,hsr,5.44,6.91,265.9936,10.639744,10.472188976377954,10.431121568627452,38.49400868306802,1.5397603473227206,fixture-level distance scale anomaly (~25x)
1167.0,2025-06-14,1322671,65535,half_2,5,top,3750,hsr,5.51,6.97,144.3364,5.7734559999999995,5.682535433070866,5.660250980392156,20.708235294117646,0.8283294117647059,fixture-level distance scale anomaly (~25x)
1167.0,2025-06-14,1322672,65535,half_2,7,middle,3751,hsr,5.4,6.6,372.834,14.91336,14.678503937007875,14.620941176470588,56.49,2.2596000000000003,fixture-level distance scale anomaly (~25x)
1167.0,2025-06-14,1322673,65535,half_2,8,middle,3751,hsr,5.39,6.56,532.9008,21.316032,20.980346456692914,20.898070588235296,81.23487804878049,3.2493951219512196,fixture-level distance scale anomaly (~25x)
1167.0,2025-06-14,1322674,65535,half_2,8,bottom,3751,hsr,5.36,7.0,462.2368,18.489472,18.198299212598428,18.126933333333334,66.03382857142857,2.6413531428571426,fixture-level distance scale anomaly (~25x)
1167.0,2025-06-14,1322675,65535,half_2,12,top,3751,sprint,6.97,7.27,169.5948,6.783792,6.67696062992126,6.650776470588235,23.32803301237964,0.9331213204951857,fixture-level distance scale anomaly (~25x)
1167.0,2025-06-14,1322677,65535,half_2,12,top,3751,hsr,5.5,6.92,333.36879999999996,13.334751999999998,13.12475590551181,13.073286274509803,48.17468208092485,1.9269872832369939,fixture-level distance scale anomaly (~25x)
1167.0,2025-06-14,1322678,65535,half_2,12,bottom,3750,hsr,5.47,6.72,409.766,16.39064,16.132519685039373,16.069254901960786,60.97708333333334,2.4390833333333335,fixture-level distance scale anomaly (~25x)
1167.0,2025-06-14,1322676,65535,half_2,13,top,3750,sprint,7.01,7.51,216.88359999999997,8.675343999999999,8.538724409448818,8.505239215686274,28.879307589880156,1.1551723035952064,fixture-level distance scale anomaly (~25x)
1167.0,2025-06-14,1322679,65536,half_1,1,top,3750,sprint,6.99,8.99,886.8924000000001,35.475696,34.917023622047246,34.78009411764706,98.6532146829811,3.9461285873192433,fixture-level distance scale anomaly (~25x)
1167.0,2025-06-14,1322680,65536,half_1,1,middle,3751,hsr,5.53,6.59,313.3976,12.535904,12.33848818897638,12.290101960784314,47.556540212443096,1.902261608497724,fixture-level distance scale anomaly (~25x)
1167.0,2025-06-14,1322681,65536,half_1,2,top,3751,hsr,5.43,5.6,237.4904,9.499616,9.350015748031497,9.313349019607843,42.409,1.69636,fixture-level distance scale anomaly (~25x)
1167.0,2025-06-14,1322682,65536,half_1,3,bottom,3751,hsr,5.42,6.15,595.3176,23.812704,23.437700787401575,23.345788235294116,96.79960975609755,3.8719843902439024,fixture-level distance scale anomaly (~25x)
1167.0,2025-06-14,1322683,65536,half_1,5,middle,3751,hsr,5.43,6.15,472.4176,18.896704,18.599118110236223,18.526180392156864,76.81586991869918,3.0726347967479675,fixture-level distance scale anomaly (~25x)
1167.0,2025-06-14,1322684,65536,half_1,6,bottom,3750,hsr,5.51,6.17,252.1312,10.085248,9.926425196850394,9.887498039215686,40.86405186385738,1.634562074554295,fixture-level distance scale anomaly (~25x)
1167.0,2025-06-14,1322685,65536,half_1,7,middle,3750,hsr,5.54,6.34,182.9356,7.317424,7.202188976377953,7.173945098039216,28.854195583596216,1.1541678233438486,fixture-level distance scale anomaly (~25x)
1167.0,2025-06-14,1322686,65536,half_1,7,middle,3750,hsr,5.47,5.9,198.696,7.94784,7.822677165354331,7.792,33.677288135593216,1.3470915254237288,fixture-level distance scale anomaly (~25x)
1167.0,2025-06-14,1322687,65536,half_1,12,bottom,3750,hsr,5.47,6.09,261.4584,10.458336,10.29363779527559,10.253270588235294,42.93241379310345,1.7172965517241379,fixture-level distance scale anomaly (~25x)
1167.0,2025-06-14,1322688,65536,half_1,12,bottom,3750,hsr,5.52,6.73,278.0676,11.122704,10.947543307086615,10.904611764705884,41.317622585438336,1.6527049034175334,fixture-level distance scale anomaly (~25x)
1167.0,2025-06-14,1322689,65536,half_1,13,middle,3750,hsr,5.46,6.11,238.1432,9.525728,9.375716535433071,9.338949019607844,38.97597381342062,1.559038952536825,fixture-level distance scale anomaly (~25x)
1167.0,2025-06-14,1322690,65536,half_1,13,top,3751,hsr,5.43,6.34,425.4964,17.019856,16.751826771653544,16.686133333333334,67.11299684542587,2.684519873817035,fixture-level distance scale anomaly (~25x)
1167.0,2025-06-14,1322691,65536,half_1,13,top,3751,hsr,5.45,5.63,154.57119999999998,6.182847999999999,6.08548031496063,6.061615686274509,27.454920071047955,1.0981968028419182,fixture-level distance scale anomaly (~25x)
1167.0,2025-06-14,1322692,65536,half_1,13,middle,3751,hsr,5.46,5.92,228.1576,9.126304,8.982582677165356,8.947356862745098,38.54013513513514,1.5416054054054054,fixture-level distance scale anomaly (~25x)
1167.0,2025-06-14,1322693,65536,half_1,15,bottom,3751,hsr,5.46,5.83,260.5452,10.421808,10.257685039370081,10.217458823529412,44.69042881646656,1.7876171526586622,fixture-level distance scale anomaly (~25x)
1167.0,2025-06-14,1322694,65536,half_1,15,middle,3750,hsr,5.43,5.71,195.0044,7.800176,7.677338582677166,7.64723137254902,34.15138353765324,1.3660553415061296,fixture-level distance scale anomaly (~25x)
1167.0,2025-06-14,1322695,65536,half_1,16,top,3750,sprint,6.93,7.83,791.1172,31.644688000000002,31.146346456692918,31.024203921568628,101.03667943805875,4.0414671775223505,fixture-level distance scale anomaly (~25x)
1167.0,2025-06-14,1322697,65536,half_1,16,middle,3751,hsr,5.39,5.85,248.538,9.94152,9.784960629921262,9.746588235294118,42.48512820512821,1.6994051282051283,fixture-level distance scale anomaly (~25x)
1167.0,2025-06-14,1322698,65536,half_1,16,middle,3751,hsr,5.38,6.42,358.3104,14.332416,14.106708661417324,14.051388235294118,55.81158878504673,2.232463551401869,fixture-level distance scale anomaly (~25x)
1167.0,2025-06-14,1322699,65536,half_1,16,middle,3750,hsr,5.43,6.89,160.4972,6.419887999999999,6.318787401574803,6.294007843137255,23.29422351233672,0.9317689404934687,fixture-level distance scale anomaly (~25x)
1167.0,2025-06-14,1322700,65536,half_1,16,top,3750,hsr,5.39,6.9,245.2472,9.809887999999999,9.65540157480315,9.617537254901961,35.54307246376811,1.4217228985507244,fixture-level distance scale anomaly (~25x)
1167.0,2025-06-14,1322696,65536,half_1,18,middle,3751,sprint,6.98,7.16,147.3028,5.892112,5.799322834645669,5.776580392156863,20.573016759776536,0.8229206703910614,fixture-level distance scale anomaly (~25x)
1167.0,2025-06-14,1322701,65536,half_1,18,middle,3751,hsr,5.43,6.95,269.5208,10.780832,10.611055118110237,10.569443137254902,38.77997122302158,1.5511988489208632,fixture-level distance scale anomaly (~25x)
1167.0,2025-06-14,1322702,65536,half_1,18,middle,3751,hsr,5.42,6.97,130.6852,5.2274080000000005,5.145086614173229,5.124909803921569,18.749670014347203,0.7499868005738882,fixture-level distance scale anomaly (~25x)
1167.0,2025-06-14,1322703,65536,half_1,19,top,3751,hsr,5.43,6.07,301.79879999999997,12.071952,11.881842519685039,11.835247058823528,49.71973640856672,1.9887894563426687,fixture-level distance scale anomaly (~25x)
1167.0,2025-06-14,1322704,65536,half_1,20,middle,3750,hsr,5.46,5.78,179.476,7.17904,7.065984251968504,7.038274509803921,31.05121107266436,1.2420484429065743,fixture-level distance scale anomaly (~25x)
1167.0,2025-06-14,1322705,65536,half_1,21,bottom,3751,hsr,5.4,6.39,471.0108,18.840432,18.543732283464568,18.47101176470588,73.71061032863851,2.94842441314554,fixture-level distance scale anomaly (~25x)
1167.0,2025-06-14,1322706,65536,half_1,22,bottom,3751,hsr,5.47,6.56,755.1976,30.207904,29.73218897637795,29.615592156862743,115.12158536585366,4.6048634146341465,fixture-level distance scale anomaly (~25x)
1167.0,2025-06-14,1322707,65536,half_1,24,middle,3750,hsr,5.5,7.13,382.184,15.287360000000001,15.046614173228349,14.987607843137257,53.602244039270694,2.144089761570828,fixture-level distance scale anomaly (~25x)
1167.0,2025-06-14,1322708,65536,half_1,24,top,3750,hsr,5.43,6.73,998.298,39.93192,39.30307086614174,39.148941176470586,148.33551263001485,5.933420505200593,fixture-level distance scale anomaly (~25x)
1167.0,2025-06-14,1322709,65536,half_1,25,bottom,3751,hsr,5.47,6.23,295.1676,11.806704,11.620771653543308,11.5752,47.37842696629213,1.8951370786516852,fixture-level distance scale anomaly (~25x)
1167.0,2025-06-14,1322711,65536,half_1,26,middle,3750,hsr,5.45,6.7,422.4956,16.899824000000002,16.633685039370082,16.568454901960784,63.05904477611941,2.5223617910447764,fixture-level distance scale anomaly (~25x)
1167.0,2025-06-14,1322710,65536,half_1,27,bottom,3751,sprint,6.97,7.99,324.3608,12.974432,12.770110236220473,12.72003137254902,40.595844806007506,1.6238337922403003,fixture-level distance scale anomaly (~25x)
1167.0,2025-06-14,1322712,65536,half_1,28,middle,3751,hsr,5.49,6.68,327.6848,13.107391999999999,12.900976377952757,12.85038431372549,49.05461077844311,1.9621844311377246,fixture-level distance scale anomaly (~25x)
1167.0,2025-06-14,1322713,65536,half_1,30,middle,3750,hsr,5.43,6.05,922.034,36.88136,36.300551181102364,36.158196078431374,152.40231404958678,6.096092561983472,fixture-level distance scale anomaly (~25x)
1167.0,2025-06-14,1322715,65536,half_1,31,middle,3751,hsr,5.52,6.06,160.7112,6.4284479999999995,6.327212598425197,6.3024,26.52,1.0608,fixture-level distance scale anomaly (~25x)
1167.0,2025-06-14,1322714,65536,half_1,32,middle,3751,sprint,6.95,7.67,315.9516,12.638064,12.43903937007874,12.390258823529411,41.193168187744455,1.6477267275097784,fixture-level distance scale anomaly (~25x)
1167.0,2025-06-14,1322716,65536,half_1,32,top,3750,hsr,5.42,6.9,268.14160000000004,10.725664000000002,10.556755905511814,10.515356862745099,38.86110144927537,1.5544440579710146,fixture-level distance scale anomaly (~25x)
1167.0,2025-06-14,1322717,65536,half_1,34,middle,3751,hsr,5.42,6.82,532.4992,21.299968,20.964535433070868,20.88232156862745,78.07906158357771,3.1231624633431085,fixture-level distance scale anomaly (~25x)
1167.0,2025-06-14,1322718,65536,half_1,37,bottom,3751,hsr,5.49,5.89,146.6752,5.867007999999999,5.774614173228346,5.75196862745098,24.902410865874362,0.9960964346349744,fixture-level distance scale anomaly (~25x)
1167.0,2025-06-14,1322719,65536,half_1,39,bottom,3751,hsr,5.46,5.98,211.95039999999997,8.478015999999998,8.344503937007874,8.311780392156862,35.44321070234113,1.417728428093645,fixture-level distance scale anomaly (~25x)
1167.0,2025-06-14,1322720,65536,half_1,41,top,3750,hsr,5.43,6.54,727.6088,29.104352,28.6460157480315,28.533678431372547,111.25516819571865,4.450206727828746,fixture-level distance scale anomaly (~25x)
1167.0,2025-06-14,1322721,65536,half_1,43,middle,3750,hsr,5.41,6.69,420.132,16.80528,16.540629921259843,16.47576470588235,62.8,2.512,fixture-level distance scale anomaly (~25x)
1167.0,2025-06-14,1322722,65536,half_1,43,middle,3750,hsr,5.42,5.57,186.7472,7.469888,7.352251968503937,7.323419607843137,33.5273249551167,1.3410929982046678,fixture-level distance scale anomaly (~25x)
1167.0,2025-06-14,1322723,65536,half_1,44,bottom,3751,hsr,5.44,6.69,740.5236,29.620943999999998,29.154472440944883,29.040141176470588,110.69112107623317,4.427644843049327,fixture-level distance scale anomaly (~25x)
1167.0,2025-06-14,1322724,65536,half_1,46,top,3750,hsr,5.41,5.45,206.3996,8.255984,8.125968503937008,8.094101960784313,37.87148623853211,1.5148594495412844,fixture-level distance scale anomaly (~25x)
1167.0,2025-06-14,1322725,65536,half_1,47,bottom,3751,hsr,5.46,6.97,601.9224,24.076896,23.69773228346457,23.6048,86.35902439024392,3.4543609756097564,fixture-level distance scale anomaly (~25x)
1167.0,2025-06-14,1322726,65536,half_2,3,top,3750,sprint,6.95,7.17,218.412,8.73648,8.598897637795277,8.565176470588236,30.46192468619247,1.2184769874476988,fixture-level distance scale anomaly (~25x)
1167.0,2025-06-14,1322728,65536,half_2,3,bottom,3751,hsr,5.45,5.99,481.6336,19.265344,18.961952755905514,18.887592156862745,80.40627712854757,3.216251085141903,fixture-level distance scale anomaly (~25x)
1167.0,2025-06-14,1322729,65536,half_2,3,bottom,3750,hsr,5.43,5.78,270.1332,10.805328,10.63516535433071,10.593458823529412,46.73584775086505,1.8694339100346018,fixture-level distance scale anomaly (~25x)
1167.0,2025-06-14,1322730,65536,half_2,3,middle,3750,hsr,5.43,6.92,296.1264,11.845056,11.658519685039371,11.6128,42.7928323699422,1.7117132947976879,fixture-level distance scale anomaly (~25x)
1167.0,2025-06-14,1322731,65536,half_2,3,top,3750,hsr,5.39,6.94,252.2216,10.088864,9.929984251968504,9.891043137254902,36.34317002881844,1.4537268011527376,fixture-level distance scale anomaly (~25x)
1167.0,2025-06-14,1322727,65536,half_2,4,top,3750,sprint,6.96,7.59,314.4296,12.577183999999999,12.37911811023622,12.330572549019607,41.426824769433466,1.6570729907773385,fixture-level distance scale anomaly (~25x)
1167.0,2025-06-14,1322732,65536,half_2,4,top,3750,hsr,5.44,6.91,136.1708,5.446832000000001,5.3610551181102375,5.34003137254902,19.706338639652678,0.7882535455861072,fixture-level distance scale anomaly (~25x)
1167.0,2025-06-14,1322733,65536,half_2,5,top,3750,hsr,5.4,6.59,560.4516,22.418064,22.065023622047246,21.97849411764706,85.04576631259484,3.401830652503794,fixture-level distance scale anomaly (~25x)
1167.0,2025-06-14,1322734,65536,half_2,7,top,3751,hsr,5.52,6.73,271.7996,10.871984,10.700771653543308,10.658807843137255,40.386270430906386,1.6154508172362554,fixture-level distance scale anomaly (~25x)
1167.0,2025-06-14,1322735,65536,half_2,8,bottom,3750,hsr,5.56,5.9,135.626,5.42504,5.3396062992125986,5.318666666666667,22.987457627118644,0.9194983050847457,fixture-level distance scale anomaly (~25x)
1167.0,2025-06-14,1322736,65536,half_2,11,middle,3751,hsr,5.44,6.56,285.8624,11.434496,11.254425196850393,11.21029019607843,43.57658536585366,1.7430634146341464,fixture-level distance scale anomaly (~25x)
1167.0,2025-06-14,1322737,65536,half_2,11,middle,3751,hsr,5.42,6.16,493.1392,19.725568,19.41492913385827,19.338792156862745,80.05506493506493,3.2022025974025974,fixture-level distance scale anomaly (~25x)
1167.0,2025-06-14,1322738,65536,half_2,12,bottom,3751,hsr,5.45,5.78,230.6864,9.227456,9.082141732283464,9.046525490196078,39.91114186851211,1.5964456747404845,fixture-level distance scale anomaly (~25x)
1167.0,2025-06-14,1322739,65536,half_2,13,top,3750,hsr,5.43,5.63,160.1804,6.407216,6.306314960629921,6.28158431372549,28.45122557726465,1.1380490230905862,fixture-level distance scale anomaly (~25x)
1167.0,2025-06-14,1322740,65536,half_2,17,middle,3751,sprint,7.0,8.72,848.3023999999999,33.932095999999994,33.39773228346456,33.266760784313725,97.2823853211009,3.891295412844036,fixture-level distance scale anomaly (~25x)
1167.0,2025-06-14,1322741,65536,half_2,18,middle,3750,hsr,5.41,5.8,479.7604,19.190416,18.88820472440945,18.814133333333334,82.7173103448276,3.3086924137931035,fixture-level distance scale anomaly (~25x)
1167.0,2025-06-14,1322742,65536,half_2,20,top,3751,hsr,5.45,6.47,806.6107999999999,32.264432,31.756330708661416,31.63179607843137,124.66936630602781,4.986774652241113,fixture-level distance scale anomaly (~25x)
1167.0,2025-06-14,1322743,65536,half_2,21,middle,3751,hsr,5.41,5.54,488.2344,19.529376,19.221826771653543,19.14644705882353,88.12895306859205,3.525158122743682,fixture-level distance scale anomaly (~25x)
1167.0,2025-06-14,1322744,65536,half_2,22,middle,3751,hsr,5.46,5.64,132.2748,5.290992,5.207669291338583,5.187247058823529,23.452978723404257,0.9381191489361703,fixture-level distance scale anomaly (~25x)
1167.0,2025-06-14,1322745,65536,half_2,22,bottom,3751,hsr,5.45,5.94,333.3008,13.332032,13.12207874015748,13.070619607843136,56.111245791245786,2.2444498316498316,fixture-level distance scale anomaly (~25x)
1167.0,2025-06-14,1322746,65536,half_2,22,bottom,3751,hsr,5.44,7.2,395.1828,15.807312,15.558377952755906,15.497364705882353,54.8865,2.1954599999999997,fixture-level distance scale anomaly (~25x)
1167.0,2025-06-14,1322748,65537,half_1,1,top,3750,hsr,5.43,5.73,195.4456,7.817824000000001,7.694708661417324,7.664533333333334,34.1091797556719,1.3643671902268761,fixture-level distance scale anomaly (~25x)
1167.0,2025-06-14,1322749,65537,half_1,1,top,3751,hsr,5.39,6.98,504.5992,20.183968,19.866110236220475,19.788203921568627,72.29214899713466,2.8916859598853866,fixture-level distance scale anomaly (~25x)
1167.0,2025-06-14,1322747,65537,half_1,3,bottom,3751,sprint,6.96,7.25,162.3372,6.493488,6.3912283464566935,6.366164705882353,22.39133793103448,0.8956535172413793,fixture-level distance scale anomaly (~25x)
1167.0,2025-06-14,1322750,65537,half_1,3,middle,3751,hsr,5.46,6.13,173.2036,6.928144,6.81903937007874,6.792298039215686,28.255073409461662,1.1302029363784665,fixture-level distance scale anomaly (~25x)
1167.0,2025-06-14,1322751,65537,half_1,3,bottom,3751,hsr,5.44,6.92,161.1396,6.445584,6.344078740157481,6.3192,23.28606936416185,0.9314427745664741,fixture-level distance scale anomaly (~25x)
1167.0,2025-06-14,1322752,65537,half_1,8,top,3750,hsr,5.48,5.67,121.5352,4.861408,4.784850393700788,4.766086274509804,21.434779541446208,0.8573911816578483,fixture-level distance scale anomaly (~25x)
1167.0,2025-06-14,1322753,65537,half_1,15,bottom,3751,hsr,5.45,6.48,451.4404,18.057616,17.77324409448819,17.703545098039218,69.66672839506172,2.7866691358024687,fixture-level distance scale anomaly (~25x)
1167.0,2025-06-14,1322754,65537,half_1,16,bottom,3751,hsr,5.47,6.34,213.1124,8.524496000000001,8.390251968503938,8.357349019607843,33.613943217665614,1.3445577287066248,fixture-level distance scale anomaly (~25x)
1167.0,2025-06-14,1322755,65537,half_1,20,middle,3750,hsr,5.42,5.51,119.9532,4.798128,4.722566929133858,4.704047058823529,21.770090744101633,0.8708036297640654,fixture-level distance scale anomaly (~25x)
1167.0,2025-06-14,1322757,65537,half_1,21,bottom,3751,hsr,5.43,6.43,925.2168,37.008672000000004,36.42585826771654,36.28301176470588,143.8906376360809,5.755625505443236,fixture-level distance scale anomaly (~25x)
1167.0,2025-06-14,1322756,65537,half_1,22,bottom,3751,sprint,6.97,9.35,1071.1524,42.846095999999996,42.17135433070866,42.00597647058823,114.56175401069518,4.582470160427807,fixture-level distance scale anomaly (~25x)
1167.0,2025-06-14,1322758,65537,half_1,25,bottom,3751,hsr,5.47,6.49,383.2228,15.328912,15.087511811023623,15.028345098039216,59.04819722650231,2.3619278890600923,fixture-level distance scale anomaly (~25x)
1167.0,2025-06-14,1322759,65537,half_1,27,bottom,3751,hsr,5.45,5.83,502.944,20.11776,19.800944881889766,19.72329411764706,86.26826758147513,3.4507307032590053,fixture-level distance scale anomaly (~25x)
1167.0,2025-06-14,1322760,65537,half_1,30,middle,3750,hsr,5.41,5.44,157.2784,6.291136,6.192062992125985,6.167780392156863,28.911470588235293,1.1564588235294118,fixture-level distance scale anomaly (~25x)
1167.0,2025-06-14,1322761,65537,half_1,35,middle,3750,sprint,6.89,7.33,327.9804,13.119216,12.912614173228347,12.861976470588234,44.744938608458384,1.7897975443383356,fixture-level distance scale anomaly (~25x)
1167.0,2025-06-14,1322762,65537,half_1,35,bottom,3751,hsr,5.5,6.88,416.0952,16.643808,16.381700787401574,16.31745882352941,60.47895348837209,2.4191581395348836,fixture-level distance scale anomaly (~25x)
1167.0,2025-06-14,1322764,65537,half_1,39,middle,3751,hsr,5.45,6.47,314.28159999999997,12.571264,12.373291338582677,12.324768627450979,48.5752086553323,1.943008346213292,fixture-level distance scale anomaly (~25x)
1167.0,2025-06-14,1322763,65537,half_1,40,top,3750,sprint,6.87,9.03,1244.0984,49.763936,48.98025196850394,48.78817254901961,137.77390919158364,5.510956367663345,fixture-level distance scale anomaly (~25x)
1167.0,2025-06-14,1322765,65537,half_1,40,middle,3750,hsr,5.48,6.85,319.7836,12.791343999999999,12.589905511811024,12.540533333333332,46.68373722627737,1.8673494890510949,fixture-level distance scale anomaly (~25x)
1167.0,2025-06-14,1322767,65537,half_1,43,top,3750,hsr,5.43,5.56,148.0344,5.921376,5.828125984251969,5.805270588235294,26.624892086330938,1.0649956834532375,fixture-level distance scale anomaly (~25x)
1167.0,2025-06-14,1322766,65537,half_1,44,bottom,3751,sprint,6.94,7.97,460.8636,18.434544000000002,18.144236220472443,18.073082352941178,57.8247929736512,2.3129917189460483,fixture-level distance scale anomaly (~25x)
1167.0,2025-06-14,1322768,65537,half_1,44,bottom,3751,hsr,5.4,6.9,165.57279999999997,6.622911999999999,6.518614173228346,6.493050980392156,23.996057971014487,0.9598423188405795,fixture-level distance scale anomaly (~25x)
1167.0,2025-06-14,1322769,65537,half_1,44,bottom,3751,hsr,5.41,6.87,128.8748,5.154992,5.0738110236220475,5.053913725490196,18.759068413391557,0.7503627365356623,fixture-level distance scale anomaly (~25x)
1167.0,2025-06-14,1322770,65537,half_1,46,middle,3751,hsr,5.49,6.04,290.43039999999996,11.617215999999999,11.434267716535432,11.38942745098039,48.084503311258274,1.923380132450331,fixture-level distance scale anomaly (~25x)
1167.0,2025-06-14,1322771,65537,half_1,47,bottom,3751,hsr,5.42,5.72,262.8684,10.514736000000001,10.349149606299214,10.308564705882354,45.95601398601399,1.8382405594405598,fixture-level distance scale anomaly (~25x)
1167.0,2025-06-14,1322773,65537,half_2,2,bottom,3751,hsr,5.46,6.83,363.3856,14.535424,14.30651968503937,14.25041568627451,53.20433382137628,2.1281733528550513,fixture-level distance scale anomaly (~25x)
1167.0,2025-06-14,1322772,65537,half_2,3,bottom,3751,sprint,6.93,7.06,202.4988,8.099952,7.972393700787402,7.941129411764705,28.682549575070823,1.147301983002833,fixture-level distance scale anomaly (~25x)
1167.0,2025-06-14,1322774,65537,half_2,3,middle,3751,hsr,5.45,6.93,232.3328,9.293312,9.14696062992126,9.11109019607843,33.52565656565657,1.3410262626262628,fixture-level distance scale anomaly (~25x)
1167.0,2025-06-14,1322775,65537,half_2,3,bottom,3751,hsr,5.46,6.91,283.6384,11.345536,11.166866141732283,11.12307450980392,41.04752532561505,1.641901013024602,fixture-level distance scale anomaly (~25x)
1167.0,2025-06-14,1322776,65537,half_2,3,bottom,3751,hsr,5.47,6.76,303.8104,12.152416,11.961039370078742,11.914133333333334,44.94236686390533,1.7976946745562132,fixture-level distance scale anomaly (~25x)
1167.0,2025-06-14,1322777,65537,half_2,4,bottom,3751,hsr,5.45,5.88,215.4116,8.616464,8.480771653543307,8.447513725490197,36.634625850340136,1.4653850340136056,fixture-level distance scale anomaly (~25x)
1167.0,2025-06-14,1322778,65537,half_2,8,bottom,3751,hsr,5.45,6.34,304.3368,12.173471999999999,11.98176377952756,11.934776470588234,48.00264984227129,1.9201059936908516,fixture-level distance scale anomaly (~25x)
1167.0,2025-06-14,1322779,65537,half_2,9,middle,3750,hsr,5.4,6.53,380.9432000000001,15.237728000000004,14.997763779527563,14.938949019607847,58.337396630934165,2.3334958652373667,fixture-level distance scale anomaly (~25x)
1167.0,2025-06-14,1322780,65537,half_2,12,bottom,3751,hsr,5.44,5.91,239.3212,9.572848,9.422094488188977,9.385145098039215,40.49428087986463,1.6197712351945854,fixture-level distance scale anomaly (~25x)
1167.0,2025-06-14,1322781,65537,half_2,13,middle,3750,hsr,5.44,6.28,344.204,13.76816,13.551338582677166,13.498196078431373,54.80955414012739,2.1923821656050952,fixture-level distance scale anomaly (~25x)
1167.0,2025-06-14,1322782,65537,half_2,13,top,3750,hsr,5.48,6.79,375.6396,15.025583999999998,14.78896062992126,14.730964705882352,55.32247422680412,2.2128989690721648,fixture-level distance scale anomaly (~25x)
1167.0,2025-06-14,1322783,65537,half_2,18,middle,3750,hsr,5.45,6.74,436.174,17.44696,17.17220472440945,17.10486274509804,64.71424332344213,2.5885697329376853,fixture-level distance scale anomaly (~25x)
1167.0,2025-06-14,1322784,65537,half_2,21,bottom,3751,sprint,6.95,7.94,909.638,36.38552,35.812519685039376,35.67207843137255,114.5639798488665,4.582559193954659,fixture-level distance scale anomaly (~25x)
1167.0,2025-06-14,1322786,65537,half_2,21,top,3750,hsr,5.43,6.14,379.4232,15.176928,14.93792125984252,14.87934117647059,61.79530944625407,2.471812377850163,fixture-level distance scale anomaly (~25x)
1167.0,2025-06-14,1322787,65537,half_2,21,middle,3751,hsr,5.48,6.91,149.27159999999998,5.970863999999999,5.876834645669291,5.853788235294116,21.602257597684513,0.8640903039073804,fixture-level distance scale anomaly (~25x)
1167.0,2025-06-14,1322788,65537,half_2,21,bottom,3751,hsr,5.48,6.92,130.422,5.21688,5.134724409448819,5.114588235294118,18.847109826589595,0.7538843930635838,fixture-level distance scale anomaly (~25x)
1167.0,2025-06-14,1322785,65537,half_2,25,bottom,3750,sprint,6.95,7.67,375.6548,15.026192000000002,14.789559055118112,14.731560784313727,48.97715775749674,1.95908631029987,fixture-level distance scale anomaly (~25x)
1167.0,2025-06-14,1322789,65537,half_2,25,bottom,3751,hsr,5.42,6.9,172.4328,6.897311999999999,6.788692913385827,6.762070588235294,24.990260869565216,0.9996104347826086,fixture-level distance scale anomaly (~25x)
1167.0,2025-06-14,1322790,65537,half_2,26,middle,3750,sprint,6.95,9.07,1036.21,41.4484,40.795669291338584,40.63568627450981,114.24586549062845,4.569834619625138,fixture-level distance scale anomaly (~25x)
1167.0,2025-06-14,1322791,65537,half_2,26,middle,3750,hsr,5.43,6.9,148.4088,5.936352,5.8428661417322845,5.819952941176471,21.508521739130437,0.8603408695652174,fixture-level distance scale anomaly (~25x)
1167.0,2025-06-14,1322792,65537,half_2,31,top,3751,hsr,5.52,6.9,341.90360000000004,13.676144,13.46077165354331,13.407984313725493,49.5512463768116,1.9820498550724637,fixture-level distance scale anomaly (~25x)
1167.0,2025-06-14,1322793,65537,half_2,34,middle,3751,hsr,5.49,5.98,159.58159999999998,6.383264,6.282740157480315,6.258101960784313,26.68588628762541,1.0674354515050166,fixture-level distance scale anomaly (~25x)
1167.0,2025-06-14,1322794,65537,half_2,34,bottom,3751,hsr,5.52,6.8,685.9300000000001,27.437200000000004,27.005118110236225,26.899215686274513,100.87205882352943,4.034882352941177,fixture-level distance scale anomaly (~25x)
1167.0,2025-06-14,1322795,65537,half_2,37,middle,3751,hsr,5.5,5.73,121.9604,4.8784160000000005,4.801590551181103,4.782760784313726,21.284537521815007,0.8513815008726003,fixture-level distance scale anomaly (~25x)
1167.0,2025-06-14,1322796,65537,half_2,37,middle,3750,hsr,5.5,6.62,325.7176,13.028704,12.823527559055119,12.773239215686274,49.202054380664656,1.968082175226586,fixture-level distance scale anomaly (~25x)
1167.0,2025-06-14,1322797,65537,half_2,41,middle,3750,hsr,5.54,6.4,214.7756,8.591023999999999,8.455732283464567,8.422572549019607,33.5586875,1.3423474999999998,fixture-level distance scale anomaly (~25x)
1167.0,2025-06-14,1322798,65537,half_2,41,middle,3751,hsr,5.38,6.88,554.3352,22.173408,21.824220472440945,21.738635294117646,80.57197674418605,3.222879069767442,fixture-level distance scale anomaly (~25x)
1167.0,2025-06-14,1322799,65537,half_2,45,bottom,3751,hsr,5.5,6.74,290.9732,11.638928,11.455637795275592,11.410713725490197,43.171097922848666,1.7268439169139465,fixture-level distance scale anomaly (~25x)
1167.0,2025-06-14,1323384,65538,half_2,1,middle,3751,hsr,5.45,6.91,314.89919999999995,12.595967999999997,12.397606299212597,12.348988235294115,45.57151953690303,1.822860781476121,fixture-level distance scale anomaly (~25x)
1167.0,2025-06-14,1323382,65538,half_2,3,middle,3750,sprint,6.92,7.11,266.6144,10.664576,10.496629921259842,10.455466666666666,37.49850914205344,1.4999403656821377,fixture-level distance scale anomaly (~25x)
1167.0,2025-06-14,1323385,65538,half_2,3,bottom,3751,hsr,5.35,6.85,818.2244,32.728975999999996,32.21355905511811,32.08723137254902,119.44881751824818,4.7779527007299265,fixture-level distance scale anomaly (~25x)
1167.0,2025-06-14,1323386,65538,half_2,3,middle,3750,hsr,5.44,6.92,243.724,9.74896,9.595433070866141,9.557803921568627,35.22023121387283,1.4088092485549133,fixture-level distance scale anomaly (~25x)
1167.0,2025-06-14,1323387,65538,half_2,3,top,3750,hsr,5.49,6.9,348.122,13.92488,13.705590551181103,13.651843137254902,50.45246376811594,2.0180985507246376,fixture-level distance scale anomaly (~25x)
1167.0,2025-06-14,1323383,65538,half_2,5,top,3750,sprint,6.93,7.07,336.5436,13.461744000000001,13.249748031496065,13.19778823529412,47.60164073550212,1.904065629420085,fixture-level distance scale anomaly (~25x)
1167.0,2025-06-14,1323388,65538,half_2,5,middle,3750,hsr,5.45,6.92,594.362,23.774479999999997,23.40007874015748,23.308313725490194,85.89046242774566,3.435618497109826,fixture-level distance scale anomaly (~25x)
1167.0,2025-06-14,1323389,65538,half_2,5,top,3750,hsr,5.51,6.93,196.582,7.86328,7.739448818897638,7.709098039215686,28.366810966810966,1.1346724386724387,fixture-level distance scale anomaly (~25x)
1167.0,2025-06-14,1323390,65538,half_2,7,middle,3751,hsr,5.4,5.77,263.53000000000003,10.541200000000002,10.375196850393703,10.33450980392157,45.67244367417678,1.8268977469670715,fixture-level distance scale anomaly (~25x)
1167.0,2025-06-14,1323391,65538,half_2,7,middle,3751,hsr,5.39,6.25,678.0652,27.122608,26.69548031496063,26.590792156862744,108.490432,4.33961728,fixture-level distance scale anomaly (~25x)
1167.0,2025-06-14,1323392,65538,half_2,8,bottom,3751,hsr,5.44,6.4,580.3568,23.214272,22.84869291338583,22.759090196078432,90.68075,3.62723,fixture-level distance scale anomaly (~25x)
1167.0,2025-06-14,1323393,65538,half_2,9,bottom,3750,hsr,5.38,6.73,420.7516,16.830064,16.565023622047246,16.500062745098038,62.518811292719164,2.5007524517087667,fixture-level distance scale anomaly (~25x)
1167.0,2025-06-14,1323394,65538,half_2,9,middle,3750,hsr,5.49,5.83,163.3116,6.532464,6.429590551181103,6.404376470588235,28.01228130360206,1.1204912521440824,fixture-level distance scale anomaly (~25x)
1167.0,2025-06-14,1323395,65538,half_2,10,bottom,3750,hsr,5.55,6.22,193.174,7.72696,7.605275590551182,7.575450980392157,31.056913183279747,1.2422765273311898,fixture-level distance scale anomaly (~25x)
1167.0,2025-06-14,1323396,65538,half_2,12,middle,3751,hsr,5.46,6.23,198.7776,7.951104,7.825889763779529,7.7952,31.906516853932583,1.2762606741573033,fixture-level distance scale anomaly (~25x)
1167.0,2025-06-14,1323397,65538,half_2,13,top,3750,hsr,5.39,6.04,358.28159999999997,14.331264,14.105574803149606,14.050258823529411,59.31814569536423,2.3727258278145693,fixture-level distance scale anomaly (~25x)
1167.0,2025-06-14,1323398,65538,half_2,13,top,3750,hsr,5.4,5.55,164.2636,6.570544,6.467070866141732,6.441709803921569,29.597045045045046,1.1838818018018018,fixture-level distance scale anomaly (~25x)
1167.0,2025-06-14,1323399,65538,half_2,14,top,3750,hsr,5.51,5.92,147.0684,5.8827359999999995,5.790094488188976,5.767388235294118,24.842635135135136,0.9937054054054053,fixture-level distance scale anomaly (~25x)
1167.0,2025-06-14,1323400,65538,half_2,14,top,3750,hsr,5.43,5.7,318.17040000000003,12.726816000000001,12.526393700787404,12.477270588235296,55.81936842105264,2.2327747368421056,fixture-level distance scale anomaly (~25x)
1167.0,2025-06-14,1323401,65538,half_2,17,middle,3751,hsr,5.44,6.2,411.712,16.46848,16.209133858267716,16.14556862745098,66.40516129032258,2.656206451612903,fixture-level distance scale anomaly (~25x)
1167.0,2025-06-14,1323402,65538,half_2,17,bottom,3751,hsr,5.47,7.48,201.6156,8.064624,7.937622047244095,7.906494117647059,26.953957219251336,1.0781582887700534,fixture-level distance scale anomaly (~25x)
1167.0,2025-06-14,1323403,65538,half_2,18,top,3750,hsr,5.41,6.51,780.9236000000001,31.236944000000005,30.74502362204725,30.62445490196079,119.95754224270355,4.7983016897081425,fixture-level distance scale anomaly (~25x)
1167.0,2025-06-14,1323404,65538,half_2,20,top,3751,hsr,5.44,5.61,126.4764,5.059056,4.9793858267716535,4.959858823529411,22.544812834224597,0.9017925133689839,fixture-level distance scale anomaly (~25x)
1167.0,2025-06-14,1323405,65538,half_2,21,top,3750,hsr,5.39,6.21,303.984,12.15936,11.96787401574803,11.920941176470587,48.950724637681155,1.9580289855072464,fixture-level distance scale anomaly (~25x)
1167.0,2025-06-14,1323406,65538,half_2,21,bottom,3751,hsr,5.43,6.08,413.42,16.5368,16.276377952755908,16.212549019607845,67.9967105263158,2.7198684210526314,fixture-level distance scale anomaly (~25x)
1167.0,2025-06-14,1323407,65538,half_2,23,bottom,3750,hsr,5.52,6.13,197.5268,7.901072,7.776645669291339,7.746149019607843,32.22296900489397,1.2889187601957586,fixture-level distance scale anomaly (~25x)
1167.0,2025-06-14,1323408,65538,half_2,25,middle,3751,hsr,5.4,6.22,293.28119999999996,11.731247999999999,11.546503937007873,11.501223529411764,47.15131832797427,1.886052733118971,fixture-level distance scale anomaly (~25x)
1167.0,2025-06-14,1323409,65538,half_2,25,top,3751,hsr,5.44,5.82,259.8904,10.395616,10.231905511811025,10.191780392156863,44.654707903780064,1.7861883161512027,fixture-level distance scale anomaly (~25x)
1167.0,2025-06-14,1323411,65538,half_2,26,top,3750,hsr,5.43,6.78,1019.686,40.787440000000004,40.145118110236226,39.987686274509805,150.3961651917404,6.015846607669617,fixture-level distance scale anomaly (~25x)
1167.0,2025-06-14,1323412,65538,half_2,27,bottom,3751,hsr,5.41,5.86,398.576,15.943040000000002,15.69196850393701,15.63043137254902,68.01638225255972,2.720655290102389,fixture-level distance scale anomaly (~25x)
1167.0,2025-06-14,1323413,65538,half_2,28,top,3751,hsr,5.45,7.13,387.072,15.48288,15.239055118110237,15.179294117647059,54.28779803646564,2.1715119214586256,fixture-level distance scale anomaly (~25x)
1167.0,2025-06-14,1323414,65538,half_2,29,middle,3751,hsr,5.49,6.1,202.4056,8.096224,7.968724409448819,7.937474509803922,33.18124590163934,1.3272498360655738,fixture-level distance scale anomaly (~25x)
1167.0,2025-06-14,1323410,65538,half_2,30,top,3750,sprint,6.93,7.47,325.7904,13.031616,12.826393700787401,12.776094117647057,43.61317269076305,1.744526907630522,fixture-level distance scale anomaly (~25x)
1167.0,2025-06-14,1323415,65538,half_2,30,top,3750,hsr,5.4,6.89,202.85879999999997,8.114351999999998,7.986566929133858,7.955247058823528,29.442496371552973,1.177699854862119,fixture-level distance scale anomaly (~25x)
1167.0,2025-06-14,1323416,65538,half_2,30,middle,3751,hsr,5.42,5.6,148.558,5.94232,5.848740157480315,5.825803921568627,26.528214285714284,1.0611285714285714,fixture-level distance scale anomaly (~25x)
1167.0,2025-06-14,1323417,65538,half_2,32,middle,3750,hsr,5.5,5.7,116.3332,4.653328,4.580047244094489,4.562086274509804,20.409333333333333,0.8163733333333333,fixture-level distance scale anomaly (~25x)
1167.0,2025-06-14,1323418,65538,half_2,33,top,3750,hsr,5.45,5.71,133.1352,5.3254079999999995,5.241543307086614,5.220988235294118,23.31614711033275,0.9326458844133099,fixture-level distance scale anomaly (~25x)
1167.0,2025-06-14,1323419,65538,half_2,33,top,3750,hsr,5.43,6.28,410.9392,16.437568000000002,16.178708661417325,16.11526274509804,65.43617834394905,2.617447133757962,fixture-level distance scale anomaly (~25x)
1167.0,2025-06-14,1323420,65538,half_2,34,middle,3751,hsr,5.42,6.59,428.048,17.12192,16.85228346456693,16.786196078431374,64.95417298937785,2.598166919575114,fixture-level distance scale anomaly (~25x)
1167.0,2025-06-14,1323421,65538,half_2,37,bottom,3751,sprint,6.97,7.23,219.5092,8.780368,8.642094488188977,8.608203921568627,30.36088520055325,1.2144354080221298,fixture-level distance scale anomaly (~25x)
1167.0,2025-06-14,1323422,65538,half_2,37,middle,3751,hsr,5.38,6.94,227.8804,9.115216,8.971669291338584,8.936486274509804,32.83579250720461,1.3134317002881843,fixture-level distance scale anomaly (~25x)
1167.0,2025-06-14,1323423,65538,half_2,37,bottom,3751,hsr,5.44,6.93,167.916,6.71664,6.610866141732283,6.584941176470588,24.23030303030303,0.9692121212121212,fixture-level distance scale anomaly (~25x)
1167.0,2025-06-14,1323424,65538,half_2,39,top,3750,hsr,5.46,6.63,684.8956,27.395823999999998,26.9643937007874,26.858650980392156,103.30250377073907,4.1321001508295625,fixture-level distance scale anomaly (~25x)
1167.0,2025-06-14,1323425,65538,half_2,39,top,3750,hsr,5.43,6.42,402.6664,16.106656,15.853007874015749,15.790839215686274,62.7206230529595,2.50882492211838,fixture-level distance scale anomaly (~25x)
1167.0,2025-06-14,1323426,65538,half_2,40,top,3750,hsr,5.45,6.38,330.1804,13.207216,12.999228346456695,12.948250980392158,51.75241379310345,2.070096551724138,fixture-level distance scale anomaly (~25x)
1167.0,2025-06-14,1323427,65538,half_2,41,top,3750,hsr,5.44,5.68,166.3796,6.655184,6.550377952755906,6.524690196078431,29.292183098591554,1.171687323943662,fixture-level distance scale anomaly (~25x)
1167.0,2025-06-14,1323428,65538,half_2,42,middle,3750,hsr,5.34,6.37,671.8952,26.875808000000003,26.452566929133862,26.34883137254902,105.47805337519624,4.21912213500785,fixture-level distance scale anomaly (~25x)
1167.0,2025-06-14,1323429,65538,half_2,45,bottom,3751,hsr,5.49,5.73,139.2328,5.569312,5.481606299212599,5.4601098039215685,24.29891797556719,0.9719567190226875,fixture-level distance scale anomaly (~25x)
1167.0,2025-06-14,1323430,65538,half_2,46,middle,3750,hsr,5.42,6.71,321.10360000000003,12.844144000000002,12.641874015748034,12.592298039215688,47.85448584202683,1.9141794336810734,fixture-level distance scale anomaly (~25x)
1167.0,2025-06-14,1323431,65538,half_2,46,middle,3750,hsr,5.44,5.85,475.1608,19.006432,18.70711811023622,18.6337568627451,81.22406837606837,3.2489627350427353,fixture-level distance scale anomaly (~25x)
1167.0,2025-06-14,1323432,65538,half_2,47,top,3750,hsr,5.45,5.89,273.5396,10.941584,10.769275590551182,10.727043137254903,46.44135823429542,1.8576543293718168,fixture-level distance scale anomaly (~25x)
1167.0,2025-06-14,1323433,65538,half_2,47,middle,3751,hsr,5.46,6.93,747.8907999999999,29.915631999999995,29.444519685039367,29.329050980392154,107.92075036075035,4.316830014430014,fixture-level distance scale anomaly (~25x)
1167.0,2025-06-14,1323434,65538,half_2,47,middle,3751,hsr,5.42,6.06,376.6828,15.067312,14.830031496062992,14.77187450980392,62.15887788778878,2.486355115511551,fixture-level distance scale anomaly (~25x)
1167.0,2025-06-14,1322800,65539,half_1,1,middle,3750,hsr,5.49,6.49,265.8972,10.635888,10.468393700787402,10.427341176470588,40.970292758089364,1.6388117103235746,fixture-level distance scale anomaly (~25x)
1167.0,2025-06-14,1322801,65539,half_1,3,top,3751,hsr,5.51,6.47,296.6416,11.865663999999999,11.6788031496063,11.633003921568626,45.848778979907266,1.8339511591962905,fixture-level distance scale anomaly (~25x)
1167.0,2025-06-14,1322802,65539,half_1,5,middle,3750,hsr,5.45,6.29,290.308,11.61232,11.429448818897638,11.384627450980393,46.15389507154213,1.8461558028616853,fixture-level distance scale anomaly (~25x)
1167.0,2025-06-14,1322803,65539,half_1,7,top,3750,hsr,5.38,6.42,404.2824,16.171295999999998,15.916629921259844,15.854211764705882,62.97233644859813,2.518893457943925,fixture-level distance scale anomaly (~25x)
1167.0,2025-06-14,1322804,65539,half_1,13,middle,3750,hsr,5.51,6.17,191.9188,7.6767520000000005,7.555858267716536,7.526227450980392,31.10515397082658,1.2442061588330633,fixture-level distance scale anomaly (~25x)
1167.0,2025-06-14,1322805,65539,half_1,16,top,3750,sprint,6.95,8.38,692.6656,27.706624,27.270299212598427,27.1633568627451,82.65699284009547,3.3062797136038187,fixture-level distance scale anomaly (~25x)
1167.0,2025-06-14,1322806,65539,half_1,16,middle,3751,hsr,5.48,6.89,603.6072,24.144288000000003,23.764062992125986,23.670870588235296,87.60626995645865,3.504250798258346,fixture-level distance scale anomaly (~25x)
1167.0,2025-06-14,1322807,65539,half_1,19,top,3751,hsr,5.45,5.71,172.4952,6.899808,6.791149606299213,6.764517647058824,30.20931698774081,1.2083726795096323,fixture-level distance scale anomaly (~25x)
1167.0,2025-06-14,1322808,65539,half_1,20,middle,3750,hsr,5.42,6.2,335.27599999999995,13.411039999999998,13.199842519685038,13.148078431372547,54.07677419354838,2.1630709677419353,fixture-level distance scale anomaly (~25x)
1167.0,2025-06-14,1322810,65539,half_1,22,top,3750,hsr,5.46,5.89,187.014,7.4805600000000005,7.362755905511812,7.333882352941177,31.751103565365028,1.2700441426146012,fixture-level distance scale anomaly (~25x)
1167.0,2025-06-14,1322809,65539,half_1,24,top,3750,sprint,6.95,7.62,307.3048,12.292192,12.098614173228347,12.05116862745098,40.32871391076115,1.6131485564304462,fixture-level distance scale anomaly (~25x)
1167.0,2025-06-14,1322811,65539,half_1,24,middle,3750,hsr,5.45,6.9,142.3484,5.693936,5.604267716535433,5.582290196078431,20.630202898550724,0.8252081159420289,fixture-level distance scale anomaly (~25x)
1167.0,2025-06-14,1322814,65539,half_1,27,bottom,3751,hsr,5.38,6.41,304.02840000000003,12.161136,11.969622047244096,11.922682352941179,47.43032761310453,1.8972131045241811,fixture-level distance scale anomaly (~25x)
1167.0,2025-06-14,1322812,65539,half_1,28,middle,3751,sprint,6.95,7.8,333.8668,13.354672,13.14436220472441,13.09281568627451,42.8034358974359,1.712137435897436,fixture-level distance scale anomaly (~25x)
1167.0,2025-06-14,1322815,65539,half_1,28,middle,3751,hsr,5.4,6.9,178.1528,7.126112000000001,7.013889763779528,6.986384313725491,25.819246376811595,1.0327698550724638,fixture-level distance scale anomaly (~25x)
1167.0,2025-06-14,1322813,65539,half_1,30,middle,3750,sprint,6.97,8.89,886.4839999999999,35.45936,34.900944881889764,34.764078431372546,99.71698537682788,3.9886794150731153,fixture-level distance scale anomaly (~25x)
1167.0,2025-06-14,1322816,65539,half_1,32,middle,3750,sprint,6.94,8.7,882.83,35.3132,34.75708661417323,34.620784313725494,101.47471264367817,4.058988505747127,fixture-level distance scale anomaly (~25x)
1167.0,2025-06-14,1322818,65539,half_1,32,middle,3750,hsr,5.48,6.89,148.91119999999998,5.956447999999999,5.8626456692913385,5.839654901960784,21.61265602322206,0.8645062409288824,fixture-level distance scale anomaly (~25x)
1167.0,2025-06-14,1322817,65539,half_1,33,middle,3751,sprint,6.93,7.08,167.678,6.70712,6.601496062992126,6.575607843137255,23.683333333333334,0.9473333333333332,fixture-level distance scale anomaly (~25x)
1167.0,2025-06-14,1322819,65539,half_1,33,middle,3751,hsr,5.51,6.96,163.96280000000002,6.558512,6.4552283464566935,6.429913725490197,23.557873563218394,0.9423149425287357,fixture-level distance scale anomaly (~25x)
1167.0,2025-06-14,1322820,65539,half_1,33,top,3750,hsr,5.44,6.91,466.9692,18.678768,18.384614173228346,18.312517647058822,67.57875542691751,2.7031502170767006,fixture-level distance scale anomaly (~25x)
1167.0,2025-06-14,1322821,65539,half_1,37,bottom,3751,hsr,5.46,7.14,341.0184,13.640735999999999,13.42592125984252,13.373270588235293,47.76168067226891,1.910467226890756,fixture-level distance scale anomaly (~25x)
1167.0,2025-06-14,1322822,65539,half_1,39,bottom,3751,hsr,5.44,5.98,264.2148,10.568592,10.402157480314962,10.361364705882353,44.183076923076925,1.767323076923077,fixture-level distance scale anomaly (~25x)
1167.0,2025-06-14,1322823,65539,half_1,41,top,3750,hsr,5.42,6.72,897.5443999999999,35.901776,35.3363937007874,35.19781960784313,133.56315476190474,5.342526190476191,fixture-level distance scale anomaly (~25x)
1167.0,2025-06-14,1322824,65539,half_1,43,middle,3750,hsr,5.44,5.69,177.9588,7.118352,7.006251968503937,6.978776470588235,31.275711775043934,1.2510284710017574,fixture-level distance scale anomaly (~25x)
1167.0,2025-06-14,1322825,65539,half_1,44,middle,3750,hsr,5.46,5.62,137.6608,5.506432,5.4197165354330705,5.398462745098039,24.49480427046263,0.9797921708185053,fixture-level distance scale anomaly (~25x)
1167.0,2025-06-14,1322826,65539,half_1,45,bottom,3750,hsr,5.48,6.08,178.33960000000002,7.133584000000001,7.02124409448819,6.993709803921569,29.332171052631583,1.1732868421052634,fixture-level distance scale anomaly (~25x)
1167.0,2025-06-14,1322827,65539,half_1,46,top,3750,sprint,6.95,8.25,917.5924,36.703696,36.12568503937008,35.98401568627451,111.2233212121212,4.448932848484849,fixture-level distance scale anomaly (~25x)
1167.0,2025-06-14,1322828,65539,half_1,46,top,3750,hsr,5.46,6.91,142.89600000000002,5.715840000000001,5.625826771653545,5.603764705882353,20.679594790159193,0.8271837916063677,fixture-level distance scale anomaly (~25x)
1167.0,2025-06-14,1323626,65540,half_2,17,top,3751,hsr,5.43,6.9,307.1044,12.284176,12.09072440944882,12.043309803921568,44.50788405797101,1.7803153623188406,fixture-level distance scale anomaly (~25x)
1167.0,2025-06-14,1323627,65540,half_2,17,middle,3751,hsr,5.42,5.66,434.0496,17.361984,17.088566929133858,17.02155294117647,76.68720848056537,3.067488339222615,fixture-level distance scale anomaly (~25x)
1167.0,2025-06-14,1323624,65540,half_2,18,middle,3750,sprint,6.89,8.82,1086.6519999999998,43.46607999999999,42.7815748031496,42.61380392156862,123.20317460317457,4.928126984126983,fixture-level distance scale anomaly (~25x)
1167.0,2025-06-14,1323628,65540,half_2,18,top,3750,hsr,5.42,6.85,522.3672,20.894688000000002,20.56563779527559,20.484988235294118,76.25798540145986,3.050319416058395,fixture-level distance scale anomaly (~25x)
1167.0,2025-06-14,1323625,65540,half_2,20,top,3751,sprint,6.98,7.51,275.508,11.02032,10.846771653543307,10.804235294117646,36.68548601864181,1.4674194407456724,fixture-level distance scale anomaly (~25x)
1167.0,2025-06-14,1323629,65540,half_2,20,top,3751,hsr,5.45,6.93,148.7452,5.949808000000001,5.8561102362204736,5.833145098039216,21.463953823953826,0.8585581529581531,fixture-level distance scale anomaly (~25x)
1167.0,2025-06-14,1323632,65540,half_2,21,bottom,3751,hsr,5.42,5.87,387.4284,15.497136000000001,15.25308661417323,15.193270588235295,66.00143100511073,2.6400572402044293,fixture-level distance scale anomaly (~25x)
1167.0,2025-06-14,1323633,65540,half_2,23,bottom,3750,hsr,5.53,6.31,213.0056,8.520223999999999,8.386047244094488,8.353160784313724,33.75683042789223,1.3502732171156893,fixture-level distance scale anomaly (~25x)
1167.0,2025-06-14,1323630,65540,half_2,25,middle,3751,sprint,6.96,8.15,389.3032,15.572128,15.326897637795277,15.266792156862746,47.76726380368098,1.910690552147239,fixture-level distance scale anomaly (~25x)
1167.0,2025-06-14,1323631,65540,half_2,25,top,3751,sprint,6.96,7.29,198.598,7.94392,7.818818897637796,7.788156862745098,27.24252400548697,1.0897009602194787,fixture-level distance scale anomaly (~25x)
1167.0,2025-06-14,1323634,65540,half_2,25,middle,3751,hsr,5.4,6.95,148.762,5.95048,5.856771653543308,5.833803921568627,21.404604316546763,0.8561841726618704,fixture-level distance scale anomaly (~25x)
1167.0,2025-06-14,1323635,65540,half_2,25,top,3751,hsr,5.44,6.92,154.9192,6.196768,6.099181102362205,6.075262745098039,22.387167630057803,0.8954867052023121,fixture-level distance scale anomaly (~25x)
1167.0,2025-06-14,1323637,65540,half_2,26,middle,3750,hsr,5.41,6.97,1086.7348,43.469392,42.78483464566929,42.61705098039216,155.91604017216642,6.236641606886657,fixture-level distance scale anomaly (~25x)
1167.0,2025-06-14,1323638,65540,half_2,27,middle,3751,hsr,5.41,5.98,478.0996,19.123984,18.822818897637795,18.74900392156863,79.94976588628762,3.1979906354515046,fixture-level distance scale anomaly (~25x)
1167.0,2025-06-14,1323636,65540,half_2,30,middle,3750,sprint,6.94,7.77,392.8348,15.713391999999999,15.465937007874016,15.405286274509804,50.55788931788932,2.0223155727155726,fixture-level distance scale anomaly (~25x)
1167.0,2025-06-14,1323639,65540,half_2,30,middle,3750,hsr,5.45,6.9,185.3112,7.412448,7.295716535433072,7.267105882352942,26.856695652173915,1.0742678260869565,fixture-level distance scale anomaly (~25x)
1167.0,2025-06-14,1323640,65540,half_2,30,top,3750,hsr,5.54,6.89,375.4424,15.017696,14.781196850393702,14.723231372549021,54.49091436865022,2.179636574746009,fixture-level distance scale anomaly (~25x)
1167.0,2025-06-14,1323641,65540,half_2,31,top,3751,hsr,5.49,5.78,128.1956,5.127824,5.047070866141733,5.027278431372549,22.17916955017301,0.8871667820069205,fixture-level distance scale anomaly (~25x)
1167.0,2025-06-14,1323642,65540,half_2,31,top,3751,hsr,5.51,5.85,134.8048,5.392192,5.307275590551181,5.2864627450980395,23.043555555555557,0.9217422222222222,fixture-level distance scale anomaly (~25x)
1167.0,2025-06-14,1323643,65540,half_2,33,top,3750,hsr,5.43,5.84,220.34999999999997,8.813999999999998,8.6751968503937,8.641176470588235,37.73116438356164,1.5092465753424655,fixture-level distance scale anomaly (~25x)
1167.0,2025-06-14,1323644,65540,half_2,37,bottom,3751,hsr,5.43,5.49,114.2828,4.571312,4.499322834645669,4.481678431372549,20.81653916211293,0.8326615664845173,fixture-level distance scale anomaly (~25x)
1167.0,2025-06-14,1323645,65540,half_2,42,top,3751,sprint,7.01,7.4,237.1384,9.485536,9.336157480314961,9.299545098039216,32.04572972972973,1.281829189189189,fixture-level distance scale anomaly (~25x)
1167.0,2025-06-14,1323646,65540,half_2,42,top,3751,hsr,5.43,6.96,142.87839999999997,5.715135999999998,5.6251338582677155,5.60307450980392,20.52850574712643,0.8211402298850573,fixture-level distance scale anomaly (~25x)
1167.0,2025-06-14,1323647,65540,half_2,42,top,3750,hsr,5.45,5.79,185.1672,7.406688,7.290047244094489,7.261458823529412,31.980518134715027,1.279220725388601,fixture-level distance scale anomaly (~25x)
1167.0,2025-06-14,1323648,65540,half_2,43,middle,3751,hsr,5.53,5.88,135.0444,5.401776,5.316708661417323,5.295858823529412,22.96673469387755,0.9186693877551021,fixture-level distance scale anomaly (~25x)
1167.0,2025-06-14,1323649,65540,half_2,47,middle,3751,sprint,6.91,7.28,219.8728,8.794912,8.656409448818899,8.622462745098039,30.20230769230769,1.2080923076923076,fixture-level distance scale anomaly (~25x)
1167.0,2025-06-14,1323650,65540,half_2,47,top,3750,hsr,5.46,6.47,488.0732,19.522928,19.21548031496063,19.140125490196077,75.43635239567233,3.0174540958268934,fixture-level distance scale anomaly (~25x)
1167.0,2025-06-14,1323651,65540,half_2,47,top,3751,hsr,5.46,6.88,549.4272,21.977088,21.630992125984253,21.54616470588235,79.85860465116279,3.1943441860465116,fixture-level distance scale anomaly (~25x)
1167.0,2025-06-14,1323435,65541,half_2,3,bottom,3751,hsr,5.45,6.89,821.7904,32.871615999999996,32.35395275590551,32.22707450980392,119.27291727140783,4.770916690856313,fixture-level distance scale anomaly (~25x)
1167.0,2025-06-14,1323436,65541,half_2,5,middle,3750,hsr,5.44,5.98,240.7676,9.630704,9.47903937007874,9.441866666666666,40.26214046822742,1.6104856187290968,fixture-level distance scale anomaly (~25x)
1167.0,2025-06-14,1323437,65541,half_2,7,middle,3751,sprint,6.99,7.58,262.4152,10.496608000000002,10.331307086614174,10.290792156862747,34.619419525065965,1.3847767810026388,fixture-level distance scale anomaly (~25x)
1167.0,2025-06-14,1323438,65541,half_2,7,middle,3751,hsr,5.42,6.93,129.78,5.1912,5.109448818897638,5.089411764705883,18.727272727272727,0.7490909090909091,fixture-level distance scale anomaly (~25x)
1167.0,2025-06-14,1323439,65541,half_2,8,bottom,3751,hsr,5.41,6.49,618.4476,24.737904,24.34833070866142,24.252847058823527,95.29238828967641,3.811695531587057,fixture-level distance scale anomaly (~25x)
1167.0,2025-06-14,1323441,65541,half_2,12,bottom,3751,hsr,5.41,6.36,472.444,18.89776,18.600157480314962,18.52721568627451,74.28364779874214,2.9713459119496854,fixture-level distance scale anomaly (~25x)
1167.0,2025-06-14,1323440,65541,half_2,13,top,3750,sprint,6.9,7.2,317.652,12.70608,12.505984251968504,12.456941176470588,44.11833333333333,1.7647333333333333,fixture-level distance scale anomaly (~25x)
1167.0,2025-06-14,1323442,65541,half_2,13,top,3750,hsr,5.43,6.89,412.0336,16.481344,16.22179527559055,16.15818039215686,59.80168359941945,2.392067343976778,fixture-level distance scale anomaly (~25x)
1167.0,2025-06-14,1323443,65541,half_2,13,top,3750,hsr,5.43,6.95,162.036,6.48144,6.379370078740158,6.3543529411764705,23.314532374100718,0.9325812949640288,fixture-level distance scale anomaly (~25x)
1167.0,2025-06-14,1323444,65541,half_2,15,middle,3750,hsr,5.46,5.71,149.9936,5.999744,5.905259842519685,5.882101960784313,26.268581436077056,1.0507432574430822,fixture-level distance scale anomaly (~25x)
1167.0,2025-06-14,1323445,65541,half_2,17,middle,3751,hsr,5.45,6.04,553.4552000000001,22.138208000000006,21.789574803149613,21.704125490196084,91.63165562913909,3.665266225165564,fixture-level distance scale anomaly (~25x)
1167.0,2025-06-14,1323446,65541,half_2,17,bottom,3751,hsr,5.48,6.44,160.3064,6.412256,6.3112755905511815,6.2865254901960785,24.892298136645962,0.9956919254658385,fixture-level distance scale anomaly (~25x)
1167.0,2025-06-14,1323447,65541,half_2,21,bottom,3751,sprint,6.92,8.47,778.7872,31.151488,30.660913385826774,30.54067450980392,91.94654073199527,3.677861629279811,fixture-level distance scale anomaly (~25x)
1167.0,2025-06-14,1323449,65541,half_2,21,middle,3751,hsr,5.41,6.87,200.1516,8.006064,7.879984251968504,7.849082352941177,29.13414847161572,1.165365938864629,fixture-level distance scale anomaly (~25x)
1167.0,2025-06-14,1323448,65541,half_2,25,middle,3751,sprint,6.96,7.73,460.266,18.41064,18.120708661417325,18.04964705882353,59.542820181112546,2.3817128072445017,fixture-level distance scale anomaly (~25x)
1167.0,2025-06-14,1323450,65541,half_2,25,middle,3751,hsr,5.42,6.92,148.5728,5.942912,5.84932283464567,5.82638431372549,21.470057803468208,0.8588023121387283,fixture-level distance scale anomaly (~25x)
1167.0,2025-06-14,1323451,65541,half_2,25,middle,3751,hsr,5.43,6.91,179.27479999999997,7.170991999999999,7.058062992125984,7.030384313725489,25.944254703328504,1.0377701881331403,fixture-level distance scale anomaly (~25x)
1167.0,2025-06-14,1323452,65541,half_2,27,middle,3751,hsr,5.47,6.85,1213.2004,48.528016,47.76379527559055,47.576486274509804,177.1095474452555,7.0843818978102195,fixture-level distance scale anomaly (~25x)
1167.0,2025-06-14,1323453,65541,half_2,30,top,3750,hsr,5.42,5.96,228.3808,9.135232,8.991370078740157,8.956109803921569,38.318926174496646,1.532757046979866,fixture-level distance scale anomaly (~25x)
1167.0,2025-06-14,1323454,65541,half_2,30,top,3751,hsr,5.5,6.91,275.7864,11.031456,10.857732283464568,10.815152941176471,39.911201157742404,1.5964480463096962,fixture-level distance scale anomaly (~25x)
1167.0,2025-06-14,1323455,65541,half_2,30,middle,3751,hsr,5.4,6.13,406.7364,16.269456,16.01324409448819,15.95044705882353,66.35177814029365,2.654071125611746,fixture-level distance scale anomaly (~25x)
1167.0,2025-06-14,1323456,65541,half_2,31,top,3750,sprint,6.86,7.84,1112.4268,44.497071999999996,43.796330708661415,43.62458039215686,141.89117346938775,5.67564693877551,fixture-level distance scale anomaly (~25x)
1167.0,2025-06-14,1323457,65541,half_2,31,middle,3750,hsr,5.45,6.89,238.8076,9.552304,9.401874015748032,9.365003921568627,34.6600290275762,1.3864011611030478,fixture-level distance scale anomaly (~25x)
1167.0,2025-06-14,1323458,65541,half_2,37,middle,3751,sprint,6.96,8.92,837.8776,33.515104,32.98730708661417,32.85794509803922,93.932466367713,3.7572986547085203,fixture-level distance scale anomaly (~25x)
1167.0,2025-06-14,1323459,65541,half_2,39,middle,3750,sprint,6.96,8.45,709.0840000000001,28.363360000000004,27.91669291338583,27.807215686274514,83.91526627218936,3.356610650887575,fixture-level distance scale anomaly (~25x)
1167.0,2025-06-14,1323460,65541,half_2,39,middle,3750,hsr,5.47,6.9,136.3724,5.454896,5.368992125984252,5.347937254901961,19.764115942028983,0.7905646376811594,fixture-level distance scale anomaly (~25x)
1167.0,2025-06-14,1323461,65541,half_2,39,top,3750,hsr,5.42,6.88,129.096,5.16384,5.082519685039371,5.062588235294117,18.763953488372096,0.7505581395348838,fixture-level distance scale anomaly (~25x)
1167.0,2025-06-14,1323462,65541,half_2,43,top,3751,hsr,5.39,6.44,318.3,12.732000000000001,12.531496062992128,12.48235294117647,49.42546583850932,1.9770186335403728,fixture-level distance scale anomaly (~25x)
1167.0,2025-06-14,1323463,65541,half_2,45,middle,3750,hsr,5.47,5.74,167.5092,6.700368,6.594850393700788,6.568988235294118,29.18278745644599,1.1673114982578396,fixture-level distance scale anomaly (~25x)
1167.0,2025-06-14,1323464,65541,half_2,47,top,3750,sprint,6.91,8.16,863.8444,34.553776,34.00962204724409,33.87625098039216,105.86328431372549,4.23453137254902,fixture-level distance scale anomaly (~25x)
1167.0,2025-06-14,1323465,65541,half_2,47,middle,3750,hsr,5.37,6.86,163.8468,6.553872,6.450661417322835,6.425364705882353,23.884373177842566,0.9553749271137026,fixture-level distance scale anomaly (~25x)
1167.0,2025-06-14,1323466,65541,half_2,47,middle,3751,hsr,5.39,5.72,440.1088,17.604352,17.32711811023622,17.25916862745098,76.9420979020979,3.077683916083916,fixture-level distance scale anomaly (~25x)
1167.0,2025-06-14,1323467,65541,half_2,47,middle,3751,hsr,5.38,6.21,790.5803999999999,31.623216,31.125212598425197,31.003152941176467,127.30763285024153,5.0923053140096615,fixture-level distance scale anomaly (~25x)
1167.0,2025-06-14,1323677,65542,half_2,25,top,3751,sprint,6.97,7.51,216.6364,8.665456,8.528992125984253,8.495545098039216,28.846391478029297,1.153855659121172,fixture-level distance scale anomaly (~25x)
1167.0,2025-06-14,1323678,65542,half_2,25,bottom,3750,hsr,5.47,6.11,220.3192,8.812768,8.673984251968504,8.63996862745098,36.058788870703765,1.4423515548281505,fixture-level distance scale anomaly (~25x)
1167.0,2025-06-14,1323679,65542,half_2,26,top,3750,sprint,6.91,8.35,724.3684,28.974735999999996,28.51844094488189,28.406603921568625,86.75070658682634,3.4700282634730537,fixture-level distance scale anomaly (~25x)
1167.0,2025-06-14,1323683,65542,half_2,26,middle,3751,hsr,5.48,5.8,191.1152,7.644608,7.524220472440945,7.494713725490196,32.950896551724135,1.3180358620689656,fixture-level distance scale anomaly (~25x)
1167.0,2025-06-14,1323684,65542,half_2,26,middle,3750,hsr,5.42,6.86,190.3464,7.613855999999999,7.493952755905512,7.464564705882353,27.747288629737607,1.1098915451895042,fixture-level distance scale anomaly (~25x)
1167.0,2025-06-14,1323680,65542,half_2,27,middle,3751,sprint,6.93,7.31,579.7212,23.188847999999997,22.823669291338582,22.73416470588235,79.30522571819425,3.17220902872777,fixture-level distance scale anomaly (~25x)
1167.0,2025-06-14,1323685,65542,half_2,27,middle,3751,hsr,5.5,6.91,620.6612,24.826448,24.435480314960632,24.339654901960785,89.82072358900145,3.5928289435600576,fixture-level distance scale anomaly (~25x)
1167.0,2025-06-14,1323686,65542,half_2,27,bottom,3751,hsr,5.52,6.93,137.6908,5.507632,5.420897637795275,5.399639215686275,19.86880230880231,0.7947520923520924,fixture-level distance scale anomaly (~25x)
1167.0,2025-06-14,1323681,65542,half_2,28,top,3750,sprint,6.95,8.46,488.1264,19.525056,19.217574803149606,19.14221176470588,57.698156028368786,2.3079262411347514,fixture-level distance scale anomaly (~25x)
1167.0,2025-06-14,1323687,65542,half_2,28,top,3750,hsr,5.46,6.04,236.7908,9.471632,9.322472440944882,9.285913725490195,39.203774834437084,1.5681509933774833,fixture-level distance scale anomaly (~25x)
1167.0,2025-06-14,1323688,65542,half_2,29,middle,3751,hsr,5.51,5.78,128.1744,5.126976,5.046236220472441,5.026447058823529,22.175501730103804,0.8870200692041522,fixture-level distance scale anomaly (~25x)
1167.0,2025-06-14,1323682,65542,half_2,30,top,3750,sprint,6.92,7.46,332.7076,13.308304,13.09872440944882,13.047356862745099,44.59887399463807,1.7839549597855227,fixture-level distance scale anomaly (~25x)
1167.0,2025-06-14,1323689,65542,half_2,30,middle,3750,hsr,5.5,6.89,449.0552,17.962208,17.67933858267717,17.610007843137254,65.17492017416546,2.6069968069666185,fixture-level distance scale anomaly (~25x)
1167.0,2025-06-14,1323690,65542,half_2,30,middle,3751,hsr,5.41,6.96,702.3295999999999,28.093183999999997,27.650771653543305,27.54233725490196,100.90942528735631,4.0363770114942525,fixture-level distance scale anomaly (~25x)
1167.0,2025-06-14,1323691,65542,half_2,31,top,3750,sprint,6.97,8.17,413.804,16.55216,16.291496062992127,16.227607843137253,50.649204406364746,2.0259681762545902,fixture-level distance scale anomaly (~25x)
1167.0,2025-06-14,1323692,65542,half_2,31,top,3750,sprint,6.99,7.38,229.1736,9.166943999999999,9.022582677165355,8.9872,31.053333333333335,1.2421333333333333,fixture-level distance scale anomaly (~25x)
1167.0,2025-06-14,1323693,65542,half_2,31,top,3750,hsr,5.39,6.91,153.522,6.140879999999999,6.044173228346457,6.020470588235294,22.21736613603473,0.8886946454413892,fixture-level distance scale anomaly (~25x)
1167.0,2025-06-14,1323694,65542,half_2,35,top,3750,hsr,5.37,6.54,326.35479999999995,13.054191999999999,12.848614173228345,12.79822745098039,49.90134556574923,1.996053822629969,fixture-level distance scale anomaly (~25x)
1167.0,2025-06-14,1323695,65542,half_2,39,top,3750,sprint,6.95,9.36,1135.6883999999998,45.42753599999999,44.712141732283456,44.53679999999999,121.33423076923076,4.85336923076923,fixture-level distance scale anomaly (~25x)
1167.0,2025-06-14,1323696,65542,half_2,40,top,3750,hsr,5.45,5.71,167.0048,6.680192,6.574992125984252,6.549207843137254,29.247775831873902,1.1699110332749563,fixture-level distance scale anomaly (~25x)
1167.0,2025-06-14,1323697,65542,half_2,42,top,3750,hsr,5.57,6.56,218.0304,8.721216,8.583874015748032,8.550211764705882,33.23634146341463,1.3294536585365855,fixture-level distance scale anomaly (~25x)
1167.0,2025-06-14,1323698,65542,half_2,42,top,3750,hsr,5.51,6.13,221.28599999999997,8.851439999999998,8.712047244094487,8.677882352941175,36.09885807504078,1.4439543230016312,fixture-level distance scale anomaly (~25x)
1167.0,2025-06-14,1323700,65542,half_2,46,middle,3750,hsr,5.52,6.26,199.5456,7.9818240000000005,7.856125984251969,7.8253176470588235,31.876293929712464,1.2750517571884985,fixture-level distance scale anomaly (~25x)
1167.0,2025-06-14,1323699,65542,half_2,47,top,3750,sprint,7.01,9.72,912.2928,36.491712,35.91703937007875,35.77618823529412,93.85728395061729,3.754291358024691,fixture-level distance scale anomaly (~25x)
1167.0,2025-06-14,1322829,65543,half_1,1,middle,3750,hsr,5.4,6.52,401.6308,16.065232,15.812236220472442,15.750227450980393,61.59981595092025,2.4639926380368102,fixture-level distance scale anomaly (~25x)
1167.0,2025-06-14,1322830,65543,half_1,1,top,3751,hsr,5.43,6.74,513.0944,20.523775999999998,20.200566929133856,20.12134901960784,76.126765578635,3.0450706231454,fixture-level distance scale anomaly (~25x)
1167.0,2025-06-14,1322831,65543,half_1,3,bottom,3751,hsr,5.4,6.62,988.7384,39.549535999999996,38.92670866141732,38.77405490196078,149.35625377643504,5.974250151057401,fixture-level distance scale anomaly (~25x)
1167.0,2025-06-14,1322832,65543,half_1,3,bottom,3750,hsr,5.42,6.88,623.4732,24.938928,24.546188976377955,24.449929411764707,90.6211046511628,3.624844186046512,fixture-level distance scale anomaly (~25x)
1167.0,2025-06-14,1322833,65543,half_1,7,bottom,3750,sprint,7.0,8.01,316.8924,12.675696,12.476078740157481,12.427152941176471,39.56209737827716,1.5824838951310862,fixture-level distance scale anomaly (~25x)
1167.0,2025-06-14,1322834,65543,half_1,8,top,3751,hsr,5.39,6.68,288.2068,11.528272,11.34672440944882,11.302227450980391,43.144730538922154,1.7257892215568862,fixture-level distance scale anomaly (~25x)
1167.0,2025-06-14,1322835,65543,half_1,13,middle,3751,sprint,7.0,7.84,313.52639999999997,12.541056,12.34355905511811,12.29515294117647,39.99061224489795,1.5996244897959182,fixture-level distance scale anomaly (~25x)
1167.0,2025-06-14,1322837,65543,half_1,13,top,3751,hsr,5.45,6.06,248.442,9.93768,9.781181102362206,9.742823529411766,40.9970297029703,1.639881188118812,fixture-level distance scale anomaly (~25x)
1167.0,2025-06-14,1322838,65543,half_1,14,middle,3751,hsr,5.57,7.02,459.6296,18.385184,18.095653543307087,18.02469019607843,65.474301994302,2.61897207977208,fixture-level distance scale anomaly (~25x)
1167.0,2025-06-14,1322836,65543,half_1,15,bottom,3751,sprint,6.88,7.85,401.5376,16.061504,15.808566929133859,15.746572549019607,51.15128662420383,2.0460514649681527,fixture-level distance scale anomaly (~25x)
1167.0,2025-06-14,1322839,65543,half_1,16,top,3750,sprint,6.94,8.39,897.7148,35.908592,35.343102362204725,35.20450196078431,106.99818831942788,4.279927532777116,fixture-level distance scale anomaly (~25x)
1167.0,2025-06-14,1322840,65543,half_1,16,middle,3750,hsr,5.5,6.94,162.892,6.51568,6.413070866141733,6.38792156862745,23.471469740634003,0.9388587896253602,fixture-level distance scale anomaly (~25x)
1167.0,2025-06-14,1322841,65543,half_1,16,top,3750,hsr,5.39,6.88,164.9748,6.598991999999999,6.495070866141732,6.4696,23.97889534883721,0.9591558139534883,fixture-level distance scale anomaly (~25x)
1167.0,2025-06-14,1322842,65543,half_1,19,top,3750,hsr,5.45,6.1,297.182,11.88728,11.700078740157482,11.654196078431374,48.71836065573771,1.9487344262295083,fixture-level distance scale anomaly (~25x)
1167.0,2025-06-14,1322843,65543,half_1,19,middle,3750,hsr,5.45,6.67,357.7656,14.310624,14.085259842519687,14.030023529411764,53.63802098950525,2.14552083958021,fixture-level distance scale anomaly (~25x)
1167.0,2025-06-14,1322844,65543,half_1,20,middle,3750,hsr,5.51,6.73,290.8072,11.632288,11.449102362204727,11.404203921568628,43.210579494799404,1.7284231797919762,fixture-level distance scale anomaly (~25x)
1167.0,2025-06-14,1322845,65543,half_1,21,top,3750,sprint,6.97,8.61,510.198,20.40792,20.086535433070868,20.00776470588235,59.25644599303136,2.370257839721255,fixture-level distance scale anomaly (~25x)
1167.0,2025-06-14,1322846,65543,half_1,21,bottom,3751,sprint,6.9,8.85,692.1216000000001,27.684864,27.248881889763783,27.142023529411766,78.20583050847459,3.1282332203389833,fixture-level distance scale anomaly (~25x)
1167.0,2025-06-14,1322849,65543,half_1,21,middle,3751,hsr,5.43,6.86,184.8432,7.393727999999999,7.277291338582677,7.248752941176471,26.945072886297375,1.0778029154518949,fixture-level distance scale anomaly (~25x)
1167.0,2025-06-14,1322847,65543,half_1,22,middle,3751,sprint,6.89,7.96,649.9055999999999,25.996223999999998,25.586834645669292,25.486494117647055,81.64643216080401,3.2658572864321607,fixture-level distance scale anomaly (~25x)
1167.0,2025-06-14,1322850,65543,half_1,22,middle,3751,hsr,5.41,6.91,209.1912,8.367648,8.235874015748033,8.203576470588235,30.273690303907383,1.2109476121562954,fixture-level distance scale anomaly (~25x)
1167.0,2025-06-14,1322851,65543,half_1,22,bottom,3751,hsr,5.52,6.86,536.4184,21.456736,21.118834645669292,21.03601568627451,78.19510204081632,3.127804081632653,fixture-level distance scale anomaly (~25x)
1167.0,2025-06-14,1322848,65543,half_1,25,bottom,3751,sprint,6.94,8.8,584.0015999999999,23.360063999999998,22.992188976377953,22.902023529411764,66.36381818181817,2.6545527272727267,fixture-level distance scale anomaly (~25x)
1167.0,2025-06-14,1322852,65543,half_1,27,bottom,3751,sprint,6.91,8.6,558.3728,22.334912,21.983181102362206,21.89697254901961,64.92706976744186,2.5970827906976743,fixture-level distance scale anomaly (~25x)
1167.0,2025-06-14,1322853,65543,half_1,27,middle,3751,hsr,5.46,6.88,205.6712,8.226848,8.097291338582677,8.06553725490196,29.89406976744186,1.1957627906976744,fixture-level distance scale anomaly (~25x)
1167.0,2025-06-14,1322854,65543,half_1,28,top,3751,hsr,5.41,6.43,519.7344,20.789376,20.461984251968506,20.38174117647059,80.82961119751168,3.233184447900467,fixture-level distance scale anomaly (~25x)
1167.0,2025-06-14,1322855,65543,half_1,30,top,3750,hsr,5.4,6.42,494.1048,19.764192,19.452944881889767,19.37665882352941,76.96336448598132,3.0785345794392525,fixture-level distance scale anomaly (~25x)
1167.0,2025-06-14,1322856,65543,half_1,32,middle,3750,hsr,5.4,5.9,306.5788,12.263152,12.070031496062994,12.022698039215687,51.96250847457627,2.0785003389830505,fixture-level distance scale anomaly (~25x)
1167.0,2025-06-14,1322857,65543,half_1,33,top,3750,hsr,5.41,6.29,446.9696,17.878784,17.597228346456696,17.528219607843138,71.06034976152624,2.8424139904610493,fixture-level distance scale anomaly (~25x)
1167.0,2025-06-14,1322858,65543,half_1,34,middle,3751,hsr,5.43,5.76,264.09839999999997,10.563935999999998,10.397574803149606,10.356799999999998,45.85041666666666,1.8340166666666664,fixture-level distance scale anomaly (~25x)
1167.0,2025-06-14,1322859,65543,half_1,35,bottom,3751,hsr,5.34,6.73,432.2724,17.290896,17.018598425196853,16.951858823529413,64.23066864784546,2.5692267459138187,fixture-level distance scale anomaly (~25x)
1167.0,2025-06-14,1322860,65543,half_1,35,bottom,3750,hsr,5.52,6.81,435.68,17.4272,17.152755905511814,17.085490196078432,63.97650513950074,2.5590602055800296,fixture-level distance scale anomaly (~25x)
1167.0,2025-06-14,1322861,65543,half_1,40,bottom,3750,hsr,5.46,5.76,161.9724,6.478896,6.376866141732283,6.351858823529412,28.120208333333334,1.1248083333333334,fixture-level distance scale anomaly (~25x)
1167.0,2025-06-14,1322862,65543,half_1,40,middle,3750,hsr,5.47,6.44,245.6888,9.827551999999999,9.672787401574803,9.634854901960784,38.15043478260869,1.5260173913043475,fixture-level distance scale anomaly (~25x)
1167.0,2025-06-14,1322864,65543,half_1,41,top,3750,hsr,5.5,6.12,209.1688,8.366752,8.234992125984252,8.202698039215687,34.17790849673202,1.367116339869281,fixture-level distance scale anomaly (~25x)
1167.0,2025-06-14,1322865,65543,half_1,43,middle,3750,hsr,5.51,6.34,237.9928,9.519712,9.369795275590551,9.333050980392157,37.538296529968456,1.5015318611987383,fixture-level distance scale anomaly (~25x)
1167.0,2025-06-14,1322866,65543,half_1,43,top,3750,hsr,5.46,6.58,317.1284,12.685136,12.485370078740159,12.436407843137255,48.19580547112462,1.9278322188449848,fixture-level distance scale anomaly (~25x)
1167.0,2025-06-14,1322863,65543,half_1,44,bottom,3751,sprint,6.96,8.75,660.4116,26.416464,26.00045669291339,25.89849411764706,75.47561142857143,3.0190244571428573,fixture-level distance scale anomaly (~25x)
1167.0,2025-06-14,1322867,65543,half_1,44,middle,3751,hsr,5.41,6.9,160.0112,6.400448,6.2996535433070875,6.274949019607843,23.190028985507247,0.9276011594202898,fixture-level distance scale anomaly (~25x)
1167.0,2025-06-14,1322868,65543,half_1,46,middle,3750,sprint,6.93,8.97,896.9440000000001,35.87776,35.312755905511814,35.17427450980392,99.99375696767001,3.9997502787068004,fixture-level distance scale anomaly (~25x)
1167.0,2025-06-14,1322869,65543,half_1,46,middle,3751,hsr,5.41,6.91,129.4492,5.177968,5.096425196850394,5.076439215686274,18.733603473227205,0.7493441389290882,fixture-level distance scale anomaly (~25x)
1167.0,2025-06-14,1322870,65543,half_1,46,top,3750,hsr,5.43,6.87,147.2832,5.891328,5.798551181102362,5.775811764705882,21.438602620087334,0.8575441048034934,fixture-level distance scale anomaly (~25x)
1167.0,2025-06-14,1322871,65543,half_1,47,middle,3751,hsr,5.5,6.78,285.8284,11.433136,11.25308661417323,11.208956862745097,42.15758112094395,1.686303244837758,fixture-level distance scale anomaly (~25x)
1167.0,2025-06-14,1323468,65544,half_2,1,middle,3750,sprint,7.05,7.46,201.6988,8.067952,7.940897637795277,7.909756862745098,27.037372654155497,1.0814949061662198,fixture-level distance scale anomaly (~25x)
1167.0,2025-06-14,1323469,65544,half_2,2,bottom,3751,sprint,6.96,8.41,422.1764,16.887056,16.62111811023622,16.55593725490196,50.199334126040426,2.007973365041617,fixture-level distance scale anomaly (~25x)
1167.0,2025-06-14,1323470,65544,half_2,3,bottom,3751,sprint,6.94,7.71,563.1604,22.526415999999998,22.171669291338585,22.08472156862745,73.04285343709468,2.921714137483787,fixture-level distance scale anomaly (~25x)
1167.0,2025-06-14,1323471,65544,half_2,3,middle,3750,sprint,6.98,8.92,637.5168,25.500671999999998,25.099086614173228,25.00065882352941,71.4704932735426,2.858819730941704,fixture-level distance scale anomaly (~25x)
1167.0,2025-06-14,1323472,65544,half_2,3,middle,3751,hsr,5.47,6.91,193.9132,7.756527999999999,7.634377952755906,7.604439215686274,28.06269175108538,1.1225076700434153,fixture-level distance scale anomaly (~25x)
1167.0,2025-06-14,1323473,65544,half_2,3,bottom,3751,hsr,5.49,6.91,130.4556,5.218224,5.136047244094488,5.1159058823529415,18.879247467438496,0.7551698986975398,fixture-level distance scale anomaly (~25x)
1167.0,2025-06-14,1323474,65544,half_2,4,bottom,3751,hsr,5.46,6.66,288.2004,11.528016000000001,11.346472440944883,11.301976470588235,43.27333333333333,1.7309333333333334,fixture-level distance scale anomaly (~25x)
1167.0,2025-06-14,1323475,65544,half_2,5,top,3750,hsr,5.38,6.96,595.2728,23.810912,23.435937007874017,23.34403137254902,85.52770114942528,3.4211080459770113,fixture-level distance scale anomaly (~25x)
1167.0,2025-06-14,1323476,65544,half_2,7,middle,3751,hsr,5.49,6.07,196.09239999999997,7.843695999999999,7.720173228346456,7.689898039215685,32.30517298187808,1.2922069192751233,fixture-level distance scale anomaly (~25x)
1167.0,2025-06-14,1323477,65544,half_2,8,bottom,3751,hsr,5.39,6.43,340.642,13.62568,13.411102362204725,13.358509803921569,52.976982892690515,2.1190793157076206,fixture-level distance scale anomaly (~25x)
1167.0,2025-06-14,1323478,65544,half_2,9,bottom,3750,hsr,5.43,5.81,299.6708,11.986832,11.798062992125985,11.751796078431372,51.57845094664372,2.0631380378657487,fixture-level distance scale anomaly (~25x)
1167.0,2025-06-14,1323479,65544,half_2,13,top,3750,sprint,6.96,9.51,663.8168,26.552671999999998,26.13451968503937,26.032031372549017,69.80197686645636,2.7920790746582544,fixture-level distance scale anomaly (~25x)
1167.0,2025-06-14,1323480,65544,half_2,16,middle,3750,sprint,6.96,7.84,426.5012,17.060048,16.791385826771656,16.725537254901962,54.40066326530612,2.1760265306122446,fixture-level distance scale anomaly (~25x)
1167.0,2025-06-14,1323481,65544,half_2,17,middle,3751,hsr,5.4,5.6,226.1288,9.045152,8.902708661417323,8.867796078431374,40.380142857142864,1.6152057142857144,fixture-level distance scale anomaly (~25x)
1167.0,2025-06-14,1323482,65544,half_2,21,bottom,3751,sprint,6.94,7.47,538.1568,21.526272,21.18727559055118,21.104188235294117,72.04240963855422,2.8816963855421687,fixture-level distance scale anomaly (~25x)
1167.0,2025-06-14,1323483,65544,half_2,21,middle,3750,hsr,5.4,7.08,408.5968,16.343871999999998,16.08648818897638,16.023403921568626,57.71141242937853,2.3084564971751407,fixture-level distance scale anomaly (~25x)
1167.0,2025-06-14,1323484,65544,half_2,21,middle,3751,hsr,5.42,6.91,199.1784,7.967136,7.841669291338584,7.810917647058824,28.82465991316932,1.1529863965267728,fixture-level distance scale anomaly (~25x)
1167.0,2025-06-14,1323485,65544,half_2,21,bottom,3751,hsr,5.51,6.91,143.4368,5.737472,5.647118110236221,5.624972549019608,20.757858176555718,0.8303143270622287,fixture-level distance scale anomaly (~25x)
1167.0,2025-06-14,1323486,65544,half_2,23,bottom,3750,hsr,5.49,6.13,197.1316,7.885263999999999,7.761086614173228,7.730650980392157,32.15849918433931,1.2863399673735725,fixture-level distance scale anomaly (~25x)
1167.0,2025-06-14,1323487,65544,half_2,23,middle,3751,hsr,5.52,5.79,122.7764,4.911055999999999,4.833716535433071,4.814760784313726,21.204905008635578,0.8481962003454231,fixture-level distance scale anomaly (~25x)
1167.0,2025-06-14,1323488,65544,half_2,26,middle,3750,sprint,6.89,7.62,1039.9096,41.596384,40.94132283464567,40.78076862745098,136.47107611548554,5.458843044619423,fixture-level distance scale anomaly (~25x)
1167.0,2025-06-14,1323490,65544,half_2,26,middle,3750,hsr,5.46,6.95,169.3384,6.773536,6.666866141732284,6.640721568627451,24.36523741007194,0.9746094964028776,fixture-level distance scale anomaly (~25x)
1167.0,2025-06-14,1323491,65544,half_2,28,top,3750,hsr,5.5,5.83,140.1972,5.607888,5.519574803149607,5.497929411764706,24.04754716981132,0.9619018867924528,fixture-level distance scale anomaly (~25x)
1167.0,2025-06-14,1323489,65544,half_2,30,top,3750,sprint,6.96,8.77,963.0096,38.520384,37.913763779527564,37.76508235294118,109.807251995439,4.39229007981756,fixture-level distance scale anomaly (~25x)
1167.0,2025-06-14,1323493,65544,half_2,31,top,3750,hsr,5.47,6.27,242.2296,9.689184000000001,9.536598425196852,9.4992,38.63311004784689,1.5453244019138759,fixture-level distance scale anomaly (~25x)
1167.0,2025-06-14,1323494,65544,half_2,32,middle,3750,hsr,5.45,6.98,387.2348,15.489392,15.245464566929135,15.18567843137255,55.47776504297994,2.2191106017191977,fixture-level distance scale anomaly (~25x)
1167.0,2025-06-14,1323492,65544,half_2,33,top,3750,sprint,6.95,7.98,598.1795999999999,23.927183999999997,23.550377952755905,23.45802352941176,74.95984962406014,2.9983939849624055,fixture-level distance scale anomaly (~25x)
1167.0,2025-06-14,1323495,65544,half_2,33,top,3751,hsr,5.41,6.36,466.5796,18.663184,18.369275590551183,18.297239215686275,73.36157232704403,2.934462893081761,fixture-level distance scale anomaly (~25x)
1167.0,2025-06-14,1323496,65544,half_2,33,top,3751,hsr,5.53,6.91,156.3924,6.255696,6.157181102362205,6.133035294117647,22.63276410998553,0.9053105643994211,fixture-level distance scale anomaly (~25x)
1167.0,2025-06-14,1323498,65544,half_2,37,middle,3751,hsr,5.46,5.74,150.358,6.0143200000000006,5.919606299212599,5.8963921568627455,26.194773519163764,1.0477909407665507,fixture-level distance scale anomaly (~25x)
1167.0,2025-06-14,1323499,65544,half_2,37,bottom,3750,hsr,5.41,5.96,116.6512,4.666048,4.5925669291338584,4.574556862745098,19.572348993288593,0.7828939597315436,fixture-level distance scale anomaly (~25x)
1167.0,2025-06-14,1323497,65544,half_2,39,top,3750,sprint,6.97,8.6,645.9904,25.839616,25.43269291338583,25.3329568627451,75.11516279069768,3.004606511627907,fixture-level distance scale anomaly (~25x)
1167.0,2025-06-14,1323500,65544,half_2,39,middle,3750,hsr,5.45,6.91,129.7816,5.191264,5.109511811023622,5.089474509803922,18.781707670043414,0.7512683068017366,fixture-level distance scale anomaly (~25x)
1167.0,2025-06-14,1323501,65544,half_2,40,top,3751,hsr,5.52,7.27,339.3824,13.575296000000002,13.361511811023624,13.309113725490198,46.68258596973866,1.8673034387895464,fixture-level distance scale anomaly (~25x)
1167.0,2025-06-14,1323502,65544,half_2,40,middle,3751,hsr,5.38,6.9,504.412,20.176479999999998,19.858740157480316,19.780862745098037,73.1031884057971,2.9241275362318837,fixture-level distance scale anomaly (~25x)
1167.0,2025-06-14,1323504,65544,half_2,41,top,3750,hsr,5.44,5.78,213.6556,8.546224,8.41163779527559,8.378650980392157,36.96463667820069,1.4785854671280276,fixture-level distance scale anomaly (~25x)
1167.0,2025-06-14,1323503,65544,half_2,42,top,3750,sprint,7.0,7.6,277.5908,11.103632,10.928771653543308,10.885913725490196,36.5251052631579,1.4610042105263157,fixture-level distance scale anomaly (~25x)
1167.0,2025-06-14,1323505,65544,half_2,42,middle,3750,hsr,5.45,7.28,325.9916,13.039664,12.834314960629921,12.78398431372549,44.77906593406593,1.7911626373626373,fixture-level distance scale anomaly (~25x)
1167.0,2025-06-14,1323506,65544,half_2,47,top,3750,sprint,6.95,8.98,854.8708000000001,34.194832000000005,33.65633070866142,33.52434509803922,95.19719376391983,3.807887750556793,fixture-level distance scale anomaly (~25x)
1167.0,2025-06-14,1323377,65545,half_1,21,bottom,3750,sprint,6.99,8.08,259.4048,10.376192000000001,10.212787401574804,10.172737254901962,32.104554455445545,1.284182178217822,fixture-level distance scale anomaly (~25x)
1167.0,2025-06-14,1323378,65545,half_1,21,bottom,3750,hsr,5.46,6.94,130.5244,5.220976,5.138755905511812,5.118603921568628,18.80755043227666,0.7523020172910663,fixture-level distance scale anomaly (~25x)
1167.0,2025-06-14,1323379,65545,half_1,32,middle,3750,sprint,6.98,8.28,263.1916,10.527664,10.361874015748032,10.321239215686274,31.78642512077295,1.271457004830918,fixture-level distance scale anomaly (~25x)
1167.0,2025-06-14,1323380,65545,half_1,32,middle,3750,hsr,5.48,6.12,226.7712,9.070848,8.928,8.892988235294117,37.054117647058824,1.4821647058823528,fixture-level distance scale anomaly (~25x)
1167.0,2025-06-14,1323381,65545,half_2,18,middle,3750,hsr,5.46,5.52,125.7136,5.028544,4.949354330708662,4.929945098039216,22.774202898550726,0.9109681159420291,fixture-level distance scale anomaly (~25x)
1167.0,2025-06-14,1322872,65546,half_1,1,bottom,3750,sprint,6.98,8.56,467.3156,18.692624000000002,18.39825196850394,18.326101960784314,54.59294392523364,2.183717757009346,fixture-level distance scale anomaly (~25x)
1167.0,2025-06-14,1322873,65546,half_1,16,bottom,3750,sprint,6.91,8.72,703.5803999999999,28.143216,27.700015748031497,27.591388235294115,80.68582568807338,3.2274330275229355,fixture-level distance scale anomaly (~25x)
1167.0,2025-06-14,1322874,65546,half_1,16,middle,3750,hsr,5.51,6.87,167.7356,6.709424,6.60376377952756,6.577866666666667,24.41566229985444,0.9766264919941776,fixture-level distance scale anomaly (~25x)
1167.0,2025-06-14,1322875,65546,half_1,20,middle,3750,hsr,5.47,5.7,138.57760000000002,5.5431040000000005,5.455811023622048,5.4344156862745105,24.31185964912281,0.9724743859649123,fixture-level distance scale anomaly (~25x)
1167.0,2025-06-14,1322877,65546,half_1,22,middle,3750,hsr,5.46,7.05,344.43600000000004,13.777440000000002,13.560472440944885,13.50729411764706,48.85617021276597,1.9542468085106386,fixture-level distance scale anomaly (~25x)
1167.0,2025-06-14,1322876,65546,half_1,24,bottom,3750,sprint,7.0,7.45,216.0236,8.640944,8.504866141732283,8.471513725490196,28.996456375838925,1.159858255033557,fixture-level distance scale anomaly (~25x)
1167.0,2025-06-14,1322878,65546,half_1,24,bottom,3750,hsr,5.42,6.94,136.2184,5.448736,5.362929133858268,5.341898039215686,19.62801152737752,0.7851204610951008,fixture-level distance scale anomaly (~25x)
1167.0,2025-06-14,1322879,65546,half_1,26,top,3750,hsr,5.5,6.32,219.0788,8.763152,8.625149606299214,8.591325490196079,34.66436708860759,1.3865746835443038,fixture-level distance scale anomaly (~25x)
1167.0,2025-06-14,1322880,65546,half_1,32,bottom,3750,sprint,6.97,7.65,292.8504,11.714015999999999,11.529543307086614,11.484329411764705,38.281098039215685,1.5312439215686273,fixture-level distance scale anomaly (~25x)
1167.0,2025-06-14,1322881,65546,half_1,33,middle,3751,hsr,5.47,5.62,120.92600000000002,4.837040000000001,4.760866141732285,4.742196078431373,21.51708185053381,0.8606832740213525,fixture-level distance scale anomaly (~25x)
1167.0,2025-06-14,1322882,65546,half_1,41,bottom,3750,hsr,5.42,6.21,438.8448,17.553792,17.277354330708665,17.209600000000002,70.66743961352657,2.826697584541063,fixture-level distance scale anomaly (~25x)
1167.0,2025-06-14,1322883,65546,half_1,44,middle,3750,hsr,5.41,6.49,460.4404,18.417616,18.127574803149606,18.056486274509805,70.94613251155624,2.8378453004622495,fixture-level distance scale anomaly (~25x)
1167.0,2025-06-14,1322884,65546,half_1,46,middle,3750,sprint,6.96,7.25,234.2228,9.368912,9.221370078740158,9.185207843137254,32.30659310344828,1.2922637241379311,fixture-level distance scale anomaly (~25x)
1167.0,2025-06-14,1322885,65546,half_1,46,middle,3750,hsr,5.45,6.92,162.0348,6.481392,6.379322834645669,6.354305882352941,23.415433526011558,0.9366173410404623,fixture-level distance scale anomaly (~25x)
1167.0,2025-06-14,1322886,65546,half_1,46,bottom,3750,hsr,5.54,6.96,138.0848,5.523392,5.436409448818898,5.415090196078431,19.839770114942528,0.7935908045977011,fixture-level distance scale anomaly (~25x)
1167.0,2025-06-14,1322887,65546,half_2,3,middle,3750,hsr,5.45,6.68,389.9052,15.596207999999999,15.35059842519685,15.2904,58.36904191616767,2.3347616766467065,fixture-level distance scale anomaly (~25x)
1167.0,2025-06-14,1322888,65546,half_2,4,bottom,3750,hsr,5.45,6.74,322.0056,12.880224,12.677385826771655,12.627670588235295,47.775311572700296,1.9110124629080119,fixture-level distance scale anomaly (~25x)
1167.0,2025-06-14,1322889,65546,half_2,5,bottom,3750,hsr,5.44,6.27,398.6284,15.945136,15.694031496062992,15.632486274509803,63.57709728867624,2.5430838915470497,fixture-level distance scale anomaly (~25x)
1167.0,2025-06-14,1322890,65546,half_2,9,middle,3750,hsr,5.43,6.17,839.4988,33.579952,33.05113385826772,32.92152156862745,136.06139384116693,5.442455753646677,fixture-level distance scale anomaly (~25x)
1167.0,2025-06-14,1322891,65546,half_2,10,middle,3750,hsr,5.52,5.87,164.1228,6.5649120000000005,6.461527559055119,6.436188235294118,27.959591141396935,1.1183836456558773,fixture-level distance scale anomaly (~25x)
1167.0,2025-06-14,1322892,65546,half_2,12,top,3750,hsr,5.53,6.52,279.5844,11.183376,11.007259842519685,10.96409411764706,42.88104294478528,1.7152417177914112,fixture-level distance scale anomaly (~25x)
1167.0,2025-06-14,1322893,65546,half_2,13,bottom,3750,hsr,5.43,7.12,430.6668,17.226672,16.955385826771657,16.88889411764706,60.48691011235955,2.419476404494382,fixture-level distance scale anomaly (~25x)
1167.0,2025-06-14,1322894,65546,half_2,18,bottom,3750,sprint,6.92,7.07,223.8384,8.953536,8.812535433070867,8.777976470588236,31.66031117397454,1.2664124469589815,fixture-level distance scale anomaly (~25x)
1167.0,2025-06-14,1322895,65546,half_2,18,middle,3750,hsr,5.44,6.91,729.5156000000001,29.180624,28.72108661417323,28.608454901960787,105.57389290882779,4.222955716353112,fixture-level distance scale anomaly (~25x)
1167.0,2025-06-14,1322896,65546,half_2,18,bottom,3750,hsr,5.47,6.94,220.08399999999995,8.803359999999998,8.664724409448818,8.630745098039213,31.712391930835725,1.268495677233429,fixture-level distance scale anomaly (~25x)
1167.0,2025-06-14,1322897,65546,half_2,26,middle,3750,sprint,6.91,7.37,510.4487999999999,20.417951999999996,20.096409448818896,20.017599999999995,69.2603527815468,2.770414111261872,fixture-level distance scale anomaly (~25x)
1167.0,2025-06-14,1322898,65546,half_2,26,middle,3750,hsr,5.45,6.9,212.0412,8.481648,8.348078740157481,8.315341176470588,30.730608695652172,1.229224347826087,fixture-level distance scale anomaly (~25x)
1167.0,2025-06-14,1322899,65546,half_2,26,bottom,3750,hsr,5.53,7.02,663.926,26.55704,26.138818897637798,26.0363137254902,94.57635327635329,3.7830541310541315,fixture-level distance scale anomaly (~25x)
1167.0,2025-06-14,1322900,65546,half_2,28,bottom,3750,hsr,5.45,5.62,132.13,5.2852,5.201968503937008,5.1815686274509805,23.510676156583628,0.9404270462633452,fixture-level distance scale anomaly (~25x)
1167.0,2025-06-14,1322901,65546,half_2,28,bottom,3750,hsr,5.57,6.15,174.364,6.97456,6.86472440944882,6.837803921568628,28.351869918699187,1.1340747967479674,fixture-level distance scale anomaly (~25x)
1167.0,2025-06-14,1322902,65546,half_2,30,middle,3750,hsr,5.44,7.11,585.668,23.42672,23.057795275590554,22.967372549019608,82.37243319268636,3.2948973277074542,fixture-level distance scale anomaly (~25x)
1167.0,2025-06-14,1322903,65546,half_2,31,middle,3750,hsr,5.43,5.78,218.9936,8.759744,8.621795275590552,8.58798431372549,37.888166089965395,1.5155266435986157,fixture-level distance scale anomaly (~25x)
1167.0,2025-06-14,1322904,65546,half_2,39,bottom,3750,hsr,5.42,6.16,386.6224,15.464896000000001,15.221354330708664,15.16166274509804,62.76337662337663,2.5105350649350653,fixture-level distance scale anomaly (~25x)
1167.0,2025-06-14,1322905,65546,half_2,45,middle,3750,hsr,5.45,5.91,308.80240000000003,12.352096000000001,12.157574803149608,12.109898039215688,52.2508291032149,2.0900331641285956,fixture-level distance scale anomaly (~25x)
1167.0,2025-06-14,1322906,65546,half_2,47,bottom,3750,sprint,7.0,7.95,554.6104,22.184416000000002,21.835055118110237,21.74942745098039,69.7623144654088,2.7904925786163526,fixture-level distance scale anomaly (~25x)
1167.0,2025-06-14,1322907,65546,half_2,47,middle,3750,hsr,5.48,6.94,130.644,5.22576,5.143464566929135,5.123294117647059,18.82478386167147,0.7529913544668587,fixture-level distance scale anomaly (~25x)
1167.0,2025-06-14,1322908,65547,half_1,1,bottom,3750,hsr,5.43,5.91,198.6704,7.946816,7.8216692913385835,7.790996078431372,33.61597292724196,1.3446389170896784,fixture-level distance scale anomaly (~25x)
1167.0,2025-06-14,1322909,65547,half_1,4,top,3750,hsr,5.43,5.6,187.362,7.494479999999999,7.376456692913386,7.347529411764706,33.4575,1.3383,fixture-level distance scale anomaly (~25x)
1167.0,2025-06-14,1322910,65547,half_1,7,top,3750,hsr,5.48,6.56,286.2748,11.450992000000001,11.270661417322836,11.22646274509804,43.6394512195122,1.7455780487804882,fixture-level distance scale anomaly (~25x)
1167.0,2025-06-14,1322911,65547,half_1,13,bottom,3751,hsr,5.45,6.53,353.2932,14.131728,13.909181102362206,13.854635294117648,54.103093415007656,2.164123736600306,fixture-level distance scale anomaly (~25x)
1167.0,2025-06-14,1322912,65547,half_1,14,middle,3750,hsr,5.49,5.73,133.5824,5.3432960000000005,5.259149606299213,5.2385254901960785,23.31280977312391,0.9325123909249564,fixture-level distance scale anomaly (~25x)
1167.0,2025-06-14,1322913,65547,half_1,14,middle,3750,hsr,5.52,5.91,158.666,6.34664,6.246692913385827,6.222196078431373,26.847038917089677,1.073881556683587,fixture-level distance scale anomaly (~25x)
1167.0,2025-06-14,1322914,65547,half_1,16,bottom,3750,sprint,6.94,7.25,348.5404,13.941616,13.722062992125984,13.668250980392155,48.07453793103448,1.9229815172413793,fixture-level distance scale anomaly (~25x)
1167.0,2025-06-14,1322915,65547,half_1,16,bottom,3750,hsr,5.44,6.92,193.4368,7.737472,7.615622047244095,7.585756862745098,27.953294797687864,1.1181317919075144,fixture-level distance scale anomaly (~25x)
1167.0,2025-06-14,1322916,65547,half_1,16,bottom,3750,hsr,5.45,6.92,206.766,8.27064,8.140393700787401,8.108470588235294,29.879479768786126,1.195179190751445,fixture-level distance scale anomaly (~25x)
1167.0,2025-06-14,1322917,65547,half_1,19,middle,3750,hsr,5.41,5.73,274.2072,10.968288,10.79555905511811,10.753223529411764,47.85465968586387,1.9141863874345548,fixture-level distance scale anomaly (~25x)
1167.0,2025-06-14,1322918,65547,half_1,20,middle,3750,hsr,5.49,5.86,157.87959999999998,6.3151839999999995,6.2157322834645665,6.1913568627450974,26.94191126279863,1.0776764505119452,fixture-level distance scale anomaly (~25x)
1167.0,2025-06-14,1322919,65547,half_1,20,middle,3750,hsr,5.52,6.14,191.7272,7.669088,7.548314960629922,7.518713725490197,31.22592833876222,1.2490371335504886,fixture-level distance scale anomaly (~25x)
1167.0,2025-06-14,1322920,65547,half_1,21,bottom,3750,hsr,5.47,6.75,399.4236,15.976944000000001,15.725338582677168,15.663670588235295,59.17386666666667,2.366954666666667,fixture-level distance scale anomaly (~25x)
1167.0,2025-06-14,1322921,65547,half_1,21,top,3750,hsr,5.46,5.82,311.4328,12.457312,12.261133858267717,12.213050980392156,53.51079037800687,2.1404316151202747,fixture-level distance scale anomaly (~25x)
1167.0,2025-06-14,1322922,65547,half_1,22,bottom,3751,hsr,5.47,5.65,126.9404,5.077616,4.997653543307087,4.9780549019607845,22.467327433628316,0.8986930973451327,fixture-level distance scale anomaly (~25x)
1167.0,2025-06-14,1322923,65547,half_1,22,bottom,3751,hsr,5.4,6.3,349.8392,13.993568,13.773196850393703,13.71918431372549,55.530031746031746,2.22120126984127,fixture-level distance scale anomaly (~25x)
1167.0,2025-06-14,1322925,65547,half_1,27,middle,3751,hsr,5.48,5.76,150.5992,6.023968,5.929102362204724,5.905850980392157,26.145694444444445,1.0458277777777778,fixture-level distance scale anomaly (~25x)
1167.0,2025-06-14,1322926,65547,half_1,28,bottom,3751,hsr,5.39,6.11,400.6224,16.024896000000002,15.772535433070868,15.710682352941177,65.56831423895254,2.6227325695581016,fixture-level distance scale anomaly (~25x)
1167.0,2025-06-14,1322927,65547,half_1,28,bottom,3751,hsr,5.41,5.63,170.9248,6.836992,6.72932283464567,6.702933333333333,30.359644760213147,1.2143857904085258,fixture-level distance scale anomaly (~25x)
1167.0,2025-06-14,1322928,65547,half_1,28,middle,3751,hsr,5.46,6.33,476.8004,19.072016,18.771669291338586,18.698054901960784,75.3239178515008,3.012956714060032,fixture-level distance scale anomaly (~25x)
1167.0,2025-06-14,1322924,65547,half_1,30,bottom,3750,sprint,6.92,8.37,689.2180000000001,27.568720000000003,27.134566929133864,27.0281568627451,82.34384707287934,3.293753882915174,fixture-level distance scale anomaly (~25x)
1167.0,2025-06-14,1322929,65547,half_1,30,middle,3750,hsr,5.44,6.87,1060.506,42.42024000000001,41.75220472440945,41.588470588235296,154.36768558951965,6.174707423580787,fixture-level distance scale anomaly (~25x)
1167.0,2025-06-14,1322931,65547,half_1,33,bottom,3750,hsr,5.4,6.66,473.806,18.95224,18.653779527559056,18.58062745098039,71.14204204204204,2.8456816816816817,fixture-level distance scale anomaly (~25x)
1167.0,2025-06-14,1322932,65547,half_1,34,middle,3750,hsr,5.43,5.73,201.0324,8.041295999999999,7.914661417322835,7.883623529411764,35.08418848167539,1.4033675392670155,fixture-level distance scale anomaly (~25x)
1167.0,2025-06-14,1322930,65547,half_1,35,middle,3750,sprint,6.95,7.1,160.8024,6.4320960000000005,6.3308031496063,6.305976470588235,22.64822535211268,0.9059290140845071,fixture-level distance scale anomaly (~25x)
1167.0,2025-06-14,1322933,65547,half_1,35,top,3750,hsr,5.53,6.95,157.3804,6.295216,6.196078740157481,6.1717803921568635,22.644661870503597,0.9057864748201438,fixture-level distance scale anomaly (~25x)
1167.0,2025-06-14,1322934,65547,half_1,35,middle,3750,hsr,5.51,6.92,194.6368,7.7854719999999995,7.662866141732284,7.632815686274509,28.126705202312138,1.1250682080924854,fixture-level distance scale anomaly (~25x)
1167.0,2025-06-14,1322935,65547,half_1,36,top,3751,hsr,5.46,6.69,321.1016,12.844064000000001,12.641795275590553,12.592219607843138,47.99724962630792,1.919889985052317,fixture-level distance scale anomaly (~25x)
1167.0,2025-06-14,1322936,65547,half_1,40,middle,3750,hsr,5.4,5.83,276.51800000000003,11.060720000000002,10.886535433070868,10.843843137254902,47.43018867924529,1.8972075471698115,fixture-level distance scale anomaly (~25x)
1167.0,2025-06-14,1322937,65547,half_1,43,middle,3750,hsr,5.46,5.7,178.2284,7.129136,7.016866141732284,6.989349019607843,31.26814035087719,1.2507256140350878,fixture-level distance scale anomaly (~25x)
1167.0,2025-06-14,1322938,65547,half_1,43,bottom,3750,hsr,5.47,5.75,150.59,6.0236,5.928740157480315,5.905490196078431,26.189565217391305,1.0475826086956521,fixture-level distance scale anomaly (~25x)
1167.0,2025-06-14,1322939,65547,half_1,44,middle,3750,hsr,5.44,5.59,154.0016,6.160064,6.063055118110237,6.039278431372549,27.54948121645796,1.1019792486583184,fixture-level distance scale anomaly (~25x)
1167.0,2025-06-14,1322940,65547,half_1,45,middle,3751,hsr,5.4,6.11,278.4876,11.139503999999999,10.96407874015748,10.921082352941175,45.578985270049095,1.8231594108019638,fixture-level distance scale anomaly (~25x)
1167.0,2025-06-14,1322941,65547,half_1,46,bottom,3750,hsr,5.41,5.83,510.596,20.42384,20.10220472440945,20.02337254901961,87.58078902229846,3.5032315608919378,fixture-level distance scale anomaly (~25x)
1167.0,2025-06-14,1322942,65547,half_2,3,middle,3750,sprint,6.98,7.71,324.6968,12.987872,12.783338582677166,12.733207843137254,42.1137224383917,1.684548897535668,fixture-level distance scale anomaly (~25x)
1167.0,2025-06-14,1322943,65547,half_2,3,middle,3750,hsr,5.39,6.91,129.2364,5.169456,5.088047244094488,5.068094117647059,18.702807525325614,0.7481123010130246,fixture-level distance scale anomaly (~25x)
1167.0,2025-06-14,1322944,65547,half_2,4,middle,3751,hsr,5.41,5.73,340.2704,13.610816,13.396472440944882,13.343937254901961,59.38401396160558,2.375360558464223,fixture-level distance scale anomaly (~25x)
1167.0,2025-06-14,1322945,65547,half_2,5,bottom,3750,hsr,5.38,6.24,381.0936,15.243744,15.00368503937008,14.944847058823528,61.0726923076923,2.442907692307692,fixture-level distance scale anomaly (~25x)
1167.0,2025-06-14,1322946,65547,half_2,9,middle,3750,hsr,5.43,6.68,831.4592,33.258368,32.73461417322835,32.6062431372549,124.46994011976048,4.978797604790419,fixture-level distance scale anomaly (~25x)
1167.0,2025-06-14,1322947,65547,half_2,13,bottom,3750,sprint,6.91,7.58,283.7196,11.348784,11.170062992125985,11.126258823529412,37.430026385224274,1.497201055408971,fixture-level distance scale anomaly (~25x)
1167.0,2025-06-14,1322948,65547,half_2,13,bottom,3750,hsr,5.41,6.87,297.988,11.91952,11.731811023622049,11.685803921568628,43.375254730713245,1.73501018922853,fixture-level distance scale anomaly (~25x)
1167.0,2025-06-14,1322949,65547,half_2,18,middle,3750,hsr,5.41,5.97,645.5384,25.821536000000002,25.414897637795278,25.31523137254902,108.1303852596315,4.32521541038526,fixture-level distance scale anomaly (~25x)
1167.0,2025-06-14,1322950,65547,half_2,21,bottom,3750,hsr,5.45,6.38,659.722,26.38888,25.973307086614174,25.871450980392154,103.40470219435737,4.136188087774295,fixture-level distance scale anomaly (~25x)
1167.0,2025-06-14,1322951,65547,half_2,23,middle,3750,hsr,5.49,5.89,152.25039999999998,6.090015999999999,5.994110236220473,5.970603921568627,25.848964346349746,1.0339585738539898,fixture-level distance scale anomaly (~25x)
1167.0,2025-06-14,1322952,65547,half_2,25,middle,3751,hsr,5.44,6.05,354.1776,14.167104,13.944,13.889317647058823,58.5417520661157,2.341670082644628,fixture-level distance scale anomaly (~25x)
1167.0,2025-06-14,1322953,65547,half_2,25,bottom,3751,hsr,5.44,5.69,205.932,8.23728,8.10755905511811,8.075764705882353,36.19191564147627,1.447676625659051,fixture-level distance scale anomaly (~25x)
1167.0,2025-06-14,1322954,65547,half_2,26,bottom,3750,sprint,6.9,7.58,637.204,25.488159999999997,25.086771653543305,24.988392156862744,84.06385224274406,3.362554089709762,fixture-level distance scale anomaly (~25x)
1167.0,2025-06-14,1322956,65547,half_2,26,middle,3750,hsr,5.41,6.89,350.9524,14.038096000000001,13.817023622047245,13.762839215686276,50.93648766328012,2.037459506531205,fixture-level distance scale anomaly (~25x)
1167.0,2025-06-14,1322957,65547,half_2,27,middle,3751,hsr,5.41,6.13,480.3864,19.215456,18.912850393700786,18.838682352941177,78.36646003262642,3.134658401305057,fixture-level distance scale anomaly (~25x)
1167.0,2025-06-14,1322955,65547,half_2,30,bottom,3750,sprint,6.98,8.72,719.2268,28.769072,28.3160157480315,28.204972549019608,82.4801376146789,3.299205504587156,fixture-level distance scale anomaly (~25x)
1167.0,2025-06-14,1322958,65547,half_2,31,bottom,3750,sprint,6.93,7.79,980.1844,39.207376,38.58993700787402,38.43860392156863,125.82598202824133,5.0330392811296525,fixture-level distance scale anomaly (~25x)
1167.0,2025-06-14,1322959,65547,half_2,31,middle,3750,hsr,5.48,6.89,186.5944,7.463776,7.346236220472441,7.317427450980392,27.081915820029028,1.0832766328011612,fixture-level distance scale anomaly (~25x)
1167.0,2025-06-14,1322960,65547,half_2,31,bottom,3750,hsr,5.42,6.93,263.0524,10.522096,10.356393700787402,10.315780392156862,37.958499278499275,1.5183399711399712,fixture-level distance scale anomaly (~25x)
1167.0,2025-06-14,1322962,65547,half_2,37,middle,3751,hsr,5.45,5.96,240.5828,9.623312,9.47176377952756,9.434619607843137,40.36624161073826,1.6146496644295303,fixture-level distance scale anomaly (~25x)
1167.0,2025-06-14,1322961,65547,half_2,39,middle,3750,sprint,6.93,8.49,623.5816,24.943264,24.550456692913386,24.45418039215686,73.44895170789164,2.937958068315665,fixture-level distance scale anomaly (~25x)
1167.0,2025-06-14,1322963,65547,half_2,39,middle,3750,hsr,5.4,6.9,129.1784,5.167136,5.08576377952756,5.065819607843138,18.721507246376813,0.7488602898550725,fixture-level distance scale anomaly (~25x)
1167.0,2025-06-14,1322964,65547,half_2,39,bottom,3750,hsr,5.4,6.87,233.5172,9.340688,9.193590551181103,9.15753725490196,33.99085880640466,1.3596343522561862,fixture-level distance scale anomaly (~25x)
1167.0,2025-06-14,1322965,65547,half_2,40,bottom,3750,hsr,5.48,6.68,346.772,13.87088,13.65244094488189,13.598901960784314,51.91197604790419,2.076479041916168,fixture-level distance scale anomaly (~25x)
1167.0,2025-06-14,1322966,65547,half_2,41,bottom,3750,sprint,6.92,7.64,409.9932,16.399728,16.141464566929134,16.078164705882354,53.66403141361257,2.1465612565445027,fixture-level distance scale anomaly (~25x)
1167.0,2025-06-14,1322967,65547,half_2,41,bottom,3750,hsr,5.55,6.89,208.8596,8.354384,8.222818897637795,8.190572549019608,30.313439767779393,1.2125375907111755,fixture-level distance scale anomaly (~25x)
1167.0,2025-06-14,1322968,65547,half_2,45,middle,3751,hsr,5.42,6.0,392.7244,15.708976,15.461590551181104,15.400956862745097,65.45406666666666,2.6181626666666666,fixture-level distance scale anomaly (~25x)
1167.0,2025-06-14,1322969,65547,half_2,45,middle,3750,hsr,4.98,6.93,129.386,5.17544,5.093937007874016,5.0739607843137255,18.670418470418472,0.7468167388167388,fixture-level distance scale anomaly (~25x)
1167.0,2025-06-14,1322970,65547,half_2,47,bottom,3750,sprint,6.91,8.76,735.7840000000001,29.431360000000005,28.967874015748038,28.854274509803925,83.99360730593608,3.3597442922374436,fixture-level distance scale anomaly (~25x)
1167.0,2025-06-14,1322971,65547,half_2,47,middle,3750,hsr,5.41,6.84,152.64960000000002,6.105984000000001,6.009826771653544,5.986258823529413,22.317192982456145,0.8926877192982458,fixture-level distance scale anomaly (~25x)
1167.0,2025-06-14,1322972,65547,half_2,47,top,3751,hsr,5.4,5.53,301.3772,12.055088000000001,11.86524409448819,11.818713725490197,54.49858951175407,2.179943580470163,fixture-level distance scale anomaly (~25x)
1167.0,2025-06-14,1323605,65548,half_2,11,middle,3751,hsr,5.42,5.96,269.4304,10.777216000000001,10.607496062992128,10.565898039215687,45.20644295302014,1.8082577181208055,fixture-level distance scale anomaly (~25x)
1167.0,2025-06-14,1323604,65548,half_2,13,bottom,3750,sprint,6.98,7.64,278.1532,11.126128000000001,10.950913385826773,10.907968627450982,36.40748691099477,1.4562994764397907,fixture-level distance scale anomaly (~25x)
1167.0,2025-06-14,1323606,65548,half_2,18,middle,3750,sprint,6.95,9.44,1561.642,62.46568,61.48196850393701,61.24086274509804,165.4281779661017,6.617127118644068,fixture-level distance scale anomaly (~25x)
1167.0,2025-06-14,1323607,65548,half_2,18,bottom,3750,hsr,5.46,6.91,129.9984,5.199936,5.118047244094488,5.097976470588235,18.813082489146165,0.7525232995658466,fixture-level distance scale anomaly (~25x)
1167.0,2025-06-14,1323608,65548,half_2,23,middle,3750,sprint,6.99,7.98,400.988,16.03952,15.78692913385827,15.725019607843137,50.24912280701754,2.0099649122807017,fixture-level distance scale anomaly (~25x)
1167.0,2025-06-14,1323609,65548,half_2,25,bottom,3751,hsr,5.45,6.34,255.5284,10.221136,10.060173228346457,10.020721568627451,40.30416403785489,1.6121665615141956,fixture-level distance scale anomaly (~25x)
1167.0,2025-06-14,1323610,65548,half_2,26,bottom,3750,sprint,6.89,7.94,389.5856,15.583424,15.338015748031497,15.277866666666666,49.066196473551635,1.9626478589420655,fixture-level distance scale anomaly (~25x)
1167.0,2025-06-14,1323611,65548,half_2,26,middle,3750,hsr,5.41,6.86,499.0372,19.961488,19.64713385826772,19.570086274509805,72.74594752186589,2.9098379008746353,fixture-level distance scale anomaly (~25x)
1167.0,2025-06-14,1323612,65548,half_2,27,middle,3751,hsr,5.42,6.11,574.3028,22.972112000000003,22.610346456692916,22.52167843137255,93.9939116202946,3.759756464811784,fixture-level distance scale anomaly (~25x)
1167.0,2025-06-14,1323613,65548,half_2,28,bottom,3750,hsr,5.48,6.82,292.9436,11.717744,11.533212598425198,11.487984313725491,42.95360703812317,1.7181442815249266,fixture-level distance scale anomaly (~25x)
1167.0,2025-06-14,1323614,65548,half_2,30,bottom,3750,hsr,5.41,6.56,568.9388,22.757552,22.39916535433071,22.31132549019608,86.7284756097561,3.4691390243902442,fixture-level distance scale anomaly (~25x)
1167.0,2025-06-14,1323615,65548,half_2,31,bottom,3751,hsr,5.47,6.21,246.7168,9.868672,9.713259842519685,9.675168627450981,39.72895330112721,1.5891581320450885,fixture-level distance scale anomaly (~25x)
1167.0,2025-06-14,1323616,65548,half_2,32,middle,3750,hsr,5.44,5.51,114.5296,4.581184,4.509039370078741,4.491356862745098,20.785771324863884,0.8314308529945554,fixture-level distance scale anomaly (~25x)
1167.0,2025-06-14,1323617,65548,half_2,33,bottom,3750,hsr,5.44,5.69,155.3456,6.213824,6.115968503937008,6.09198431372549,27.301511423550085,1.0920604569420034,fixture-level distance scale anomaly (~25x)
1167.0,2025-06-14,1323618,65548,half_2,39,bottom,3750,sprint,6.96,8.86,877.2031999999999,35.088128,34.53555905511811,34.400125490196075,99.00713318284424,3.9602853273137697,fixture-level distance scale anomaly (~25x)
1167.0,2025-06-14,1323619,65548,half_2,45,middle,3750,hsr,5.47,6.02,224.3252,8.973008,8.831700787401575,8.797066666666666,37.26332225913622,1.4905328903654487,fixture-level distance scale anomaly (~25x)
1167.0,2025-06-14,1323620,65548,half_2,47,bottom,3750,sprint,6.93,7.21,254.7216,10.188864,10.028409448818898,9.989082352941177,35.32893203883495,1.4131572815533981,fixture-level distance scale anomaly (~25x)
1167.0,2025-06-14,1323621,65548,half_2,47,middle,3750,hsr,5.51,6.05,178.1652,7.126608,7.014377952755906,6.986870588235294,29.448793388429753,1.1779517355371902,fixture-level distance scale anomaly (~25x)
1167.0,2025-06-14,1323622,65548,half_2,47,bottom,3750,hsr,5.51,6.96,150.7028,6.028112,5.933181102362205,5.909913725490196,21.652701149425287,0.8661080459770115,fixture-level distance scale anomaly (~25x)
1167.0,2025-06-14,1323623,65548,half_2,47,bottom,3750,hsr,5.5,6.91,213.2816,8.531264,8.396913385826773,8.36398431372549,30.865643994211286,1.2346257597684516,fixture-level distance scale anomaly (~25x)
1167.0,2025-06-14,1322973,65549,half_1,1,bottom,3750,sprint,6.97,7.37,207.3028,8.292112,8.161527559055118,8.129521568627451,28.127924016282222,1.125116960651289,fixture-level distance scale anomaly (~25x)
1167.0,2025-06-14,1322974,65549,half_1,1,bottom,3750,hsr,5.37,6.92,195.6844,7.827376,7.704110236220473,7.673898039215687,28.278092485549134,1.1311236994219653,fixture-level distance scale anomaly (~25x)
1167.0,2025-06-14,1322975,65549,half_1,6,top,3750,hsr,5.48,5.71,127.4368,5.097472,5.0171968503937014,4.997521568627451,22.31817863397548,0.8927271453590192,fixture-level distance scale anomaly (~25x)
1167.0,2025-06-14,1322976,65549,half_1,7,top,3750,hsr,5.44,6.2,300.1348,12.005391999999999,11.816330708661418,11.769992156862745,48.40883870967742,1.9363535483870966,fixture-level distance scale anomaly (~25x)
1167.0,2025-06-14,1322978,65549,half_1,12,middle,3751,hsr,5.42,6.35,345.45120000000003,13.818048000000001,13.60044094488189,13.547105882352943,54.40176377952756,2.1760705511811027,fixture-level distance scale anomaly (~25x)
1167.0,2025-06-14,1322979,65549,half_1,14,middle,3751,hsr,5.44,6.92,149.06920000000002,5.9627680000000005,5.868866141732285,5.845850980392158,21.541791907514455,0.8616716763005782,fixture-level distance scale anomaly (~25x)
1167.0,2025-06-14,1322977,65549,half_1,15,middle,3751,sprint,6.96,7.61,645.6832,25.827328,25.420598425196854,25.32090980392157,84.84667542706966,3.393867017082786,fixture-level distance scale anomaly (~25x)
1167.0,2025-06-14,1322980,65549,half_1,16,bottom,3750,hsr,5.42,6.34,533.362,21.33448,20.998503937007875,20.916156862745098,84.12649842271293,3.3650599369085175,fixture-level distance scale anomaly (~25x)
1167.0,2025-06-14,1322981,65549,half_1,20,middle,3750,hsr,5.45,5.9,187.1808,7.4872320000000006,7.36932283464567,7.340423529411765,31.7255593220339,1.2690223728813559,fixture-level distance scale anomaly (~25x)
1167.0,2025-06-14,1322982,65549,half_1,20,middle,3751,hsr,5.4,6.76,398.2828,15.931312,15.680425196850395,15.618933333333334,58.917573964497045,2.3567029585798815,fixture-level distance scale anomaly (~25x)
1167.0,2025-06-14,1322983,65549,half_1,21,top,3751,hsr,5.44,6.45,491.34239999999994,19.653695999999997,19.34418897637795,19.268329411764704,76.17711627906975,3.0470846511627903,fixture-level distance scale anomaly (~25x)
1167.0,2025-06-14,1322984,65549,half_1,27,top,3751,hsr,5.45,6.18,311.1952,12.447808,12.251779527559055,12.203733333333334,50.355210355987055,2.0142084142394823,fixture-level distance scale anomaly (~25x)
1167.0,2025-06-14,1322985,65549,half_1,30,middle,3750,hsr,5.4,5.97,1058.6748,42.346992,41.68011023622047,41.51665882352941,177.3324623115578,7.093298492462312,fixture-level distance scale anomaly (~25x)
1167.0,2025-06-14,1322986,65549,half_1,33,bottom,3750,sprint,6.93,7.54,569.9888,22.799552,22.440503937007875,22.352501960784313,75.59533156498674,3.0238132625994694,fixture-level distance scale anomaly (~25x)
1167.0,2025-06-14,1322987,65549,half_1,33,middle,3751,hsr,5.52,6.94,131.2124,5.248496,5.1658425196850395,5.14558431372549,18.906685878962534,0.7562674351585015,fixture-level distance scale anomaly (~25x)
1167.0,2025-06-14,1322988,65549,half_1,33,bottom,3750,hsr,5.47,6.9,219.3992,8.775968,8.63776377952756,8.603890196078432,31.796985507246376,1.2718794202898551,fixture-level distance scale anomaly (~25x)
1167.0,2025-06-14,1322989,65549,half_1,35,middle,3750,hsr,5.42,6.38,437.4592,17.498368,17.2228031496063,17.15526274509804,68.56727272727272,2.742690909090909,fixture-level distance scale anomaly (~25x)
1167.0,2025-06-14,1322991,65549,half_1,40,middle,3750,hsr,5.44,6.91,296.4388,11.857552,11.670818897637796,11.625050980392157,42.899971056439945,1.7159988422575976,fixture-level distance scale anomaly (~25x)
1167.0,2025-06-14,1322990,65549,half_1,41,bottom,3750,sprint,6.92,7.19,523.03,20.9212,20.591732283464566,20.510980392156863,72.74408901251738,2.909763560500695,fixture-level distance scale anomaly (~25x)
1167.0,2025-06-14,1322993,65549,half_1,41,bottom,3750,hsr,5.45,6.93,168.80679999999998,6.752272,6.645937007874015,6.619874509803921,24.358845598845598,0.974353823953824,fixture-level distance scale anomaly (~25x)
1167.0,2025-06-14,1322992,65549,half_1,43,middle,3750,sprint,6.98,7.36,228.9932,9.159728,9.01548031496063,8.980125490196079,31.11320652173913,1.2445282608695651,fixture-level distance scale anomaly (~25x)
1167.0,2025-06-14,1322994,65549,half_1,43,middle,3750,hsr,5.49,6.97,131.12,5.244800000000001,5.162204724409449,5.141960784313726,18.812051649928264,0.7524820659971306,fixture-level distance scale anomaly (~25x)
1167.0,2025-06-14,1322995,65549,half_1,43,bottom,3750,hsr,5.39,6.93,172.9196,6.916784,6.807858267716536,6.781160784313726,24.952323232323234,0.9980929292929293,fixture-level distance scale anomaly (~25x)
1167.0,2025-06-14,1322996,65549,half_1,44,middle,3750,hsr,5.41,5.53,202.584,8.10336,7.975748031496064,7.944470588235294,36.63363471971067,1.4653453887884267,fixture-level distance scale anomaly (~25x)
1167.0,2025-06-14,1322997,65549,half_1,45,top,3750,hsr,5.48,5.98,212.1728,8.486912,8.353259842519686,8.320501960784313,35.480401337792635,1.4192160535117055,fixture-level distance scale anomaly (~25x)
1167.0,2025-06-14,1322998,65549,half_1,46,bottom,3750,hsr,5.47,6.85,816.7148,32.668592,32.15412598425197,32.028031372549016,119.22843795620439,4.769137518248175,fixture-level distance scale anomaly (~25x)
1167.0,2025-06-14,1322999,65549,half_1,47,top,3751,hsr,5.42,5.83,254.3112,10.172448000000001,10.012251968503938,9.972988235294117,43.6211320754717,1.744845283018868,fixture-level distance scale anomaly (~25x)
1167.0,2025-06-14,1323002,65549,half_2,2,top,3751,hsr,5.49,5.72,133.3152,5.3326080000000005,5.248629921259843,5.228047058823529,23.30685314685315,0.932274125874126,fixture-level distance scale anomaly (~25x)
1167.0,2025-06-14,1323003,65549,half_2,3,middle,3750,hsr,5.4,6.14,420.488,16.81952,16.55464566929134,16.48972549019608,68.48338762214983,2.7393355048859935,fixture-level distance scale anomaly (~25x)
1167.0,2025-06-14,1323000,65549,half_2,5,middle,3750,sprint,6.94,7.7,361.4044,14.456176000000001,14.228519685039371,14.172721568627452,46.93563636363636,1.8774254545454547,fixture-level distance scale anomaly (~25x)
1167.0,2025-06-14,1323001,65549,half_2,5,bottom,3750,sprint,6.92,7.14,274.59159999999997,10.983664,10.810692913385827,10.768298039215685,38.458207282913165,1.5383282913165266,fixture-level distance scale anomaly (~25x)
1167.0,2025-06-14,1323004,65549,half_2,5,bottom,3750,hsr,5.78,6.91,447.2876,17.891504,17.609748031496064,17.54069019607843,64.73047756874095,2.5892191027496385,fixture-level distance scale anomaly (~25x)
1167.0,2025-06-14,1323005,65549,half_2,5,bottom,3750,hsr,5.56,6.94,157.694,6.307759999999999,6.208425196850394,6.184078431372549,22.722478386167143,0.9088991354466857,fixture-level distance scale anomaly (~25x)
1167.0,2025-06-14,1323008,65549,half_2,7,bottom,3751,hsr,5.49,5.76,133.7636,5.350544,5.266283464566929,5.24563137254902,23.22284722222222,0.9289138888888889,fixture-level distance scale anomaly (~25x)
1167.0,2025-06-14,1323006,65549,half_2,9,top,3750,sprint,6.93,7.48,376.896,15.075840000000001,14.838425196850395,14.780235294117647,50.387165775401066,2.0154866310160426,fixture-level distance scale anomaly (~25x)
1167.0,2025-06-14,1323007,65549,half_2,9,middle,3750,sprint,6.93,7.45,288.59479999999996,11.543791999999998,11.361999999999998,11.3174431372549,38.73755704697986,1.5495022818791944,fixture-level distance scale anomaly (~25x)
1167.0,2025-06-14,1323009,65549,half_2,9,top,3750,hsr,5.46,6.94,136.8284,5.473135999999999,5.386944881889764,5.365819607843137,19.715907780979823,0.788636311239193,fixture-level distance scale anomaly (~25x)
1167.0,2025-06-14,1323010,65549,half_2,9,middle,3750,hsr,5.43,6.9,272.796,10.91184,10.74,10.697882352941177,39.53565217391304,1.5814260869565215,fixture-level distance scale anomaly (~25x)
1167.0,2025-06-14,1323011,65549,half_2,9,middle,3750,hsr,5.46,5.96,193.9136,7.756544,7.6343937007874025,7.604454901960785,32.5358389261745,1.30143355704698,fixture-level distance scale anomaly (~25x)
1167.0,2025-06-14,1323012,65549,half_2,10,middle,3750,hsr,5.4,6.89,215.4044,8.616176000000001,8.480488188976379,8.44723137254902,31.263338171262703,1.2505335268505082,fixture-level distance scale anomaly (~25x)
1167.0,2025-06-14,1323013,65549,half_2,12,top,3751,sprint,6.92,8.92,742.0640000000001,29.682560000000002,29.215118110236226,29.100549019607847,83.19103139013454,3.3276412556053816,fixture-level distance scale anomaly (~25x)
1167.0,2025-06-14,1323014,65549,half_2,12,middle,3751,hsr,5.37,6.85,187.6484,7.505936,7.387732283464568,7.358760784313726,27.393927007299272,1.095757080291971,fixture-level distance scale anomaly (~25x)
1167.0,2025-06-14,1323015,65549,half_2,17,top,3751,hsr,5.42,5.65,177.106,7.084239999999999,6.972677165354331,6.945333333333333,31.346194690265484,1.2538477876106193,fixture-level distance scale anomaly (~25x)
1167.0,2025-06-14,1323016,65549,half_2,21,middle,3750,hsr,5.49,5.87,157.74,6.3096000000000005,6.210236220472441,6.185882352941177,26.87223168654174,1.0748892674616697,fixture-level distance scale anomaly (~25x)
1167.0,2025-06-14,1323017,65549,half_2,23,top,3751,hsr,5.43,6.08,272.0912,10.883648,10.712251968503939,10.670243137254902,44.75184210526316,1.7900736842105265,fixture-level distance scale anomaly (~25x)
1167.0,2025-06-14,1323018,65549,half_2,26,bottom,3750,hsr,5.42,6.54,835.0888,33.403552,32.87751181102362,32.74858039215686,127.68941896024465,5.1075767584097855,fixture-level distance scale anomaly (~25x)
1167.0,2025-06-14,1323019,65549,half_2,30,bottom,3750,hsr,5.42,5.9,267.6988,10.707952,10.53932283464567,10.497992156862745,45.37267796610169,1.8149071186440677,fixture-level distance scale anomaly (~25x)
1167.0,2025-06-14,1323020,65549,half_2,33,bottom,3750,hsr,5.44,5.69,189.2356,7.569424000000001,7.450220472440946,7.421003921568627,33.25757469244288,1.3303029876977153,fixture-level distance scale anomaly (~25x)
1167.0,2025-06-14,1323021,65549,half_2,39,bottom,3750,hsr,5.45,5.82,220.0284,8.801136,8.662535433070866,8.628564705882352,37.805567010309275,1.512222680412371,fixture-level distance scale anomaly (~25x)
1167.0,2025-06-14,1323022,65549,half_2,42,bottom,3751,hsr,5.51,6.67,289.3364,11.573456,11.391196850393703,11.346525490196079,43.378770614692655,1.735150824587706,fixture-level distance scale anomaly (~25x)
1167.0,2025-06-14,1323023,65549,half_2,46,middle,3750,hsr,5.45,6.1,437.522,17.50088,17.22527559055118,17.15772549019608,71.72491803278689,2.8689967213114755,fixture-level distance scale anomaly (~25x)
1167.0,2025-06-14,1323024,65549,half_2,47,middle,3751,hsr,5.4,5.5,152.6024,6.104095999999999,6.007968503937008,5.984407843137254,27.745890909090907,1.1098356363636361,fixture-level distance scale anomaly (~25x)
1167.0,2025-06-14,1323025,65549,half_2,47,top,3751,hsr,5.47,6.63,525.8596,21.034384,20.70313385826772,20.621945098039216,79.31517345399699,3.172606938159879,fixture-level distance scale anomaly (~25x)
1167.0,2025-06-14,1323510,65550,half_2,1,middle,3750,hsr,5.45,7.15,428.8112,17.152448,16.882330708661417,16.81612549019608,59.9735944055944,2.398943776223776,fixture-level distance scale anomaly (~25x)
1167.0,2025-06-14,1323507,65550,half_2,2,top,3751,sprint,7.03,8.43,447.4068,17.896272,17.61444094488189,17.545364705882353,53.07316725978647,2.122926690391459,fixture-level distance scale anomaly (~25x)
1167.0,2025-06-14,1323508,65550,half_2,3,top,3751,sprint,6.93,8.86,696.4208,27.856832,27.418141732283466,27.310619607843137,78.60279909706547,3.1441119638826187,fixture-level distance scale anomaly (~25x)
1167.0,2025-06-14,1323509,65550,half_2,3,middle,3750,sprint,6.93,8.41,749.6456,29.985823999999997,29.513606299212597,29.397866666666665,89.13740784780023,3.5654963139120093,fixture-level distance scale anomaly (~25x)
1167.0,2025-06-14,1323511,65550,half_2,3,middle,3751,hsr,5.48,6.88,173.57080000000002,6.942832000000001,6.833496062992127,6.806698039215687,25.228313953488374,1.009132558139535,fixture-level distance scale anomaly (~25x)
1167.0,2025-06-14,1323512,65550,half_2,3,bottom,3750,hsr,5.42,6.88,147.8376,5.9135040000000005,5.820377952755906,5.797552941176471,21.488023255813957,0.8595209302325583,fixture-level distance scale anomaly (~25x)
1167.0,2025-06-14,1323513,65550,half_2,5,bottom,3750,hsr,5.41,5.57,264.0772,10.563088,10.396740157480316,10.35596862745098,47.41062836624776,1.8964251346499101,fixture-level distance scale anomaly (~25x)
1167.0,2025-06-14,1323514,65550,half_2,5,bottom,3751,hsr,5.43,6.6,447.7252,17.909008,17.626976377952754,17.557850980392157,67.83715151515152,2.7134860606060607,fixture-level distance scale anomaly (~25x)
1167.0,2025-06-14,1323515,65550,half_2,6,middle,3751,hsr,5.41,5.64,193.6716,7.746864,7.6248661417322845,7.5949647058823535,34.33893617021277,1.3735574468085108,fixture-level distance scale anomaly (~25x)
1167.0,2025-06-14,1323516,65550,half_2,8,top,3751,hsr,5.45,5.85,546.7532,21.870128,21.525716535433073,21.441301960784312,93.46208547008547,3.738483418803419,fixture-level distance scale anomaly (~25x)
1167.0,2025-06-14,1323517,65550,half_2,9,top,3750,hsr,5.46,6.89,637.3584,25.494335999999997,25.092850393700786,24.99444705882353,92.50484760522497,3.7001939042089984,fixture-level distance scale anomaly (~25x)
1167.0,2025-06-14,1323518,65550,half_2,10,top,3750,hsr,5.46,6.05,225.1044,9.004176,8.862377952755907,8.827623529411765,37.207338842975204,1.4882935537190083,fixture-level distance scale anomaly (~25x)
1167.0,2025-06-14,1323520,65550,half_2,12,middle,3751,hsr,5.49,6.4,257.0268,10.281072,10.119165354330708,10.079482352941175,40.16043749999999,1.6064174999999998,fixture-level distance scale anomaly (~25x)
1167.0,2025-06-14,1323519,65550,half_2,13,bottom,3750,sprint,6.93,8.81,524.2568,20.970272,20.640031496062992,20.559090196078433,59.50701475595913,2.3802805902383657,fixture-level distance scale anomaly (~25x)
1167.0,2025-06-14,1323521,65550,half_2,13,middle,3750,hsr,5.45,5.7,166.5792,6.663168,6.558236220472441,6.532517647058823,29.224421052631577,1.168976842105263,fixture-level distance scale anomaly (~25x)
1167.0,2025-06-14,1323522,65550,half_2,16,middle,3750,sprint,6.95,7.48,355.3256,14.213024,13.989196850393702,13.934337254901962,47.503422459893045,1.9001368983957219,fixture-level distance scale anomaly (~25x)
1167.0,2025-06-14,1323524,65550,half_2,16,middle,3750,hsr,5.47,6.91,142.90040000000002,5.716016000000001,5.626000000000001,5.603937254901962,20.680231548480464,0.8272092619392186,fixture-level distance scale anomaly (~25x)
1167.0,2025-06-14,1323525,65550,half_2,16,middle,3750,hsr,5.48,6.91,155.4572,6.218288,6.12036220472441,6.096360784313726,22.49742402315485,0.899896960926194,fixture-level distance scale anomaly (~25x)
1167.0,2025-06-14,1323526,65550,half_2,17,middle,3751,hsr,5.41,6.48,595.4087999999999,23.816352,23.441291338582676,23.34936470588235,91.88407407407405,3.6753629629629625,fixture-level distance scale anomaly (~25x)
1167.0,2025-06-14,1323523,65550,half_2,18,middle,3750,sprint,6.86,8.65,671.5508,26.862032,26.439007874015747,26.335325490196077,77.63593063583815,3.105437225433526,fixture-level distance scale anomaly (~25x)
1167.0,2025-06-14,1323527,65550,half_2,18,middle,3750,hsr,5.43,6.87,201.9524,8.078096,7.950881889763781,7.919701960784314,29.39627365356623,1.1758509461426492,fixture-level distance scale anomaly (~25x)
1167.0,2025-06-14,1323528,65550,half_2,18,bottom,3750,hsr,5.35,6.82,829.5936,33.183744000000004,32.66116535433071,32.53308235294118,121.64129032258064,4.865651612903227,fixture-level distance scale anomaly (~25x)
1167.0,2025-06-14,1323529,65550,half_2,21,middle,3750,sprint,6.95,7.05,146.2832,5.851328,5.759181102362205,5.736596078431372,20.749390070921987,0.8299756028368794,fixture-level distance scale anomaly (~25x)
1167.0,2025-06-14,1323530,65550,half_2,21,middle,3750,hsr,5.48,6.83,369.9492,14.797968000000001,14.56492913385827,14.507811764705883,54.16532942898975,2.16661317715959,fixture-level distance scale anomaly (~25x)
1167.0,2025-06-14,1323531,65550,half_2,21,top,3751,hsr,5.44,6.55,594.672,23.78688,23.412283464566933,23.320470588235295,90.7896183206107,3.6315847328244275,fixture-level distance scale anomaly (~25x)
1167.0,2025-06-14,1323532,65550,half_2,21,top,3750,hsr,5.41,6.93,237.4928,9.499711999999999,9.350110236220473,9.313443137254902,34.27024531024531,1.3708098124098123,fixture-level distance scale anomaly (~25x)
1167.0,2025-06-14,1323533,65550,half_2,21,middle,3750,hsr,5.45,6.94,194.5088,7.780352000000001,7.657826771653544,7.6277960784313725,28.027204610951006,1.1210881844380403,fixture-level distance scale anomaly (~25x)
1167.0,2025-06-14,1323534,65550,half_2,25,top,3750,hsr,5.47,5.68,155.22439999999995,6.208975999999998,6.111196850393699,6.0872313725490175,27.32823943661971,1.0931295774647884,fixture-level distance scale anomaly (~25x)
1167.0,2025-06-14,1323535,65550,half_2,26,middle,3750,hsr,5.4,6.1,458.4504,18.338016,18.049228346456694,17.97844705882353,75.15580327868852,3.006232131147541,fixture-level distance scale anomaly (~25x)
1167.0,2025-06-14,1323536,65550,half_2,30,middle,3751,hsr,5.44,6.21,431.636,17.26544,16.993543307086615,16.926901960784313,69.50660225442834,2.780264090177134,fixture-level distance scale anomaly (~25x)
1167.0,2025-06-14,1323537,65550,half_2,31,bottom,3750,sprint,6.97,7.93,429.1652,17.166608,16.896267716535434,16.830007843137256,54.11919293820934,2.1647677175283735,fixture-level distance scale anomaly (~25x)
1167.0,2025-06-14,1323538,65550,half_2,31,bottom,3750,hsr,5.4,6.91,166.206,6.6482399999999995,6.5435433070866145,6.517882352941176,24.05296671490593,0.9621186685962373,fixture-level distance scale anomaly (~25x)
1167.0,2025-06-14,1323539,65550,half_2,34,bottom,3751,hsr,5.43,5.83,862.3996,34.495984,33.952740157480314,33.81959215686275,147.92445969125214,5.916978387650086,fixture-level distance scale anomaly (~25x)
1167.0,2025-06-14,1323540,65550,half_2,34,top,3751,hsr,5.44,5.94,187.5028,7.500112000000001,7.382000000000001,7.353050980392157,31.566127946127946,1.262645117845118,fixture-level distance scale anomaly (~25x)
1167.0,2025-06-14,1323541,65550,half_2,36,bottom,3750,hsr,5.44,6.38,280.9484,11.237936,11.06096062992126,11.01758431372549,44.03579937304075,1.76143197492163,fixture-level distance scale anomaly (~25x)
1167.0,2025-06-14,1323542,65550,half_2,37,middle,3750,hsr,5.45,6.53,365.3712,14.614848,14.384692913385827,14.328282352941176,55.952710566615615,2.2381084226646246,fixture-level distance scale anomaly (~25x)
1167.0,2025-06-14,1323543,65550,half_2,39,bottom,3750,hsr,5.42,5.69,458.0584,18.322336,18.033795275590553,17.96307450980392,80.50235500878735,3.2200942003514936,fixture-level distance scale anomaly (~25x)
1167.0,2025-06-14,1323546,65550,half_2,41,middle,3751,hsr,5.43,7.09,462.8508,18.514032,18.222472440944884,18.15101176470588,65.28220028208744,2.611288011283498,fixture-level distance scale anomaly (~25x)
1167.0,2025-06-14,1323544,65550,half_2,42,bottom,3750,sprint,7.02,7.44,201.08040000000005,8.043216000000003,7.916551181102365,7.885505882352943,27.026935483870975,1.081077419354839,fixture-level distance scale anomaly (~25x)
1167.0,2025-06-14,1323547,65550,half_2,42,middle,3750,hsr,5.51,5.88,146.6628,5.866512,5.774125984251969,5.751482352941177,24.94265306122449,0.9977061224489796,fixture-level distance scale anomaly (~25x)
1167.0,2025-06-14,1323545,65550,half_2,45,top,3751,sprint,6.99,7.59,381.5068,15.260272,15.019952755905512,14.961050980392157,50.26440052700922,2.010576021080369,fixture-level distance scale anomaly (~25x)
1167.0,2025-06-14,1323548,65550,half_2,45,top,3751,hsr,5.47,6.94,143.1668,5.726672,5.6364881889763785,5.61438431372549,20.62922190201729,0.8251688760806916,fixture-level distance scale anomaly (~25x)
1167.0,2025-06-14,1323549,65550,half_2,45,top,3751,hsr,5.5,6.94,130.866,5.234640000000001,5.15220472440945,5.132000000000001,18.85677233429395,0.754270893371758,fixture-level distance scale anomaly (~25x)
1167.0,2025-06-14,1323550,65550,half_2,45,middle,3750,hsr,5.39,6.35,685.6216000000001,27.424864000000003,26.99297637795276,26.887121568627453,107.97190551181104,4.318876220472442,fixture-level distance scale anomaly (~25x)
1167.0,2025-06-14,1323551,65550,half_2,47,middle,3751,sprint,6.93,7.41,543.0296000000001,21.721184000000004,21.379118110236224,21.29527843137255,73.28334682861,2.9313338731444,fixture-level distance scale anomaly (~25x)
1167.0,2025-06-14,1323552,65550,half_2,47,middle,3751,hsr,5.39,6.92,210.6476,8.425904000000001,8.293212598425198,8.260690196078432,30.44040462427746,1.2176161849710985,fixture-level distance scale anomaly (~25x)
1167.0,2025-06-14,1323553,65550,half_2,47,middle,3751,hsr,5.38,6.9,251.3372,10.053488,9.89516535433071,9.856360784313726,36.425681159420286,1.4570272463768115,fixture-level distance scale anomaly (~25x)
1167.0,2025-06-14,1323026,65551,half_1,1,bottom,3750,hsr,5.5,6.19,779.9892,31.199568,30.708236220472443,30.587811764705883,126.00794830371566,5.040317932148627,fixture-level distance scale anomaly (~25x)
1167.0,2025-06-14,1323027,65551,half_1,5,top,3750,hsr,5.45,6.19,359.726,14.38904,14.16244094488189,14.106901960784313,58.1140549273021,2.324562197092084,fixture-level distance scale anomaly (~25x)
1167.0,2025-06-14,1323028,65551,half_1,7,top,3750,hsr,5.46,6.39,275.3492,11.013968,10.84051968503937,10.798007843137254,43.090641627543036,1.7236256651017217,fixture-level distance scale anomaly (~25x)
1167.0,2025-06-14,1323029,65551,half_1,12,middle,3751,hsr,5.47,6.07,243.1984,9.727936,9.574740157480315,9.537192156862744,40.06563426688632,1.602625370675453,fixture-level distance scale anomaly (~25x)
1167.0,2025-06-14,1323030,65551,half_1,12,top,3750,hsr,5.4,6.69,628.9436,25.157743999999997,24.76155905511811,24.66445490196078,94.01249626307921,3.760499850523168,fixture-level distance scale anomaly (~25x)
1167.0,2025-06-14,1323031,65551,half_1,16,top,3750,hsr,5.46,5.86,197.9688,7.918752,7.794047244094489,7.763482352941176,33.78307167235494,1.351322866894198,fixture-level distance scale anomaly (~25x)
1167.0,2025-06-14,1323032,65551,half_1,16,bottom,3750,hsr,5.42,5.63,271.5104,10.860416,10.689385826771653,10.647466666666666,48.225648312611014,1.9290259325044408,fixture-level distance scale anomaly (~25x)
1167.0,2025-06-14,1323033,65551,half_1,20,middle,3750,hsr,5.53,5.85,140.6588,5.626352000000001,5.537748031496064,5.51603137254902,24.04423931623932,0.9617695726495729,fixture-level distance scale anomaly (~25x)
1167.0,2025-06-14,1323034,65551,half_1,20,middle,3750,hsr,5.48,5.86,203.8992,8.155968,8.02752755905512,7.99604705882353,34.79508532423208,1.3918034129692831,fixture-level distance scale anomaly (~25x)
1167.0,2025-06-14,1323035,65551,half_1,20,top,3750,hsr,5.48,5.86,163.3716,6.534864,6.431952755905512,6.406729411764706,27.87911262798635,1.1151645051194539,fixture-level distance scale anomaly (~25x)
1167.0,2025-06-14,1323036,65551,half_1,22,top,3751,hsr,5.43,6.08,466.5884,18.663536,18.369622047244096,18.29758431372549,76.74151315789473,3.0696605263157895,fixture-level distance scale anomaly (~25x)
1167.0,2025-06-14,1323037,65551,half_1,24,middle,3750,hsr,5.47,5.99,200.5672,8.022688,7.896346456692914,7.8653803921568635,33.48367278797997,1.3393469115191987,fixture-level distance scale anomaly (~25x)
1167.0,2025-06-14,1323038,65551,half_1,24,bottom,3750,hsr,5.38,6.31,460.8576,18.434304,18.144000000000002,18.07284705882353,73.03606973058638,2.9214427892234553,fixture-level distance scale anomaly (~25x)
1167.0,2025-06-14,1323039,65551,half_1,30,middle,3750,sprint,6.91,7.28,506.8944,20.275776,19.956472440944882,19.878211764705885,69.62835164835165,2.785134065934066,fixture-level distance scale anomaly (~25x)
1167.0,2025-06-14,1323040,65551,half_1,30,middle,3750,hsr,5.45,6.89,339.07000000000005,13.562800000000003,13.349212598425199,13.296862745098041,49.21190130624094,1.9684760522496376,fixture-level distance scale anomaly (~25x)
1167.0,2025-06-14,1323041,65551,half_1,30,middle,3750,hsr,5.41,6.9,478.8584,19.154336,18.852692913385827,18.778760784313725,69.39976811594202,2.775990724637681,fixture-level distance scale anomaly (~25x)
1167.0,2025-06-14,1323042,65551,half_1,34,middle,3750,hsr,5.43,5.98,328.0364,13.121456,12.914818897637797,12.864172549019608,54.855585284280934,2.1942234113712376,fixture-level distance scale anomaly (~25x)
1167.0,2025-06-14,1323043,65551,half_1,34,bottom,3750,hsr,5.45,5.74,178.6708,7.146832000000001,7.03428346456693,7.006698039215687,31.127317073170733,1.2450926829268294,fixture-level distance scale anomaly (~25x)
1167.0,2025-06-14,1323044,65551,half_1,35,middle,3750,hsr,5.44,6.75,476.2564,19.050256,18.75025196850394,18.67672156862745,70.5565037037037,2.8222601481481484,fixture-level distance scale anomaly (~25x)
1167.0,2025-06-14,1323045,65551,half_1,40,middle,3750,hsr,5.44,5.64,154.714,6.18856,6.091102362204725,6.06721568627451,27.431560283687944,1.0972624113475178,fixture-level distance scale anomaly (~25x)
1167.0,2025-06-14,1323046,65551,half_1,43,middle,3750,hsr,5.39,7.0,699.4664,27.978656,27.53804724409449,27.430054901960784,99.92377142857143,3.996950857142857,fixture-level distance scale anomaly (~25x)
1167.0,2025-06-14,1323047,65551,half_1,44,middle,3750,hsr,5.42,5.73,318.36920000000003,12.734768,12.534220472440946,12.485066666666668,55.56181500872601,2.22247260034904,fixture-level distance scale anomaly (~25x)
1167.0,2025-06-14,1323048,65551,half_1,45,top,3750,hsr,5.48,5.98,211.9856,8.479424,8.345889763779528,8.313160784313725,35.449096989966556,1.417963879598662,fixture-level distance scale anomaly (~25x)
1167.0,2025-06-14,1323049,65551,half_1,46,bottom,3750,sprint,6.94,7.36,337.3832,13.495327999999999,13.2828031496063,13.230713725490196,45.84010869565217,1.8336043478260868,fixture-level distance scale anomaly (~25x)
1167.0,2025-06-14,1323050,65551,half_1,46,middle,3750,hsr,5.47,6.9,168.27720000000002,6.731088000000001,6.625086614173229,6.599105882352942,24.388,0.97552,fixture-level distance scale anomaly (~25x)
1167.0,2025-06-14,1323051,65551,half_1,46,bottom,3750,hsr,5.46,6.93,155.6764,6.227056,6.128992125984253,6.104956862745098,22.464126984126985,0.8985650793650795,fixture-level distance scale anomaly (~25x)
1167.0,2025-06-14,1323052,65551,half_1,46,top,3750,hsr,5.44,5.75,161.7636,6.470544,6.368645669291339,6.343670588235294,28.1328,1.125312,fixture-level distance scale anomaly (~25x)
1167.0,2025-06-14,1323053,65551,half_2,3,middle,3750,hsr,5.45,5.77,196.058,7.84232,7.718818897637796,7.6885490196078425,33.978856152512996,1.35915424610052,fixture-level distance scale anomaly (~25x)
1167.0,2025-06-14,1323054,65551,half_2,3,middle,3750,hsr,5.41,5.92,412.3116,16.492464,16.232740157480315,16.169082352941178,69.64722972972973,2.785889189189189,fixture-level distance scale anomaly (~25x)
1167.0,2025-06-14,1323055,65551,half_2,5,bottom,3750,hsr,5.42,6.79,613.5088,24.540352,24.153889763779528,24.05916862745098,90.35475699558172,3.6141902798232692,fixture-level distance scale anomaly (~25x)
1167.0,2025-06-14,1323056,65551,half_2,7,middle,3751,hsr,5.41,5.63,310.30960000000005,12.412384000000001,12.216913385826775,12.16900392156863,55.11715808170516,2.204686323268206,fixture-level distance scale anomaly (~25x)
1167.0,2025-06-14,1323057,65551,half_2,8,middle,3751,hsr,5.41,6.29,571.3807999999999,22.855231999999997,22.495307086614172,22.40709019607843,90.8395548489666,3.633582193958664,fixture-level distance scale anomaly (~25x)
1167.0,2025-06-14,1323058,65551,half_2,8,top,3751,hsr,5.41,6.85,648.834,25.953359999999996,25.544645669291338,25.44447058823529,94.72029197080292,3.7888116788321167,fixture-level distance scale anomaly (~25x)
1167.0,2025-06-14,1323059,65551,half_2,9,middle,3750,hsr,5.42,5.49,119.752,4.79008,4.714645669291339,4.696156862745098,21.812750455373404,0.8725100182149361,fixture-level distance scale anomaly (~25x)
1167.0,2025-06-14,1323060,65551,half_2,18,bottom,3750,sprint,6.9,7.43,648.576,25.94304,25.53448818897638,25.43435294117647,87.29152086137282,3.4916608344549127,fixture-level distance scale anomaly (~25x)
1167.0,2025-06-14,1323061,65551,half_2,18,middle,3750,hsr,5.45,6.89,519.5292,20.781167999999997,20.453905511811023,20.373694117647055,75.4033671988389,3.0161346879535555,fixture-level distance scale anomaly (~25x)
1167.0,2025-06-14,1323062,65551,half_2,18,bottom,3750,hsr,5.45,6.89,323.4848,12.939392,12.735622047244096,12.68567843137255,46.94989840348331,1.8779959361393324,fixture-level distance scale anomaly (~25x)
1167.0,2025-06-14,1323063,65551,half_2,22,middle,3751,hsr,5.46,5.63,115.5848,4.623392,4.550582677165354,4.532737254901961,20.530159857904085,0.8212063943161634,fixture-level distance scale anomaly (~25x)
1167.0,2025-06-14,1323065,65551,half_2,27,middle,3751,hsr,5.41,5.45,222.6896,8.907584,8.767307086614174,8.732925490196079,40.860477064220184,1.6344190825688072,fixture-level distance scale anomaly (~25x)
1167.0,2025-06-14,1323066,65551,half_2,29,middle,3751,hsr,5.46,6.08,267.11400000000003,10.684560000000001,10.516299212598428,10.475058823529412,43.93322368421053,1.7573289473684213,fixture-level distance scale anomaly (~25x)
1167.0,2025-06-14,1323064,65551,half_2,30,bottom,3750,sprint,6.94,7.46,288.9552,11.558208,11.376188976377954,11.331576470588235,38.73394101876676,1.5493576407506704,fixture-level distance scale anomaly (~25x)
1167.0,2025-06-14,1323067,65551,half_2,30,bottom,3750,hsr,5.4,6.89,238.0012,9.520048000000001,9.370125984251969,9.333380392156863,34.54298984034833,1.3817195936139335,fixture-level distance scale anomaly (~25x)
1167.0,2025-06-14,1323068,65551,half_2,32,middle,3750,hsr,5.42,5.65,199.35440000000003,7.974176000000001,7.848598425196852,7.817819607843139,35.28396460176992,1.4113585840707965,fixture-level distance scale anomaly (~25x)
1167.0,2025-06-14,1323069,65551,half_2,33,bottom,3750,hsr,5.48,6.46,376.2536,15.050144,14.813133858267717,14.755043137254901,58.24359133126935,2.329743653250774,fixture-level distance scale anomaly (~25x)
1167.0,2025-06-14,1323071,65551,half_2,36,bottom,3750,hsr,5.43,5.7,228.5936,9.143744,8.999748031496065,8.964454901960785,40.104140350877195,1.6041656140350877,fixture-level distance scale anomaly (~25x)
1167.0,2025-06-14,1323070,65551,half_2,37,top,3751,sprint,6.93,7.32,408.1804,16.327216,16.07009448818898,16.00707450980392,55.76234972677596,2.230493989071038,fixture-level distance scale anomaly (~25x)
1167.0,2025-06-14,1323072,65551,half_2,37,middle,3751,hsr,5.42,6.9,229.942,9.19768,9.052834645669293,9.017333333333333,33.32492753623188,1.3329971014492754,fixture-level distance scale anomaly (~25x)
1167.0,2025-06-14,1323073,65551,half_2,37,top,3751,hsr,5.46,6.92,199.91,7.9963999999999995,7.870472440944882,7.839607843137255,28.88872832369942,1.1555491329479768,fixture-level distance scale anomaly (~25x)
1167.0,2025-06-14,1323074,65552,half_1,3,middle,3751,hsr,5.51,5.95,182.4656,7.298624,7.183685039370079,7.155513725490196,30.666487394957983,1.2266594957983192,fixture-level distance scale anomaly (~25x)
1167.0,2025-06-14,1323075,65552,half_1,3,middle,3751,hsr,5.48,6.09,213.932,8.557279999999999,8.42251968503937,8.38949019607843,35.12840722495895,1.4051362889983579,fixture-level distance scale anomaly (~25x)
1167.0,2025-06-14,1323076,65552,half_1,4,middle,3750,hsr,5.44,6.07,278.422,11.136880000000001,10.961496062992127,10.91850980392157,45.86853377265239,1.8347413509060957,fixture-level distance scale anomaly (~25x)
1167.0,2025-06-14,1323077,65552,half_1,5,middle,3751,hsr,5.5,6.36,250.338,10.01352,9.855826771653543,9.817176470588235,39.36132075471698,1.574452830188679,fixture-level distance scale anomaly (~25x)
1167.0,2025-06-14,1323078,65552,half_1,7,bottom,3751,hsr,5.48,6.59,498.6136,19.944544,19.630456692913388,19.553474509803923,75.66215477996965,3.0264861911987864,fixture-level distance scale anomaly (~25x)
1167.0,2025-06-14,1323079,65552,half_1,12,middle,3751,hsr,5.45,5.82,260.0664,10.402656,10.238834645669291,10.198682352941177,44.68494845360824,1.78739793814433,fixture-level distance scale anomaly (~25x)
1167.0,2025-06-14,1323080,65552,half_1,13,middle,3751,hsr,5.44,5.61,126.4336,5.057344,4.977700787401575,4.958180392156863,22.53718360071301,0.9014873440285204,fixture-level distance scale anomaly (~25x)
1167.0,2025-06-14,1323081,65552,half_1,14,middle,3750,hsr,5.48,6.15,227.1872,9.087488,8.944377952755906,8.909301960784314,36.9410081300813,1.477640325203252,fixture-level distance scale anomaly (~25x)
1167.0,2025-06-14,1323082,65552,half_1,15,middle,3750,hsr,5.51,5.89,140.9432,5.637727999999999,5.5489448818897635,5.52718431372549,23.929235993208827,0.957169439728353,fixture-level distance scale anomaly (~25x)
1167.0,2025-06-14,1323083,65552,half_1,19,top,3751,sprint,7.02,8.43,447.092,17.88368,17.60204724409449,17.533019607843137,53.03582443653618,2.121432977461447,fixture-level distance scale anomaly (~25x)
1167.0,2025-06-14,1323084,65552,half_1,21,top,3751,sprint,6.99,7.51,327.6348,13.105392,12.899007874015748,12.848423529411765,43.62647137150466,1.7450588548601864,fixture-level distance scale anomaly (~25x)
1167.0,2025-06-14,1323085,65552,half_1,21,middle,3751,hsr,5.45,6.94,130.4108,5.216432,5.134283464566929,5.114149019607843,18.791181556195962,0.7516472622478386,fixture-level distance scale anomaly (~25x)
1167.0,2025-06-14,1323086,65552,half_1,21,top,3750,hsr,5.4,6.96,136.3476,5.453904,5.368015748031496,5.346964705882353,19.590172413793102,0.7836068965517241,fixture-level distance scale anomaly (~25x)
1167.0,2025-06-14,1323087,65552,half_1,21,top,3750,hsr,5.42,6.83,337.186,13.48744,13.27503937007874,13.222980392156861,49.36837481698389,1.9747349926793556,fixture-level distance scale anomaly (~25x)
1167.0,2025-06-14,1323088,65552,half_1,22,top,3751,hsr,5.41,5.63,210.1836,8.407344,8.274944881889764,8.242494117647059,37.332788632326825,1.493311545293073,fixture-level distance scale anomaly (~25x)
1167.0,2025-06-14,1323089,65552,half_1,27,top,3751,hsr,5.5,7.08,399.5152,15.980608,15.728944881889765,15.66726274509804,56.42870056497175,2.2571480225988703,fixture-level distance scale anomaly (~25x)
1167.0,2025-06-14,1323090,65552,half_1,34,top,3751,hsr,5.5,5.93,187.9176,7.516704,7.398330708661417,7.369317647058823,31.68930860033727,1.2675723440134907,fixture-level distance scale anomaly (~25x)
1167.0,2025-06-14,1323091,65552,half_1,40,middle,3751,hsr,5.46,6.17,263.2648,10.530591999999999,10.36475590551181,10.324109803921568,42.668525121555916,1.7067410048622365,fixture-level distance scale anomaly (~25x)
1167.0,2025-06-14,1323092,65552,half_1,42,top,3751,hsr,5.43,6.91,307.55920000000003,12.302368000000001,12.108629921259844,12.061145098039217,44.509290882778586,1.7803716353111434,fixture-level distance scale anomaly (~25x)
1167.0,2025-06-14,1323093,65552,half_1,44,top,3751,hsr,5.46,6.38,415.4248,16.616992,16.355307086614175,16.29116862745098,65.11360501567398,2.6045442006269592,fixture-level distance scale anomaly (~25x)
1167.0,2025-06-14,1323094,65552,half_1,46,bottom,3750,sprint,6.96,7.48,311.5012,12.460047999999999,12.263826771653543,12.215733333333333,41.64454545454545,1.6657818181818178,fixture-level distance scale anomaly (~25x)
1167.0,2025-06-14,1323096,65552,half_1,46,bottom,3750,hsr,5.42,6.92,167.1676,6.686704,6.58140157480315,6.555592156862745,24.157167630057803,0.9662867052023121,fixture-level distance scale anomaly (~25x)
1167.0,2025-06-14,1323097,65552,half_1,46,bottom,3750,hsr,5.48,6.94,130.6816,5.227264,5.1449448818897645,5.1247686274509805,18.830201729106626,0.7532080691642651,fixture-level distance scale anomaly (~25x)
1167.0,2025-06-14,1323098,65552,half_1,46,top,3750,hsr,5.45,5.74,184.4428,7.377712,7.261527559055119,7.233050980392157,32.13289198606272,1.2853156794425087,fixture-level distance scale anomaly (~25x)
1167.0,2025-06-14,1323095,65552,half_1,47,top,3751,sprint,6.95,7.33,351.0888,14.043552,13.822393700787401,13.768188235294117,47.897517053206,1.91590068212824,fixture-level distance scale anomaly (~25x)
1167.0,2025-06-14,1323099,65552,half_1,47,middle,3751,hsr,5.39,5.88,266.3372,10.653488,10.485716535433072,10.444596078431372,45.29544217687075,1.81181768707483,fixture-level distance scale anomaly (~25x)
1167.0,2025-06-14,1323100,65552,half_1,47,top,3751,hsr,5.46,6.92,193.274,7.73096,7.609212598425198,7.579372549019608,27.92976878612717,1.1171907514450867,fixture-level distance scale anomaly (~25x)
1167.0,2025-06-14,1323101,65552,half_1,47,top,3751,hsr,5.44,6.91,192.9236,7.716944,7.5954173228346455,7.565631372549019,27.919479015918956,1.1167791606367583,fixture-level distance scale anomaly (~25x)
1167.0,2025-06-14,1323102,65552,half_2,1,top,3750,hsr,5.52,6.05,190.214,7.60856,7.488740157480315,7.459372549019608,31.4403305785124,1.257613223140496,fixture-level distance scale anomaly (~25x)
1167.0,2025-06-14,1323103,65552,half_2,3,middle,3750,hsr,5.45,6.27,283.7036,11.348144,11.169433070866143,11.12563137254902,45.247783094098885,1.8099113237639555,fixture-level distance scale anomaly (~25x)
1167.0,2025-06-14,1323104,65552,half_2,3,top,3751,hsr,5.5,5.88,163.9436,6.5577440000000005,6.454472440944882,6.4291607843137255,27.88156462585034,1.1152625850340137,fixture-level distance scale anomaly (~25x)
1167.0,2025-06-14,1323105,65552,half_2,4,bottom,3751,hsr,5.47,5.67,132.67399999999998,5.306959999999999,5.223385826771653,5.202901960784313,23.399294532627863,0.9359717813051145,fixture-level distance scale anomaly (~25x)
1167.0,2025-06-14,1323106,65552,half_2,4,top,3751,hsr,5.47,6.17,245.5132,9.820528000000001,9.665874015748033,9.627968627450981,39.79144246353323,1.5916576985413293,fixture-level distance scale anomaly (~25x)
1167.0,2025-06-14,1323108,65552,half_2,6,top,3751,hsr,5.47,6.09,249.5468,9.981872,9.82467716535433,9.786149019607842,40.97648604269294,1.6390594417077176,fixture-level distance scale anomaly (~25x)
1167.0,2025-06-14,1323109,65552,half_2,8,top,3751,hsr,5.4,5.69,171.8212,6.872848,6.764614173228347,6.738086274509804,30.197047451669594,1.2078818980667838,fixture-level distance scale anomaly (~25x)
1167.0,2025-06-14,1323107,65552,half_2,9,middle,3750,sprint,6.96,8.0,454.5084,18.180336,17.894031496062993,17.823858823529413,56.81355,2.272542,fixture-level distance scale anomaly (~25x)
1167.0,2025-06-14,1323110,65552,half_2,9,middle,3750,hsr,5.45,6.9,148.268,5.93072,5.837322834645669,5.81443137254902,21.488115942028983,0.8595246376811594,fixture-level distance scale anomaly (~25x)
1167.0,2025-06-14,1323111,65552,half_2,9,middle,3750,hsr,5.46,6.0,241.628,9.66512,9.512913385826772,9.475607843137254,40.27133333333333,1.6108533333333332,fixture-level distance scale anomaly (~25x)
1167.0,2025-06-14,1323112,65552,half_2,10,top,3750,hsr,5.46,7.03,416.3836,16.655344,16.393055118110237,16.32876862745098,59.22953058321479,2.3691812233285914,fixture-level distance scale anomaly (~25x)
1167.0,2025-06-14,1323113,65552,half_2,12,top,3751,hsr,5.43,5.88,387.7624,15.510496,15.266236220472443,15.206368627450981,65.94598639455782,2.637839455782313,fixture-level distance scale anomaly (~25x)
1167.0,2025-06-14,1323114,65552,half_2,13,middle,3750,hsr,5.46,6.08,213.9364,8.557456,8.422692913385827,8.38966274509804,35.18690789473684,1.4074763157894736,fixture-level distance scale anomaly (~25x)
1167.0,2025-06-14,1323115,65552,half_2,14,bottom,3750,hsr,5.43,6.72,428.166,17.12664,16.85692913385827,16.790823529411764,63.715178571428574,2.5486071428571426,fixture-level distance scale anomaly (~25x)
1167.0,2025-06-14,1323116,65552,half_2,17,middle,3751,hsr,5.43,6.34,473.28439999999995,18.931375999999997,18.633244094488187,18.560172549019605,74.65053627760251,2.9860214511041003,fixture-level distance scale anomaly (~25x)
1167.0,2025-06-14,1323117,65552,half_2,21,top,3751,sprint,6.93,7.89,733.2692,29.330768,28.868866141732283,28.75565490196078,92.93652724968314,3.7174610899873257,fixture-level distance scale anomaly (~25x)
1167.0,2025-06-14,1323119,65552,half_2,21,middle,3751,hsr,5.42,6.9,210.2496,8.409984,8.277543307086614,8.245082352941177,30.470956521739126,1.2188382608695651,fixture-level distance scale anomaly (~25x)
1167.0,2025-06-14,1323118,65552,half_2,25,top,3750,sprint,6.97,7.15,175.4948,7.019792,6.909244094488189,6.882149019607843,24.544727272727272,0.9817890909090908,fixture-level distance scale anomaly (~25x)
1167.0,2025-06-14,1323120,65552,half_2,25,top,3750,hsr,5.46,6.94,187.1884,7.487536,7.3696220472440945,7.340721568627451,26.972391930835734,1.0788956772334295,fixture-level distance scale anomaly (~25x)
1167.0,2025-06-14,1323121,65552,half_2,25,top,3750,hsr,5.44,6.93,168.27960000000002,6.731184000000001,6.625181102362205,6.599200000000001,24.282770562770565,0.9713108225108227,fixture-level distance scale anomaly (~25x)
1167.0,2025-06-14,1323122,65552,half_2,26,middle,3750,sprint,6.97,7.8,538.7844,21.551376,21.211984251968506,21.128800000000002,69.07492307692308,2.762996923076923,fixture-level distance scale anomaly (~25x)
1167.0,2025-06-14,1323124,65552,half_2,26,middle,3750,hsr,5.43,6.93,155.1704,6.206816,6.109070866141733,6.085113725490196,22.391111111111112,0.8956444444444445,fixture-level distance scale anomaly (~25x)
1167.0,2025-06-14,1323125,65552,half_2,26,bottom,3750,hsr,5.43,6.92,154.8076,6.192304,6.094787401574804,6.070886274509804,22.371040462427747,0.8948416184971099,fixture-level distance scale anomaly (~25x)
1167.0,2025-06-14,1323123,65552,half_2,27,top,3751,sprint,6.92,7.39,272.4084,10.896335999999998,10.724740157480314,10.682682352941175,36.86175913396482,1.4744703653585924,fixture-level distance scale anomaly (~25x)
1167.0,2025-06-14,1323126,65552,half_2,27,middle,3751,hsr,5.45,6.88,671.2396,26.849584,26.42675590551181,26.32312156862745,97.5638953488372,3.9025558139534886,fixture-level distance scale anomaly (~25x)
1167.0,2025-06-14,1323127,65552,half_2,28,bottom,3751,hsr,5.44,6.63,331.0704,13.242816,13.034267716535433,12.98315294117647,49.9352036199095,1.99740814479638,fixture-level distance scale anomaly (~25x)
1167.0,2025-06-14,1323128,65552,half_2,30,bottom,3750,hsr,5.4,6.98,508.9668,20.358672,20.038062992125983,19.959482352941176,72.91787965616045,2.916715186246418,fixture-level distance scale anomaly (~25x)
1167.0,2025-06-14,1323129,65552,half_2,32,middle,3750,hsr,5.47,6.67,339.4352,13.577408,13.363590551181103,13.31118431372549,50.889835082458774,2.0355934032983507,fixture-level distance scale anomaly (~25x)
1167.0,2025-06-14,1323130,65552,half_2,33,middle,3751,hsr,5.46,5.73,161.796,6.471839999999999,6.36992125984252,6.344941176470588,28.236649214659682,1.1294659685863873,fixture-level distance scale anomaly (~25x)
1167.0,2025-06-14,1323131,65552,half_2,34,bottom,3751,hsr,5.42,5.9,342.40119999999996,13.696047999999998,13.48036220472441,13.427498039215685,58.03410169491524,2.3213640677966096,fixture-level distance scale anomaly (~25x)
1167.0,2025-06-14,1323132,65552,half_2,37,top,3751,hsr,5.43,5.8,327.9432,13.117728,12.911149606299213,12.860517647058822,56.54193103448276,2.2616772413793105,fixture-level distance scale anomaly (~25x)
1167.0,2025-06-14,1323133,65552,half_2,40,bottom,3751,hsr,5.49,6.07,213.8416,8.553664,8.41896062992126,8.385945098039215,35.2292586490939,1.4091703459637561,fixture-level distance scale anomaly (~25x)
1167.0,2025-06-14,1323134,65552,half_2,40,middle,3750,hsr,5.53,5.8,128.5984,5.143936,5.062929133858268,5.043074509803922,22.172137931034484,0.8868855172413793,fixture-level distance scale anomaly (~25x)
1167.0,2025-06-14,1323136,65552,half_2,46,middle,3750,hsr,5.51,6.05,208.0696,8.322784,8.191716535433072,8.159592156862745,34.391669421487606,1.3756667768595043,fixture-level distance scale anomaly (~25x)
1167.0,2025-06-14,1323135,65552,half_2,47,middle,3751,sprint,6.94,7.88,419.5744,16.782976,16.518677165354333,16.453898039215687,53.24548223350254,2.1298192893401016,fixture-level distance scale anomaly (~25x)
1167.0,2025-06-14,1323137,65552,half_2,47,top,3750,hsr,5.47,7.0,434.2644,17.370576,17.097023622047246,17.029976470588235,62.03777142857143,2.4815108571428572,fixture-level distance scale anomaly (~25x)
1167.0,2025-06-14,1323138,65552,half_2,47,top,3751,hsr,5.45,6.89,307.604,12.30416,12.110393700787402,12.062901960784313,44.64499274310595,1.785799709724238,fixture-level distance scale anomaly (~25x)
1167.0,2025-06-14,1323139,65553,half_1,1,bottom,3750,hsr,5.41,5.82,585.19,23.407600000000002,23.03897637795276,22.948627450980393,100.54810996563575,4.02192439862543,fixture-level distance scale anomaly (~25x)
1167.0,2025-06-14,1323140,65553,half_1,3,top,3751,hsr,5.42,6.28,445.1352,17.805408,17.52500787401575,17.456282352941177,70.88140127388534,2.835256050955414,fixture-level distance scale anomaly (~25x)
1167.0,2025-06-14,1323141,65553,half_1,3,top,3750,hsr,5.46,6.6,432.6988,17.307952,17.035385826771655,16.968580392156863,65.56042424242425,2.6224169696969697,fixture-level distance scale anomaly (~25x)
1167.0,2025-06-14,1323142,65553,half_1,12,bottom,3751,hsr,5.52,6.15,191.9388,7.6775519999999995,7.556645669291338,7.527011764705882,31.20956097560975,1.24838243902439,fixture-level distance scale anomaly (~25x)
1167.0,2025-06-14,1323143,65553,half_1,14,middle,3750,hsr,5.52,6.46,246.8724,9.874896,9.719385826771655,9.681270588235295,38.21554179566564,1.5286216718266254,fixture-level distance scale anomaly (~25x)
1167.0,2025-06-14,1323144,65553,half_1,15,top,3750,hsr,5.45,5.66,127.0404,5.081616,5.001590551181103,4.9819764705882355,22.44530035335689,0.8978120141342757,fixture-level distance scale anomaly (~25x)
1167.0,2025-06-14,1323146,65553,half_1,21,top,3751,hsr,5.42,5.79,550.6332,22.025328,21.678472440944883,21.59345882352941,95.10072538860103,3.804029015544041,fixture-level distance scale anomaly (~25x)
1167.0,2025-06-14,1323145,65553,half_1,22,top,3751,sprint,6.9,7.56,436.7504,17.470016,17.194897637795275,17.127466666666667,57.771216931216934,2.3108486772486776,fixture-level distance scale anomaly (~25x)
1167.0,2025-06-14,1323147,65553,half_1,22,top,3751,hsr,5.41,6.88,489.8296,19.593184,19.284629921259846,19.209003921568627,71.19616279069768,2.8478465116279073,fixture-level distance scale anomaly (~25x)
1167.0,2025-06-14,1323148,65553,half_1,27,top,3751,sprint,6.99,7.72,558.7156,22.348624,21.99667716535433,21.910415686274508,72.37248704663213,2.894899481865285,fixture-level distance scale anomaly (~25x)
1167.0,2025-06-14,1323150,65553,half_1,29,top,3751,hsr,5.44,6.65,375.55,15.022,14.785433070866143,14.727450980392158,56.473684210526315,2.2589473684210524,fixture-level distance scale anomaly (~25x)
1167.0,2025-06-14,1323149,65553,half_1,30,middle,3750,sprint,6.93,7.93,482.3584,19.294336,18.99048818897638,18.91601568627451,60.82703656998739,2.4330814627994957,fixture-level distance scale anomaly (~25x)
1167.0,2025-06-14,1323151,65553,half_1,30,middle,3750,hsr,5.47,6.88,411.9108,16.476432,16.21696062992126,16.153364705882353,59.87075581395349,2.3948302325581396,fixture-level distance scale anomaly (~25x)
1167.0,2025-06-14,1323153,65553,half_1,36,middle,3751,hsr,5.53,5.94,147.5108,5.9004319999999995,5.807511811023622,5.784737254901961,24.83346801346801,0.9933387205387204,fixture-level distance scale anomaly (~25x)
1167.0,2025-06-14,1323154,65553,half_1,36,top,3751,hsr,5.5,6.07,178.4304,7.137216,7.024818897637795,6.997270588235294,29.395453047775945,1.1758181219110377,fixture-level distance scale anomaly (~25x)
1167.0,2025-06-14,1323155,65553,half_1,39,top,3751,hsr,5.46,6.43,312.8948,12.515792,12.318692913385826,12.27038431372549,48.66171073094868,1.946468429237947,fixture-level distance scale anomaly (~25x)
1167.0,2025-06-14,1323152,65553,half_1,40,top,3750,sprint,7.0,7.44,215.5548,8.622192,8.486409448818899,8.453129411764706,28.97241935483871,1.1588967741935483,fixture-level distance scale anomaly (~25x)
1167.0,2025-06-14,1323156,65553,half_1,40,top,3751,hsr,5.47,5.97,241.2428,9.649712,9.497748031496062,9.460501960784313,40.409179229480735,1.6163671691792294,fixture-level distance scale anomaly (~25x)
1167.0,2025-06-14,1323157,65553,half_1,44,top,3750,hsr,5.46,6.48,277.48720000000003,11.099488000000001,10.924692913385828,10.881850980392159,42.8220987654321,1.712883950617284,fixture-level distance scale anomaly (~25x)
1167.0,2025-06-14,1323158,65553,half_1,45,middle,3751,hsr,5.46,5.64,149.1884,5.967536,5.87355905511811,5.850525490196079,26.451843971631206,1.0580737588652482,fixture-level distance scale anomaly (~25x)
1167.0,2025-06-14,1323159,65553,half_1,46,middle,3751,sprint,7.0,7.46,223.1508,8.926032,8.785464566929134,8.751011764705883,29.912975871313673,1.1965190348525467,fixture-level distance scale anomaly (~25x)
1167.0,2025-06-14,1323160,65553,half_2,9,middle,3750,hsr,5.43,5.82,219.7864,8.791456,8.653007874015747,8.619074509803921,37.76398625429553,1.5105594501718214,fixture-level distance scale anomaly (~25x)
1167.0,2025-06-14,1323161,65553,half_2,13,middle,3750,hsr,5.44,6.79,399.8644,15.994576,15.742692913385827,15.680956862745097,58.89019145802651,2.3556076583210603,fixture-level distance scale anomaly (~25x)
1167.0,2025-06-14,1323162,65553,half_2,15,top,3751,hsr,5.47,5.95,193.8536,7.754144,7.632031496062993,7.602101960784314,32.58043697478991,1.3032174789915967,fixture-level distance scale anomaly (~25x)
1167.0,2025-06-14,1323163,65553,half_2,18,bottom,3750,sprint,6.91,9.04,1555.5584,62.222336,61.242456692913386,61.00229019607843,172.07504424778762,6.8830017699115045,fixture-level distance scale anomaly (~25x)
1167.0,2025-06-14,1323164,65553,half_2,18,middle,3750,hsr,5.45,6.87,294.3684,11.774736,11.589307086614173,11.543858823529412,42.84838427947599,1.7139353711790395,fixture-level distance scale anomaly (~25x)
1167.0,2025-06-14,1323165,65553,half_2,18,bottom,3750,hsr,5.54,6.89,145.4372,5.817488,5.7258740157480315,5.703419607843137,21.10844702467344,0.8443378809869376,fixture-level distance scale anomaly (~25x)
1167.0,2025-06-14,1323167,65553,half_2,21,middle,3751,hsr,5.42,5.88,479.4636,19.178544,18.87651968503937,18.802494117647058,81.54142857142857,3.2616571428571426,fixture-level distance scale anomaly (~25x)
1167.0,2025-06-14,1323166,65553,half_2,23,middle,3750,sprint,7.0,7.44,215.6368,8.625472,8.489637795275591,8.456345098039215,28.98344086021505,1.1593376344086022,fixture-level distance scale anomaly (~25x)
1167.0,2025-06-14,1323168,65553,half_2,23,top,3750,hsr,5.43,6.97,130.3508,5.214032,5.131921259842519,5.1117960784313725,18.701692969870876,0.748067718794835,fixture-level distance scale anomaly (~25x)
1167.0,2025-06-14,1323169,65553,half_2,23,top,3751,hsr,5.41,7.04,738.64,29.5456,29.080314960629924,28.96627450980392,104.92045454545455,4.196818181818182,fixture-level distance scale anomaly (~25x)
1167.0,2025-06-14,1323557,65554,half_2,2,top,3751,hsr,5.45,6.65,332.31359999999995,13.292543999999998,13.083212598425195,13.03190588235294,49.97196992481202,1.9988787969924808,fixture-level distance scale anomaly (~25x)
1167.0,2025-06-14,1323554,65554,half_2,3,top,3751,sprint,6.89,8.09,533.2744,21.330976,20.995055118110237,20.91272156862745,65.91772558714463,2.636709023485785,fixture-level distance scale anomaly (~25x)
1167.0,2025-06-14,1323555,65554,half_2,3,top,3750,sprint,7.04,7.63,218.4156,8.736624,8.59903937007874,8.565317647058825,28.62589777195282,1.1450359108781127,fixture-level distance scale anomaly (~25x)
1167.0,2025-06-14,1323556,65554,half_2,3,middle,3750,sprint,6.92,7.04,237.1948,9.487791999999999,9.338377952755906,9.301756862745098,33.69244318181818,1.347697727272727,fixture-level distance scale anomaly (~25x)
1167.0,2025-06-14,1323558,65554,half_2,3,middle,3750,hsr,5.52,6.85,529.2116,21.168464,20.835102362204726,20.753396078431372,77.25716788321168,3.0902867153284674,fixture-level distance scale anomaly (~25x)
1167.0,2025-06-14,1323559,65554,half_2,3,middle,3750,hsr,5.43,6.92,288.5068,11.540272,11.358535433070866,11.313992156862746,41.69173410404624,1.6676693641618496,fixture-level distance scale anomaly (~25x)
1167.0,2025-06-14,1323560,65554,half_2,3,bottom,3750,hsr,5.41,6.9,344.7856,13.791424,13.574236220472441,13.521003921568626,49.96892753623188,1.998757101449275,fixture-level distance scale anomaly (~25x)
1167.0,2025-06-14,1323561,65554,half_2,3,bottom,3751,hsr,5.39,6.86,421.4176,16.856704,16.59124409448819,16.526180392156864,61.431137026239064,2.4572454810495628,fixture-level distance scale anomaly (~25x)
1167.0,2025-06-14,1323562,65554,half_2,5,bottom,3750,hsr,5.43,6.48,483.5524,19.342095999999998,19.037496062992126,18.962839215686273,74.62228395061727,2.984891358024691,fixture-level distance scale anomaly (~25x)
1167.0,2025-06-14,1323564,65554,half_2,6,top,3751,hsr,5.45,6.52,338.894,13.55576,13.34228346456693,13.289960784313726,51.977607361963194,2.079104294478528,fixture-level distance scale anomaly (~25x)
1167.0,2025-06-14,1323563,65554,half_2,8,top,3751,sprint,6.96,7.99,592.9216,23.716864,23.343370078740158,23.251827450980393,74.20795994993742,2.9683183979974967,fixture-level distance scale anomaly (~25x)
1167.0,2025-06-14,1323565,65554,half_2,8,middle,3751,hsr,5.46,6.91,149.1648,5.966592,5.872629921259843,5.849600000000001,21.586801736613605,0.8634720694645441,fixture-level distance scale anomaly (~25x)
1167.0,2025-06-14,1323566,65554,half_2,10,middle,3750,hsr,5.5,6.08,178.3464,7.133856,7.021511811023622,6.993976470588235,29.333289473684207,1.1733315789473684,fixture-level distance scale anomaly (~25x)
1167.0,2025-06-14,1323569,65554,half_2,11,middle,3751,hsr,5.48,5.94,181.9624,7.2784960000000005,7.163874015748032,7.135780392156863,30.633400673400672,1.225336026936027,fixture-level distance scale anomaly (~25x)
1167.0,2025-06-14,1323570,65554,half_2,11,middle,3751,hsr,5.5,5.84,134.4936,5.379744,5.2950236220472435,5.274258823529411,23.02972602739726,0.9211890410958904,fixture-level distance scale anomaly (~25x)
1167.0,2025-06-14,1323567,65554,half_2,12,top,3751,sprint,6.98,7.15,154.35639999999998,6.174255999999999,6.077023622047244,6.053192156862744,21.588307692307687,0.8635323076923075,fixture-level distance scale anomaly (~25x)
1167.0,2025-06-14,1323571,65554,half_2,12,top,3751,hsr,5.42,6.95,199.0872,7.963488,7.8380787401574805,7.8073411764705885,28.645640287769783,1.1458256115107914,fixture-level distance scale anomaly (~25x)
1167.0,2025-06-14,1323572,65554,half_2,12,top,3751,hsr,5.49,6.97,137.8,5.5120000000000005,5.425196850393702,5.403921568627451,19.770444763271165,0.7908177905308466,fixture-level distance scale anomaly (~25x)
1167.0,2025-06-14,1323568,65554,half_2,13,bottom,3750,sprint,6.97,7.85,328.1508,13.126032,12.919322834645671,12.868658823529412,41.80264968152866,1.6721059872611466,fixture-level distance scale anomaly (~25x)
1167.0,2025-06-14,1323573,65554,half_2,13,bottom,3750,hsr,5.45,6.91,142.118,5.6847199999999996,5.595196850393701,5.573254901960784,20.56700434153401,0.8226801736613603,fixture-level distance scale anomaly (~25x)
1167.0,2025-06-14,1323574,65554,half_2,17,top,3751,sprint,6.93,7.1,266.63599999999997,10.665439999999998,10.49748031496063,10.456313725490196,37.55436619718309,1.502174647887324,fixture-level distance scale anomaly (~25x)
1167.0,2025-06-14,1323576,65554,half_2,17,middle,3751,hsr,5.41,6.91,257.8036,10.312144,10.149748031496065,10.109945098039216,37.30876989869754,1.4923507959479017,fixture-level distance scale anomaly (~25x)
1167.0,2025-06-14,1323577,65554,half_2,17,top,3751,hsr,5.48,6.93,182.0472,7.281888,7.1672125984251975,7.139105882352942,26.26943722943723,1.0507774891774893,fixture-level distance scale anomaly (~25x)
1167.0,2025-06-14,1323575,65554,half_2,18,bottom,3750,sprint,6.92,8.46,1118.1436,44.725744000000006,44.02140157480316,43.84876862745099,132.16827423167848,5.28673096926714,fixture-level distance scale anomaly (~25x)
1167.0,2025-06-14,1323578,65554,half_2,18,middle,3750,hsr,5.4,6.88,147.44199999999998,5.897679999999999,5.804803149606299,5.782039215686273,21.430523255813952,0.8572209302325581,fixture-level distance scale anomaly (~25x)
1167.0,2025-06-14,1323580,65554,half_2,21,middle,3751,hsr,5.41,5.72,386.2792,15.451168000000001,15.207842519685041,15.148203921568628,67.53132867132868,2.7012531468531473,fixture-level distance scale anomaly (~25x)
1167.0,2025-06-14,1323581,65554,half_2,22,top,3751,hsr,5.42,5.97,199.6172,7.984688,7.858944881889764,7.828125490196078,33.43671691792295,1.337468676716918,fixture-level distance scale anomaly (~25x)
1167.0,2025-06-14,1323582,65554,half_2,22,top,3751,hsr,5.43,6.51,308.53479999999996,12.341391999999999,12.147039370078739,12.099403921568626,47.39397849462365,1.8957591397849463,fixture-level distance scale anomaly (~25x)
1167.0,2025-06-14,1323579,65554,half_2,25,top,3751,sprint,6.94,8.72,1026.9256,41.077024,40.43014173228347,40.271592156862745,117.76669724770642,4.710667889908256,fixture-level distance scale anomaly (~25x)
1167.0,2025-06-14,1323583,65554,half_2,26,bottom,3750,sprint,6.92,7.26,607.862,24.31448,23.931574803149605,23.83772549019608,83.72754820936639,3.3491019283746555,fixture-level distance scale anomaly (~25x)
1167.0,2025-06-14,1323586,65554,half_2,26,middle,3750,hsr,5.42,6.91,348.296,13.93184,13.712440944881891,13.658666666666667,50.40463096960926,2.01618523878437,fixture-level distance scale anomaly (~25x)
1167.0,2025-06-14,1323587,65554,half_2,26,bottom,3750,hsr,5.54,6.92,150.618,6.024719999999999,5.92984251968504,5.906588235294118,21.765606936416184,0.8706242774566473,fixture-level distance scale anomaly (~25x)
1167.0,2025-06-14,1323584,65554,half_2,27,middle,3751,sprint,6.93,7.71,1034.8855999999998,41.39542399999999,40.74352755905512,40.583749019607836,134.2264072632944,5.369056290531776,fixture-level distance scale anomaly (~25x)
1167.0,2025-06-14,1323588,65554,half_2,27,middle,3751,hsr,5.45,6.9,224.3108,8.972432,8.831133858267718,8.796501960784314,32.508811594202896,1.3003524637681159,fixture-level distance scale anomaly (~25x)
1167.0,2025-06-14,1323589,65554,half_2,27,top,3751,hsr,5.48,6.92,136.8184,5.472736,5.386551181102362,5.365427450980392,19.771445086705203,0.7908578034682081,fixture-level distance scale anomaly (~25x)
1167.0,2025-06-14,1323590,65554,half_2,29,middle,3751,hsr,5.46,6.25,265.8376,10.633504,10.466047244094488,10.425003921568628,42.534016,1.70136064,fixture-level distance scale anomaly (~25x)
1167.0,2025-06-14,1323585,65554,half_2,30,bottom,3750,sprint,6.91,7.16,493.6416,19.745663999999998,19.434708661417325,19.35849411764706,68.94435754189944,2.7577743016759775,fixture-level distance scale anomaly (~25x)
1167.0,2025-06-14,1323591,65554,half_2,30,middle,3750,hsr,5.52,6.9,314.8892,12.595568,12.397212598425199,12.348596078431374,45.63611594202899,1.8254446376811593,fixture-level distance scale anomaly (~25x)
1167.0,2025-06-14,1323592,65554,half_2,30,bottom,3750,hsr,5.49,6.92,182.1904,7.287616000000001,7.172850393700788,7.1447215686274514,26.328092485549135,1.0531236994219655,fixture-level distance scale anomaly (~25x)
1167.0,2025-06-14,1323593,65554,half_2,30,middle,3751,hsr,5.41,6.51,375.5344,15.021376,14.784818897637797,14.726839215686274,57.6857757296467,2.307431029185868,fixture-level distance scale anomaly (~25x)
1167.0,2025-06-14,1323594,65554,half_2,31,bottom,3750,sprint,6.98,7.23,162.0592,6.482368,6.380283464566929,6.355262745098039,22.41482710926694,0.8965930843706778,fixture-level distance scale anomaly (~25x)
1167.0,2025-06-14,1323595,65554,half_2,31,bottom,3750,hsr,5.43,5.98,258.30760000000004,10.332304,10.169590551181104,10.12970980392157,43.1952508361204,1.727810033444816,fixture-level distance scale anomaly (~25x)
1167.0,2025-06-14,1323596,65554,half_2,31,bottom,3751,hsr,5.43,5.6,215.0612,8.602448,8.466976377952756,8.433772549019608,38.40378571428572,1.5361514285714288,fixture-level distance scale anomaly (~25x)
1167.0,2025-06-14,1323597,65554,half_2,31,bottom,3750,hsr,5.44,6.94,149.036,5.96144,5.867559055118111,5.844549019607843,21.47492795389049,0.8589971181556195,fixture-level distance scale anomaly (~25x)
1167.0,2025-06-14,1323598,65554,half_2,32,middle,3750,hsr,5.43,5.66,194.2528,7.770112,7.6477480314960635,7.6177568627450984,34.32028268551237,1.3728113074204946,fixture-level distance scale anomaly (~25x)
1167.0,2025-06-14,1323599,65554,half_2,34,top,3751,hsr,5.41,5.8,366.9316,14.677264000000001,14.44612598425197,14.389474509803922,63.26406896551725,2.53056275862069,fixture-level distance scale anomaly (~25x)
1167.0,2025-06-14,1323600,65554,half_2,39,top,3750,hsr,5.42,6.82,400.6296,16.025184,15.772818897637796,15.710964705882352,58.74334310850439,2.349733724340176,fixture-level distance scale anomaly (~25x)
1167.0,2025-06-14,1323601,65554,half_2,40,middle,3750,hsr,5.41,5.97,332.46439999999996,13.298575999999999,13.08914960629921,13.037819607843135,55.68917922948073,2.2275671691792294,fixture-level distance scale anomaly (~25x)
1167.0,2025-06-14,1323602,65554,half_2,47,bottom,3750,sprint,6.98,8.99,668.0892,26.723568,26.30272440944882,26.199576470588237,74.31470522803114,2.9725882091212457,fixture-level distance scale anomaly (~25x)
1167.0,2025-06-14,1323603,65554,half_2,47,top,3751,hsr,5.41,5.96,620.3815999999999,24.815264,24.424472440944882,24.32869019607843,104.09087248322146,4.1636348993288586,fixture-level distance scale anomaly (~25x)
1167.0,2025-06-14,1323170,65555,half_1,1,middle,3750,sprint,6.91,7.03,223.1236,8.924944,8.784393700787403,8.749945098039216,31.73877667140825,1.26955106685633,fixture-level distance scale anomaly (~25x)
1167.0,2025-06-14,1323171,65555,half_1,1,bottom,3750,sprint,6.87,8.95,690.6704,27.626815999999998,27.191748031496065,27.085113725490196,77.16987709497207,3.086795083798883,fixture-level distance scale anomaly (~25x)
1167.0,2025-06-14,1323172,65555,half_1,1,top,3750,hsr,5.42,7.27,390.0848,15.603392,15.357669291338583,15.2974431372549,53.65678129298487,2.1462712517193947,fixture-level distance scale anomaly (~25x)
1167.0,2025-06-14,1323173,65555,half_1,1,middle,3750,hsr,5.47,6.94,214.5064,8.580256,8.445133858267717,8.41201568627451,30.90870317002882,1.2363481268011527,fixture-level distance scale anomaly (~25x)
1167.0,2025-06-14,1323174,65555,half_1,1,middle,3750,hsr,6.62,6.9,317.2268,12.689072000000001,12.48924409448819,12.440266666666668,45.97489855072464,1.8389959420289856,fixture-level distance scale anomaly (~25x)
1167.0,2025-06-14,1323175,65555,half_1,3,top,3750,hsr,5.48,6.68,544.8812,21.795248,21.4520157480315,21.367890196078434,81.56904191616768,3.262761676646707,fixture-level distance scale anomaly (~25x)
1167.0,2025-06-14,1323176,65555,half_1,5,top,3750,hsr,5.43,6.07,325.2732,13.010928,12.806031496062992,12.755811764705882,53.58701812191103,2.1434807248764414,fixture-level distance scale anomaly (~25x)
1167.0,2025-06-14,1323177,65555,half_1,7,bottom,3750,hsr,5.38,5.97,320.1844,12.807376,12.605685039370078,12.556250980392155,53.632227805695145,2.1452891122278057,fixture-level distance scale anomaly (~25x)
1167.0,2025-06-14,1323178,65555,half_1,12,middle,3751,hsr,5.47,5.72,155.7292,6.229168,6.131070866141732,6.107027450980392,27.225384615384616,1.0890153846153845,fixture-level distance scale anomaly (~25x)
1167.0,2025-06-14,1323179,65555,half_1,12,middle,3750,hsr,5.44,6.77,450.276,18.01104,17.72740157480315,17.657882352941176,66.51048744460857,2.660419497784343,fixture-level distance scale anomaly (~25x)
1167.0,2025-06-14,1323180,65555,half_1,16,bottom,3750,sprint,6.97,8.79,707.3724,28.294895999999998,27.849307086614175,27.740094117647057,80.4746757679181,3.2189870307167237,fixture-level distance scale anomaly (~25x)
1167.0,2025-06-14,1323181,65555,half_1,16,middle,3751,hsr,5.43,6.65,349.8144,13.992576,13.772220472440944,13.718211764705881,52.60366917293233,2.104146766917293,fixture-level distance scale anomaly (~25x)
1167.0,2025-06-14,1323182,65555,half_1,19,bottom,3750,hsr,5.5,6.02,189.444,7.57776,7.458425196850394,7.429176470588235,31.469102990033225,1.2587641196013288,fixture-level distance scale anomaly (~25x)
1167.0,2025-06-14,1323183,65555,half_1,20,middle,3750,hsr,5.42,6.73,314.3156,12.572624000000001,12.374629921259844,12.326101960784314,46.70365527488856,1.8681462109955425,fixture-level distance scale anomaly (~25x)
1167.0,2025-06-14,1323186,65555,half_1,21,top,3751,hsr,5.44,5.71,166.8388,6.673552,6.568456692913386,6.542698039215686,29.218704028021016,1.1687481611208406,fixture-level distance scale anomaly (~25x)
1167.0,2025-06-14,1323184,65555,half_1,22,top,3751,sprint,6.93,7.56,597.8452,23.913808,23.537212598425196,23.44490980392157,79.08005291005291,3.1632021164021165,fixture-level distance scale anomaly (~25x)
1167.0,2025-06-14,1323187,65555,half_1,22,top,3751,hsr,5.46,6.91,214.0204,8.560815999999999,8.426,8.392956862745098,30.972561505065123,1.2389024602026049,fixture-level distance scale anomaly (~25x)
1167.0,2025-06-14,1323185,65555,half_1,24,bottom,3750,sprint,6.9,7.89,537.542,21.50168,21.163070866141734,21.08007843137255,68.12953105196452,2.725181242078581,fixture-level distance scale anomaly (~25x)
1167.0,2025-06-14,1323188,65555,half_1,24,middle,3750,hsr,5.43,6.87,299.99559999999997,11.999823999999998,11.810850393700786,11.764533333333333,43.66748180494905,1.746699272197962,fixture-level distance scale anomaly (~25x)
1167.0,2025-06-14,1323190,65555,half_1,26,top,3751,hsr,5.48,5.68,127.2936,5.091744,5.01155905511811,4.991905882352941,22.410845070422535,0.8964338028169015,fixture-level distance scale anomaly (~25x)
1167.0,2025-06-14,1323191,65555,half_1,27,top,3751,hsr,5.47,6.99,779.5412,31.181648,30.690598425196853,30.570243137254902,111.5223462088698,4.460893848354792,fixture-level distance scale anomaly (~25x)
1167.0,2025-06-14,1323192,65555,half_1,27,top,3751,hsr,5.48,6.09,172.90839999999997,6.9163359999999985,6.807417322834645,6.78072156862745,28.392183908045972,1.1356873563218388,fixture-level distance scale anomaly (~25x)
1167.0,2025-06-14,1323193,65555,half_1,28,middle,3751,hsr,5.48,5.62,115.5232,4.620928,4.548157480314961,4.530321568627451,20.55572953736655,0.822229181494662,fixture-level distance scale anomaly (~25x)
1167.0,2025-06-14,1323194,65555,half_1,29,top,3750,hsr,5.44,6.01,235.6032,9.424128,9.275716535433071,9.239341176470587,39.201863560732114,1.5680745424292846,fixture-level distance scale anomaly (~25x)
1167.0,2025-06-14,1323189,65555,half_1,30,middle,3750,sprint,7.0,9.03,575.5688,23.022752,22.660188976377956,22.571325490196077,63.739623477297904,2.549584939091916,fixture-level distance scale anomaly (~25x)
1167.0,2025-06-14,1323195,65555,half_1,32,middle,3750,sprint,6.96,8.94,866.6288,34.665152,34.11924409448819,33.9854431372549,96.93834451901566,3.8775337807606265,fixture-level distance scale anomaly (~25x)
1167.0,2025-06-14,1323197,65555,half_1,32,top,3750,hsr,5.45,6.92,162.10320000000002,6.484128000000001,6.382015748031497,6.356988235294118,23.425317919075148,0.9370127167630059,fixture-level distance scale anomaly (~25x)
1167.0,2025-06-14,1323196,65555,half_1,33,bottom,3750,sprint,6.91,7.35,372.864,14.91456,14.679685039370078,14.622117647058822,50.729795918367344,2.029191836734694,fixture-level distance scale anomaly (~25x)
1167.0,2025-06-14,1323198,65555,half_1,33,middle,3751,hsr,5.46,6.95,137.096,5.48384,5.397480314960631,5.3763137254901965,19.726043165467626,0.789041726618705,fixture-level distance scale anomaly (~25x)
1167.0,2025-06-14,1323199,65555,half_1,33,bottom,3750,hsr,5.53,6.89,460.8632,18.434528,18.144220472440946,18.073066666666666,66.88870827285922,2.675548330914369,fixture-level distance scale anomaly (~25x)
1167.0,2025-06-14,1323200,65555,half_1,34,top,3751,hsr,5.43,5.85,351.8076,14.072303999999999,13.850692913385826,13.796376470588234,60.13805128205128,2.4055220512820514,fixture-level distance scale anomaly (~25x)
1167.0,2025-06-14,1323202,65555,half_1,40,top,3750,hsr,5.54,6.39,220.6228,8.824912000000001,8.685937007874017,8.651874509803923,34.52625978090767,1.381050391236307,fixture-level distance scale anomaly (~25x)
1167.0,2025-06-14,1323203,65555,half_1,40,middle,3750,hsr,5.43,6.9,223.2224,8.928896,8.788283464566929,8.753819607843138,32.35107246376811,1.2940428985507246,fixture-level distance scale anomaly (~25x)
1167.0,2025-06-14,1323201,65555,half_1,41,bottom,3750,sprint,6.94,8.18,795.4084,31.816336,31.31529133858268,31.192486274509804,97.23819070904646,3.8895276283618583,fixture-level distance scale anomaly (~25x)
1167.0,2025-06-14,1323204,65555,half_1,43,middle,3750,sprint,6.94,7.53,342.0004,13.680016,13.464582677165355,13.411780392156864,45.41837981407703,1.816735192563081,fixture-level distance scale anomaly (~25x)
1167.0,2025-06-14,1323206,65555,half_1,43,middle,3750,hsr,5.47,6.93,136.6676,5.466704,5.380614173228347,5.359513725490196,19.7211544011544,0.7888461760461761,fixture-level distance scale anomaly (~25x)
1167.0,2025-06-14,1323207,65555,half_1,43,bottom,3750,hsr,5.4,6.9,202.6188,8.104752,7.977118110236221,7.945835294117646,29.365043478260866,1.1746017391304346,fixture-level distance scale anomaly (~25x)
1167.0,2025-06-14,1323205,65555,half_1,44,top,3751,sprint,6.91,7.33,692.8096,27.712384,27.275968503937012,27.169003921568628,94.51699863574352,3.780679945429741,fixture-level distance scale anomaly (~25x)
1167.0,2025-06-14,1323208,65555,half_1,44,top,3751,hsr,5.41,6.92,272.9076,10.916304,10.744393700787402,10.702258823529412,39.437514450867056,1.577500578034682,fixture-level distance scale anomaly (~25x)
1167.0,2025-06-14,1323209,65555,half_1,44,top,3751,hsr,5.46,7.01,434.8244,17.392976,17.119070866141733,17.05193725490196,62.02915834522112,2.4811663338088445,fixture-level distance scale anomaly (~25x)
1167.0,2025-06-14,1323210,65555,half_1,44,middle,3750,hsr,5.46,6.61,520.2784,20.811136,20.483401574803153,20.403074509803922,78.71080181543117,3.1484320726172466,fixture-level distance scale anomaly (~25x)
1167.0,2025-06-14,1323211,65555,half_1,46,bottom,3750,sprint,6.98,8.16,900.244,36.00976,35.44267716535433,35.30368627450981,110.32401960784314,4.412960784313725,fixture-level distance scale anomaly (~25x)
1167.0,2025-06-14,1323212,65555,half_1,47,top,3751,hsr,5.47,6.49,309.0104,12.360416,12.165763779527559,12.118054901960784,47.61331278890601,1.9045325115562404,fixture-level distance scale anomaly (~25x)
1167.0,2025-06-14,1323213,65556,half_1,3,top,3751,hsr,5.44,5.56,142.6148,5.704592,5.614755905511811,5.5927372549019605,25.65014388489209,1.0260057553956834,fixture-level distance scale anomaly (~25x)
1167.0,2025-06-14,1323214,65556,half_1,5,middle,3750,hsr,5.48,6.59,374.4668,14.978672,14.742787401574803,14.684972549019607,56.82349013657056,2.2729396054628226,fixture-level distance scale anomaly (~25x)
1167.0,2025-06-14,1323215,65556,half_1,7,bottom,3750,hsr,5.42,5.62,120.8252,4.8330079999999995,4.756897637795276,4.738243137254901,21.49914590747331,0.8599658362989323,fixture-level distance scale anomaly (~25x)
1167.0,2025-06-14,1323216,65556,half_1,16,bottom,3750,sprint,6.92,8.4,674.5112,26.980448000000003,26.555559055118113,26.45141960784314,80.29895238095239,3.2119580952380953,fixture-level distance scale anomaly (~25x)
1167.0,2025-06-14,1323217,65556,half_1,16,bottom,3750,hsr,5.45,6.87,178.694,7.14776,7.0351968503937,7.007607843137254,26.010771470160115,1.0404308588064046,fixture-level distance scale anomaly (~25x)
1167.0,2025-06-14,1323218,65556,half_1,19,bottom,3751,hsr,5.45,5.58,115.1268,4.605072,4.532551181102362,4.514776470588235,20.63204301075269,0.8252817204301075,fixture-level distance scale anomaly (~25x)
1167.0,2025-06-14,1323219,65556,half_1,19,bottom,3751,hsr,5.5,6.99,330.6232,13.224928,13.016661417322835,12.965615686274509,47.29945636623748,1.8919782546494992,fixture-level distance scale anomaly (~25x)
1167.0,2025-06-14,1323220,65556,half_1,20,middle,3750,hsr,5.54,6.6,300.68559999999997,12.027423999999998,11.838015748031495,11.791592156862743,45.55842424242424,1.8223369696969696,fixture-level distance scale anomaly (~25x)
1167.0,2025-06-14,1323222,65556,half_1,21,bottom,3750,hsr,5.44,5.63,160.1148,6.404592,6.3037322834645675,6.279011764705882,28.439573712255772,1.137582948490231,fixture-level distance scale anomaly (~25x)
1167.0,2025-06-14,1323221,65556,half_1,24,bottom,3750,sprint,6.93,7.29,284.9232,11.396928,11.217448818897639,11.173458823529412,39.08411522633745,1.563364609053498,fixture-level distance scale anomaly (~25x)
1167.0,2025-06-14,1323223,65556,half_1,24,middle,3750,hsr,5.44,6.9,250.3972,10.015888,9.858157480314961,9.819498039215686,36.289449275362315,1.4515779710144927,fixture-level distance scale anomaly (~25x)
1167.0,2025-06-14,1323225,65556,half_1,26,bottom,3750,hsr,5.43,5.68,177.75879999999998,7.110351999999999,6.998377952755905,6.970933333333332,31.29556338028169,1.2518225352112675,fixture-level distance scale anomaly (~25x)
1167.0,2025-06-14,1323224,65556,half_1,30,middle,3750,sprint,6.95,8.84,1229.7636,49.190544,48.41588976377953,48.22602352941176,139.11352941176472,5.5645411764705885,fixture-level distance scale anomaly (~25x)
1167.0,2025-06-14,1323226,65556,half_1,30,top,3750,hsr,5.49,6.94,169.2248,6.768992,6.662393700787401,6.636266666666666,24.383976945244953,0.9753590778097982,fixture-level distance scale anomaly (~25x)
1167.0,2025-06-14,1323227,65556,half_1,32,middle,3750,sprint,6.96,9.04,602.4608,24.098432,23.718929133858268,23.625913725490193,66.64389380530973,2.6657557522123896,fixture-level distance scale anomaly (~25x)
1167.0,2025-06-14,1323228,65556,half_1,33,bottom,3750,hsr,5.41,6.16,304.2824,12.171296,11.979622047244096,11.932643137254901,49.396493506493506,1.9758597402597402,fixture-level distance scale anomaly (~25x)
1167.0,2025-06-14,1323229,65556,half_1,33,bottom,3751,hsr,5.48,6.26,229.4492,9.177968,9.033433070866142,8.998007843137254,36.6532268370607,1.4661290734824282,fixture-level distance scale anomaly (~25x)
1167.0,2025-06-14,1323231,65556,half_1,40,top,3750,hsr,5.4,6.86,463.2408,18.529632,18.237826771653545,18.16630588235294,67.52781341107871,2.7011125364431483,fixture-level distance scale anomaly (~25x)
1167.0,2025-06-14,1323232,65556,half_1,40,middle,3750,hsr,5.46,6.9,402.5264,16.101056,15.847496062992128,15.785349019607844,58.33715942028986,2.333486376811594,fixture-level distance scale anomaly (~25x)
1167.0,2025-06-14,1323230,65556,half_1,41,bottom,3750,sprint,6.92,7.55,903.4988,36.139952,35.57081889763779,35.43132549019608,119.66871523178807,4.786748609271523,fixture-level distance scale anomaly (~25x)
1167.0,2025-06-14,1323233,65556,half_1,41,bottom,3750,hsr,5.47,6.94,149.8524,5.994096,5.899700787401574,5.876564705882353,21.592564841498557,0.8637025936599423,fixture-level distance scale anomaly (~25x)
1167.0,2025-06-14,1323234,65556,half_1,43,middle,3750,hsr,5.47,6.04,254.6176,10.184704,10.024314960629923,9.985003921568628,42.15523178807947,1.686209271523179,fixture-level distance scale anomaly (~25x)
1167.0,2025-06-14,1323235,65556,half_1,44,middle,3750,hsr,5.46,6.38,348.2732,13.930928,13.711543307086615,13.657772549019606,54.58827586206896,2.1835310344827588,fixture-level distance scale anomaly (~25x)
1167.0,2025-06-14,1323236,65556,half_1,46,bottom,3750,sprint,6.92,7.58,483.8852,19.355408,19.050598425196853,18.97589019607843,63.83709762532981,2.553483905013193,fixture-level distance scale anomaly (~25x)
1167.0,2025-06-14,1323237,65556,half_1,46,middle,3751,hsr,5.52,6.91,137.2076,5.488304,5.4018740157480325,5.380690196078432,19.856382054992764,0.7942552821997106,fixture-level distance scale anomaly (~25x)
1167.0,2025-06-14,1323238,65556,half_1,46,bottom,3750,hsr,5.43,6.88,233.0232,9.320928,9.174141732283465,9.138164705882353,33.869651162790696,1.354786046511628,fixture-level distance scale anomaly (~25x)
1167.0,2025-06-14,1323240,65556,half_2,1,middle,3751,hsr,5.47,5.97,217.562,8.702480000000001,8.565433070866142,8.531843137254903,36.4425460636516,1.457701842546064,fixture-level distance scale anomaly (~25x)
1167.0,2025-06-14,1323239,65556,half_2,3,middle,3750,sprint,6.92,7.7,518.6624,20.746496,20.419779527559058,20.339701960784314,67.35875324675325,2.69435012987013,fixture-level distance scale anomaly (~25x)
1167.0,2025-06-14,1323241,65556,half_2,3,bottom,3750,hsr,5.41,6.88,226.3304,9.053215999999999,8.91064566929134,8.875701960784314,32.896860465116276,1.3158744186046512,fixture-level distance scale anomaly (~25x)
1167.0,2025-06-14,1323242,65556,half_2,5,bottom,3750,hsr,5.42,6.0,340.522,13.62088,13.406377952755905,13.353803921568627,56.75366666666667,2.2701466666666668,fixture-level distance scale anomaly (~25x)
1167.0,2025-06-14,1323244,65556,half_2,6,top,3751,hsr,5.52,5.75,116.6848,4.6673919999999995,4.5938897637795275,4.5758745098039215,20.293008695652173,0.8117203478260869,fixture-level distance scale anomaly (~25x)
1167.0,2025-06-14,1323243,65556,half_2,9,top,3750,sprint,6.94,8.74,659.0116,26.360464,25.94533858267717,25.843592156862748,75.40178489702518,3.016071395881007,fixture-level distance scale anomaly (~25x)
1167.0,2025-06-14,1323245,65556,half_2,9,top,3750,hsr,5.4,6.87,158.9992,6.359968,6.259811023622047,6.235262745098039,23.143988355167394,0.9257595342066958,fixture-level distance scale anomaly (~25x)
1167.0,2025-06-14,1323246,65556,half_2,9,middle,3750,hsr,5.44,5.66,210.8152,8.432608,8.299811023622048,8.267262745098039,37.246501766784455,1.489860070671378,fixture-level distance scale anomaly (~25x)
1167.0,2025-06-14,1323248,65557,half_1,3,middle,3751,hsr,5.45,5.7,161.2588,6.4503520000000005,6.348771653543308,6.323874509803922,28.29101754385965,1.131640701754386,fixture-level distance scale anomaly (~25x)
1167.0,2025-06-14,1323249,65557,half_1,3,top,3751,hsr,5.48,6.28,882.2552000000001,35.290208,34.73445669291339,34.598243137254904,140.4864968152866,5.619459872611465,fixture-level distance scale anomaly (~25x)
1167.0,2025-06-14,1323247,65557,half_1,4,middle,3750,sprint,6.99,7.65,278.6848,11.147392,10.97184251968504,10.92881568627451,36.42938562091503,1.4571754248366013,fixture-level distance scale anomaly (~25x)
1167.0,2025-06-14,1323250,65557,half_1,4,top,3750,hsr,5.42,5.93,251.23119999999997,10.049247999999999,9.890992125984251,9.852203921568627,42.36613827993254,1.6946455311973017,fixture-level distance scale anomaly (~25x)
1167.0,2025-06-14,1323251,65557,half_1,4,middle,3750,hsr,5.47,6.48,296.6012,11.864048,11.677212598425198,11.631419607843137,45.77179012345679,1.8308716049382716,fixture-level distance scale anomaly (~25x)
1167.0,2025-06-14,1323252,65557,half_1,5,top,3750,hsr,5.43,6.61,534.5416,21.381664,21.044944881889766,20.96241568627451,80.86862329803328,3.2347449319213313,fixture-level distance scale anomaly (~25x)
1167.0,2025-06-14,1323253,65557,half_1,7,middle,3750,hsr,5.47,6.42,294.3684,11.774736,11.589307086614173,11.543858823529412,45.85177570093458,1.8340710280373833,fixture-level distance scale anomaly (~25x)
1167.0,2025-06-14,1323254,65557,half_1,12,top,3750,hsr,5.43,5.89,273.15200000000004,10.926080000000002,10.754015748031499,10.711843137254904,46.37555178268252,1.8550220713073011,fixture-level distance scale anomaly (~25x)
1167.0,2025-06-14,1323255,65557,half_1,18,middle,3751,hsr,5.45,6.02,224.3416,8.973664,8.832346456692914,8.797709803921569,37.26604651162791,1.4906418604651164,fixture-level distance scale anomaly (~25x)
1167.0,2025-06-14,1323256,65557,half_1,20,middle,3750,hsr,5.49,6.13,262.7672,10.510688,10.345165354330708,10.304596078431373,42.8657748776509,1.714630995106036,fixture-level distance scale anomaly (~25x)
1167.0,2025-06-14,1323257,65557,half_1,21,top,3751,sprint,6.91,7.65,544.944,21.797759999999997,21.454488188976377,21.37035294117647,71.23450980392155,2.849380392156862,fixture-level distance scale anomaly (~25x)
1167.0,2025-06-14,1323259,65557,half_1,21,top,3750,hsr,5.48,6.89,408.9844,16.359376,16.101748031496065,16.038603921568626,59.35912917271408,2.3743651669085635,fixture-level distance scale anomaly (~25x)
1167.0,2025-06-14,1323260,65557,half_1,21,top,3751,hsr,5.51,6.94,131.0212,5.240848,5.158314960629921,5.138086274509804,18.879135446685876,0.7551654178674351,fixture-level distance scale anomaly (~25x)
1167.0,2025-06-14,1323258,65557,half_1,22,top,3751,sprint,6.88,8.85,754.408,30.17632,29.701102362204725,29.584627450980392,85.2438418079096,3.409753672316384,fixture-level distance scale anomaly (~25x)
1167.0,2025-06-14,1323261,65557,half_1,22,top,3751,hsr,5.44,6.82,177.1224,7.084896,6.9733228346456695,6.945976470588235,25.971026392961875,1.038841055718475,fixture-level distance scale anomaly (~25x)
1167.0,2025-06-14,1323262,65557,half_1,23,top,3750,hsr,5.46,6.41,453.58399999999995,18.143359999999998,17.85763779527559,17.787607843137252,70.76193447737909,2.8304773790951634,fixture-level distance scale anomaly (~25x)
1167.0,2025-06-14,1323264,65557,half_1,26,top,3751,hsr,5.45,6.05,213.2728,8.530911999999999,8.396566929133858,8.363639215686273,35.251702479338846,1.4100680991735537,fixture-level distance scale anomaly (~25x)
1167.0,2025-06-14,1323263,65557,half_1,27,top,3751,sprint,6.98,8.65,495.2984,19.811936,19.499937007874017,19.423466666666666,57.25993063583815,2.2903972254335256,fixture-level distance scale anomaly (~25x)
1167.0,2025-06-14,1323265,65557,half_1,28,middle,3751,hsr,5.5,6.14,227.282,9.091280000000001,8.948110236220474,8.913019607843138,37.016612377850166,1.4806644951140069,fixture-level distance scale anomaly (~25x)
1167.0,2025-06-14,1323266,65557,half_1,29,top,3751,hsr,5.49,6.16,251.568,10.06272,9.904251968503939,9.865411764705883,40.83896103896104,1.6335584415584417,fixture-level distance scale anomaly (~25x)
1167.0,2025-06-14,1323268,65557,half_1,32,bottom,3750,hsr,5.41,6.11,586.6804,23.467215999999997,23.097653543307086,23.00707450980392,96.01970540098199,3.8407882160392792,fixture-level distance scale anomaly (~25x)
1167.0,2025-06-14,1323267,65557,half_1,34,bottom,3751,sprint,7.04,7.4,178.8484,7.153936,7.041275590551181,7.013662745098039,24.168702702702703,0.9667481081081081,fixture-level distance scale anomaly (~25x)
1167.0,2025-06-14,1323269,65557,half_1,35,middle,3750,hsr,5.45,5.67,160.6912,6.4276480000000005,6.326425196850394,6.30161568627451,28.340599647266316,1.1336239858906527,fixture-level distance scale anomaly (~25x)
1167.0,2025-06-14,1323270,65557,half_1,37,top,3751,hsr,5.49,5.77,145.2268,5.809072,5.717590551181103,5.69516862745098,25.169289428076258,1.0067715771230503,fixture-level distance scale anomaly (~25x)
1167.0,2025-06-14,1323271,65557,half_1,39,top,3751,hsr,5.49,6.55,594.6828,23.787312,23.412708661417327,23.32089411764706,90.79126717557253,3.631650687022901,fixture-level distance scale anomaly (~25x)
1167.0,2025-06-14,1323272,65557,half_1,39,top,3750,hsr,5.46,5.8,219.7516,8.790064,8.65163779527559,8.617709803921569,37.88820689655172,1.515528275862069,fixture-level distance scale anomaly (~25x)
1167.0,2025-06-14,1323274,65557,half_1,43,bottom,3750,hsr,5.43,6.15,686.2176,27.448704,27.01644094488189,26.91049411764706,111.58009756097559,4.463203902439024,fixture-level distance scale anomaly (~25x)
1167.0,2025-06-14,1323273,65557,half_1,44,top,3751,sprint,6.86,8.15,456.7664,18.270656,17.982929133858267,17.912407843137252,56.04495705521472,2.2417982822085887,fixture-level distance scale anomaly (~25x)
1167.0,2025-06-14,1323275,65557,half_1,44,middle,3751,hsr,5.44,6.82,551.61,22.0644,21.71692913385827,21.631764705882354,80.88123167155425,3.2352492668621697,fixture-level distance scale anomaly (~25x)
1167.0,2025-06-14,1323276,65557,half_1,46,middle,3750,hsr,5.46,6.41,263.35,10.534,10.368110236220474,10.327450980392157,41.08424336973479,1.6433697347893916,fixture-level distance scale anomaly (~25x)
1167.0,2025-06-14,1323277,65557,half_1,47,top,3751,hsr,5.42,5.76,156.048,6.24192,6.1436220472440946,6.119529411764706,27.09166666666667,1.0836666666666668,fixture-level distance scale anomaly (~25x)
1167.0,2025-06-14,1323278,65557,half_1,47,top,3751,hsr,5.44,5.66,132.5528,5.302111999999999,5.218614173228346,5.198149019607842,23.419222614840987,0.9367689045936394,fixture-level distance scale anomaly (~25x)
1167.0,2025-06-14,1323279,65557,half_2,3,top,3751,sprint,6.92,7.01,180.8484,7.233936,7.120015748031497,7.092094117647059,25.798630527817405,1.0319452211126963,fixture-level distance scale anomaly (~25x)
1167.0,2025-06-14,1323281,65557,half_2,3,middle,3751,hsr,5.53,6.93,216.2024,8.648096,8.511905511811024,8.478525490196079,31.19803751803752,1.2479215007215008,fixture-level distance scale anomaly (~25x)
1167.0,2025-06-14,1323282,65557,half_2,3,top,3751,hsr,5.52,6.91,366.022,14.64088,14.410314960629922,14.353803921568627,52.9698986975398,2.118795947901592,fixture-level distance scale anomaly (~25x)
1167.0,2025-06-14,1323283,65557,half_2,3,bottom,3751,hsr,5.4,6.56,745.21,29.808400000000002,29.338976377952758,29.223921568627453,113.59908536585367,4.543963414634147,fixture-level distance scale anomaly (~25x)
1167.0,2025-06-14,1323280,65557,half_2,4,top,3751,sprint,7.0,7.39,214.848,8.59392,8.458582677165355,8.425411764705883,29.072801082543982,1.1629120433017592,fixture-level distance scale anomaly (~25x)
1167.0,2025-06-14,1323284,65557,half_2,4,top,3751,hsr,5.39,6.94,142.0376,5.681504,5.592031496062992,5.570101960784314,20.46651296829971,0.8186605187319885,fixture-level distance scale anomaly (~25x)
1167.0,2025-06-14,1323286,65557,half_2,6,top,3751,hsr,5.5,6.54,444.2048,17.768192,17.488377952755904,17.41979607843137,67.92122324159021,2.7168489296636085,fixture-level distance scale anomaly (~25x)
1167.0,2025-06-14,1323285,65557,half_2,8,top,3751,sprint,7.02,7.53,224.6748,8.986992,8.845464566929135,8.810776470588236,29.837290836653388,1.1934916334661356,fixture-level distance scale anomaly (~25x)
1167.0,2025-06-14,1323287,65557,half_2,8,middle,3751,hsr,5.42,6.29,473.2264,18.929056,18.630960629921262,18.557898039215686,75.23472178060413,3.009388871224165,fixture-level distance scale anomaly (~25x)
1167.0,2025-06-14,1323288,65557,half_2,12,top,3751,hsr,5.47,6.87,468.8776,18.755104,18.459748031496062,18.387356862745097,68.25001455604075,2.73000058224163,fixture-level distance scale anomaly (~25x)
1167.0,2025-06-14,1323289,65557,half_2,15,top,3750,hsr,5.46,5.69,166.7244,6.668976,6.563952755905512,6.538211764705882,29.301300527240773,1.1720520210896308,fixture-level distance scale anomaly (~25x)
1167.0,2025-06-14,1323290,65557,half_2,21,middle,3751,sprint,6.89,8.18,829.1088,33.164352,32.64207874015748,32.51407058823529,101.35804400977995,4.054321760391199,fixture-level distance scale anomaly (~25x)
1167.0,2025-06-14,1323291,65557,half_2,21,middle,3751,hsr,5.43,6.9,166.7184,6.668736,6.5637165354330715,6.5379764705882355,24.162086956521737,0.9664834782608696,fixture-level distance scale anomaly (~25x)
1167.0,2025-06-14,1323292,65557,half_2,21,top,3751,hsr,5.54,6.94,210.8384,8.433536,8.30072440944882,8.268172549019608,30.380172910662825,1.215206916426513,fixture-level distance scale anomaly (~25x)
1167.0,2025-06-14,1323293,65557,half_2,22,top,3751,hsr,5.43,5.97,176.702,7.06808,6.956771653543307,6.929490196078431,29.598324958123953,1.1839329983249582,fixture-level distance scale anomaly (~25x)
1167.0,2025-06-14,1323294,65557,half_2,27,middle,3751,sprint,6.9,7.73,495.1464,19.805856000000002,19.493952755905514,19.41750588235294,64.0551617076326,2.562206468305304,fixture-level distance scale anomaly (~25x)
1167.0,2025-06-14,1323295,65557,half_2,27,middle,3751,hsr,5.44,6.87,369.7212,14.788848,14.555952755905514,14.498870588235295,53.81676855895196,2.1526707423580786,fixture-level distance scale anomaly (~25x)
1167.0,2025-06-14,1323296,65557,half_2,27,top,3751,hsr,5.47,6.9,142.5184,5.700736000000001,5.61096062992126,5.588956862745099,20.654840579710147,0.8261936231884058,fixture-level distance scale anomaly (~25x)
1167.0,2025-06-14,1323297,65557,half_2,32,bottom,3750,hsr,5.42,6.22,901.5524,36.062096000000004,35.494188976377956,35.35499607843138,144.94411575562702,5.797764630225081,fixture-level distance scale anomaly (~25x)
1167.0,2025-06-14,1323298,65557,half_2,34,bottom,3751,hsr,5.45,6.8,572.942,22.91768,22.556771653543308,22.468313725490198,84.25617647058824,3.3702470588235296,fixture-level distance scale anomaly (~25x)
1167.0,2025-06-14,1323299,65557,half_2,37,top,3751,sprint,6.94,8.34,569.8192,22.792768000000002,22.433826771653546,22.345850980392157,68.32364508393286,2.7329458033573144,fixture-level distance scale anomaly (~25x)
1167.0,2025-06-14,1323300,65557,half_2,47,middle,3750,hsr,5.42,6.15,428.1244,17.124976,16.855291338582678,16.789192156862743,69.61372357723576,2.7845489430894306,fixture-level distance scale anomaly (~25x)
1167.0,2025-06-14,1323301,65557,half_2,47,top,3751,hsr,5.42,6.42,336.012,13.44048,13.228818897637796,13.176941176470589,52.33831775700935,2.093532710280374,fixture-level distance scale anomaly (~25x)
1167.0,2025-06-14,1323302,65558,half_1,1,middle,3750,sprint,6.91,7.17,281.9588,11.278352,11.100740157480315,11.057207843137254,39.324797768479776,1.572991910739191,fixture-level distance scale anomaly (~25x)
1167.0,2025-06-14,1323303,65558,half_1,1,middle,3750,hsr,5.42,6.91,224.144,8.96576,8.824566929133859,8.789960784313726,32.43762662807525,1.29750506512301,fixture-level distance scale anomaly (~25x)
1167.0,2025-06-14,1323304,65558,half_1,1,bottom,3750,hsr,5.47,6.89,358.2144,14.328576,14.10292913385827,14.047623529411766,51.99047895500726,2.0796191582002903,fixture-level distance scale anomaly (~25x)
1167.0,2025-06-14,1323305,65558,half_1,1,bottom,3751,hsr,5.44,6.58,316.66,12.666400000000001,12.466929133858269,12.418039215686276,48.12462006079028,1.9249848024316112,fixture-level distance scale anomaly (~25x)
1167.0,2025-06-14,1323306,65558,half_1,3,middle,3751,hsr,5.48,7.0,1018.1988,40.727952,40.08656692913386,39.92936470588236,145.45697142857142,5.818278857142857,fixture-level distance scale anomaly (~25x)
1167.0,2025-06-14,1323307,65558,half_1,3,top,3750,hsr,5.44,5.8,225.3728,9.014912,8.872944881889765,8.838149019607844,38.85737931034483,1.5542951724137932,fixture-level distance scale anomaly (~25x)
1167.0,2025-06-14,1323308,65558,half_1,6,top,3751,hsr,5.54,5.84,117.4216,4.696864,4.622897637795276,4.60476862745098,20.106438356164382,0.8042575342465753,fixture-level distance scale anomaly (~25x)
1167.0,2025-06-14,1323309,65558,half_1,7,top,3750,hsr,5.49,5.97,182.9704,7.318816000000001,7.203559055118111,7.175309803921569,30.648308207705195,1.225932328308208,fixture-level distance scale anomaly (~25x)
1167.0,2025-06-14,1323310,65558,half_1,8,bottom,3751,hsr,5.49,6.05,189.902,7.59608,7.476456692913386,7.4471372549019605,31.38876033057851,1.2555504132231405,fixture-level distance scale anomaly (~25x)
1167.0,2025-06-14,1323311,65558,half_1,13,middle,3751,hsr,5.49,6.56,293.1204,11.724816,11.540173228346458,11.494917647058823,44.68298780487805,1.7873195121951222,fixture-level distance scale anomaly (~25x)
1167.0,2025-06-14,1323312,65558,half_1,14,middle,3750,hsr,5.48,6.44,282.9552,11.318208,11.139968503937007,11.096282352941175,43.93714285714285,1.7574857142857143,fixture-level distance scale anomaly (~25x)
1167.0,2025-06-14,1323313,65558,half_1,15,top,3750,hsr,5.45,6.19,317.716,12.70864,12.508503937007875,12.459450980392157,51.327302100161546,2.053092084006462,fixture-level distance scale anomaly (~25x)
1167.0,2025-06-14,1323314,65558,half_1,16,top,3751,hsr,5.57,6.06,137.2116,5.4884640000000005,5.4020314960629925,5.380847058823529,22.642178217821783,0.9056871287128714,fixture-level distance scale anomaly (~25x)
1167.0,2025-06-14,1323315,65558,half_1,18,middle,3751,hsr,5.46,5.58,115.1884,4.607536,4.5349763779527565,4.5171921568627456,20.643082437275986,0.8257232974910393,fixture-level distance scale anomaly (~25x)
1167.0,2025-06-14,1323316,65558,half_1,19,bottom,3750,hsr,5.44,5.91,366.2376,14.649504,14.4188031496063,14.36225882352941,61.96913705583756,2.4787654822335026,fixture-level distance scale anomaly (~25x)
1167.0,2025-06-14,1323319,65558,half_1,21,middle,3751,hsr,5.45,7.01,1186.9063999999998,47.47625599999999,46.72859842519685,46.54534901960784,169.3161768901569,6.772647075606276,fixture-level distance scale anomaly (~25x)
1167.0,2025-06-14,1323320,65558,half_1,21,top,3750,hsr,5.45,5.88,209.8904,8.395616,8.26340157480315,8.230996078431373,35.6956462585034,1.4278258503401362,fixture-level distance scale anomaly (~25x)
1167.0,2025-06-14,1323317,65558,half_1,22,middle,3751,sprint,6.94,8.55,1183.838,47.353519999999996,46.607795275590554,46.42501960784313,138.4605847953216,5.538423391812865,fixture-level distance scale anomaly (~25x)
1167.0,2025-06-14,1323321,65558,half_1,22,middle,3751,hsr,5.45,6.92,199.5812,7.983248,7.857527559055119,7.826713725490196,28.84121387283237,1.1536485549132947,fixture-level distance scale anomaly (~25x)
1167.0,2025-06-14,1323322,65558,half_1,22,top,3751,hsr,5.44,6.88,129.4332,5.177328,5.095795275590551,5.0758117647058825,18.81296511627907,0.7525186046511628,fixture-level distance scale anomaly (~25x)
1167.0,2025-06-14,1323323,65558,half_1,24,middle,3750,hsr,5.48,7.0,422.2768,16.891071999999998,16.625070866141733,16.559874509803922,60.32525714285714,2.4130102857142854,fixture-level distance scale anomaly (~25x)
1167.0,2025-06-14,1323318,65558,half_1,25,top,3751,sprint,6.96,9.25,689.3548,27.574191999999996,27.13995275590551,27.03352156862745,74.52484324324324,2.9809937297297293,fixture-level distance scale anomaly (~25x)
1167.0,2025-06-14,1323324,65558,half_1,28,bottom,3751,sprint,6.93,7.44,353.6524,14.146096,13.92332283464567,13.868721568627452,47.53392473118279,1.9013569892473117,fixture-level distance scale anomaly (~25x)
1167.0,2025-06-14,1323326,65558,half_1,28,bottom,3751,hsr,5.42,5.53,120.0368,4.801472,4.725858267716536,4.707325490196078,21.70647377938517,0.8682589511754069,fixture-level distance scale anomaly (~25x)
1167.0,2025-06-14,1323327,65558,half_1,28,bottom,3751,hsr,5.39,6.9,197.0244,7.880976,7.756866141732284,7.72644705882353,28.55426086956522,1.1421704347826087,fixture-level distance scale anomaly (~25x)
1167.0,2025-06-14,1323328,65558,half_1,28,middle,3751,hsr,5.39,6.9,285.4556,11.418224,11.2384094488189,11.194337254901962,41.3703768115942,1.654815072463768,fixture-level distance scale anomaly (~25x)
1167.0,2025-06-14,1323329,65558,half_1,29,top,3751,hsr,5.51,6.25,272.4908,10.899631999999999,10.727984251968504,10.685913725490195,43.598527999999995,1.7439411199999997,fixture-level distance scale anomaly (~25x)
1167.0,2025-06-14,1323325,65558,half_1,30,middle,3750,sprint,6.91,8.02,576.2348000000001,23.049392,22.6864094488189,22.597443137254903,71.84972568578554,2.873989027431422,fixture-level distance scale anomaly (~25x)
1167.0,2025-06-14,1323330,65558,half_1,30,middle,3750,hsr,5.47,6.88,437.0256,17.481024,17.205732283464567,17.138258823529412,63.52116279069767,2.5408465116279073,fixture-level distance scale anomaly (~25x)
1167.0,2025-06-14,1323331,65558,half_1,30,middle,3750,hsr,5.45,6.92,130.048,5.20192,5.12,5.099921568627451,18.79306358381503,0.7517225433526012,fixture-level distance scale anomaly (~25x)
1167.0,2025-06-14,1323332,65558,half_1,34,middle,3751,sprint,6.97,8.34,458.88520000000005,18.355408,18.066346456692916,17.99549803921569,55.022206235012,2.20088824940048,fixture-level distance scale anomaly (~25x)
1167.0,2025-06-14,1323333,65558,half_1,34,bottom,3750,hsr,5.47,6.53,341.53520000000003,13.661408000000002,13.446267716535434,13.393537254901963,52.3024808575804,2.092099234303216,fixture-level distance scale anomaly (~25x)
1167.0,2025-06-14,1323334,65558,half_1,34,middle,3750,hsr,5.42,6.89,129.22039999999998,5.168816,5.0874173228346455,5.067466666666666,18.754775036284467,0.7501910014513787,fixture-level distance scale anomaly (~25x)
1167.0,2025-06-14,1323335,65558,half_1,34,top,3751,hsr,5.43,5.83,220.042,8.80168,8.663070866141734,8.629098039215686,37.743053173241854,1.509722126929674,fixture-level distance scale anomaly (~25x)
1167.0,2025-06-14,1323336,65558,half_1,35,middle,3750,hsr,5.43,5.57,175.87279999999998,7.034911999999999,6.924125984251968,6.896972549019607,31.575008976660676,1.2630003590664272,fixture-level distance scale anomaly (~25x)
1167.0,2025-06-14,1323337,65558,half_1,39,middle,3751,hsr,5.45,6.61,330.656,13.22624,13.017952755905513,12.966901960784314,50.02360060514372,2.000944024205749,fixture-level distance scale anomaly (~25x)
1167.0,2025-06-14,1323338,65558,half_1,40,middle,3750,hsr,5.42,5.47,223.31159999999997,8.932464,8.79179527559055,8.757317647058823,40.82478976234003,1.6329915904936014,fixture-level distance scale anomaly (~25x)
1167.0,2025-06-14,1323339,65558,half_1,40,middle,3750,hsr,5.51,6.21,501.7451999999999,20.069807999999995,19.75374803149606,19.676282352941172,80.79632850241545,3.2318531400966175,fixture-level distance scale anomaly (~25x)
1167.0,2025-06-14,1323342,65558,half_1,41,bottom,3750,hsr,5.45,6.53,424.3652,16.974608,16.707291338582678,16.64177254901961,64.9870137825421,2.5994805513016845,fixture-level distance scale anomaly (~25x)
1167.0,2025-06-14,1323343,65558,half_1,43,bottom,3750,hsr,5.5,6.91,1055.4316,42.21726399999999,41.55242519685039,41.38947450980392,152.73973950795946,6.109589580318378,fixture-level distance scale anomaly (~25x)
1167.0,2025-06-14,1323340,65558,half_1,44,top,3751,sprint,6.92,8.3,637.5595999999999,25.502383999999996,25.100771653543305,25.00233725490196,76.8144096385542,3.0725763855421677,fixture-level distance scale anomaly (~25x)
1167.0,2025-06-14,1323341,65558,half_1,44,middle,3750,sprint,6.97,7.79,394.6132,15.784528,15.535952755905512,15.475027450980392,50.65637997432606,2.0262551989730424,fixture-level distance scale anomaly (~25x)
1167.0,2025-06-14,1323344,65558,half_1,44,middle,3751,hsr,5.47,6.87,160.8876,6.435504,6.3341574803149605,6.3093176470588235,23.41886462882096,0.9367545851528384,fixture-level distance scale anomaly (~25x)
1167.0,2025-06-14,1323345,65558,half_1,44,middle,3750,hsr,5.44,6.91,135.8844,5.435376,5.349779527559056,5.3288,19.664891461649784,0.7865956584659912,fixture-level distance scale anomaly (~25x)
1167.0,2025-06-14,1323346,65558,half_1,46,middle,3750,sprint,6.92,9.42,931.6888,37.267552,36.68066141732284,36.53681568627451,98.90539278131635,3.9562157112526544,fixture-level distance scale anomaly (~25x)
1167.0,2025-06-14,1323347,65558,half_1,47,middle,3750,hsr,5.5,6.38,238.4044,9.536176000000001,9.386000000000001,9.349192156862745,37.367460815047025,1.494698432601881,fixture-level distance scale anomaly (~25x)
1167.0,2025-06-14,1323348,65558,half_1,47,top,3751,hsr,5.42,6.02,440.84,17.633599999999998,17.355905511811024,17.2878431372549,73.22923588039868,2.9291694352159467,fixture-level distance scale anomaly (~25x)
1167.0,2025-06-14,1323652,65560,half_2,25,top,3750,sprint,6.97,8.7,943.1292,37.725168,37.131070866141734,36.98545882352941,108.4056551724138,4.336226206896551,fixture-level distance scale anomaly (~25x)
1167.0,2025-06-14,1323653,65560,half_2,25,top,3751,hsr,5.45,6.9,129.7276,5.1891039999999995,5.107385826771654,5.087356862745098,18.80110144927536,0.7520440579710144,fixture-level distance scale anomaly (~25x)
1167.0,2025-06-14,1323654,65560,half_2,26,middle,3750,sprint,6.99,9.66,1694.008,67.76032000000001,66.69322834645669,66.4316862745098,175.36314699792962,7.014525879917185,fixture-level distance scale anomaly (~25x)
1167.0,2025-06-14,1323655,65560,half_2,27,middle,3751,sprint,6.91,7.79,788.1795999999999,31.527184,31.030692913385828,30.909003921568626,101.17838254172014,4.047135301668806,fixture-level distance scale anomaly (~25x)
1167.0,2025-06-14,1323656,65560,half_2,27,bottom,3751,hsr,5.44,6.25,313.9548,12.558191999999998,12.360425196850393,12.31195294117647,50.23276799999999,2.0093107199999998,fixture-level distance scale anomaly (~25x)
1167.0,2025-06-14,1323657,65560,half_2,27,middle,3751,hsr,5.46,6.89,365.7148,14.628592000000001,14.398220472440947,14.341756862745099,53.07907111756169,2.1231628447024677,fixture-level distance scale anomaly (~25x)
1167.0,2025-06-14,1323658,65560,half_2,27,top,3751,hsr,5.51,6.9,175.35479999999998,7.0141919999999995,6.903732283464566,6.876658823529411,25.413739130434777,1.0165495652173913,fixture-level distance scale anomaly (~25x)
1167.0,2025-06-14,1323659,65560,half_2,30,bottom,3750,hsr,5.44,5.57,131.6372,5.265488,5.182566929133859,5.162243137254902,23.633249551166966,0.9453299820466786,fixture-level distance scale anomaly (~25x)
1167.0,2025-06-14,1323660,65560,half_2,30,bottom,3751,hsr,5.48,5.9,193.0092,7.720368,7.598787401574803,7.568988235294118,32.71342372881356,1.3085369491525423,fixture-level distance scale anomaly (~25x)
1167.0,2025-06-14,1323662,65560,half_2,31,top,3750,hsr,5.49,5.93,181.8904,7.275616,7.161039370078741,7.132956862745098,30.672917369308603,1.2269166947723442,fixture-level distance scale anomaly (~25x)
1167.0,2025-06-14,1323663,65560,half_2,31,bottom,3751,hsr,5.49,6.96,368.8652,14.754608000000001,14.522251968503939,14.465301960784315,52.99787356321839,2.1199149425287356,fixture-level distance scale anomaly (~25x)
1167.0,2025-06-14,1323664,65560,half_2,32,middle,3750,hsr,5.43,5.58,220.3644,8.814575999999999,8.675763779527559,8.641741176470587,39.49182795698925,1.5796731182795696,fixture-level distance scale anomaly (~25x)
1167.0,2025-06-14,1323665,65560,half_2,33,bottom,3751,hsr,5.46,5.76,167.6968,6.707872,6.602236220472441,6.576345098039216,29.11402777777778,1.1645611111111112,fixture-level distance scale anomaly (~25x)
1167.0,2025-06-14,1323661,65560,half_2,34,bottom,3751,sprint,6.93,7.11,224.4432,8.977727999999999,8.836346456692914,8.801694117647058,31.567257383966243,1.2626902953586496,fixture-level distance scale anomaly (~25x)
1167.0,2025-06-14,1323666,65560,half_2,34,bottom,3751,hsr,5.44,6.93,175.1072,7.004288,6.893984251968504,6.866949019607843,25.26799422799423,1.0107197691197691,fixture-level distance scale anomaly (~25x)
1167.0,2025-06-14,1323667,65560,half_2,34,bottom,3751,hsr,5.4,6.91,321.2504,12.850016,12.647653543307088,12.598054901960785,46.49065123010131,1.8596260492040522,fixture-level distance scale anomaly (~25x)
1167.0,2025-06-14,1323668,65560,half_2,34,middle,3751,hsr,5.38,6.72,381.9092,15.276368,15.035795275590552,14.97683137254902,56.83172619047619,2.273269047619048,fixture-level distance scale anomaly (~25x)
1167.0,2025-06-14,1323669,65560,half_2,34,top,3751,hsr,5.39,7.07,415.842,16.63368,16.371732283464567,16.307529411764705,58.817821782178214,2.3527128712871286,fixture-level distance scale anomaly (~25x)
1167.0,2025-06-14,1323670,65560,half_2,37,middle,3751,sprint,6.92,9.84,1094.4771999999998,43.779087999999994,43.08965354330708,42.920674509803916,111.22735772357721,4.4490943089430885,fixture-level distance scale anomaly (~25x)
1167.0,2025-06-14,1323671,65560,half_2,40,bottom,3751,sprint,6.97,7.47,274.60880000000003,10.984352000000001,10.81137007874016,10.768972549019608,36.76155287817939,1.4704621151271755,fixture-level distance scale anomaly (~25x)
1167.0,2025-06-14,1323672,65560,half_2,40,bottom,3751,hsr,5.45,6.93,173.6488,6.945952,6.836566929133858,6.809756862745098,25.0575468975469,1.002301875901876,fixture-level distance scale anomaly (~25x)
1167.0,2025-06-14,1323673,65560,half_2,41,middle,3751,sprint,6.97,9.34,1449.0492000000002,57.961968000000006,57.04918110236221,56.82545882352942,155.14445396145612,6.205778158458245,fixture-level distance scale anomaly (~25x)
1167.0,2025-06-14,1323674,65560,half_2,45,middle,3750,hsr,5.42,6.07,474.6212,18.984848,18.68587401574803,18.612596078431373,78.1913014827018,3.127652059308072,fixture-level distance scale anomaly (~25x)
1167.0,2025-06-14,1323675,65560,half_2,46,middle,3750,hsr,5.45,6.58,908.896,36.35584,35.78330708661417,35.64298039215686,138.13009118541032,5.525203647416413,fixture-level distance scale anomaly (~25x)
1167.0,2025-06-14,1323676,65560,half_2,47,top,3750,hsr,5.41,5.73,240.0064,9.600256,9.449070866141733,9.41201568627451,41.88593368237347,1.6754373472949389,fixture-level distance scale anomaly (~25x)
1201.0,2025-06-17,1326199,65759,half_1,4,bottom,3760,sprint,6.99,8.92,278.2928,11.131712,10.956409448818897,10.913443137254902,31.198744394618835,1.2479497757847533,fixture-level distance scale anomaly (~25x)
1201.0,2025-06-17,1326200,65759,half_1,9,bottom,3761,hsr,4.67,9.96,186.5264,7.461056,7.34355905511811,7.314760784313726,18.72755020080321,0.7491020080321285,fixture-level distance scale anomaly (~25x)
1201.0,2025-06-17,1326201,65759,half_1,9,bottom,3760,hsr,5.35,5.92,152.2228,6.0889120000000005,5.993023622047245,5.969521568627451,25.713310810810814,1.0285324324324325,fixture-level distance scale anomaly (~25x)
1201.0,2025-06-17,1326202,65759,half_2,4,middle,3760,hsr,5.44,5.71,172.344,6.893759999999999,6.785196850393701,6.758588235294117,30.182837127845882,1.2073134851138352,fixture-level distance scale anomaly (~25x)
1201.0,2025-06-17,1326203,65759,half_2,47,bottom,3760,hsr,5.46,5.59,131.874,5.27496,5.191889763779527,5.1715294117647055,23.591055456171734,0.9436422182468694,fixture-level distance scale anomaly (~25x)
1201.0,2025-06-17,1326206,65761,half_1,2,middle,3761,hsr,5.41,6.04,352.8548,14.114192000000001,13.89192125984252,13.837443137254903,58.41966887417219,2.3367867549668877,fixture-level distance scale anomaly (~25x)
1201.0,2025-06-17,1326204,65761,half_1,3,middle,3761,sprint,6.98,7.16,147.3304,5.893216,5.800409448818898,5.777662745098039,20.576871508379888,0.8230748603351955,fixture-level distance scale anomaly (~25x)
1201.0,2025-06-17,1326207,65761,half_1,3,middle,3761,hsr,5.45,6.95,168.48080000000002,6.739232,6.633102362204726,6.607090196078432,24.241841726618706,0.9696736690647483,fixture-level distance scale anomaly (~25x)
1201.0,2025-06-17,1326208,65761,half_1,3,middle,3761,hsr,5.55,6.98,132.0076,5.280304,5.197149606299213,5.17676862745098,18.912263610315186,0.7564905444126074,fixture-level distance scale anomaly (~25x)
1201.0,2025-06-17,1326205,65761,half_1,4,middle,3761,sprint,6.96,7.41,236.81,9.4724,9.323228346456693,9.286666666666667,31.95816464237517,1.2783265856950068,fixture-level distance scale anomaly (~25x)
1201.0,2025-06-17,1326209,65761,half_1,4,top,3760,hsr,5.41,6.78,549.7284,21.989136,21.642850393700787,21.557976470588233,81.08088495575221,3.2432353982300883,fixture-level distance scale anomaly (~25x)
1201.0,2025-06-17,1326210,65761,half_1,4,top,3761,hsr,5.41,6.92,178.9184,7.1567359999999995,7.044031496062992,7.016407843137254,25.855260115606935,1.0342104046242775,fixture-level distance scale anomaly (~25x)
1201.0,2025-06-17,1326211,65761,half_1,5,top,3761,hsr,5.43,6.36,737.21,29.488400000000002,29.0240157480315,28.910196078431373,115.91352201257861,4.636540880503145,fixture-level distance scale anomaly (~25x)
1201.0,2025-06-17,1326212,65761,half_1,7,middle,3761,hsr,5.49,6.45,258.3628,10.334512,10.17176377952756,10.131874509803922,40.0562480620155,1.6022499224806201,fixture-level distance scale anomaly (~25x)
1201.0,2025-06-17,1326213,65761,half_1,9,top,3761,hsr,5.45,6.68,464.4132,18.576528,18.283984251968505,18.212282352941177,69.52293413173653,2.780917365269461,fixture-level distance scale anomaly (~25x)
1201.0,2025-06-17,1326214,65761,half_1,10,top,3761,hsr,5.44,7.11,439.2796,17.571184000000002,17.294472440944883,17.226650980392158,61.78334739803094,2.471333895921238,fixture-level distance scale anomaly (~25x)
1201.0,2025-06-17,1326216,65761,half_1,12,middle,3760,hsr,5.41,5.78,348.74920000000003,13.949968000000002,13.73028346456693,13.676439215686276,60.33723183391004,2.4134892733564017,fixture-level distance scale anomaly (~25x)
1201.0,2025-06-17,1326217,65761,half_1,13,middle,3761,hsr,5.53,5.88,146.7364,5.8694560000000005,5.777023622047245,5.75436862745098,24.95517006802721,0.9982068027210885,fixture-level distance scale anomaly (~25x)
1201.0,2025-06-17,1326218,65761,half_1,14,middle,3761,hsr,5.39,6.67,581.2656,23.250624,22.88447244094488,22.794729411764703,87.1462668665667,3.4858506746626685,fixture-level distance scale anomaly (~25x)
1201.0,2025-06-17,1326215,65761,half_1,15,top,3761,sprint,7.05,8.01,286.59000000000003,11.463600000000001,11.283070866141735,11.238823529411766,35.77902621722847,1.4311610486891388,fixture-level distance scale anomaly (~25x)
1201.0,2025-06-17,1326219,65761,half_1,16,top,3761,hsr,5.58,6.28,325.3452,13.013808,12.808866141732283,12.758635294117646,51.80656050955413,2.0722624203821653,fixture-level distance scale anomaly (~25x)
1201.0,2025-06-17,1326220,65761,half_1,21,middle,3761,hsr,5.43,6.84,541.6072,21.664288000000003,21.323118110236223,21.239498039215686,79.18233918128655,3.1672935672514626,fixture-level distance scale anomaly (~25x)
1201.0,2025-06-17,1326221,65761,half_1,21,bottom,3761,hsr,5.43,5.77,269.9236,10.796944000000002,10.626913385826773,10.585239215686276,46.780519930675915,1.8712207972270367,fixture-level distance scale anomaly (~25x)
1201.0,2025-06-17,1326222,65761,half_1,24,middle,3760,hsr,5.44,5.6,137.4544,5.498176,5.411590551181102,5.39036862745098,24.545428571428573,0.9818171428571429,fixture-level distance scale anomaly (~25x)
1201.0,2025-06-17,1326223,65761,half_1,25,top,3761,hsr,5.46,5.72,138.90279999999998,5.556112,5.468614173228346,5.44716862745098,24.28370629370629,0.9713482517482518,fixture-level distance scale anomaly (~25x)
1201.0,2025-06-17,1326224,65761,half_1,27,middle,3760,hsr,5.47,5.67,144.02120000000002,5.760848000000001,5.670125984251969,5.647890196078432,25.400564373897712,1.0160225749559084,fixture-level distance scale anomaly (~25x)
1201.0,2025-06-17,1326225,65761,half_1,29,top,3760,hsr,5.43,6.91,1057.3288,42.293152,41.627118110236225,41.46387450980392,153.0142981186686,6.120571924746743,fixture-level distance scale anomaly (~25x)
1201.0,2025-06-17,1326227,65761,half_1,31,middle,3761,hsr,5.47,6.38,262.8492,10.513968,10.348393700787401,10.307811764705882,41.198934169279,1.64795736677116,fixture-level distance scale anomaly (~25x)
1201.0,2025-06-17,1326228,65761,half_1,31,middle,3760,hsr,5.41,6.51,572.934,22.91736,22.556456692913386,22.468,88.00829493087558,3.520331797235023,fixture-level distance scale anomaly (~25x)
1201.0,2025-06-17,1326229,65761,half_1,32,top,3760,hsr,5.49,7.14,355.0024,14.200096,13.976472440944884,13.92166274509804,49.72022408963586,1.9888089635854342,fixture-level distance scale anomaly (~25x)
1201.0,2025-06-17,1326230,65761,half_1,32,middle,3761,hsr,5.45,6.64,615.6076,24.624304000000002,24.236519685039372,24.141474509803924,92.71198795180725,3.7084795180722896,fixture-level distance scale anomaly (~25x)
1201.0,2025-06-17,1326226,65761,half_1,34,top,3760,sprint,7.05,7.37,171.1764,6.847056,6.739228346456693,6.7128,23.226105834464043,0.9290442333785618,fixture-level distance scale anomaly (~25x)
1201.0,2025-06-17,1326233,65761,half_1,36,bottom,3761,hsr,5.49,5.77,139.5448,5.581792,5.493889763779528,5.472345098039216,24.18454072790295,0.9673816291161179,fixture-level distance scale anomaly (~25x)
1201.0,2025-06-17,1326234,65761,half_1,37,bottom,3760,hsr,5.53,6.09,190.9768,7.639072,7.518771653543308,7.489286274509804,31.359080459770116,1.2543632183908047,fixture-level distance scale anomaly (~25x)
1201.0,2025-06-17,1326235,65761,half_1,37,middle,3760,hsr,5.43,7.17,408.6172,16.344688,16.08729133858268,16.024203921568628,56.98984658298466,2.2795938633193864,fixture-level distance scale anomaly (~25x)
1201.0,2025-06-17,1326236,65761,half_1,38,middle,3760,hsr,5.44,6.07,301.97999999999996,12.079199999999998,11.888976377952755,11.842352941176468,49.74958813838549,1.9899835255354197,fixture-level distance scale anomaly (~25x)
1201.0,2025-06-17,1326231,65761,half_1,39,top,3760,sprint,6.96,7.32,278.564,11.142560000000001,10.96708661417323,10.92407843137255,38.055191256830604,1.5222076502732242,fixture-level distance scale anomaly (~25x)
1201.0,2025-06-17,1326237,65761,half_1,39,top,3760,hsr,5.41,6.92,167.4716,6.6988639999999995,6.593370078740158,6.567513725490196,24.201098265895954,0.968043930635838,fixture-level distance scale anomaly (~25x)
1201.0,2025-06-17,1326238,65761,half_1,39,top,3760,hsr,5.49,6.93,156.1488,6.245952,6.147590551181103,6.123482352941176,22.532294372294373,0.9012917748917749,fixture-level distance scale anomaly (~25x)
1201.0,2025-06-17,1326232,65761,half_1,40,middle,3761,sprint,7.0,8.7,456.2448,18.249792,17.962393700787402,17.89195294117647,52.441931034482764,2.0976772413793103,fixture-level distance scale anomaly (~25x)
1201.0,2025-06-17,1326239,65761,half_1,44,bottom,3760,hsr,5.42,6.34,346.52799999999996,13.861119999999998,13.642834645669291,13.589333333333332,54.65741324921135,2.186296529968454,fixture-level distance scale anomaly (~25x)
1201.0,2025-06-17,1326240,65761,half_1,45,top,3761,hsr,5.47,5.9,187.0772,7.483088,7.365244094488189,7.336360784313726,31.708,1.26832,fixture-level distance scale anomaly (~25x)
1201.0,2025-06-17,1326241,65761,half_1,45,top,3760,hsr,5.52,6.0,165.6956,6.627824,6.523448818897639,6.497866666666667,27.615933333333334,1.1046373333333335,fixture-level distance scale anomaly (~25x)
1201.0,2025-06-17,1326242,65761,half_2,1,bottom,3761,sprint,6.92,8.45,587.5196,23.500784,23.130692913385825,23.03998431372549,69.52894674556214,2.7811578698224855,fixture-level distance scale anomaly (~25x)
1201.0,2025-06-17,1326243,65761,half_2,1,middle,3761,hsr,5.06,7.95,193.9672,7.758687999999999,7.636503937007874,7.606556862745098,24.398389937106916,0.9759355974842766,fixture-level distance scale anomaly (~25x)
1201.0,2025-06-17,1326244,65761,half_2,1,top,3761,hsr,5.35,5.88,151.3136,6.052544,5.957228346456693,5.933866666666667,25.733605442176874,1.0293442176870748,fixture-level distance scale anomaly (~25x)
1201.0,2025-06-17,1326245,65761,half_2,1,bottom,3761,hsr,5.42,6.87,220.7984,8.831935999999999,8.692850393700787,8.658760784313724,32.139505094614265,1.2855802037845705,fixture-level distance scale anomaly (~25x)
1201.0,2025-06-17,1326246,65761,half_2,3,top,3760,hsr,5.41,6.18,381.9036,15.276143999999999,15.035574803149606,14.976611764705881,61.796699029126216,2.4718679611650485,fixture-level distance scale anomaly (~25x)
1201.0,2025-06-17,1326247,65761,half_2,5,bottom,3761,hsr,5.42,6.94,443.184,17.72736,17.448188976377956,17.379764705882355,63.85936599423631,2.5543746397694522,fixture-level distance scale anomaly (~25x)
1201.0,2025-06-17,1326249,65761,half_2,7,bottom,3760,hsr,4.78,8.07,214.7276,8.589103999999999,8.45384251968504,8.42069019607843,26.608128872366787,1.0643251548946715,fixture-level distance scale anomaly (~25x)
1201.0,2025-06-17,1326250,65761,half_2,7,bottom,3761,hsr,5.55,8.22,137.6624,5.506495999999999,5.419779527559055,5.398525490196078,16.747250608272505,0.6698900243309002,fixture-level distance scale anomaly (~25x)
1201.0,2025-06-17,1326248,65761,half_2,10,bottom,3761,sprint,6.9,7.22,375.3048,15.012192,14.775779527559056,14.717835294117647,51.98127423822715,2.079250969529086,fixture-level distance scale anomaly (~25x)
1201.0,2025-06-17,1326251,65761,half_2,10,middle,3761,hsr,5.42,6.89,438.0852,17.523408,17.247448818897638,17.17981176470588,63.58275761973875,2.54331030478955,fixture-level distance scale anomaly (~25x)
1201.0,2025-06-17,1326252,65761,half_2,11,bottom,3761,hsr,5.51,6.94,150.5888,6.023552,5.928692913385826,5.905443137254902,21.698674351585012,0.8679469740634005,fixture-level distance scale anomaly (~25x)
1201.0,2025-06-17,1326253,65761,half_2,11,bottom,3760,hsr,5.19,6.35,144.38,5.7752,5.684251968503937,5.661960784313726,22.73700787401575,0.90948031496063,fixture-level distance scale anomaly (~25x)
1201.0,2025-06-17,1326254,65761,half_2,15,bottom,3761,hsr,5.42,5.87,364.6016,14.584064000000001,14.354393700787403,14.298101960784315,62.11270868824532,2.484508347529813,fixture-level distance scale anomaly (~25x)
1201.0,2025-06-17,1326255,65761,half_2,17,middle,3760,hsr,5.42,6.72,606.034,24.24136,23.8596062992126,23.766039215686273,90.18363095238095,3.607345238095238,fixture-level distance scale anomaly (~25x)
1201.0,2025-06-17,1326256,65761,half_2,18,middle,3761,hsr,5.49,6.51,309.6776,12.387103999999999,12.192031496062992,12.144219607843137,47.56952380952381,1.9027809523809522,fixture-level distance scale anomaly (~25x)
1201.0,2025-06-17,1326257,65761,half_2,21,bottom,3761,hsr,5.42,5.63,798.4399999999999,31.937599999999996,31.43464566929134,31.311372549019605,141.81882770870337,5.672753108348134,fixture-level distance scale anomaly (~25x)
1201.0,2025-06-17,1326258,65761,half_2,25,middle,3761,hsr,5.44,7.77,244.0572,9.762288,9.608551181102362,9.570870588235294,31.41019305019305,1.256407722007722,fixture-level distance scale anomaly (~25x)
1201.0,2025-06-17,1326259,65761,half_2,28,middle,3761,sprint,6.94,7.24,312.5856,12.503424,12.30651968503937,12.258258823529411,43.17480662983425,1.7269922651933702,fixture-level distance scale anomaly (~25x)
1201.0,2025-06-17,1326260,65761,half_2,28,middle,3761,hsr,5.43,6.92,187.0204,7.480816,7.363007874015748,7.334133333333333,27.02606936416185,1.081042774566474,fixture-level distance scale anomaly (~25x)
1201.0,2025-06-17,1326261,65761,half_2,28,middle,3761,hsr,5.4,6.91,248.17800000000005,9.927120000000002,9.770787401574806,9.732470588235296,35.915774240231556,1.4366309696092623,fixture-level distance scale anomaly (~25x)
1201.0,2025-06-17,1326262,65761,half_2,28,bottom,3761,hsr,5.38,6.91,294.71680000000003,11.788672000000002,11.603023622047246,11.557521568627452,42.65076700434154,1.7060306801736616,fixture-level distance scale anomaly (~25x)
1201.0,2025-06-17,1326263,65761,half_2,31,top,3761,hsr,5.49,6.46,258.8636,10.354544,10.191480314960632,10.151513725490197,40.07176470588236,1.6028705882352943,fixture-level distance scale anomaly (~25x)
1201.0,2025-06-17,1326264,65761,half_2,34,middle,3761,hsr,5.41,6.51,517.1664,20.686656,20.360881889763778,20.281035294117647,79.44184331797234,3.177673732718894,fixture-level distance scale anomaly (~25x)
1201.0,2025-06-17,1326265,65761,half_2,34,bottom,3761,hsr,5.37,5.8,285.8492,11.433968,11.253905511811023,11.209772549019608,49.28434482758621,1.9713737931034483,fixture-level distance scale anomaly (~25x)
1201.0,2025-06-17,1326266,65761,half_2,36,middle,3760,sprint,6.8,10.65,446.2632,17.850528,17.569417322834646,17.500517647058825,41.902647887323944,1.6761059154929578,fixture-level distance scale anomaly (~25x)
1201.0,2025-06-17,1326267,65761,half_2,36,top,3760,hsr,5.46,6.51,156.0652,6.242608000000001,6.144299212598426,6.120203921568628,23.9731490015361,0.958925960061444,fixture-level distance scale anomaly (~25x)
1201.0,2025-06-17,1326268,65761,half_2,39,middle,3761,hsr,5.4,5.59,394.5412,15.781648,15.533118110236222,15.472203921568628,70.57982110912344,2.8231928443649377,fixture-level distance scale anomaly (~25x)
1201.0,2025-06-17,1327100,65762,half_1,7,middle,3761,hsr,5.42,6.17,393.8236,15.752944,15.504866141732284,15.444062745098039,63.82878444084279,2.5531513776337116,fixture-level distance scale anomaly (~25x)
1201.0,2025-06-17,1327101,65762,half_1,14,middle,3761,hsr,5.48,6.18,263.8304,10.553215999999999,10.387023622047245,10.346290196078431,42.691003236245955,1.707640129449838,fixture-level distance scale anomaly (~25x)
1201.0,2025-06-17,1327102,65762,half_1,21,bottom,3761,sprint,6.91,7.28,392.108,15.68432,15.43732283464567,15.37678431372549,53.86098901098901,2.1544395604395605,fixture-level distance scale anomaly (~25x)
1201.0,2025-06-17,1327103,65762,half_1,21,middle,3761,hsr,5.45,6.89,693.0472000000001,27.721888000000003,27.285322834645676,27.178321568627453,100.58740203193035,4.023496081277214,fixture-level distance scale anomaly (~25x)
1201.0,2025-06-17,1327104,65762,half_1,21,bottom,3761,hsr,5.56,6.97,132.0648,5.282591999999999,5.19940157480315,5.179011764705882,18.94760401721664,0.7579041606886656,fixture-level distance scale anomaly (~25x)
1201.0,2025-06-17,1327105,65762,half_1,22,bottom,3760,hsr,5.43,6.13,403.168,16.12672,15.872755905511813,15.810509803921569,65.76965742251224,2.630786296900489,fixture-level distance scale anomaly (~25x)
1201.0,2025-06-17,1327107,65762,half_1,31,bottom,3761,hsr,5.42,5.83,322.6828,12.907312,12.704047244094488,12.654227450980391,55.348679245283016,2.2139471698113207,fixture-level distance scale anomaly (~25x)
1201.0,2025-06-17,1327108,65762,half_1,31,middle,3760,hsr,5.4,6.39,460.946,18.43784,18.14748031496063,18.0763137254902,72.13552425665102,2.885420970266041,fixture-level distance scale anomaly (~25x)
1201.0,2025-06-17,1327109,65762,half_1,32,middle,3761,hsr,5.42,5.78,275.6288,11.025152,10.85152755905512,10.80897254901961,47.686643598615916,1.9074657439446367,fixture-level distance scale anomaly (~25x)
1201.0,2025-06-17,1327106,65762,half_1,35,bottom,3761,sprint,6.93,8.28,417.308,16.69232,16.42944881889764,16.365019607843138,50.39951690821256,2.0159806763285024,fixture-level distance scale anomaly (~25x)
1201.0,2025-06-17,1327110,65762,half_1,35,top,3760,hsr,5.46,6.39,225.5304,9.021215999999999,8.879149606299212,8.844329411764706,35.29427230046948,1.4117708920187793,fixture-level distance scale anomaly (~25x)
1201.0,2025-06-17,1327111,65762,half_1,35,middle,3761,hsr,5.4,6.86,134.6328,5.385312,5.300503937007875,5.279717647058824,19.625772594752185,0.7850309037900874,fixture-level distance scale anomaly (~25x)
1201.0,2025-06-17,1327112,65762,half_1,36,bottom,3761,sprint,6.98,8.96,248.1164,9.924656,9.76836220472441,9.730054901960784,27.691562499999996,1.1076625,fixture-level distance scale anomaly (~25x)
1201.0,2025-06-17,1327113,65762,half_1,43,bottom,3760,hsr,4.77,7.22,122.1208,4.884832,4.807905511811024,4.789050980392157,16.914238227146814,0.6765695290858726,fixture-level distance scale anomaly (~25x)
1201.0,2025-06-17,1327114,65762,half_1,44,middle,3760,hsr,5.44,5.62,159.9352,6.397408,6.296661417322835,6.271968627450981,28.458220640569397,1.138328825622776,fixture-level distance scale anomaly (~25x)
1201.0,2025-06-17,1327115,65762,half_1,45,top,3760,hsr,5.45,5.69,155.3312,6.213248,6.115401574803149,6.091419607843137,27.29898066783831,1.0919592267135325,fixture-level distance scale anomaly (~25x)
1201.0,2025-06-17,1327116,65762,half_1,46,middle,3760,hsr,5.45,6.14,292.3432,11.693728,11.509574803149608,11.464439215686275,47.61289902280131,1.9045159609120523,fixture-level distance scale anomaly (~25x)
1201.0,2025-06-17,1327117,65762,half_1,47,middle,3760,hsr,5.48,6.03,248.25,9.93,9.773622047244094,9.735294117647058,41.16915422885572,1.6467661691542288,fixture-level distance scale anomaly (~25x)
1201.0,2025-06-17,1327118,65762,half_2,1,bottom,3761,hsr,5.46,6.94,646.6980000000001,25.867920000000005,25.460551181102367,25.360705882352946,93.18414985590779,3.7273659942363118,fixture-level distance scale anomaly (~25x)
1201.0,2025-06-17,1327119,65762,half_2,4,middle,3761,hsr,5.42,5.98,449.7024,17.988096,17.704818897637796,17.63538823529412,75.20107023411371,3.008042809364548,fixture-level distance scale anomaly (~25x)
1201.0,2025-06-17,1327120,65762,half_2,4,bottom,3761,hsr,5.41,6.14,385.9912,15.439648,15.196503937007874,15.136909803921569,62.86501628664495,2.5146006514657984,fixture-level distance scale anomaly (~25x)
1201.0,2025-06-17,1327121,65762,half_2,7,middle,3761,hsr,5.45,5.66,143.6716,5.746864,5.65636220472441,5.634180392156863,25.38367491166078,1.0153469964664312,fixture-level distance scale anomaly (~25x)
1201.0,2025-06-17,1327122,65762,half_2,10,middle,3761,hsr,5.44,6.65,513.5459999999999,20.541839999999997,20.218346456692913,20.13905882352941,77.22496240601502,3.0889984962406007,fixture-level distance scale anomaly (~25x)
1201.0,2025-06-17,1327123,65762,half_2,13,middle,3760,hsr,5.4,6.9,442.3092,17.692368,17.413748031496063,17.345458823529412,64.10278260869565,2.5641113043478256,fixture-level distance scale anomaly (~25x)
1201.0,2025-06-17,1327125,65762,half_2,18,middle,3761,hsr,5.44,6.98,400.756,16.03024,15.77779527559055,15.71592156862745,57.414899713467044,2.2965959885386815,fixture-level distance scale anomaly (~25x)
1201.0,2025-06-17,1327124,65762,half_2,19,middle,3761,sprint,6.94,7.03,153.1696,6.126784,6.030299212598425,6.006650980392157,21.787994310099574,0.8715197724039828,fixture-level distance scale anomaly (~25x)
1201.0,2025-06-17,1327126,65762,half_2,19,middle,3761,hsr,5.42,6.94,255.8476,10.233904,10.072740157480316,10.033239215686274,36.865648414985586,1.4746259365994236,fixture-level distance scale anomaly (~25x)
1201.0,2025-06-17,1327127,65762,half_2,19,bottom,3761,hsr,5.48,6.92,525.9431999999999,21.037727999999998,20.706425196850393,20.625223529411763,76.00335260115607,3.0401341040462424,fixture-level distance scale anomaly (~25x)
1201.0,2025-06-17,1327128,65762,half_2,21,middle,3761,hsr,5.41,5.55,208.4816,8.339264,8.207937007874015,8.175749019607842,37.56425225225225,1.5025700900900902,fixture-level distance scale anomaly (~25x)
1201.0,2025-06-17,1327335,65763,half_2,24,top,3760,hsr,5.43,6.87,493.2404,19.729616,19.418913385826773,19.342760784313725,71.79627365356623,2.8718509461426494,fixture-level distance scale anomaly (~25x)
1201.0,2025-06-17,1327336,65763,half_2,26,top,3760,sprint,6.89,7.84,364.0556,14.562224,14.332897637795277,14.276690196078432,46.435663265306125,1.857426530612245,fixture-level distance scale anomaly (~25x)
1201.0,2025-06-17,1327338,65763,half_2,26,top,3761,hsr,5.42,5.97,310.0772,12.403088,12.20776377952756,12.15989019607843,51.93922948073702,2.077569179229481,fixture-level distance scale anomaly (~25x)
1201.0,2025-06-17,1327339,65763,half_2,26,top,3760,hsr,5.49,6.84,198.2036,7.928144,7.803291338582677,7.772690196078432,28.977134502923978,1.159085380116959,fixture-level distance scale anomaly (~25x)
1201.0,2025-06-17,1327337,65763,half_2,28,top,3760,sprint,6.93,7.25,255.5128,10.220512,10.059559055118111,10.020109803921569,35.24314482758621,1.4097257931034481,fixture-level distance scale anomaly (~25x)
1201.0,2025-06-17,1327340,65763,half_2,28,top,3760,hsr,5.39,6.9,258.014,10.32056,10.158031496062993,10.118196078431373,37.39333333333333,1.4957333333333334,fixture-level distance scale anomaly (~25x)
1201.0,2025-06-17,1327341,65763,half_2,28,top,3760,hsr,5.49,6.95,131.12959999999998,5.245183999999999,5.162582677165354,5.14233725490196,18.86756834532374,0.7547027338129495,fixture-level distance scale anomaly (~25x)
1201.0,2025-06-17,1327342,65763,half_2,29,top,3760,hsr,5.53,5.96,153.3708,6.134832,6.038220472440945,6.014541176470589,25.73335570469799,1.0293342281879194,fixture-level distance scale anomaly (~25x)
1201.0,2025-06-17,1327345,65763,half_2,38,top,3760,hsr,5.42,6.28,277.97999999999996,11.1192,10.944094488188975,10.901176470588235,44.264331210191074,1.770573248407643,fixture-level distance scale anomaly (~25x)
1201.0,2025-06-17,1327343,65763,half_2,40,middle,3761,sprint,6.94,8.4,729.1768,29.167071999999997,28.707748031496063,28.595168627450978,86.8067619047619,3.472270476190476,fixture-level distance scale anomaly (~25x)
1201.0,2025-06-17,1327344,65763,half_2,40,top,3760,sprint,6.93,8.24,470.6064,18.824256000000002,18.52781102362205,18.455152941176472,57.11242718446602,2.2844970873786408,fixture-level distance scale anomaly (~25x)
1201.0,2025-06-17,1327346,65763,half_2,40,top,3760,hsr,5.47,6.73,404.9212,16.196848,15.941779527559056,15.879262745098039,60.16659732540862,2.4066638930163444,fixture-level distance scale anomaly (~25x)
1201.0,2025-06-17,1327347,65763,half_2,40,middle,3761,hsr,5.48,6.88,129.864,5.19456,5.112755905511811,5.092705882352941,18.87558139534884,0.7550232558139535,fixture-level distance scale anomaly (~25x)
1201.0,2025-06-17,1327348,65763,half_2,40,middle,3761,hsr,5.43,6.89,178.6064,7.144256,7.031748031496064,7.004172549019608,25.92255442670537,1.036902177068215,fixture-level distance scale anomaly (~25x)
1201.0,2025-06-17,1327349,65763,half_2,40,middle,3760,hsr,5.4,6.87,286.90279999999996,11.476111999999999,11.295385826771652,11.25109019607843,41.76168850072779,1.6704675400291118,fixture-level distance scale anomaly (~25x)
1201.0,2025-06-17,1327350,65763,half_2,42,top,3760,hsr,5.39,6.4,814.5372,32.581488,32.068393700787404,31.942635294117647,127.27143749999999,5.090857499999999,fixture-level distance scale anomaly (~25x)
1201.0,2025-06-17,1327351,65763,half_2,43,top,3760,hsr,5.45,6.66,319.5084,12.780336,12.579070866141732,12.529741176470589,47.97423423423423,1.9189693693693695,fixture-level distance scale anomaly (~25x)
1201.0,2025-06-17,1327352,65763,half_2,44,top,3761,hsr,5.51,6.45,252.8104,10.112416,9.953165354330709,9.914133333333332,39.195410852713174,1.567816434108527,fixture-level distance scale anomaly (~25x)
1201.0,2025-06-17,1327353,65763,half_2,47,middle,3760,hsr,5.46,6.3,267.2908,10.691632,10.523259842519685,10.481992156862745,42.42711111111111,1.6970844444444446,fixture-level distance scale anomaly (~25x)
1201.0,2025-06-17,1326271,65765,half_1,1,bottom,3760,hsr,5.42,5.94,309.2668,12.370671999999999,12.175858267716535,12.128109803921568,52.06511784511784,2.0826047138047135,fixture-level distance scale anomaly (~25x)
1201.0,2025-06-17,1326269,65765,half_1,3,top,3760,sprint,6.9,7.29,262.8368,10.513472,10.347905511811023,10.307325490196078,36.054430727023316,1.4421772290809327,fixture-level distance scale anomaly (~25x)
1201.0,2025-06-17,1326272,65765,half_1,3,middle,3761,hsr,5.43,6.24,349.2248,13.968992,13.74900787401575,13.695090196078432,55.96551282051282,2.2386205128205128,fixture-level distance scale anomaly (~25x)
1201.0,2025-06-17,1326273,65765,half_1,3,top,3760,hsr,5.43,6.89,347.91,13.916400000000001,13.697244094488191,13.643529411764707,50.494920174165465,2.0197968069666183,fixture-level distance scale anomaly (~25x)
1201.0,2025-06-17,1326274,65765,half_1,4,top,3761,hsr,5.47,6.91,206.5828,8.263311999999999,8.133181102362204,8.101286274509803,29.896208393632413,1.1958483357452965,fixture-level distance scale anomaly (~25x)
1201.0,2025-06-17,1326270,65765,half_1,5,top,3761,sprint,6.94,9.2,865.4564,34.618256,34.073086614173235,33.93946666666667,94.07134782608696,3.762853913043479,fixture-level distance scale anomaly (~25x)
1201.0,2025-06-17,1326275,65765,half_1,6,bottom,3760,hsr,5.42,5.69,211.4792,8.459168,8.325952755905512,8.293301960784314,37.166818980667834,1.4866727592267135,fixture-level distance scale anomaly (~25x)
1201.0,2025-06-17,1326276,65765,half_1,6,middle,3760,hsr,5.45,6.56,446.5876,17.863504,17.582188976377953,17.513239215686276,68.07737804878049,2.7230951219512196,fixture-level distance scale anomaly (~25x)
1201.0,2025-06-17,1326277,65765,half_1,7,middle,3761,hsr,5.54,5.87,135.274,5.41096,5.3257480314960635,5.304862745098039,23.044974446337307,0.9217989778534924,fixture-level distance scale anomaly (~25x)
1201.0,2025-06-17,1326278,65765,half_1,8,middle,3760,hsr,5.46,5.65,166.0288,6.641152,6.536566929133858,6.510933333333333,29.385628318584068,1.1754251327433627,fixture-level distance scale anomaly (~25x)
1201.0,2025-06-17,1326279,65765,half_1,12,bottom,3761,sprint,6.86,9.51,405.9152,16.236608,15.980913385826774,15.918243137254903,42.682986330178764,1.7073194532071505,fixture-level distance scale anomaly (~25x)
1201.0,2025-06-17,1326280,65765,half_1,14,middle,3761,hsr,5.43,7.11,417.7736,16.710943999999998,16.447779527559057,16.38327843137255,58.7585935302391,2.3503437412095636,fixture-level distance scale anomaly (~25x)
1201.0,2025-06-17,1326282,65765,half_1,16,top,3760,hsr,5.35,7.47,590.3127999999999,23.612511999999995,23.240661417322833,23.14952156862745,79.02447121820614,3.160978848728246,fixture-level distance scale anomaly (~25x)
1201.0,2025-06-17,1326281,65765,half_1,19,top,3760,sprint,6.93,7.74,355.2076,14.208304,13.984551181102363,13.929709803921568,45.89245478036176,1.8356981912144703,fixture-level distance scale anomaly (~25x)
1201.0,2025-06-17,1326283,65765,half_1,21,bottom,3761,sprint,6.94,9.84,1020.8148,40.832592,40.18955905511811,40.03195294117647,103.74134146341463,4.149653658536585,fixture-level distance scale anomaly (~25x)
1201.0,2025-06-17,1326286,65765,half_1,21,bottom,3761,hsr,5.4,6.24,366.4624,14.658496,14.427653543307088,14.371074509803922,58.72794871794871,2.3491179487179488,fixture-level distance scale anomaly (~25x)
1201.0,2025-06-17,1326284,65765,half_1,22,middle,3760,sprint,7.03,9.6,1032.4728,41.298912,40.64853543307087,40.48912941176471,107.54925,4.301970000000001,fixture-level distance scale anomaly (~25x)
1201.0,2025-06-17,1326287,65765,half_1,22,bottom,3760,hsr,5.5,6.1,196.714,7.8685599999999996,7.744645669291339,7.714274509803921,32.24819672131148,1.289927868852459,fixture-level distance scale anomaly (~25x)
1201.0,2025-06-17,1326285,65765,half_1,24,top,3760,sprint,6.89,7.7,308.1948,12.327791999999999,12.133653543307087,12.086070588235293,40.0252987012987,1.6010119480519478,fixture-level distance scale anomaly (~25x)
1201.0,2025-06-17,1326288,65765,half_1,24,middle,3760,hsr,5.46,6.85,1174.4108,46.976432,46.23664566929135,46.05532549019608,171.44683211678836,6.857873284671534,fixture-level distance scale anomaly (~25x)
1201.0,2025-06-17,1326289,65765,half_1,25,top,3761,hsr,5.49,6.24,223.2672,8.930688,8.790047244094488,8.755576470588235,35.78,1.4312,fixture-level distance scale anomaly (~25x)
1201.0,2025-06-17,1326290,65765,half_1,28,top,3760,hsr,5.5,6.1,238.3656,9.534624,9.384472440944883,9.347670588235294,39.07632786885246,1.5630531147540987,fixture-level distance scale anomaly (~25x)
1201.0,2025-06-17,1326291,65765,half_1,29,top,3760,hsr,5.49,6.01,195.1876,7.807504,7.684551181102362,7.65441568627451,32.4771381031614,1.2990855241264558,fixture-level distance scale anomaly (~25x)
1201.0,2025-06-17,1326292,65765,half_1,31,middle,3760,sprint,6.92,7.9,510.9996,20.439984,20.118094488188976,20.0392,64.68349367088607,2.587339746835443,fixture-level distance scale anomaly (~25x)
1201.0,2025-06-17,1326294,65765,half_1,31,middle,3761,hsr,5.45,5.87,290.1684,11.606736000000001,11.423952755905514,11.379152941176471,49.432436115843274,1.977297444633731,fixture-level distance scale anomaly (~25x)
1201.0,2025-06-17,1326295,65765,half_1,31,middle,3760,hsr,5.41,6.91,154.0224,6.160896,6.063874015748032,6.040094117647059,22.289782923299565,0.8915913169319827,fixture-level distance scale anomaly (~25x)
1201.0,2025-06-17,1326296,65765,half_1,31,middle,3760,hsr,5.46,6.88,154.73399999999998,6.189359999999999,6.091889763779527,6.068,22.490406976744183,0.8996162790697673,fixture-level distance scale anomaly (~25x)
1201.0,2025-06-17,1326297,65765,half_1,32,top,3760,hsr,5.46,6.6,249.6048,9.984192,9.826960629921262,9.788423529411766,37.818909090909095,1.5127563636363637,fixture-level distance scale anomaly (~25x)
1201.0,2025-06-17,1326293,65765,half_1,33,top,3760,sprint,7.05,7.35,149.0196,5.960784,5.866913385826772,5.843905882352941,20.274775510204083,0.8109910204081634,fixture-level distance scale anomaly (~25x)
1201.0,2025-06-17,1326298,65765,half_1,36,middle,3761,hsr,5.44,6.73,340.7396,13.629584,13.414944881889765,13.362337254901961,50.629955423476964,2.0251982169390788,fixture-level distance scale anomaly (~25x)
1201.0,2025-06-17,1326299,65765,half_1,40,middle,3761,hsr,5.45,6.15,328.4948,13.139792,12.932866141732283,12.882149019607843,53.413788617886176,2.136551544715447,fixture-level distance scale anomaly (~25x)
1201.0,2025-06-17,1326300,65765,half_1,43,middle,3761,sprint,6.96,7.78,491.788,19.67152,19.36173228346457,19.28580392156863,63.21182519280205,2.5284730077120825,fixture-level distance scale anomaly (~25x)
1201.0,2025-06-17,1326302,65765,half_1,43,top,3761,hsr,5.51,6.94,143.7776,5.751104000000001,5.660535433070867,5.638337254901961,20.717233429394813,0.8286893371757925,fixture-level distance scale anomaly (~25x)
1201.0,2025-06-17,1326303,65765,half_1,43,middle,3761,hsr,5.46,6.9,136.06,5.4424,5.356692913385827,5.335686274509804,19.718840579710143,0.7887536231884058,fixture-level distance scale anomaly (~25x)
1201.0,2025-06-17,1326301,65765,half_1,44,top,3760,sprint,6.94,7.91,641.1448,25.645792,25.241921259842524,25.142933333333335,81.05496839443742,3.242198735777497,fixture-level distance scale anomaly (~25x)
1201.0,2025-06-17,1326304,65765,half_1,44,middle,3760,hsr,5.42,6.91,223.272,8.93088,8.79023622047244,8.755764705882353,32.31143270622287,1.2924573082489146,fixture-level distance scale anomaly (~25x)
1201.0,2025-06-17,1326305,65765,half_1,44,top,3760,hsr,5.42,6.93,142.3496,5.693984,5.604314960629922,5.582337254901961,20.541067821067823,0.821642712842713,fixture-level distance scale anomaly (~25x)
1201.0,2025-06-17,1326306,65765,half_1,46,top,3760,sprint,6.92,7.78,408.2644,16.330576,16.073401574803153,16.01036862745098,52.476143958868896,2.0990457583547557,fixture-level distance scale anomaly (~25x)
1201.0,2025-06-17,1326307,65765,half_1,46,top,3760,hsr,5.38,6.88,214.1644,8.566576,8.431669291338583,8.398603921568627,31.128546511627906,1.2451418604651163,fixture-level distance scale anomaly (~25x)
1201.0,2025-06-17,1326308,65765,half_2,1,top,3761,hsr,5.4,6.88,934.1776,37.367104,36.77864566929134,36.63441568627451,135.78162790697675,5.43126511627907,fixture-level distance scale anomaly (~25x)
1201.0,2025-06-17,1326309,65765,half_2,1,bottom,3761,hsr,5.45,5.9,250.6876,10.027504,9.869590551181103,9.830886274509805,42.489423728813556,1.6995769491525423,fixture-level distance scale anomaly (~25x)
1201.0,2025-06-17,1326310,65765,half_2,2,middle,3760,hsr,5.47,5.8,179.6196,7.184784,7.07163779527559,7.043905882352941,30.968896551724136,1.2387558620689656,fixture-level distance scale anomaly (~25x)
1201.0,2025-06-17,1326311,65765,half_2,2,middle,3760,hsr,5.44,6.07,254.2472,10.169888,10.009732283464567,9.970478431372548,41.88586490939044,1.6754345963756176,fixture-level distance scale anomaly (~25x)
1201.0,2025-06-17,1326312,65765,half_2,2,middle,3761,hsr,5.42,6.04,258.9876,10.359504,10.196362204724409,10.156376470588235,42.878741721854304,1.715149668874172,fixture-level distance scale anomaly (~25x)
1201.0,2025-06-17,1326313,65765,half_2,3,top,3761,hsr,5.45,6.01,294.2984,11.771936,11.586551181102363,11.541113725490197,48.968119800332786,1.9587247920133113,fixture-level distance scale anomaly (~25x)
1201.0,2025-06-17,1326314,65765,half_2,7,bottom,3761,hsr,5.42,5.49,168.9676,6.758704,6.652267716535434,6.626180392156863,30.777340619307832,1.2310936247723132,fixture-level distance scale anomaly (~25x)
1201.0,2025-06-17,1326315,65765,half_2,11,bottom,3761,hsr,5.42,6.91,154.5528,6.182112,6.084755905511811,6.0608941176470585,22.36654124457308,0.8946616497829233,fixture-level distance scale anomaly (~25x)
1201.0,2025-06-17,1326316,65765,half_2,11,bottom,3761,sprint,6.95,7.41,273.2864,10.931456,10.759307086614175,10.717113725490197,36.88075573549258,1.4752302294197033,fixture-level distance scale anomaly (~25x)
1201.0,2025-06-17,1326317,65765,half_2,11,bottom,3761,hsr,5.46,6.96,137.1268,5.485072,5.398692913385827,5.377521568627451,19.702126436781608,0.7880850574712643,fixture-level distance scale anomaly (~25x)
1201.0,2025-06-17,1326318,65765,half_2,13,top,3760,hsr,5.39,6.09,551.7472,22.069888000000002,21.72233070866142,21.637145098039216,90.59888341543514,3.623955336617406,fixture-level distance scale anomaly (~25x)
1201.0,2025-06-17,1326319,65765,half_2,14,top,3760,hsr,5.54,6.95,297.1776,11.887103999999999,11.699905511811023,11.654023529411765,42.75936690647482,1.7103746762589926,fixture-level distance scale anomaly (~25x)
1201.0,2025-06-17,1326320,65765,half_2,14,top,3761,hsr,5.4,6.19,398.4956,15.939824000000002,15.6888031496063,15.62727843137255,64.3773182552504,2.575092730210016,fixture-level distance scale anomaly (~25x)
1201.0,2025-06-17,1326321,65765,half_2,15,bottom,3761,hsr,5.43,5.94,233.834,9.35336,9.206062992125984,9.169960784313725,39.36599326599326,1.5746397306397306,fixture-level distance scale anomaly (~25x)
1201.0,2025-06-17,1326322,65765,half_2,17,top,3760,sprint,6.92,7.39,490.5192,19.620768,19.311779527559057,19.23604705882353,66.37607577807849,2.6550430311231397,fixture-level distance scale anomaly (~25x)
1201.0,2025-06-17,1326323,65765,half_2,17,middle,3760,hsr,5.5,6.91,162.4696,6.498784000000001,6.396440944881891,6.371356862745099,23.512243125904487,0.9404897250361796,fixture-level distance scale anomaly (~25x)
1201.0,2025-06-17,1326324,65765,half_2,17,middle,3760,hsr,5.41,6.9,341.8728,13.674911999999999,13.45955905511811,13.406776470588234,49.54678260869565,1.9818713043478258,fixture-level distance scale anomaly (~25x)
1201.0,2025-06-17,1326325,65765,half_2,19,top,3760,hsr,5.4,6.66,870.126,34.80504,34.25692913385827,34.12258823529412,130.64954954954953,5.225981981981982,fixture-level distance scale anomaly (~25x)
1201.0,2025-06-17,1326326,65765,half_2,22,bottom,3761,hsr,5.43,5.98,747.2996,29.891984,29.42124409448819,29.30586666666667,124.96648829431439,4.998659531772575,fixture-level distance scale anomaly (~25x)
1201.0,2025-06-17,1327280,65766,half_2,24,middle,3760,hsr,5.39,6.95,480.0116,19.200464,18.898094488188978,18.82398431372549,69.06641726618705,2.762656690647482,fixture-level distance scale anomaly (~25x)
1201.0,2025-06-17,1327281,65766,half_2,25,top,3760,hsr,5.43,5.96,361.3628,14.454512,14.22688188976378,14.171090196078431,60.63134228187919,2.425253691275168,fixture-level distance scale anomaly (~25x)
1201.0,2025-06-17,1327283,65766,half_2,26,middle,3761,hsr,5.49,6.06,187.5524,7.502096,7.383952755905512,7.354996078431372,30.94924092409241,1.2379696369636963,fixture-level distance scale anomaly (~25x)
1201.0,2025-06-17,1327284,65766,half_2,26,top,3760,hsr,5.44,6.67,394.358,15.77432,15.525905511811025,15.465019607843137,59.12413793103448,2.3649655172413793,fixture-level distance scale anomaly (~25x)
1201.0,2025-06-17,1327285,65766,half_2,27,middle,3761,hsr,5.45,5.81,191.4448,7.657792,7.537196850393701,7.507639215686274,32.95091222030981,1.3180364888123925,fixture-level distance scale anomaly (~25x)
1201.0,2025-06-17,1327286,65766,half_2,27,middle,3760,hsr,5.46,6.03,201.3272,8.053088,7.926267716535434,7.8951843137254905,33.38759535655058,1.3355038142620232,fixture-level distance scale anomaly (~25x)
1201.0,2025-06-17,1327282,65766,half_2,28,middle,3760,sprint,6.94,8.29,567.6156,22.704624,22.34707086614173,22.259435294117647,68.46991556091677,2.738796622436671,fixture-level distance scale anomaly (~25x)
1201.0,2025-06-17,1327287,65766,half_2,28,middle,3761,hsr,5.4,5.68,344.95439999999996,13.798175999999998,13.580881889763779,13.527623529411763,60.73140845070422,2.4292563380281686,fixture-level distance scale anomaly (~25x)
1201.0,2025-06-17,1327288,65766,half_2,28,middle,3760,hsr,5.41,6.93,129.5956,5.1838239999999995,5.102188976377953,5.082180392156863,18.70066378066378,0.7480265512265512,fixture-level distance scale anomaly (~25x)
1201.0,2025-06-17,1327289,65766,half_2,28,middle,3760,hsr,5.36,6.87,146.6712,5.866848,5.774456692913386,5.751811764705883,21.349519650655022,0.8539807860262009,fixture-level distance scale anomaly (~25x)
1201.0,2025-06-17,1327290,65766,half_2,35,bottom,3760,hsr,5.42,6.24,378.0924,15.123696,14.885527559055118,14.82715294117647,60.591730769230765,2.4236692307692307,fixture-level distance scale anomaly (~25x)
1201.0,2025-06-17,1327291,65766,half_2,36,middle,3760,sprint,6.95,7.58,373.0312,14.921248,14.686267716535435,14.628674509803922,49.21255936675462,1.9685023746701846,fixture-level distance scale anomaly (~25x)
1201.0,2025-06-17,1327293,65766,half_2,36,top,3760,hsr,5.45,6.91,167.5824,6.703296,6.597732283464568,6.571858823529412,24.252156295224314,0.9700862518089725,fixture-level distance scale anomaly (~25x)
1201.0,2025-06-17,1327294,65766,half_2,38,top,3761,hsr,5.51,6.1,196.8476,7.873904,7.749905511811024,7.719513725490196,32.27009836065574,1.2908039344262294,fixture-level distance scale anomaly (~25x)
1201.0,2025-06-17,1327292,65766,half_2,39,middle,3761,sprint,6.96,7.24,197.972,7.918880000000001,7.794173228346457,7.7636078431372555,27.344198895027624,1.093767955801105,fixture-level distance scale anomaly (~25x)
1201.0,2025-06-17,1327295,65766,half_2,39,middle,3761,hsr,5.42,6.94,167.5272,6.7010879999999995,6.595559055118111,6.5696941176470585,24.139365994236307,0.9655746397694523,fixture-level distance scale anomaly (~25x)
1201.0,2025-06-17,1327296,65766,half_2,39,middle,3761,hsr,5.41,6.92,208.7924,8.351695999999999,8.220173228346457,8.18793725490196,30.172312138728323,1.2068924855491328,fixture-level distance scale anomaly (~25x)
1201.0,2025-06-17,1327297,65766,half_2,40,top,3760,hsr,5.45,6.86,533.5364000000001,21.341456000000004,21.00537007874016,20.922996078431375,77.77498542274053,3.1109994169096216,fixture-level distance scale anomaly (~25x)
1201.0,2025-06-17,1327298,65766,half_2,40,top,3760,hsr,5.42,5.99,311.28080000000006,12.451232000000003,12.255149606299215,12.207090196078434,51.966744574290495,2.0786697829716196,fixture-level distance scale anomaly (~25x)
1201.0,2025-06-17,1327299,65766,half_2,42,middle,3760,sprint,6.89,7.43,258.608,10.34432,10.181417322834646,10.141490196078431,34.80592193808883,1.3922368775235532,fixture-level distance scale anomaly (~25x)
1201.0,2025-06-17,1327300,65766,half_2,42,top,3760,sprint,6.85,8.09,486.0644,19.442576,19.1363937007874,19.061349019607842,60.082126081582196,2.403285043263288,fixture-level distance scale anomaly (~25x)
1201.0,2025-06-17,1327302,65766,half_2,42,middle,3761,hsr,5.53,6.87,333.8508,13.354032,13.143732283464567,13.092188235294117,48.59545851528384,1.9438183406113536,fixture-level distance scale anomaly (~25x)
1201.0,2025-06-17,1327303,65766,half_2,42,middle,3760,hsr,6.53,6.85,187.9764,7.519056000000001,7.40064566929134,7.371623529411766,27.441810218978105,1.0976724087591243,fixture-level distance scale anomaly (~25x)
1201.0,2025-06-17,1327304,65766,half_2,44,top,3761,hsr,5.44,6.01,387.736,15.50944,15.265196850393702,15.205333333333334,64.51514143094842,2.580605657237937,fixture-level distance scale anomaly (~25x)
1201.0,2025-06-17,1327301,65766,half_2,45,middle,3761,sprint,6.96,7.41,309.9348,12.397392,12.20215748031496,12.154305882352942,41.82655870445344,1.6730623481781377,fixture-level distance scale anomaly (~25x)
1201.0,2025-06-17,1327305,65766,half_2,45,middle,3761,hsr,5.46,6.95,149.6872,5.987488,5.893196850393701,5.870086274509804,21.537726618705033,0.8615090647482014,fixture-level distance scale anomaly (~25x)
1201.0,2025-06-17,1327306,65766,half_2,45,middle,3761,hsr,5.43,6.92,179.5012,7.180048,7.066976377952757,7.03926274509804,25.93947976878613,1.0375791907514451,fixture-level distance scale anomaly (~25x)
1201.0,2025-06-17,1327307,65766,half_2,49,top,3760,sprint,6.97,8.28,575.7152,23.028608,22.66595275590551,22.577066666666667,69.53082125603865,2.7812328502415458,fixture-level distance scale anomaly (~25x)
1201.0,2025-06-17,1327309,65766,half_2,49,top,3760,hsr,5.38,6.91,147.3208,5.892831999999999,5.800031496062992,5.7772862745098035,21.319942112879883,0.8527976845151952,fixture-level distance scale anomaly (~25x)
1201.0,2025-06-17,1327308,65766,half_2,50,top,3761,sprint,6.94,7.24,219.4404,8.777616,8.639385826771655,8.605505882352942,30.309447513812156,1.2123779005524862,fixture-level distance scale anomaly (~25x)
1201.0,2025-06-17,1327310,65766,half_2,50,top,3761,hsr,5.47,6.95,137.194,5.48776,5.401338582677165,5.380156862745098,19.740143884892085,0.7896057553956835,fixture-level distance scale anomaly (~25x)
1201.0,2025-06-17,1327311,65766,half_2,50,top,3761,hsr,5.43,6.91,258.3124,10.332496,10.169779527559056,10.129898039215687,37.38240231548481,1.4952960926193923,fixture-level distance scale anomaly (~25x)
1201.0,2025-06-17,1326328,65767,half_1,1,middle,3760,hsr,5.51,5.83,163.4272,6.537088,6.434141732283465,6.408909803921569,28.032109777015435,1.1212843910806174,fixture-level distance scale anomaly (~25x)
1201.0,2025-06-17,1326327,65767,half_1,3,top,3760,sprint,6.99,8.49,449.4004,17.976016,17.692929133858268,17.623545098039216,52.93290930506478,2.117316372202591,fixture-level distance scale anomaly (~25x)
1201.0,2025-06-17,1326329,65767,half_1,3,top,3760,hsr,5.48,6.19,258.0596,10.322384,10.159826771653544,10.11998431372549,41.6897576736672,1.667590306946688,fixture-level distance scale anomaly (~25x)
1201.0,2025-06-17,1326330,65767,half_1,4,top,3761,hsr,5.43,5.67,222.2836,8.891344,8.75132283464567,8.717003921568628,39.20345679012346,1.5681382716049383,fixture-level distance scale anomaly (~25x)
1201.0,2025-06-17,1326331,65767,half_1,5,top,3761,hsr,5.47,5.76,156.4212,6.256848,6.158314960629921,6.134164705882353,27.156458333333333,1.0862583333333333,fixture-level distance scale anomaly (~25x)
1201.0,2025-06-17,1326332,65767,half_1,6,middle,3760,hsr,5.48,6.71,296.11440000000005,11.844576000000002,11.65804724409449,11.612329411764708,44.13031296572281,1.7652125186289123,fixture-level distance scale anomaly (~25x)
1201.0,2025-06-17,1326333,65767,half_1,10,top,3760,hsr,5.48,6.13,244.8256,9.793024,9.6388031496063,9.601003921568628,39.938923327895594,1.597556933115824,fixture-level distance scale anomaly (~25x)
1201.0,2025-06-17,1326334,65767,half_1,10,top,3761,hsr,5.51,6.22,210.9388,8.437552,8.304677165354331,8.272109803921568,33.91299035369775,1.3565196141479101,fixture-level distance scale anomaly (~25x)
1201.0,2025-06-17,1326335,65767,half_1,12,middle,3760,sprint,6.95,8.33,712.1311999999999,28.485248,28.036661417322833,27.926713725490192,85.48993997599038,3.4195975990396157,fixture-level distance scale anomaly (~25x)
1201.0,2025-06-17,1326336,65767,half_1,12,bottom,3760,hsr,5.48,6.89,130.0128,5.200512,5.118614173228346,5.098541176470588,18.86978229317852,0.7547912917271408,fixture-level distance scale anomaly (~25x)
1201.0,2025-06-17,1326337,65767,half_1,14,middle,3761,hsr,5.49,5.78,139.63639999999998,5.585455999999999,5.497496062992125,5.47593725490196,24.158546712802764,0.9663418685121105,fixture-level distance scale anomaly (~25x)
1201.0,2025-06-17,1326338,65767,half_1,16,top,3761,sprint,7.0,7.24,155.1672,6.206688000000001,6.108944881889764,6.084988235294118,21.43193370165746,0.8572773480662984,fixture-level distance scale anomaly (~25x)
1201.0,2025-06-17,1326340,65767,half_1,16,top,3761,hsr,5.42,6.95,142.81879999999998,5.712751999999999,5.6227874015748025,5.6007372549019605,20.54946762589928,0.821978705035971,fixture-level distance scale anomaly (~25x)
1201.0,2025-06-17,1326341,65767,half_1,16,top,3760,hsr,5.42,6.61,410.6204,16.424816,16.16615748031496,16.102760784313727,62.12108925869894,2.4848435703479574,fixture-level distance scale anomaly (~25x)
1201.0,2025-06-17,1326339,65767,half_1,19,top,3760,sprint,6.97,7.31,191.8588,7.674352,7.553496062992126,7.523874509803922,26.24607387140903,1.0498429548563613,fixture-level distance scale anomaly (~25x)
1201.0,2025-06-17,1326342,65767,half_1,19,top,3760,hsr,5.41,6.92,148.26999999999998,5.9308,5.837401574803149,5.814509803921568,21.42630057803468,0.8570520231213873,fixture-level distance scale anomaly (~25x)
1201.0,2025-06-17,1326343,65767,half_1,19,top,3760,hsr,5.5,6.98,131.2672,5.250688,5.168,5.147733333333333,18.80618911174785,0.752247564469914,fixture-level distance scale anomaly (~25x)
1201.0,2025-06-17,1326345,65767,half_1,21,bottom,3761,hsr,5.41,6.32,471.39,18.8556,18.558661417322835,18.485882352941175,74.5870253164557,2.9834810126582276,fixture-level distance scale anomaly (~25x)
1201.0,2025-06-17,1326346,65767,half_1,22,bottom,3760,hsr,5.42,6.22,547.5247999999999,21.900991999999995,21.556094488188975,21.471560784313724,88.02649517684887,3.5210598070739545,fixture-level distance scale anomaly (~25x)
1201.0,2025-06-17,1326347,65767,half_1,22,middle,3760,hsr,5.51,6.39,345.4448,13.817791999999999,13.600188976377954,13.546854901960783,54.06021909233177,2.1624087636932705,fixture-level distance scale anomaly (~25x)
1201.0,2025-06-17,1326348,65767,half_1,22,top,3760,hsr,5.42,5.92,256.3336,10.253344,10.091874015748031,10.052298039215685,43.299594594594595,1.731983783783784,fixture-level distance scale anomaly (~25x)
1201.0,2025-06-17,1326344,65767,half_1,23,top,3760,sprint,6.91,9.02,385.0552,15.402208,15.159653543307089,15.100203921568628,42.68904656319291,1.7075618625277162,fixture-level distance scale anomaly (~25x)
1201.0,2025-06-17,1326349,65767,half_1,24,middle,3760,hsr,5.45,7.07,450.908,18.03632,17.75228346456693,17.682666666666666,63.77765205091938,2.551106082036775,fixture-level distance scale anomaly (~25x)
1201.0,2025-06-17,1326350,65767,half_1,26,top,3761,sprint,7.0,7.93,353.61760000000004,14.144704,13.921952755905513,13.8673568627451,44.592383354350574,1.783695334174023,fixture-level distance scale anomaly (~25x)
1201.0,2025-06-17,1326351,65767,half_1,26,top,3761,hsr,5.35,6.92,140.892,5.63568,5.546929133858268,5.525176470588235,20.360115606936414,0.8144046242774566,fixture-level distance scale anomaly (~25x)
1201.0,2025-06-17,1326352,65767,half_1,29,top,3760,hsr,5.47,6.17,215.7624,8.630496,8.494582677165356,8.461270588235294,34.969594813614265,1.3987837925445707,fixture-level distance scale anomaly (~25x)
1201.0,2025-06-17,1326353,65767,half_1,31,middle,3760,sprint,6.96,9.0,630.6672,25.226688,24.829417322834647,24.73204705882353,70.07413333333334,2.8029653333333333,fixture-level distance scale anomaly (~25x)
1201.0,2025-06-17,1326354,65767,half_1,31,middle,3760,hsr,5.43,6.91,154.4256,6.177024,6.079748031496063,6.055905882352941,22.348133140376266,0.8939253256150507,fixture-level distance scale anomaly (~25x)
1201.0,2025-06-17,1326355,65767,half_1,32,top,3760,hsr,5.47,5.83,157.09,6.2836,6.184645669291339,6.160392156862745,26.945111492281303,1.0778044596912522,fixture-level distance scale anomaly (~25x)
1201.0,2025-06-17,1326356,65767,half_1,33,middle,3761,hsr,5.45,5.85,416.4008,16.656032,16.39373228346457,16.329443137254902,71.17962393162394,2.8471849572649575,fixture-level distance scale anomaly (~25x)
1201.0,2025-06-17,1326357,65767,half_1,35,middle,3761,hsr,5.35,7.27,158.5992,6.343968,6.2440629921259845,6.219576470588235,21.81557083906465,0.8726228335625861,fixture-level distance scale anomaly (~25x)
1201.0,2025-06-17,1326358,65767,half_1,36,bottom,3760,hsr,5.48,6.17,143.9076,5.756304,5.665653543307087,5.643435294117647,23.323760129659643,0.9329504051863857,fixture-level distance scale anomaly (~25x)
1201.0,2025-06-17,1326359,65767,half_1,37,bottom,3760,hsr,5.42,5.93,383.832,15.35328,15.111496062992126,15.052235294117647,64.72715008431703,2.5890860033726812,fixture-level distance scale anomaly (~25x)
1201.0,2025-06-17,1326360,65767,half_1,40,top,3761,hsr,5.47,6.84,485.7304,19.429216,19.12324409448819,19.048250980392154,71.013216374269,2.8405286549707602,fixture-level distance scale anomaly (~25x)
1201.0,2025-06-17,1326362,65767,half_1,41,top,3760,hsr,5.47,6.51,309.7916,12.391664,12.196519685039371,12.148690196078432,47.58703533026114,1.9034814132104456,fixture-level distance scale anomaly (~25x)
1201.0,2025-06-17,1326361,65767,half_1,44,top,3760,sprint,6.99,9.74,1289.5224,51.580896,50.768598425196856,50.56950588235294,132.39449691991786,5.295779876796715,fixture-level distance scale anomaly (~25x)
1201.0,2025-06-17,1326363,65767,half_1,45,top,3760,hsr,5.48,5.82,168.4908,6.739632,6.633496062992126,6.607482352941177,28.950309278350517,1.1580123711340207,fixture-level distance scale anomaly (~25x)
1201.0,2025-06-17,1326364,65767,half_1,46,top,3760,sprint,6.89,8.63,734.2744,29.370976,28.908440944881892,28.79507450980392,85.08393974507531,3.4033575898030124,fixture-level distance scale anomaly (~25x)
1201.0,2025-06-17,1326365,65767,half_1,46,middle,3760,hsr,5.51,6.86,446.3196,17.852784,17.571637795275592,17.502729411764705,65.06116618075801,2.6024466472303205,fixture-level distance scale anomaly (~25x)
1201.0,2025-06-17,1326367,65767,half_2,1,top,3761,hsr,5.43,5.94,297.988,11.91952,11.731811023622049,11.685803921568628,50.16632996632996,2.006653198653199,fixture-level distance scale anomaly (~25x)
1201.0,2025-06-17,1326366,65767,half_2,2,middle,3760,sprint,7.05,7.89,268.9824,10.759295999999999,10.589858267716535,10.548329411764705,34.09155893536121,1.3636623574144486,fixture-level distance scale anomaly (~25x)
1201.0,2025-06-17,1326368,65767,half_2,4,bottom,3761,hsr,5.42,5.89,313.44599999999997,12.53784,12.3403937007874,12.291999999999998,53.216638370118844,2.1286655348047536,fixture-level distance scale anomaly (~25x)
1201.0,2025-06-17,1326369,65767,half_2,5,bottom,3760,hsr,5.46,5.79,190.9972,7.639888,7.519574803149607,7.490086274509804,32.987426597582036,1.3194970639032815,fixture-level distance scale anomaly (~25x)
1201.0,2025-06-17,1326371,65767,half_2,7,middle,3761,hsr,5.51,6.09,178.882,7.15528,7.042598425196851,7.014980392156863,29.373070607553366,1.1749228243021348,fixture-level distance scale anomaly (~25x)
1201.0,2025-06-17,1326372,65767,half_2,7,bottom,3761,hsr,5.42,5.76,167.63479999999998,6.705392,6.599795275590551,6.573913725490195,29.103263888888886,1.1641305555555557,fixture-level distance scale anomaly (~25x)
1201.0,2025-06-17,1326370,65767,half_2,10,middle,3761,sprint,6.96,7.89,534.5964,21.383856,21.047102362204726,20.964564705882353,67.75619771863119,2.7102479087452473,fixture-level distance scale anomaly (~25x)
1201.0,2025-06-17,1326373,65767,half_2,10,middle,3761,hsr,5.43,6.92,173.61079999999998,6.944431999999999,6.835070866141732,6.808266666666666,25.088265895953754,1.0035306358381502,fixture-level distance scale anomaly (~25x)
1201.0,2025-06-17,1326374,65767,half_2,12,bottom,3760,sprint,7.01,7.41,193.3324,7.733296,7.611511811023623,7.58166274509804,26.090742240215924,1.043629689608637,fixture-level distance scale anomaly (~25x)
1201.0,2025-06-17,1326375,65767,half_2,13,middle,3760,hsr,5.43,6.85,447.1436,17.885744,17.60407874015748,17.535043137254902,65.27643795620438,2.6110575182481752,fixture-level distance scale anomaly (~25x)
1201.0,2025-06-17,1326376,65767,half_2,15,middle,3760,hsr,5.6,6.14,144.0884,5.763536,5.6727716535433075,5.650525490196078,23.467166123778505,0.9386866449511402,fixture-level distance scale anomaly (~25x)
1201.0,2025-06-17,1326378,65767,half_2,17,middle,3760,hsr,5.45,6.81,600.9636,24.038544,23.659984251968506,23.567200000000003,88.24722466960354,3.529888986784141,fixture-level distance scale anomaly (~25x)
1201.0,2025-06-17,1326377,65767,half_2,19,bottom,3761,sprint,6.94,7.54,467.2808,18.691232,18.39688188976378,18.32473725490196,61.973580901856764,2.4789432360742705,fixture-level distance scale anomaly (~25x)
1201.0,2025-06-17,1326379,65767,half_2,19,middle,3760,hsr,5.43,6.43,397.6696,15.906784,15.65628346456693,15.594886274509804,61.84597200622084,2.4738388802488336,fixture-level distance scale anomaly (~25x)
1201.0,2025-06-17,1326380,65767,half_2,19,top,3761,hsr,5.44,6.41,452.4384,18.097536,17.812535433070867,17.742682352941177,70.58321372854914,2.8233285491419657,fixture-level distance scale anomaly (~25x)
1201.0,2025-06-17,1326381,65767,half_2,19,middle,3761,hsr,5.44,6.91,224.1552,8.966208,8.825007874015748,8.7904,32.4392474674385,1.2975698986975397,fixture-level distance scale anomaly (~25x)
1201.0,2025-06-17,1326382,65767,half_2,19,bottom,3761,hsr,5.43,6.9,142.3264,5.693056,5.60340157480315,5.581427450980392,20.627014492753624,0.8250805797101449,fixture-level distance scale anomaly (~25x)
1201.0,2025-06-17,1326383,65767,half_2,20,top,3760,hsr,5.49,6.92,302.6468,12.105872,11.915228346456693,11.868501960784313,43.73508670520231,1.7494034682080926,fixture-level distance scale anomaly (~25x)
1201.0,2025-06-17,1326384,65768,half_1,3,top,3760,hsr,5.55,6.64,258.662,10.34648,10.183543307086614,10.143607843137254,38.95512048192771,1.5582048192771085,fixture-level distance scale anomaly (~25x)
1201.0,2025-06-17,1326385,65768,half_1,4,top,3761,hsr,5.49,6.02,212.8336,8.513344,8.379275590551181,8.34641568627451,35.354418604651165,1.4141767441860467,fixture-level distance scale anomaly (~25x)
1201.0,2025-06-17,1326386,65768,half_1,5,middle,3761,hsr,5.48,6.91,386.7756,15.471024,15.227385826771654,15.167670588235294,55.97331403762663,2.2389325615050653,fixture-level distance scale anomaly (~25x)
1201.0,2025-06-17,1326387,65768,half_1,7,middle,3761,hsr,5.49,6.08,267.5792,10.703168,10.534614173228348,10.493301960784315,44.00973684210526,1.7603894736842105,fixture-level distance scale anomaly (~25x)
1201.0,2025-06-17,1326388,65768,half_1,9,top,3760,hsr,5.56,6.1,173.31040000000002,6.932416000000001,6.82324409448819,6.796486274509805,28.41154098360656,1.1364616393442626,fixture-level distance scale anomaly (~25x)
1201.0,2025-06-17,1326389,65768,half_1,16,top,3761,sprint,6.95,8.14,436.2852,17.451408,17.176582677165353,17.109223529411764,53.59769041769041,2.1439076167076165,fixture-level distance scale anomaly (~25x)
1201.0,2025-06-17,1326390,65768,half_1,16,top,3761,hsr,5.4,6.88,141.272,5.65088,5.5618897637795275,5.540078431372549,20.53372093023256,0.8213488372093023,fixture-level distance scale anomaly (~25x)
1201.0,2025-06-17,1326391,65768,half_1,21,top,3761,hsr,5.48,7.15,368.5996,14.743984000000001,14.511795275590552,14.454886274509803,51.55239160839161,2.0620956643356645,fixture-level distance scale anomaly (~25x)
1201.0,2025-06-17,1326392,65768,half_1,21,bottom,3761,hsr,5.41,6.24,545.2712,21.810848,21.46737007874016,21.38318431372549,87.38320512820513,3.495328205128205,fixture-level distance scale anomaly (~25x)
1201.0,2025-06-17,1326393,65768,half_1,22,bottom,3761,hsr,5.41,5.67,233.1544,9.326176,9.179307086614173,9.14330980392157,41.12070546737213,1.6448282186948855,fixture-level distance scale anomaly (~25x)
1201.0,2025-06-17,1326394,65768,half_1,24,top,3760,hsr,5.43,6.49,500.1104,20.004416000000003,19.689385826771655,19.612172549019608,77.05861325115562,3.082344530046225,fixture-level distance scale anomaly (~25x)
1201.0,2025-06-17,1326397,65768,half_1,26,top,3761,hsr,5.44,7.03,363.8952,14.555807999999999,14.326582677165355,14.2704,51.763186344238974,2.0705274537695586,fixture-level distance scale anomaly (~25x)
1201.0,2025-06-17,1326398,65768,half_1,27,top,3760,hsr,5.41,5.55,153.2396,6.1295839999999995,6.033055118110236,6.009396078431372,27.61073873873874,1.1044295495495495,fixture-level distance scale anomaly (~25x)
1201.0,2025-06-17,1326395,65768,half_1,28,top,3761,sprint,7.02,7.59,225.0364,9.001456,8.859700787401575,8.824956862745097,29.649064558629775,1.185962582345191,fixture-level distance scale anomaly (~25x)
1201.0,2025-06-17,1326396,65768,half_1,29,top,3760,sprint,6.99,7.98,385.5884,15.423535999999999,15.180645669291339,15.121113725490195,48.319348370927315,1.9327739348370925,fixture-level distance scale anomaly (~25x)
1201.0,2025-06-17,1326399,65768,half_1,30,middle,3761,hsr,5.5,5.74,122.1576,4.886304,4.809354330708662,4.790494117647059,21.281811846689894,0.8512724738675957,fixture-level distance scale anomaly (~25x)
1201.0,2025-06-17,1326400,65768,half_1,31,bottom,3761,hsr,5.44,6.58,1030.7448,41.229791999999996,40.580503937007876,40.421364705882354,156.64814589665653,6.265925835866261,fixture-level distance scale anomaly (~25x)
1201.0,2025-06-17,1326401,65768,half_1,33,top,3761,hsr,5.49,5.87,163.8852,6.555408,6.452173228346457,6.426870588235294,27.919114139693356,1.1167645655877343,fixture-level distance scale anomaly (~25x)
1201.0,2025-06-17,1326402,65768,half_1,35,middle,3761,hsr,5.48,6.59,330.558,13.22232,13.014094488188977,12.963058823529412,50.160546282245825,2.0064218512898333,fixture-level distance scale anomaly (~25x)
1201.0,2025-06-17,1326403,65768,half_1,42,top,3760,hsr,5.44,6.69,453.2896,18.131584,17.84604724409449,17.776062745098038,67.75629297458893,2.7102517189835575,fixture-level distance scale anomaly (~25x)
1201.0,2025-06-17,1326404,65768,half_1,46,top,3760,hsr,5.4,6.72,665.4744000000001,26.618976000000004,26.19977952755906,26.09703529411765,99.02892857142858,3.9611571428571435,fixture-level distance scale anomaly (~25x)
1201.0,2025-06-17,1326405,65768,half_2,4,middle,3761,hsr,5.48,6.63,512.0716,20.482864,20.160299212598424,20.081239215686274,77.2355354449472,3.0894214177978885,fixture-level distance scale anomaly (~25x)
1201.0,2025-06-17,1326406,65768,half_2,4,middle,3761,hsr,5.49,6.63,294.5476,11.781903999999999,11.596362204724409,11.550886274509804,44.42648567119155,1.777059426847662,fixture-level distance scale anomaly (~25x)
1201.0,2025-06-17,1326407,65768,half_2,7,bottom,3761,sprint,7.04,8.35,429.7504,17.190016,16.919307086614175,16.8529568627451,51.46711377245509,2.0586845508982035,fixture-level distance scale anomaly (~25x)
1201.0,2025-06-17,1326408,65768,half_2,10,middle,3761,hsr,5.41,5.74,336.4952,13.459808,13.24784251968504,13.195890196078432,58.62285714285714,2.3449142857142857,fixture-level distance scale anomaly (~25x)
1201.0,2025-06-17,1326411,65768,half_2,11,bottom,3760,hsr,5.48,5.69,144.1936,5.767744,5.676913385826772,5.654650980392157,25.34158172231986,1.0136632688927945,fixture-level distance scale anomaly (~25x)
1201.0,2025-06-17,1326409,65768,half_2,13,top,3760,sprint,6.93,9.43,964.3252,38.573008,37.96555905511811,37.816674509803924,102.26142099681867,4.090456839872747,fixture-level distance scale anomaly (~25x)
1201.0,2025-06-17,1326410,65768,half_2,15,bottom,3761,sprint,6.98,7.52,520.7268,20.829072,20.501055118110237,20.42065882352941,69.24558510638299,2.769823404255319,fixture-level distance scale anomaly (~25x)
1201.0,2025-06-17,1326412,65768,half_2,15,bottom,3761,hsr,5.43,6.94,155.522,6.220879999999999,6.122913385826772,6.098901960784313,22.409510086455327,0.8963804034582131,fixture-level distance scale anomaly (~25x)
1201.0,2025-06-17,1326413,65768,half_2,17,middle,3760,sprint,6.93,9.15,1265.236,50.609440000000006,49.8124409448819,49.61709803921569,138.27715846994536,5.531086338797815,fixture-level distance scale anomaly (~25x)
1201.0,2025-06-17,1326414,65768,half_2,18,middle,3761,hsr,5.48,5.7,138.6768,5.547071999999999,5.459716535433071,5.438305882352941,24.329263157894733,0.9731705263157893,fixture-level distance scale anomaly (~25x)
1201.0,2025-06-17,1326415,65768,half_2,19,bottom,3761,hsr,5.44,6.0,352.114,14.08456,13.862755905511811,13.808392156862745,58.68566666666666,2.3474266666666668,fixture-level distance scale anomaly (~25x)
1201.0,2025-06-17,1326416,65768,half_2,21,bottom,3761,sprint,6.94,8.05,740.5759999999999,29.623039999999996,29.156535433070864,29.04219607843137,91.99701863354035,3.679880745341614,fixture-level distance scale anomaly (~25x)
1201.0,2025-06-17,1326417,65768,half_2,21,middle,3761,hsr,5.47,6.89,154.73680000000002,6.189472,6.092000000000001,6.068109803921569,22.45817126269957,0.8983268505079827,fixture-level distance scale anomaly (~25x)
1201.0,2025-06-17,1326418,65768,half_2,22,bottom,3761,hsr,5.5,6.9,168.468,6.73872,6.63259842519685,6.606588235294117,24.415652173913042,0.9766260869565216,fixture-level distance scale anomaly (~25x)
1201.0,2025-06-17,1326419,65768,half_2,23,middle,3760,hsr,5.43,5.5,130.732,5.22928,5.146929133858268,5.1267450980392155,23.769454545454547,0.9507781818181819,fixture-level distance scale anomaly (~25x)
1201.0,2025-06-17,1326420,65768,half_2,25,top,3761,hsr,5.43,5.6,209.8064,8.392256,8.260094488188976,8.227701960784314,37.465428571428575,1.4986171428571429,fixture-level distance scale anomaly (~25x)
1201.0,2025-06-17,1326421,65768,half_2,26,top,3761,hsr,5.43,5.69,284.4448,11.377792,11.198614173228346,11.154698039215686,49.99029876977152,1.999611950790861,fixture-level distance scale anomaly (~25x)
1201.0,2025-06-17,1326422,65768,half_2,27,middle,3761,hsr,5.47,5.64,126.8244,5.072976,4.993086614173229,4.973505882352941,22.48659574468085,0.899463829787234,fixture-level distance scale anomaly (~25x)
1201.0,2025-06-17,1326423,65768,half_2,28,top,3761,hsr,5.41,7.02,539.28,21.571199999999997,21.231496062992125,21.148235294117647,76.82051282051282,3.072820512820513,fixture-level distance scale anomaly (~25x)
1201.0,2025-06-17,1326424,65768,half_2,28,middle,3761,hsr,5.43,6.14,553.8948,22.155792,21.806881889763783,21.721364705882355,90.21087947882737,3.608435179153095,fixture-level distance scale anomaly (~25x)
1201.0,2025-06-17,1326425,65768,half_2,28,top,3760,hsr,5.43,5.74,314.40880000000004,12.576352000000002,12.378299212598428,12.3297568627451,54.775052264808366,2.1910020905923346,fixture-level distance scale anomaly (~25x)
1201.0,2025-06-17,1326426,65768,half_2,29,middle,3761,hsr,5.41,6.42,275.4704,11.018816,10.845291338582678,10.802760784313724,42.90816199376947,1.7163264797507787,fixture-level distance scale anomaly (~25x)
1201.0,2025-06-17,1326429,65768,half_2,38,top,3761,hsr,5.5,6.8,260.13439999999997,10.405375999999999,10.24151181102362,10.201349019607841,38.25505882352941,1.5302023529411763,fixture-level distance scale anomaly (~25x)
1201.0,2025-06-17,1326430,65768,half_2,38,top,3760,hsr,5.46,6.64,412.4672000000001,16.498688000000005,16.238866141732288,16.175184313725495,62.11855421686749,2.4847421686746998,fixture-level distance scale anomaly (~25x)
1201.0,2025-06-17,1326427,65768,half_2,40,middle,3760,sprint,6.9,7.44,483.6548,19.346192000000002,19.04152755905512,18.966854901960787,65.00736559139784,2.600294623655914,fixture-level distance scale anomaly (~25x)
1201.0,2025-06-17,1326428,65768,half_2,40,middle,3761,sprint,6.93,7.14,330.8984,13.235935999999999,13.027496062992126,12.976407843137254,46.344313725490196,1.8537725490196078,fixture-level distance scale anomaly (~25x)
1201.0,2025-06-17,1326431,65768,half_2,40,middle,3761,hsr,5.43,6.65,887.9399999999999,35.517599999999995,34.95826771653543,34.821176470588235,133.52481203007517,5.340992481203006,fixture-level distance scale anomaly (~25x)
1201.0,2025-06-17,1326432,65768,half_2,40,middle,3760,hsr,5.43,6.91,186.3648,7.454592,7.337196850393702,7.3084235294117645,26.970303907380607,1.0788121562952242,fixture-level distance scale anomaly (~25x)
1201.0,2025-06-17,1326433,65768,half_2,40,top,3760,hsr,5.54,6.97,567.4388,22.697552,22.340110236220475,22.252501960784315,81.41159253945482,3.2564637015781925,fixture-level distance scale anomaly (~25x)
1201.0,2025-06-17,1326434,65768,half_2,40,middle,3761,hsr,5.47,6.92,175.508,7.020320000000001,6.90976377952756,6.882666666666667,25.362427745664743,1.0144971098265898,fixture-level distance scale anomaly (~25x)
1201.0,2025-06-17,1326435,65768,half_2,40,middle,3761,hsr,5.6,6.92,178.55599999999998,7.142239999999999,7.029763779527559,7.002196078431372,25.802890173410404,1.0321156069364161,fixture-level distance scale anomaly (~25x)
1201.0,2025-06-17,1326436,65768,half_2,45,middle,3761,hsr,5.4,6.45,434.6848,17.387392,17.113574803149607,17.04646274509804,67.39299224806201,2.6957196899224805,fixture-level distance scale anomaly (~25x)
1201.0,2025-06-17,1326437,65768,half_2,50,bottom,3761,sprint,6.94,7.72,459.5056,18.380224000000002,18.09077165354331,18.019827450980394,59.52145077720208,2.380858031088083,fixture-level distance scale anomaly (~25x)
1201.0,2025-06-17,1326438,65768,half_2,50,bottom,3761,hsr,5.4,6.91,285.7656,11.430624,11.250614173228348,11.20649411764706,41.35536903039074,1.6542147612156295,fixture-level distance scale anomaly (~25x)
1201.0,2025-06-17,1326439,65769,half_1,1,middle,3760,hsr,5.43,5.96,292.6468,11.705872,11.521527559055118,11.476345098039214,49.10181208053691,1.9640724832214764,fixture-level distance scale anomaly (~25x)
1201.0,2025-06-17,1326440,65769,half_1,1,middle,3760,hsr,5.46,6.41,282.0856,11.283424,11.105732283464567,11.062180392156863,44.00711388455538,1.7602845553822153,fixture-level distance scale anomaly (~25x)
1201.0,2025-06-17,1326441,65769,half_1,6,bottom,3760,hsr,5.45,5.59,126.2864,5.051456,4.971905511811024,4.952407843137255,22.59148479427549,0.9036593917710197,fixture-level distance scale anomaly (~25x)
1201.0,2025-06-17,1326442,65769,half_1,6,bottom,3760,hsr,5.49,5.86,140.3064,5.6122559999999995,5.5238740157480315,5.502211764705883,23.943071672354947,0.9577228668941978,fixture-level distance scale anomaly (~25x)
1201.0,2025-06-17,1326443,65769,half_1,7,middle,3760,hsr,5.44,5.79,185.4116,7.4164639999999995,7.299669291338583,7.271043137254901,32.02272884283247,1.2809091537132986,fixture-level distance scale anomaly (~25x)
1201.0,2025-06-17,1326444,65769,half_1,9,bottom,3761,hsr,5.44,5.96,286.2952,11.451808000000002,11.271464566929135,11.22726274509804,48.03610738255034,1.9214442953020137,fixture-level distance scale anomaly (~25x)
1201.0,2025-06-17,1326445,65769,half_1,16,top,3761,hsr,5.43,6.0,422.1612,16.886448,16.620519685039373,16.555341176470588,70.3602,2.8144080000000002,fixture-level distance scale anomaly (~25x)
1201.0,2025-06-17,1326446,65769,half_1,17,top,3760,hsr,5.83,6.46,167.99280000000002,6.719712,6.613889763779529,6.5879529411764715,26.00507739938081,1.0402030959752322,fixture-level distance scale anomaly (~25x)
1201.0,2025-06-17,1326447,65769,half_1,21,bottom,3761,sprint,6.94,7.81,364.2392,14.569567999999999,14.34012598425197,14.283890196078431,46.63754161331626,1.8655016645326503,fixture-level distance scale anomaly (~25x)
1201.0,2025-06-17,1326448,65769,half_1,21,middle,3761,hsr,5.51,6.89,174.4616,6.978464,6.868566929133859,6.84163137254902,25.320986937590714,1.0128394775036285,fixture-level distance scale anomaly (~25x)
1201.0,2025-06-17,1326449,65769,half_1,22,middle,3760,hsr,5.34,6.16,200.66439999999997,8.026575999999999,7.900173228346456,7.869192156862744,32.57538961038961,1.3030155844155842,fixture-level distance scale anomaly (~25x)
1201.0,2025-06-17,1326450,65769,half_1,28,top,3761,hsr,5.5,5.87,157.9692,6.318768,6.219259842519685,6.194870588235294,26.911277683134582,1.0764511073253833,fixture-level distance scale anomaly (~25x)
1201.0,2025-06-17,1326451,65769,half_1,31,bottom,3761,hsr,5.45,5.99,641.126,25.645039999999998,25.241181102362205,25.142196078431372,107.03272120200333,4.281308848080133,fixture-level distance scale anomaly (~25x)
1201.0,2025-06-17,1326452,65769,half_1,32,middle,3761,hsr,5.44,6.34,340.70160000000004,13.628064000000002,13.41344881889764,13.36084705882353,53.73842271293376,2.1495369085173506,fixture-level distance scale anomaly (~25x)
1201.0,2025-06-17,1326453,65769,half_1,40,middle,3760,hsr,5.51,5.76,145.3324,5.813296,5.721748031496063,5.699309803921569,25.231319444444445,1.0092527777777778,fixture-level distance scale anomaly (~25x)
1201.0,2025-06-17,1326454,65769,half_1,44,top,3760,hsr,5.42,5.88,382.218,15.288720000000001,15.047952755905513,14.98894117647059,65.0030612244898,2.600122448979592,fixture-level distance scale anomaly (~25x)
1201.0,2025-06-17,1326455,65769,half_2,1,bottom,3761,sprint,6.97,8.52,554.3512,22.174048,21.824850393700785,21.73926274509804,65.06469483568075,2.60258779342723,fixture-level distance scale anomaly (~25x)
1201.0,2025-06-17,1326456,65769,half_2,1,middle,3761,hsr,5.46,5.68,138.38840000000002,5.5355360000000005,5.44836220472441,5.426996078431373,24.36415492957747,0.9745661971830987,fixture-level distance scale anomaly (~25x)
1201.0,2025-06-17,1326457,65769,half_2,4,middle,3761,hsr,5.41,5.61,354.3732,14.174928,13.951700787401576,13.896988235294117,63.168128342245986,2.5267251336898395,fixture-level distance scale anomaly (~25x)
1201.0,2025-06-17,1326458,65769,half_2,4,bottom,3761,hsr,5.49,5.94,193.8,7.752000000000001,7.62992125984252,7.6000000000000005,32.62626262626262,1.305050505050505,fixture-level distance scale anomaly (~25x)
1201.0,2025-06-17,1326459,65769,half_2,7,middle,3761,hsr,5.41,6.22,275.81,11.0324,10.858661417322836,10.81607843137255,44.342443729903536,1.7736977491961416,fixture-level distance scale anomaly (~25x)
1201.0,2025-06-17,1326460,65769,half_2,10,bottom,3761,hsr,5.41,5.73,268.5176,10.740704000000001,10.571559055118112,10.530101960784314,46.861710296684116,1.8744684118673647,fixture-level distance scale anomaly (~25x)
1201.0,2025-06-17,1326461,65769,half_2,13,middle,3760,hsr,5.47,5.87,186.6616,7.466463999999999,7.3488818897637795,7.320062745098039,31.799250425894375,1.271970017035775,fixture-level distance scale anomaly (~25x)
1201.0,2025-06-17,1326462,65769,half_2,14,middle,3760,hsr,5.43,5.64,316.8524,12.674095999999999,12.474503937007874,12.425584313725489,56.17950354609929,2.2471801418439714,fixture-level distance scale anomaly (~25x)
1201.0,2025-06-17,1326464,65769,half_2,18,middle,3761,hsr,5.42,5.53,125.5936,5.023744,4.944629921259843,4.9252392156862745,22.71132007233273,0.9084528028933091,fixture-level distance scale anomaly (~25x)
1201.0,2025-06-17,1326463,65769,half_2,19,bottom,3761,sprint,6.95,7.33,192.0764,7.6830560000000006,7.562062992125985,7.532407843137255,26.204147339699865,1.0481658935879945,fixture-level distance scale anomaly (~25x)
1201.0,2025-06-17,1326465,65769,half_2,19,middle,3761,hsr,5.39,6.91,231.53160000000003,9.261264,9.115417322834647,9.079670588235295,33.50674384949349,1.3402697539797395,fixture-level distance scale anomaly (~25x)
1201.0,2025-06-17,1326466,65769,half_2,21,middle,3761,sprint,6.95,7.72,317.2696,12.690784,12.49092913385827,12.441945098039216,41.09709844559586,1.6438839378238344,fixture-level distance scale anomaly (~25x)
1201.0,2025-06-17,1326467,65769,half_2,21,bottom,3761,hsr,5.33,6.89,192.8912,7.715648,7.594141732283465,7.564360784313726,27.995820029027577,1.1198328011611032,fixture-level distance scale anomaly (~25x)
1201.0,2025-06-17,1326468,65769,half_2,21,bottom,3761,hsr,5.34,7.09,493.8224,19.752896,19.441826771653545,19.365584313725492,69.65055007052186,2.7860220028208746,fixture-level distance scale anomaly (~25x)
1201.0,2025-06-17,1326469,65769,half_2,38,middle,3761,hsr,5.51,6.23,211.01,8.4404,8.30748031496063,8.274901960784314,33.86998394863563,1.3547993579454254,fixture-level distance scale anomaly (~25x)
1201.0,2025-06-17,1326470,65769,half_2,39,middle,3761,hsr,5.45,6.63,860.0568,34.402271999999996,33.86050393700788,33.727717647058824,129.72199095022623,5.188879638009049,fixture-level distance scale anomaly (~25x)
1201.0,2025-06-17,1326471,65769,half_2,40,middle,3761,hsr,5.43,6.64,594.968,23.79872,23.423937007874017,23.332078431372548,89.60361445783133,3.584144578313253,fixture-level distance scale anomaly (~25x)
1201.0,2025-06-17,1326472,65769,half_2,42,bottom,3761,sprint,6.99,7.2,161.91320000000002,6.476528000000001,6.374535433070867,6.3495372549019615,22.487944444444448,0.8995177777777779,fixture-level distance scale anomaly (~25x)
1201.0,2025-06-17,1326473,65769,half_2,42,top,3760,sprint,6.8,9.37,311.45480000000003,12.458192000000002,12.262000000000002,12.213913725490197,33.239573105656355,1.3295829242262542,fixture-level distance scale anomaly (~25x)
1201.0,2025-06-17,1326475,65769,half_2,42,middle,3761,hsr,5.49,5.73,144.616,5.7846400000000004,5.693543307086615,5.67121568627451,25.238394415357767,1.0095357766143107,fixture-level distance scale anomaly (~25x)
1201.0,2025-06-17,1326476,65769,half_2,42,bottom,3761,hsr,5.51,6.95,143.9212,5.756848,5.666188976377953,5.64396862745098,20.708086330935252,0.82832345323741,fixture-level distance scale anomaly (~25x)
1201.0,2025-06-17,1326477,65769,half_2,42,bottom,3761,hsr,5.5,6.96,137.6508,5.506032,5.41932283464567,5.398070588235294,19.77741379310345,0.791096551724138,fixture-level distance scale anomaly (~25x)
1201.0,2025-06-17,1326478,65769,half_2,42,top,3760,hsr,5.57,6.75,140.14239999999998,5.605695999999999,5.517417322834645,5.495780392156862,20.761837037037033,0.8304734814814814,fixture-level distance scale anomaly (~25x)
1201.0,2025-06-17,1326474,65769,half_2,43,bottom,3760,sprint,6.96,7.86,396.288,15.85152,15.601889763779528,15.540705882352942,50.41832061068702,2.016732824427481,fixture-level distance scale anomaly (~25x)
1201.0,2025-06-17,1326479,65769,half_2,43,middle,3760,hsr,5.41,6.91,166.23399999999998,6.649359999999999,6.544645669291338,6.518980392156862,24.057018813314034,0.9622807525325613,fixture-level distance scale anomaly (~25x)
1201.0,2025-06-17,1326480,65769,half_2,45,middle,3761,hsr,5.44,5.69,217.2616,8.690463999999999,8.553606299212598,8.52006274509804,38.183057996485054,1.5273223198594021,fixture-level distance scale anomaly (~25x)
1201.0,2025-06-17,1326482,65769,half_2,49,bottom,3760,hsr,5.43,5.82,248.308,9.932319999999999,9.775905511811024,9.73756862745098,42.66460481099656,1.7065841924398624,fixture-level distance scale anomaly (~25x)
1201.0,2025-06-17,1326483,65769,half_2,49,middle,3760,hsr,5.43,5.52,180.4384,7.217536,7.103874015748032,7.07601568627451,32.688115942028986,1.3075246376811596,fixture-level distance scale anomaly (~25x)
1201.0,2025-06-17,1326481,65769,half_2,50,bottom,3761,sprint,6.93,8.33,576.876,23.075039999999998,22.711653543307087,22.622588235294117,69.25282112845137,2.770112845138055,fixture-level distance scale anomaly (~25x)
1201.0,2025-06-17,1326484,65770,half_1,1,bottom,3760,hsr,5.4,6.13,396.6148,15.864592,15.614755905511812,15.55352156862745,64.70061990212072,2.5880247960848286,fixture-level distance scale anomaly (~25x)
1201.0,2025-06-17,1326485,65770,half_1,1,middle,3760,hsr,5.45,6.14,447.93839999999994,17.917536,17.635370078740156,17.56621176470588,72.95413680781759,2.9181654723127033,fixture-level distance scale anomaly (~25x)
1201.0,2025-06-17,1326486,65770,half_1,2,bottom,3760,hsr,5.42,6.13,314.8408,12.593632,12.395307086614174,12.346698039215687,51.36065252854812,2.054426101141925,fixture-level distance scale anomaly (~25x)
1201.0,2025-06-17,1326487,65770,half_1,4,middle,3761,hsr,5.43,5.74,212.5048,8.500192,8.366330708661417,8.33352156862745,37.02174216027874,1.48086968641115,fixture-level distance scale anomaly (~25x)
1201.0,2025-06-17,1326488,65770,half_1,4,top,3761,hsr,5.43,5.5,130.82,5.2328,5.150393700787402,5.130196078431372,23.785454545454545,0.9514181818181818,fixture-level distance scale anomaly (~25x)
1201.0,2025-06-17,1326489,65770,half_1,5,bottom,3760,hsr,5.46,5.89,250.5988,10.023952000000001,9.866094488188978,9.827403921568628,42.546485568760616,1.7018594227504247,fixture-level distance scale anomaly (~25x)
1201.0,2025-06-17,1326490,65770,half_1,10,middle,3760,hsr,5.47,5.76,156.4384,6.257536,6.158992125984252,6.1348392156862745,27.159444444444446,1.0863777777777779,fixture-level distance scale anomaly (~25x)
1201.0,2025-06-17,1326491,65770,half_1,13,middle,3760,hsr,5.5,6.03,183.594,7.34376,7.2281102362204726,7.199764705882353,30.446766169154227,1.217870646766169,fixture-level distance scale anomaly (~25x)
1201.0,2025-06-17,1326492,65770,half_1,14,middle,3761,hsr,5.43,6.17,280.912,11.236479999999998,11.059527559055118,11.016156862745097,45.528687196110205,1.8211474878444083,fixture-level distance scale anomaly (~25x)
1201.0,2025-06-17,1326493,65770,half_1,15,top,3761,hsr,5.47,6.75,341.6352,13.665408,13.45020472440945,13.397458823529412,50.61262222222222,2.0245048888888886,fixture-level distance scale anomaly (~25x)
1201.0,2025-06-17,1326494,65770,half_1,16,top,3761,hsr,5.23,7.68,205.1292,8.205168,8.075952755905512,8.044282352941176,26.70953125,1.06838125,fixture-level distance scale anomaly (~25x)
1201.0,2025-06-17,1326498,65770,half_1,21,middle,3761,hsr,5.45,5.82,334.2028,13.368112000000002,13.157590551181103,13.105992156862746,57.42316151202749,2.2969264604811,fixture-level distance scale anomaly (~25x)
1201.0,2025-06-17,1326495,65770,half_1,22,middle,3760,sprint,7.08,9.36,418.4028,16.736112000000002,16.472551181102364,16.40795294117647,44.70115384615385,1.7880461538461543,fixture-level distance scale anomaly (~25x)
1201.0,2025-06-17,1326499,65770,half_1,22,bottom,3760,hsr,5.47,5.89,227.4912,9.099648,8.956346456692913,8.921223529411764,38.62329371816639,1.5449317487266554,fixture-level distance scale anomaly (~25x)
1201.0,2025-06-17,1326496,65770,half_1,23,middle,3761,sprint,6.91,7.52,399.6664,15.986656,15.734897637795276,15.673192156862745,53.14712765957447,2.1258851063829787,fixture-level distance scale anomaly (~25x)
1201.0,2025-06-17,1326500,65770,half_1,23,middle,3761,hsr,5.49,6.91,143.0184,5.7207360000000005,5.630645669291339,5.608564705882354,20.697308248914617,0.8278923299565847,fixture-level distance scale anomaly (~25x)
1201.0,2025-06-17,1326497,65770,half_1,24,bottom,3760,sprint,6.68,10.56,341.0216,13.640863999999999,13.426047244094487,13.373396078431371,32.29371212121212,1.2917484848484846,fixture-level distance scale anomaly (~25x)
1201.0,2025-06-17,1326501,65770,half_1,24,middle,3761,hsr,6.6,6.88,168.436,6.73744,6.631338582677166,6.605333333333333,24.48197674418605,0.979279069767442,fixture-level distance scale anomaly (~25x)
1201.0,2025-06-17,1326502,65770,half_1,28,middle,3760,hsr,5.48,5.98,223.62320000000005,8.944928000000003,8.804062992125987,8.769537254901962,37.3951839464883,1.4958073578595321,fixture-level distance scale anomaly (~25x)
1201.0,2025-06-17,1326504,65770,half_1,31,bottom,3761,hsr,5.41,6.49,454.4996,18.179984,17.89368503937008,17.823513725490194,70.03075500770416,2.8012302003081664,fixture-level distance scale anomaly (~25x)
1201.0,2025-06-17,1326505,65770,half_1,31,middle,3760,hsr,5.41,5.67,244.6176,9.784704,9.630614173228347,9.59284705882353,43.14243386243386,1.7256973544973544,fixture-level distance scale anomaly (~25x)
1201.0,2025-06-17,1326506,65770,half_1,32,middle,3761,hsr,5.44,5.58,142.8604,5.714416,5.624425196850394,5.60236862745098,25.60222222222222,1.0240888888888888,fixture-level distance scale anomaly (~25x)
1201.0,2025-06-17,1326507,65770,half_1,33,top,3761,hsr,5.5,6.42,282.6456,11.305824,11.127779527559056,11.084141176470588,44.025794392523366,1.7610317757009346,fixture-level distance scale anomaly (~25x)
1201.0,2025-06-17,1326503,65770,half_1,35,middle,3761,sprint,6.99,7.32,213.7596,8.550384000000001,8.415732283464568,8.382729411764705,29.20213114754098,1.1680852459016395,fixture-level distance scale anomaly (~25x)
1201.0,2025-06-17,1326508,65770,half_1,35,top,3760,hsr,5.45,5.66,171.6984,6.867935999999999,6.759779527559055,6.7332705882352935,30.335406360424027,1.2134162544169609,fixture-level distance scale anomaly (~25x)
1201.0,2025-06-17,1326509,65770,half_1,35,middle,3761,hsr,5.46,6.95,155.6968,6.227872,6.129795275590551,6.105756862745098,22.40241726618705,0.896096690647482,fixture-level distance scale anomaly (~25x)
1201.0,2025-06-17,1326510,65770,half_1,35,middle,3761,hsr,5.5,6.95,130.9896,5.239584,5.157070866141733,5.1368470588235295,18.847424460431654,0.7538969784172661,fixture-level distance scale anomaly (~25x)
1201.0,2025-06-17,1326511,65770,half_1,37,middle,3761,hsr,5.49,5.86,152.2056,6.088224,5.992346456692914,5.968847058823529,25.973651877133104,1.0389460750853243,fixture-level distance scale anomaly (~25x)
1201.0,2025-06-17,1326512,65770,half_1,43,top,3760,hsr,5.87,6.06,146.1172,5.844688,5.752645669291339,5.730086274509804,24.11174917491749,0.9644699669966996,fixture-level distance scale anomaly (~25x)
1201.0,2025-06-17,1326513,65770,half_1,43,middle,3761,hsr,5.44,6.72,397.4168,15.896672,15.646330708661418,15.584972549019609,59.139404761904764,2.3655761904761907,fixture-level distance scale anomaly (~25x)
1201.0,2025-06-17,1326514,65770,half_1,44,bottom,3760,hsr,5.5,6.89,321.08599999999996,12.843439999999998,12.641181102362204,12.591607843137254,46.60174165457184,1.8640696661828735,fixture-level distance scale anomaly (~25x)
1201.0,2025-06-17,1326515,65770,half_1,44,top,3760,hsr,5.4,5.8,382.96,15.318399999999999,15.077165354330708,15.018039215686274,66.02758620689654,2.641103448275862,fixture-level distance scale anomaly (~25x)
1201.0,2025-06-17,1326516,65770,half_2,1,bottom,3761,sprint,6.99,7.25,191.1688,7.646752,7.526330708661418,7.49681568627451,26.36811034482759,1.0547244137931036,fixture-level distance scale anomaly (~25x)
1201.0,2025-06-17,1326517,65770,half_2,1,bottom,3761,hsr,5.42,6.95,161.7688,6.470752,6.368850393700788,6.343874509803921,23.27608633093525,0.93104345323741,fixture-level distance scale anomaly (~25x)
1201.0,2025-06-17,1326518,65770,half_2,1,bottom,3761,hsr,5.46,6.95,130.6252,5.225008,5.142724409448819,5.122556862745098,18.794992805755395,0.7517997122302158,fixture-level distance scale anomaly (~25x)
1201.0,2025-06-17,1326519,65770,half_2,4,middle,3761,hsr,5.42,6.62,479.598,19.18392,18.88181102362205,18.807764705882352,72.44682779456194,2.897873111782477,fixture-level distance scale anomaly (~25x)
1201.0,2025-06-17,1326520,65770,half_2,4,bottom,3761,hsr,5.44,5.8,185.32440000000005,7.412976000000002,7.296236220472443,7.267623529411767,31.9524827586207,1.278099310344828,fixture-level distance scale anomaly (~25x)
1201.0,2025-06-17,1326521,65770,half_2,10,bottom,3761,sprint,6.95,7.82,395.0048,15.800192,15.551370078740158,15.49038431372549,50.51212276214834,2.0204849104859335,fixture-level distance scale anomaly (~25x)
1201.0,2025-06-17,1326522,65770,half_2,10,middle,3761,hsr,5.4,6.91,208.2784,8.331136,8.199937007874016,8.167780392156862,30.141591895803185,1.2056636758321275,fixture-level distance scale anomaly (~25x)
1201.0,2025-06-17,1326523,65770,half_2,13,middle,3760,hsr,5.48,5.87,175.15519999999998,7.006207999999999,6.895874015748031,6.868831372549018,29.83904599659284,1.1935618398637136,fixture-level distance scale anomaly (~25x)
1201.0,2025-06-17,1326524,65770,half_2,15,bottom,3761,hsr,5.45,5.92,216.1536,8.646144,8.509984251968504,8.476611764705883,36.51243243243243,1.4604972972972972,fixture-level distance scale anomaly (~25x)
1201.0,2025-06-17,1326525,65770,half_2,18,middle,3761,hsr,5.42,6.57,480.9448,19.237792,18.93483464566929,18.860580392156862,73.20316590563165,2.928126636225266,fixture-level distance scale anomaly (~25x)
1201.0,2025-06-17,1326526,65770,half_2,19,bottom,3761,hsr,5.46,6.77,678.4292,27.137168000000003,26.70981102362205,26.60506666666667,100.21110782865584,4.008444313146234,fixture-level distance scale anomaly (~25x)
1201.0,2025-06-17,1326527,65770,half_2,21,bottom,3761,sprint,6.93,7.18,753.9364,30.157456000000003,29.68253543307087,29.566133333333337,105.00506963788303,4.200202785515321,fixture-level distance scale anomaly (~25x)
1201.0,2025-06-17,1326528,65770,half_2,21,top,3761,hsr,5.41,6.12,325.846,13.03384,12.828582677165356,12.778274509803921,53.24281045751634,2.1297124183006537,fixture-level distance scale anomaly (~25x)
1201.0,2025-06-17,1326529,65770,half_2,21,middle,3761,hsr,5.43,6.92,290.932,11.63728,11.454015748031498,11.409098039215687,42.04219653179191,1.6816878612716764,fixture-level distance scale anomaly (~25x)
1201.0,2025-06-17,1326530,65770,half_2,22,bottom,3761,hsr,5.5,6.93,202.382,8.09528,7.967795275590552,7.936549019607844,29.203751803751807,1.1681500721500724,fixture-level distance scale anomaly (~25x)
1201.0,2025-06-17,1326531,65770,half_2,25,middle,3761,hsr,5.45,5.73,189.7284,7.589136,7.469622047244095,7.440329411764705,33.11141361256544,1.3244565445026177,fixture-level distance scale anomaly (~25x)
1201.0,2025-06-17,1326532,65770,half_2,28,top,3761,hsr,5.47,6.67,320.7436,12.829744,12.627700787401576,12.578180392156863,48.087496251874065,1.9234998500749625,fixture-level distance scale anomaly (~25x)
1201.0,2025-06-17,1326533,65770,half_2,28,middle,3761,hsr,5.43,5.64,171.4588,6.858352,6.750346456692913,6.723874509803921,30.40049645390071,1.2160198581560284,fixture-level distance scale anomaly (~25x)
1201.0,2025-06-17,1326534,65770,half_2,34,bottom,3761,sprint,6.94,7.9,427.4912,17.099648,16.83036220472441,16.764360784313727,54.112810126582275,2.1645124050632907,fixture-level distance scale anomaly (~25x)
1201.0,2025-06-17,1326535,65770,half_2,34,bottom,3761,hsr,5.41,6.89,166.6136,6.664543999999999,6.559590551181103,6.5338666666666665,24.181944847605227,0.967277793904209,fixture-level distance scale anomaly (~25x)
1201.0,2025-06-17,1326536,65770,half_2,40,middle,3761,sprint,6.91,8.14,959.564,38.38256,37.77811023622047,37.629960784313724,117.88255528255527,4.715302211302211,fixture-level distance scale anomaly (~25x)
1201.0,2025-06-17,1326537,65770,half_2,40,top,3761,hsr,5.49,6.69,353.372,14.13488,13.912283464566931,13.85772549019608,52.82092675635276,2.112837070254111,fixture-level distance scale anomaly (~25x)
1201.0,2025-06-17,1326538,65770,half_2,40,middle,3761,hsr,5.47,6.9,273.6508,10.946032,10.773653543307088,10.731403921568628,39.659536231884054,1.5863814492753623,fixture-level distance scale anomaly (~25x)
1201.0,2025-06-17,1326539,65770,half_2,40,middle,3761,hsr,5.43,6.71,451.9288,18.077152,17.792472440944884,17.722698039215686,67.3515350223547,2.694061400894188,fixture-level distance scale anomaly (~25x)
1201.0,2025-06-17,1326541,65770,half_2,42,middle,3761,hsr,5.5,5.94,176.5476,7.061903999999999,6.950692913385827,6.923435294117646,29.72181818181818,1.188872727272727,fixture-level distance scale anomaly (~25x)
1201.0,2025-06-17,1326540,65770,half_2,45,middle,3760,sprint,6.97,7.14,154.0488,6.161952,6.064913385826772,6.041129411764706,21.57546218487395,0.863018487394958,fixture-level distance scale anomaly (~25x)
1201.0,2025-06-17,1326542,65770,half_2,45,bottom,3760,hsr,5.46,6.93,174.88279999999995,6.9953119999999975,6.885149606299211,6.858149019607841,25.235613275613268,1.0094245310245307,fixture-level distance scale anomaly (~25x)
1201.0,2025-06-17,1326543,65770,half_2,45,middle,3760,hsr,5.54,6.95,138.0636,5.522544,5.435574803149607,5.414258823529412,19.86526618705036,0.7946106474820144,fixture-level distance scale anomaly (~25x)
1201.0,2025-06-17,1326544,65770,half_2,45,middle,3761,hsr,5.42,6.42,415.7632,16.630527999999998,16.368629921259842,16.304439215686273,64.7606230529595,2.59042492211838,fixture-level distance scale anomaly (~25x)
1201.0,2025-06-17,1326545,65770,half_2,48,middle,3761,hsr,5.48,6.29,290.8088,11.632352000000001,11.44916535433071,11.404266666666667,46.233513513513515,1.8493405405405408,fixture-level distance scale anomaly (~25x)
1201.0,2025-06-17,1326547,65771,half_1,3,top,3760,hsr,5.46,5.67,149.6152,5.984608,5.8903622047244095,5.867262745098039,26.38716049382716,1.0554864197530864,fixture-level distance scale anomaly (~25x)
1201.0,2025-06-17,1326546,65771,half_1,4,middle,3761,sprint,6.92,7.37,300.8728,12.034911999999998,11.845385826771654,11.798933333333332,40.82398914518317,1.6329595658073268,fixture-level distance scale anomaly (~25x)
1201.0,2025-06-17,1326548,65771,half_1,4,top,3761,hsr,5.42,6.89,294.1136,11.764544,11.579275590551182,11.533866666666668,42.68702467343977,1.7074809869375909,fixture-level distance scale anomaly (~25x)
1201.0,2025-06-17,1326549,65771,half_1,4,middle,3761,hsr,5.45,6.92,161.236,6.449439999999999,6.347874015748031,6.322980392156862,23.299999999999997,0.9319999999999999,fixture-level distance scale anomaly (~25x)
1201.0,2025-06-17,1326550,65771,half_1,6,middle,3760,hsr,5.43,5.66,244.7724,9.790896,9.636708661417323,9.598917647058824,43.24600706713781,1.7298402826855124,fixture-level distance scale anomaly (~25x)
1201.0,2025-06-17,1326551,65771,half_1,9,middle,3760,hsr,5.46,5.97,194.3132,7.772527999999999,7.650125984251969,7.620125490196078,32.54827470686767,1.3019309882747068,fixture-level distance scale anomaly (~25x)
1201.0,2025-06-17,1326552,65771,half_1,10,top,3761,hsr,5.47,6.16,305.36039999999997,12.214415999999998,12.022062992125983,11.974917647058822,49.5714935064935,1.9828597402597399,fixture-level distance scale anomaly (~25x)
1201.0,2025-06-17,1326554,65771,half_1,11,bottom,3760,hsr,5.42,6.81,379.9656,15.198624,14.959275590551181,14.900611764705882,55.7952422907489,2.231809691629956,fixture-level distance scale anomaly (~25x)
1201.0,2025-06-17,1326553,65771,half_1,12,bottom,3761,sprint,6.82,8.88,197.8644,7.914575999999999,7.789937007874015,7.759388235294117,22.282027027027024,0.891281081081081,fixture-level distance scale anomaly (~25x)
1201.0,2025-06-17,1326555,65771,half_1,14,middle,3761,hsr,5.45,7.74,241.3268,9.653072,9.501055118110237,9.463796078431372,31.179173126614984,1.2471669250645994,fixture-level distance scale anomaly (~25x)
1201.0,2025-06-17,1326556,65771,half_1,16,top,3761,hsr,5.44,6.03,461.7192,18.468768,18.17792125984252,18.10663529411765,76.57034825870646,3.0628139303482587,fixture-level distance scale anomaly (~25x)
1201.0,2025-06-17,1326557,65771,half_1,19,top,3760,hsr,5.4,6.1,441.7912,17.671648,17.39335433070866,17.325145098039215,72.42478688524591,2.8969914754098363,fixture-level distance scale anomaly (~25x)
1201.0,2025-06-17,1326558,65771,half_1,21,bottom,3761,sprint,6.98,8.27,433.0284,17.321136,17.04836220472441,16.98150588235294,52.36135429262394,2.0944541717049576,fixture-level distance scale anomaly (~25x)
1201.0,2025-06-17,1326559,65771,half_1,21,bottom,3761,hsr,5.41,5.69,301.0708,12.042832,11.853181102362207,11.806698039215688,52.91226713532513,2.1164906854130052,fixture-level distance scale anomaly (~25x)
1201.0,2025-06-17,1326560,65771,half_1,21,bottom,3760,hsr,5.49,5.88,152.35160000000002,6.094064,5.998094488188977,5.974572549019609,25.910136054421773,1.036405442176871,fixture-level distance scale anomaly (~25x)
1201.0,2025-06-17,1326561,65771,half_1,22,bottom,3761,hsr,5.51,6.7,271.2608,10.850432000000001,10.679559055118112,10.63767843137255,40.48668656716418,1.6194674626865673,fixture-level distance scale anomaly (~25x)
1201.0,2025-06-17,1326562,65771,half_1,23,top,3760,hsr,5.43,6.43,411.0728,16.442912,16.183968503937006,16.120501960784313,63.930451010886465,2.5572180404354588,fixture-level distance scale anomaly (~25x)
1201.0,2025-06-17,1326563,65771,half_1,31,middle,3760,hsr,5.42,6.08,505.94680000000005,20.237872000000003,19.919165354330712,19.841050980392158,83.21493421052632,3.328597368421053,fixture-level distance scale anomaly (~25x)
1201.0,2025-06-17,1326564,65771,half_1,36,bottom,3760,hsr,5.26,7.44,281.6396,11.265583999999999,11.088173228346456,11.044690196078431,37.854784946236556,1.514191397849462,fixture-level distance scale anomaly (~25x)
1201.0,2025-06-17,1326565,65771,half_1,37,middle,3760,hsr,5.47,6.19,299.96919999999994,11.998767999999998,11.809811023622046,11.763498039215683,48.46029079159934,1.9384116316639737,fixture-level distance scale anomaly (~25x)
1201.0,2025-06-17,1326566,65771,half_1,41,top,3760,hsr,5.57,7.4,307.7788,12.311152,12.11727559055118,12.069756862745098,41.59172972972973,1.663669189189189,fixture-level distance scale anomaly (~25x)
1201.0,2025-06-17,1326567,65771,half_2,5,middle,3760,hsr,5.45,5.9,215.8152,8.632608,8.496661417322835,8.463341176470589,36.57884745762712,1.4631538983050845,fixture-level distance scale anomaly (~25x)
1201.0,2025-06-17,1326568,65771,half_2,13,bottom,3760,hsr,5.45,6.21,354.0704,14.162816,13.939779527559056,13.885113725490196,57.01616747181965,2.280646698872786,fixture-level distance scale anomaly (~25x)
1201.0,2025-06-17,1326569,65771,half_2,13,top,3760,hsr,5.41,5.49,157.9624,6.318496,6.218992125984252,6.1946039215686275,28.772750455373405,1.150910018214936,fixture-level distance scale anomaly (~25x)
1201.0,2025-06-17,1326570,65771,half_2,14,top,3761,hsr,5.54,6.22,186.9412,7.477648,7.359889763779528,7.331027450980392,30.05485530546624,1.2021942122186495,fixture-level distance scale anomaly (~25x)
1201.0,2025-06-17,1326571,65771,half_2,17,middle,3760,hsr,5.44,5.86,330.04359999999997,13.201743999999998,12.993842519685039,12.942886274509803,56.32143344709897,2.2528573378839587,fixture-level distance scale anomaly (~25x)
1201.0,2025-06-17,1326572,65771,half_2,22,bottom,3761,hsr,5.42,5.51,141.8372,5.673488,5.584141732283465,5.562243137254902,25.741778584392016,1.0296711433756807,fixture-level distance scale anomaly (~25x)
1201.0,2025-06-17,1326573,65771,half_2,23,middle,3760,hsr,5.48,6.49,259.1156,10.364624,10.20140157480315,10.161396078431371,39.92536209553158,1.5970144838212632,fixture-level distance scale anomaly (~25x)
1201.0,2025-06-17,1326574,65771,half_2,23,middle,3760,hsr,5.41,6.42,495.6076,19.824303999999998,19.512110236220472,19.435592156862743,77.19744548286604,3.0878978193146414,fixture-level distance scale anomaly (~25x)
1201.0,2025-06-17,1326575,65771,half_2,26,top,3761,hsr,5.42,6.47,731.9388,29.277552,28.81648818897638,28.703482352941176,113.12809891808347,4.525123956723339,fixture-level distance scale anomaly (~25x)
1201.0,2025-06-17,1326576,65771,half_2,28,middle,3761,hsr,5.43,6.09,672.8804,26.915216,26.491354330708663,26.38746666666667,110.48939244663383,4.419575697865353,fixture-level distance scale anomaly (~25x)
1201.0,2025-06-17,1326577,65771,half_2,29,middle,3760,hsr,5.45,5.77,162.142,6.4856799999999994,6.383543307086614,6.358509803921568,28.10086655112652,1.1240346620450608,fixture-level distance scale anomaly (~25x)
1201.0,2025-06-17,1326579,65771,half_2,34,bottom,3761,hsr,5.42,6.26,421.4016,16.856064,16.590614173228346,16.52555294117647,67.31654952076677,2.692661980830671,fixture-level distance scale anomaly (~25x)
1201.0,2025-06-17,1326578,65771,half_2,35,middle,3760,sprint,6.95,7.84,365.8,14.632,14.401574803149607,14.345098039215687,46.65816326530612,1.866326530612245,fixture-level distance scale anomaly (~25x)
1201.0,2025-06-17,1326580,65771,half_2,40,middle,3761,sprint,6.93,8.74,852.1260000000001,34.085040000000006,33.54826771653544,33.41670588235294,97.49725400457666,3.899890160183067,fixture-level distance scale anomaly (~25x)
1201.0,2025-06-17,1326581,65771,half_2,40,middle,3761,hsr,5.38,6.89,214.1,8.564,8.429133858267717,8.39607843137255,31.07402031930334,1.2429608127721337,fixture-level distance scale anomaly (~25x)
1201.0,2025-06-17,1326582,65771,half_2,40,bottom,3760,hsr,5.43,5.86,439.9236,17.596944,17.319826771653545,17.251905882352943,75.0722866894198,3.002891467576792,fixture-level distance scale anomaly (~25x)
1201.0,2025-06-17,1326583,65771,half_2,42,top,3760,hsr,5.32,5.92,128.8964,5.155856,5.074661417322835,5.054760784313726,21.773040540540542,0.8709216216216217,fixture-level distance scale anomaly (~25x)
1201.0,2025-06-17,1326584,65771,half_2,47,bottom,3760,hsr,5.43,5.88,244.3356,9.773424,9.619511811023623,9.581788235294118,41.55367346938775,1.6621469387755103,fixture-level distance scale anomaly (~25x)
1201.0,2025-06-17,1326585,65771,half_2,50,bottom,3761,hsr,5.43,6.31,644.1356000000001,25.765424000000003,25.359669291338587,25.26021960784314,102.0817115689382,4.083268462757529,fixture-level distance scale anomaly (~25x)
1201.0,2025-06-17,1326586,65772,half_1,3,middle,3761,sprint,6.98,8.4,390.2412,15.609648,15.363826771653544,15.303576470588235,46.45728571428571,1.8582914285714285,fixture-level distance scale anomaly (~25x)
1201.0,2025-06-17,1326587,65772,half_1,5,top,3761,hsr,5.45,6.07,189.884,7.5953599999999994,7.475748031496063,7.446431372549019,31.2823723228995,1.2512948929159802,fixture-level distance scale anomaly (~25x)
1201.0,2025-06-17,1326588,65772,half_1,21,bottom,3761,sprint,6.97,7.73,385.176,15.40704,15.164409448818898,15.104941176470588,49.8287192755498,1.9931487710219922,fixture-level distance scale anomaly (~25x)
1201.0,2025-06-17,1326589,65772,half_1,21,middle,3761,hsr,5.4,6.92,166.4248,6.656992,6.552157480314961,6.52646274509804,24.049826589595376,0.961993063583815,fixture-level distance scale anomaly (~25x)
1201.0,2025-06-17,1326590,65772,half_1,21,bottom,3761,hsr,5.38,6.92,159.8152,6.392608,6.291937007874016,6.26726274509804,23.094682080924855,0.9237872832369942,fixture-level distance scale anomaly (~25x)
1201.0,2025-06-17,1326591,65772,half_1,23,middle,3761,hsr,5.44,6.54,422.4024,16.896096,16.630015748031497,16.5648,64.58752293577982,2.5835009174311927,fixture-level distance scale anomaly (~25x)
1201.0,2025-06-17,1326592,65772,half_1,29,middle,3760,hsr,5.43,5.98,304.5496,12.181984,11.990141732283465,11.94312156862745,50.92802675585284,2.0371210702341136,fixture-level distance scale anomaly (~25x)
1201.0,2025-06-17,1326593,65772,half_1,32,middle,3761,sprint,7.0,9.74,738.6103999999999,29.544416,29.07914960629921,28.96511372549019,75.83268993839835,3.0333075975359343,fixture-level distance scale anomaly (~25x)
1201.0,2025-06-17,1326594,65772,half_1,37,bottom,3760,sprint,7.0,7.93,376.7844,15.071376,14.834031496062993,14.775858823529411,47.51379571248424,1.9005518284993697,fixture-level distance scale anomaly (~25x)
1201.0,2025-06-17,1326595,65772,half_1,38,middle,3760,hsr,5.49,6.84,707.9096,28.316384,27.870456692913386,27.761160784313724,103.49555555555555,4.1398222222222225,fixture-level distance scale anomaly (~25x)
1201.0,2025-06-17,1326596,65772,half_1,41,top,3760,hsr,5.53,5.95,176.87640000000002,7.075056000000001,6.9636377952755915,6.9363294117647065,29.72712605042017,1.1890850420168069,fixture-level distance scale anomaly (~25x)
1201.0,2025-06-17,1326597,65772,half_1,44,top,3760,hsr,5.39,6.81,562.5772000000001,22.503088,22.148708661417327,22.06185098039216,82.61045521292219,3.3044182085168874,fixture-level distance scale anomaly (~25x)
1201.0,2025-06-17,1326598,65772,half_2,1,bottom,3761,sprint,6.96,7.41,258.79,10.351600000000001,10.188582677165355,10.148627450980394,34.924426450742246,1.3969770580296899,fixture-level distance scale anomaly (~25x)
1201.0,2025-06-17,1326601,65772,half_2,1,bottom,3761,hsr,5.44,6.91,154.9112,6.196448,6.098866141732284,6.0749490196078435,22.418408104196818,0.8967363241678726,fixture-level distance scale anomaly (~25x)
1201.0,2025-06-17,1326599,65772,half_2,3,middle,3760,sprint,6.95,7.2,254.5976,10.183904,10.023527559055118,9.984219607843137,35.36077777777778,1.4144311111111112,fixture-level distance scale anomaly (~25x)
1201.0,2025-06-17,1326602,65772,half_2,3,middle,3760,hsr,5.52,6.93,169.5812,6.7832479999999995,6.676425196850394,6.650243137254901,24.47059163059163,0.9788236652236652,fixture-level distance scale anomaly (~25x)
1201.0,2025-06-17,1326603,65772,half_2,3,middle,3760,hsr,5.46,6.92,181.0096,7.240384000000001,7.12636220472441,7.09841568627451,26.157456647398845,1.0462982658959539,fixture-level distance scale anomaly (~25x)
1201.0,2025-06-17,1326600,65772,half_2,5,middle,3761,sprint,6.98,8.16,691.5504,27.662015999999998,27.2263937007874,27.119623529411765,84.74882352941177,3.38995294117647,fixture-level distance scale anomaly (~25x)
1201.0,2025-06-17,1326604,65772,half_2,10,middle,3761,hsr,5.44,6.07,319.526,12.78104,12.57976377952756,12.53043137254902,52.64019769357496,2.1056079077429986,fixture-level distance scale anomaly (~25x)
1201.0,2025-06-17,1326605,65772,half_2,13,middle,3760,hsr,5.43,5.79,282.002,11.28008,11.102440944881891,11.058901960784315,48.70500863557859,1.9482003454231434,fixture-level distance scale anomaly (~25x)
1201.0,2025-06-17,1326606,65772,half_2,17,middle,3760,sprint,6.94,7.41,426.1412,17.045648,16.777212598425198,16.711419607843137,57.5089338731444,2.300357354925776,fixture-level distance scale anomaly (~25x)
1201.0,2025-06-17,1326607,65772,half_2,17,top,3760,hsr,5.47,6.94,162.21519999999998,6.488607999999999,6.386425196850393,6.361380392156862,23.37394812680115,0.934957925072046,fixture-level distance scale anomaly (~25x)
1201.0,2025-06-17,1326608,65772,half_2,17,middle,3760,hsr,5.47,6.91,187.5032,7.500128,7.382015748031496,7.353066666666666,27.1350506512301,1.085402026049204,fixture-level distance scale anomaly (~25x)
1201.0,2025-06-17,1326609,65772,half_2,17,bottom,3760,hsr,5.44,6.22,306.11760000000004,12.244704000000002,12.051874015748034,12.004611764705883,49.21504823151126,1.9686019292604506,fixture-level distance scale anomaly (~25x)
1201.0,2025-06-17,1326610,65772,half_2,22,bottom,3761,hsr,5.43,5.97,403.0852,16.123407999999998,15.869496062992127,15.807262745098038,67.51845896147404,2.700738358458961,fixture-level distance scale anomaly (~25x)
1201.0,2025-06-17,1326611,65772,half_2,23,middle,3760,hsr,5.49,5.68,127.3524,5.094096,5.013874015748032,4.994211764705883,22.42119718309859,0.8968478873239438,fixture-level distance scale anomaly (~25x)
1201.0,2025-06-17,1326612,65772,half_2,24,middle,3760,hsr,5.51,5.96,153.3604,6.134416,6.037811023622048,6.0141333333333336,25.731610738255032,1.0292644295302014,fixture-level distance scale anomaly (~25x)
1201.0,2025-06-17,1326613,65772,half_2,25,top,3760,hsr,5.47,6.05,278.01160000000004,11.120464000000002,10.945338582677168,10.902415686274512,45.9523305785124,1.8380932231404963,fixture-level distance scale anomaly (~25x)
1201.0,2025-06-17,1326614,65772,half_2,25,middle,3761,hsr,5.44,6.27,302.0396,12.081584,11.89132283464567,11.844690196078432,48.172185007974484,1.9268874003189793,fixture-level distance scale anomaly (~25x)
1201.0,2025-06-17,1326616,65772,half_2,27,middle,3761,hsr,5.45,5.92,233.9836,9.359344,9.211952755905513,9.175827450980393,39.524256756756756,1.5809702702702704,fixture-level distance scale anomaly (~25x)
1201.0,2025-06-17,1326615,65772,half_2,28,middle,3760,sprint,6.93,7.37,741.6456000000001,29.665824,29.19864566929134,29.08414117647059,100.63033921302579,4.025213568521031,fixture-level distance scale anomaly (~25x)
1201.0,2025-06-17,1326617,65772,half_2,28,middle,3761,hsr,5.43,6.89,981.3168,39.252672,38.63451968503937,38.48301176470588,142.42624092888244,5.697049637155297,fixture-level distance scale anomaly (~25x)
1201.0,2025-06-17,1326618,65772,half_2,28,bottom,3760,hsr,5.44,6.91,225.4,9.016,8.874015748031496,8.83921568627451,32.61939218523879,1.3047756874095513,fixture-level distance scale anomaly (~25x)
1201.0,2025-06-17,1326619,65772,half_2,31,top,3760,hsr,5.49,6.15,221.3176,8.852704,8.713291338582678,8.679121568627451,35.98660162601626,1.4394640650406503,fixture-level distance scale anomaly (~25x)
1201.0,2025-06-17,1326620,65772,half_2,34,middle,3761,hsr,5.45,6.41,281.452,11.25808,11.080787401574804,11.037333333333333,43.90826833073323,1.756330733229329,fixture-level distance scale anomaly (~25x)
1201.0,2025-06-17,1326621,65772,half_2,40,top,3761,hsr,5.49,5.7,121.9128,4.876512,4.799716535433071,4.780894117647059,21.38821052631579,0.8555284210526315,fixture-level distance scale anomaly (~25x)
1201.0,2025-06-17,1326622,65772,half_2,40,top,3760,hsr,5.4,5.62,282.0992,11.283968,11.106267716535433,11.062713725490196,50.195587188612095,2.007823487544484,fixture-level distance scale anomaly (~25x)
1201.0,2025-06-17,1326623,65772,half_2,49,middle,3760,hsr,5.44,6.63,526.5763999999999,21.063055999999996,20.73135433070866,20.650054901960782,79.42328808446455,3.1769315233785815,fixture-level distance scale anomaly (~25x)
1201.0,2025-06-17,1327312,65773,half_2,25,top,3761,hsr,5.44,5.75,309.5224,12.380896,12.185921259842521,12.138133333333334,53.82998260869565,2.153199304347826,fixture-level distance scale anomaly (~25x)
1201.0,2025-06-17,1327313,65773,half_2,25,top,3760,hsr,5.48,6.19,228.27919999999995,9.131167999999997,8.987370078740156,8.952125490196076,36.87870759289175,1.4751483037156699,fixture-level distance scale anomaly (~25x)
1201.0,2025-06-17,1327314,65773,half_2,25,middle,3761,hsr,5.42,5.52,119.946,4.79784,4.722283464566929,4.703764705882353,21.729347826086958,0.8691739130434784,fixture-level distance scale anomaly (~25x)
1201.0,2025-06-17,1327315,65773,half_2,27,top,3760,hsr,5.44,6.09,243.766,9.750639999999999,9.597086614173229,9.559450980392157,40.027257799671595,1.6010903119868636,fixture-level distance scale anomaly (~25x)
1201.0,2025-06-17,1327316,65773,half_2,28,top,3761,hsr,5.46,5.67,127.0028,5.080112,5.000110236220473,4.980501960784314,22.399082892416224,0.895963315696649,fixture-level distance scale anomaly (~25x)
1201.0,2025-06-17,1327317,65773,half_2,28,middle,3760,hsr,5.41,5.51,218.59000000000003,8.7436,8.605905511811025,8.5721568627451,39.67150635208712,1.5868602540834849,fixture-level distance scale anomaly (~25x)
1201.0,2025-06-17,1327318,65773,half_2,31,top,3761,hsr,5.46,6.07,213.308,8.53232,8.397952755905512,8.365019607843138,35.141350906095546,1.4056540362438221,fixture-level distance scale anomaly (~25x)
1201.0,2025-06-17,1327319,65773,half_2,34,bottom,3761,hsr,5.43,6.15,369.102,14.76408,14.531574803149606,14.474588235294117,60.01658536585365,2.4006634146341463,fixture-level distance scale anomaly (~25x)
1201.0,2025-06-17,1327320,65773,half_2,35,bottom,3760,hsr,5.48,6.37,281.1132,11.244528,11.067448818897638,11.02404705882353,44.130800627943486,1.7652320251177396,fixture-level distance scale anomaly (~25x)
1201.0,2025-06-17,1327321,65773,half_2,40,middle,3761,sprint,6.91,7.56,636.0208,25.440832,25.040188976377955,24.941992156862746,84.12973544973545,3.365189417989418,fixture-level distance scale anomaly (~25x)
1201.0,2025-06-17,1327322,65773,half_2,40,top,3760,hsr,5.43,6.88,371.5852,14.863408,14.629338582677166,14.57196862745098,54.009476744186045,2.160379069767442,fixture-level distance scale anomaly (~25x)
1201.0,2025-06-17,1327323,65773,half_2,40,middle,3761,hsr,5.44,6.89,267.3448,10.693792,10.525385826771656,10.48410980392157,38.80185776487664,1.5520743105950654,fixture-level distance scale anomaly (~25x)
1201.0,2025-06-17,1327324,65773,half_2,40,middle,3761,hsr,5.43,6.9,231.1872,9.247487999999999,9.101858267716535,9.066164705882352,33.505391304347825,1.3402156521739128,fixture-level distance scale anomaly (~25x)
1201.0,2025-06-17,1327325,65773,half_2,40,top,3760,hsr,5.4,6.2,535.6564,21.426256,21.08883464566929,21.00613333333333,86.39619354838709,3.4558477419354836,fixture-level distance scale anomaly (~25x)
1201.0,2025-06-17,1327326,65773,half_2,42,middle,3760,sprint,6.94,8.11,1405.436,56.217439999999996,55.33212598425197,55.11513725490196,173.29667077681876,6.93186683107275,fixture-level distance scale anomaly (~25x)
1201.0,2025-06-17,1327328,65773,half_2,42,middle,3760,hsr,5.6,6.95,132.1956,5.2878240000000005,5.204551181102363,5.184141176470589,19.02094964028777,0.7608379856115108,fixture-level distance scale anomaly (~25x)
1201.0,2025-06-17,1327329,65773,half_2,42,top,3760,hsr,5.45,6.89,160.3452,6.413808,6.3128031496062995,6.28804705882353,23.272162554426707,0.9308865021770684,fixture-level distance scale anomaly (~25x)
1201.0,2025-06-17,1327330,65773,half_2,43,middle,3760,hsr,5.46,5.95,339.688,13.58752,13.373543307086614,13.321098039215686,57.090420168067226,2.283616806722689,fixture-level distance scale anomaly (~25x)
1201.0,2025-06-17,1327327,65773,half_2,45,middle,3761,sprint,6.89,8.01,475.2676,19.010704,18.71132283464567,18.637945098039218,59.33428214731586,2.373371285892634,fixture-level distance scale anomaly (~25x)
1201.0,2025-06-17,1327331,65773,half_2,45,middle,3761,hsr,5.49,6.86,212.04880000000003,8.481952000000001,8.348377952755907,8.315639215686275,30.910903790087467,1.2364361516034987,fixture-level distance scale anomaly (~25x)
1201.0,2025-06-17,1327332,65773,half_2,49,top,3760,sprint,6.91,9.51,834.4984,33.379936,32.85426771653543,32.72542745098039,87.74956887486856,3.5099827549947427,fixture-level distance scale anomaly (~25x)
1201.0,2025-06-17,1327333,65773,half_2,49,bottom,3760,hsr,5.43,6.51,302.94599999999997,12.11784,11.927007874015748,11.880235294117647,46.53548387096774,1.8614193548387097,fixture-level distance scale anomaly (~25x)
1201.0,2025-06-17,1327334,65773,half_2,49,middle,3760,hsr,5.46,6.85,207.5324,8.301296,8.170566929133859,8.138525490196079,30.296700729927007,1.2118680291970805,fixture-level distance scale anomaly (~25x)
1201.0,2025-06-17,1326626,65774,half_1,2,bottom,3760,hsr,5.52,5.79,122.7536,4.910144,4.832818897637796,4.813866666666667,21.20096718480138,0.8480386873920552,fixture-level distance scale anomaly (~25x)
1201.0,2025-06-17,1326627,65774,half_1,3,top,3760,hsr,5.56,6.02,124.6588,4.986352,4.907826771653544,4.888580392156863,20.707441860465117,0.8282976744186047,fixture-level distance scale anomaly (~25x)
1201.0,2025-06-17,1326628,65774,half_1,3,top,3760,hsr,5.44,5.95,286.8852,11.475408,11.294692913385827,11.250399999999999,48.216,1.92864,fixture-level distance scale anomaly (~25x)
1201.0,2025-06-17,1326624,65774,half_1,4,top,3760,sprint,6.71,8.23,551.7048,22.068192,21.720661417322834,21.635482352941175,67.03582017010935,2.681432806804374,fixture-level distance scale anomaly (~25x)
1201.0,2025-06-17,1326625,65774,half_1,4,top,3761,sprint,6.93,7.42,505.3855999999999,20.215423999999995,19.89707086614173,19.819043137254898,68.11126684636118,2.724450673854447,fixture-level distance scale anomaly (~25x)
1201.0,2025-06-17,1326629,65774,half_1,4,top,3760,hsr,5.45,6.91,136.41400000000002,5.4565600000000005,5.370629921259844,5.349568627450981,19.741534008683068,0.7896613603473228,fixture-level distance scale anomaly (~25x)
1201.0,2025-06-17,1326630,65774,half_1,4,top,3761,hsr,5.43,6.76,122.6312,4.905248,4.828,4.809066666666667,18.1407100591716,0.725628402366864,fixture-level distance scale anomaly (~25x)
1201.0,2025-06-17,1326631,65774,half_1,4,middle,3761,hsr,5.49,6.91,214.5548,8.582192,8.447039370078741,8.413913725490197,31.049898697539795,1.2419959479015918,fixture-level distance scale anomaly (~25x)
1201.0,2025-06-17,1326632,65774,half_1,5,top,3761,hsr,5.39,6.9,209.0812,8.363248,8.231543307086614,8.19926274509804,30.301623188405795,1.2120649275362319,fixture-level distance scale anomaly (~25x)
1201.0,2025-06-17,1326633,65774,half_1,5,top,3761,hsr,5.46,6.85,351.55039999999997,14.062015999999998,13.840566929133857,13.786290196078431,51.32122627737226,2.0528490510948902,fixture-level distance scale anomaly (~25x)
1201.0,2025-06-17,1326634,65774,half_1,7,middle,3761,hsr,5.48,5.74,121.9864,4.879456,4.8026141732283465,4.783780392156863,21.25198606271777,0.8500794425087108,fixture-level distance scale anomaly (~25x)
1201.0,2025-06-17,1326635,65774,half_1,8,top,3761,hsr,5.55,6.12,143.746,5.749840000000001,5.659291338582678,5.637098039215687,23.48790849673203,0.9395163398692812,fixture-level distance scale anomaly (~25x)
1201.0,2025-06-17,1326636,65774,half_1,10,top,3761,hsr,5.48,5.97,194.4556,7.778224,7.655732283464568,7.625709803921569,32.57212730318258,1.3028850921273032,fixture-level distance scale anomaly (~25x)
1201.0,2025-06-17,1326637,65774,half_1,13,middle,3761,hsr,5.43,6.05,271.8728,10.874912,10.703653543307087,10.661678431372549,44.937652892561985,1.7975061157024794,fixture-level distance scale anomaly (~25x)
1201.0,2025-06-17,1326638,65774,half_1,16,top,3760,sprint,6.94,7.72,343.1128,13.724511999999999,13.508377952755906,13.455403921568626,44.44466321243523,1.7777865284974093,fixture-level distance scale anomaly (~25x)
1201.0,2025-06-17,1326640,65774,half_1,16,top,3760,hsr,5.5,6.93,175.97199999999998,7.038879999999999,6.928031496062991,6.900862745098038,25.392784992784993,1.0157113997113996,fixture-level distance scale anomaly (~25x)
1201.0,2025-06-17,1326639,65774,half_1,19,top,3760,sprint,6.93,8.87,536.3668,21.454672000000002,21.1168031496063,21.033992156862745,60.46976324689967,2.418790529875987,fixture-level distance scale anomaly (~25x)
1201.0,2025-06-17,1326641,65774,half_1,19,top,3760,hsr,5.42,6.89,185.06599999999997,7.402639999999999,7.286062992125983,7.257490196078431,26.86008708272859,1.0744034833091436,fixture-level distance scale anomaly (~25x)
1201.0,2025-06-17,1326644,65774,half_1,21,top,3761,hsr,5.31,6.82,350.7304,14.029215999999998,13.808283464566928,13.754133333333332,51.426744868035186,2.057069794721407,fixture-level distance scale anomaly (~25x)
1201.0,2025-06-17,1326642,65774,half_1,22,middle,3760,sprint,6.92,7.93,665.7616,26.630464000000003,26.211086614173233,26.108298039215686,83.95480453972259,3.3581921815889033,fixture-level distance scale anomaly (~25x)
1201.0,2025-06-17,1326645,65774,half_1,22,bottom,3760,hsr,5.42,6.38,298.88719999999995,11.955487999999997,11.767212598425196,11.721066666666665,46.84752351097178,1.8739009404388711,fixture-level distance scale anomaly (~25x)
1201.0,2025-06-17,1326646,65774,half_1,22,top,3760,hsr,5.47,6.9,395.8536,15.834143999999998,15.584787401574802,15.523670588235293,57.37008695652173,2.294803478260869,fixture-level distance scale anomaly (~25x)
1201.0,2025-06-17,1326643,65774,half_1,23,top,3760,sprint,6.97,8.82,549.1632000000001,21.966528000000004,21.620598425196853,21.535811764705887,62.26340136054422,2.490536054421769,fixture-level distance scale anomaly (~25x)
1201.0,2025-06-17,1326647,65774,half_1,29,top,3760,hsr,5.42,7.09,302.8104,12.112416000000001,11.921669291338583,11.874917647058824,42.709506346967565,1.7083802538787027,fixture-level distance scale anomaly (~25x)
1201.0,2025-06-17,1326648,65774,half_1,29,middle,3760,hsr,5.48,5.69,161.2592,6.450368,6.348787401574803,6.323890196078431,28.34080843585237,1.1336323374340949,fixture-level distance scale anomaly (~25x)
1201.0,2025-06-17,1326649,65774,half_1,31,middle,3760,sprint,6.93,7.85,456.4416,18.257664,17.970141732283466,17.899670588235296,58.14542675159236,2.325817070063694,fixture-level distance scale anomaly (~25x)
1201.0,2025-06-17,1326650,65774,half_1,31,middle,3760,hsr,5.46,6.89,186.4704,7.458816000000001,7.341354330708662,7.3125647058823535,27.06391872278665,1.082556748911466,fixture-level distance scale anomaly (~25x)
1201.0,2025-06-17,1326651,65774,half_1,33,top,3760,hsr,5.49,5.69,133.0036,5.320144,5.23636220472441,5.215827450980393,23.374973637961336,0.9349989455184533,fixture-level distance scale anomaly (~25x)
1201.0,2025-06-17,1326652,65774,half_1,33,top,3761,hsr,5.47,5.79,156.7704,6.270816,6.172062992125984,6.147858823529411,27.076062176165802,1.0830424870466322,fixture-level distance scale anomaly (~25x)
1201.0,2025-06-17,1326653,65774,half_1,33,top,3760,hsr,5.45,7.0,342.99559999999997,13.719824,13.503763779527558,13.450807843137254,48.99937142857142,1.959974857142857,fixture-level distance scale anomaly (~25x)
1201.0,2025-06-17,1326654,65774,half_1,40,middle,3760,hsr,5.41,6.52,632.9276,25.317104,24.9184094488189,24.82069019607843,97.07478527607363,3.882991411042945,fixture-level distance scale anomaly (~25x)
1201.0,2025-06-17,1326655,65774,half_1,40,middle,3761,hsr,5.41,6.58,481.8468,19.273871999999997,18.970346456692912,18.89595294117647,73.22899696048631,2.9291598784194526,fixture-level distance scale anomaly (~25x)
1201.0,2025-06-17,1326656,65774,half_1,44,middle,3760,sprint,6.84,8.96,779.9544000000001,31.198176000000004,30.706866141732288,30.586447058823534,87.04848214285714,3.4819392857142857,fixture-level distance scale anomaly (~25x)
1201.0,2025-06-17,1326657,65774,half_1,44,top,3760,sprint,6.83,8.72,324.8088,12.992352,12.787748031496065,12.7376,37.24871559633027,1.489948623853211,fixture-level distance scale anomaly (~25x)
1201.0,2025-06-17,1326658,65774,half_1,44,top,3761,hsr,5.47,6.11,279.9156,11.196624,11.020299212598426,10.977082352941176,45.81270049099836,1.8325080196399344,fixture-level distance scale anomaly (~25x)
1201.0,2025-06-17,1326659,65774,half_1,46,middle,3760,sprint,6.96,7.64,248.3116,9.932464,9.776047244094489,9.737709803921568,32.50151832460733,1.3000607329842933,fixture-level distance scale anomaly (~25x)
1201.0,2025-06-17,1326660,65774,half_1,46,top,3760,hsr,5.53,7.01,673.6379999999999,26.94552,26.521181102362203,26.41717647058823,96.09671897289586,3.8438687589158342,fixture-level distance scale anomaly (~25x)
1201.0,2025-06-17,1326661,65774,half_2,2,middle,3760,hsr,5.46,7.17,374.4568,14.978271999999999,14.742393700787401,14.684580392156862,52.22549511854951,2.08901980474198,fixture-level distance scale anomaly (~25x)
1201.0,2025-06-17,1326662,65774,half_2,2,middle,3761,hsr,5.48,6.48,289.7628,11.590512,11.407984251968506,11.36324705882353,44.71648148148148,1.7886592592592592,fixture-level distance scale anomaly (~25x)
1201.0,2025-06-17,1326663,65774,half_2,5,middle,3760,hsr,5.47,5.89,198.7892,7.951568,7.826346456692914,7.795654901960784,33.75028862478778,1.350011544991511,fixture-level distance scale anomaly (~25x)
1201.0,2025-06-17,1326664,65774,half_2,5,top,3761,hsr,5.44,6.74,322.0616,12.882464,12.679590551181104,12.629866666666667,47.78362017804154,1.9113448071216617,fixture-level distance scale anomaly (~25x)
1201.0,2025-06-17,1326665,65774,half_2,10,middle,3761,hsr,5.45,5.83,214.4644,8.578576,8.443480314960631,8.41036862745098,36.786346483704975,1.471453859348199,fixture-level distance scale anomaly (~25x)
1201.0,2025-06-17,1326666,65774,half_2,13,top,3760,hsr,5.38,6.88,489.0812,19.563248,19.25516535433071,19.179654901960784,71.08738372093023,2.8434953488372097,fixture-level distance scale anomaly (~25x)
1201.0,2025-06-17,1326667,65774,half_2,17,top,3760,sprint,6.95,7.77,576.5348,23.061392,22.698220472440948,22.609207843137256,74.20010296010297,2.9680041184041186,fixture-level distance scale anomaly (~25x)
1201.0,2025-06-17,1326668,65774,half_2,17,middle,3760,hsr,5.45,6.9,129.79840000000002,5.191936000000001,5.110173228346458,5.090133333333334,18.81136231884058,0.7524544927536233,fixture-level distance scale anomaly (~25x)
1201.0,2025-06-17,1326669,65774,half_2,19,middle,3760,hsr,5.47,6.03,212.8416,8.513664,8.379590551181103,8.346729411764706,35.2971144278607,1.411884577114428,fixture-level distance scale anomaly (~25x)
1201.0,2025-06-17,1326670,65774,half_2,22,middle,3761,sprint,6.93,7.05,160.34279999999998,6.413711999999999,6.3127086614173225,6.28795294117647,22.743659574468083,0.9097463829787233,fixture-level distance scale anomaly (~25x)
1201.0,2025-06-17,1326671,65774,half_2,22,middle,3761,hsr,5.5,6.91,406.1336,16.245344,15.989511811023624,15.926807843137254,58.774761215629525,2.350990448625181,fixture-level distance scale anomaly (~25x)
1201.0,2025-06-17,1326672,65774,half_2,22,middle,3761,hsr,5.46,6.95,207.4976,8.299904,8.169196850393702,8.137160784313727,29.85576978417266,1.1942307913669064,fixture-level distance scale anomaly (~25x)
1201.0,2025-06-17,1326673,65774,half_2,23,middle,3760,hsr,5.42,5.83,254.2236,10.168944,10.0088031496063,9.96955294117647,43.606106346483706,1.7442442538593481,fixture-level distance scale anomaly (~25x)
1201.0,2025-06-17,1326674,65774,half_2,24,top,3760,hsr,5.46,6.17,299.27639999999997,11.971055999999999,11.782535433070866,11.736329411764705,48.50508914100486,1.9402035656401944,fixture-level distance scale anomaly (~25x)
1201.0,2025-06-17,1326675,65774,half_2,25,top,3760,hsr,5.52,6.73,297.5208,11.900832000000001,11.713417322834646,11.667482352941176,44.208142644873696,1.768325705794948,fixture-level distance scale anomaly (~25x)
1201.0,2025-06-17,1326676,65774,half_2,26,top,3761,sprint,6.91,7.19,325.4364,13.017456,12.812456692913386,12.762211764705881,45.26236439499304,1.8104945757997217,fixture-level distance scale anomaly (~25x)
1201.0,2025-06-17,1326678,65774,half_2,26,top,3761,hsr,5.44,6.9,650.7984,26.031936,25.621984251968506,25.52150588235294,94.31860869565217,3.772744347826087,fixture-level distance scale anomaly (~25x)
1201.0,2025-06-17,1326679,65774,half_2,26,top,3761,hsr,5.46,6.93,200.7284,8.029136,7.902692913385827,7.871701960784313,28.965137085137087,1.1586054834054833,fixture-level distance scale anomaly (~25x)
1201.0,2025-06-17,1326677,65774,half_2,27,top,3760,sprint,6.9,8.01,407.6284,16.305136,16.04836220472441,15.985427450980392,50.889937578027464,2.0355975031210987,fixture-level distance scale anomaly (~25x)
1201.0,2025-06-17,1326680,65774,half_2,27,top,3760,hsr,5.5,6.86,236.2068,9.448272,9.299480314960629,9.263011764705881,34.43247813411078,1.3772991253644313,fixture-level distance scale anomaly (~25x)
1201.0,2025-06-17,1326681,65774,half_2,27,top,3760,hsr,5.44,6.71,346.5268,13.861072,13.642787401574804,13.589286274509803,51.643338301043215,2.0657335320417287,fixture-level distance scale anomaly (~25x)
1201.0,2025-06-17,1326682,65774,half_2,28,top,3760,hsr,5.46,5.99,188.66600000000005,7.546640000000002,7.427795275590554,7.398666666666669,31.496828046744582,1.2598731218697832,fixture-level distance scale anomaly (~25x)
1201.0,2025-06-17,1326683,65774,half_2,29,top,3761,hsr,5.33,6.25,244.8808,9.795232,9.640976377952756,9.60316862745098,39.180928,1.5672371200000002,fixture-level distance scale anomaly (~25x)
1201.0,2025-06-17,1326684,65774,half_2,29,top,3761,hsr,5.45,6.55,354.5036,14.180144,13.956834645669293,13.902101960784314,54.12268702290076,2.1649074809160305,fixture-level distance scale anomaly (~25x)
1201.0,2025-06-17,1326686,65775,half_1,3,bottom,3760,hsr,5.49,5.71,133.13,5.3252,5.241338582677166,5.22078431372549,23.31523642732049,0.9326094570928196,fixture-level distance scale anomaly (~25x)
1201.0,2025-06-17,1326685,65775,half_1,4,bottom,3760,sprint,6.98,7.19,276.1564,11.046256000000001,10.872299212598426,10.82966274509804,38.40840055632823,1.5363360222531295,fixture-level distance scale anomaly (~25x)
1201.0,2025-06-17,1326687,65775,half_1,4,bottom,3760,hsr,5.42,6.95,174.536,6.98144,6.871496062992127,6.844549019607843,25.113093525179856,1.0045237410071943,fixture-level distance scale anomaly (~25x)
1201.0,2025-06-17,1326688,65775,half_1,4,bottom,3760,hsr,5.33,6.98,143.044,5.721760000000001,5.631653543307087,5.60956862745098,20.493409742120345,0.8197363896848138,fixture-level distance scale anomaly (~25x)
1201.0,2025-06-17,1326689,65775,half_1,13,middle,3760,hsr,5.46,6.01,224.4056,8.976224,8.834866141732284,8.800219607843138,37.33870216306156,1.4935480865224626,fixture-level distance scale anomaly (~25x)
1201.0,2025-06-17,1326690,65775,half_1,16,bottom,3760,sprint,6.78,8.29,191.0424,7.641696,7.521354330708661,7.4918588235294115,23.044921592279856,0.9217968636911943,fixture-level distance scale anomaly (~25x)
1201.0,2025-06-17,1326691,65775,half_1,16,bottom,3760,hsr,5.48,6.7,176.30640000000002,7.052256000000001,6.941196850393702,6.913976470588236,26.314388059701496,1.0525755223880597,fixture-level distance scale anomaly (~25x)
1201.0,2025-06-17,1326692,65775,half_1,22,middle,3760,hsr,5.42,6.08,237.2888,9.491552,9.342078740157481,9.305443137254903,39.02776315789474,1.5611105263157896,fixture-level distance scale anomaly (~25x)
1201.0,2025-06-17,1326693,65775,half_1,22,middle,3760,hsr,5.44,6.71,352.404,14.09616,13.874173228346457,13.819764705882353,52.519225037257826,2.100769001490313,fixture-level distance scale anomaly (~25x)
1201.0,2025-06-17,1326694,65775,half_1,22,bottom,3760,hsr,5.49,5.9,198.8704,7.954815999999999,7.829543307086614,7.798839215686274,33.70684745762711,1.3482738983050846,fixture-level distance scale anomaly (~25x)
1201.0,2025-06-17,1326695,65775,half_1,24,bottom,3760,hsr,5.46,6.11,285.8372,11.433488,11.253433070866143,11.209301960784314,46.78186579378068,1.8712746317512274,fixture-level distance scale anomaly (~25x)
1201.0,2025-06-17,1326696,65775,half_1,29,bottom,3760,hsr,5.45,6.01,218.0024,8.720096,8.582771653543308,8.549113725490196,36.273277870216305,1.4509311148086523,fixture-level distance scale anomaly (~25x)
1201.0,2025-06-17,1326697,65775,half_1,31,middle,3760,hsr,5.47,6.86,735.2896,29.411583999999998,28.948409448818897,28.834886274509802,107.18507288629736,4.287402915451895,fixture-level distance scale anomaly (~25x)
1201.0,2025-06-17,1326698,65775,half_1,33,bottom,3760,hsr,5.51,6.91,301.8708,12.074831999999999,11.884677165354331,11.838070588235293,43.68607814761215,1.747443125904486,fixture-level distance scale anomaly (~25x)
1201.0,2025-06-17,1326699,65775,half_1,40,middle,3760,hsr,5.48,5.91,169.72000000000003,6.788800000000001,6.681889763779529,6.655686274509805,28.717428087986466,1.1486971235194587,fixture-level distance scale anomaly (~25x)
1201.0,2025-06-17,1326701,65775,half_1,41,bottom,3760,hsr,5.47,6.96,348.3836,13.935344,13.71588976377953,13.662101960784314,50.05511494252874,2.0022045977011493,fixture-level distance scale anomaly (~25x)
1201.0,2025-06-17,1326700,65775,half_1,44,middle,3760,sprint,6.94,8.47,542.888,21.71552,21.373543307086617,21.28972549019608,64.09539551357733,2.5638158205430934,fixture-level distance scale anomaly (~25x)
1201.0,2025-06-17,1326702,65775,half_1,44,bottom,3760,hsr,5.42,6.87,188.9216,7.556864000000001,7.437858267716536,7.408690196078432,27.499505094614268,1.0999802037845707,fixture-level distance scale anomaly (~25x)
1201.0,2025-06-17,1326703,65775,half_1,46,bottom,3760,hsr,5.52,6.76,882.3199999999999,35.2928,34.737007874015745,34.60078431372549,130.5207100591716,5.220828402366864,fixture-level distance scale anomaly (~25x)
1201.0,2025-06-17,1326704,65775,half_2,2,middle,3760,hsr,5.55,6.26,218.28160000000003,8.731264000000001,8.59376377952756,8.56006274509804,34.86926517571886,1.3947706070287542,fixture-level distance scale anomaly (~25x)
1201.0,2025-06-17,1326705,65775,half_2,5,middle,3760,hsr,5.53,6.32,231.6156,9.264624,9.11872440944882,9.082964705882352,36.64803797468354,1.4659215189873416,fixture-level distance scale anomaly (~25x)
1201.0,2025-06-17,1326706,65775,half_2,13,bottom,3760,hsr,5.42,6.17,531.53,21.2612,20.926377952755907,20.844313725490196,86.14748784440843,3.445899513776337,fixture-level distance scale anomaly (~25x)
1201.0,2025-06-17,1326707,65775,half_2,17,bottom,3760,sprint,6.96,7.84,449.158,17.96632,17.683385826771655,17.614039215686276,57.2905612244898,2.291622448979592,fixture-level distance scale anomaly (~25x)
1201.0,2025-06-17,1326708,65775,half_2,17,middle,3760,hsr,5.51,6.92,149.7964,5.991856,5.8974960629921265,5.8743686274509805,21.646878612716765,0.8658751445086705,fixture-level distance scale anomaly (~25x)
1201.0,2025-06-17,1326709,65775,half_2,27,bottom,3760,hsr,5.44,7.13,360.6504,14.426015999999999,14.198834645669292,14.14315294117647,50.58210378681627,2.0232841514726507,fixture-level distance scale anomaly (~25x)
1201.0,2025-06-17,1326710,65775,half_2,29,bottom,3761,hsr,5.49,6.65,256.702,10.26808,10.106377952755906,10.066745098039215,38.601804511278196,1.5440721804511277,fixture-level distance scale anomaly (~25x)
1201.0,2025-06-17,1326711,65775,half_2,29,bottom,3760,hsr,5.48,6.26,473.9572,18.958288,18.659732283464567,18.5865568627451,75.71201277955272,3.0284805111821087,fixture-level distance scale anomaly (~25x)
1201.0,2025-06-17,1326712,65775,half_2,35,middle,3760,hsr,5.45,6.23,306.8184,12.272736,12.079464566929135,12.032094117647059,49.24853932584269,1.9699415730337078,fixture-level distance scale anomaly (~25x)
1201.0,2025-06-17,1326713,65775,half_2,38,bottom,3760,hsr,5.47,6.33,273.8372,10.953488,10.780992125984252,10.738713725490197,43.260221169036335,1.7304088467614533,fixture-level distance scale anomaly (~25x)
1201.0,2025-06-17,1326714,65775,half_2,40,middle,3760,hsr,5.41,5.94,268.55,10.742,10.572834645669293,10.531372549019608,45.21043771043771,1.8084175084175085,fixture-level distance scale anomaly (~25x)
1201.0,2025-06-17,1326715,65775,half_2,42,bottom,3760,sprint,6.9,8.04,1020.4672,40.818688,40.175874015748036,40.01832156862745,126.92378109452738,5.076951243781095,fixture-level distance scale anomaly (~25x)
1201.0,2025-06-17,1326716,65775,half_2,42,bottom,3760,hsr,5.41,6.86,274.1628,10.966512,10.793811023622048,10.751482352941176,39.96542274052478,1.5986169096209912,fixture-level distance scale anomaly (~25x)
1201.0,2025-06-17,1326717,65775,half_2,42,bottom,3761,hsr,5.48,6.93,130.5824,5.223296,5.141039370078741,5.1208784313725495,18.843059163059166,0.7537223665223666,fixture-level distance scale anomaly (~25x)
1201.0,2025-06-17,1326718,65775,half_2,44,bottom,3761,hsr,5.46,5.72,166.9596,6.678383999999999,6.573212598425197,6.547435294117647,29.18874125874126,1.1675496503496503,fixture-level distance scale anomaly (~25x)
1201.0,2025-06-17,1326719,65775,half_2,47,middle,3760,hsr,5.48,5.93,222.6836,8.907344,8.767070866141733,8.732690196078432,37.552040472175385,1.5020816188870152,fixture-level distance scale anomaly (~25x)
1201.0,2025-06-17,1327129,65776,half_1,6,middle,3760,hsr,5.47,6.13,214.772,8.59088,8.455590551181103,8.422431372549019,35.03621533442088,1.4014486133768354,fixture-level distance scale anomaly (~25x)
1201.0,2025-06-17,1327130,65776,half_1,12,middle,3760,hsr,5.41,6.51,532.1827999999999,21.287311999999996,20.95207874015748,20.869913725490193,81.74850998463901,3.2699403993855602,fixture-level distance scale anomaly (~25x)
1201.0,2025-06-17,1327131,65776,half_1,14,bottom,3760,hsr,5.16,8.68,391.244,15.64976,15.403307086614175,15.342901960784316,45.0741935483871,1.802967741935484,fixture-level distance scale anomaly (~25x)
1201.0,2025-06-17,1327132,65776,half_1,16,bottom,3760,hsr,5.44,5.83,191.5024,7.660095999999999,7.5394645669291345,7.509898039215686,32.84775300171526,1.3139101200686105,fixture-level distance scale anomaly (~25x)
1201.0,2025-06-17,1327133,65776,half_1,19,bottom,3760,hsr,5.43,5.61,131.94760000000002,5.277904000000001,5.194787401574804,5.174415686274511,23.520071301247775,0.9408028520499111,fixture-level distance scale anomaly (~25x)
1201.0,2025-06-17,1327134,65776,half_1,22,middle,3760,sprint,6.84,7.52,215.876,8.63504,8.499055118110237,8.465725490196078,28.706914893617025,1.148276595744681,fixture-level distance scale anomaly (~25x)
1201.0,2025-06-17,1327135,65776,half_1,22,top,3760,hsr,5.44,5.67,402.254,16.09016,15.836771653543309,15.774666666666667,70.94426807760142,2.8377707231040565,fixture-level distance scale anomaly (~25x)
1201.0,2025-06-17,1327136,65776,half_1,22,top,3760,hsr,5.41,6.16,433.4236,17.336944000000003,17.063921259842523,16.997003921568627,70.36097402597403,2.8144389610389613,fixture-level distance scale anomaly (~25x)
1201.0,2025-06-17,1327137,65776,half_1,22,top,3761,hsr,5.94,6.8,140.3352,5.613408,5.525007874015748,5.503341176470587,20.637529411764703,0.8255011764705882,fixture-level distance scale anomaly (~25x)
1201.0,2025-06-17,1327138,65776,half_1,22,middle,3760,hsr,5.47,6.99,135.088,5.403519999999999,5.318425196850394,5.29756862745098,19.325894134477824,0.7730357653791129,fixture-level distance scale anomaly (~25x)
1201.0,2025-06-17,1327139,65776,half_1,24,middle,3760,hsr,5.49,6.56,336.31879999999995,13.452751999999998,13.240897637795275,13.188972549019606,51.26810975609756,2.0507243902439023,fixture-level distance scale anomaly (~25x)
1201.0,2025-06-17,1327140,65776,half_1,26,bottom,3761,hsr,5.41,6.13,308.27,12.3308,12.136614173228347,12.089019607843136,50.28874388254486,2.0115497553017945,fixture-level distance scale anomaly (~25x)
1201.0,2025-06-17,1327141,65776,half_1,31,middle,3760,sprint,6.91,8.05,604.914,24.196559999999998,23.815511811023622,23.722117647058823,75.14459627329192,3.0057838509316763,fixture-level distance scale anomaly (~25x)
1201.0,2025-06-17,1327142,65776,half_1,31,middle,3760,hsr,5.48,6.86,283.9188,11.356751999999998,11.177905511811023,11.134070588235293,41.38758017492711,1.6555032069970843,fixture-level distance scale anomaly (~25x)
1201.0,2025-06-17,1327143,65776,half_1,33,bottom,3760,hsr,5.52,6.32,219.0596,8.762383999999999,8.624393700787401,8.590572549019607,34.66132911392405,1.3864531645569618,fixture-level distance scale anomaly (~25x)
1201.0,2025-06-17,1327144,65776,half_1,36,top,3760,hsr,5.47,6.25,290.0576,11.602303999999998,11.419590551181102,11.374807843137255,46.409215999999994,1.8563686399999997,fixture-level distance scale anomaly (~25x)
1201.0,2025-06-17,1327145,65776,half_1,37,top,3760,hsr,5.45,6.83,472.8828,18.915312,18.61743307086614,18.544423529411763,69.23613469985358,2.7694453879941436,fixture-level distance scale anomaly (~25x)
1201.0,2025-06-17,1327146,65776,half_1,37,middle,3760,hsr,5.46,6.37,256.296,10.25184,10.090393700787402,10.050823529411764,40.23485086342229,1.6093940345368916,fixture-level distance scale anomaly (~25x)
1201.0,2025-06-17,1327147,65776,half_1,38,middle,3760,hsr,5.42,5.87,243.6568,9.746272,9.592787401574803,9.55516862745098,41.50882453151618,1.6603529812606472,fixture-level distance scale anomaly (~25x)
1201.0,2025-06-17,1327148,65776,half_1,40,bottom,3760,hsr,5.41,6.67,283.04200000000003,11.32168,11.143385826771656,11.099686274509805,42.43508245877062,1.6974032983508247,fixture-level distance scale anomaly (~25x)
1201.0,2025-06-17,1327149,65776,half_1,43,bottom,3761,sprint,6.95,7.47,318.3508,12.734032,12.533496062992127,12.484345098039215,42.61724230254351,1.7046896921017403,fixture-level distance scale anomaly (~25x)
1201.0,2025-06-17,1327150,65776,half_1,43,bottom,3761,hsr,5.48,6.94,130.67999999999998,5.227199999999999,5.144881889763779,5.1247058823529406,18.829971181556193,0.7531988472622476,fixture-level distance scale anomaly (~25x)
1201.0,2025-06-17,1327151,65776,half_1,43,middle,3761,hsr,5.46,6.91,174.006,6.96024,6.850629921259843,6.823764705882353,25.18176555716353,1.0072706222865413,fixture-level distance scale anomaly (~25x)
1201.0,2025-06-17,1327152,65776,half_1,44,bottom,3760,hsr,5.45,6.4,799.9144,31.996576,31.492692913385827,31.369192156862745,124.98662499999999,4.999465,fixture-level distance scale anomaly (~25x)
1201.0,2025-06-17,1327153,65776,half_1,46,bottom,3760,sprint,6.94,7.53,371.4076,14.856304,14.622346456692915,14.565003921568627,49.32371845949535,1.9729487383798139,fixture-level distance scale anomaly (~25x)
1201.0,2025-06-17,1327154,65776,half_1,46,bottom,3760,hsr,5.38,6.91,328.1932,13.127728,12.920992125984252,12.870321568627451,47.495397973950794,1.8998159189580317,fixture-level distance scale anomaly (~25x)
1201.0,2025-06-17,1327202,65777,half_2,1,top,3761,hsr,5.45,5.93,309.41880000000003,12.376752000000002,12.181842519685041,12.134070588235295,52.17854974704891,2.0871419898819563,fixture-level distance scale anomaly (~25x)
1201.0,2025-06-17,1327203,65777,half_2,2,middle,3760,hsr,5.51,6.6,243.6716,9.746864,9.593370078740158,9.555749019607843,36.919939393939394,1.476797575757576,fixture-level distance scale anomaly (~25x)
1201.0,2025-06-17,1327204,65777,half_2,2,middle,3760,hsr,5.49,6.51,241.738,9.66952,9.51724409448819,9.479921568627452,37.13333333333333,1.4853333333333334,fixture-level distance scale anomaly (~25x)
1201.0,2025-06-17,1327205,65777,half_2,4,middle,3761,hsr,5.44,5.61,154.1688,6.166752,6.069637795275591,6.045835294117647,27.481069518716577,1.099242780748663,fixture-level distance scale anomaly (~25x)
1201.0,2025-06-17,1327201,65777,half_2,5,middle,3760,sprint,6.98,7.18,161.7032,6.468128,6.366267716535434,6.341301960784314,22.521337047353764,0.9008534818941505,fixture-level distance scale anomaly (~25x)
1201.0,2025-06-17,1327206,65777,half_2,5,top,3760,hsr,5.53,6.14,191.658,7.66632,7.545590551181102,7.515999999999999,31.214657980456025,1.2485863192182411,fixture-level distance scale anomaly (~25x)
1201.0,2025-06-17,1327207,65777,half_2,5,middle,3760,hsr,5.49,6.96,131.1936,5.247744,5.165102362204725,5.1448470588235296,18.849655172413794,0.7539862068965517,fixture-level distance scale anomaly (~25x)
1201.0,2025-06-17,1327208,65777,half_2,5,middle,3761,hsr,5.44,6.94,174.2892,6.9715679999999995,6.861779527559055,6.834870588235294,25.113717579250718,1.0045487031700286,fixture-level distance scale anomaly (~25x)
1201.0,2025-06-17,1327209,65777,half_2,10,middle,3761,hsr,5.41,6.17,375.2492,15.009967999999999,14.773590551181103,14.715654901960784,60.81834683954619,2.4327338735818476,fixture-level distance scale anomaly (~25x)
1201.0,2025-06-17,1327210,65777,half_2,13,bottom,3760,sprint,6.91,7.05,174.2236,6.9689440000000005,6.859196850393701,6.8322980392156865,24.712567375886525,0.9885026950354611,fixture-level distance scale anomaly (~25x)
1201.0,2025-06-17,1327211,65777,half_2,13,middle,3760,hsr,5.47,6.9,385.5012,15.420048,15.177212598425196,15.117694117647059,55.86973913043478,2.2347895652173912,fixture-level distance scale anomaly (~25x)
1201.0,2025-06-17,1327212,65777,half_2,13,bottom,3760,hsr,5.55,6.96,151.6132,6.064528,5.969023622047245,5.94561568627451,21.783505747126437,0.8713402298850575,fixture-level distance scale anomaly (~25x)
1201.0,2025-06-17,1327213,65777,half_2,17,middle,3760,sprint,6.94,8.91,1044.5852,41.783408,41.12540157480315,40.964125490196075,117.23739618406285,4.689495847362514,fixture-level distance scale anomaly (~25x)
1201.0,2025-06-17,1327214,65777,half_2,17,middle,3760,hsr,5.47,6.46,296.52959999999996,11.861183999999998,11.6743937007874,11.62861176470588,45.902414860681105,1.8360965944272443,fixture-level distance scale anomaly (~25x)
1201.0,2025-06-17,1327215,65777,half_2,20,bottom,3760,hsr,5.41,6.78,329.0108,13.160432,12.953181102362207,12.902384313725491,48.52666666666667,1.9410666666666667,fixture-level distance scale anomaly (~25x)
1201.0,2025-06-17,1327216,65777,half_2,22,top,3760,hsr,5.57,6.14,143.8656,5.754624,5.664000000000001,5.6417882352941175,23.430879478827364,0.9372351791530945,fixture-level distance scale anomaly (~25x)
1201.0,2025-06-17,1327217,65777,half_2,28,middle,3760,hsr,5.41,5.8,293.3812,11.735247999999999,11.55044094488189,11.505145098039215,50.58296551724138,2.023318620689655,fixture-level distance scale anomaly (~25x)
1201.0,2025-06-17,1327218,65777,half_2,28,bottom,3760,hsr,5.46,6.88,307.0788,12.283152,12.089716535433071,12.042305882352942,44.633546511627905,1.7853418604651161,fixture-level distance scale anomaly (~25x)
1201.0,2025-06-17,1327219,65777,half_2,35,middle,3760,hsr,5.45,6.32,546.8884,21.875536,21.531039370078744,21.44660392156863,86.53297468354431,3.4613189873417722,fixture-level distance scale anomaly (~25x)
1201.0,2025-06-17,1327221,65777,half_2,38,bottom,3760,hsr,5.51,6.28,205.7984,8.231936,8.102299212598425,8.070525490196077,32.77044585987261,1.3108178343949042,fixture-level distance scale anomaly (~25x)
1201.0,2025-06-17,1327220,65777,half_2,40,bottom,3760,sprint,6.85,8.68,696.8812,27.875248000000003,27.436267716535436,27.32867450980392,80.28585253456222,3.2114341013824887,fixture-level distance scale anomaly (~25x)
1201.0,2025-06-17,1327222,65777,half_2,40,middle,3761,hsr,5.42,6.24,562.3371999999999,22.493488,22.139259842519685,22.052439215686274,90.11814102564101,3.6047256410256407,fixture-level distance scale anomaly (~25x)
1201.0,2025-06-17,1327223,65777,half_2,42,middle,3760,sprint,6.95,8.77,984.6976,39.387904,38.767622047244096,38.615592156862746,112.28022805017103,4.4912091220068415,fixture-level distance scale anomaly (~25x)
1201.0,2025-06-17,1327224,65777,half_2,43,bottom,3760,sprint,6.99,7.26,184.0852,7.363408,7.247448818897638,7.219027450980391,25.356088154269973,1.014243526170799,fixture-level distance scale anomaly (~25x)
1201.0,2025-06-17,1327225,65777,half_2,43,bottom,3760,hsr,5.43,6.94,142.8428,5.713712,5.623732283464568,5.60167843137255,20.582536023054754,0.8233014409221902,fixture-level distance scale anomaly (~25x)
1201.0,2025-06-17,1327226,65777,half_2,43,bottom,3760,hsr,5.4,6.96,173.4984,6.939936,6.830645669291339,6.803858823529412,24.92793103448276,0.9971172413793103,fixture-level distance scale anomaly (~25x)
1201.0,2025-06-17,1327227,65777,half_2,45,top,3760,hsr,5.52,5.75,116.6152,4.664608,4.591149606299213,4.573145098039216,20.280904347826088,0.8112361739130435,fixture-level distance scale anomaly (~25x)
1201.0,2025-06-17,1327228,65777,half_2,45,middle,3760,hsr,5.4,5.51,234.65,9.386000000000001,9.238188976377954,9.201960784313727,42.58620689655173,1.7034482758620693,fixture-level distance scale anomaly (~25x)
1201.0,2025-06-17,1327229,65777,half_2,49,bottom,3760,sprint,6.93,8.1,525.9512,21.038048,20.706740157480315,20.62553725490196,64.93224691358024,2.59728987654321,fixture-level distance scale anomaly (~25x)
1201.0,2025-06-17,1327230,65777,half_2,49,middle,3760,hsr,5.43,6.89,222.0684,8.882736,8.742850393700788,8.708564705882353,32.23053701015965,1.289221480406386,fixture-level distance scale anomaly (~25x)
1201.0,2025-06-17,1326720,65778,half_1,2,top,3760,hsr,5.42,5.82,248.4288,9.937152,9.780661417322834,9.742305882352941,42.68536082474227,1.7074144329896905,fixture-level distance scale anomaly (~25x)
1201.0,2025-06-17,1326721,65778,half_1,4,bottom,3761,hsr,5.46,5.61,148.8492,5.953968,5.860204724409449,5.837223529411765,26.53283422459893,1.0613133689839571,fixture-level distance scale anomaly (~25x)
1201.0,2025-06-17,1326722,65778,half_1,6,middle,3761,hsr,5.48,5.84,180.5912,7.223648,7.1098897637795275,7.082007843137254,30.923150684931507,1.2369260273972602,fixture-level distance scale anomaly (~25x)
1201.0,2025-06-17,1326723,65778,half_1,11,top,3760,hsr,5.43,6.15,250.2984,10.011935999999999,9.854267716535434,9.815623529411765,40.69892682926829,1.6279570731707314,fixture-level distance scale anomaly (~25x)
1201.0,2025-06-17,1326725,65778,half_1,16,bottom,3760,hsr,5.3,6.77,431.5272,17.261088,16.989259842519687,16.922635294117647,63.741093057607095,2.549643722304284,fixture-level distance scale anomaly (~25x)
1201.0,2025-06-17,1326726,65778,half_1,17,bottom,3760,hsr,5.44,9.07,230.6004,9.224016,9.078755905511812,9.043152941176471,25.4245203969129,1.0169808158765161,fixture-level distance scale anomaly (~25x)
1201.0,2025-06-17,1326724,65778,half_1,19,bottom,3760,sprint,6.95,9.01,513.434,20.53736,20.213937007874016,20.134666666666664,56.98490566037736,2.2793962264150944,fixture-level distance scale anomaly (~25x)
1201.0,2025-06-17,1326729,65778,half_1,21,top,3760,hsr,5.48,5.82,151.37,6.0548,5.959448818897639,5.936078431372549,26.008591065292094,1.0403436426116839,fixture-level distance scale anomaly (~25x)
1201.0,2025-06-17,1326727,65778,half_1,22,middle,3760,sprint,6.98,7.93,521.146,20.84584,20.51755905511811,20.437098039215684,65.71828499369482,2.6287313997477932,fixture-level distance scale anomaly (~25x)
1201.0,2025-06-17,1326728,65778,half_1,23,bottom,3760,sprint,7.01,8.0,309.44280000000003,12.377712,12.182787401574805,12.135011764705883,38.680350000000004,1.547214,fixture-level distance scale anomaly (~25x)
1201.0,2025-06-17,1326730,65778,half_1,24,middle,3760,hsr,5.39,5.85,293.7336,11.749344,11.564314960629924,11.518964705882354,50.2108717948718,2.008434871794872,fixture-level distance scale anomaly (~25x)
1201.0,2025-06-17,1326731,65778,half_1,24,bottom,3760,hsr,5.37,6.89,639.0504,25.562016,25.159464566929135,25.0608,92.75042089985486,3.7100168359941947,fixture-level distance scale anomaly (~25x)
1201.0,2025-06-17,1326732,65778,half_1,27,bottom,3760,hsr,5.42,5.96,135.524,5.42096,5.335590551181102,5.314666666666667,22.738926174496644,0.9095570469798657,fixture-level distance scale anomaly (~25x)
1201.0,2025-06-17,1326733,65778,half_1,28,bottom,3760,hsr,5.45,6.59,311.452,12.45808,12.261889763779529,12.213803921568628,47.261305007587254,1.8904522003034903,fixture-level distance scale anomaly (~25x)
1201.0,2025-06-17,1326734,65778,half_1,28,bottom,3760,hsr,5.43,6.89,333.7052,13.348208,13.138,13.086478431372548,48.43326560232221,1.9373306240928883,fixture-level distance scale anomaly (~25x)
1201.0,2025-06-17,1326735,65778,half_1,31,middle,3760,sprint,6.94,7.73,407.048,16.28192,16.025511811023623,15.962666666666667,52.65821474773609,2.1063285899094435,fixture-level distance scale anomaly (~25x)
1201.0,2025-06-17,1326736,65778,half_1,31,middle,3760,hsr,5.42,6.88,141.6412,5.665648,5.576425196850394,5.554556862745098,20.587383720930234,0.8234953488372093,fixture-level distance scale anomaly (~25x)
1201.0,2025-06-17,1326737,65778,half_1,31,middle,3760,hsr,5.51,6.92,136.982,5.47928,5.392992125984252,5.371843137254902,19.795086705202312,0.7918034682080926,fixture-level distance scale anomaly (~25x)
1201.0,2025-06-17,1326738,65778,half_1,33,bottom,3760,hsr,5.5,7.2,329.952,13.19808,12.990236220472442,12.939294117647059,45.82666666666667,1.8330666666666664,fixture-level distance scale anomaly (~25x)
1201.0,2025-06-17,1326740,65778,half_1,41,bottom,3760,hsr,5.47,6.28,284.5348,11.381392,11.202157480314963,11.158227450980393,45.30808917197452,1.8123235668789808,fixture-level distance scale anomaly (~25x)
1201.0,2025-06-17,1326739,65778,half_1,44,bottom,3760,sprint,6.92,7.89,700.112,28.004479999999997,27.563464566929134,27.455372549019607,88.7340937896071,3.5493637515842837,fixture-level distance scale anomaly (~25x)
1201.0,2025-06-17,1326741,65778,half_1,44,middle,3760,hsr,5.46,6.89,229.7236,9.188944,9.044236220472442,9.00876862745098,33.341596516690856,1.3336638606676343,fixture-level distance scale anomaly (~25x)
1201.0,2025-06-17,1326742,65778,half_1,44,bottom,3760,hsr,5.44,6.92,161.4652,6.458608000000001,6.356897637795276,6.331968627450981,23.33312138728324,0.9333248554913296,fixture-level distance scale anomaly (~25x)
1201.0,2025-06-17,1326743,65778,half_1,46,bottom,3760,hsr,5.43,6.44,585.0423999999999,23.401695999999998,23.033165354330706,22.942839215686273,90.84509316770185,3.633803726708074,fixture-level distance scale anomaly (~25x)
1201.0,2025-06-17,1326744,65778,half_2,2,middle,3760,hsr,5.44,5.57,159.3104,6.372415999999999,6.272062992125984,6.247466666666666,28.60150807899461,1.1440603231597843,fixture-level distance scale anomaly (~25x)
1201.0,2025-06-17,1326745,65778,half_2,3,middle,3760,hsr,5.46,5.66,171.9472,6.8778880000000004,6.769574803149607,6.743027450980392,30.379363957597175,1.2151745583038869,fixture-level distance scale anomaly (~25x)
1201.0,2025-06-17,1326747,65778,half_2,13,bottom,3760,hsr,5.43,5.97,692.5047999999999,27.700191999999998,27.263968503937008,27.157050980392153,115.9974539363484,4.639898157453936,fixture-level distance scale anomaly (~25x)
1201.0,2025-06-17,1326746,65778,half_2,15,top,3761,sprint,6.97,7.53,461.1272,18.445088000000002,18.15461417322835,18.083419607843137,61.23867197875166,2.4495468791500667,fixture-level distance scale anomaly (~25x)
1201.0,2025-06-17,1326748,65778,half_2,15,top,3761,hsr,5.42,6.94,161.338,6.45352,6.3518897637795275,6.326980392156862,23.247550432276654,0.9299020172910663,fixture-level distance scale anomaly (~25x)
1201.0,2025-06-17,1326749,65778,half_2,17,bottom,3760,sprint,6.93,7.05,237.532,9.501280000000001,9.351653543307087,9.314980392156864,33.69248226950355,1.3476992907801422,fixture-level distance scale anomaly (~25x)
1201.0,2025-06-17,1326750,65778,half_2,17,middle,3760,hsr,5.46,6.92,233.3552,9.334208,9.187212598425198,9.15118431372549,33.72184971098266,1.3488739884393064,fixture-level distance scale anomaly (~25x)
1201.0,2025-06-17,1326751,65778,half_2,17,middle,3760,hsr,5.48,6.92,284.6744,11.386975999999999,11.207653543307087,11.163701960784314,41.13791907514451,1.64551676300578,fixture-level distance scale anomaly (~25x)
1201.0,2025-06-17,1326752,65778,half_2,19,bottom,3760,hsr,5.5,5.94,182.2868,7.291472,7.176645669291339,7.148501960784314,30.688013468013466,1.2275205387205386,fixture-level distance scale anomaly (~25x)
1201.0,2025-06-17,1326753,65778,half_2,26,bottom,3761,hsr,5.46,6.55,323.1968,12.927872,12.72428346456693,12.67438431372549,49.34302290076336,1.9737209160305345,fixture-level distance scale anomaly (~25x)
1201.0,2025-06-17,1326754,65778,half_2,28,middle,3760,hsr,5.45,5.85,255.1496,10.205983999999999,10.045259842519686,10.005866666666666,43.61531623931624,1.7446126495726495,fixture-level distance scale anomaly (~25x)
1201.0,2025-06-17,1326755,65778,half_2,42,middle,3760,sprint,6.98,9.68,878.5931999999999,35.143727999999996,34.59028346456693,34.454635294117644,90.7637603305785,3.63055041322314,fixture-level distance scale anomaly (~25x)
1201.0,2025-06-17,1326756,65778,half_2,43,bottom,3760,hsr,5.44,5.6,120.884,4.83536,4.759212598425197,4.740549019607843,21.586428571428574,0.8634571428571428,fixture-level distance scale anomaly (~25x)
1201.0,2025-06-17,1326758,65778,half_2,47,middle,3760,hsr,5.45,6.52,444.9384,17.797536,17.517259842519685,17.448564705882355,68.24208588957056,2.7296834355828223,fixture-level distance scale anomaly (~25x)
1201.0,2025-06-17,1326757,65778,half_2,49,bottom,3760,sprint,6.94,7.46,252.4124,10.096496,9.937496062992127,9.898525490196079,33.83544235924933,1.3534176943699732,fixture-level distance scale anomaly (~25x)
1201.0,2025-06-17,1326759,65778,half_2,49,middle,3760,hsr,5.48,6.9,652.6844,26.107376,25.696236220472443,25.595466666666667,94.5919420289855,3.78367768115942,fixture-level distance scale anomaly (~25x)
1201.0,2025-06-17,1327255,65779,half_2,17,middle,3760,hsr,5.49,5.87,175.16639999999998,7.0066559999999996,6.896314960629921,6.869270588235294,29.840954003407152,1.1936381601362862,fixture-level distance scale anomaly (~25x)
1201.0,2025-06-17,1327256,65779,half_2,17,middle,3760,hsr,5.42,6.88,761.3772,30.455088,29.97548031496063,29.857929411764708,110.66529069767442,4.4266116279069765,fixture-level distance scale anomaly (~25x)
1201.0,2025-06-17,1327257,65779,half_2,19,middle,3760,hsr,5.45,7.09,495.9512,19.838048,19.52563779527559,19.449066666666667,69.95080394922425,2.7980321579689704,fixture-level distance scale anomaly (~25x)
1201.0,2025-06-17,1327258,65779,half_2,19,middle,3761,hsr,5.42,6.16,477.234,19.08936,18.788740157480316,18.71505882352941,77.47305194805195,3.0989220779220776,fixture-level distance scale anomaly (~25x)
1201.0,2025-06-17,1327259,65779,half_2,25,bottom,3760,hsr,5.45,6.2,323.8232,12.952928,12.748944881889765,12.698949019607843,52.22954838709677,2.0891819354838708,fixture-level distance scale anomaly (~25x)
1201.0,2025-06-17,1327261,65779,half_2,26,bottom,3760,hsr,5.45,6.27,314.0652,12.562608,12.364771653543308,12.316282352941176,50.090143540669864,2.0036057416267945,fixture-level distance scale anomaly (~25x)
1201.0,2025-06-17,1327260,65779,half_2,28,middle,3760,sprint,6.93,7.19,325.5948,13.023792,12.818692913385828,12.768423529411766,45.2843949930459,1.8113757997218358,fixture-level distance scale anomaly (~25x)
1201.0,2025-06-17,1327262,65779,half_2,28,bottom,3761,hsr,5.44,6.03,277.3304,11.093216,10.91851968503937,10.875701960784314,45.99177446102819,1.8396709784411276,fixture-level distance scale anomaly (~25x)
1201.0,2025-06-17,1327263,65779,half_2,28,middle,3760,hsr,5.47,6.92,187.6372,7.505488000000001,7.387291338582678,7.358321568627451,27.11520231213873,1.0846080924855492,fixture-level distance scale anomaly (~25x)
1201.0,2025-06-17,1327264,65779,half_2,28,middle,3760,hsr,5.43,6.91,262.74559999999997,10.509823999999998,10.344314960629921,10.303749019607842,38.023965267727924,1.5209586107091169,fixture-level distance scale anomaly (~25x)
1201.0,2025-06-17,1327265,65779,half_2,35,middle,3761,hsr,5.47,5.96,217.3376,8.693504,8.556598425196851,8.523043137254902,36.466040268456375,1.4586416107382552,fixture-level distance scale anomaly (~25x)
1201.0,2025-06-17,1327267,65779,half_2,38,bottom,3760,hsr,5.47,6.48,296.5624,11.862496,11.67568503937008,11.629898039215687,45.76580246913581,1.830632098765432,fixture-level distance scale anomaly (~25x)
1201.0,2025-06-17,1327268,65779,half_2,39,middle,3761,hsr,5.46,6.04,201.036,8.04144,7.9148031496063,7.883764705882353,33.2841059602649,1.331364238410596,fixture-level distance scale anomaly (~25x)
1201.0,2025-06-17,1327266,65779,half_2,40,bottom,3760,sprint,6.98,7.18,147.4616,5.898464000000001,5.805574803149606,5.782807843137255,20.53782729805014,0.8215130919220057,fixture-level distance scale anomaly (~25x)
1201.0,2025-06-17,1327269,65779,half_2,40,bottom,3760,hsr,5.38,6.94,203.6788,8.147152,8.018850393700788,7.987403921568627,29.34853025936599,1.1739412103746398,fixture-level distance scale anomaly (~25x)
1201.0,2025-06-17,1327271,65779,half_2,42,bottom,3760,hsr,5.32,6.62,976.4828,39.059312,38.44420472440945,38.293443137254904,147.50495468277944,5.900198187311178,fixture-level distance scale anomaly (~25x)
1201.0,2025-06-17,1327272,65779,half_2,43,middle,3760,hsr,5.41,5.76,297.536,11.901440000000001,11.714015748031496,11.66807843137255,51.65555555555556,2.0662222222222226,fixture-level distance scale anomaly (~25x)
1201.0,2025-06-17,1327273,65779,half_2,44,bottom,3761,hsr,5.46,6.3,302.9504,12.118016,11.927181102362205,11.880407843137254,48.08736507936508,1.9234946031746034,fixture-level distance scale anomaly (~25x)
1201.0,2025-06-17,1327270,65779,half_2,45,middle,3761,sprint,6.94,7.65,524.5632,20.982528000000002,20.65209448818898,20.571105882352942,68.57035294117648,2.742814117647059,fixture-level distance scale anomaly (~25x)
1201.0,2025-06-17,1327274,65779,half_2,45,middle,3761,hsr,5.48,6.91,193.64,7.7456,7.623622047244094,7.593725490196078,28.023154848046307,1.1209261939218522,fixture-level distance scale anomaly (~25x)
1201.0,2025-06-17,1327276,65779,half_2,47,top,3760,hsr,5.43,6.0,346.5224,13.860896,13.642614173228347,13.589113725490197,57.75373333333334,2.3101493333333334,fixture-level distance scale anomaly (~25x)
1201.0,2025-06-17,1327275,65779,half_2,49,middle,3760,sprint,6.96,7.88,541.6296,21.665184,21.324,21.240376470588235,68.73472081218274,2.7493888324873095,fixture-level distance scale anomaly (~25x)
1201.0,2025-06-17,1327277,65779,half_2,49,middle,3760,hsr,5.46,6.91,142.856,5.71424,5.624251968503937,5.602196078431373,20.67380607814761,0.8269522431259045,fixture-level distance scale anomaly (~25x)
1201.0,2025-06-17,1327278,65779,half_2,49,bottom,3760,hsr,5.46,6.9,129.904,5.19616,5.114330708661417,5.094274509803921,18.826666666666664,0.7530666666666667,fixture-level distance scale anomaly (~25x)
1201.0,2025-06-17,1327279,65779,half_2,50,middle,3761,hsr,5.44,6.79,620.5596,24.822384000000003,24.431480314960634,24.335670588235295,91.39316642120767,3.655726656848307,fixture-level distance scale anomaly (~25x)
1201.0,2025-06-17,1326760,65780,half_1,1,middle,3760,sprint,6.87,7.5,397.2084,15.888335999999999,15.63812598425197,15.576799999999999,52.96112,2.1184448,fixture-level distance scale anomaly (~25x)
1201.0,2025-06-17,1326761,65780,half_1,1,top,3760,sprint,6.88,7.33,392.522,15.70088,15.453622047244094,15.393019607843136,53.55006821282401,2.1420027285129604,fixture-level distance scale anomaly (~25x)
1201.0,2025-06-17,1326763,65780,half_1,2,top,3760,hsr,5.45,6.51,364.864,14.59456,14.364724409448819,14.308392156862745,56.04669738863287,2.241867895545315,fixture-level distance scale anomaly (~25x)
1201.0,2025-06-17,1326762,65780,half_1,4,bottom,3761,sprint,6.97,8.14,436.7304,17.469216,17.19411023622047,17.126682352941174,53.652383292383284,2.1460953316953315,fixture-level distance scale anomaly (~25x)
1201.0,2025-06-17,1326764,65780,half_1,5,top,3760,hsr,5.5,5.73,121.978,4.8791199999999995,4.802283464566929,4.783450980392157,21.287609075043626,0.851504363001745,fixture-level distance scale anomaly (~25x)
1201.0,2025-06-17,1326765,65780,half_1,6,top,3760,hsr,5.48,6.47,607.358,24.29432,23.911732283464566,23.817960784313723,93.87295208655331,3.7549180834621327,fixture-level distance scale anomaly (~25x)
1201.0,2025-06-17,1326766,65780,half_1,7,middle,3760,hsr,5.42,5.52,163.8208,6.5528319999999995,6.44963779527559,6.424345098039216,29.677681159420292,1.1871072463768115,fixture-level distance scale anomaly (~25x)
1201.0,2025-06-17,1326767,65780,half_1,8,middle,3760,hsr,5.46,7.16,348.9704,13.958815999999999,13.738992125984252,13.685113725490195,48.73888268156424,1.9495553072625695,fixture-level distance scale anomaly (~25x)
1201.0,2025-06-17,1326768,65780,half_1,10,top,3760,hsr,5.44,5.55,142.3116,5.692464,5.602818897637795,5.5808470588235295,25.64172972972973,1.0256691891891891,fixture-level distance scale anomaly (~25x)
1201.0,2025-06-17,1326769,65780,half_1,11,top,3760,sprint,6.94,7.08,195.8384,7.8335360000000005,7.7101732283464575,7.679937254901961,27.66079096045198,1.1064316384180792,fixture-level distance scale anomaly (~25x)
1201.0,2025-06-17,1326771,65780,half_1,11,top,3760,hsr,5.45,6.93,374.5204,14.980815999999999,14.744897637795276,14.68707450980392,54.04334776334777,2.1617339105339104,fixture-level distance scale anomaly (~25x)
1201.0,2025-06-17,1326772,65780,half_1,11,top,3760,hsr,5.45,6.92,231.2132,9.248528,9.10288188976378,9.067184313725491,33.412312138728325,1.336492485549133,fixture-level distance scale anomaly (~25x)
1201.0,2025-06-17,1326770,65780,half_1,12,top,3761,sprint,7.04,7.62,171.6012,6.864048,6.755952755905512,6.729458823529412,22.51984251968504,0.9007937007874016,fixture-level distance scale anomaly (~25x)
1201.0,2025-06-17,1326773,65780,half_1,13,middle,3761,hsr,5.57,6.07,167.0792,6.683167999999999,6.57792125984252,6.552125490196078,27.525403624382204,1.1010161449752882,fixture-level distance scale anomaly (~25x)
1201.0,2025-06-17,1326774,65780,half_1,16,bottom,3761,hsr,5.41,5.47,212.0388,8.481552,8.347984251968505,8.31524705882353,38.76394881170019,1.5505579524680075,fixture-level distance scale anomaly (~25x)
1201.0,2025-06-17,1326775,65780,half_1,21,middle,3761,sprint,6.95,7.13,196.5584,7.862336,7.738519685039371,7.708172549019608,27.56779803646564,1.1027119214586256,fixture-level distance scale anomaly (~25x)
1201.0,2025-06-17,1326776,65780,half_1,21,middle,3761,hsr,5.47,6.95,169.1084,6.764335999999999,6.657811023622047,6.631701960784313,24.332143884892083,0.9732857553956833,fixture-level distance scale anomaly (~25x)
1201.0,2025-06-17,1326777,65780,half_1,21,top,3761,hsr,5.52,6.92,188.9724,7.558896,7.439858267716535,7.410682352941176,27.30815028901734,1.0923260115606936,fixture-level distance scale anomaly (~25x)
1201.0,2025-06-17,1326778,65780,half_1,22,top,3760,hsr,5.43,5.73,195.1844,7.8073760000000005,7.684425196850395,7.654290196078432,34.06359511343805,1.3625438045375218,fixture-level distance scale anomaly (~25x)
1201.0,2025-06-17,1326779,65780,half_1,25,middle,3760,hsr,5.45,5.72,172.9964,6.919855999999999,6.810881889763779,6.784172549019607,30.244125874125874,1.2097650349650348,fixture-level distance scale anomaly (~25x)
1201.0,2025-06-17,1326780,65780,half_1,31,top,3761,hsr,5.39,6.35,526.194,21.047759999999997,20.716299212598425,20.63505882352941,82.8651968503937,3.314607874015748,fixture-level distance scale anomaly (~25x)
1201.0,2025-06-17,1326781,65780,half_1,32,middle,3760,hsr,5.46,5.76,145.18,5.8072,5.715748031496063,5.693333333333333,25.204861111111114,1.0081944444444444,fixture-level distance scale anomaly (~25x)
1201.0,2025-06-17,1326782,65780,half_1,32,middle,3761,hsr,5.47,7.13,971.0692,38.842768,38.231070866141735,38.081145098039215,136.1948387096774,5.4477935483870965,fixture-level distance scale anomaly (~25x)
1201.0,2025-06-17,1326783,65780,half_1,35,middle,3761,hsr,5.45,5.67,166.1796,6.647183999999999,6.542503937007874,6.516847058823529,29.308571428571426,1.1723428571428571,fixture-level distance scale anomaly (~25x)
1201.0,2025-06-17,1326784,65780,half_1,35,top,3761,hsr,5.47,5.85,301.6784,12.067136,11.877102362204726,11.830525490196079,51.56895726495727,2.062758290598291,fixture-level distance scale anomaly (~25x)
1201.0,2025-06-17,1326786,65780,half_1,36,top,3760,hsr,5.4,7.15,287.278,11.49112,11.310157480314961,11.265803921568628,40.17874125874126,1.6071496503496503,fixture-level distance scale anomaly (~25x)
1201.0,2025-06-17,1326787,65780,half_1,36,top,3761,hsr,5.51,6.36,281.25079999999997,11.250032,11.072866141732282,11.029443137254901,44.22182389937106,1.7688729559748426,fixture-level distance scale anomaly (~25x)
1201.0,2025-06-17,1326785,65780,half_1,40,middle,3761,sprint,6.93,7.24,240.8696,9.634784,9.483055118110236,9.445866666666666,33.269281767955796,1.330771270718232,fixture-level distance scale anomaly (~25x)
1201.0,2025-06-17,1326788,65780,half_1,40,middle,3761,hsr,5.49,6.9,211.8172,8.472688,8.339259842519686,8.306556862745099,30.698144927536234,1.2279257971014492,fixture-level distance scale anomaly (~25x)
1201.0,2025-06-17,1326789,65780,half_1,40,middle,3761,hsr,5.48,6.94,137.1844,5.487376,5.4009606299212605,5.379780392156863,19.76720461095101,0.7906881844380403,fixture-level distance scale anomaly (~25x)
1201.0,2025-06-17,1326790,65780,half_1,41,middle,3760,hsr,5.45,5.78,173.762,6.95048,6.841023622047245,6.814196078431372,30.062629757785466,1.2025051903114186,fixture-level distance scale anomaly (~25x)
1201.0,2025-06-17,1326791,65780,half_1,44,top,3760,hsr,5.46,6.21,354.958,14.19832,13.97472440944882,13.919921568627451,57.15909822866345,2.286363929146538,fixture-level distance scale anomaly (~25x)
1201.0,2025-06-17,1326792,65780,half_1,45,bottom,3760,hsr,5.47,5.99,507.742,20.30968,19.98984251968504,19.911450980392157,84.76494156928214,3.3905976627712855,fixture-level distance scale anomaly (~25x)
1201.0,2025-06-17,1326794,65780,half_2,1,middle,3760,hsr,5.47,5.85,192.08639999999997,7.683455999999999,7.562456692913385,7.532799999999999,32.83528205128205,1.313411282051282,fixture-level distance scale anomaly (~25x)
1201.0,2025-06-17,1326795,65780,half_2,1,top,3761,hsr,5.49,6.32,663.3756,26.535024,26.11714960629921,26.014729411764705,104.96449367088607,4.198579746835443,fixture-level distance scale anomaly (~25x)
1201.0,2025-06-17,1326793,65780,half_2,4,middle,3761,sprint,6.93,8.28,472.458,18.898320000000002,18.600708661417325,18.527764705882355,57.06014492753624,2.2824057971014495,fixture-level distance scale anomaly (~25x)
1201.0,2025-06-17,1326796,65780,half_2,4,middle,3761,hsr,5.44,6.86,129.0248,5.160992,5.0797165354330716,5.059796078431373,18.808279883381925,0.7523311953352769,fixture-level distance scale anomaly (~25x)
1201.0,2025-06-17,1326797,65780,half_2,4,middle,3760,hsr,5.42,6.05,329.9704,13.198815999999999,12.99096062992126,12.94001568627451,54.54056198347107,2.181622479338843,fixture-level distance scale anomaly (~25x)
1201.0,2025-06-17,1326798,65780,half_2,4,top,3761,hsr,5.45,5.59,131.77800000000002,5.271120000000001,5.188110236220473,5.1677647058823535,23.57388193202147,0.9429552772808588,fixture-level distance scale anomaly (~25x)
1201.0,2025-06-17,1326799,65780,half_2,7,top,3761,sprint,7.01,8.4,438.1628,17.526512,17.250503937007874,17.182854901960784,52.162238095238095,2.0864895238095236,fixture-level distance scale anomaly (~25x)
1201.0,2025-06-17,1326801,65780,half_2,7,middle,3761,hsr,5.49,6.13,203.2028,8.128112,8.000110236220472,7.968737254901961,33.14890701468189,1.3259562805872758,fixture-level distance scale anomaly (~25x)
1201.0,2025-06-17,1326800,65780,half_2,10,middle,3761,sprint,6.93,8.51,786.5047999999999,31.460191999999996,30.96475590551181,30.843325490196076,92.4212455934195,3.69684982373678,fixture-level distance scale anomaly (~25x)
1201.0,2025-06-17,1326802,65780,half_2,10,top,3761,hsr,6.02,6.89,396.4,15.856,15.606299212598426,15.545098039215686,57.53265602322206,2.3013062409288825,fixture-level distance scale anomaly (~25x)
1201.0,2025-06-17,1326803,65780,half_2,11,top,3761,sprint,6.92,7.33,336.5652,13.462608,13.250598425196852,13.198635294117647,45.91612551159618,1.8366450204638471,fixture-level distance scale anomaly (~25x)
1201.0,2025-06-17,1326804,65780,half_2,11,top,3760,sprint,6.97,7.73,339.962,13.59848,13.384330708661418,13.331843137254902,43.97956015523933,1.7591824062095731,fixture-level distance scale anomaly (~25x)
1201.0,2025-06-17,1326805,65780,half_2,11,top,3761,hsr,5.49,6.94,168.9608,6.758432,6.652000000000001,6.6259137254901965,24.34593659942363,0.9738374639769452,fixture-level distance scale anomaly (~25x)
1201.0,2025-06-17,1326806,65780,half_2,12,top,3760,hsr,5.39,6.91,141.6156,5.664624,5.575417322834646,5.553552941176471,20.494298118668596,0.8197719247467438,fixture-level distance scale anomaly (~25x)
1201.0,2025-06-17,1326807,65780,half_2,13,middle,3760,hsr,5.42,6.72,581.1952,23.247808,22.881700787401577,22.79196862745098,86.48738095238096,3.459495238095238,fixture-level distance scale anomaly (~25x)
1201.0,2025-06-17,1326808,65780,half_2,14,middle,3761,hsr,5.49,6.34,256.22159999999997,10.248864,10.087464566929134,10.04790588235294,40.413501577287064,1.6165400630914826,fixture-level distance scale anomaly (~25x)
1201.0,2025-06-17,1326809,65780,half_2,15,top,3760,hsr,5.47,6.88,326.0888,13.043552,12.838141732283464,12.787796078431372,47.39662790697675,1.8958651162790698,fixture-level distance scale anomaly (~25x)
1201.0,2025-06-17,1326811,65780,half_2,17,middle,3760,hsr,5.4,6.75,563.3456,22.533824,22.17896062992126,22.09198431372549,83.4586074074074,3.338344296296296,fixture-level distance scale anomaly (~25x)
1201.0,2025-06-17,1326810,65780,half_2,18,top,3760,sprint,6.96,7.57,298.7536,11.950144,11.761952755905513,11.715827450980392,39.465468956406866,1.5786187582562747,fixture-level distance scale anomaly (~25x)
1201.0,2025-06-17,1326812,65780,half_2,18,middle,3760,hsr,5.4,6.92,254.7172,10.188687999999999,10.028236220472442,9.988909803921569,36.80884393063584,1.4723537572254335,fixture-level distance scale anomaly (~25x)
1201.0,2025-06-17,1326813,65780,half_2,21,top,3761,sprint,6.9,6.96,221.8752,8.875008000000001,8.73524409448819,8.700988235294117,31.878620689655172,1.2751448275862072,fixture-level distance scale anomaly (~25x)
1201.0,2025-06-17,1326814,65780,half_2,21,bottom,3761,hsr,5.43,5.6,131.8132,5.272527999999999,5.189496062992126,5.169145098039215,23.538071428571428,0.9415228571428571,fixture-level distance scale anomaly (~25x)
1201.0,2025-06-17,1326815,65780,half_2,21,top,3761,hsr,5.48,6.9,527.9188,21.116752,20.784204724409452,20.702698039215687,76.50997101449275,3.0603988405797105,fixture-level distance scale anomaly (~25x)
1201.0,2025-06-17,1326816,65780,half_2,22,top,3761,hsr,5.46,6.92,469.7576,18.790304000000003,18.494393700787402,18.421866666666666,67.88404624277457,2.715361849710983,fixture-level distance scale anomaly (~25x)
1201.0,2025-06-17,1326817,65780,half_2,23,middle,3760,hsr,5.46,6.3,321.3004,12.852016,12.649622047244096,12.60001568627451,51.0000634920635,2.04000253968254,fixture-level distance scale anomaly (~25x)
1201.0,2025-06-17,1326818,65780,half_2,28,bottom,3761,hsr,5.45,5.73,383.1604,15.326416,15.085055118110237,15.025898039215685,66.8691797556719,2.6747671902268757,fixture-level distance scale anomaly (~25x)
1201.0,2025-06-17,1326819,65780,half_2,28,middle,3761,hsr,5.41,6.17,588.4988,23.539952,23.16924409448819,23.07838431372549,95.38068071312803,3.8152272285251216,fixture-level distance scale anomaly (~25x)
1201.0,2025-06-17,1326820,65780,half_2,29,middle,3761,hsr,5.44,6.68,332.75239999999997,13.310095999999998,13.100488188976378,13.049113725490194,49.81323353293413,1.992529341317365,fixture-level distance scale anomaly (~25x)
1201.0,2025-06-17,1326821,65780,half_2,34,middle,3761,hsr,5.43,5.63,227.1244,9.084976000000001,8.941905511811024,8.906839215686276,40.34181172291297,1.613672468916519,fixture-level distance scale anomaly (~25x)
1201.0,2025-06-17,1326822,65780,half_2,35,middle,3761,hsr,5.42,5.88,232.56240000000005,9.302496000000001,9.156000000000002,9.120094117647062,39.55142857142858,1.582057142857143,fixture-level distance scale anomaly (~25x)
1201.0,2025-06-17,1326823,65780,half_2,36,middle,3761,hsr,5.49,6.64,370.3176,14.812704000000002,14.579433070866143,14.522258823529413,55.77072289156627,2.230828915662651,fixture-level distance scale anomaly (~25x)
1201.0,2025-06-17,1326825,65780,half_2,36,middle,3760,hsr,5.46,6.45,288.6264,11.545055999999999,11.36324409448819,11.318682352941176,44.74827906976744,1.7899311627906975,fixture-level distance scale anomaly (~25x)
1201.0,2025-06-17,1326824,65780,half_2,40,middle,3761,sprint,6.96,8.34,665.158,26.60632,26.18732283464567,26.084627450980392,79.75515587529976,3.1902062350119906,fixture-level distance scale anomaly (~25x)
1201.0,2025-06-17,1326826,65780,half_2,40,middle,3761,hsr,5.47,6.92,130.2328,5.209312,5.127275590551181,5.107168627450981,18.819768786127167,0.7527907514450867,fixture-level distance scale anomaly (~25x)
1201.0,2025-06-17,1326827,65780,half_2,40,middle,3761,hsr,5.4,6.72,516.2464,20.649856,20.324661417322837,20.2449568627451,76.82238095238095,3.072895238095238,fixture-level distance scale anomaly (~25x)
1201.0,2025-06-17,1326828,65780,half_2,42,bottom,3760,hsr,5.4,6.38,685.5052000000001,27.420208000000002,26.988393700787405,26.8825568627451,107.44595611285267,4.297838244514107,fixture-level distance scale anomaly (~25x)
1201.0,2025-06-17,1326829,65780,half_2,45,middle,3761,hsr,5.43,6.61,714.1075999999999,28.564303999999996,28.11447244094488,28.004219607843133,108.03443267776095,4.3213773071104375,fixture-level distance scale anomaly (~25x)
1201.0,2025-06-17,1326831,65780,half_2,47,middle,3761,hsr,5.44,6.92,333.51800000000003,13.340720000000001,13.130629921259844,13.079137254901962,48.19624277456648,1.9278497109826591,fixture-level distance scale anomaly (~25x)
1201.0,2025-06-17,1326830,65780,half_2,50,top,3761,sprint,6.93,9.11,825.7896000000001,33.031584,32.51140157480315,32.38390588235294,90.64649835345776,3.62585993413831,fixture-level distance scale anomaly (~25x)
1201.0,2025-06-17,1326832,65780,half_2,50,middle,3761,hsr,5.42,6.88,262.89279999999997,10.515711999999999,10.350110236220472,10.30952156862745,38.21116279069767,1.528446511627907,fixture-level distance scale anomaly (~25x)
1201.0,2025-06-17,1326834,65781,half_1,1,middle,3760,hsr,5.48,6.21,222.78,8.911200000000001,8.770866141732284,8.736470588235294,35.8743961352657,1.4349758454106283,fixture-level distance scale anomaly (~25x)
1201.0,2025-06-17,1326833,65781,half_1,3,bottom,3760,sprint,6.95,7.11,175.0512,7.002047999999999,6.891779527559056,6.86475294117647,24.620421940928267,0.9848168776371307,fixture-level distance scale anomaly (~25x)
1201.0,2025-06-17,1326835,65781,half_1,3,middle,3760,hsr,5.53,6.95,144.5864,5.783456,5.692377952755906,5.670054901960785,20.80379856115108,0.8321519424460432,fixture-level distance scale anomaly (~25x)
1201.0,2025-06-17,1326836,65781,half_1,3,bottom,3760,hsr,5.42,6.92,205.962,8.23848,8.108740157480314,8.076941176470587,29.76329479768786,1.1905317919075142,fixture-level distance scale anomaly (~25x)
1201.0,2025-06-17,1326837,65781,half_1,4,bottom,3760,hsr,5.47,5.64,143.5964,5.743855999999999,5.65340157480315,5.631231372549019,25.460354609929077,1.018414184397163,fixture-level distance scale anomaly (~25x)
1201.0,2025-06-17,1326838,65781,half_1,5,bottom,3761,hsr,5.43,6.3,368.56679999999994,14.742671999999997,14.510503937007872,14.453599999999998,58.50266666666666,2.3401066666666663,fixture-level distance scale anomaly (~25x)
1201.0,2025-06-17,1326839,65781,half_1,6,middle,3761,hsr,5.43,6.19,323.5884,12.943536,12.739700787401574,12.689741176470587,52.27599353796445,2.0910397415185784,fixture-level distance scale anomaly (~25x)
1201.0,2025-06-17,1326840,65781,half_1,9,middle,3760,hsr,5.41,6.35,224.7136,8.988544000000001,8.846992125984253,8.812298039215687,35.38796850393701,1.4155187401574805,fixture-level distance scale anomaly (~25x)
1201.0,2025-06-17,1326841,65781,half_1,10,bottom,3761,hsr,5.45,5.65,165.902,6.63608,6.531574803149606,6.505960784313725,29.36318584070796,1.1745274336283185,fixture-level distance scale anomaly (~25x)
1201.0,2025-06-17,1326842,65781,half_1,13,middle,3760,hsr,5.43,5.72,155.38639999999998,6.215456,6.117574803149606,6.093584313725489,27.165454545454544,1.0866181818181817,fixture-level distance scale anomaly (~25x)
1201.0,2025-06-17,1326843,65781,half_1,16,bottom,3761,hsr,5.42,6.94,879.2428,35.169712,34.61585826771654,34.48010980392157,126.69204610951007,5.067681844380402,fixture-level distance scale anomaly (~25x)
1201.0,2025-06-17,1326844,65781,half_1,16,bottom,3760,hsr,5.44,5.88,323.99920000000003,12.959968000000002,12.755874015748033,12.705850980392158,55.10190476190477,2.204076190476191,fixture-level distance scale anomaly (~25x)
1201.0,2025-06-17,1326845,65781,half_1,21,top,3761,hsr,5.43,5.56,136.93599999999998,5.477439999999999,5.3911811023622045,5.3700392156862735,24.628776978417264,0.9851510791366905,fixture-level distance scale anomaly (~25x)
1201.0,2025-06-17,1326846,65781,half_1,21,top,3760,hsr,5.54,6.21,211.1376,8.445504,8.312503937007873,8.27990588235294,33.999613526570045,1.359984541062802,fixture-level distance scale anomaly (~25x)
1201.0,2025-06-17,1326847,65781,half_1,22,bottom,3760,hsr,5.41,5.78,252.9356,10.117424,9.958094488188976,9.919043137254901,43.76048442906574,1.7504193771626297,fixture-level distance scale anomaly (~25x)
1201.0,2025-06-17,1326848,65781,half_1,23,bottom,3760,hsr,5.5,6.44,270.9572,10.838288,10.667606299212599,10.625772549019608,42.07409937888198,1.6829639751552794,fixture-level distance scale anomaly (~25x)
1201.0,2025-06-17,1326849,65781,half_1,24,middle,3760,hsr,5.41,6.4,451.8292,18.073168,17.788551181102363,17.718792156862747,70.59831249999999,2.8239324999999997,fixture-level distance scale anomaly (~25x)
1201.0,2025-06-17,1326850,65781,half_1,31,middle,3760,sprint,6.88,8.08,481.4168,19.256672000000002,18.953417322834646,18.879090196078433,59.58128712871287,2.383251485148515,fixture-level distance scale anomaly (~25x)
1201.0,2025-06-17,1326851,65781,half_1,31,middle,3761,hsr,5.47,5.61,120.9888,4.839552,4.763338582677165,4.744658823529412,21.56663101604278,0.8626652406417112,fixture-level distance scale anomaly (~25x)
1201.0,2025-06-17,1326852,65781,half_1,31,middle,3760,hsr,5.53,6.92,149.964,5.99856,5.904094488188977,5.880941176470588,21.671098265895953,0.8668439306358382,fixture-level distance scale anomaly (~25x)
1201.0,2025-06-17,1326853,65781,half_1,37,middle,3760,hsr,5.44,6.24,246.8384,9.873536,9.718047244094489,9.679937254901962,39.557435897435894,1.5822974358974358,fixture-level distance scale anomaly (~25x)
1201.0,2025-06-17,1326854,65781,half_1,38,middle,3760,hsr,5.43,5.89,255.8016,10.232064000000001,10.070929133858268,10.031435294117648,43.429813242784384,1.7371925297113755,fixture-level distance scale anomaly (~25x)
1201.0,2025-06-17,1326855,65781,half_1,40,middle,3761,hsr,5.46,6.13,303.946,12.15784,11.966377952755908,11.919450980392158,49.58336052202284,1.9833344208809136,fixture-level distance scale anomaly (~25x)
1201.0,2025-06-17,1326856,65781,half_1,44,bottom,3760,hsr,5.41,5.85,368.7692,14.750768,14.518472440944883,14.46153725490196,63.03747008547009,2.5214988034188037,fixture-level distance scale anomaly (~25x)
1201.0,2025-06-17,1326857,65781,half_1,46,bottom,3760,hsr,5.41,6.33,363.4476,14.537904000000001,14.30896062992126,14.25284705882353,57.41668246445498,2.2966672985781993,fixture-level distance scale anomaly (~25x)
1201.0,2025-06-17,1326858,65781,half_2,1,top,3761,hsr,5.44,5.94,303.9144,12.156576,11.965133858267718,11.918211764705882,51.1640404040404,2.046561616161616,fixture-level distance scale anomaly (~25x)
1201.0,2025-06-17,1326859,65781,half_2,3,middle,3760,hsr,5.43,6.05,277.3864,11.095455999999999,10.92072440944882,10.877898039215685,45.84899173553719,1.8339596694214875,fixture-level distance scale anomaly (~25x)
1201.0,2025-06-17,1326860,65781,half_2,4,middle,3761,hsr,5.41,5.83,373.5788,14.943152,14.707826771653544,14.650149019607843,64.07869639794168,2.5631478559176673,fixture-level distance scale anomaly (~25x)
1201.0,2025-06-17,1326861,65781,half_2,4,top,3760,hsr,5.43,5.79,230.9628,9.238512,9.093023622047244,9.057364705882353,39.88994818652849,1.5955979274611398,fixture-level distance scale anomaly (~25x)
1201.0,2025-06-17,1326862,65781,half_2,13,bottom,3760,hsr,5.46,6.64,1012.9988,40.519951999999996,39.88184251968504,39.7254431372549,152.56006024096385,6.102402409638554,fixture-level distance scale anomaly (~25x)
1201.0,2025-06-17,1327155,65783,half_1,9,bottom,3761,hsr,5.47,6.25,235.4788,9.419152,9.270818897637795,9.234462745098039,37.676608,1.50706432,fixture-level distance scale anomaly (~25x)
1201.0,2025-06-17,1327156,65783,half_1,11,top,3760,hsr,5.44,6.98,486.0596,19.442384,19.13620472440945,19.061160784313724,69.6360458452722,2.785441833810888,fixture-level distance scale anomaly (~25x)
1201.0,2025-06-17,1327157,65783,half_1,13,middle,3760,hsr,5.47,6.23,228.9072,9.156288,9.012094488188977,8.97675294117647,36.74272873194221,1.4697091492776886,fixture-level distance scale anomaly (~25x)
1201.0,2025-06-17,1327161,65783,half_1,21,middle,3761,hsr,5.43,6.88,435.0152,17.400608,17.126582677165356,17.059419607843136,63.22895348837209,2.5291581395348834,fixture-level distance scale anomaly (~25x)
1201.0,2025-06-17,1327162,65783,half_1,21,top,3761,hsr,5.46,6.41,287.9832,11.519328,11.33792125984252,11.293458823529413,44.92717628705148,1.7970870514820592,fixture-level distance scale anomaly (~25x)
1201.0,2025-06-17,1327158,65783,half_1,22,top,3760,sprint,6.1,9.21,481.8316,19.273263999999998,18.969748031496064,18.895356862745096,52.31613463626492,2.092645385450597,fixture-level distance scale anomaly (~25x)
1201.0,2025-06-17,1327163,65783,half_1,22,top,3760,hsr,5.41,5.83,372.2412,14.889648,14.655165354330709,14.597694117647059,63.84926243567753,2.553970497427101,fixture-level distance scale anomaly (~25x)
1201.0,2025-06-17,1327159,65783,half_1,23,middle,3761,sprint,6.92,7.06,279.44399999999996,11.17776,11.001732283464566,10.958588235294116,39.5813031161473,1.5832521246458924,fixture-level distance scale anomaly (~25x)
1201.0,2025-06-17,1327164,65783,half_1,23,middle,3761,hsr,5.47,6.91,235.4052,9.416208000000001,9.26792125984252,9.231576470588235,34.06732272069465,1.362692908827786,fixture-level distance scale anomaly (~25x)
1201.0,2025-06-17,1327160,65783,half_1,24,top,3760,sprint,6.81,9.46,473.8976,18.955904,18.657385826771655,18.58421960784314,50.09488372093023,2.003795348837209,fixture-level distance scale anomaly (~25x)
1201.0,2025-06-17,1327165,65783,half_1,24,top,3761,hsr,6.59,6.91,189.1896,7.567584,7.448409448818898,7.419200000000001,27.379102749638207,1.0951641099855283,fixture-level distance scale anomaly (~25x)
1201.0,2025-06-17,1327166,65783,half_1,27,middle,3761,hsr,5.48,5.95,199.7672,7.9906880000000005,7.864850393700788,7.834007843137255,33.57431932773109,1.3429727731092438,fixture-level distance scale anomaly (~25x)
1201.0,2025-06-17,1327168,65783,half_1,32,middle,3761,hsr,5.42,6.35,401.522,16.06088,15.807952755905513,15.745960784313725,63.23181102362205,2.529272440944882,fixture-level distance scale anomaly (~25x)
1201.0,2025-06-17,1327167,65783,half_1,35,top,3761,sprint,6.93,7.75,302.79920000000004,12.111968000000001,11.921228346456695,11.87447843137255,39.070864516129035,1.5628345806451613,fixture-level distance scale anomaly (~25x)
1201.0,2025-06-17,1327169,65783,half_1,35,middle,3761,hsr,5.37,6.87,182.4984,7.299936,7.184976377952756,7.1568000000000005,26.56454148471616,1.0625816593886461,fixture-level distance scale anomaly (~25x)
1201.0,2025-06-17,1327170,65783,half_1,36,top,3760,hsr,5.37,8.38,210.6244,8.424976000000001,8.292299212598426,8.259780392156863,25.134176610978518,1.0053670644391408,fixture-level distance scale anomaly (~25x)
1201.0,2025-06-17,1327171,65783,half_1,38,middle,3760,hsr,5.46,7.03,377.338,15.093520000000002,14.855826771653545,14.797568627450982,53.67539118065434,2.1470156472261737,fixture-level distance scale anomaly (~25x)
1201.0,2025-06-17,1327172,65783,half_1,44,top,3760,hsr,5.52,5.84,146.3284,5.853135999999999,5.76096062992126,5.7383686274509795,25.05623287671233,1.002249315068493,fixture-level distance scale anomaly (~25x)
1201.0,2025-06-17,1327173,65783,half_1,44,middle,3760,hsr,5.42,6.86,533.7968,21.351872,21.015622047244094,20.933207843137254,77.81294460641398,3.1125177842565597,fixture-level distance scale anomaly (~25x)
1201.0,2025-06-17,1327174,65783,half_1,46,middle,3760,hsr,5.44,5.54,120.2736,4.810944,4.735181102362205,4.716611764705882,21.710036101083034,0.8684014440433213,fixture-level distance scale anomaly (~25x)
1201.0,2025-06-17,1327175,65783,half_2,1,top,3761,sprint,6.97,7.6,359.1508,14.366032,14.139795275590552,14.084345098039217,47.256684210526316,1.8902673684210527,fixture-level distance scale anomaly (~25x)
1201.0,2025-06-17,1327176,65783,half_2,1,top,3761,hsr,5.45,6.92,155.2668,6.210672,6.112866141732283,6.088894117647058,22.437398843930634,0.8974959537572254,fixture-level distance scale anomaly (~25x)
1201.0,2025-06-17,1327177,65783,half_2,3,middle,3760,hsr,5.44,6.02,236.0604,9.442416,9.29371653543307,9.257270588235293,39.212691029900334,1.5685076411960133,fixture-level distance scale anomaly (~25x)
1201.0,2025-06-17,1327178,65783,half_2,5,top,3760,hsr,5.45,7.14,393.9152,15.756608000000002,15.508472440944884,15.447654901960785,55.17019607843138,2.206807843137255,fixture-level distance scale anomaly (~25x)
1201.0,2025-06-17,1327179,65783,half_2,7,top,3761,hsr,5.44,6.45,263.7448,10.549792,10.383653543307087,10.342933333333333,40.89066666666667,1.6356266666666666,fixture-level distance scale anomaly (~25x)
1201.0,2025-06-17,1327180,65783,half_2,7,top,3761,hsr,5.43,6.5,252.5104,10.100416000000001,9.941354330708663,9.902368627450981,38.84775384615385,1.553910153846154,fixture-level distance scale anomaly (~25x)
1201.0,2025-06-17,1327181,65783,half_2,10,middle,3761,hsr,5.46,6.09,320.312,12.81248,12.610708661417323,12.561254901960785,52.596387520525454,2.1038555008210182,fixture-level distance scale anomaly (~25x)
1201.0,2025-06-17,1327182,65783,half_2,11,top,3761,hsr,5.44,6.01,311.698,12.46792,12.271574803149607,12.223450980392156,51.86322795341098,2.0745291181364394,fixture-level distance scale anomaly (~25x)
1201.0,2025-06-17,1327183,65783,half_2,13,middle,3760,sprint,6.98,7.51,304.958,12.19832,12.006220472440946,11.959137254901961,40.60692410119841,1.6242769640479362,fixture-level distance scale anomaly (~25x)
1201.0,2025-06-17,1327184,65783,half_2,13,middle,3760,hsr,5.39,6.94,136.03560000000002,5.4414240000000005,5.355732283464568,5.334729411764706,19.601671469740634,0.7840668587896253,fixture-level distance scale anomaly (~25x)
1201.0,2025-06-17,1327185,65783,half_2,13,middle,3760,hsr,5.47,6.93,142.9936,5.7197439999999995,5.629669291338582,5.6075921568627445,20.63399711399711,0.8253598845598845,fixture-level distance scale anomaly (~25x)
1201.0,2025-06-17,1327186,65783,half_2,14,middle,3760,hsr,5.46,5.77,196.384,7.855359999999999,7.731653543307086,7.7013333333333325,34.03535528596187,1.3614142114384749,fixture-level distance scale anomaly (~25x)
1201.0,2025-06-17,1327187,65783,half_2,14,middle,3761,hsr,5.44,5.64,332.7588,13.310352,13.100740157480317,13.049364705882354,58.99978723404256,2.359991489361702,fixture-level distance scale anomaly (~25x)
1201.0,2025-06-17,1327188,65783,half_2,15,top,3760,hsr,5.48,5.79,151.0808,6.043232000000001,5.948062992125985,5.924737254901961,26.093402417962004,1.0437360967184803,fixture-level distance scale anomaly (~25x)
1201.0,2025-06-17,1327189,65783,half_2,17,middle,3760,hsr,5.42,5.84,242.9508,9.718032,9.564992125984253,9.527482352941176,41.601164383561645,1.6640465753424656,fixture-level distance scale anomaly (~25x)
1201.0,2025-06-17,1327190,65783,half_2,19,top,3761,hsr,5.41,6.19,457.8396,18.313584000000002,18.025181102362207,17.95449411764706,73.96439418416801,2.9585757673667206,fixture-level distance scale anomaly (~25x)
1201.0,2025-06-17,1327191,65783,half_2,21,middle,3761,hsr,5.49,6.94,1048.7936,41.951744,41.29108661417323,41.129160784313726,151.1229971181556,6.044919884726224,fixture-level distance scale anomaly (~25x)
1201.0,2025-06-17,1327192,65783,half_2,32,middle,3761,hsr,5.44,5.81,231.1972,9.247888,9.102251968503937,9.066556862745099,39.79297762478486,1.5917191049913941,fixture-level distance scale anomaly (~25x)
1201.0,2025-06-17,1327193,65783,half_2,34,top,3761,hsr,5.45,6.8,822.7696000000001,32.91078400000001,32.39250393700788,32.26547450980392,120.99552941176472,4.839821176470589,fixture-level distance scale anomaly (~25x)
1201.0,2025-06-17,1327194,65783,half_2,36,middle,3760,hsr,5.47,5.92,239.7196,9.588784,9.437779527559057,9.400768627450981,40.49317567567568,1.6197270270270272,fixture-level distance scale anomaly (~25x)
1201.0,2025-06-17,1327195,65783,half_2,40,middle,3761,hsr,5.41,6.95,783.048,31.32192,30.828661417322838,30.707764705882354,112.66877697841727,4.5067510791366905,fixture-level distance scale anomaly (~25x)
1201.0,2025-06-17,1327197,65783,half_2,42,top,3761,hsr,5.47,6.01,342.29560000000004,13.691824000000002,13.47620472440945,13.4233568627451,56.954342762063234,2.2781737104825295,fixture-level distance scale anomaly (~25x)
1201.0,2025-06-17,1327196,65783,half_2,45,middle,3761,sprint,6.96,7.43,354.0784,14.163136,13.940094488188977,13.885427450980393,47.655235531628534,1.9062094212651413,fixture-level distance scale anomaly (~25x)
1201.0,2025-06-17,1327198,65783,half_2,45,middle,3760,hsr,5.43,5.75,207.0536,8.282143999999999,8.15171653543307,8.119749019607843,36.009321739130435,1.4403728695652172,fixture-level distance scale anomaly (~25x)
1201.0,2025-06-17,1327199,65783,half_2,45,middle,3761,hsr,5.46,6.92,149.1664,5.966656,5.872692913385827,5.84966274509804,21.55583815028902,0.8622335260115608,fixture-level distance scale anomaly (~25x)
1201.0,2025-06-17,1327200,65783,half_2,45,middle,3761,hsr,5.45,6.93,205.40839999999997,8.216335999999998,8.086944881889764,8.055231372549018,29.640461760461758,1.1856184704184702,fixture-level distance scale anomaly (~25x)
1201.0,2025-06-17,1327354,65784,half_2,26,bottom,3761,hsr,5.45,5.72,206.6304,8.265216,8.135055118110238,8.103152941176472,36.12419580419581,1.4449678321678323,fixture-level distance scale anomaly (~25x)
1201.0,2025-06-17,1327355,65784,half_2,42,bottom,3760,hsr,5.5,8.42,201.8316,8.073264,7.946125984251969,7.914964705882353,23.970498812351543,0.9588199524940617,fixture-level distance scale anomaly (~25x)
1201.0,2025-06-17,1326863,65785,half_1,3,bottom,3761,sprint,6.99,7.72,362.7639999999999,14.510559999999996,14.282047244094485,14.22603921568627,46.9901554404145,1.87960621761658,fixture-level distance scale anomaly (~25x)
1201.0,2025-06-17,1326864,65785,half_1,3,bottom,3760,sprint,6.97,8.0,486.5648,19.462592,19.156094488188977,19.080972549019606,60.8206,2.432824,fixture-level distance scale anomaly (~25x)
1201.0,2025-06-17,1326865,65785,half_1,7,middle,3761,hsr,5.52,6.44,221.5564,8.862256,8.722692913385828,8.688486274509804,34.40316770186335,1.376126708074534,fixture-level distance scale anomaly (~25x)
1201.0,2025-06-17,1326866,65785,half_1,14,middle,3761,sprint,6.98,7.17,168.6396,6.745584,6.639354330708662,6.613317647058824,23.520167364016736,0.9408066945606695,fixture-level distance scale anomaly (~25x)
1201.0,2025-06-17,1326867,65785,half_1,14,middle,3761,hsr,5.41,6.94,167.8976,6.715904,6.6101417322834655,6.584219607843138,24.192737752161385,0.9677095100864553,fixture-level distance scale anomaly (~25x)
1201.0,2025-06-17,1326868,65785,half_1,14,middle,3761,hsr,5.45,6.95,156.01080000000002,6.240432000000001,6.142157480314961,6.118070588235295,22.44759712230216,0.8979038848920865,fixture-level distance scale anomaly (~25x)
1201.0,2025-06-17,1326869,65785,half_1,16,bottom,3760,hsr,5.44,6.93,586.982,23.47928,23.109527559055117,23.018901960784312,84.7015873015873,3.388063492063492,fixture-level distance scale anomaly (~25x)
1201.0,2025-06-17,1326870,65785,half_1,19,bottom,3760,hsr,5.46,5.67,154.9328,6.197311999999999,6.09971653543307,6.075796078431372,27.32500881834215,1.093000352733686,fixture-level distance scale anomaly (~25x)
1201.0,2025-06-17,1326872,65785,half_1,21,top,3761,hsr,5.44,6.93,946.5972,37.863888,37.2676062992126,37.121458823529416,136.59411255411257,5.463764502164503,fixture-level distance scale anomaly (~25x)
1201.0,2025-06-17,1326873,65785,half_1,23,bottom,3760,hsr,5.44,6.97,439.1628,17.566512,17.289874015748033,17.222070588235294,63.00757532281205,2.520303012912482,fixture-level distance scale anomaly (~25x)
1201.0,2025-06-17,1326871,65785,half_1,24,bottom,3760,sprint,6.89,7.31,342.5844,13.703376,13.487574803149608,13.434682352941177,46.86517099863202,1.8746068399452807,fixture-level distance scale anomaly (~25x)
1201.0,2025-06-17,1326874,65785,half_1,24,bottom,3761,hsr,5.37,6.92,233.656,9.34624,9.199055118110238,9.162980392156863,33.765317919075144,1.3506127167630058,fixture-level distance scale anomaly (~25x)
1201.0,2025-06-17,1326875,65785,half_1,24,bottom,3760,hsr,5.47,6.87,435.526,17.42104,17.146692913385827,17.079450980392156,63.39534206695779,2.5358136826783118,fixture-level distance scale anomaly (~25x)
1201.0,2025-06-17,1326876,65785,half_1,25,bottom,3761,hsr,5.5,7.17,362.7288,14.509151999999998,14.280661417322834,14.224658823529412,50.58979079497907,2.023591631799163,fixture-level distance scale anomaly (~25x)
1201.0,2025-06-17,1326877,65785,half_1,28,middle,3760,hsr,5.48,5.8,116.9392,4.677568,4.603905511811024,4.5858509803921566,20.16193103448276,0.8064772413793103,fixture-level distance scale anomaly (~25x)
1201.0,2025-06-17,1326878,65785,half_1,31,middle,3760,sprint,6.93,7.08,259.3076,10.372304,10.20896062992126,10.168925490196077,36.625367231638414,1.4650146892655367,fixture-level distance scale anomaly (~25x)
1201.0,2025-06-17,1326879,65785,half_1,31,middle,3760,hsr,5.43,6.91,281.64439999999996,11.265775999999999,11.088362204724408,11.044878431372547,40.758958031837906,1.6303583212735164,fixture-level distance scale anomaly (~25x)
1201.0,2025-06-17,1326880,65785,half_1,31,middle,3760,hsr,5.44,6.93,226.4784,9.059136,8.916472440944883,8.881505882352942,32.6808658008658,1.3072346320346322,fixture-level distance scale anomaly (~25x)
1201.0,2025-06-17,1326881,65785,half_1,34,bottom,3760,hsr,5.5,5.83,134.25,5.37,5.285433070866142,5.264705882352941,23.027444253859347,0.9210977701543739,fixture-level distance scale anomaly (~25x)
1201.0,2025-06-17,1326882,65785,half_1,38,top,3760,hsr,5.47,5.82,145.7532,5.830127999999999,5.738314960629921,5.715811764705882,25.043505154639174,1.001740206185567,fixture-level distance scale anomaly (~25x)
1201.0,2025-06-17,1326883,65785,half_1,39,bottom,3760,hsr,5.49,6.04,213.16359999999997,8.526544,8.392267716535432,8.359356862745097,35.291986754966885,1.4116794701986755,fixture-level distance scale anomaly (~25x)
1201.0,2025-06-17,1326884,65785,half_1,40,middle,3761,hsr,5.44,6.09,408.6184,16.344736,16.087338582677166,16.024250980392157,67.09661740558293,2.683864696223317,fixture-level distance scale anomaly (~25x)
1201.0,2025-06-17,1326885,65785,half_1,44,bottom,3760,sprint,6.92,8.64,772.6028,30.904112,30.417433070866142,30.298149019607845,89.42162037037036,3.5768648148148148,fixture-level distance scale anomaly (~25x)
1201.0,2025-06-17,1326886,65785,half_1,44,middle,3760,hsr,5.43,6.88,258.9496,10.357983999999998,10.194866141732284,10.154886274509803,37.63802325581395,1.5055209302325578,fixture-level distance scale anomaly (~25x)
1201.0,2025-06-17,1326887,65785,half_1,45,bottom,3760,hsr,5.46,6.04,248.09919999999997,9.923967999999999,9.767685039370077,9.72938039215686,41.07602649006622,1.6430410596026488,fixture-level distance scale anomaly (~25x)
1201.0,2025-06-17,1326888,65785,half_1,46,bottom,3760,sprint,6.93,7.36,322.902,12.91608,12.71267716535433,12.662823529411764,43.87255434782608,1.7549021739130433,fixture-level distance scale anomaly (~25x)
1201.0,2025-06-17,1326889,65785,half_1,46,bottom,3760,hsr,5.41,6.94,179.8836,7.195344,7.082031496062992,7.054258823529412,25.919827089337176,1.036793083573487,fixture-level distance scale anomaly (~25x)
1201.0,2025-06-17,1326890,65785,half_1,46,bottom,3760,hsr,5.45,6.9,192.5892,7.703568000000001,7.582251968503938,7.552517647058823,27.911478260869565,1.1164591304347826,fixture-level distance scale anomaly (~25x)
1201.0,2025-06-17,1326891,65785,half_2,1,top,3761,sprint,6.95,7.2,269.0912,10.763648,10.594141732283466,10.552596078431373,37.37377777777778,1.4949511111111111,fixture-level distance scale anomaly (~25x)
1201.0,2025-06-17,1326892,65785,half_2,1,top,3761,hsr,5.43,6.92,237.2848,9.491392,9.34192125984252,9.305286274509804,34.28971098265896,1.3715884393063582,fixture-level distance scale anomaly (~25x)
1201.0,2025-06-17,1326893,65785,half_2,1,top,3761,hsr,5.51,6.95,163.4216,6.5368640000000005,6.433921259842521,6.408690196078432,23.51389928057554,0.9405559712230216,fixture-level distance scale anomaly (~25x)
1201.0,2025-06-17,1326894,65785,half_2,4,middle,3761,hsr,5.46,5.64,154.76000000000002,6.1904,6.0929133858267726,6.069019607843138,27.439716312056742,1.0975886524822696,fixture-level distance scale anomaly (~25x)
1201.0,2025-06-17,1326895,65785,half_2,5,middle,3761,hsr,5.53,7.04,385.0556,15.402224,15.159669291338584,15.100219607843139,54.695397727272734,2.1878159090909093,fixture-level distance scale anomaly (~25x)
1201.0,2025-06-17,1326896,65785,half_2,7,top,3760,hsr,5.45,6.42,288.3088,11.532352000000001,11.350740157480317,11.306227450980392,44.907912772585675,1.796316510903427,fixture-level distance scale anomaly (~25x)
1201.0,2025-06-17,1326897,65785,half_2,10,top,3761,hsr,5.41,5.66,556.4272,22.257088,21.906582677165353,21.820674509803922,98.30869257950529,3.932347703180212,fixture-level distance scale anomaly (~25x)
1201.0,2025-06-17,1326899,65785,half_2,11,top,3760,hsr,5.41,7.19,432.8776,17.315103999999998,17.042425196850395,16.975592156862746,60.20550764951321,2.408220305980528,fixture-level distance scale anomaly (~25x)
1201.0,2025-06-17,1326900,65785,half_2,11,top,3761,hsr,5.51,6.39,467.6164,18.704656,18.410094488188978,18.337898039215688,73.17940532081377,2.927176212832551,fixture-level distance scale anomaly (~25x)
1201.0,2025-06-17,1326898,65785,half_2,13,top,3760,sprint,6.94,7.97,452.714,18.10856,17.823385826771656,17.75349019607843,56.802258469259726,2.272090338770389,fixture-level distance scale anomaly (~25x)
1201.0,2025-06-17,1326901,65785,half_2,13,middle,3760,hsr,5.44,6.89,154.6012,6.184048000000001,6.086661417322835,6.062792156862745,22.43849056603774,0.8975396226415095,fixture-level distance scale anomaly (~25x)
1201.0,2025-06-17,1326902,65785,half_2,13,bottom,3760,hsr,5.4,6.52,877.3960000000001,35.09584,34.54314960629922,34.40768627450981,134.56993865030677,5.382797546012271,fixture-level distance scale anomaly (~25x)
1201.0,2025-06-17,1326903,65785,half_2,14,bottom,3760,hsr,5.48,6.09,243.8832,9.755327999999999,9.601700787401574,9.56404705882353,40.04650246305419,1.6018600985221674,fixture-level distance scale anomaly (~25x)
1201.0,2025-06-17,1326904,65785,half_2,17,bottom,3760,sprint,6.95,7.71,519.3924000000001,20.775696000000003,20.448519685039376,20.36832941176471,67.36607003891052,2.6946428015564208,fixture-level distance scale anomaly (~25x)
1201.0,2025-06-17,1326905,65785,half_2,17,middle,3760,hsr,5.46,6.9,136.2964,5.451856,5.3660000000000005,5.344956862745098,19.753101449275363,0.7901240579710145,fixture-level distance scale anomaly (~25x)
1201.0,2025-06-17,1326906,65785,half_2,17,middle,3760,hsr,5.47,6.93,162.09359999999998,6.483743999999999,6.38163779527559,6.356611764705882,23.39012987012987,0.9356051948051947,fixture-level distance scale anomaly (~25x)
1201.0,2025-06-17,1326907,65785,half_2,19,bottom,3760,hsr,5.39,5.99,354.9392,14.197568,13.973984251968506,13.919184313725491,59.255292153589316,2.3702116861435725,fixture-level distance scale anomaly (~25x)
1201.0,2025-06-17,1326909,65785,half_2,21,middle,3760,hsr,5.53,6.65,244.8248,9.792992,9.638771653543309,9.600972549019609,36.81575939849624,1.4726303759398496,fixture-level distance scale anomaly (~25x)
1201.0,2025-06-17,1326908,65785,half_2,24,middle,3760,sprint,6.98,7.47,245.0964,9.803856,9.649464566929135,9.611623529411764,32.810763052208834,1.3124305220883534,fixture-level distance scale anomaly (~25x)
1201.0,2025-06-17,1326910,65785,half_2,24,bottom,3760,hsr,5.46,6.71,550.9096,22.036383999999998,21.68935433070866,21.604298039215685,82.10277198211624,3.2841108792846496,fixture-level distance scale anomaly (~25x)
1201.0,2025-06-17,1326911,65785,half_2,25,bottom,3760,hsr,5.45,5.77,247.44000000000003,9.8976,9.741732283464568,9.703529411764707,42.883882149046805,1.715355285961872,fixture-level distance scale anomaly (~25x)
1201.0,2025-06-17,1326912,65785,half_2,25,middle,3761,hsr,5.4,5.96,241.674,9.66696,9.514724409448819,9.477411764705883,40.5493288590604,1.621973154362416,fixture-level distance scale anomaly (~25x)
1201.0,2025-06-17,1326915,65785,half_2,26,middle,3760,hsr,5.47,5.63,137.898,5.5159199999999995,5.429055118110236,5.407764705882353,24.49342806394316,0.9797371225577264,fixture-level distance scale anomaly (~25x)
1201.0,2025-06-17,1326913,65785,half_2,27,middle,3761,sprint,6.95,7.09,153.6968,6.147872,6.051055118110236,6.027325490196079,21.677968970380817,0.8671187588152327,fixture-level distance scale anomaly (~25x)
1201.0,2025-06-17,1326916,65785,half_2,27,middle,3761,hsr,5.44,6.92,261.1704,10.446815999999998,10.282299212598424,10.241976470588234,37.74138728323699,1.5096554913294795,fixture-level distance scale anomaly (~25x)
1201.0,2025-06-17,1326917,65785,half_2,27,middle,3761,hsr,5.49,6.96,163.4216,6.5368640000000005,6.433921259842521,6.408690196078432,23.480114942528736,0.9392045977011495,fixture-level distance scale anomaly (~25x)
1201.0,2025-06-17,1326914,65785,half_2,28,middle,3761,sprint,6.9,7.27,505.7428,20.229712,19.911133858267718,19.833050980392155,69.56572214580468,2.782628885832187,fixture-level distance scale anomaly (~25x)
1201.0,2025-06-17,1326918,65785,half_2,28,middle,3761,hsr,5.44,6.9,314.28880000000004,12.571552000000002,12.373574803149609,12.325050980392158,45.54910144927536,1.8219640579710148,fixture-level distance scale anomaly (~25x)
1201.0,2025-06-17,1326919,65785,half_2,28,top,3761,hsr,5.5,6.89,356.612,14.26448,14.039842519685042,13.984784313725491,51.7579100145138,2.070316400580552,fixture-level distance scale anomaly (~25x)
1201.0,2025-06-17,1326920,65785,half_2,28,middle,3760,hsr,5.42,6.59,957.616,38.30464,37.70141732283465,37.55356862745098,145.3135053110774,5.812540212443095,fixture-level distance scale anomaly (~25x)
1201.0,2025-06-17,1326921,65785,half_2,30,bottom,3760,hsr,5.45,6.16,286.56080000000003,11.462432000000002,11.281921259842521,11.23767843137255,46.51961038961039,1.8607844155844158,fixture-level distance scale anomaly (~25x)
1201.0,2025-06-17,1326922,65785,half_2,31,bottom,3761,hsr,5.48,7.03,345.2464,13.809856,13.592377952755905,13.539074509803921,49.11044096728307,1.9644176386913228,fixture-level distance scale anomaly (~25x)
1201.0,2025-06-17,1326923,65785,half_2,31,bottom,3761,hsr,5.48,5.77,156.45319999999998,6.258127999999999,6.159574803149606,6.1354196078431364,27.11493934142114,1.0845975736568456,fixture-level distance scale anomaly (~25x)
1201.0,2025-06-17,1326924,65785,half_2,33,middle,3760,hsr,5.47,6.03,177.808,7.1123199999999995,7.000314960629922,6.9728627450980385,29.487230514096183,1.1794892205638472,fixture-level distance scale anomaly (~25x)
1201.0,2025-06-17,1326925,65785,half_2,35,top,3760,hsr,5.43,6.09,261.258,10.45032,10.285748031496063,10.245411764705882,42.89950738916256,1.7159802955665024,fixture-level distance scale anomaly (~25x)
1201.0,2025-06-17,1326926,65785,half_2,36,bottom,3760,hsr,5.43,5.88,331.0588,13.242352,13.033811023622048,12.982698039215688,56.302517006802724,2.252100680272109,fixture-level distance scale anomaly (~25x)
1201.0,2025-06-17,1326927,65785,half_2,42,bottom,3760,sprint,6.95,8.4,610.5096,24.420384,24.03581102362205,23.941552941176468,72.67971428571428,2.9071885714285712,fixture-level distance scale anomaly (~25x)
1201.0,2025-06-17,1326928,65785,half_2,42,middle,3760,hsr,5.45,6.9,154.48919999999998,6.179568,6.082251968503937,6.058399999999999,22.38973913043478,0.8955895652173912,fixture-level distance scale anomaly (~25x)
1201.0,2025-06-17,1326929,65785,half_2,42,bottom,3760,hsr,5.39,6.89,159.12079999999995,6.364831999999998,6.264598425196849,6.2400313725490175,23.094455732946294,0.9237782293178517,fixture-level distance scale anomaly (~25x)
1201.0,2025-06-17,1326930,65785,half_2,44,middle,3761,hsr,5.49,5.97,206.1572,8.246288,8.116425196850393,8.084596078431373,34.53219430485762,1.3812877721943049,fixture-level distance scale anomaly (~25x)
1201.0,2025-06-17,1326931,65785,half_2,49,middle,3760,hsr,5.43,5.84,369.9484,14.797936,14.564897637795276,14.507780392156862,63.34732876712329,2.5338931506849316,fixture-level distance scale anomaly (~25x)
1201.0,2025-06-17,1326932,65785,half_2,50,bottom,3761,hsr,5.47,5.66,121.3808,4.855232,4.778771653543307,4.76003137254902,21.445371024734982,0.8578148409893993,fixture-level distance scale anomaly (~25x)
1201.0,2025-06-17,1326934,65786,half_1,1,top,3760,hsr,5.47,6.06,290.1864,11.607455999999999,11.424661417322834,11.379858823529412,47.88554455445545,1.9154217821782178,fixture-level distance scale anomaly (~25x)
1201.0,2025-06-17,1326933,65786,half_1,3,bottom,3760,sprint,6.95,7.16,310.7876,12.431504,12.235732283464568,12.187749019607843,43.40608938547486,1.7362435754189944,fixture-level distance scale anomaly (~25x)
1201.0,2025-06-17,1326935,65786,half_1,3,middle,3760,hsr,5.4,6.93,199.6788,7.987152,7.8613700787401575,7.830541176470588,28.813679653679653,1.152547186147186,fixture-level distance scale anomaly (~25x)
1201.0,2025-06-17,1326936,65786,half_1,3,bottom,3760,hsr,5.47,6.93,207.7672,8.310688,8.179811023622047,8.147733333333333,29.98083694083694,1.1992334776334779,fixture-level distance scale anomaly (~25x)
1201.0,2025-06-17,1326937,65786,half_1,4,middle,3760,hsr,5.44,5.54,125.7468,5.029872,4.950661417322834,4.931247058823529,22.69797833935018,0.9079191335740072,fixture-level distance scale anomaly (~25x)
1201.0,2025-06-17,1326938,65786,half_1,4,bottom,3761,hsr,5.41,6.69,515.4188,20.616752,20.292078740157482,20.212501960784316,77.04316890881914,3.0817267563527655,fixture-level distance scale anomaly (~25x)
1201.0,2025-06-17,1326939,65786,half_1,6,top,3761,sprint,6.87,8.62,222.4516,8.898064,8.757937007874016,8.723592156862745,25.806450116009284,1.0322580046403713,fixture-level distance scale anomaly (~25x)
1201.0,2025-06-17,1326941,65786,half_1,6,top,3760,hsr,5.49,5.86,157.93,6.317200000000001,6.2177165354330715,6.193333333333333,26.950511945392492,1.0780204778156997,fixture-level distance scale anomaly (~25x)
1201.0,2025-06-17,1326942,65786,half_1,7,middle,3760,hsr,5.5,6.27,217.812,8.712480000000001,8.575275590551183,8.54164705882353,34.73875598086125,1.38955023923445,fixture-level distance scale anomaly (~25x)
1201.0,2025-06-17,1326943,65786,half_1,7,middle,3761,hsr,5.43,5.93,187.6068,7.504271999999999,7.386094488188976,7.3571294117647055,31.63689713322091,1.2654758853288364,fixture-level distance scale anomaly (~25x)
1201.0,2025-06-17,1326940,65786,half_1,10,middle,3760,sprint,7.0,7.71,294.6472,11.785888,11.60028346456693,11.554792156862746,38.216238651102465,1.5286495460440985,fixture-level distance scale anomaly (~25x)
1201.0,2025-06-17,1326944,65786,half_1,11,top,3760,hsr,5.4,6.94,129.5944,5.183776,5.1021417322834655,5.082133333333334,18.673544668587898,0.7469417867435157,fixture-level distance scale anomaly (~25x)
1201.0,2025-06-17,1326946,65786,half_1,11,top,3760,hsr,5.41,6.48,404.816,16.192639999999997,15.93763779527559,15.87513725490196,62.4716049382716,2.4988641975308634,fixture-level distance scale anomaly (~25x)
1201.0,2025-06-17,1326947,65786,half_1,13,middle,3760,hsr,5.44,6.16,387.7416,15.509664,15.265417322834647,15.205552941176471,62.945064935064934,2.5178025974025973,fixture-level distance scale anomaly (~25x)
1201.0,2025-06-17,1326945,65786,half_1,14,bottom,3761,sprint,7.28,9.36,343.6528,13.746112,13.529637795275592,13.476580392156864,36.715042735042736,1.4686017094017094,fixture-level distance scale anomaly (~25x)
1201.0,2025-06-17,1326948,65786,half_1,14,bottom,3760,hsr,5.42,7.7,162.3288,6.493152,6.390897637795276,6.365835294117647,21.081662337662337,0.8432664935064935,fixture-level distance scale anomaly (~25x)
1201.0,2025-06-17,1326949,65786,half_1,16,bottom,3760,hsr,5.44,5.77,400.92800000000005,16.03712,15.784566929133861,15.722666666666669,69.48492201039863,2.7793968804159452,fixture-level distance scale anomaly (~25x)
1201.0,2025-06-17,1326950,65786,half_1,19,bottom,3760,hsr,5.46,6.86,325.2524,13.010096,12.805212598425198,12.754996078431374,47.4128862973761,1.8965154518950438,fixture-level distance scale anomaly (~25x)
1201.0,2025-06-17,1326951,65786,half_1,21,bottom,3761,hsr,5.45,5.93,233.9768,9.359072,9.21168503937008,9.175560784313726,39.4564586846543,1.578258347386172,fixture-level distance scale anomaly (~25x)
1201.0,2025-06-17,1326952,65786,half_1,21,top,3761,hsr,5.46,6.48,1082.5184,43.300736,42.61883464566929,42.45170196078431,167.05530864197527,6.682212345679012,fixture-level distance scale anomaly (~25x)
1201.0,2025-06-17,1326953,65786,half_1,22,middle,3760,hsr,5.42,5.65,283.21799999999996,11.328719999999999,11.15031496062992,11.106588235294117,50.12707964601769,2.0050831858407077,fixture-level distance scale anomaly (~25x)
1201.0,2025-06-17,1326954,65786,half_1,23,bottom,3760,hsr,5.49,6.44,313.9248,12.556992000000001,12.35924409448819,12.310776470588236,48.74608695652174,1.9498434782608696,fixture-level distance scale anomaly (~25x)
1201.0,2025-06-17,1326955,65786,half_1,24,bottom,3760,hsr,5.4,6.22,514.468,20.578719999999997,20.25464566929134,20.17521568627451,82.71189710610932,3.3084758842443724,fixture-level distance scale anomaly (~25x)
1201.0,2025-06-17,1326956,65786,half_1,26,middle,3761,hsr,5.44,6.6,611.5236,24.460943999999998,24.075732283464568,23.981317647058823,92.65509090909092,3.7062036363636364,fixture-level distance scale anomaly (~25x)
1201.0,2025-06-17,1326957,65786,half_1,28,bottom,3761,hsr,5.45,6.34,415.5192,16.620768,16.359023622047246,16.294870588235295,65.53930599369086,2.621572239747634,fixture-level distance scale anomaly (~25x)
1201.0,2025-06-17,1326958,65786,half_1,29,bottom,3760,hsr,5.44,6.49,339.8048,13.592192,13.378141732283465,13.325678431372548,52.358212634822806,2.0943285053929124,fixture-level distance scale anomaly (~25x)
1201.0,2025-06-17,1326959,65786,half_1,29,middle,3761,hsr,5.49,5.77,156.6176,6.264704,6.166047244094489,6.141866666666667,27.14343154246101,1.0857372616984402,fixture-level distance scale anomaly (~25x)
1201.0,2025-06-17,1326960,65786,half_1,29,middle,3760,hsr,5.41,6.28,325.844,13.03376,12.828503937007875,12.778196078431373,51.8859872611465,2.0754394904458597,fixture-level distance scale anomaly (~25x)
1201.0,2025-06-17,1326961,65786,half_1,31,middle,3760,sprint,6.94,7.58,365.5316,14.621264000000002,14.39100787401575,14.334572549019608,48.22316622691293,1.9289266490765173,fixture-level distance scale anomaly (~25x)
1201.0,2025-06-17,1326962,65786,half_1,31,middle,3760,hsr,5.41,6.9,191.1376,7.645504,7.525102362204724,7.495592156862744,27.70110144927536,1.1080440579710145,fixture-level distance scale anomaly (~25x)
1201.0,2025-06-17,1326963,65786,half_1,31,middle,3760,hsr,5.41,6.94,142.3768,5.695072,5.605385826771654,5.583403921568627,20.515389048991352,0.8206155619596541,fixture-level distance scale anomaly (~25x)
1201.0,2025-06-17,1326964,65786,half_1,37,top,3760,sprint,7.01,7.31,206.5528,8.262112,8.132,8.100109803921569,28.256196990424076,1.130247879616963,fixture-level distance scale anomaly (~25x)
1201.0,2025-06-17,1326965,65786,half_1,37,top,3760,hsr,5.46,6.97,137.204,5.488160000000001,5.401732283464567,5.380549019607844,19.684935437589672,0.7873974175035869,fixture-level distance scale anomaly (~25x)
1201.0,2025-06-17,1326966,65786,half_1,37,middle,3760,hsr,5.45,6.97,137.0852,5.483408,5.397055118110236,5.375890196078431,19.667890961262554,0.7867156384505022,fixture-level distance scale anomaly (~25x)
1201.0,2025-06-17,1326968,65786,half_1,43,middle,3761,hsr,5.43,5.55,136.82639999999998,5.473055999999999,5.386866141732283,5.365741176470587,24.6534054054054,0.986136216216216,fixture-level distance scale anomaly (~25x)
1201.0,2025-06-17,1326967,65786,half_1,44,bottom,3760,sprint,6.89,8.53,805.0308,32.201232,31.69412598425197,31.56983529411765,94.37641266119579,3.775056506447831,fixture-level distance scale anomaly (~25x)
1201.0,2025-06-17,1326969,65786,half_1,44,middle,3760,hsr,5.46,6.86,254.2228,10.168912,10.008771653543308,9.969521568627451,37.05871720116618,1.4823486880466472,fixture-level distance scale anomaly (~25x)
1201.0,2025-06-17,1326970,65786,half_1,46,bottom,3760,sprint,6.97,7.7,399.344,15.97376,15.72220472440945,15.660549019607842,51.86285714285714,2.0745142857142858,fixture-level distance scale anomaly (~25x)
1201.0,2025-06-17,1326971,65786,half_1,46,bottom,3760,hsr,5.42,6.92,172.9,6.916,6.807086614173229,6.780392156862745,24.985549132947977,0.9994219653179192,fixture-level distance scale anomaly (~25x)
1201.0,2025-06-17,1326974,65787,half_1,1,top,3760,hsr,5.41,6.13,820.9164000000001,32.836656000000005,32.31954330708662,32.192800000000005,133.9178466557912,5.356713866231648,fixture-level distance scale anomaly (~25x)
1201.0,2025-06-17,1326972,65787,half_1,2,top,3760,sprint,7.06,8.26,291.0656,11.642624000000001,11.459275590551183,11.41433725490196,35.237966101694916,1.409518644067797,fixture-level distance scale anomaly (~25x)
1201.0,2025-06-17,1326973,65787,half_1,4,middle,3761,sprint,6.94,7.68,420.7204,16.828816,16.56379527559055,16.498839215686274,54.78130208333333,2.1912520833333335,fixture-level distance scale anomaly (~25x)
1201.0,2025-06-17,1326975,65787,half_1,4,bottom,3761,hsr,5.43,6.9,160.89520000000002,6.435808000000001,6.3344566929133865,6.30961568627451,23.318144927536235,0.9327257971014493,fixture-level distance scale anomaly (~25x)
1201.0,2025-06-17,1326976,65787,half_1,4,middle,3761,hsr,5.51,6.94,130.9952,5.239808,5.157291338582678,5.137066666666667,18.875389048991355,0.7550155619596541,fixture-level distance scale anomaly (~25x)
1201.0,2025-06-17,1326977,65787,half_1,5,bottom,3761,hsr,5.45,5.71,166.7828,6.671312,6.566251968503938,6.540501960784314,29.20889667250438,1.1683558669001752,fixture-level distance scale anomaly (~25x)
1201.0,2025-06-17,1326979,65787,half_1,9,bottom,3761,hsr,5.49,5.94,188.2608,7.530431999999999,7.411842519685039,7.382776470588235,31.69373737373737,1.2677494949494947,fixture-level distance scale anomaly (~25x)
1201.0,2025-06-17,1326978,65787,half_1,10,bottom,3761,sprint,7.0,7.79,327.3676,13.094704,12.888488188976378,12.837945098039215,42.02408215661104,1.6809632862644417,fixture-level distance scale anomaly (~25x)
1201.0,2025-06-17,1326980,65787,half_1,11,top,3760,hsr,5.44,5.65,165.9304,6.637216,6.5326929133858265,6.507074509803921,29.368212389380528,1.174728495575221,fixture-level distance scale anomaly (~25x)
1201.0,2025-06-17,1326981,65787,half_1,11,top,3760,hsr,5.41,5.76,313.68559999999997,12.547424,12.349826771653543,12.301396078431372,54.45930555555555,2.1783722222222224,fixture-level distance scale anomaly (~25x)
1201.0,2025-06-17,1326982,65787,half_1,13,middle,3760,hsr,5.43,6.65,538.6472,21.545888,21.206582677165354,21.123419607843136,80.99957894736842,3.239983157894737,fixture-level distance scale anomaly (~25x)
1201.0,2025-06-17,1326983,65787,half_1,15,bottom,3761,hsr,5.46,6.03,218.8568,8.754272,8.616409448818898,8.582619607843137,36.294660033167496,1.4517864013267,fixture-level distance scale anomaly (~25x)
1201.0,2025-06-17,1326984,65787,half_1,16,middle,3761,hsr,5.46,6.19,359.9292,14.397167999999999,14.17044094488189,14.114870588235293,58.146882067851365,2.3258752827140547,fixture-level distance scale anomaly (~25x)
1201.0,2025-06-17,1326985,65787,half_1,21,bottom,3761,hsr,5.45,6.11,255.74,10.2296,10.068503937007875,10.029019607843138,41.85597381342062,1.6742389525368246,fixture-level distance scale anomaly (~25x)
1201.0,2025-06-17,1326986,65787,half_1,21,top,3761,hsr,5.44,5.87,175.2228,7.0089120000000005,6.898535433070867,6.871482352941177,29.850562180579217,1.1940224872231686,fixture-level distance scale anomaly (~25x)
1201.0,2025-06-17,1326987,65787,half_1,21,top,3761,hsr,5.42,6.99,440.4016,17.616063999999998,17.33864566929134,17.270650980392155,63.00452074391988,2.520180829756795,fixture-level distance scale anomaly (~25x)
1201.0,2025-06-17,1326988,65787,half_1,22,top,3760,hsr,5.43,6.94,435.8948,17.435792,17.161212598425198,17.093913725490196,62.80904899135446,2.5123619596541786,fixture-level distance scale anomaly (~25x)
1201.0,2025-06-17,1326989,65787,half_1,24,top,3760,hsr,5.51,6.01,177.41400000000002,7.09656,6.9848031496063,6.957411764705883,29.519800332778704,1.1807920133111482,fixture-level distance scale anomaly (~25x)
1201.0,2025-06-17,1326990,65787,half_1,25,bottom,3761,hsr,5.36,6.7,236.6608,9.466432,9.317354330708662,9.28081568627451,35.322507462686566,1.4129002985074626,fixture-level distance scale anomaly (~25x)
1201.0,2025-06-17,1326992,65787,half_1,27,middle,3761,hsr,5.42,5.97,281.202,11.24808,11.070944881889764,11.027529411764705,47.10251256281407,1.8841005025125628,fixture-level distance scale anomaly (~25x)
1201.0,2025-06-17,1326991,65787,half_1,29,bottom,3760,sprint,6.94,7.12,161.1916,6.447664,6.346125984251969,6.3212392156862744,22.639269662921347,0.9055707865168539,fixture-level distance scale anomaly (~25x)
1201.0,2025-06-17,1326993,65787,half_1,29,bottom,3760,hsr,5.46,6.92,472.3016,18.892064,18.594551181102364,18.52163137254902,68.25167630057804,2.7300670520231214,fixture-level distance scale anomaly (~25x)
1201.0,2025-06-17,1326994,65787,half_1,31,top,3761,sprint,6.98,7.32,228.2464,9.129856,8.986078740157481,8.950839215686274,31.181202185792348,1.247248087431694,fixture-level distance scale anomaly (~25x)
1201.0,2025-06-17,1326996,65787,half_1,31,middle,3761,hsr,5.38,6.94,213.8836,8.555344,8.420614173228348,8.387592156862745,30.818962536023054,1.2327585014409221,fixture-level distance scale anomaly (~25x)
1201.0,2025-06-17,1326997,65787,half_1,31,top,3761,hsr,5.36,6.94,201.7988,8.071952,7.9448346456692915,7.913678431372549,29.07763688760807,1.1631054755043226,fixture-level distance scale anomaly (~25x)
1201.0,2025-06-17,1326995,65787,half_1,32,middle,3761,sprint,6.95,8.43,493.5728,19.742912,19.432,19.35579607843137,58.54956109134045,2.341982443653618,fixture-level distance scale anomaly (~25x)
1201.0,2025-06-17,1326998,65787,half_1,32,middle,3760,hsr,5.42,5.94,256.4352,10.257408,10.095874015748032,10.056282352941176,43.17090909090909,1.7268363636363635,fixture-level distance scale anomaly (~25x)
1201.0,2025-06-17,1326999,65787,half_1,32,bottom,3761,hsr,5.37,6.88,158.4664,6.338655999999999,6.238834645669291,6.21436862745098,23.032906976744187,0.9213162790697673,fixture-level distance scale anomaly (~25x)
1201.0,2025-06-17,1327001,65787,half_1,39,bottom,3760,hsr,5.41,5.82,293.966,11.75864,11.573464566929134,11.528078431372549,50.50962199312715,2.0203848797250856,fixture-level distance scale anomaly (~25x)
1201.0,2025-06-17,1327000,65787,half_1,40,middle,3761,sprint,7.0,8.87,486.4736,19.458944,19.152503937007875,19.07739607843137,54.84482525366404,2.1937930101465617,fixture-level distance scale anomaly (~25x)
1201.0,2025-06-17,1327002,65787,half_1,43,middle,3761,hsr,5.43,6.72,365.6392,14.625568000000001,14.39524409448819,14.338792156862747,54.41059523809524,2.17642380952381,fixture-level distance scale anomaly (~25x)
1201.0,2025-06-17,1327003,65787,half_2,1,top,3761,sprint,6.97,7.68,323.91880000000003,12.956752000000002,12.752708661417325,12.702698039215688,42.17692708333334,1.6870770833333335,fixture-level distance scale anomaly (~25x)
1201.0,2025-06-17,1327004,65787,half_2,4,middle,3761,sprint,6.93,7.3,249.2364,9.969456000000001,9.812456692913386,9.773976470588236,34.14197260273973,1.3656789041095891,fixture-level distance scale anomaly (~25x)
1201.0,2025-06-17,1327005,65787,half_2,4,top,3760,sprint,6.94,7.7,383.7096,15.348384000000001,15.106677165354332,15.047435294117648,49.832415584415585,1.9932966233766234,fixture-level distance scale anomaly (~25x)
1201.0,2025-06-17,1327006,65787,half_2,4,middle,3761,hsr,5.37,6.9,216.1644,8.646576,8.510409448818898,8.477035294117647,31.328173913043475,1.253126956521739,fixture-level distance scale anomaly (~25x)
1201.0,2025-06-17,1327007,65787,half_2,4,middle,3760,hsr,5.39,6.89,494.4936,19.779744,19.46825196850394,19.39190588235294,71.76975326560233,2.8707901306240933,fixture-level distance scale anomaly (~25x)
1201.0,2025-06-17,1327010,65787,half_2,6,top,3760,hsr,5.48,5.93,176.2568,7.050272,6.939244094488189,6.91203137254902,29.722900505902192,1.1889160202360878,fixture-level distance scale anomaly (~25x)
1201.0,2025-06-17,1327011,65787,half_2,6,top,3760,hsr,5.49,6.88,154.83,6.193200000000001,6.0956692913385835,6.071764705882353,22.50436046511628,0.9001744186046513,fixture-level distance scale anomaly (~25x)
1201.0,2025-06-17,1327008,65787,half_2,7,top,3760,sprint,6.93,7.56,253.6768,10.147072,9.987275590551182,9.948109803921568,33.55513227513227,1.342205291005291,fixture-level distance scale anomaly (~25x)
1201.0,2025-06-17,1327009,65787,half_2,10,top,3761,sprint,6.92,9.07,881.2564000000001,35.25025600000001,34.695133858267724,34.55907450980393,97.16167585446527,3.8864670341786116,fixture-level distance scale anomaly (~25x)
1201.0,2025-06-17,1327012,65787,half_2,10,middle,3761,hsr,5.45,6.87,160.1964,6.407856000000001,6.306944881889764,6.282211764705883,23.31825327510917,0.9327301310043669,fixture-level distance scale anomaly (~25x)
1201.0,2025-06-17,1327013,65787,half_2,15,top,3760,hsr,5.43,6.74,412.2364,16.489456,16.229779527559057,16.166133333333335,61.1626706231454,2.446506824925816,fixture-level distance scale anomaly (~25x)
1201.0,2025-06-17,1327014,65787,half_2,18,middle,3760,hsr,5.42,6.63,343.3968,13.735871999999999,13.51955905511811,13.466541176470587,51.79438914027149,2.0717755656108596,fixture-level distance scale anomaly (~25x)
1201.0,2025-06-17,1327015,65787,half_2,18,middle,3761,hsr,5.46,6.41,330.98,13.2392,13.030708661417325,12.979607843137256,51.63494539781591,2.0653978159126365,fixture-level distance scale anomaly (~25x)
1201.0,2025-06-17,1327016,65787,half_2,19,top,3761,hsr,5.47,6.43,725.3960000000001,29.015840000000004,28.55889763779528,28.446901960784317,112.81430793157078,4.512572317262832,fixture-level distance scale anomaly (~25x)
1201.0,2025-06-17,1327017,65787,half_2,19,top,3760,hsr,5.5,5.85,146.1768,5.847072,5.754992125984252,5.732423529411764,24.98748717948718,0.9994994871794872,fixture-level distance scale anomaly (~25x)
1201.0,2025-06-17,1327018,65787,half_2,19,top,3761,hsr,5.44,6.19,246.0448,9.841792,9.6868031496063,9.64881568627451,39.74875605815832,1.5899502423263328,fixture-level distance scale anomaly (~25x)
1201.0,2025-06-17,1327019,65787,half_2,22,top,3761,hsr,5.42,6.22,756.716,30.26864,29.79196850393701,29.675137254901962,121.65852090032155,4.866340836012862,fixture-level distance scale anomaly (~25x)
1201.0,2025-06-17,1327020,65787,half_2,25,middle,3761,hsr,5.44,5.59,231.882,9.27528,9.129212598425198,9.093411764705882,41.48157423971378,1.659262969588551,fixture-level distance scale anomaly (~25x)
1201.0,2025-06-17,1327021,65787,half_2,28,bottom,3761,sprint,6.92,7.14,210.7456,8.429824,8.297070866141732,8.264533333333333,29.516190476190477,1.1806476190476192,fixture-level distance scale anomaly (~25x)
1201.0,2025-06-17,1327022,65787,half_2,28,bottom,3761,hsr,5.45,6.9,306.1188,12.244752,12.051921259842521,12.004658823529413,44.36504347826087,1.7746017391304347,fixture-level distance scale anomaly (~25x)
1201.0,2025-06-17,1327023,65787,half_2,28,middle,3761,hsr,5.5,6.96,150.6468,6.025872000000001,5.9309763779527565,5.907717647058824,21.644655172413795,0.8657862068965518,fixture-level distance scale anomaly (~25x)
1201.0,2025-06-17,1327024,65787,half_2,28,top,3761,hsr,5.46,6.78,514.668,20.58672,20.262519685039372,20.18305882352941,75.90973451327433,3.036389380530973,fixture-level distance scale anomaly (~25x)
1201.0,2025-06-17,1327025,65787,half_2,28,middle,3760,hsr,5.43,5.71,189.312,7.5724800000000005,7.453228346456694,7.424,33.154465849387044,1.3261786339754817,fixture-level distance scale anomaly (~25x)
1201.0,2025-06-17,1327027,65788,half_1,1,middle,3760,hsr,5.44,5.93,205.0652,8.202608,8.073433070866143,8.041772549019608,34.58097807757167,1.383239123102867,fixture-level distance scale anomaly (~25x)
1201.0,2025-06-17,1327026,65788,half_1,3,bottom,3760,sprint,6.95,7.38,301.686,12.06744,11.87740157480315,11.830823529411765,40.87886178861788,1.6351544715447155,fixture-level distance scale anomaly (~25x)
1201.0,2025-06-17,1327028,65788,half_1,3,bottom,3760,hsr,5.48,6.93,130.61360000000002,5.224544000000001,5.142267716535434,5.122101960784314,18.84756132756133,0.7539024531024533,fixture-level distance scale anomaly (~25x)
1201.0,2025-06-17,1327029,65788,half_1,3,bottom,3760,hsr,5.44,6.91,161.4852,6.459408,6.357685039370079,6.33275294117647,23.369782923299564,0.9347913169319826,fixture-level distance scale anomaly (~25x)
1201.0,2025-06-17,1327030,65788,half_1,4,bottom,3760,hsr,5.43,6.86,283.8852,11.355408,11.176582677165355,11.13275294117647,41.382682215743436,1.6553072886297375,fixture-level distance scale anomaly (~25x)
1201.0,2025-06-17,1327031,65788,half_1,4,middle,3761,hsr,5.41,6.75,353.9384,14.157536,13.934582677165356,13.87993725490196,52.43531851851852,2.0974127407407406,fixture-level distance scale anomaly (~25x)
1201.0,2025-06-17,1327032,65788,half_1,13,bottom,3761,hsr,5.48,6.62,325.13439999999997,13.005375999999998,12.800566929133858,12.75036862745098,49.11395770392749,1.9645583081570994,fixture-level distance scale anomaly (~25x)
1201.0,2025-06-17,1327033,65788,half_1,14,bottom,3761,hsr,5.64,7.78,259.0744,10.362976000000002,10.199779527559057,10.159780392156863,33.300051413881754,1.3320020565552702,fixture-level distance scale anomaly (~25x)
1201.0,2025-06-17,1327034,65788,half_1,16,middle,3761,sprint,6.97,7.33,228.3388,9.133552,8.989716535433072,8.95446274509804,31.1512687585266,1.246050750341064,fixture-level distance scale anomaly (~25x)
1201.0,2025-06-17,1327035,65788,half_1,16,bottom,3761,hsr,5.55,6.41,239.894,9.59576,9.44464566929134,9.407607843137255,37.424960998439936,1.4969984399375975,fixture-level distance scale anomaly (~25x)
1201.0,2025-06-17,1327036,65788,half_1,16,middle,3760,hsr,5.45,6.96,137.12640000000002,5.485056000000001,5.398677165354331,5.377505882352942,19.702068965517245,0.7880827586206898,fixture-level distance scale anomaly (~25x)
1201.0,2025-06-17,1327037,65788,half_1,21,top,3761,sprint,6.89,8.49,730.6176,29.224704000000003,28.764472440944886,28.651670588235294,86.05625441696114,3.4422501766784452,fixture-level distance scale anomaly (~25x)
1201.0,2025-06-17,1327038,65788,half_1,21,middle,3761,hsr,5.48,6.85,663.7468,26.549872,26.13176377952756,26.029286274509804,96.89734306569343,3.8758937226277377,fixture-level distance scale anomaly (~25x)
1201.0,2025-06-17,1327039,65788,half_1,21,top,3761,hsr,5.38,6.85,176.6352,7.065408,6.954141732283465,6.926870588235294,25.78616058394161,1.0314464233576643,fixture-level distance scale anomaly (~25x)
1201.0,2025-06-17,1327040,65788,half_1,23,bottom,3760,hsr,5.5,6.75,323.06800000000004,12.922720000000002,12.7192125984252,12.669333333333334,47.86192592592593,1.9144770370370372,fixture-level distance scale anomaly (~25x)
1201.0,2025-06-17,1327041,65788,half_1,23,middle,3761,hsr,5.46,6.19,239.8164,9.592656,9.441590551181102,9.404564705882352,38.74255250403877,1.5497021001615507,fixture-level distance scale anomaly (~25x)
1201.0,2025-06-17,1327042,65788,half_1,24,bottom,3761,hsr,5.4,6.75,489.684,19.58736,19.27889763779528,19.20329411764706,72.54577777777779,2.901831111111111,fixture-level distance scale anomaly (~25x)
1201.0,2025-06-17,1327043,65788,half_1,29,bottom,3760,hsr,5.51,6.47,252.7592,10.110368,9.951149606299213,9.912125490196079,39.06633693972179,1.5626534775888716,fixture-level distance scale anomaly (~25x)
1201.0,2025-06-17,1327044,65788,half_1,31,middle,3761,hsr,5.49,6.64,1085.272,43.41088,42.72724409448819,42.5596862745098,163.444578313253,6.53778313253012,fixture-level distance scale anomaly (~25x)
1201.0,2025-06-17,1327046,65788,half_1,31,middle,3760,hsr,5.41,6.04,690.8888000000001,27.635552000000004,27.200346456692916,27.093678431372552,114.3855629139073,4.575422516556292,fixture-level distance scale anomaly (~25x)
1201.0,2025-06-17,1327045,65788,half_1,32,middle,3761,sprint,6.95,7.16,196.85,7.874,7.75,7.719607843137255,27.493016759776534,1.0997206703910614,fixture-level distance scale anomaly (~25x)
1201.0,2025-06-17,1327047,65788,half_1,32,middle,3761,hsr,5.46,6.92,181.0404,7.2416160000000005,7.127574803149607,7.099623529411765,26.161907514450867,1.0464763005780349,fixture-level distance scale anomaly (~25x)
1201.0,2025-06-17,1327048,65788,half_1,32,middle,3761,hsr,5.47,6.94,156.2964,6.251856,6.1534015748031505,6.129270588235294,22.521095100864553,0.9008438040345821,fixture-level distance scale anomaly (~25x)
1201.0,2025-06-17,1327049,65788,half_1,33,middle,3761,hsr,5.5,7.12,434.3504,17.374015999999997,17.100409448818898,17.033349019607844,61.004269662921345,2.4401707865168536,fixture-level distance scale anomaly (~25x)
1201.0,2025-06-17,1327050,65788,half_1,35,bottom,3760,hsr,5.39,6.45,385.11,15.4044,15.161811023622048,15.102352941176472,59.70697674418604,2.388279069767442,fixture-level distance scale anomaly (~25x)
1201.0,2025-06-17,1327051,65788,half_1,36,top,3760,hsr,5.55,6.22,217.7152,8.708608,8.571464566929135,8.537850980392157,35.00244372990354,1.4000977491961415,fixture-level distance scale anomaly (~25x)
1201.0,2025-06-17,1327052,65788,half_1,44,middle,3760,hsr,5.42,6.04,574.3496,22.973984,22.612188976377954,22.523513725490197,95.09099337748344,3.803639735099338,fixture-level distance scale anomaly (~25x)
1201.0,2025-06-17,1327053,65788,half_1,45,bottom,3760,hsr,5.46,5.77,139.31359999999998,5.572543999999999,5.484787401574803,5.463278431372548,24.144471403812823,0.9657788561525129,fixture-level distance scale anomaly (~25x)
1201.0,2025-06-17,1327054,65788,half_1,46,bottom,3760,hsr,5.42,5.65,243.9112,9.756448,9.6028031496063,9.565145098039215,43.17012389380531,1.7268049557522125,fixture-level distance scale anomaly (~25x)
1201.0,2025-06-17,1327055,65788,half_2,1,top,3761,sprint,6.91,7.73,481.5816,19.263264,18.959905511811023,18.88555294117647,62.3003363518758,2.4920134540750323,fixture-level distance scale anomaly (~25x)
1201.0,2025-06-17,1327057,65788,half_2,1,middle,3760,hsr,5.56,6.91,309.8804,12.395216,12.200015748031497,12.152172549019609,44.84520984081042,1.7938083936324167,fixture-level distance scale anomaly (~25x)
1201.0,2025-06-17,1327058,65788,half_2,1,middle,3761,hsr,5.43,6.88,258.2332,10.329328,10.166661417322835,10.126792156862745,37.53389534883721,1.5013558139534884,fixture-level distance scale anomaly (~25x)
1201.0,2025-06-17,1327059,65788,half_2,2,top,3761,hsr,5.46,6.48,302.5192,12.100768,11.91020472440945,11.863498039215687,46.68506172839506,1.8674024691358024,fixture-level distance scale anomaly (~25x)
1201.0,2025-06-17,1327056,65788,half_2,4,middle,3761,sprint,6.98,8.04,597.2748,23.890992,23.514755905511812,23.422541176470588,74.2879104477612,2.9715164179104483,fixture-level distance scale anomaly (~25x)
1201.0,2025-06-17,1327060,65788,half_2,5,top,3761,hsr,5.52,6.83,281.1956,11.247824000000001,11.070692913385829,11.02727843137255,41.170658857979504,1.6468263543191803,fixture-level distance scale anomaly (~25x)
1201.0,2025-06-17,1327061,65788,half_2,7,middle,3760,sprint,7.01,7.61,270.4696,10.818784,10.6484094488189,10.606650980392157,35.54134034165572,1.4216536136662288,fixture-level distance scale anomaly (~25x)
1201.0,2025-06-17,1327062,65788,half_2,7,middle,3760,hsr,5.4,6.95,129.75959999999998,5.190383999999999,5.108645669291338,5.088611764705881,18.670446043165462,0.7468178417266186,fixture-level distance scale anomaly (~25x)
1201.0,2025-06-17,1327063,65788,half_2,10,middle,3761,hsr,5.45,6.62,458.624,18.34496,18.056062992125987,17.985254901960786,69.2785498489426,2.7711419939577038,fixture-level distance scale anomaly (~25x)
1201.0,2025-06-17,1327064,65788,half_2,11,top,3761,sprint,6.96,7.6,269.6796,10.787184,10.617307086614174,10.575670588235294,35.484157894736846,1.4193663157894738,fixture-level distance scale anomaly (~25x)
1201.0,2025-06-17,1327066,65788,half_2,11,top,3761,hsr,5.47,6.61,368.9264,14.757056,14.524661417322836,14.467701960784314,55.813373676248105,2.2325349470499245,fixture-level distance scale anomaly (~25x)
1201.0,2025-06-17,1327067,65788,half_2,11,top,3761,hsr,5.4,6.9,159.4332,6.377328,6.276897637795276,6.252282352941177,23.106260869565215,0.9242504347826087,fixture-level distance scale anomaly (~25x)
1201.0,2025-06-17,1327065,65788,half_2,12,top,3760,sprint,7.0,9.1,596.206,23.84824,23.472677165354334,23.38062745098039,65.51714285714286,2.6206857142857145,fixture-level distance scale anomaly (~25x)
1201.0,2025-06-17,1327068,65788,half_2,12,top,3761,hsr,5.51,6.9,496.048,19.841920000000002,19.529448818897638,19.452862745098038,71.89101449275363,2.875640579710145,fixture-level distance scale anomaly (~25x)
1201.0,2025-06-17,1327069,65788,half_2,13,bottom,3760,hsr,5.43,6.56,346.49440000000004,13.859776000000002,13.641511811023625,13.588015686274511,52.819268292682935,2.1127707317073177,fixture-level distance scale anomaly (~25x)
1201.0,2025-06-17,1327070,65788,half_2,14,middle,3760,hsr,5.47,6.02,224.3824,8.975296,8.833952755905512,8.799309803921568,37.27282392026578,1.4909129568106314,fixture-level distance scale anomaly (~25x)
1201.0,2025-06-17,1327071,65788,half_2,14,bottom,3760,hsr,5.58,6.15,156.0664,6.242655999999999,6.144346456692913,6.120250980392156,25.376650406504062,1.0150660162601624,fixture-level distance scale anomaly (~25x)
1201.0,2025-06-17,1327074,65788,half_2,17,top,3760,hsr,5.43,7.28,358.8704,14.354816000000001,14.128755905511813,14.073349019607845,49.29538461538461,1.9718153846153847,fixture-level distance scale anomaly (~25x)
1201.0,2025-06-17,1327075,65788,half_2,17,middle,3761,hsr,5.46,5.95,263.7616,10.550464,10.384314960629922,10.343592156862744,44.32968067226891,1.7731872268907563,fixture-level distance scale anomaly (~25x)
1201.0,2025-06-17,1327076,65788,half_2,18,top,3760,hsr,5.45,6.28,308.1588,12.326352,12.132236220472441,12.084658823529411,49.069872611464966,1.9627949044585986,fixture-level distance scale anomaly (~25x)
1201.0,2025-06-17,1327072,65788,half_2,19,bottom,3761,sprint,6.93,7.13,217.7912,8.711648,8.574456692913387,8.54083137254902,30.54575035063114,1.2218300140252456,fixture-level distance scale anomaly (~25x)
1201.0,2025-06-17,1327073,65788,half_2,19,top,3761,sprint,6.93,7.07,146.4636,5.858544,5.76628346456693,5.743670588235295,20.716209335219236,0.8286483734087694,fixture-level distance scale anomaly (~25x)
1201.0,2025-06-17,1327077,65788,half_2,19,bottom,3761,hsr,5.53,6.95,157.3264,6.293056,6.193952755905513,6.16966274509804,22.636892086330935,0.9054756834532374,fixture-level distance scale anomaly (~25x)
1201.0,2025-06-17,1327078,65788,half_2,19,middle,3761,hsr,5.44,6.91,268.332,10.73328,10.564251968503937,10.522823529411765,38.83241678726483,1.5532966714905934,fixture-level distance scale anomaly (~25x)
1201.0,2025-06-17,1327079,65788,half_2,19,middle,3761,hsr,5.47,6.91,313.36,12.5344,12.337007874015748,12.288627450980393,45.34876989869754,1.8139507959479015,fixture-level distance scale anomaly (~25x)
1201.0,2025-06-17,1327080,65788,half_2,19,top,3761,hsr,5.57,6.97,145.2868,5.811472,5.7199527559055126,5.697521568627451,20.844591104734576,0.8337836441893831,fixture-level distance scale anomaly (~25x)
1201.0,2025-06-17,1327081,65788,half_2,22,top,3761,hsr,5.44,6.05,236.7696,9.470784,9.32163779527559,9.285082352941176,39.13547107438016,1.5654188429752067,fixture-level distance scale anomaly (~25x)
1201.0,2025-06-17,1327082,65788,half_2,22,top,3761,hsr,5.5,6.63,300.93,12.0372,11.847637795275592,11.801176470588235,45.38914027149321,1.8155656108597287,fixture-level distance scale anomaly (~25x)
1201.0,2025-06-17,1327083,65788,half_2,28,middle,3761,sprint,6.91,7.37,380.7044,15.228176000000001,14.98836220472441,14.92958431372549,51.6559565807327,2.066238263229308,fixture-level distance scale anomaly (~25x)
1201.0,2025-06-17,1327086,65788,half_2,28,middle,3761,hsr,5.48,6.95,149.9044,5.996176,5.901748031496064,5.878603921568628,21.568978417266187,0.8627591366906475,fixture-level distance scale anomaly (~25x)
1201.0,2025-06-17,1327087,65788,half_2,28,top,3761,hsr,5.43,6.89,341.046,13.64184,13.427007874015748,13.37435294117647,49.49869375907112,1.9799477503628449,fixture-level distance scale anomaly (~25x)
1201.0,2025-06-17,1327084,65788,half_2,29,middle,3761,sprint,6.95,7.56,469.3596,18.774384,18.47872440944882,18.406258823529413,62.08460317460318,2.4833841269841272,fixture-level distance scale anomaly (~25x)
1201.0,2025-06-17,1327085,65788,half_2,29,middle,3760,sprint,5.3,10.36,211.184,8.44736,8.314330708661418,8.281725490196079,20.384555984555984,0.8153822393822394,fixture-level distance scale anomaly (~25x)
1201.0,2025-06-17,1327088,65788,half_2,29,middle,3760,hsr,5.35,6.92,222.0648,8.882591999999999,8.742708661417323,8.708423529411764,32.09028901734104,1.2836115606936416,fixture-level distance scale anomaly (~25x)
1201.0,2025-06-17,1327089,65788,half_2,34,top,3761,sprint,6.95,7.31,350.4728,14.018912,13.798141732283465,13.74403137254902,47.94429548563612,1.9177718194254447,fixture-level distance scale anomaly (~25x)
1201.0,2025-06-17,1327092,65788,half_2,34,middle,3761,hsr,5.4,6.92,210.7376,8.429504,8.29675590551181,8.264219607843136,30.453410404624275,1.218136416184971,fixture-level distance scale anomaly (~25x)
1201.0,2025-06-17,1327093,65788,half_2,34,top,3761,hsr,5.49,6.93,175.448,7.01792,6.90740157480315,6.880313725490196,25.317171717171718,1.0126868686868689,fixture-level distance scale anomaly (~25x)
1201.0,2025-06-17,1327090,65788,half_2,35,top,3761,sprint,7.06,8.43,399.9412,15.997648,15.74571653543307,15.68396862745098,47.442609727164886,1.8977043890865954,fixture-level distance scale anomaly (~25x)
1201.0,2025-06-17,1327091,65788,half_2,35,middle,3760,sprint,6.96,7.11,153.8664,6.154656,6.057732283464567,6.033976470588235,21.64084388185654,0.8656337552742616,fixture-level distance scale anomaly (~25x)
1201.0,2025-06-17,1327094,65788,half_2,35,middle,3760,hsr,5.46,6.94,175.2084,7.008336000000001,6.897968503937009,6.870917647058824,25.246167146974063,1.0098466858789625,fixture-level distance scale anomaly (~25x)
1201.0,2025-06-17,1327095,65788,half_2,35,middle,3760,hsr,5.46,6.95,169.0628,6.762512,6.656015748031497,6.629913725490196,24.32558273381295,0.973023309352518,fixture-level distance scale anomaly (~25x)
1201.0,2025-06-17,1327097,65788,half_2,36,middle,3760,hsr,5.49,6.06,231.4552,9.258208,9.112409448818898,9.07667450980392,38.193927392739276,1.527757095709571,fixture-level distance scale anomaly (~25x)
1201.0,2025-06-17,1327096,65788,half_2,40,middle,3761,sprint,6.96,8.02,556.0072,22.240288,21.89004724409449,21.80420392156863,69.32758104738156,2.773103241895262,fixture-level distance scale anomaly (~25x)
1201.0,2025-06-17,1327098,65788,half_2,40,top,3761,hsr,5.42,6.91,185.4228,7.416912,7.300110236220473,7.2714823529411765,26.83397973950796,1.0733591895803183,fixture-level distance scale anomaly (~25x)
1201.0,2025-06-17,1327099,65788,half_2,40,middle,3761,hsr,5.38,6.22,287.0944,11.483776,11.30292913385827,11.258603921568628,46.15665594855306,1.8462662379421224,fixture-level distance scale anomaly (~25x)
1201.0,2025-06-17,1327231,65789,half_2,1,middle,3761,hsr,5.46,5.64,138.06959999999998,5.522783999999999,5.435811023622047,5.414494117647058,24.480425531914893,0.9792170212765956,fixture-level distance scale anomaly (~25x)
1201.0,2025-06-17,1327232,65789,half_2,1,middle,3760,hsr,5.45,5.95,240.2596,9.610384,9.459039370078742,9.421945098039217,40.37976470588235,1.615190588235294,fixture-level distance scale anomaly (~25x)
1201.0,2025-06-17,1327233,65789,half_2,1,top,3761,hsr,5.43,6.51,476.3336,19.053344,18.753291338582677,18.679749019607844,73.16952380952381,2.9267809523809523,fixture-level distance scale anomaly (~25x)
1201.0,2025-06-17,1327234,65789,half_2,5,middle,3760,hsr,5.42,7.0,408.1084,16.324336000000002,16.067259842519686,16.004250980392158,58.3012,2.3320480000000003,fixture-level distance scale anomaly (~25x)
1201.0,2025-06-17,1327235,65789,half_2,10,top,3761,hsr,5.42,6.34,446.8744,17.874976,17.59348031496063,17.524486274509805,70.48492113564669,2.8193968454258678,fixture-level distance scale anomaly (~25x)
1201.0,2025-06-17,1327236,65789,half_2,13,top,3760,hsr,5.45,5.87,359.7688,14.390751999999999,14.16412598425197,14.108580392156863,61.28940374787053,2.4515761499148208,fixture-level distance scale anomaly (~25x)
1201.0,2025-06-17,1327237,65789,half_2,13,bottom,3760,hsr,5.4,6.24,805.7408,32.229632,31.72207874015748,31.59767843137255,129.12512820512822,5.165005128205128,fixture-level distance scale anomaly (~25x)
1201.0,2025-06-17,1327238,65789,half_2,15,top,3760,hsr,5.4,6.81,488.45,19.538,19.230314960629922,19.154901960784315,71.72540381791484,2.8690161527165934,fixture-level distance scale anomaly (~25x)
1201.0,2025-06-17,1327239,65789,half_2,17,middle,3760,sprint,6.93,7.92,840.4499999999999,33.617999999999995,33.088582677165356,32.95882352941176,106.11742424242424,4.244696969696969,fixture-level distance scale anomaly (~25x)
1201.0,2025-06-17,1327240,65789,half_2,17,middle,3760,hsr,5.43,6.89,186.4064,7.456256,7.338834645669292,7.310054901960784,27.054629898403483,1.0821851959361393,fixture-level distance scale anomaly (~25x)
1201.0,2025-06-17,1327241,65789,half_2,17,middle,3761,hsr,5.42,7.03,476.0312,19.041248,18.741385826771655,18.66789019607843,67.71425320056899,2.7085701280227594,fixture-level distance scale anomaly (~25x)
1201.0,2025-06-17,1327242,65789,half_2,18,middle,3761,hsr,5.41,5.81,591.1596,23.646383999999998,23.274,23.182729411764704,101.74864027538726,4.06994561101549,fixture-level distance scale anomaly (~25x)
1201.0,2025-06-17,1327244,65789,half_2,21,middle,3760,hsr,5.45,6.77,393.8664,15.754656,15.506551181102363,15.445741176470587,58.17819793205318,2.327127917282127,fixture-level distance scale anomaly (~25x)
1201.0,2025-06-17,1327245,65789,half_2,23,middle,3760,hsr,5.51,7.13,361.9276,14.477103999999999,14.249118110236221,14.193239215686274,50.761234221598876,2.030449368863955,fixture-level distance scale anomaly (~25x)
1201.0,2025-06-17,1327246,65789,half_2,23,middle,3760,hsr,5.42,6.41,378.966,15.15864,14.919921259842521,14.861411764705883,59.1210608424337,2.3648424336973477,fixture-level distance scale anomaly (~25x)
1201.0,2025-06-17,1327243,65789,half_2,24,bottom,3760,sprint,6.98,7.53,320.4768,12.819072,12.617196850393702,12.567717647058824,42.56,1.7024,fixture-level distance scale anomaly (~25x)
1201.0,2025-06-17,1327247,65789,half_2,28,top,3761,hsr,5.4,6.44,1023.072,40.92288,40.2784251968504,40.12047058823529,158.86211180124224,6.354484472049689,fixture-level distance scale anomaly (~25x)
1201.0,2025-06-17,1327248,65789,half_2,28,bottom,3760,hsr,5.43,6.77,1070.1368,42.805472,42.13137007874016,41.96614901960784,158.0704283604136,6.322817134416544,fixture-level distance scale anomaly (~25x)
1201.0,2025-06-17,1327249,65789,half_2,35,middle,3760,sprint,6.97,7.46,289.016,11.560640000000001,11.378582677165356,11.333960784313726,38.742091152815014,1.5496836461126007,fixture-level distance scale anomaly (~25x)
1201.0,2025-06-17,1327250,65789,half_2,35,top,3760,hsr,5.44,6.94,148.9796,5.9591840000000005,5.865338582677166,5.8423372549019605,21.46680115273775,0.8586720461095101,fixture-level distance scale anomaly (~25x)
1201.0,2025-06-17,1327251,65789,half_2,35,middle,3760,hsr,5.43,6.92,136.1316,5.445264,5.359511811023622,5.338494117647058,19.672196531791908,0.7868878612716763,fixture-level distance scale anomaly (~25x)
1201.0,2025-06-17,1327252,65789,half_2,40,middle,3761,hsr,5.42,6.17,595.5984,23.823936,23.44875590551181,23.3568,96.53134521880064,3.861253808752026,fixture-level distance scale anomaly (~25x)
1201.0,2025-06-17,1327253,65789,half_2,45,middle,3760,hsr,5.42,5.92,348.7576,13.950304000000001,13.730614173228348,13.676768627450981,58.91175675675676,2.3564702702702705,fixture-level distance scale anomaly (~25x)
1201.0,2025-06-17,1327254,65789,half_2,50,top,3761,hsr,5.45,6.63,521.084,20.843359999999997,20.51511811023622,20.434666666666665,78.59487179487179,3.1437948717948716,fixture-level distance scale anomaly (~25x)
