row_id,fixture_id,date,checkpoint,player_appearance_id,split
0,1159,2025-06-11,H1_15,39421,trainval
1,1159,2025-06-11,H1_15,39422,trainval
2,1159,2025-06-11,H1_15,39423,trainval
3,1159,2025-06-11,H1_15,39424,trainval
4,1159,2025-06-11,H1_15,39425,trainval
5,1159,2025-06-11,H1_15,39426,trainval
6,1159,2025-06-11,H1_15,39429,trainval
7,1159,2025-06-11,H1_15,39431,trainval
8,1159,2025-06-11,H1_15,39433,trainval
9,1159,2025-06-11,H1_15,39435,trainval
10,1159,2025-06-11,H1_15,39436,trainval
11,1159,2025-06-11,H1_15,39437,trainval
12,1159,2025-06-11,H1_15,39438,trainval
13,1159,2025-06-11,H1_15,39439,trainval
14,1159,2025-06-11,H1_15,39440,trainval
15,1159,2025-06-11,H1_15,39441,trainval
16,1159,2025-06-11,H1_15,39442,trainval
17,1159,2025-06-11,H1_15,39443,trainval
18,1159,2025-06-11,H1_15,39444,trainval
19,1159,2025-06-11,H1_15,39445,trainval
20,1159,2025-06-11,H1_15,39448,trainval
21,1159,2025-06-11,H1_15,39449,trainval
22,1159,2025-06-11,H1_30,39421,trainval
23,1159,2025-06-11,H1_30,39422,trainval
24,1159,2025-06-11,H1_30,39423,trainval
25,1159,2025-06-11,H1_30,39424,trainval
26,1159,2025-06-11,H1_30,39425,trainval
27,1159,2025-06-11,H1_30,39426,trainval
28,1159,2025-06-11,H1_30,39429,trainval
29,1159,2025-06-11,H1_30,39431,trainval
30,1159,2025-06-11,H1_30,39433,trainval
31,1159,2025-06-11,H1_30,39435,trainval
32,1159,2025-06-11,H1_30,39436,trainval
33,1159,2025-06-11,H1_30,39437,trainval
34,1159,2025-06-11,H1_30,39438,trainval
35,1159,2025-06-11,H1_30,39439,trainval
36,1159,2025-06-11,H1_30,39440,trainval
37,1159,2025-06-11,H1_30,39441,trainval
38,1159,2025-06-11,H1_30,39442,trainval
39,1159,2025-06-11,H1_30,39443,trainval
40,1159,2025-06-11,H1_30,39444,trainval
41,1159,2025-06-11,H1_30,39445,trainval
42,1159,2025-06-11,H1_30,39448,trainval
43,1159,2025-06-11,H1_30,39449,trainval
44,1159,2025-06-11,H1_45,39421,trainval
45,1159,2025-06-11,H1_45,39422,trainval
46,1159,2025-06-11,H1_45,39423,trainval
47,1159,2025-06-11,H1_45,39424,trainval
48,1159,2025-06-11,H1_45,39425,trainval
49,1159,2025-06-11,H1_45,39426,trainval
50,1159,2025-06-11,H1_45,39429,trainval
51,1159,2025-06-11,H1_45,39431,trainval
52,1159,2025-06-11,H1_45,39433,trainval
53,1159,2025-06-11,H1_45,39435,trainval
54,1159,2025-06-11,H1_45,39436,trainval
55,1159,2025-06-11,H1_45,39437,trainval
56,1159,2025-06-11,H1_45,39438,trainval
57,1159,2025-06-11,H1_45,39439,trainval
58,1159,2025-06-11,H1_45,39440,trainval
59,1159,2025-06-11,H1_45,39441,trainval
60,1159,2025-06-11,H1_45,39442,trainval
61,1159,2025-06-11,H1_45,39443,trainval
62,1159,2025-06-11,H1_45,39444,trainval
63,1159,2025-06-11,H1_45,39445,trainval
64,1159,2025-06-11,H1_45,39448,trainval
65,1159,2025-06-11,H1_45,39449,trainval
66,1159,2025-06-11,H2_15,39421,trainval
67,1159,2025-06-11,H2_15,39422,trainval
68,1159,2025-06-11,H2_15,39423,trainval
69,1159,2025-06-11,H2_15,39424,trainval
70,1159,2025-06-11,H2_15,39425,trainval
71,1159,2025-06-11,H2_15,39426,trainval
72,1159,2025-06-11,H2_15,39429,trainval
73,1159,2025-06-11,H2_15,39431,trainval
74,1159,2025-06-11,H2_15,39433,trainval
75,1159,2025-06-11,H2_15,39435,trainval
76,1159,2025-06-11,H2_15,39436,trainval
77,1159,2025-06-11,H2_15,39437,trainval
78,1159,2025-06-11,H2_15,39438,trainval
79,1159,2025-06-11,H2_15,39439,trainval
80,1159,2025-06-11,H2_15,39440,trainval
81,1159,2025-06-11,H2_15,39441,trainval
82,1159,2025-06-11,H2_15,39442,trainval
83,1159,2025-06-11,H2_15,39443,trainval
84,1159,2025-06-11,H2_15,39444,trainval
85,1159,2025-06-11,H2_15,39448,trainval
86,1159,2025-06-11,H2_15,39451,trainval
87,1159,2025-06-11,H2_15,39452,trainval
88,1159,2025-06-11,H2_30,39421,trainval
89,1159,2025-06-11,H2_30,39422,trainval
90,1159,2025-06-11,H2_30,39423,trainval
91,1159,2025-06-11,H2_30,39424,trainval
92,1159,2025-06-11,H2_30,39425,trainval
93,1159,2025-06-11,H2_30,39426,trainval
94,1159,2025-06-11,H2_30,39429,trainval
95,1159,2025-06-11,H2_30,39431,trainval
96,1159,2025-06-11,H2_30,39433,trainval
97,1159,2025-06-11,H2_30,39435,trainval
98,1159,2025-06-11,H2_30,39436,trainval
99,1159,2025-06-11,H2_30,39437,trainval
100,1159,2025-06-11,H2_30,39438,trainval
101,1159,2025-06-11,H2_30,39439,trainval
102,1159,2025-06-11,H2_30,39440,trainval
103,1159,2025-06-11,H2_30,39441,trainval
104,1159,2025-06-11,H2_30,39442,trainval
105,1159,2025-06-11,H2_30,39443,trainval
106,1159,2025-06-11,H2_30,39446,trainval
107,1159,2025-06-11,H2_30,39450,trainval
108,1159,2025-06-11,H2_30,39451,trainval
109,1159,2025-06-11,H2_30,39452,trainval
110,1160,2025-06-11,H1_15,39467,trainval
111,1160,2025-06-11,H1_15,39468,trainval
112,1160,2025-06-11,H1_15,39469,trainval
113,1160,2025-06-11,H1_15,39470,trainval
114,1160,2025-06-11,H1_15,39471,trainval
115,1160,2025-06-11,H1_15,39472,trainval
116,1160,2025-06-11,H1_15,39473,trainval
117,1160,2025-06-11,H1_15,39476,trainval
118,1160,2025-06-11,H1_15,39477,trainval
119,1160,2025-06-11,H1_15,39479,trainval
120,1160,2025-06-11,H1_15,39480,trainval
121,1160,2025-06-11,H1_15,39482,trainval
122,1160,2025-06-11,H1_15,39484,trainval
123,1160,2025-06-11,H1_15,39485,trainval
124,1160,2025-06-11,H1_15,39486,trainval
125,1160,2025-06-11,H1_15,39487,trainval
126,1160,2025-06-11,H1_15,39488,trainval
127,1160,2025-06-11,H1_15,39489,trainval
128,1160,2025-06-11,H1_15,39491,trainval
129,1160,2025-06-11,H1_15,39493,trainval
130,1160,2025-06-11,H1_15,39494,trainval
131,1160,2025-06-11,H1_15,39496,trainval
132,1160,2025-06-11,H1_30,39467,trainval
133,1160,2025-06-11,H1_30,39468,trainval
134,1160,2025-06-11,H1_30,39469,trainval
135,1160,2025-06-11,H1_30,39470,trainval
136,1160,2025-06-11,H1_30,39471,trainval
137,1160,2025-06-11,H1_30,39472,trainval
138,1160,2025-06-11,H1_30,39473,trainval
139,1160,2025-06-11,H1_30,39476,trainval
140,1160,2025-06-11,H1_30,39477,trainval
141,1160,2025-06-11,H1_30,39479,trainval
142,1160,2025-06-11,H1_30,39480,trainval
143,1160,2025-06-11,H1_30,39482,trainval
144,1160,2025-06-11,H1_30,39484,trainval
145,1160,2025-06-11,H1_30,39485,trainval
146,1160,2025-06-11,H1_30,39486,trainval
147,1160,2025-06-11,H1_30,39487,trainval
148,1160,2025-06-11,H1_30,39488,trainval
149,1160,2025-06-11,H1_30,39489,trainval
150,1160,2025-06-11,H1_30,39491,trainval
151,1160,2025-06-11,H1_30,39493,trainval
152,1160,2025-06-11,H1_30,39494,trainval
153,1160,2025-06-11,H1_30,39496,trainval
154,1160,2025-06-11,H1_45,39467,trainval
155,1160,2025-06-11,H1_45,39468,trainval
156,1160,2025-06-11,H1_45,39469,trainval
157,1160,2025-06-11,H1_45,39470,trainval
158,1160,2025-06-11,H1_45,39471,trainval
159,1160,2025-06-11,H1_45,39472,trainval
160,1160,2025-06-11,H1_45,39473,trainval
161,1160,2025-06-11,H1_45,39476,trainval
162,1160,2025-06-11,H1_45,39477,trainval
163,1160,2025-06-11,H1_45,39479,trainval
164,1160,2025-06-11,H1_45,39480,trainval
165,1160,2025-06-11,H1_45,39482,trainval
166,1160,2025-06-11,H1_45,39484,trainval
167,1160,2025-06-11,H1_45,39485,trainval
168,1160,2025-06-11,H1_45,39486,trainval
169,1160,2025-06-11,H1_45,39487,trainval
170,1160,2025-06-11,H1_45,39488,trainval
171,1160,2025-06-11,H1_45,39489,trainval
172,1160,2025-06-11,H1_45,39491,trainval
173,1160,2025-06-11,H1_45,39493,trainval
174,1160,2025-06-11,H1_45,39494,trainval
175,1160,2025-06-11,H1_45,39496,trainval
176,1160,2025-06-11,H2_15,39467,trainval
177,1160,2025-06-11,H2_15,39468,trainval
178,1160,2025-06-11,H2_15,39469,trainval
179,1160,2025-06-11,H2_15,39470,trainval
180,1160,2025-06-11,H2_15,39471,trainval
181,1160,2025-06-11,H2_15,39472,trainval
182,1160,2025-06-11,H2_15,39473,trainval
183,1160,2025-06-11,H2_15,39476,trainval
184,1160,2025-06-11,H2_15,39477,trainval
185,1160,2025-06-11,H2_15,39479,trainval
186,1160,2025-06-11,H2_15,39480,trainval
187,1160,2025-06-11,H2_15,39482,trainval
188,1160,2025-06-11,H2_15,39485,trainval
189,1160,2025-06-11,H2_15,39486,trainval
190,1160,2025-06-11,H2_15,39487,trainval
191,1160,2025-06-11,H2_15,39488,trainval
192,1160,2025-06-11,H2_15,39489,trainval
193,1160,2025-06-11,H2_15,39490,trainval
194,1160,2025-06-11,H2_15,39491,trainval
195,1160,2025-06-11,H2_15,39493,trainval
196,1160,2025-06-11,H2_15,39496,trainval
197,1160,2025-06-11,H2_15,39497,trainval
198,1160,2025-06-11,H2_30,39467,trainval
199,1160,2025-06-11,H2_30,39468,trainval
200,1160,2025-06-11,H2_30,39469,trainval
201,1160,2025-06-11,H2_30,39470,trainval
202,1160,2025-06-11,H2_30,39471,trainval
203,1160,2025-06-11,H2_30,39472,trainval
204,1160,2025-06-11,H2_30,39473,trainval
205,1160,2025-06-11,H2_30,39474,trainval
206,1160,2025-06-11,H2_30,39475,trainval
207,1160,2025-06-11,H2_30,39477,trainval
208,1160,2025-06-11,H2_30,39479,trainval
209,1160,2025-06-11,H2_30,39482,trainval
210,1160,2025-06-11,H2_30,39483,trainval
211,1160,2025-06-11,H2_30,39485,trainval
212,1160,2025-06-11,H2_30,39486,trainval
213,1160,2025-06-11,H2_30,39488,trainval
214,1160,2025-06-11,H2_30,39489,trainval
215,1160,2025-06-11,H2_30,39490,trainval
216,1160,2025-06-11,H2_30,39491,trainval
217,1160,2025-06-11,H2_30,39495,trainval
218,1160,2025-06-11,H2_30,39496,trainval
219,1160,2025-06-11,H2_30,39497,trainval
220,1161,2025-06-11,H1_15,65575,trainval
221,1161,2025-06-11,H1_15,65576,trainval
222,1161,2025-06-11,H1_15,65577,trainval
223,1161,2025-06-11,H1_15,65580,trainval
224,1161,2025-06-11,H1_15,65581,trainval
225,1161,2025-06-11,H1_15,65582,trainval
226,1161,2025-06-11,H1_15,65584,trainval
227,1161,2025-06-11,H1_15,65585,trainval
228,1161,2025-06-11,H1_15,65586,trainval
229,1161,2025-06-11,H1_15,65587,trainval
230,1161,2025-06-11,H1_15,65588,trainval
231,1161,2025-06-11,H1_15,65592,trainval
232,1161,2025-06-11,H1_15,65593,trainval
233,1161,2025-06-11,H1_15,65594,trainval
234,1161,2025-06-11,H1_15,65596,trainval
235,1161,2025-06-11,H1_15,65597,trainval
236,1161,2025-06-11,H1_15,65599,trainval
237,1161,2025-06-11,H1_15,65600,trainval
238,1161,2025-06-11,H1_15,65601,trainval
239,1161,2025-06-11,H1_15,65602,trainval
240,1161,2025-06-11,H1_15,65603,trainval
241,1161,2025-06-11,H1_15,65606,trainval
242,1161,2025-06-11,H1_30,65575,trainval
243,1161,2025-06-11,H1_30,65576,trainval
244,1161,2025-06-11,H1_30,65577,trainval
245,1161,2025-06-11,H1_30,65580,trainval
246,1161,2025-06-11,H1_30,65581,trainval
247,1161,2025-06-11,H1_30,65582,trainval
248,1161,2025-06-11,H1_30,65584,trainval
249,1161,2025-06-11,H1_30,65585,trainval
250,1161,2025-06-11,H1_30,65586,trainval
251,1161,2025-06-11,H1_30,65587,trainval
252,1161,2025-06-11,H1_30,65588,trainval
253,1161,2025-06-11,H1_30,65592,trainval
254,1161,2025-06-11,H1_30,65593,trainval
255,1161,2025-06-11,H1_30,65594,trainval
256,1161,2025-06-11,H1_30,65596,trainval
257,1161,2025-06-11,H1_30,65597,trainval
258,1161,2025-06-11,H1_30,65599,trainval
259,1161,2025-06-11,H1_30,65600,trainval
260,1161,2025-06-11,H1_30,65601,trainval
261,1161,2025-06-11,H1_30,65602,trainval
262,1161,2025-06-11,H1_30,65603,trainval
263,1161,2025-06-11,H1_30,65606,trainval
264,1161,2025-06-11,H1_45,65575,trainval
265,1161,2025-06-11,H1_45,65576,trainval
266,1161,2025-06-11,H1_45,65577,trainval
267,1161,2025-06-11,H1_45,65580,trainval
268,1161,2025-06-11,H1_45,65581,trainval
269,1161,2025-06-11,H1_45,65582,trainval
270,1161,2025-06-11,H1_45,65584,trainval
271,1161,2025-06-11,H1_45,65585,trainval
272,1161,2025-06-11,H1_45,65586,trainval
273,1161,2025-06-11,H1_45,65587,trainval
274,1161,2025-06-11,H1_45,65588,trainval
275,1161,2025-06-11,H1_45,65592,trainval
276,1161,2025-06-11,H1_45,65593,trainval
277,1161,2025-06-11,H1_45,65594,trainval
278,1161,2025-06-11,H1_45,65596,trainval
279,1161,2025-06-11,H1_45,65597,trainval
280,1161,2025-06-11,H1_45,65599,trainval
281,1161,2025-06-11,H1_45,65600,trainval
282,1161,2025-06-11,H1_45,65601,trainval
283,1161,2025-06-11,H1_45,65602,trainval
284,1161,2025-06-11,H1_45,65603,trainval
285,1161,2025-06-11,H1_45,65606,trainval
286,1161,2025-06-11,H2_15,65575,trainval
287,1161,2025-06-11,H2_15,65576,trainval
288,1161,2025-06-11,H2_15,65577,trainval
289,1161,2025-06-11,H2_15,65580,trainval
290,1161,2025-06-11,H2_15,65581,trainval
291,1161,2025-06-11,H2_15,65582,trainval
292,1161,2025-06-11,H2_15,65584,trainval
293,1161,2025-06-11,H2_15,65585,trainval
294,1161,2025-06-11,H2_15,65586,trainval
295,1161,2025-06-11,H2_15,65587,trainval
296,1161,2025-06-11,H2_15,65588,trainval
297,1161,2025-06-11,H2_15,65592,trainval
298,1161,2025-06-11,H2_15,65593,trainval
299,1161,2025-06-11,H2_15,65594,trainval
300,1161,2025-06-11,H2_15,65596,trainval
301,1161,2025-06-11,H2_15,65597,trainval
302,1161,2025-06-11,H2_15,65599,trainval
303,1161,2025-06-11,H2_15,65600,trainval
304,1161,2025-06-11,H2_15,65601,trainval
305,1161,2025-06-11,H2_15,65602,trainval
306,1161,2025-06-11,H2_15,65603,trainval
307,1161,2025-06-11,H2_15,65606,trainval
308,1161,2025-06-11,H2_30,65575,trainval
309,1161,2025-06-11,H2_30,65576,trainval
310,1161,2025-06-11,H2_30,65577,trainval
311,1161,2025-06-11,H2_30,65579,trainval
312,1161,2025-06-11,H2_30,65580,trainval
313,1161,2025-06-11,H2_30,65585,trainval
314,1161,2025-06-11,H2_30,65586,trainval
315,1161,2025-06-11,H2_30,65587,trainval
316,1161,2025-06-11,H2_30,65588,trainval
317,1161,2025-06-11,H2_30,65589,trainval
318,1161,2025-06-11,H2_30,65590,trainval
319,1161,2025-06-11,H2_30,65592,trainval
320,1161,2025-06-11,H2_30,65594,trainval
321,1161,2025-06-11,H2_30,65595,trainval
322,1161,2025-06-11,H2_30,65596,trainval
323,1161,2025-06-11,H2_30,65597,trainval
324,1161,2025-06-11,H2_30,65598,trainval
325,1161,2025-06-11,H2_30,65599,trainval
326,1161,2025-06-11,H2_30,65600,trainval
327,1161,2025-06-11,H2_30,65601,trainval
328,1161,2025-06-11,H2_30,65602,trainval
329,1161,2025-06-11,H2_30,65606,trainval
330,1162,2025-06-11,H1_15,39558,trainval
331,1162,2025-06-11,H1_15,39559,trainval
332,1162,2025-06-11,H1_15,39560,trainval
333,1162,2025-06-11,H1_15,39561,trainval
334,1162,2025-06-11,H1_15,39562,trainval
335,1162,2025-06-11,H1_15,39563,trainval
336,1162,2025-06-11,H1_15,39564,trainval
337,1162,2025-06-11,H1_15,39565,trainval
338,1162,2025-06-11,H1_15,39566,trainval
339,1162,2025-06-11,H1_15,39568,trainval
340,1162,2025-06-11,H1_15,39571,trainval
341,1162,2025-06-11,H1_15,39573,trainval
342,1162,2025-06-11,H1_15,39574,trainval
343,1162,2025-06-11,H1_15,39575,trainval
344,1162,2025-06-11,H1_15,39576,trainval
345,1162,2025-06-11,H1_15,39577,trainval
346,1162,2025-06-11,H1_15,39578,trainval
347,1162,2025-06-11,H1_15,39579,trainval
348,1162,2025-06-11,H1_15,39580,trainval
349,1162,2025-06-11,H1_15,39582,trainval
350,1162,2025-06-11,H1_15,39584,trainval
351,1162,2025-06-11,H1_15,39585,trainval
352,1162,2025-06-11,H1_30,39558,trainval
353,1162,2025-06-11,H1_30,39559,trainval
354,1162,2025-06-11,H1_30,39560,trainval
355,1162,2025-06-11,H1_30,39561,trainval
356,1162,2025-06-11,H1_30,39562,trainval
357,1162,2025-06-11,H1_30,39563,trainval
358,1162,2025-06-11,H1_30,39564,trainval
359,1162,2025-06-11,H1_30,39565,trainval
360,1162,2025-06-11,H1_30,39566,trainval
361,1162,2025-06-11,H1_30,39568,trainval
362,1162,2025-06-11,H1_30,39571,trainval
363,1162,2025-06-11,H1_30,39573,trainval
364,1162,2025-06-11,H1_30,39574,trainval
365,1162,2025-06-11,H1_30,39575,trainval
366,1162,2025-06-11,H1_30,39576,trainval
367,1162,2025-06-11,H1_30,39577,trainval
368,1162,2025-06-11,H1_30,39578,trainval
369,1162,2025-06-11,H1_30,39579,trainval
370,1162,2025-06-11,H1_30,39580,trainval
371,1162,2025-06-11,H1_30,39582,trainval
372,1162,2025-06-11,H1_30,39584,trainval
373,1162,2025-06-11,H1_30,39585,trainval
374,1162,2025-06-11,H1_45,39558,trainval
375,1162,2025-06-11,H1_45,39559,trainval
376,1162,2025-06-11,H1_45,39560,trainval
377,1162,2025-06-11,H1_45,39561,trainval
378,1162,2025-06-11,H1_45,39562,trainval
379,1162,2025-06-11,H1_45,39563,trainval
380,1162,2025-06-11,H1_45,39564,trainval
381,1162,2025-06-11,H1_45,39565,trainval
382,1162,2025-06-11,H1_45,39566,trainval
383,1162,2025-06-11,H1_45,39568,trainval
384,1162,2025-06-11,H1_45,39571,trainval
385,1162,2025-06-11,H1_45,39573,trainval
386,1162,2025-06-11,H1_45,39574,trainval
387,1162,2025-06-11,H1_45,39575,trainval
388,1162,2025-06-11,H1_45,39576,trainval
389,1162,2025-06-11,H1_45,39577,trainval
390,1162,2025-06-11,H1_45,39578,trainval
391,1162,2025-06-11,H1_45,39579,trainval
392,1162,2025-06-11,H1_45,39580,trainval
393,1162,2025-06-11,H1_45,39582,trainval
394,1162,2025-06-11,H1_45,39584,trainval
395,1162,2025-06-11,H1_45,39585,trainval
396,1162,2025-06-11,H2_15,39558,trainval
397,1162,2025-06-11,H2_15,39559,trainval
398,1162,2025-06-11,H2_15,39560,trainval
399,1162,2025-06-11,H2_15,39561,trainval
400,1162,2025-06-11,H2_15,39563,trainval
401,1162,2025-06-11,H2_15,39564,trainval
402,1162,2025-06-11,H2_15,39565,trainval
403,1162,2025-06-11,H2_15,39566,trainval
404,1162,2025-06-11,H2_15,39567,trainval
405,1162,2025-06-11,H2_15,39568,trainval
406,1162,2025-06-11,H2_15,39571,trainval
407,1162,2025-06-11,H2_15,39573,trainval
408,1162,2025-06-11,H2_15,39574,trainval
409,1162,2025-06-11,H2_15,39575,trainval
410,1162,2025-06-11,H2_15,39576,trainval
411,1162,2025-06-11,H2_15,39577,trainval
412,1162,2025-06-11,H2_15,39578,trainval
413,1162,2025-06-11,H2_15,39579,trainval
414,1162,2025-06-11,H2_15,39580,trainval
415,1162,2025-06-11,H2_15,39582,trainval
416,1162,2025-06-11,H2_15,39584,trainval
417,1162,2025-06-11,H2_15,39585,trainval
418,1162,2025-06-11,H2_30,39558,trainval
419,1162,2025-06-11,H2_30,39559,trainval
420,1162,2025-06-11,H2_30,39560,trainval
421,1162,2025-06-11,H2_30,39561,trainval
422,1162,2025-06-11,H2_30,39563,trainval
423,1162,2025-06-11,H2_30,39564,trainval
424,1162,2025-06-11,H2_30,39565,trainval
425,1162,2025-06-11,H2_30,39566,trainval
426,1162,2025-06-11,H2_30,39567,trainval
427,1162,2025-06-11,H2_30,39570,trainval
428,1162,2025-06-11,H2_30,39572,trainval
429,1162,2025-06-11,H2_30,39573,trainval
430,1162,2025-06-11,H2_30,39574,trainval
431,1162,2025-06-11,H2_30,39575,trainval
432,1162,2025-06-11,H2_30,39576,trainval
433,1162,2025-06-11,H2_30,39577,trainval
434,1162,2025-06-11,H2_30,39578,trainval
435,1162,2025-06-11,H2_30,39580,trainval
436,1162,2025-06-11,H2_30,39582,trainval
437,1162,2025-06-11,H2_30,39584,trainval
438,1162,2025-06-11,H2_30,39585,trainval
439,1162,2025-06-11,H2_30,39586,trainval
440,1163,2025-06-12,H1_15,39604,trainval
441,1163,2025-06-12,H1_15,39605,trainval
442,1163,2025-06-12,H1_15,39606,trainval
443,1163,2025-06-12,H1_15,39607,trainval
444,1163,2025-06-12,H1_15,39608,trainval
445,1163,2025-06-12,H1_15,39609,trainval
446,1163,2025-06-12,H1_15,39610,trainval
447,1163,2025-06-12,H1_15,39613,trainval
448,1163,2025-06-12,H1_15,39614,trainval
449,1163,2025-06-12,H1_15,39615,trainval
450,1163,2025-06-12,H1_15,39616,trainval
451,1163,2025-06-12,H1_15,39617,trainval
452,1163,2025-06-12,H1_15,39618,trainval
453,1163,2025-06-12,H1_15,39619,trainval
454,1163,2025-06-12,H1_15,39620,trainval
455,1163,2025-06-12,H1_15,39621,trainval
456,1163,2025-06-12,H1_15,39622,trainval
457,1163,2025-06-12,H1_15,39623,trainval
458,1163,2025-06-12,H1_15,39624,trainval
459,1163,2025-06-12,H1_15,39625,trainval
460,1163,2025-06-12,H1_15,39626,trainval
461,1163,2025-06-12,H1_15,39627,trainval
462,1163,2025-06-12,H1_30,39604,trainval
463,1163,2025-06-12,H1_30,39605,trainval
464,1163,2025-06-12,H1_30,39606,trainval
465,1163,2025-06-12,H1_30,39607,trainval
466,1163,2025-06-12,H1_30,39608,trainval
467,1163,2025-06-12,H1_30,39609,trainval
468,1163,2025-06-12,H1_30,39610,trainval
469,1163,2025-06-12,H1_30,39613,trainval
470,1163,2025-06-12,H1_30,39614,trainval
471,1163,2025-06-12,H1_30,39615,trainval
472,1163,2025-06-12,H1_30,39616,trainval
473,1163,2025-06-12,H1_30,39617,trainval
474,1163,2025-06-12,H1_30,39618,trainval
475,1163,2025-06-12,H1_30,39619,trainval
476,1163,2025-06-12,H1_30,39620,trainval
477,1163,2025-06-12,H1_30,39621,trainval
478,1163,2025-06-12,H1_30,39622,trainval
479,1163,2025-06-12,H1_30,39623,trainval
480,1163,2025-06-12,H1_30,39624,trainval
481,1163,2025-06-12,H1_30,39625,trainval
482,1163,2025-06-12,H1_30,39626,trainval
483,1163,2025-06-12,H1_30,39627,trainval
484,1163,2025-06-12,H1_45,39604,trainval
485,1163,2025-06-12,H1_45,39605,trainval
486,1163,2025-06-12,H1_45,39606,trainval
487,1163,2025-06-12,H1_45,39607,trainval
488,1163,2025-06-12,H1_45,39608,trainval
489,1163,2025-06-12,H1_45,39609,trainval
490,1163,2025-06-12,H1_45,39610,trainval
491,1163,2025-06-12,H1_45,39613,trainval
492,1163,2025-06-12,H1_45,39614,trainval
493,1163,2025-06-12,H1_45,39615,trainval
494,1163,2025-06-12,H1_45,39616,trainval
495,1163,2025-06-12,H1_45,39617,trainval
496,1163,2025-06-12,H1_45,39618,trainval
497,1163,2025-06-12,H1_45,39619,trainval
498,1163,2025-06-12,H1_45,39620,trainval
499,1163,2025-06-12,H1_45,39621,trainval
500,1163,2025-06-12,H1_45,39622,trainval
501,1163,2025-06-12,H1_45,39623,trainval
502,1163,2025-06-12,H1_45,39624,trainval
503,1163,2025-06-12,H1_45,39625,trainval
504,1163,2025-06-12,H1_45,39626,trainval
505,1163,2025-06-12,H1_45,39627,trainval
506,1163,2025-06-12,H2_15,39604,trainval
507,1163,2025-06-12,H2_15,39605,trainval
508,1163,2025-06-12,H2_15,39606,trainval
509,1163,2025-06-12,H2_15,39607,trainval
510,1163,2025-06-12,H2_15,39608,trainval
511,1163,2025-06-12,H2_15,39609,trainval
512,1163,2025-06-12,H2_15,39610,trainval
513,1163,2025-06-12,H2_15,39613,trainval
514,1163,2025-06-12,H2_15,39614,trainval
515,1163,2025-06-12,H2_15,39615,trainval
516,1163,2025-06-12,H2_15,39616,trainval
517,1163,2025-06-12,H2_15,39617,trainval
518,1163,2025-06-12,H2_15,39618,trainval
519,1163,2025-06-12,H2_15,39619,trainval
520,1163,2025-06-12,H2_15,39620,trainval
521,1163,2025-06-12,H2_15,39622,trainval
522,1163,2025-06-12,H2_15,39623,trainval
523,1163,2025-06-12,H2_15,39624,trainval
524,1163,2025-06-12,H2_15,39625,trainval
525,1163,2025-06-12,H2_15,39626,trainval
526,1163,2025-06-12,H2_15,39627,trainval
527,1163,2025-06-12,H2_15,39631,trainval
528,1163,2025-06-12,H2_30,39604,trainval
529,1163,2025-06-12,H2_30,39605,trainval
530,1163,2025-06-12,H2_30,39606,trainval
531,1163,2025-06-12,H2_30,39607,trainval
532,1163,2025-06-12,H2_30,39611,trainval
533,1163,2025-06-12,H2_30,39612,trainval
534,1163,2025-06-12,H2_30,39613,trainval
535,1163,2025-06-12,H2_30,39614,trainval
536,1163,2025-06-12,H2_30,39615,trainval
537,1163,2025-06-12,H2_30,39616,trainval
538,1163,2025-06-12,H2_30,39617,trainval
539,1163,2025-06-12,H2_30,39618,trainval
540,1163,2025-06-12,H2_30,39619,trainval
541,1163,2025-06-12,H2_30,39620,trainval
542,1163,2025-06-12,H2_30,39623,trainval
543,1163,2025-06-12,H2_30,39624,trainval
544,1163,2025-06-12,H2_30,39625,trainval
545,1163,2025-06-12,H2_30,39627,trainval
546,1163,2025-06-12,H2_30,39629,trainval
547,1163,2025-06-12,H2_30,39631,trainval
548,1163,2025-06-12,H2_30,39639,trainval
549,1163,2025-06-12,H2_30,39646,trainval
550,1164,2025-06-12,H1_15,39649,trainval
551,1164,2025-06-12,H1_15,39650,trainval
552,1164,2025-06-12,H1_15,39651,trainval
553,1164,2025-06-12,H1_15,39653,trainval
554,1164,2025-06-12,H1_15,39654,trainval
555,1164,2025-06-12,H1_15,39656,trainval
556,1164,2025-06-12,H1_15,39658,trainval
557,1164,2025-06-12,H1_15,39659,trainval
558,1164,2025-06-12,H1_15,39660,trainval
559,1164,2025-06-12,H1_15,39662,trainval
560,1164,2025-06-12,H1_15,39663,trainval
561,1164,2025-06-12,H1_15,39664,trainval
562,1164,2025-06-12,H1_15,39665,trainval
563,1164,2025-06-12,H1_15,39666,trainval
564,1164,2025-06-12,H1_15,39667,trainval
565,1164,2025-06-12,H1_15,39668,trainval
566,1164,2025-06-12,H1_15,39669,trainval
567,1164,2025-06-12,H1_15,39670,trainval
568,1164,2025-06-12,H1_15,39671,trainval
569,1164,2025-06-12,H1_15,39673,trainval
570,1164,2025-06-12,H1_15,39674,trainval
571,1164,2025-06-12,H1_15,39676,trainval
572,1164,2025-06-12,H1_30,39649,trainval
573,1164,2025-06-12,H1_30,39650,trainval
574,1164,2025-06-12,H1_30,39651,trainval
575,1164,2025-06-12,H1_30,39653,trainval
576,1164,2025-06-12,H1_30,39654,trainval
577,1164,2025-06-12,H1_30,39656,trainval
578,1164,2025-06-12,H1_30,39658,trainval
579,1164,2025-06-12,H1_30,39659,trainval
580,1164,2025-06-12,H1_30,39660,trainval
581,1164,2025-06-12,H1_30,39662,trainval
582,1164,2025-06-12,H1_30,39663,trainval
583,1164,2025-06-12,H1_30,39664,trainval
584,1164,2025-06-12,H1_30,39665,trainval
585,1164,2025-06-12,H1_30,39666,trainval
586,1164,2025-06-12,H1_30,39667,trainval
587,1164,2025-06-12,H1_30,39668,trainval
588,1164,2025-06-12,H1_30,39669,trainval
589,1164,2025-06-12,H1_30,39670,trainval
590,1164,2025-06-12,H1_30,39671,trainval
591,1164,2025-06-12,H1_30,39673,trainval
592,1164,2025-06-12,H1_30,39674,trainval
593,1164,2025-06-12,H1_30,39676,trainval
594,1164,2025-06-12,H1_45,39649,trainval
595,1164,2025-06-12,H1_45,39650,trainval
596,1164,2025-06-12,H1_45,39651,trainval
597,1164,2025-06-12,H1_45,39653,trainval
598,1164,2025-06-12,H1_45,39654,trainval
599,1164,2025-06-12,H1_45,39656,trainval
600,1164,2025-06-12,H1_45,39658,trainval
601,1164,2025-06-12,H1_45,39659,trainval
602,1164,2025-06-12,H1_45,39660,trainval
603,1164,2025-06-12,H1_45,39662,trainval
604,1164,2025-06-12,H1_45,39663,trainval
605,1164,2025-06-12,H1_45,39664,trainval
606,1164,2025-06-12,H1_45,39665,trainval
607,1164,2025-06-12,H1_45,39666,trainval
608,1164,2025-06-12,H1_45,39667,trainval
609,1164,2025-06-12,H1_45,39668,trainval
610,1164,2025-06-12,H1_45,39669,trainval
611,1164,2025-06-12,H1_45,39670,trainval
612,1164,2025-06-12,H1_45,39671,trainval
613,1164,2025-06-12,H1_45,39673,trainval
614,1164,2025-06-12,H1_45,39674,trainval
615,1164,2025-06-12,H1_45,39676,trainval
616,1164,2025-06-12,H2_15,39649,trainval
617,1164,2025-06-12,H2_15,39650,trainval
618,1164,2025-06-12,H2_15,39651,trainval
619,1164,2025-06-12,H2_15,39653,trainval
620,1164,2025-06-12,H2_15,39654,trainval
621,1164,2025-06-12,H2_15,39655,trainval
622,1164,2025-06-12,H2_15,39656,trainval
623,1164,2025-06-12,H2_15,39658,trainval
624,1164,2025-06-12,H2_15,39660,trainval
625,1164,2025-06-12,H2_15,39662,trainval
626,1164,2025-06-12,H2_15,39663,trainval
627,1164,2025-06-12,H2_15,39664,trainval
628,1164,2025-06-12,H2_15,39665,trainval
629,1164,2025-06-12,H2_15,39666,trainval
630,1164,2025-06-12,H2_15,39667,trainval
631,1164,2025-06-12,H2_15,39669,trainval
632,1164,2025-06-12,H2_15,39670,trainval
633,1164,2025-06-12,H2_15,39671,trainval
634,1164,2025-06-12,H2_15,39673,trainval
635,1164,2025-06-12,H2_15,39676,trainval
636,1164,2025-06-12,H2_15,39677,trainval
637,1164,2025-06-12,H2_15,39679,trainval
638,1164,2025-06-12,H2_30,39649,trainval
639,1164,2025-06-12,H2_30,39650,trainval
640,1164,2025-06-12,H2_30,39651,trainval
641,1164,2025-06-12,H2_30,39653,trainval
642,1164,2025-06-12,H2_30,39655,trainval
643,1164,2025-06-12,H2_30,39656,trainval
644,1164,2025-06-12,H2_30,39657,trainval
645,1164,2025-06-12,H2_30,39658,trainval
646,1164,2025-06-12,H2_30,39660,trainval
647,1164,2025-06-12,H2_30,39661,trainval
648,1164,2025-06-12,H2_30,39662,trainval
649,1164,2025-06-12,H2_30,39664,trainval
650,1164,2025-06-12,H2_30,39665,trainval
651,1164,2025-06-12,H2_30,39666,trainval
652,1164,2025-06-12,H2_30,39667,trainval
653,1164,2025-06-12,H2_30,39669,trainval
654,1164,2025-06-12,H2_30,39670,trainval
655,1164,2025-06-12,H2_30,39671,trainval
656,1164,2025-06-12,H2_30,39672,trainval
657,1164,2025-06-12,H2_30,39676,trainval
658,1164,2025-06-12,H2_30,39677,trainval
659,1164,2025-06-12,H2_30,39679,trainval
660,1165,2025-06-12,H1_15,39695,trainval
661,1165,2025-06-12,H1_15,39696,trainval
662,1165,2025-06-12,H1_15,39697,trainval
663,1165,2025-06-12,H1_15,39698,trainval
664,1165,2025-06-12,H1_15,39699,trainval
665,1165,2025-06-12,H1_15,39700,trainval
666,1165,2025-06-12,H1_15,39702,trainval
667,1165,2025-06-12,H1_15,39703,trainval
668,1165,2025-06-12,H1_15,39706,trainval
669,1165,2025-06-12,H1_15,39707,trainval
670,1165,2025-06-12,H1_15,39709,trainval
671,1165,2025-06-12,H1_15,39711,trainval
672,1165,2025-06-12,H1_15,39712,trainval
673,1165,2025-06-12,H1_15,39713,trainval
674,1165,2025-06-12,H1_15,39715,trainval
675,1165,2025-06-12,H1_15,39716,trainval
676,1165,2025-06-12,H1_15,39717,trainval
677,1165,2025-06-12,H1_15,39718,trainval
678,1165,2025-06-12,H1_15,39719,trainval
679,1165,2025-06-12,H1_15,39720,trainval
680,1165,2025-06-12,H1_15,39723,trainval
681,1165,2025-06-12,H1_15,39724,trainval
682,1165,2025-06-12,H1_30,39695,trainval
683,1165,2025-06-12,H1_30,39696,trainval
684,1165,2025-06-12,H1_30,39697,trainval
685,1165,2025-06-12,H1_30,39698,trainval
686,1165,2025-06-12,H1_30,39699,trainval
687,1165,2025-06-12,H1_30,39700,trainval
688,1165,2025-06-12,H1_30,39702,trainval
689,1165,2025-06-12,H1_30,39703,trainval
690,1165,2025-06-12,H1_30,39706,trainval
691,1165,2025-06-12,H1_30,39707,trainval
692,1165,2025-06-12,H1_30,39709,trainval
693,1165,2025-06-12,H1_30,39711,trainval
694,1165,2025-06-12,H1_30,39712,trainval
695,1165,2025-06-12,H1_30,39713,trainval
696,1165,2025-06-12,H1_30,39715,trainval
697,1165,2025-06-12,H1_30,39716,trainval
698,1165,2025-06-12,H1_30,39717,trainval
699,1165,2025-06-12,H1_30,39718,trainval
700,1165,2025-06-12,H1_30,39719,trainval
701,1165,2025-06-12,H1_30,39720,trainval
702,1165,2025-06-12,H1_30,39723,trainval
703,1165,2025-06-12,H1_30,39724,trainval
704,1165,2025-06-12,H1_45,39695,trainval
705,1165,2025-06-12,H1_45,39696,trainval
706,1165,2025-06-12,H1_45,39697,trainval
707,1165,2025-06-12,H1_45,39698,trainval
708,1165,2025-06-12,H1_45,39699,trainval
709,1165,2025-06-12,H1_45,39700,trainval
710,1165,2025-06-12,H1_45,39702,trainval
711,1165,2025-06-12,H1_45,39703,trainval
712,1165,2025-06-12,H1_45,39706,trainval
713,1165,2025-06-12,H1_45,39707,trainval
714,1165,2025-06-12,H1_45,39709,trainval
715,1165,2025-06-12,H1_45,39711,trainval
716,1165,2025-06-12,H1_45,39712,trainval
717,1165,2025-06-12,H1_45,39713,trainval
718,1165,2025-06-12,H1_45,39715,trainval
719,1165,2025-06-12,H1_45,39716,trainval
720,1165,2025-06-12,H1_45,39717,trainval
721,1165,2025-06-12,H1_45,39718,trainval
722,1165,2025-06-12,H1_45,39719,trainval
723,1165,2025-06-12,H1_45,39720,trainval
724,1165,2025-06-12,H1_45,39723,trainval
725,1165,2025-06-12,H1_45,39724,trainval
726,1165,2025-06-12,H2_15,39695,trainval
727,1165,2025-06-12,H2_15,39696,trainval
728,1165,2025-06-12,H2_15,39697,trainval
729,1165,2025-06-12,H2_15,39698,trainval
730,1165,2025-06-12,H2_15,39699,trainval
731,1165,2025-06-12,H2_15,39700,trainval
732,1165,2025-06-12,H2_15,39702,trainval
733,1165,2025-06-12,H2_15,39703,trainval
734,1165,2025-06-12,H2_15,39706,trainval
735,1165,2025-06-12,H2_15,39707,trainval
736,1165,2025-06-12,H2_15,39709,trainval
737,1165,2025-06-12,H2_15,39711,trainval
738,1165,2025-06-12,H2_15,39712,trainval
739,1165,2025-06-12,H2_15,39713,trainval
740,1165,2025-06-12,H2_15,39715,trainval
741,1165,2025-06-12,H2_15,39716,trainval
742,1165,2025-06-12,H2_15,39717,trainval
743,1165,2025-06-12,H2_15,39718,trainval
744,1165,2025-06-12,H2_15,39719,trainval
745,1165,2025-06-12,H2_15,39720,trainval
746,1165,2025-06-12,H2_15,39723,trainval
747,1165,2025-06-12,H2_15,39724,trainval
748,1165,2025-06-12,H2_30,39695,trainval
749,1165,2025-06-12,H2_30,39697,trainval
750,1165,2025-06-12,H2_30,39698,trainval
751,1165,2025-06-12,H2_30,39699,trainval
752,1165,2025-06-12,H2_30,39700,trainval
753,1165,2025-06-12,H2_30,39701,trainval
754,1165,2025-06-12,H2_30,39703,trainval
755,1165,2025-06-12,H2_30,39704,trainval
756,1165,2025-06-12,H2_30,39705,trainval
757,1165,2025-06-12,H2_30,39707,trainval
758,1165,2025-06-12,H2_30,39708,trainval
759,1165,2025-06-12,H2_30,39711,trainval
760,1165,2025-06-12,H2_30,39712,trainval
761,1165,2025-06-12,H2_30,39713,trainval
762,1165,2025-06-12,H2_30,39715,trainval
763,1165,2025-06-12,H2_30,39716,trainval
764,1165,2025-06-12,H2_30,39718,trainval
765,1165,2025-06-12,H2_30,39719,trainval
766,1165,2025-06-12,H2_30,39720,trainval
767,1165,2025-06-12,H2_30,39721,trainval
768,1165,2025-06-12,H2_30,39723,trainval
769,1165,2025-06-12,H2_30,39724,trainval
770,1166,2025-06-12,H1_15,39742,trainval
771,1166,2025-06-12,H1_15,39743,trainval
772,1166,2025-06-12,H1_15,39744,trainval
773,1166,2025-06-12,H1_15,39745,trainval
774,1166,2025-06-12,H1_15,39746,trainval
775,1166,2025-06-12,H1_15,39749,trainval
776,1166,2025-06-12,H1_15,39750,trainval
777,1166,2025-06-12,H1_15,39751,trainval
778,1166,2025-06-12,H1_15,39752,trainval
779,1166,2025-06-12,H1_15,39753,trainval
780,1166,2025-06-12,H1_15,39756,trainval
781,1166,2025-06-12,H1_15,39757,trainval
782,1166,2025-06-12,H1_15,39758,trainval
783,1166,2025-06-12,H1_15,39759,trainval
784,1166,2025-06-12,H1_15,39760,trainval
785,1166,2025-06-12,H1_15,39762,trainval
786,1166,2025-06-12,H1_15,39763,trainval
787,1166,2025-06-12,H1_15,39764,trainval
788,1166,2025-06-12,H1_15,39765,trainval
789,1166,2025-06-12,H1_15,39766,trainval
790,1166,2025-06-12,H1_15,39769,trainval
791,1166,2025-06-12,H1_15,39770,trainval
792,1166,2025-06-12,H1_30,39742,trainval
793,1166,2025-06-12,H1_30,39743,trainval
794,1166,2025-06-12,H1_30,39744,trainval
795,1166,2025-06-12,H1_30,39745,trainval
796,1166,2025-06-12,H1_30,39746,trainval
797,1166,2025-06-12,H1_30,39749,trainval
798,1166,2025-06-12,H1_30,39750,trainval
799,1166,2025-06-12,H1_30,39751,trainval
800,1166,2025-06-12,H1_30,39752,trainval
801,1166,2025-06-12,H1_30,39753,trainval
802,1166,2025-06-12,H1_30,39756,trainval
803,1166,2025-06-12,H1_30,39757,trainval
804,1166,2025-06-12,H1_30,39758,trainval
805,1166,2025-06-12,H1_30,39759,trainval
806,1166,2025-06-12,H1_30,39760,trainval
807,1166,2025-06-12,H1_30,39762,trainval
808,1166,2025-06-12,H1_30,39763,trainval
809,1166,2025-06-12,H1_30,39764,trainval
810,1166,2025-06-12,H1_30,39765,trainval
811,1166,2025-06-12,H1_30,39766,trainval
812,1166,2025-06-12,H1_30,39769,trainval
813,1166,2025-06-12,H1_30,39770,trainval
814,1166,2025-06-12,H1_45,39742,trainval
815,1166,2025-06-12,H1_45,39743,trainval
816,1166,2025-06-12,H1_45,39744,trainval
817,1166,2025-06-12,H1_45,39745,trainval
818,1166,2025-06-12,H1_45,39746,trainval
819,1166,2025-06-12,H1_45,39749,trainval
820,1166,2025-06-12,H1_45,39750,trainval
821,1166,2025-06-12,H1_45,39751,trainval
822,1166,2025-06-12,H1_45,39752,trainval
823,1166,2025-06-12,H1_45,39753,trainval
824,1166,2025-06-12,H1_45,39756,trainval
825,1166,2025-06-12,H1_45,39757,trainval
826,1166,2025-06-12,H1_45,39758,trainval
827,1166,2025-06-12,H1_45,39759,trainval
828,1166,2025-06-12,H1_45,39760,trainval
829,1166,2025-06-12,H1_45,39762,trainval
830,1166,2025-06-12,H1_45,39763,trainval
831,1166,2025-06-12,H1_45,39764,trainval
832,1166,2025-06-12,H1_45,39765,trainval
833,1166,2025-06-12,H1_45,39766,trainval
834,1166,2025-06-12,H1_45,39769,trainval
835,1166,2025-06-12,H1_45,39770,trainval
836,1166,2025-06-12,H2_15,39742,trainval
837,1166,2025-06-12,H2_15,39743,trainval
838,1166,2025-06-12,H2_15,39744,trainval
839,1166,2025-06-12,H2_15,39745,trainval
840,1166,2025-06-12,H2_15,39746,trainval
841,1166,2025-06-12,H2_15,39749,trainval
842,1166,2025-06-12,H2_15,39750,trainval
843,1166,2025-06-12,H2_15,39751,trainval
844,1166,2025-06-12,H2_15,39752,trainval
845,1166,2025-06-12,H2_15,39753,trainval
846,1166,2025-06-12,H2_15,39756,trainval
847,1166,2025-06-12,H2_15,39757,trainval
848,1166,2025-06-12,H2_15,39758,trainval
849,1166,2025-06-12,H2_15,39759,trainval
850,1166,2025-06-12,H2_15,39760,trainval
851,1166,2025-06-12,H2_15,39762,trainval
852,1166,2025-06-12,H2_15,39763,trainval
853,1166,2025-06-12,H2_15,39764,trainval
854,1166,2025-06-12,H2_15,39765,trainval
855,1166,2025-06-12,H2_15,39766,trainval
856,1166,2025-06-12,H2_15,39769,trainval
857,1166,2025-06-12,H2_15,39770,trainval
858,1166,2025-06-12,H2_30,39742,trainval
859,1166,2025-06-12,H2_30,39743,trainval
860,1166,2025-06-12,H2_30,39744,trainval
861,1166,2025-06-12,H2_30,39746,trainval
862,1166,2025-06-12,H2_30,39747,trainval
863,1166,2025-06-12,H2_30,39749,trainval
864,1166,2025-06-12,H2_30,39750,trainval
865,1166,2025-06-12,H2_30,39751,trainval
866,1166,2025-06-12,H2_30,39752,trainval
867,1166,2025-06-12,H2_30,39753,trainval
868,1166,2025-06-12,H2_30,39756,trainval
869,1166,2025-06-12,H2_30,39757,trainval
870,1166,2025-06-12,H2_30,39758,trainval
871,1166,2025-06-12,H2_30,39759,trainval
872,1166,2025-06-12,H2_30,39760,trainval
873,1166,2025-06-12,H2_30,39762,trainval
874,1166,2025-06-12,H2_30,39765,trainval
875,1166,2025-06-12,H2_30,39766,trainval
876,1166,2025-06-12,H2_30,39768,trainval
877,1166,2025-06-12,H2_30,39769,trainval
878,1166,2025-06-12,H2_30,39770,trainval
879,1166,2025-06-12,H2_30,39771,trainval
880,1167,2025-06-14,H1_15,65529,trainval
881,1167,2025-06-14,H1_15,65530,trainval
882,1167,2025-06-14,H1_15,65531,trainval
883,1167,2025-06-14,H1_15,65532,trainval
884,1167,2025-06-14,H1_15,65533,trainval
885,1167,2025-06-14,H1_15,65534,trainval
886,1167,2025-06-14,H1_15,65535,trainval
887,1167,2025-06-14,H1_15,65536,trainval
888,1167,2025-06-14,H1_15,65537,trainval
889,1167,2025-06-14,H1_15,65539,trainval
890,1167,2025-06-14,H1_15,65543,trainval
891,1167,2025-06-14,H1_15,65545,trainval
892,1167,2025-06-14,H1_15,65546,trainval
893,1167,2025-06-14,H1_15,65547,trainval
894,1167,2025-06-14,H1_15,65549,trainval
895,1167,2025-06-14,H1_15,65551,trainval
896,1167,2025-06-14,H1_15,65552,trainval
897,1167,2025-06-14,H1_15,65553,trainval
898,1167,2025-06-14,H1_15,65555,trainval
899,1167,2025-06-14,H1_15,65556,trainval
900,1167,2025-06-14,H1_15,65557,trainval
901,1167,2025-06-14,H1_15,65558,trainval
902,1167,2025-06-14,H1_30,65529,trainval
903,1167,2025-06-14,H1_30,65530,trainval
904,1167,2025-06-14,H1_30,65531,trainval
905,1167,2025-06-14,H1_30,65532,trainval
906,1167,2025-06-14,H1_30,65533,trainval
907,1167,2025-06-14,H1_30,65534,trainval
908,1167,2025-06-14,H1_30,65535,trainval
909,1167,2025-06-14,H1_30,65536,trainval
910,1167,2025-06-14,H1_30,65537,trainval
911,1167,2025-06-14,H1_30,65539,trainval
912,1167,2025-06-14,H1_30,65543,trainval
913,1167,2025-06-14,H1_30,65545,trainval
914,1167,2025-06-14,H1_30,65546,trainval
915,1167,2025-06-14,H1_30,65547,trainval
916,1167,2025-06-14,H1_30,65549,trainval
917,1167,2025-06-14,H1_30,65551,trainval
918,1167,2025-06-14,H1_30,65552,trainval
919,1167,2025-06-14,H1_30,65553,trainval
920,1167,2025-06-14,H1_30,65555,trainval
921,1167,2025-06-14,H1_30,65556,trainval
922,1167,2025-06-14,H1_30,65557,trainval
923,1167,2025-06-14,H1_30,65558,trainval
924,1167,2025-06-14,H1_45,65529,trainval
925,1167,2025-06-14,H1_45,65530,trainval
926,1167,2025-06-14,H1_45,65531,trainval
927,1167,2025-06-14,H1_45,65532,trainval
928,1167,2025-06-14,H1_45,65533,trainval
929,1167,2025-06-14,H1_45,65534,trainval
930,1167,2025-06-14,H1_45,65535,trainval
931,1167,2025-06-14,H1_45,65536,trainval
932,1167,2025-06-14,H1_45,65537,trainval
933,1167,2025-06-14,H1_45,65539,trainval
934,1167,2025-06-14,H1_45,65543,trainval
935,1167,2025-06-14,H1_45,65545,trainval
936,1167,2025-06-14,H1_45,65546,trainval
937,1167,2025-06-14,H1_45,65547,trainval
938,1167,2025-06-14,H1_45,65549,trainval
939,1167,2025-06-14,H1_45,65551,trainval
940,1167,2025-06-14,H1_45,65552,trainval
941,1167,2025-06-14,H1_45,65553,trainval
942,1167,2025-06-14,H1_45,65555,trainval
943,1167,2025-06-14,H1_45,65556,trainval
944,1167,2025-06-14,H1_45,65557,trainval
945,1167,2025-06-14,H1_45,65558,trainval
946,1167,2025-06-14,H2_15,65529,trainval
947,1167,2025-06-14,H2_15,65530,trainval
948,1167,2025-06-14,H2_15,65531,trainval
949,1167,2025-06-14,H2_15,65532,trainval
950,1167,2025-06-14,H2_15,65533,trainval
951,1167,2025-06-14,H2_15,65535,trainval
952,1167,2025-06-14,H2_15,65536,trainval
953,1167,2025-06-14,H2_15,65537,trainval
954,1167,2025-06-14,H2_15,65538,trainval
955,1167,2025-06-14,H2_15,65541,trainval
956,1167,2025-06-14,H2_15,65544,trainval
957,1167,2025-06-14,H2_15,65545,trainval
958,1167,2025-06-14,H2_15,65546,trainval
959,1167,2025-06-14,H2_15,65547,trainval
960,1167,2025-06-14,H2_15,65548,trainval
961,1167,2025-06-14,H2_15,65549,trainval
962,1167,2025-06-14,H2_15,65550,trainval
963,1167,2025-06-14,H2_15,65551,trainval
964,1167,2025-06-14,H2_15,65552,trainval
965,1167,2025-06-14,H2_15,65553,trainval
966,1167,2025-06-14,H2_15,65554,trainval
967,1167,2025-06-14,H2_15,65557,trainval
968,1167,2025-06-14,H2_30,65529,trainval
969,1167,2025-06-14,H2_30,65530,trainval
970,1167,2025-06-14,H2_30,65531,trainval
971,1167,2025-06-14,H2_30,65532,trainval
972,1167,2025-06-14,H2_30,65533,trainval
973,1167,2025-06-14,H2_30,65537,trainval
974,1167,2025-06-14,H2_30,65538,trainval
975,1167,2025-06-14,H2_30,65540,trainval
976,1167,2025-06-14,H2_30,65541,trainval
977,1167,2025-06-14,H2_30,65542,trainval
978,1167,2025-06-14,H2_30,65544,trainval
979,1167,2025-06-14,H2_30,65545,trainval
980,1167,2025-06-14,H2_30,65546,trainval
981,1167,2025-06-14,H2_30,65547,trainval
982,1167,2025-06-14,H2_30,65548,trainval
983,1167,2025-06-14,H2_30,65549,trainval
984,1167,2025-06-14,H2_30,65550,trainval
985,1167,2025-06-14,H2_30,65551,trainval
986,1167,2025-06-14,H2_30,65552,trainval
987,1167,2025-06-14,H2_30,65554,trainval
988,1167,2025-06-14,H2_30,65557,trainval
989,1167,2025-06-14,H2_30,65560,trainval
990,1169,2025-06-14,H1_15,39879,trainval
991,1169,2025-06-14,H1_15,39880,trainval
992,1169,2025-06-14,H1_15,39881,trainval
993,1169,2025-06-14,H1_15,39882,trainval
994,1169,2025-06-14,H1_15,39884,trainval
995,1169,2025-06-14,H1_15,39885,trainval
996,1169,2025-06-14,H1_15,39887,trainval
997,1169,2025-06-14,H1_15,39888,trainval
998,1169,2025-06-14,H1_15,39890,trainval
999,1169,2025-06-14,H1_15,39891,trainval
1000,1169,2025-06-14,H1_15,39892,trainval
1001,1169,2025-06-14,H1_15,39893,trainval
1002,1169,2025-06-14,H1_15,39894,trainval
1003,1169,2025-06-14,H1_15,39895,trainval
1004,1169,2025-06-14,H1_15,39896,trainval
1005,1169,2025-06-14,H1_15,39897,trainval
1006,1169,2025-06-14,H1_15,39899,trainval
1007,1169,2025-06-14,H1_15,39900,trainval
1008,1169,2025-06-14,H1_15,39902,trainval
1009,1169,2025-06-14,H1_15,39903,trainval
1010,1169,2025-06-14,H1_15,39905,trainval
1011,1169,2025-06-14,H1_15,39906,trainval
1012,1169,2025-06-14,H1_30,39879,trainval
1013,1169,2025-06-14,H1_30,39880,trainval
1014,1169,2025-06-14,H1_30,39881,trainval
1015,1169,2025-06-14,H1_30,39882,trainval
1016,1169,2025-06-14,H1_30,39884,trainval
1017,1169,2025-06-14,H1_30,39885,trainval
1018,1169,2025-06-14,H1_30,39887,trainval
1019,1169,2025-06-14,H1_30,39888,trainval
1020,1169,2025-06-14,H1_30,39890,trainval
1021,1169,2025-06-14,H1_30,39891,trainval
1022,1169,2025-06-14,H1_30,39892,trainval
1023,1169,2025-06-14,H1_30,39893,trainval
1024,1169,2025-06-14,H1_30,39894,trainval
1025,1169,2025-06-14,H1_30,39895,trainval
1026,1169,2025-06-14,H1_30,39896,trainval
1027,1169,2025-06-14,H1_30,39897,trainval
1028,1169,2025-06-14,H1_30,39899,trainval
1029,1169,2025-06-14,H1_30,39900,trainval
1030,1169,2025-06-14,H1_30,39902,trainval
1031,1169,2025-06-14,H1_30,39903,trainval
1032,1169,2025-06-14,H1_30,39905,trainval
1033,1169,2025-06-14,H1_30,39906,trainval
1034,1169,2025-06-14,H1_45,39879,trainval
1035,1169,2025-06-14,H1_45,39880,trainval
1036,1169,2025-06-14,H1_45,39881,trainval
1037,1169,2025-06-14,H1_45,39882,trainval
1038,1169,2025-06-14,H1_45,39884,trainval
1039,1169,2025-06-14,H1_45,39885,trainval
1040,1169,2025-06-14,H1_45,39887,trainval
1041,1169,2025-06-14,H1_45,39888,trainval
1042,1169,2025-06-14,H1_45,39890,trainval
1043,1169,2025-06-14,H1_45,39891,trainval
1044,1169,2025-06-14,H1_45,39892,trainval
1045,1169,2025-06-14,H1_45,39893,trainval
1046,1169,2025-06-14,H1_45,39894,trainval
1047,1169,2025-06-14,H1_45,39895,trainval
1048,1169,2025-06-14,H1_45,39896,trainval
1049,1169,2025-06-14,H1_45,39897,trainval
1050,1169,2025-06-14,H1_45,39899,trainval
1051,1169,2025-06-14,H1_45,39900,trainval
1052,1169,2025-06-14,H1_45,39902,trainval
1053,1169,2025-06-14,H1_45,39903,trainval
1054,1169,2025-06-14,H1_45,39905,trainval
1055,1169,2025-06-14,H1_45,39906,trainval
1056,1169,2025-06-14,H2_15,39879,trainval
1057,1169,2025-06-14,H2_15,39880,trainval
1058,1169,2025-06-14,H2_15,39881,trainval
1059,1169,2025-06-14,H2_15,39882,trainval
1060,1169,2025-06-14,H2_15,39884,trainval
1061,1169,2025-06-14,H2_15,39885,trainval
1062,1169,2025-06-14,H2_15,39887,trainval
1063,1169,2025-06-14,H2_15,39888,trainval
1064,1169,2025-06-14,H2_15,39889,trainval
1065,1169,2025-06-14,H2_15,39891,trainval
1066,1169,2025-06-14,H2_15,39892,trainval
1067,1169,2025-06-14,H2_15,39893,trainval
1068,1169,2025-06-14,H2_15,39894,trainval
1069,1169,2025-06-14,H2_15,39895,trainval
1070,1169,2025-06-14,H2_15,39896,trainval
1071,1169,2025-06-14,H2_15,39897,trainval
1072,1169,2025-06-14,H2_15,39899,trainval
1073,1169,2025-06-14,H2_15,39900,trainval
1074,1169,2025-06-14,H2_15,39901,trainval
1075,1169,2025-06-14,H2_15,39903,trainval
1076,1169,2025-06-14,H2_15,39905,trainval
1077,1169,2025-06-14,H2_15,39906,trainval
1078,1169,2025-06-14,H2_30,39879,trainval
1079,1169,2025-06-14,H2_30,39880,trainval
1080,1169,2025-06-14,H2_30,39881,trainval
1081,1169,2025-06-14,H2_30,39882,trainval
1082,1169,2025-06-14,H2_30,39884,trainval
1083,1169,2025-06-14,H2_30,39885,trainval
1084,1169,2025-06-14,H2_30,39886,trainval
1085,1169,2025-06-14,H2_30,39888,trainval
1086,1169,2025-06-14,H2_30,39889,trainval
1087,1169,2025-06-14,H2_30,39891,trainval
1088,1169,2025-06-14,H2_30,39892,trainval
1089,1169,2025-06-14,H2_30,39893,trainval
1090,1169,2025-06-14,H2_30,39894,trainval
1091,1169,2025-06-14,H2_30,39895,trainval
1092,1169,2025-06-14,H2_30,39896,trainval
1093,1169,2025-06-14,H2_30,39897,trainval
1094,1169,2025-06-14,H2_30,39899,trainval
1095,1169,2025-06-14,H2_30,39901,trainval
1096,1169,2025-06-14,H2_30,39905,trainval
1097,1169,2025-06-14,H2_30,39906,trainval
1098,1169,2025-06-14,H2_30,39907,trainval
1099,1169,2025-06-14,H2_30,39908,trainval
1100,1170,2025-06-14,H1_15,39925,trainval
1101,1170,2025-06-14,H1_15,39926,trainval
1102,1170,2025-06-14,H1_15,39927,trainval
1103,1170,2025-06-14,H1_15,39928,trainval
1104,1170,2025-06-14,H1_15,39929,trainval
1105,1170,2025-06-14,H1_15,39930,trainval
1106,1170,2025-06-14,H1_15,39931,trainval
1107,1170,2025-06-14,H1_15,39933,trainval
1108,1170,2025-06-14,H1_15,39936,trainval
1109,1170,2025-06-14,H1_15,39938,trainval
1110,1170,2025-06-14,H1_15,39939,trainval
1111,1170,2025-06-14,H1_15,39941,trainval
1112,1170,2025-06-14,H1_15,39943,trainval
1113,1170,2025-06-14,H1_15,39944,trainval
1114,1170,2025-06-14,H1_15,39946,trainval
1115,1170,2025-06-14,H1_15,39947,trainval
1116,1170,2025-06-14,H1_15,39948,trainval
1117,1170,2025-06-14,H1_15,39949,trainval
1118,1170,2025-06-14,H1_15,39950,trainval
1119,1170,2025-06-14,H1_15,39952,trainval
1120,1170,2025-06-14,H1_15,39954,trainval
1121,1170,2025-06-14,H1_15,39956,trainval
1122,1170,2025-06-14,H1_30,39925,trainval
1123,1170,2025-06-14,H1_30,39926,trainval
1124,1170,2025-06-14,H1_30,39927,trainval
1125,1170,2025-06-14,H1_30,39928,trainval
1126,1170,2025-06-14,H1_30,39929,trainval
1127,1170,2025-06-14,H1_30,39930,trainval
1128,1170,2025-06-14,H1_30,39931,trainval
1129,1170,2025-06-14,H1_30,39933,trainval
1130,1170,2025-06-14,H1_30,39936,trainval
1131,1170,2025-06-14,H1_30,39938,trainval
1132,1170,2025-06-14,H1_30,39939,trainval
1133,1170,2025-06-14,H1_30,39941,trainval
1134,1170,2025-06-14,H1_30,39943,trainval
1135,1170,2025-06-14,H1_30,39944,trainval
1136,1170,2025-06-14,H1_30,39946,trainval
1137,1170,2025-06-14,H1_30,39947,trainval
1138,1170,2025-06-14,H1_30,39948,trainval
1139,1170,2025-06-14,H1_30,39949,trainval
1140,1170,2025-06-14,H1_30,39950,trainval
1141,1170,2025-06-14,H1_30,39952,trainval
1142,1170,2025-06-14,H1_30,39954,trainval
1143,1170,2025-06-14,H1_30,39956,trainval
1144,1170,2025-06-14,H1_45,39925,trainval
1145,1170,2025-06-14,H1_45,39926,trainval
1146,1170,2025-06-14,H1_45,39927,trainval
1147,1170,2025-06-14,H1_45,39928,trainval
1148,1170,2025-06-14,H1_45,39929,trainval
1149,1170,2025-06-14,H1_45,39930,trainval
1150,1170,2025-06-14,H1_45,39931,trainval
1151,1170,2025-06-14,H1_45,39933,trainval
1152,1170,2025-06-14,H1_45,39936,trainval
1153,1170,2025-06-14,H1_45,39938,trainval
1154,1170,2025-06-14,H1_45,39939,trainval
1155,1170,2025-06-14,H1_45,39941,trainval
1156,1170,2025-06-14,H1_45,39943,trainval
1157,1170,2025-06-14,H1_45,39944,trainval
1158,1170,2025-06-14,H1_45,39946,trainval
1159,1170,2025-06-14,H1_45,39947,trainval
1160,1170,2025-06-14,H1_45,39948,trainval
1161,1170,2025-06-14,H1_45,39949,trainval
1162,1170,2025-06-14,H1_45,39950,trainval
1163,1170,2025-06-14,H1_45,39952,trainval
1164,1170,2025-06-14,H1_45,39954,trainval
1165,1170,2025-06-14,H1_45,39956,trainval
1166,1170,2025-06-14,H2_15,39925,trainval
1167,1170,2025-06-14,H2_15,39926,trainval
1168,1170,2025-06-14,H2_15,39927,trainval
1169,1170,2025-06-14,H2_15,39928,trainval
1170,1170,2025-06-14,H2_15,39929,trainval
1171,1170,2025-06-14,H2_15,39930,trainval
1172,1170,2025-06-14,H2_15,39931,trainval
1173,1170,2025-06-14,H2_15,39933,trainval
1174,1170,2025-06-14,H2_15,39936,trainval
1175,1170,2025-06-14,H2_15,39938,trainval
1176,1170,2025-06-14,H2_15,39939,trainval
1177,1170,2025-06-14,H2_15,39941,trainval
1178,1170,2025-06-14,H2_15,39943,trainval
1179,1170,2025-06-14,H2_15,39944,trainval
1180,1170,2025-06-14,H2_15,39945,trainval
1181,1170,2025-06-14,H2_15,39946,trainval
1182,1170,2025-06-14,H2_15,39949,trainval
1183,1170,2025-06-14,H2_15,39950,trainval
1184,1170,2025-06-14,H2_15,39952,trainval
1185,1170,2025-06-14,H2_15,39953,trainval
1186,1170,2025-06-14,H2_15,39954,trainval
1187,1170,2025-06-14,H2_15,39956,trainval
1188,1170,2025-06-14,H2_30,39925,trainval
1189,1170,2025-06-14,H2_30,39926,trainval
1190,1170,2025-06-14,H2_30,39927,trainval
1191,1170,2025-06-14,H2_30,39928,trainval
1192,1170,2025-06-14,H2_30,39929,trainval
1193,1170,2025-06-14,H2_30,39931,trainval
1194,1170,2025-06-14,H2_30,39932,trainval
1195,1170,2025-06-14,H2_30,39934,trainval
1196,1170,2025-06-14,H2_30,39936,trainval
1197,1170,2025-06-14,H2_30,39938,trainval
1198,1170,2025-06-14,H2_30,39940,trainval
1199,1170,2025-06-14,H2_30,39941,trainval
1200,1170,2025-06-14,H2_30,39943,trainval
1201,1170,2025-06-14,H2_30,39945,trainval
1202,1170,2025-06-14,H2_30,39946,trainval
1203,1170,2025-06-14,H2_30,39949,trainval
1204,1170,2025-06-14,H2_30,39950,trainval
1205,1170,2025-06-14,H2_30,39951,trainval
1206,1170,2025-06-14,H2_30,39952,trainval
1207,1170,2025-06-14,H2_30,39953,trainval
1208,1170,2025-06-14,H2_30,39955,trainval
1209,1170,2025-06-14,H2_30,39956,trainval
1210,1171,2025-06-14,H1_15,39971,trainval
1211,1171,2025-06-14,H1_15,39972,trainval
1212,1171,2025-06-14,H1_15,39973,trainval
1213,1171,2025-06-14,H1_15,39974,trainval
1214,1171,2025-06-14,H1_15,39975,trainval
1215,1171,2025-06-14,H1_15,39976,trainval
1216,1171,2025-06-14,H1_15,39977,trainval
1217,1171,2025-06-14,H1_15,39978,trainval
1218,1171,2025-06-14,H1_15,39979,trainval
1219,1171,2025-06-14,H1_15,39982,trainval
1220,1171,2025-06-14,H1_15,39986,trainval
1221,1171,2025-06-14,H1_15,39987,trainval
1222,1171,2025-06-14,H1_15,39989,trainval
1223,1171,2025-06-14,H1_15,39990,trainval
1224,1171,2025-06-14,H1_15,39992,trainval
1225,1171,2025-06-14,H1_15,39993,trainval
1226,1171,2025-06-14,H1_15,39994,trainval
1227,1171,2025-06-14,H1_15,39995,trainval
1228,1171,2025-06-14,H1_15,39996,trainval
1229,1171,2025-06-14,H1_15,39997,trainval
1230,1171,2025-06-14,H1_15,39999,trainval
1231,1171,2025-06-14,H1_15,40000,trainval
1232,1171,2025-06-14,H1_30,39971,trainval
1233,1171,2025-06-14,H1_30,39972,trainval
1234,1171,2025-06-14,H1_30,39973,trainval
1235,1171,2025-06-14,H1_30,39974,trainval
1236,1171,2025-06-14,H1_30,39975,trainval
1237,1171,2025-06-14,H1_30,39976,trainval
1238,1171,2025-06-14,H1_30,39977,trainval
1239,1171,2025-06-14,H1_30,39978,trainval
1240,1171,2025-06-14,H1_30,39979,trainval
1241,1171,2025-06-14,H1_30,39982,trainval
1242,1171,2025-06-14,H1_30,39986,trainval
1243,1171,2025-06-14,H1_30,39987,trainval
1244,1171,2025-06-14,H1_30,39989,trainval
1245,1171,2025-06-14,H1_30,39990,trainval
1246,1171,2025-06-14,H1_30,39992,trainval
1247,1171,2025-06-14,H1_30,39993,trainval
1248,1171,2025-06-14,H1_30,39994,trainval
1249,1171,2025-06-14,H1_30,39995,trainval
1250,1171,2025-06-14,H1_30,39996,trainval
1251,1171,2025-06-14,H1_30,39997,trainval
1252,1171,2025-06-14,H1_30,39999,trainval
1253,1171,2025-06-14,H1_30,40000,trainval
1254,1171,2025-06-14,H1_45,39971,trainval
1255,1171,2025-06-14,H1_45,39972,trainval
1256,1171,2025-06-14,H1_45,39973,trainval
1257,1171,2025-06-14,H1_45,39974,trainval
1258,1171,2025-06-14,H1_45,39975,trainval
1259,1171,2025-06-14,H1_45,39976,trainval
1260,1171,2025-06-14,H1_45,39977,trainval
1261,1171,2025-06-14,H1_45,39978,trainval
1262,1171,2025-06-14,H1_45,39979,trainval
1263,1171,2025-06-14,H1_45,39982,trainval
1264,1171,2025-06-14,H1_45,39986,trainval
1265,1171,2025-06-14,H1_45,39987,trainval
1266,1171,2025-06-14,H1_45,39989,trainval
1267,1171,2025-06-14,H1_45,39990,trainval
1268,1171,2025-06-14,H1_45,39992,trainval
1269,1171,2025-06-14,H1_45,39993,trainval
1270,1171,2025-06-14,H1_45,39994,trainval
1271,1171,2025-06-14,H1_45,39995,trainval
1272,1171,2025-06-14,H1_45,39996,trainval
1273,1171,2025-06-14,H1_45,39997,trainval
1274,1171,2025-06-14,H1_45,39999,trainval
1275,1171,2025-06-14,H1_45,40000,trainval
1276,1171,2025-06-14,H2_15,39971,trainval
1277,1171,2025-06-14,H2_15,39973,trainval
1278,1171,2025-06-14,H2_15,39974,trainval
1279,1171,2025-06-14,H2_15,39975,trainval
1280,1171,2025-06-14,H2_15,39976,trainval
1281,1171,2025-06-14,H2_15,39977,trainval
1282,1171,2025-06-14,H2_15,39978,trainval
1283,1171,2025-06-14,H2_15,39980,trainval
1284,1171,2025-06-14,H2_15,39982,trainval
1285,1171,2025-06-14,H2_15,39984,trainval
1286,1171,2025-06-14,H2_15,39986,trainval
1287,1171,2025-06-14,H2_15,39987,trainval
1288,1171,2025-06-14,H2_15,39989,trainval
1289,1171,2025-06-14,H2_15,39990,trainval
1290,1171,2025-06-14,H2_15,39992,trainval
1291,1171,2025-06-14,H2_15,39993,trainval
1292,1171,2025-06-14,H2_15,39994,trainval
1293,1171,2025-06-14,H2_15,39995,trainval
1294,1171,2025-06-14,H2_15,39996,trainval
1295,1171,2025-06-14,H2_15,39997,trainval
1296,1171,2025-06-14,H2_15,39999,trainval
1297,1171,2025-06-14,H2_15,40000,trainval
1298,1171,2025-06-14,H2_30,39971,trainval
1299,1171,2025-06-14,H2_30,39973,trainval
1300,1171,2025-06-14,H2_30,39974,trainval
1301,1171,2025-06-14,H2_30,39975,trainval
1302,1171,2025-06-14,H2_30,39980,trainval
1303,1171,2025-06-14,H2_30,39981,trainval
1304,1171,2025-06-14,H2_30,39982,trainval
1305,1171,2025-06-14,H2_30,39983,trainval
1306,1171,2025-06-14,H2_30,39984,trainval
1307,1171,2025-06-14,H2_30,39985,trainval
1308,1171,2025-06-14,H2_30,39986,trainval
1309,1171,2025-06-14,H2_30,39987,trainval
1310,1171,2025-06-14,H2_30,39989,trainval
1311,1171,2025-06-14,H2_30,39990,trainval
1312,1171,2025-06-14,H2_30,39991,trainval
1313,1171,2025-06-14,H2_30,39992,trainval
1314,1171,2025-06-14,H2_30,39993,trainval
1315,1171,2025-06-14,H2_30,39995,trainval
1316,1171,2025-06-14,H2_30,39997,trainval
1317,1171,2025-06-14,H2_30,39998,trainval
1318,1171,2025-06-14,H2_30,39999,trainval
1319,1171,2025-06-14,H2_30,40000,trainval
1320,1188,2025-06-17,H1_15,40715,trainval
1321,1188,2025-06-17,H1_15,40716,trainval
1322,1188,2025-06-17,H1_15,40717,trainval
1323,1188,2025-06-17,H1_15,40719,trainval
1324,1188,2025-06-17,H1_15,40720,trainval
1325,1188,2025-06-17,H1_15,40721,trainval
1326,1188,2025-06-17,H1_15,40724,trainval
1327,1188,2025-06-17,H1_15,40725,trainval
1328,1188,2025-06-17,H1_15,40727,trainval
1329,1188,2025-06-17,H1_15,40729,trainval
1330,1188,2025-06-17,H1_15,40730,trainval
1331,1188,2025-06-17,H1_15,40731,trainval
1332,1188,2025-06-17,H1_15,40732,trainval
1333,1188,2025-06-17,H1_15,40733,trainval
1334,1188,2025-06-17,H1_15,40734,trainval
1335,1188,2025-06-17,H1_15,40735,trainval
1336,1188,2025-06-17,H1_15,40736,trainval
1337,1188,2025-06-17,H1_15,40738,trainval
1338,1188,2025-06-17,H1_15,40739,trainval
1339,1188,2025-06-17,H1_15,40741,trainval
1340,1188,2025-06-17,H1_15,40744,trainval
1341,1188,2025-06-17,H1_30,40715,trainval
1342,1188,2025-06-17,H1_30,40716,trainval
1343,1188,2025-06-17,H1_30,40717,trainval
1344,1188,2025-06-17,H1_30,40719,trainval
1345,1188,2025-06-17,H1_30,40720,trainval
1346,1188,2025-06-17,H1_30,40721,trainval
1347,1188,2025-06-17,H1_30,40724,trainval
1348,1188,2025-06-17,H1_30,40725,trainval
1349,1188,2025-06-17,H1_30,40727,trainval
1350,1188,2025-06-17,H1_30,40729,trainval
1351,1188,2025-06-17,H1_30,40730,trainval
1352,1188,2025-06-17,H1_30,40731,trainval
1353,1188,2025-06-17,H1_30,40732,trainval
1354,1188,2025-06-17,H1_30,40733,trainval
1355,1188,2025-06-17,H1_30,40734,trainval
1356,1188,2025-06-17,H1_30,40735,trainval
1357,1188,2025-06-17,H1_30,40736,trainval
1358,1188,2025-06-17,H1_30,40738,trainval
1359,1188,2025-06-17,H1_30,40739,trainval
1360,1188,2025-06-17,H1_30,40741,trainval
1361,1188,2025-06-17,H1_30,40744,trainval
1362,1188,2025-06-17,H1_45,40715,trainval
1363,1188,2025-06-17,H1_45,40716,trainval
1364,1188,2025-06-17,H1_45,40717,trainval
1365,1188,2025-06-17,H1_45,40719,trainval
1366,1188,2025-06-17,H1_45,40720,trainval
1367,1188,2025-06-17,H1_45,40721,trainval
1368,1188,2025-06-17,H1_45,40724,trainval
1369,1188,2025-06-17,H1_45,40725,trainval
1370,1188,2025-06-17,H1_45,40727,trainval
1371,1188,2025-06-17,H1_45,40729,trainval
1372,1188,2025-06-17,H1_45,40730,trainval
1373,1188,2025-06-17,H1_45,40731,trainval
1374,1188,2025-06-17,H1_45,40732,trainval
1375,1188,2025-06-17,H1_45,40733,trainval
1376,1188,2025-06-17,H1_45,40734,trainval
1377,1188,2025-06-17,H1_45,40735,trainval
1378,1188,2025-06-17,H1_45,40736,trainval
1379,1188,2025-06-17,H1_45,40738,trainval
1380,1188,2025-06-17,H1_45,40739,trainval
1381,1188,2025-06-17,H1_45,40741,trainval
1382,1188,2025-06-17,H1_45,40744,trainval
1383,1188,2025-06-17,H2_15,40715,trainval
1384,1188,2025-06-17,H2_15,40716,trainval
1385,1188,2025-06-17,H2_15,40717,trainval
1386,1188,2025-06-17,H2_15,40719,trainval
1387,1188,2025-06-17,H2_15,40720,trainval
1388,1188,2025-06-17,H2_15,40721,trainval
1389,1188,2025-06-17,H2_15,40723,trainval
1390,1188,2025-06-17,H2_15,40724,trainval
1391,1188,2025-06-17,H2_15,40725,trainval
1392,1188,2025-06-17,H2_15,40729,trainval
1393,1188,2025-06-17,H2_15,40730,trainval
1394,1188,2025-06-17,H2_15,40731,trainval
1395,1188,2025-06-17,H2_15,40732,trainval
1396,1188,2025-06-17,H2_15,40733,trainval
1397,1188,2025-06-17,H2_15,40734,trainval
1398,1188,2025-06-17,H2_15,40735,trainval
1399,1188,2025-06-17,H2_15,40736,trainval
1400,1188,2025-06-17,H2_15,40738,trainval
1401,1188,2025-06-17,H2_15,40739,trainval
1402,1188,2025-06-17,H2_15,40740,trainval
1403,1188,2025-06-17,H2_15,40741,trainval
1404,1188,2025-06-17,H2_30,40715,trainval
1405,1188,2025-06-17,H2_30,40716,trainval
1406,1188,2025-06-17,H2_30,40717,trainval
1407,1188,2025-06-17,H2_30,40719,trainval
1408,1188,2025-06-17,H2_30,40720,trainval
1409,1188,2025-06-17,H2_30,40722,trainval
1410,1188,2025-06-17,H2_30,40723,trainval
1411,1188,2025-06-17,H2_30,40725,trainval
1412,1188,2025-06-17,H2_30,40728,trainval
1413,1188,2025-06-17,H2_30,40729,trainval
1414,1188,2025-06-17,H2_30,40730,trainval
1415,1188,2025-06-17,H2_30,40731,trainval
1416,1188,2025-06-17,H2_30,40732,trainval
1417,1188,2025-06-17,H2_30,40733,trainval
1418,1188,2025-06-17,H2_30,40734,trainval
1419,1188,2025-06-17,H2_30,40736,trainval
1420,1188,2025-06-17,H2_30,40737,trainval
1421,1188,2025-06-17,H2_30,40739,trainval
1422,1188,2025-06-17,H2_30,40740,trainval
1423,1188,2025-06-17,H2_30,40741,trainval
1424,1188,2025-06-17,H2_30,40742,trainval
1425,1189,2025-06-15,H1_15,40760,trainval
1426,1189,2025-06-15,H1_15,40761,trainval
1427,1189,2025-06-15,H1_15,40762,trainval
1428,1189,2025-06-15,H1_15,40763,trainval
1429,1189,2025-06-15,H1_15,40764,trainval
1430,1189,2025-06-15,H1_15,40765,trainval
1431,1189,2025-06-15,H1_15,40766,trainval
1432,1189,2025-06-15,H1_15,40767,trainval
1433,1189,2025-06-15,H1_15,40770,trainval
1434,1189,2025-06-15,H1_15,40773,trainval
1435,1189,2025-06-15,H1_15,40774,trainval
1436,1189,2025-06-15,H1_15,40776,trainval
1437,1189,2025-06-15,H1_15,40777,trainval
1438,1189,2025-06-15,H1_15,40778,trainval
1439,1189,2025-06-15,H1_15,40779,trainval
1440,1189,2025-06-15,H1_15,40780,trainval
1441,1189,2025-06-15,H1_15,40781,trainval
1442,1189,2025-06-15,H1_15,40782,trainval
1443,1189,2025-06-15,H1_15,40783,trainval
1444,1189,2025-06-15,H1_15,40784,trainval
1445,1189,2025-06-15,H1_15,40787,trainval
1446,1189,2025-06-15,H1_15,40788,trainval
1447,1189,2025-06-15,H1_30,40760,trainval
1448,1189,2025-06-15,H1_30,40761,trainval
1449,1189,2025-06-15,H1_30,40762,trainval
1450,1189,2025-06-15,H1_30,40763,trainval
1451,1189,2025-06-15,H1_30,40764,trainval
1452,1189,2025-06-15,H1_30,40765,trainval
1453,1189,2025-06-15,H1_30,40766,trainval
1454,1189,2025-06-15,H1_30,40767,trainval
1455,1189,2025-06-15,H1_30,40770,trainval
1456,1189,2025-06-15,H1_30,40773,trainval
1457,1189,2025-06-15,H1_30,40774,trainval
1458,1189,2025-06-15,H1_30,40776,trainval
1459,1189,2025-06-15,H1_30,40777,trainval
1460,1189,2025-06-15,H1_30,40778,trainval
1461,1189,2025-06-15,H1_30,40779,trainval
1462,1189,2025-06-15,H1_30,40780,trainval
1463,1189,2025-06-15,H1_30,40781,trainval
1464,1189,2025-06-15,H1_30,40782,trainval
1465,1189,2025-06-15,H1_30,40783,trainval
1466,1189,2025-06-15,H1_30,40784,trainval
1467,1189,2025-06-15,H1_30,40787,trainval
1468,1189,2025-06-15,H1_30,40788,trainval
1469,1189,2025-06-15,H1_45,40760,trainval
1470,1189,2025-06-15,H1_45,40761,trainval
1471,1189,2025-06-15,H1_45,40762,trainval
1472,1189,2025-06-15,H1_45,40763,trainval
1473,1189,2025-06-15,H1_45,40764,trainval
1474,1189,2025-06-15,H1_45,40765,trainval
1475,1189,2025-06-15,H1_45,40766,trainval
1476,1189,2025-06-15,H1_45,40767,trainval
1477,1189,2025-06-15,H1_45,40770,trainval
1478,1189,2025-06-15,H1_45,40773,trainval
1479,1189,2025-06-15,H1_45,40774,trainval
1480,1189,2025-06-15,H1_45,40776,trainval
1481,1189,2025-06-15,H1_45,40777,trainval
1482,1189,2025-06-15,H1_45,40778,trainval
1483,1189,2025-06-15,H1_45,40779,trainval
1484,1189,2025-06-15,H1_45,40780,trainval
1485,1189,2025-06-15,H1_45,40781,trainval
1486,1189,2025-06-15,H1_45,40782,trainval
1487,1189,2025-06-15,H1_45,40783,trainval
1488,1189,2025-06-15,H1_45,40784,trainval
1489,1189,2025-06-15,H1_45,40787,trainval
1490,1189,2025-06-15,H1_45,40788,trainval
1491,1189,2025-06-15,H2_15,40760,trainval
1492,1189,2025-06-15,H2_15,40761,trainval
1493,1189,2025-06-15,H2_15,40762,trainval
1494,1189,2025-06-15,H2_15,40763,trainval
1495,1189,2025-06-15,H2_15,40764,trainval
1496,1189,2025-06-15,H2_15,40765,trainval
1497,1189,2025-06-15,H2_15,40766,trainval
1498,1189,2025-06-15,H2_15,40767,trainval
1499,1189,2025-06-15,H2_15,40770,trainval
1500,1189,2025-06-15,H2_15,40773,trainval
1501,1189,2025-06-15,H2_15,40774,trainval
1502,1189,2025-06-15,H2_15,40776,trainval
1503,1189,2025-06-15,H2_15,40777,trainval
1504,1189,2025-06-15,H2_15,40778,trainval
1505,1189,2025-06-15,H2_15,40779,trainval
1506,1189,2025-06-15,H2_15,40780,trainval
1507,1189,2025-06-15,H2_15,40781,trainval
1508,1189,2025-06-15,H2_15,40782,trainval
1509,1189,2025-06-15,H2_15,40783,trainval
1510,1189,2025-06-15,H2_15,40784,trainval
1511,1189,2025-06-15,H2_15,40787,trainval
1512,1189,2025-06-15,H2_15,40788,trainval
1513,1189,2025-06-15,H2_30,40760,trainval
1514,1189,2025-06-15,H2_30,40761,trainval
1515,1189,2025-06-15,H2_30,40762,trainval
1516,1189,2025-06-15,H2_30,40763,trainval
1517,1189,2025-06-15,H2_30,40767,trainval
1518,1189,2025-06-15,H2_30,40768,trainval
1519,1189,2025-06-15,H2_30,40769,trainval
1520,1189,2025-06-15,H2_30,40771,trainval
1521,1189,2025-06-15,H2_30,40772,trainval
1522,1189,2025-06-15,H2_30,40773,trainval
1523,1189,2025-06-15,H2_30,40775,trainval
1524,1189,2025-06-15,H2_30,40776,trainval
1525,1189,2025-06-15,H2_30,40777,trainval
1526,1189,2025-06-15,H2_30,40778,trainval
1527,1189,2025-06-15,H2_30,40779,trainval
1528,1189,2025-06-15,H2_30,40780,trainval
1529,1189,2025-06-15,H2_30,40781,trainval
1530,1189,2025-06-15,H2_30,40782,trainval
1531,1189,2025-06-15,H2_30,40783,trainval
1532,1189,2025-06-15,H2_30,40784,trainval
1533,1189,2025-06-15,H2_30,40787,trainval
1534,1189,2025-06-15,H2_30,40789,trainval
1535,1190,2025-06-15,H1_15,40806,trainval
1536,1190,2025-06-15,H1_15,40807,trainval
1537,1190,2025-06-15,H1_15,40808,trainval
1538,1190,2025-06-15,H1_15,40809,trainval
1539,1190,2025-06-15,H1_15,40810,trainval
1540,1190,2025-06-15,H1_15,40812,trainval
1541,1190,2025-06-15,H1_15,40815,trainval
1542,1190,2025-06-15,H1_15,40817,trainval
1543,1190,2025-06-15,H1_15,40818,trainval
1544,1190,2025-06-15,H1_15,40819,trainval
1545,1190,2025-06-15,H1_15,40820,trainval
1546,1190,2025-06-15,H1_15,40822,trainval
1547,1190,2025-06-15,H1_15,40823,trainval
1548,1190,2025-06-15,H1_15,40824,trainval
1549,1190,2025-06-15,H1_15,40826,trainval
1550,1190,2025-06-15,H1_15,40827,trainval
1551,1190,2025-06-15,H1_15,40830,trainval
1552,1190,2025-06-15,H1_15,40832,trainval
1553,1190,2025-06-15,H1_15,40833,trainval
1554,1190,2025-06-15,H1_15,40834,trainval
1555,1190,2025-06-15,H1_15,40835,trainval
1556,1190,2025-06-15,H1_15,40836,trainval
1557,1190,2025-06-15,H1_30,40806,trainval
1558,1190,2025-06-15,H1_30,40807,trainval
1559,1190,2025-06-15,H1_30,40808,trainval
1560,1190,2025-06-15,H1_30,40809,trainval
1561,1190,2025-06-15,H1_30,40810,trainval
1562,1190,2025-06-15,H1_30,40812,trainval
1563,1190,2025-06-15,H1_30,40815,trainval
1564,1190,2025-06-15,H1_30,40817,trainval
1565,1190,2025-06-15,H1_30,40818,trainval
1566,1190,2025-06-15,H1_30,40819,trainval
1567,1190,2025-06-15,H1_30,40820,trainval
1568,1190,2025-06-15,H1_30,40822,trainval
1569,1190,2025-06-15,H1_30,40823,trainval
1570,1190,2025-06-15,H1_30,40824,trainval
1571,1190,2025-06-15,H1_30,40826,trainval
1572,1190,2025-06-15,H1_30,40827,trainval
1573,1190,2025-06-15,H1_30,40830,trainval
1574,1190,2025-06-15,H1_30,40832,trainval
1575,1190,2025-06-15,H1_30,40833,trainval
1576,1190,2025-06-15,H1_30,40834,trainval
1577,1190,2025-06-15,H1_30,40835,trainval
1578,1190,2025-06-15,H1_30,40836,trainval
1579,1190,2025-06-15,H1_45,40806,trainval
1580,1190,2025-06-15,H1_45,40807,trainval
1581,1190,2025-06-15,H1_45,40808,trainval
1582,1190,2025-06-15,H1_45,40809,trainval
1583,1190,2025-06-15,H1_45,40810,trainval
1584,1190,2025-06-15,H1_45,40812,trainval
1585,1190,2025-06-15,H1_45,40815,trainval
1586,1190,2025-06-15,H1_45,40817,trainval
1587,1190,2025-06-15,H1_45,40818,trainval
1588,1190,2025-06-15,H1_45,40819,trainval
1589,1190,2025-06-15,H1_45,40820,trainval
1590,1190,2025-06-15,H1_45,40822,trainval
1591,1190,2025-06-15,H1_45,40823,trainval
1592,1190,2025-06-15,H1_45,40824,trainval
1593,1190,2025-06-15,H1_45,40826,trainval
1594,1190,2025-06-15,H1_45,40827,trainval
1595,1190,2025-06-15,H1_45,40830,trainval
1596,1190,2025-06-15,H1_45,40832,trainval
1597,1190,2025-06-15,H1_45,40833,trainval
1598,1190,2025-06-15,H1_45,40834,trainval
1599,1190,2025-06-15,H1_45,40835,trainval
1600,1190,2025-06-15,H1_45,40836,trainval
1601,1190,2025-06-15,H2_15,40806,trainval
1602,1190,2025-06-15,H2_15,40807,trainval
1603,1190,2025-06-15,H2_15,40808,trainval
1604,1190,2025-06-15,H2_15,40810,trainval
1605,1190,2025-06-15,H2_15,40811,trainval
1606,1190,2025-06-15,H2_15,40813,trainval
1607,1190,2025-06-15,H2_15,40815,trainval
1608,1190,2025-06-15,H2_15,40816,trainval
1609,1190,2025-06-15,H2_15,40818,trainval
1610,1190,2025-06-15,H2_15,40819,trainval
1611,1190,2025-06-15,H2_15,40820,trainval
1612,1190,2025-06-15,H2_15,40822,trainval
1613,1190,2025-06-15,H2_15,40823,trainval
1614,1190,2025-06-15,H2_15,40824,trainval
1615,1190,2025-06-15,H2_15,40826,trainval
1616,1190,2025-06-15,H2_15,40827,trainval
1617,1190,2025-06-15,H2_15,40830,trainval
1618,1190,2025-06-15,H2_15,40832,trainval
1619,1190,2025-06-15,H2_15,40833,trainval
1620,1190,2025-06-15,H2_15,40834,trainval
1621,1190,2025-06-15,H2_15,40835,trainval
1622,1190,2025-06-15,H2_15,40836,trainval
1623,1190,2025-06-15,H2_30,40806,trainval
1624,1190,2025-06-15,H2_30,40807,trainval
1625,1190,2025-06-15,H2_30,40808,trainval
1626,1190,2025-06-15,H2_30,40810,trainval
1627,1190,2025-06-15,H2_30,40811,trainval
1628,1190,2025-06-15,H2_30,40813,trainval
1629,1190,2025-06-15,H2_30,40814,trainval
1630,1190,2025-06-15,H2_30,40815,trainval
1631,1190,2025-06-15,H2_30,40816,trainval
1632,1190,2025-06-15,H2_30,40818,trainval
1633,1190,2025-06-15,H2_30,40820,trainval
1634,1190,2025-06-15,H2_30,40822,trainval
1635,1190,2025-06-15,H2_30,40823,trainval
1636,1190,2025-06-15,H2_30,40824,trainval
1637,1190,2025-06-15,H2_30,40826,trainval
1638,1190,2025-06-15,H2_30,40828,trainval
1639,1190,2025-06-15,H2_30,40829,trainval
1640,1190,2025-06-15,H2_30,40831,trainval
1641,1190,2025-06-15,H2_30,40833,trainval
1642,1190,2025-06-15,H2_30,40834,trainval
1643,1190,2025-06-15,H2_30,40835,trainval
1644,1190,2025-06-15,H2_30,40837,trainval
1645,1191,2025-06-15,H1_15,40852,trainval
1646,1191,2025-06-15,H1_15,40853,trainval
1647,1191,2025-06-15,H1_15,40854,trainval
1648,1191,2025-06-15,H1_15,40855,trainval
1649,1191,2025-06-15,H1_15,40857,trainval
1650,1191,2025-06-15,H1_15,40858,trainval
1651,1191,2025-06-15,H1_15,40859,trainval
1652,1191,2025-06-15,H1_15,40860,trainval
1653,1191,2025-06-15,H1_15,40862,trainval
1654,1191,2025-06-15,H1_15,40863,trainval
1655,1191,2025-06-15,H1_15,40867,trainval
1656,1191,2025-06-15,H1_15,40868,trainval
1657,1191,2025-06-15,H1_15,40869,trainval
1658,1191,2025-06-15,H1_15,40870,trainval
1659,1191,2025-06-15,H1_15,40872,trainval
1660,1191,2025-06-15,H1_15,40873,trainval
1661,1191,2025-06-15,H1_15,40875,trainval
1662,1191,2025-06-15,H1_15,40879,trainval
1663,1191,2025-06-15,H1_15,40880,trainval
1664,1191,2025-06-15,H1_15,40881,trainval
1665,1191,2025-06-15,H1_15,40882,trainval
1666,1191,2025-06-15,H1_15,40883,trainval
1667,1191,2025-06-15,H1_30,40852,trainval
1668,1191,2025-06-15,H1_30,40853,trainval
1669,1191,2025-06-15,H1_30,40854,trainval
1670,1191,2025-06-15,H1_30,40855,trainval
1671,1191,2025-06-15,H1_30,40857,trainval
1672,1191,2025-06-15,H1_30,40858,trainval
1673,1191,2025-06-15,H1_30,40859,trainval
1674,1191,2025-06-15,H1_30,40860,trainval
1675,1191,2025-06-15,H1_30,40862,trainval
1676,1191,2025-06-15,H1_30,40863,trainval
1677,1191,2025-06-15,H1_30,40867,trainval
1678,1191,2025-06-15,H1_30,40868,trainval
1679,1191,2025-06-15,H1_30,40869,trainval
1680,1191,2025-06-15,H1_30,40870,trainval
1681,1191,2025-06-15,H1_30,40872,trainval
1682,1191,2025-06-15,H1_30,40873,trainval
1683,1191,2025-06-15,H1_30,40875,trainval
1684,1191,2025-06-15,H1_30,40879,trainval
1685,1191,2025-06-15,H1_30,40880,trainval
1686,1191,2025-06-15,H1_30,40881,trainval
1687,1191,2025-06-15,H1_30,40882,trainval
1688,1191,2025-06-15,H1_30,40883,trainval
1689,1191,2025-06-15,H1_45,40852,trainval
1690,1191,2025-06-15,H1_45,40853,trainval
1691,1191,2025-06-15,H1_45,40854,trainval
1692,1191,2025-06-15,H1_45,40855,trainval
1693,1191,2025-06-15,H1_45,40857,trainval
1694,1191,2025-06-15,H1_45,40858,trainval
1695,1191,2025-06-15,H1_45,40859,trainval
1696,1191,2025-06-15,H1_45,40860,trainval
1697,1191,2025-06-15,H1_45,40862,trainval
1698,1191,2025-06-15,H1_45,40863,trainval
1699,1191,2025-06-15,H1_45,40867,trainval
1700,1191,2025-06-15,H1_45,40868,trainval
1701,1191,2025-06-15,H1_45,40869,trainval
1702,1191,2025-06-15,H1_45,40870,trainval
1703,1191,2025-06-15,H1_45,40872,trainval
1704,1191,2025-06-15,H1_45,40873,trainval
1705,1191,2025-06-15,H1_45,40875,trainval
1706,1191,2025-06-15,H1_45,40879,trainval
1707,1191,2025-06-15,H1_45,40880,trainval
1708,1191,2025-06-15,H1_45,40881,trainval
1709,1191,2025-06-15,H1_45,40882,trainval
1710,1191,2025-06-15,H1_45,40883,trainval
1711,1191,2025-06-15,H2_15,40852,trainval
1712,1191,2025-06-15,H2_15,40853,trainval
1713,1191,2025-06-15,H2_15,40854,trainval
1714,1191,2025-06-15,H2_15,40855,trainval
1715,1191,2025-06-15,H2_15,40857,trainval
1716,1191,2025-06-15,H2_15,40858,trainval
1717,1191,2025-06-15,H2_15,40859,trainval
1718,1191,2025-06-15,H2_15,40860,trainval
1719,1191,2025-06-15,H2_15,40862,trainval
1720,1191,2025-06-15,H2_15,40863,trainval
1721,1191,2025-06-15,H2_15,40867,trainval
1722,1191,2025-06-15,H2_15,40868,trainval
1723,1191,2025-06-15,H2_15,40869,trainval
1724,1191,2025-06-15,H2_15,40870,trainval
1725,1191,2025-06-15,H2_15,40872,trainval
1726,1191,2025-06-15,H2_15,40873,trainval
1727,1191,2025-06-15,H2_15,40875,trainval
1728,1191,2025-06-15,H2_15,40879,trainval
1729,1191,2025-06-15,H2_15,40880,trainval
1730,1191,2025-06-15,H2_15,40881,trainval
1731,1191,2025-06-15,H2_15,40882,trainval
1732,1191,2025-06-15,H2_15,40883,trainval
1733,1191,2025-06-15,H2_30,40852,trainval
1734,1191,2025-06-15,H2_30,40853,trainval
1735,1191,2025-06-15,H2_30,40854,trainval
1736,1191,2025-06-15,H2_30,40855,trainval
1737,1191,2025-06-15,H2_30,40856,trainval
1738,1191,2025-06-15,H2_30,40857,trainval
1739,1191,2025-06-15,H2_30,40859,trainval
1740,1191,2025-06-15,H2_30,40860,trainval
1741,1191,2025-06-15,H2_30,40862,trainval
1742,1191,2025-06-15,H2_30,40864,trainval
1743,1191,2025-06-15,H2_30,40865,trainval
1744,1191,2025-06-15,H2_30,40868,trainval
1745,1191,2025-06-15,H2_30,40869,trainval
1746,1191,2025-06-15,H2_30,40870,trainval
1747,1191,2025-06-15,H2_30,40871,trainval
1748,1191,2025-06-15,H2_30,40874,trainval
1749,1191,2025-06-15,H2_30,40876,trainval
1750,1191,2025-06-15,H2_30,40877,trainval
1751,1191,2025-06-15,H2_30,40879,trainval
1752,1191,2025-06-15,H2_30,40880,trainval
1753,1191,2025-06-15,H2_30,40882,trainval
1754,1191,2025-06-15,H2_30,40883,trainval
1755,1198,2025-06-15,H1_15,41150,trainval
1756,1198,2025-06-15,H1_15,41151,trainval
1757,1198,2025-06-15,H1_15,41152,trainval
1758,1198,2025-06-15,H1_15,41153,trainval
1759,1198,2025-06-15,H1_15,41154,trainval
1760,1198,2025-06-15,H1_15,41156,trainval
1761,1198,2025-06-15,H1_15,41157,trainval
1762,1198,2025-06-15,H1_15,41160,trainval
1763,1198,2025-06-15,H1_15,41161,trainval
1764,1198,2025-06-15,H1_15,41162,trainval
1765,1198,2025-06-15,H1_15,41165,trainval
1766,1198,2025-06-15,H1_15,41166,trainval
1767,1198,2025-06-15,H1_15,41167,trainval
1768,1198,2025-06-15,H1_15,41168,trainval
1769,1198,2025-06-15,H1_15,41169,trainval
1770,1198,2025-06-15,H1_15,41170,trainval
1771,1198,2025-06-15,H1_15,41171,trainval
1772,1198,2025-06-15,H1_15,41173,trainval
1773,1198,2025-06-15,H1_15,41174,trainval
1774,1198,2025-06-15,H1_15,41178,trainval
1775,1198,2025-06-15,H1_15,41179,trainval
1776,1198,2025-06-15,H1_15,41181,trainval
1777,1198,2025-06-15,H1_30,41150,trainval
1778,1198,2025-06-15,H1_30,41151,trainval
1779,1198,2025-06-15,H1_30,41152,trainval
1780,1198,2025-06-15,H1_30,41153,trainval
1781,1198,2025-06-15,H1_30,41154,trainval
1782,1198,2025-06-15,H1_30,41156,trainval
1783,1198,2025-06-15,H1_30,41157,trainval
1784,1198,2025-06-15,H1_30,41160,trainval
1785,1198,2025-06-15,H1_30,41161,trainval
1786,1198,2025-06-15,H1_30,41162,trainval
1787,1198,2025-06-15,H1_30,41165,trainval
1788,1198,2025-06-15,H1_30,41166,trainval
1789,1198,2025-06-15,H1_30,41167,trainval
1790,1198,2025-06-15,H1_30,41168,trainval
1791,1198,2025-06-15,H1_30,41169,trainval
1792,1198,2025-06-15,H1_30,41170,trainval
1793,1198,2025-06-15,H1_30,41171,trainval
1794,1198,2025-06-15,H1_30,41173,trainval
1795,1198,2025-06-15,H1_30,41174,trainval
1796,1198,2025-06-15,H1_30,41178,trainval
1797,1198,2025-06-15,H1_30,41179,trainval
1798,1198,2025-06-15,H1_30,41181,trainval
1799,1198,2025-06-15,H1_45,41150,trainval
1800,1198,2025-06-15,H1_45,41151,trainval
1801,1198,2025-06-15,H1_45,41152,trainval
1802,1198,2025-06-15,H1_45,41153,trainval
1803,1198,2025-06-15,H1_45,41154,trainval
1804,1198,2025-06-15,H1_45,41156,trainval
1805,1198,2025-06-15,H1_45,41157,trainval
1806,1198,2025-06-15,H1_45,41160,trainval
1807,1198,2025-06-15,H1_45,41161,trainval
1808,1198,2025-06-15,H1_45,41162,trainval
1809,1198,2025-06-15,H1_45,41165,trainval
1810,1198,2025-06-15,H1_45,41166,trainval
1811,1198,2025-06-15,H1_45,41167,trainval
1812,1198,2025-06-15,H1_45,41168,trainval
1813,1198,2025-06-15,H1_45,41169,trainval
1814,1198,2025-06-15,H1_45,41170,trainval
1815,1198,2025-06-15,H1_45,41171,trainval
1816,1198,2025-06-15,H1_45,41173,trainval
1817,1198,2025-06-15,H1_45,41174,trainval
1818,1198,2025-06-15,H1_45,41178,trainval
1819,1198,2025-06-15,H1_45,41179,trainval
1820,1198,2025-06-15,H1_45,41181,trainval
1821,1198,2025-06-15,H2_15,41151,trainval
1822,1198,2025-06-15,H2_15,41153,trainval
1823,1198,2025-06-15,H2_15,41154,trainval
1824,1198,2025-06-15,H2_15,41155,trainval
1825,1198,2025-06-15,H2_15,41156,trainval
1826,1198,2025-06-15,H2_15,41158,trainval
1827,1198,2025-06-15,H2_15,41159,trainval
1828,1198,2025-06-15,H2_15,41160,trainval
1829,1198,2025-06-15,H2_15,41161,trainval
1830,1198,2025-06-15,H2_15,41162,trainval
1831,1198,2025-06-15,H2_15,41163,trainval
1832,1198,2025-06-15,H2_15,41166,trainval
1833,1198,2025-06-15,H2_15,41167,trainval
1834,1198,2025-06-15,H2_15,41168,trainval
1835,1198,2025-06-15,H2_15,41169,trainval
1836,1198,2025-06-15,H2_15,41170,trainval
1837,1198,2025-06-15,H2_15,41171,trainval
1838,1198,2025-06-15,H2_15,41173,trainval
1839,1198,2025-06-15,H2_15,41174,trainval
1840,1198,2025-06-15,H2_15,41178,trainval
1841,1198,2025-06-15,H2_15,41179,trainval
1842,1198,2025-06-15,H2_15,41181,trainval
1843,1198,2025-06-15,H2_30,41151,trainval
1844,1198,2025-06-15,H2_30,41153,trainval
1845,1198,2025-06-15,H2_30,41154,trainval
1846,1198,2025-06-15,H2_30,41155,trainval
1847,1198,2025-06-15,H2_30,41156,trainval
1848,1198,2025-06-15,H2_30,41158,trainval
1849,1198,2025-06-15,H2_30,41159,trainval
1850,1198,2025-06-15,H2_30,41160,trainval
1851,1198,2025-06-15,H2_30,41161,trainval
1852,1198,2025-06-15,H2_30,41162,trainval
1853,1198,2025-06-15,H2_30,41163,trainval
1854,1198,2025-06-15,H2_30,41166,trainval
1855,1198,2025-06-15,H2_30,41167,trainval
1856,1198,2025-06-15,H2_30,41169,trainval
1857,1198,2025-06-15,H2_30,41170,trainval
1858,1198,2025-06-15,H2_30,41171,trainval
1859,1198,2025-06-15,H2_30,41172,trainval
1860,1198,2025-06-15,H2_30,41174,trainval
1861,1198,2025-06-15,H2_30,41175,trainval
1862,1198,2025-06-15,H2_30,41179,trainval
1863,1198,2025-06-15,H2_30,41180,trainval
1864,1198,2025-06-15,H2_30,41181,trainval
1865,1200,2025-06-17,H1_15,41234,trainval
1866,1200,2025-06-17,H1_15,41235,trainval
1867,1200,2025-06-17,H1_15,41240,trainval
1868,1200,2025-06-17,H1_15,41241,trainval
1869,1200,2025-06-17,H1_15,41242,trainval
1870,1200,2025-06-17,H1_15,41243,trainval
1871,1200,2025-06-17,H1_15,41245,trainval
1872,1200,2025-06-17,H1_15,41246,trainval
1873,1200,2025-06-17,H1_15,41247,trainval
1874,1200,2025-06-17,H1_15,41248,trainval
1875,1200,2025-06-17,H1_15,41249,trainval
1876,1200,2025-06-17,H1_15,41253,trainval
1877,1200,2025-06-17,H1_15,41255,trainval
1878,1200,2025-06-17,H1_15,41257,trainval
1879,1200,2025-06-17,H1_15,41258,trainval
1880,1200,2025-06-17,H1_15,41259,trainval
1881,1200,2025-06-17,H1_15,41260,trainval
1882,1200,2025-06-17,H1_15,41261,trainval
1883,1200,2025-06-17,H1_15,41262,trainval
1884,1200,2025-06-17,H1_15,41263,trainval
1885,1200,2025-06-17,H1_15,41264,trainval
1886,1200,2025-06-17,H1_15,41265,trainval
1887,1200,2025-06-17,H1_30,41234,trainval
1888,1200,2025-06-17,H1_30,41235,trainval
1889,1200,2025-06-17,H1_30,41240,trainval
1890,1200,2025-06-17,H1_30,41241,trainval
1891,1200,2025-06-17,H1_30,41242,trainval
1892,1200,2025-06-17,H1_30,41243,trainval
1893,1200,2025-06-17,H1_30,41245,trainval
1894,1200,2025-06-17,H1_30,41246,trainval
1895,1200,2025-06-17,H1_30,41247,trainval
1896,1200,2025-06-17,H1_30,41248,trainval
1897,1200,2025-06-17,H1_30,41249,trainval
1898,1200,2025-06-17,H1_30,41253,trainval
1899,1200,2025-06-17,H1_30,41255,trainval
1900,1200,2025-06-17,H1_30,41257,trainval
1901,1200,2025-06-17,H1_30,41258,trainval
1902,1200,2025-06-17,H1_30,41259,trainval
1903,1200,2025-06-17,H1_30,41260,trainval
1904,1200,2025-06-17,H1_30,41261,trainval
1905,1200,2025-06-17,H1_30,41262,trainval
1906,1200,2025-06-17,H1_30,41263,trainval
1907,1200,2025-06-17,H1_30,41264,trainval
1908,1200,2025-06-17,H1_30,41265,trainval
1909,1200,2025-06-17,H1_45,41234,trainval
1910,1200,2025-06-17,H1_45,41235,trainval
1911,1200,2025-06-17,H1_45,41240,trainval
1912,1200,2025-06-17,H1_45,41241,trainval
1913,1200,2025-06-17,H1_45,41242,trainval
1914,1200,2025-06-17,H1_45,41243,trainval
1915,1200,2025-06-17,H1_45,41245,trainval
1916,1200,2025-06-17,H1_45,41246,trainval
1917,1200,2025-06-17,H1_45,41247,trainval
1918,1200,2025-06-17,H1_45,41248,trainval
1919,1200,2025-06-17,H1_45,41249,trainval
1920,1200,2025-06-17,H1_45,41253,trainval
1921,1200,2025-06-17,H1_45,41255,trainval
1922,1200,2025-06-17,H1_45,41257,trainval
1923,1200,2025-06-17,H1_45,41258,trainval
1924,1200,2025-06-17,H1_45,41259,trainval
1925,1200,2025-06-17,H1_45,41260,trainval
1926,1200,2025-06-17,H1_45,41261,trainval
1927,1200,2025-06-17,H1_45,41262,trainval
1928,1200,2025-06-17,H1_45,41263,trainval
1929,1200,2025-06-17,H1_45,41264,trainval
1930,1200,2025-06-17,H1_45,41265,trainval
1931,1200,2025-06-17,H2_15,41234,trainval
1932,1200,2025-06-17,H2_15,41235,trainval
1933,1200,2025-06-17,H2_15,41240,trainval
1934,1200,2025-06-17,H2_15,41241,trainval
1935,1200,2025-06-17,H2_15,41242,trainval
1936,1200,2025-06-17,H2_15,41243,trainval
1937,1200,2025-06-17,H2_15,41245,trainval
1938,1200,2025-06-17,H2_15,41246,trainval
1939,1200,2025-06-17,H2_15,41247,trainval
1940,1200,2025-06-17,H2_15,41248,trainval
1941,1200,2025-06-17,H2_15,41249,trainval
1942,1200,2025-06-17,H2_15,41253,trainval
1943,1200,2025-06-17,H2_15,41255,trainval
1944,1200,2025-06-17,H2_15,41257,trainval
1945,1200,2025-06-17,H2_15,41258,trainval
1946,1200,2025-06-17,H2_15,41259,trainval
1947,1200,2025-06-17,H2_15,41260,trainval
1948,1200,2025-06-17,H2_15,41261,trainval
1949,1200,2025-06-17,H2_15,41262,trainval
1950,1200,2025-06-17,H2_15,41263,trainval
1951,1200,2025-06-17,H2_15,41264,trainval
1952,1200,2025-06-17,H2_15,41265,trainval
1953,1200,2025-06-17,H2_30,41235,trainval
1954,1200,2025-06-17,H2_30,41237,trainval
1955,1200,2025-06-17,H2_30,41238,trainval
1956,1200,2025-06-17,H2_30,41239,trainval
1957,1200,2025-06-17,H2_30,41240,trainval
1958,1200,2025-06-17,H2_30,41241,trainval
1959,1200,2025-06-17,H2_30,41242,trainval
1960,1200,2025-06-17,H2_30,41243,trainval
1961,1200,2025-06-17,H2_30,41244,trainval
1962,1200,2025-06-17,H2_30,41246,trainval
1963,1200,2025-06-17,H2_30,41249,trainval
1964,1200,2025-06-17,H2_30,41253,trainval
1965,1200,2025-06-17,H2_30,41254,trainval
1966,1200,2025-06-17,H2_30,41256,trainval
1967,1200,2025-06-17,H2_30,41257,trainval
1968,1200,2025-06-17,H2_30,41258,trainval
1969,1200,2025-06-17,H2_30,41259,trainval
1970,1200,2025-06-17,H2_30,41260,trainval
1971,1200,2025-06-17,H2_30,41261,trainval
1972,1200,2025-06-17,H2_30,41262,trainval
1973,1200,2025-06-17,H2_30,41263,trainval
1974,1200,2025-06-17,H2_30,41265,trainval
1975,1201,2025-06-17,H1_15,65759,trainval
1976,1201,2025-06-17,H1_15,65761,trainval
1977,1201,2025-06-17,H1_15,65762,trainval
1978,1201,2025-06-17,H1_15,65765,trainval
1979,1201,2025-06-17,H1_15,65767,trainval
1980,1201,2025-06-17,H1_15,65768,trainval
1981,1201,2025-06-17,H1_15,65769,trainval
1982,1201,2025-06-17,H1_15,65770,trainval
1983,1201,2025-06-17,H1_15,65771,trainval
1984,1201,2025-06-17,H1_15,65772,trainval
1985,1201,2025-06-17,H1_15,65774,trainval
1986,1201,2025-06-17,H1_15,65775,trainval
1987,1201,2025-06-17,H1_15,65776,trainval
1988,1201,2025-06-17,H1_15,65778,trainval
1989,1201,2025-06-17,H1_15,65780,trainval
1990,1201,2025-06-17,H1_15,65781,trainval
1991,1201,2025-06-17,H1_15,65783,trainval
1992,1201,2025-06-17,H1_15,65784,trainval
1993,1201,2025-06-17,H1_15,65785,trainval
1994,1201,2025-06-17,H1_15,65786,trainval
1995,1201,2025-06-17,H1_15,65787,trainval
1996,1201,2025-06-17,H1_15,65788,trainval
1997,1201,2025-06-17,H1_30,65759,trainval
1998,1201,2025-06-17,H1_30,65761,trainval
1999,1201,2025-06-17,H1_30,65762,trainval
2000,1201,2025-06-17,H1_30,65765,trainval
2001,1201,2025-06-17,H1_30,65767,trainval
2002,1201,2025-06-17,H1_30,65768,trainval
2003,1201,2025-06-17,H1_30,65769,trainval
2004,1201,2025-06-17,H1_30,65770,trainval
2005,1201,2025-06-17,H1_30,65771,trainval
2006,1201,2025-06-17,H1_30,65772,trainval
2007,1201,2025-06-17,H1_30,65774,trainval
2008,1201,2025-06-17,H1_30,65775,trainval
2009,1201,2025-06-17,H1_30,65776,trainval
2010,1201,2025-06-17,H1_30,65778,trainval
2011,1201,2025-06-17,H1_30,65780,trainval
2012,1201,2025-06-17,H1_30,65781,trainval
2013,1201,2025-06-17,H1_30,65783,trainval
2014,1201,2025-06-17,H1_30,65784,trainval
2015,1201,2025-06-17,H1_30,65785,trainval
2016,1201,2025-06-17,H1_30,65786,trainval
2017,1201,2025-06-17,H1_30,65787,trainval
2018,1201,2025-06-17,H1_30,65788,trainval
2019,1201,2025-06-17,H1_45,65759,trainval
2020,1201,2025-06-17,H1_45,65761,trainval
2021,1201,2025-06-17,H1_45,65762,trainval
2022,1201,2025-06-17,H1_45,65765,trainval
2023,1201,2025-06-17,H1_45,65767,trainval
2024,1201,2025-06-17,H1_45,65768,trainval
2025,1201,2025-06-17,H1_45,65769,trainval
2026,1201,2025-06-17,H1_45,65770,trainval
2027,1201,2025-06-17,H1_45,65771,trainval
2028,1201,2025-06-17,H1_45,65772,trainval
2029,1201,2025-06-17,H1_45,65774,trainval
2030,1201,2025-06-17,H1_45,65775,trainval
2031,1201,2025-06-17,H1_45,65776,trainval
2032,1201,2025-06-17,H1_45,65778,trainval
2033,1201,2025-06-17,H1_45,65780,trainval
2034,1201,2025-06-17,H1_45,65781,trainval
2035,1201,2025-06-17,H1_45,65783,trainval
2036,1201,2025-06-17,H1_45,65784,trainval
2037,1201,2025-06-17,H1_45,65785,trainval
2038,1201,2025-06-17,H1_45,65786,trainval
2039,1201,2025-06-17,H1_45,65787,trainval
2040,1201,2025-06-17,H1_45,65788,trainval
2041,1201,2025-06-17,H2_15,65759,trainval
2042,1201,2025-06-17,H2_15,65761,trainval
2043,1201,2025-06-17,H2_15,65762,trainval
2044,1201,2025-06-17,H2_15,65765,trainval
2045,1201,2025-06-17,H2_15,65767,trainval
2046,1201,2025-06-17,H2_15,65768,trainval
2047,1201,2025-06-17,H2_15,65769,trainval
2048,1201,2025-06-17,H2_15,65770,trainval
2049,1201,2025-06-17,H2_15,65771,trainval
2050,1201,2025-06-17,H2_15,65772,trainval
2051,1201,2025-06-17,H2_15,65774,trainval
2052,1201,2025-06-17,H2_15,65775,trainval
2053,1201,2025-06-17,H2_15,65777,trainval
2054,1201,2025-06-17,H2_15,65778,trainval
2055,1201,2025-06-17,H2_15,65780,trainval
2056,1201,2025-06-17,H2_15,65781,trainval
2057,1201,2025-06-17,H2_15,65783,trainval
2058,1201,2025-06-17,H2_15,65784,trainval
2059,1201,2025-06-17,H2_15,65785,trainval
2060,1201,2025-06-17,H2_15,65787,trainval
2061,1201,2025-06-17,H2_15,65788,trainval
2062,1201,2025-06-17,H2_15,65789,trainval
2063,1201,2025-06-17,H2_30,65759,trainval
2064,1201,2025-06-17,H2_30,65761,trainval
2065,1201,2025-06-17,H2_30,65763,trainval
2066,1201,2025-06-17,H2_30,65766,trainval
2067,1201,2025-06-17,H2_30,65768,trainval
2068,1201,2025-06-17,H2_30,65769,trainval
2069,1201,2025-06-17,H2_30,65770,trainval
2070,1201,2025-06-17,H2_30,65771,trainval
2071,1201,2025-06-17,H2_30,65772,trainval
2072,1201,2025-06-17,H2_30,65773,trainval
2073,1201,2025-06-17,H2_30,65774,trainval
2074,1201,2025-06-17,H2_30,65775,trainval
2075,1201,2025-06-17,H2_30,65777,trainval
2076,1201,2025-06-17,H2_30,65778,trainval
2077,1201,2025-06-17,H2_30,65779,trainval
2078,1201,2025-06-17,H2_30,65780,trainval
2079,1201,2025-06-17,H2_30,65783,trainval
2080,1201,2025-06-17,H2_30,65784,trainval
2081,1201,2025-06-17,H2_30,65785,trainval
2082,1201,2025-06-17,H2_30,65787,trainval
2083,1201,2025-06-17,H2_30,65788,trainval
2084,1201,2025-06-17,H2_30,65789,trainval
2085,1202,2025-06-17,H1_15,41326,trainval
2086,1202,2025-06-17,H1_15,41327,trainval
2087,1202,2025-06-17,H1_15,41328,trainval
2088,1202,2025-06-17,H1_15,41329,trainval
2089,1202,2025-06-17,H1_15,41330,trainval
2090,1202,2025-06-17,H1_15,41331,trainval
2091,1202,2025-06-17,H1_15,41332,trainval
2092,1202,2025-06-17,H1_15,41333,trainval
2093,1202,2025-06-17,H1_15,41335,trainval
2094,1202,2025-06-17,H1_15,41338,trainval
2095,1202,2025-06-17,H1_15,41339,trainval
2096,1202,2025-06-17,H1_15,41341,trainval
2097,1202,2025-06-17,H1_15,41342,trainval
2098,1202,2025-06-17,H1_15,41343,trainval
2099,1202,2025-06-17,H1_15,41344,trainval
2100,1202,2025-06-17,H1_15,41345,trainval
2101,1202,2025-06-17,H1_15,41346,trainval
2102,1202,2025-06-17,H1_15,41348,trainval
2103,1202,2025-06-17,H1_15,41349,trainval
2104,1202,2025-06-17,H1_15,41353,trainval
2105,1202,2025-06-17,H1_15,41355,trainval
2106,1202,2025-06-17,H1_15,41356,trainval
2107,1202,2025-06-17,H1_30,41326,trainval
2108,1202,2025-06-17,H1_30,41327,trainval
2109,1202,2025-06-17,H1_30,41328,trainval
2110,1202,2025-06-17,H1_30,41329,trainval
2111,1202,2025-06-17,H1_30,41330,trainval
2112,1202,2025-06-17,H1_30,41331,trainval
2113,1202,2025-06-17,H1_30,41332,trainval
2114,1202,2025-06-17,H1_30,41333,trainval
2115,1202,2025-06-17,H1_30,41335,trainval
2116,1202,2025-06-17,H1_30,41338,trainval
2117,1202,2025-06-17,H1_30,41339,trainval
2118,1202,2025-06-17,H1_30,41341,trainval
2119,1202,2025-06-17,H1_30,41342,trainval
2120,1202,2025-06-17,H1_30,41343,trainval
2121,1202,2025-06-17,H1_30,41344,trainval
2122,1202,2025-06-17,H1_30,41345,trainval
2123,1202,2025-06-17,H1_30,41346,trainval
2124,1202,2025-06-17,H1_30,41348,trainval
2125,1202,2025-06-17,H1_30,41349,trainval
2126,1202,2025-06-17,H1_30,41353,trainval
2127,1202,2025-06-17,H1_30,41355,trainval
2128,1202,2025-06-17,H1_30,41356,trainval
2129,1202,2025-06-17,H1_45,41326,trainval
2130,1202,2025-06-17,H1_45,41327,trainval
2131,1202,2025-06-17,H1_45,41328,trainval
2132,1202,2025-06-17,H1_45,41329,trainval
2133,1202,2025-06-17,H1_45,41330,trainval
2134,1202,2025-06-17,H1_45,41331,trainval
2135,1202,2025-06-17,H1_45,41332,trainval
2136,1202,2025-06-17,H1_45,41333,trainval
2137,1202,2025-06-17,H1_45,41335,trainval
2138,1202,2025-06-17,H1_45,41338,trainval
2139,1202,2025-06-17,H1_45,41339,trainval
2140,1202,2025-06-17,H1_45,41341,trainval
2141,1202,2025-06-17,H1_45,41342,trainval
2142,1202,2025-06-17,H1_45,41343,trainval
2143,1202,2025-06-17,H1_45,41344,trainval
2144,1202,2025-06-17,H1_45,41345,trainval
2145,1202,2025-06-17,H1_45,41346,trainval
2146,1202,2025-06-17,H1_45,41348,trainval
2147,1202,2025-06-17,H1_45,41349,trainval
2148,1202,2025-06-17,H1_45,41353,trainval
2149,1202,2025-06-17,H1_45,41355,trainval
2150,1202,2025-06-17,H1_45,41356,trainval
2151,1202,2025-06-17,H2_15,41325,trainval
2152,1202,2025-06-17,H2_15,41326,trainval
2153,1202,2025-06-17,H2_15,41327,trainval
2154,1202,2025-06-17,H2_15,41328,trainval
2155,1202,2025-06-17,H2_15,41329,trainval
2156,1202,2025-06-17,H2_15,41330,trainval
2157,1202,2025-06-17,H2_15,41333,trainval
2158,1202,2025-06-17,H2_15,41335,trainval
2159,1202,2025-06-17,H2_15,41336,trainval
2160,1202,2025-06-17,H2_15,41338,trainval
2161,1202,2025-06-17,H2_15,41340,trainval
2162,1202,2025-06-17,H2_15,41341,trainval
2163,1202,2025-06-17,H2_15,41342,trainval
2164,1202,2025-06-17,H2_15,41343,trainval
2165,1202,2025-06-17,H2_15,41344,trainval
2166,1202,2025-06-17,H2_15,41345,trainval
2167,1202,2025-06-17,H2_15,41346,trainval
2168,1202,2025-06-17,H2_15,41348,trainval
2169,1202,2025-06-17,H2_15,41351,trainval
2170,1202,2025-06-17,H2_15,41352,trainval
2171,1202,2025-06-17,H2_15,41355,trainval
2172,1202,2025-06-17,H2_15,41356,trainval
2173,1202,2025-06-17,H2_30,41325,trainval
2174,1202,2025-06-17,H2_30,41326,trainval
2175,1202,2025-06-17,H2_30,41327,trainval
2176,1202,2025-06-17,H2_30,41328,trainval
2177,1202,2025-06-17,H2_30,41330,trainval
2178,1202,2025-06-17,H2_30,41333,trainval
2179,1202,2025-06-17,H2_30,41335,trainval
2180,1202,2025-06-17,H2_30,41336,trainval
2181,1202,2025-06-17,H2_30,41337,trainval
2182,1202,2025-06-17,H2_30,41338,trainval
2183,1202,2025-06-17,H2_30,41340,trainval
2184,1202,2025-06-17,H2_30,41341,trainval
2185,1202,2025-06-17,H2_30,41342,trainval
2186,1202,2025-06-17,H2_30,41343,trainval
2187,1202,2025-06-17,H2_30,41344,trainval
2188,1202,2025-06-17,H2_30,41346,trainval
2189,1202,2025-06-17,H2_30,41347,trainval
2190,1202,2025-06-17,H2_30,41351,trainval
2191,1202,2025-06-17,H2_30,41352,trainval
2192,1202,2025-06-17,H2_30,41354,trainval
2193,1202,2025-06-17,H2_30,41355,trainval
2194,1202,2025-06-17,H2_30,41356,trainval
2195,1204,2025-06-18,H1_15,41415,trainval
2196,1204,2025-06-18,H1_15,41416,trainval
2197,1204,2025-06-18,H1_15,41417,trainval
2198,1204,2025-06-18,H1_15,41419,trainval
2199,1204,2025-06-18,H1_15,41421,trainval
2200,1204,2025-06-18,H1_15,41423,trainval
2201,1204,2025-06-18,H1_15,41424,trainval
2202,1204,2025-06-18,H1_15,41425,trainval
2203,1204,2025-06-18,H1_15,41427,trainval
2204,1204,2025-06-18,H1_15,41428,trainval
2205,1204,2025-06-18,H1_15,41430,trainval
2206,1204,2025-06-18,H1_15,41431,trainval
2207,1204,2025-06-18,H1_15,41432,trainval
2208,1204,2025-06-18,H1_15,41433,trainval
2209,1204,2025-06-18,H1_15,41434,trainval
2210,1204,2025-06-18,H1_15,41435,trainval
2211,1204,2025-06-18,H1_15,41436,trainval
2212,1204,2025-06-18,H1_15,41438,trainval
2213,1204,2025-06-18,H1_15,41440,trainval
2214,1204,2025-06-18,H1_15,41443,trainval
2215,1204,2025-06-18,H1_15,41445,trainval
2216,1204,2025-06-18,H1_15,41446,trainval
2217,1204,2025-06-18,H1_30,41415,trainval
2218,1204,2025-06-18,H1_30,41416,trainval
2219,1204,2025-06-18,H1_30,41417,trainval
2220,1204,2025-06-18,H1_30,41419,trainval
2221,1204,2025-06-18,H1_30,41421,trainval
2222,1204,2025-06-18,H1_30,41423,trainval
2223,1204,2025-06-18,H1_30,41424,trainval
2224,1204,2025-06-18,H1_30,41425,trainval
2225,1204,2025-06-18,H1_30,41427,trainval
2226,1204,2025-06-18,H1_30,41428,trainval
2227,1204,2025-06-18,H1_30,41430,trainval
2228,1204,2025-06-18,H1_30,41431,trainval
2229,1204,2025-06-18,H1_30,41432,trainval
2230,1204,2025-06-18,H1_30,41433,trainval
2231,1204,2025-06-18,H1_30,41434,trainval
2232,1204,2025-06-18,H1_30,41435,trainval
2233,1204,2025-06-18,H1_30,41436,trainval
2234,1204,2025-06-18,H1_30,41438,trainval
2235,1204,2025-06-18,H1_30,41440,trainval
2236,1204,2025-06-18,H1_30,41443,trainval
2237,1204,2025-06-18,H1_30,41445,trainval
2238,1204,2025-06-18,H1_30,41446,trainval
2239,1204,2025-06-18,H1_45,41415,trainval
2240,1204,2025-06-18,H1_45,41416,trainval
2241,1204,2025-06-18,H1_45,41417,trainval
2242,1204,2025-06-18,H1_45,41419,trainval
2243,1204,2025-06-18,H1_45,41421,trainval
2244,1204,2025-06-18,H1_45,41423,trainval
2245,1204,2025-06-18,H1_45,41424,trainval
2246,1204,2025-06-18,H1_45,41425,trainval
2247,1204,2025-06-18,H1_45,41427,trainval
2248,1204,2025-06-18,H1_45,41428,trainval
2249,1204,2025-06-18,H1_45,41430,trainval
2250,1204,2025-06-18,H1_45,41431,trainval
2251,1204,2025-06-18,H1_45,41432,trainval
2252,1204,2025-06-18,H1_45,41433,trainval
2253,1204,2025-06-18,H1_45,41434,trainval
2254,1204,2025-06-18,H1_45,41435,trainval
2255,1204,2025-06-18,H1_45,41436,trainval
2256,1204,2025-06-18,H1_45,41438,trainval
2257,1204,2025-06-18,H1_45,41440,trainval
2258,1204,2025-06-18,H1_45,41443,trainval
2259,1204,2025-06-18,H1_45,41445,trainval
2260,1204,2025-06-18,H1_45,41446,trainval
2261,1204,2025-06-18,H2_15,41415,trainval
2262,1204,2025-06-18,H2_15,41416,trainval
2263,1204,2025-06-18,H2_15,41417,trainval
2264,1204,2025-06-18,H2_15,41419,trainval
2265,1204,2025-06-18,H2_15,41420,trainval
2266,1204,2025-06-18,H2_15,41421,trainval
2267,1204,2025-06-18,H2_15,41422,trainval
2268,1204,2025-06-18,H2_15,41424,trainval
2269,1204,2025-06-18,H2_15,41426,trainval
2270,1204,2025-06-18,H2_15,41428,trainval
2271,1204,2025-06-18,H2_15,41430,trainval
2272,1204,2025-06-18,H2_15,41431,trainval
2273,1204,2025-06-18,H2_15,41432,trainval
2274,1204,2025-06-18,H2_15,41433,trainval
2275,1204,2025-06-18,H2_15,41434,trainval
2276,1204,2025-06-18,H2_15,41435,trainval
2277,1204,2025-06-18,H2_15,41436,trainval
2278,1204,2025-06-18,H2_15,41437,trainval
2279,1204,2025-06-18,H2_15,41438,trainval
2280,1204,2025-06-18,H2_15,41443,trainval
2281,1204,2025-06-18,H2_15,41445,trainval
2282,1204,2025-06-18,H2_15,41446,trainval
2283,1204,2025-06-18,H2_30,41415,trainval
2284,1204,2025-06-18,H2_30,41416,trainval
2285,1204,2025-06-18,H2_30,41417,trainval
2286,1204,2025-06-18,H2_30,41419,trainval
2287,1204,2025-06-18,H2_30,41420,trainval
2288,1204,2025-06-18,H2_30,41421,trainval
2289,1204,2025-06-18,H2_30,41422,trainval
2290,1204,2025-06-18,H2_30,41424,trainval
2291,1204,2025-06-18,H2_30,41426,trainval
2292,1204,2025-06-18,H2_30,41428,trainval
2293,1204,2025-06-18,H2_30,41430,trainval
2294,1204,2025-06-18,H2_30,41431,trainval
2295,1204,2025-06-18,H2_30,41432,trainval
2296,1204,2025-06-18,H2_30,41433,trainval
2297,1204,2025-06-18,H2_30,41434,trainval
2298,1204,2025-06-18,H2_30,41435,trainval
2299,1204,2025-06-18,H2_30,41436,trainval
2300,1204,2025-06-18,H2_30,41437,trainval
2301,1204,2025-06-18,H2_30,41439,trainval
2302,1204,2025-06-18,H2_30,41441,trainval
2303,1204,2025-06-18,H2_30,41442,trainval
2304,1204,2025-06-18,H2_30,41443,trainval
2305,1205,2025-06-18,H1_15,41460,trainval
2306,1205,2025-06-18,H1_15,41461,trainval
2307,1205,2025-06-18,H1_15,41462,trainval
2308,1205,2025-06-18,H1_15,41463,trainval
2309,1205,2025-06-18,H1_15,41465,trainval
2310,1205,2025-06-18,H1_15,41467,trainval
2311,1205,2025-06-18,H1_15,41468,trainval
2312,1205,2025-06-18,H1_15,41469,trainval
2313,1205,2025-06-18,H1_15,41471,trainval
2314,1205,2025-06-18,H1_15,41472,trainval
2315,1205,2025-06-18,H1_15,41474,trainval
2316,1205,2025-06-18,H1_15,41475,trainval
2317,1205,2025-06-18,H1_15,41476,trainval
2318,1205,2025-06-18,H1_15,41477,trainval
2319,1205,2025-06-18,H1_15,41478,trainval
2320,1205,2025-06-18,H1_15,41480,trainval
2321,1205,2025-06-18,H1_15,41481,trainval
2322,1205,2025-06-18,H1_15,41483,trainval
2323,1205,2025-06-18,H1_15,41484,trainval
2324,1205,2025-06-18,H1_15,41485,trainval
2325,1205,2025-06-18,H1_15,41488,trainval
2326,1205,2025-06-18,H1_15,41489,trainval
2327,1205,2025-06-18,H1_30,41460,trainval
2328,1205,2025-06-18,H1_30,41461,trainval
2329,1205,2025-06-18,H1_30,41462,trainval
2330,1205,2025-06-18,H1_30,41463,trainval
2331,1205,2025-06-18,H1_30,41465,trainval
2332,1205,2025-06-18,H1_30,41467,trainval
2333,1205,2025-06-18,H1_30,41468,trainval
2334,1205,2025-06-18,H1_30,41469,trainval
2335,1205,2025-06-18,H1_30,41471,trainval
2336,1205,2025-06-18,H1_30,41472,trainval
2337,1205,2025-06-18,H1_30,41474,trainval
2338,1205,2025-06-18,H1_30,41475,trainval
2339,1205,2025-06-18,H1_30,41476,trainval
2340,1205,2025-06-18,H1_30,41477,trainval
2341,1205,2025-06-18,H1_30,41478,trainval
2342,1205,2025-06-18,H1_30,41480,trainval
2343,1205,2025-06-18,H1_30,41481,trainval
2344,1205,2025-06-18,H1_30,41483,trainval
2345,1205,2025-06-18,H1_30,41484,trainval
2346,1205,2025-06-18,H1_30,41485,trainval
2347,1205,2025-06-18,H1_30,41488,trainval
2348,1205,2025-06-18,H1_30,41489,trainval
2349,1205,2025-06-18,H1_45,41460,trainval
2350,1205,2025-06-18,H1_45,41461,trainval
2351,1205,2025-06-18,H1_45,41462,trainval
2352,1205,2025-06-18,H1_45,41463,trainval
2353,1205,2025-06-18,H1_45,41465,trainval
2354,1205,2025-06-18,H1_45,41467,trainval
2355,1205,2025-06-18,H1_45,41468,trainval
2356,1205,2025-06-18,H1_45,41469,trainval
2357,1205,2025-06-18,H1_45,41471,trainval
2358,1205,2025-06-18,H1_45,41472,trainval
2359,1205,2025-06-18,H1_45,41474,trainval
2360,1205,2025-06-18,H1_45,41475,trainval
2361,1205,2025-06-18,H1_45,41476,trainval
2362,1205,2025-06-18,H1_45,41477,trainval
2363,1205,2025-06-18,H1_45,41478,trainval
2364,1205,2025-06-18,H1_45,41480,trainval
2365,1205,2025-06-18,H1_45,41481,trainval
2366,1205,2025-06-18,H1_45,41483,trainval
2367,1205,2025-06-18,H1_45,41484,trainval
2368,1205,2025-06-18,H1_45,41485,trainval
2369,1205,2025-06-18,H1_45,41488,trainval
2370,1205,2025-06-18,H1_45,41489,trainval
2371,1205,2025-06-18,H2_15,41460,trainval
2372,1205,2025-06-18,H2_15,41461,trainval
2373,1205,2025-06-18,H2_15,41462,trainval
2374,1205,2025-06-18,H2_15,41463,trainval
2375,1205,2025-06-18,H2_15,41465,trainval
2376,1205,2025-06-18,H2_15,41467,trainval
2377,1205,2025-06-18,H2_15,41468,trainval
2378,1205,2025-06-18,H2_15,41469,trainval
2379,1205,2025-06-18,H2_15,41471,trainval
2380,1205,2025-06-18,H2_15,41472,trainval
2381,1205,2025-06-18,H2_15,41474,trainval
2382,1205,2025-06-18,H2_15,41475,trainval
2383,1205,2025-06-18,H2_15,41476,trainval
2384,1205,2025-06-18,H2_15,41477,trainval
2385,1205,2025-06-18,H2_15,41478,trainval
2386,1205,2025-06-18,H2_15,41480,trainval
2387,1205,2025-06-18,H2_15,41481,trainval
2388,1205,2025-06-18,H2_15,41483,trainval
2389,1205,2025-06-18,H2_15,41484,trainval
2390,1205,2025-06-18,H2_15,41485,trainval
2391,1205,2025-06-18,H2_15,41488,trainval
2392,1205,2025-06-18,H2_15,41489,trainval
2393,1205,2025-06-18,H2_30,41460,trainval
2394,1205,2025-06-18,H2_30,41461,trainval
2395,1205,2025-06-18,H2_30,41462,trainval
2396,1205,2025-06-18,H2_30,41463,trainval
2397,1205,2025-06-18,H2_30,41464,trainval
2398,1205,2025-06-18,H2_30,41467,trainval
2399,1205,2025-06-18,H2_30,41468,trainval
2400,1205,2025-06-18,H2_30,41469,trainval
2401,1205,2025-06-18,H2_30,41471,trainval
2402,1205,2025-06-18,H2_30,41472,trainval
2403,1205,2025-06-18,H2_30,41475,trainval
2404,1205,2025-06-18,H2_30,41476,trainval
2405,1205,2025-06-18,H2_30,41478,trainval
2406,1205,2025-06-18,H2_30,41481,trainval
2407,1205,2025-06-18,H2_30,41482,trainval
2408,1205,2025-06-18,H2_30,41484,trainval
2409,1205,2025-06-18,H2_30,41485,trainval
2410,1205,2025-06-18,H2_30,41486,trainval
2411,1205,2025-06-18,H2_30,41487,trainval
2412,1205,2025-06-18,H2_30,41488,trainval
2413,1205,2025-06-18,H2_30,41494,trainval
2414,1205,2025-06-18,H2_30,41501,trainval
2415,1206,2025-06-18,H1_15,41505,trainval
2416,1206,2025-06-18,H1_15,41506,trainval
2417,1206,2025-06-18,H1_15,41507,trainval
2418,1206,2025-06-18,H1_15,41509,trainval
2419,1206,2025-06-18,H1_15,41510,trainval
2420,1206,2025-06-18,H1_15,41512,trainval
2421,1206,2025-06-18,H1_15,41514,trainval
2422,1206,2025-06-18,H1_15,41515,trainval
2423,1206,2025-06-18,H1_15,41517,trainval
2424,1206,2025-06-18,H1_15,41518,trainval
2425,1206,2025-06-18,H1_15,41519,trainval
2426,1206,2025-06-18,H1_15,41524,trainval
2427,1206,2025-06-18,H1_15,41525,trainval
2428,1206,2025-06-18,H1_15,41527,trainval
2429,1206,2025-06-18,H1_15,41528,trainval
2430,1206,2025-06-18,H1_15,41529,trainval
2431,1206,2025-06-18,H1_15,41530,trainval
2432,1206,2025-06-18,H1_15,41531,trainval
2433,1206,2025-06-18,H1_15,41532,trainval
2434,1206,2025-06-18,H1_15,41533,trainval
2435,1206,2025-06-18,H1_15,41535,trainval
2436,1206,2025-06-18,H1_15,41536,trainval
2437,1206,2025-06-18,H1_30,41505,trainval
2438,1206,2025-06-18,H1_30,41506,trainval
2439,1206,2025-06-18,H1_30,41507,trainval
2440,1206,2025-06-18,H1_30,41509,trainval
2441,1206,2025-06-18,H1_30,41510,trainval
2442,1206,2025-06-18,H1_30,41512,trainval
2443,1206,2025-06-18,H1_30,41514,trainval
2444,1206,2025-06-18,H1_30,41515,trainval
2445,1206,2025-06-18,H1_30,41517,trainval
2446,1206,2025-06-18,H1_30,41518,trainval
2447,1206,2025-06-18,H1_30,41519,trainval
2448,1206,2025-06-18,H1_30,41524,trainval
2449,1206,2025-06-18,H1_30,41525,trainval
2450,1206,2025-06-18,H1_30,41527,trainval
2451,1206,2025-06-18,H1_30,41528,trainval
2452,1206,2025-06-18,H1_30,41529,trainval
2453,1206,2025-06-18,H1_30,41530,trainval
2454,1206,2025-06-18,H1_30,41531,trainval
2455,1206,2025-06-18,H1_30,41532,trainval
2456,1206,2025-06-18,H1_30,41533,trainval
2457,1206,2025-06-18,H1_30,41535,trainval
2458,1206,2025-06-18,H1_30,41536,trainval
2459,1206,2025-06-18,H1_45,41505,trainval
2460,1206,2025-06-18,H1_45,41506,trainval
2461,1206,2025-06-18,H1_45,41507,trainval
2462,1206,2025-06-18,H1_45,41509,trainval
2463,1206,2025-06-18,H1_45,41510,trainval
2464,1206,2025-06-18,H1_45,41512,trainval
2465,1206,2025-06-18,H1_45,41514,trainval
2466,1206,2025-06-18,H1_45,41515,trainval
2467,1206,2025-06-18,H1_45,41517,trainval
2468,1206,2025-06-18,H1_45,41518,trainval
2469,1206,2025-06-18,H1_45,41519,trainval
2470,1206,2025-06-18,H1_45,41524,trainval
2471,1206,2025-06-18,H1_45,41525,trainval
2472,1206,2025-06-18,H1_45,41527,trainval
2473,1206,2025-06-18,H1_45,41528,trainval
2474,1206,2025-06-18,H1_45,41529,trainval
2475,1206,2025-06-18,H1_45,41530,trainval
2476,1206,2025-06-18,H1_45,41531,trainval
2477,1206,2025-06-18,H1_45,41532,trainval
2478,1206,2025-06-18,H1_45,41533,trainval
2479,1206,2025-06-18,H1_45,41535,trainval
2480,1206,2025-06-18,H1_45,41536,trainval
2481,1206,2025-06-18,H2_15,41505,trainval
2482,1206,2025-06-18,H2_15,41506,trainval
2483,1206,2025-06-18,H2_15,41507,trainval
2484,1206,2025-06-18,H2_15,41509,trainval
2485,1206,2025-06-18,H2_15,41511,trainval
2486,1206,2025-06-18,H2_15,41512,trainval
2487,1206,2025-06-18,H2_15,41513,trainval
2488,1206,2025-06-18,H2_15,41514,trainval
2489,1206,2025-06-18,H2_15,41516,trainval
2490,1206,2025-06-18,H2_15,41518,trainval
2491,1206,2025-06-18,H2_15,41519,trainval
2492,1206,2025-06-18,H2_15,41524,trainval
2493,1206,2025-06-18,H2_15,41525,trainval
2494,1206,2025-06-18,H2_15,41527,trainval
2495,1206,2025-06-18,H2_15,41528,trainval
2496,1206,2025-06-18,H2_15,41529,trainval
2497,1206,2025-06-18,H2_15,41530,trainval
2498,1206,2025-06-18,H2_15,41531,trainval
2499,1206,2025-06-18,H2_15,41532,trainval
2500,1206,2025-06-18,H2_15,41533,trainval
2501,1206,2025-06-18,H2_15,41535,trainval
2502,1206,2025-06-18,H2_15,41536,trainval
2503,1206,2025-06-18,H2_30,41505,trainval
2504,1206,2025-06-18,H2_30,41506,trainval
2505,1206,2025-06-18,H2_30,41507,trainval
2506,1206,2025-06-18,H2_30,41508,trainval
2507,1206,2025-06-18,H2_30,41511,trainval
2508,1206,2025-06-18,H2_30,41512,trainval
2509,1206,2025-06-18,H2_30,41513,trainval
2510,1206,2025-06-18,H2_30,41514,trainval
2511,1206,2025-06-18,H2_30,41516,trainval
2512,1206,2025-06-18,H2_30,41518,trainval
2513,1206,2025-06-18,H2_30,41520,trainval
2514,1206,2025-06-18,H2_30,41524,trainval
2515,1206,2025-06-18,H2_30,41525,trainval
2516,1206,2025-06-18,H2_30,41527,trainval
2517,1206,2025-06-18,H2_30,41528,trainval
2518,1206,2025-06-18,H2_30,41529,trainval
2519,1206,2025-06-18,H2_30,41530,trainval
2520,1206,2025-06-18,H2_30,41531,trainval
2521,1206,2025-06-18,H2_30,41532,trainval
2522,1206,2025-06-18,H2_30,41533,trainval
2523,1206,2025-06-18,H2_30,41535,trainval
2524,1206,2025-06-18,H2_30,41536,trainval
2525,1207,2025-06-18,H1_15,41550,trainval
2526,1207,2025-06-18,H1_15,41551,trainval
2527,1207,2025-06-18,H1_15,41552,trainval
2528,1207,2025-06-18,H1_15,41553,trainval
2529,1207,2025-06-18,H1_15,41554,trainval
2530,1207,2025-06-18,H1_15,41555,trainval
2531,1207,2025-06-18,H1_15,41556,trainval
2532,1207,2025-06-18,H1_15,41557,trainval
2533,1207,2025-06-18,H1_15,41558,trainval
2534,1207,2025-06-18,H1_15,41563,trainval
2535,1207,2025-06-18,H1_15,41564,trainval
2536,1207,2025-06-18,H1_15,41566,trainval
2537,1207,2025-06-18,H1_15,41568,trainval
2538,1207,2025-06-18,H1_15,41569,trainval
2539,1207,2025-06-18,H1_15,41570,trainval
2540,1207,2025-06-18,H1_15,41572,trainval
2541,1207,2025-06-18,H1_15,41573,trainval
2542,1207,2025-06-18,H1_15,41575,trainval
2543,1207,2025-06-18,H1_15,41577,trainval
2544,1207,2025-06-18,H1_15,41578,trainval
2545,1207,2025-06-18,H1_15,41579,trainval
2546,1207,2025-06-18,H1_15,41580,trainval
2547,1207,2025-06-18,H1_30,41550,trainval
2548,1207,2025-06-18,H1_30,41551,trainval
2549,1207,2025-06-18,H1_30,41552,trainval
2550,1207,2025-06-18,H1_30,41553,trainval
2551,1207,2025-06-18,H1_30,41554,trainval
2552,1207,2025-06-18,H1_30,41555,trainval
2553,1207,2025-06-18,H1_30,41556,trainval
2554,1207,2025-06-18,H1_30,41557,trainval
2555,1207,2025-06-18,H1_30,41558,trainval
2556,1207,2025-06-18,H1_30,41563,trainval
2557,1207,2025-06-18,H1_30,41564,trainval
2558,1207,2025-06-18,H1_30,41566,trainval
2559,1207,2025-06-18,H1_30,41568,trainval
2560,1207,2025-06-18,H1_30,41569,trainval
2561,1207,2025-06-18,H1_30,41570,trainval
2562,1207,2025-06-18,H1_30,41572,trainval
2563,1207,2025-06-18,H1_30,41573,trainval
2564,1207,2025-06-18,H1_30,41575,trainval
2565,1207,2025-06-18,H1_30,41577,trainval
2566,1207,2025-06-18,H1_30,41578,trainval
2567,1207,2025-06-18,H1_30,41579,trainval
2568,1207,2025-06-18,H1_30,41580,trainval
2569,1207,2025-06-18,H1_45,41550,trainval
2570,1207,2025-06-18,H1_45,41551,trainval
2571,1207,2025-06-18,H1_45,41552,trainval
2572,1207,2025-06-18,H1_45,41553,trainval
2573,1207,2025-06-18,H1_45,41554,trainval
2574,1207,2025-06-18,H1_45,41555,trainval
2575,1207,2025-06-18,H1_45,41556,trainval
2576,1207,2025-06-18,H1_45,41557,trainval
2577,1207,2025-06-18,H1_45,41558,trainval
2578,1207,2025-06-18,H1_45,41563,trainval
2579,1207,2025-06-18,H1_45,41564,trainval
2580,1207,2025-06-18,H1_45,41566,trainval
2581,1207,2025-06-18,H1_45,41568,trainval
2582,1207,2025-06-18,H1_45,41569,trainval
2583,1207,2025-06-18,H1_45,41570,trainval
2584,1207,2025-06-18,H1_45,41572,trainval
2585,1207,2025-06-18,H1_45,41573,trainval
2586,1207,2025-06-18,H1_45,41575,trainval
2587,1207,2025-06-18,H1_45,41577,trainval
2588,1207,2025-06-18,H1_45,41578,trainval
2589,1207,2025-06-18,H1_45,41579,trainval
2590,1207,2025-06-18,H1_45,41580,trainval
2591,1207,2025-06-18,H2_15,41550,trainval
2592,1207,2025-06-18,H2_15,41551,trainval
2593,1207,2025-06-18,H2_15,41552,trainval
2594,1207,2025-06-18,H2_15,41553,trainval
2595,1207,2025-06-18,H2_15,41554,trainval
2596,1207,2025-06-18,H2_15,41556,trainval
2597,1207,2025-06-18,H2_15,41557,trainval
2598,1207,2025-06-18,H2_15,41558,trainval
2599,1207,2025-06-18,H2_15,41559,trainval
2600,1207,2025-06-18,H2_15,41563,trainval
2601,1207,2025-06-18,H2_15,41565,trainval
2602,1207,2025-06-18,H2_15,41566,trainval
2603,1207,2025-06-18,H2_15,41568,trainval
2604,1207,2025-06-18,H2_15,41569,trainval
2605,1207,2025-06-18,H2_15,41570,trainval
2606,1207,2025-06-18,H2_15,41571,trainval
2607,1207,2025-06-18,H2_15,41572,trainval
2608,1207,2025-06-18,H2_15,41573,trainval
2609,1207,2025-06-18,H2_15,41575,trainval
2610,1207,2025-06-18,H2_15,41578,trainval
2611,1207,2025-06-18,H2_15,41579,trainval
2612,1207,2025-06-18,H2_15,41580,trainval
2613,1207,2025-06-18,H2_30,41550,trainval
2614,1207,2025-06-18,H2_30,41552,trainval
2615,1207,2025-06-18,H2_30,41553,trainval
2616,1207,2025-06-18,H2_30,41554,trainval
2617,1207,2025-06-18,H2_30,41556,trainval
2618,1207,2025-06-18,H2_30,41557,trainval
2619,1207,2025-06-18,H2_30,41558,trainval
2620,1207,2025-06-18,H2_30,41559,trainval
2621,1207,2025-06-18,H2_30,41560,trainval
2622,1207,2025-06-18,H2_30,41563,trainval
2623,1207,2025-06-18,H2_30,41565,trainval
2624,1207,2025-06-18,H2_30,41566,trainval
2625,1207,2025-06-18,H2_30,41568,trainval
2626,1207,2025-06-18,H2_30,41569,trainval
2627,1207,2025-06-18,H2_30,41570,trainval
2628,1207,2025-06-18,H2_30,41571,trainval
2629,1207,2025-06-18,H2_30,41572,trainval
2630,1207,2025-06-18,H2_30,41574,trainval
2631,1207,2025-06-18,H2_30,41575,trainval
2632,1207,2025-06-18,H2_30,41578,trainval
2633,1207,2025-06-18,H2_30,41579,trainval
2634,1207,2025-06-18,H2_30,41580,trainval
2635,1215,2025-06-21,H1_15,41838,holdout
2636,1215,2025-06-21,H1_15,41839,holdout
2637,1215,2025-06-21,H1_15,41840,holdout
2638,1215,2025-06-21,H1_15,41841,holdout
2639,1215,2025-06-21,H1_15,41842,holdout
2640,1215,2025-06-21,H1_15,41843,holdout
2641,1215,2025-06-21,H1_15,41844,holdout
2642,1215,2025-06-21,H1_15,41846,holdout
2643,1215,2025-06-21,H1_15,41847,holdout
2644,1215,2025-06-21,H1_15,41849,holdout
2645,1215,2025-06-21,H1_15,41850,holdout
2646,1215,2025-06-21,H1_15,41861,holdout
2647,1215,2025-06-21,H1_15,41862,holdout
2648,1215,2025-06-21,H1_15,41863,holdout
2649,1215,2025-06-21,H1_15,41864,holdout
2650,1215,2025-06-21,H1_15,41866,holdout
2651,1215,2025-06-21,H1_15,41868,holdout
2652,1215,2025-06-21,H1_15,41869,holdout
2653,1215,2025-06-21,H1_15,41870,holdout
2654,1215,2025-06-21,H1_15,41872,holdout
2655,1215,2025-06-21,H1_15,41873,holdout
2656,1215,2025-06-21,H1_15,41875,holdout
2657,1215,2025-06-21,H1_30,41838,holdout
2658,1215,2025-06-21,H1_30,41839,holdout
2659,1215,2025-06-21,H1_30,41840,holdout
2660,1215,2025-06-21,H1_30,41841,holdout
2661,1215,2025-06-21,H1_30,41842,holdout
2662,1215,2025-06-21,H1_30,41843,holdout
2663,1215,2025-06-21,H1_30,41844,holdout
2664,1215,2025-06-21,H1_30,41846,holdout
2665,1215,2025-06-21,H1_30,41847,holdout
2666,1215,2025-06-21,H1_30,41849,holdout
2667,1215,2025-06-21,H1_30,41850,holdout
2668,1215,2025-06-21,H1_30,41861,holdout
2669,1215,2025-06-21,H1_30,41862,holdout
2670,1215,2025-06-21,H1_30,41863,holdout
2671,1215,2025-06-21,H1_30,41864,holdout
2672,1215,2025-06-21,H1_30,41866,holdout
2673,1215,2025-06-21,H1_30,41868,holdout
2674,1215,2025-06-21,H1_30,41870,holdout
2675,1215,2025-06-21,H1_30,41872,holdout
2676,1215,2025-06-21,H1_30,41873,holdout
2677,1215,2025-06-21,H1_30,41875,holdout
2678,1215,2025-06-21,H1_45,41838,holdout
2679,1215,2025-06-21,H1_45,41839,holdout
2680,1215,2025-06-21,H1_45,41840,holdout
2681,1215,2025-06-21,H1_45,41841,holdout
2682,1215,2025-06-21,H1_45,41842,holdout
2683,1215,2025-06-21,H1_45,41843,holdout
2684,1215,2025-06-21,H1_45,41844,holdout
2685,1215,2025-06-21,H1_45,41846,holdout
2686,1215,2025-06-21,H1_45,41847,holdout
2687,1215,2025-06-21,H1_45,41849,holdout
2688,1215,2025-06-21,H1_45,41850,holdout
2689,1215,2025-06-21,H1_45,41861,holdout
2690,1215,2025-06-21,H1_45,41862,holdout
2691,1215,2025-06-21,H1_45,41863,holdout
2692,1215,2025-06-21,H1_45,41864,holdout
2693,1215,2025-06-21,H1_45,41866,holdout
2694,1215,2025-06-21,H1_45,41868,holdout
2695,1215,2025-06-21,H1_45,41870,holdout
2696,1215,2025-06-21,H1_45,41872,holdout
2697,1215,2025-06-21,H1_45,41873,holdout
2698,1215,2025-06-21,H1_45,41875,holdout
2699,1215,2025-06-21,H2_15,41838,holdout
2700,1215,2025-06-21,H2_15,41839,holdout
2701,1215,2025-06-21,H2_15,41840,holdout
2702,1215,2025-06-21,H2_15,41841,holdout
2703,1215,2025-06-21,H2_15,41842,holdout
2704,1215,2025-06-21,H2_15,41843,holdout
2705,1215,2025-06-21,H2_15,41844,holdout
2706,1215,2025-06-21,H2_15,41845,holdout
2707,1215,2025-06-21,H2_15,41847,holdout
2708,1215,2025-06-21,H2_15,41849,holdout
2709,1215,2025-06-21,H2_15,41850,holdout
2710,1215,2025-06-21,H2_15,41861,holdout
2711,1215,2025-06-21,H2_15,41862,holdout
2712,1215,2025-06-21,H2_15,41863,holdout
2713,1215,2025-06-21,H2_15,41864,holdout
2714,1215,2025-06-21,H2_15,41866,holdout
2715,1215,2025-06-21,H2_15,41868,holdout
2716,1215,2025-06-21,H2_15,41870,holdout
2717,1215,2025-06-21,H2_15,41871,holdout
2718,1215,2025-06-21,H2_15,41872,holdout
2719,1215,2025-06-21,H2_15,41873,holdout
2720,1215,2025-06-21,H2_30,41838,holdout
2721,1215,2025-06-21,H2_30,41839,holdout
2722,1215,2025-06-21,H2_30,41840,holdout
2723,1215,2025-06-21,H2_30,41841,holdout
2724,1215,2025-06-21,H2_30,41842,holdout
2725,1215,2025-06-21,H2_30,41843,holdout
2726,1215,2025-06-21,H2_30,41845,holdout
2727,1215,2025-06-21,H2_30,41847,holdout
2728,1215,2025-06-21,H2_30,41849,holdout
2729,1215,2025-06-21,H2_30,41850,holdout
2730,1215,2025-06-21,H2_30,41859,holdout
2731,1215,2025-06-21,H2_30,41861,holdout
2732,1215,2025-06-21,H2_30,41862,holdout
2733,1215,2025-06-21,H2_30,41863,holdout
2734,1215,2025-06-21,H2_30,41864,holdout
2735,1215,2025-06-21,H2_30,41866,holdout
2736,1215,2025-06-21,H2_30,41868,holdout
2737,1215,2025-06-21,H2_30,41870,holdout
2738,1215,2025-06-21,H2_30,41871,holdout
2739,1215,2025-06-21,H2_30,41872,holdout
2740,1215,2025-06-21,H2_30,41873,holdout
2741,1216,2025-06-21,H1_15,41884,holdout
2742,1216,2025-06-21,H1_15,41885,holdout
2743,1216,2025-06-21,H1_15,41886,holdout
2744,1216,2025-06-21,H1_15,41887,holdout
2745,1216,2025-06-21,H1_15,41888,holdout
2746,1216,2025-06-21,H1_15,41889,holdout
2747,1216,2025-06-21,H1_15,41890,holdout
2748,1216,2025-06-21,H1_15,41891,holdout
2749,1216,2025-06-21,H1_15,41892,holdout
2750,1216,2025-06-21,H1_15,41893,holdout
2751,1216,2025-06-21,H1_15,41894,holdout
2752,1216,2025-06-21,H1_15,41907,holdout
2753,1216,2025-06-21,H1_15,41908,holdout
2754,1216,2025-06-21,H1_15,41909,holdout
2755,1216,2025-06-21,H1_15,41910,holdout
2756,1216,2025-06-21,H1_15,41911,holdout
2757,1216,2025-06-21,H1_15,41912,holdout
2758,1216,2025-06-21,H1_15,41913,holdout
2759,1216,2025-06-21,H1_15,41914,holdout
2760,1216,2025-06-21,H1_15,41915,holdout
2761,1216,2025-06-21,H1_15,41916,holdout
2762,1216,2025-06-21,H1_15,41917,holdout
2763,1216,2025-06-21,H1_30,41884,holdout
2764,1216,2025-06-21,H1_30,41885,holdout
2765,1216,2025-06-21,H1_30,41886,holdout
2766,1216,2025-06-21,H1_30,41887,holdout
2767,1216,2025-06-21,H1_30,41888,holdout
2768,1216,2025-06-21,H1_30,41889,holdout
2769,1216,2025-06-21,H1_30,41890,holdout
2770,1216,2025-06-21,H1_30,41891,holdout
2771,1216,2025-06-21,H1_30,41892,holdout
2772,1216,2025-06-21,H1_30,41893,holdout
2773,1216,2025-06-21,H1_30,41894,holdout
2774,1216,2025-06-21,H1_30,41907,holdout
2775,1216,2025-06-21,H1_30,41908,holdout
2776,1216,2025-06-21,H1_30,41909,holdout
2777,1216,2025-06-21,H1_30,41910,holdout
2778,1216,2025-06-21,H1_30,41911,holdout
2779,1216,2025-06-21,H1_30,41912,holdout
2780,1216,2025-06-21,H1_30,41913,holdout
2781,1216,2025-06-21,H1_30,41914,holdout
2782,1216,2025-06-21,H1_30,41915,holdout
2783,1216,2025-06-21,H1_30,41916,holdout
2784,1216,2025-06-21,H1_30,41917,holdout
2785,1216,2025-06-21,H1_45,41884,holdout
2786,1216,2025-06-21,H1_45,41885,holdout
2787,1216,2025-06-21,H1_45,41886,holdout
2788,1216,2025-06-21,H1_45,41887,holdout
2789,1216,2025-06-21,H1_45,41888,holdout
2790,1216,2025-06-21,H1_45,41889,holdout
2791,1216,2025-06-21,H1_45,41890,holdout
2792,1216,2025-06-21,H1_45,41891,holdout
2793,1216,2025-06-21,H1_45,41892,holdout
2794,1216,2025-06-21,H1_45,41893,holdout
2795,1216,2025-06-21,H1_45,41894,holdout
2796,1216,2025-06-21,H1_45,41907,holdout
2797,1216,2025-06-21,H1_45,41908,holdout
2798,1216,2025-06-21,H1_45,41909,holdout
2799,1216,2025-06-21,H1_45,41910,holdout
2800,1216,2025-06-21,H1_45,41911,holdout
2801,1216,2025-06-21,H1_45,41912,holdout
2802,1216,2025-06-21,H1_45,41913,holdout
2803,1216,2025-06-21,H1_45,41914,holdout
2804,1216,2025-06-21,H1_45,41915,holdout
2805,1216,2025-06-21,H1_45,41916,holdout
2806,1216,2025-06-21,H1_45,41917,holdout
2807,1216,2025-06-21,H2_15,41884,holdout
2808,1216,2025-06-21,H2_15,41885,holdout
2809,1216,2025-06-21,H2_15,41886,holdout
2810,1216,2025-06-21,H2_15,41887,holdout
2811,1216,2025-06-21,H2_15,41888,holdout
2812,1216,2025-06-21,H2_15,41889,holdout
2813,1216,2025-06-21,H2_15,41890,holdout
2814,1216,2025-06-21,H2_15,41891,holdout
2815,1216,2025-06-21,H2_15,41892,holdout
2816,1216,2025-06-21,H2_15,41893,holdout
2817,1216,2025-06-21,H2_15,41894,holdout
2818,1216,2025-06-21,H2_15,41907,holdout
2819,1216,2025-06-21,H2_15,41908,holdout
2820,1216,2025-06-21,H2_15,41909,holdout
2821,1216,2025-06-21,H2_15,41910,holdout
2822,1216,2025-06-21,H2_15,41911,holdout
2823,1216,2025-06-21,H2_15,41912,holdout
2824,1216,2025-06-21,H2_15,41913,holdout
2825,1216,2025-06-21,H2_15,41914,holdout
2826,1216,2025-06-21,H2_15,41915,holdout
2827,1216,2025-06-21,H2_15,41916,holdout
2828,1216,2025-06-21,H2_15,41917,holdout
2829,1216,2025-06-21,H2_30,41884,holdout
2830,1216,2025-06-21,H2_30,41885,holdout
2831,1216,2025-06-21,H2_30,41886,holdout
2832,1216,2025-06-21,H2_30,41887,holdout
2833,1216,2025-06-21,H2_30,41888,holdout
2834,1216,2025-06-21,H2_30,41889,holdout
2835,1216,2025-06-21,H2_30,41890,holdout
2836,1216,2025-06-21,H2_30,41891,holdout
2837,1216,2025-06-21,H2_30,41896,holdout
2838,1216,2025-06-21,H2_30,41898,holdout
2839,1216,2025-06-21,H2_30,41903,holdout
2840,1216,2025-06-21,H2_30,41907,holdout
2841,1216,2025-06-21,H2_30,41908,holdout
2842,1216,2025-06-21,H2_30,41909,holdout
2843,1216,2025-06-21,H2_30,41910,holdout
2844,1216,2025-06-21,H2_30,41911,holdout
2845,1216,2025-06-21,H2_30,41912,holdout
2846,1216,2025-06-21,H2_30,41913,holdout
2847,1216,2025-06-21,H2_30,41914,holdout
2848,1216,2025-06-21,H2_30,41915,holdout
2849,1216,2025-06-21,H2_30,41916,holdout
2850,1216,2025-06-21,H2_30,41920,holdout
2851,1219,2025-06-25,H1_15,42195,holdout
2852,1219,2025-06-25,H1_15,42196,holdout
2853,1219,2025-06-25,H1_15,42197,holdout
2854,1219,2025-06-25,H1_15,42198,holdout
2855,1219,2025-06-25,H1_15,42200,holdout
2856,1219,2025-06-25,H1_15,42201,holdout
2857,1219,2025-06-25,H1_15,42203,holdout
2858,1219,2025-06-25,H1_15,42204,holdout
2859,1219,2025-06-25,H1_15,42206,holdout
2860,1219,2025-06-25,H1_15,42207,holdout
2861,1219,2025-06-25,H1_15,42208,holdout
2862,1219,2025-06-25,H1_15,42210,holdout
2863,1219,2025-06-25,H1_15,42211,holdout
2864,1219,2025-06-25,H1_15,42212,holdout
2865,1219,2025-06-25,H1_15,42214,holdout
2866,1219,2025-06-25,H1_15,42215,holdout
2867,1219,2025-06-25,H1_15,42216,holdout
2868,1219,2025-06-25,H1_15,42217,holdout
2869,1219,2025-06-25,H1_15,42219,holdout
2870,1219,2025-06-25,H1_15,42220,holdout
2871,1219,2025-06-25,H1_15,42221,holdout
2872,1219,2025-06-25,H1_15,42222,holdout
2873,1219,2025-06-25,H1_30,42195,holdout
2874,1219,2025-06-25,H1_30,42196,holdout
2875,1219,2025-06-25,H1_30,42197,holdout
2876,1219,2025-06-25,H1_30,42198,holdout
2877,1219,2025-06-25,H1_30,42200,holdout
2878,1219,2025-06-25,H1_30,42201,holdout
2879,1219,2025-06-25,H1_30,42203,holdout
2880,1219,2025-06-25,H1_30,42204,holdout
2881,1219,2025-06-25,H1_30,42206,holdout
2882,1219,2025-06-25,H1_30,42207,holdout
2883,1219,2025-06-25,H1_30,42208,holdout
2884,1219,2025-06-25,H1_30,42210,holdout
2885,1219,2025-06-25,H1_30,42211,holdout
2886,1219,2025-06-25,H1_30,42212,holdout
2887,1219,2025-06-25,H1_30,42214,holdout
2888,1219,2025-06-25,H1_30,42215,holdout
2889,1219,2025-06-25,H1_30,42216,holdout
2890,1219,2025-06-25,H1_30,42217,holdout
2891,1219,2025-06-25,H1_30,42219,holdout
2892,1219,2025-06-25,H1_30,42220,holdout
2893,1219,2025-06-25,H1_30,42221,holdout
2894,1219,2025-06-25,H1_30,42222,holdout
2895,1219,2025-06-25,H1_45,42195,holdout
2896,1219,2025-06-25,H1_45,42196,holdout
2897,1219,2025-06-25,H1_45,42197,holdout
2898,1219,2025-06-25,H1_45,42198,holdout
2899,1219,2025-06-25,H1_45,42200,holdout
2900,1219,2025-06-25,H1_45,42201,holdout
2901,1219,2025-06-25,H1_45,42203,holdout
2902,1219,2025-06-25,H1_45,42204,holdout
2903,1219,2025-06-25,H1_45,42206,holdout
2904,1219,2025-06-25,H1_45,42207,holdout
2905,1219,2025-06-25,H1_45,42208,holdout
2906,1219,2025-06-25,H1_45,42210,holdout
2907,1219,2025-06-25,H1_45,42211,holdout
2908,1219,2025-06-25,H1_45,42212,holdout
2909,1219,2025-06-25,H1_45,42214,holdout
2910,1219,2025-06-25,H1_45,42215,holdout
2911,1219,2025-06-25,H1_45,42216,holdout
2912,1219,2025-06-25,H1_45,42217,holdout
2913,1219,2025-06-25,H1_45,42219,holdout
2914,1219,2025-06-25,H1_45,42220,holdout
2915,1219,2025-06-25,H1_45,42221,holdout
2916,1219,2025-06-25,H1_45,42222,holdout
2917,1219,2025-06-25,H2_15,42195,holdout
2918,1219,2025-06-25,H2_15,42196,holdout
2919,1219,2025-06-25,H2_15,42197,holdout
2920,1219,2025-06-25,H2_15,42198,holdout
2921,1219,2025-06-25,H2_15,42200,holdout
2922,1219,2025-06-25,H2_15,42201,holdout
2923,1219,2025-06-25,H2_15,42203,holdout
2924,1219,2025-06-25,H2_15,42204,holdout
2925,1219,2025-06-25,H2_15,42206,holdout
2926,1219,2025-06-25,H2_15,42207,holdout
2927,1219,2025-06-25,H2_15,42208,holdout
2928,1219,2025-06-25,H2_15,42210,holdout
2929,1219,2025-06-25,H2_15,42211,holdout
2930,1219,2025-06-25,H2_15,42212,holdout
2931,1219,2025-06-25,H2_15,42214,holdout
2932,1219,2025-06-25,H2_15,42215,holdout
2933,1219,2025-06-25,H2_15,42217,holdout
2934,1219,2025-06-25,H2_15,42219,holdout
2935,1219,2025-06-25,H2_15,42220,holdout
2936,1219,2025-06-25,H2_15,42221,holdout
2937,1219,2025-06-25,H2_15,42222,holdout
2938,1219,2025-06-25,H2_15,42225,holdout
2939,1219,2025-06-25,H2_30,42195,holdout
2940,1219,2025-06-25,H2_30,42196,holdout
2941,1219,2025-06-25,H2_30,42197,holdout
2942,1219,2025-06-25,H2_30,42198,holdout
2943,1219,2025-06-25,H2_30,42200,holdout
2944,1219,2025-06-25,H2_30,42202,holdout
2945,1219,2025-06-25,H2_30,42203,holdout
2946,1219,2025-06-25,H2_30,42204,holdout
2947,1219,2025-06-25,H2_30,42205,holdout
2948,1219,2025-06-25,H2_30,42206,holdout
2949,1219,2025-06-25,H2_30,42208,holdout
2950,1219,2025-06-25,H2_30,42210,holdout
2951,1219,2025-06-25,H2_30,42211,holdout
2952,1219,2025-06-25,H2_30,42212,holdout
2953,1219,2025-06-25,H2_30,42214,holdout
2954,1219,2025-06-25,H2_30,42218,holdout
2955,1219,2025-06-25,H2_30,42219,holdout
2956,1219,2025-06-25,H2_30,42220,holdout
2957,1219,2025-06-25,H2_30,42221,holdout
2958,1219,2025-06-25,H2_30,42223,holdout
2959,1219,2025-06-25,H2_30,42224,holdout
2960,1219,2025-06-25,H2_30,42225,holdout
2961,1220,2025-06-25,H1_15,42153,holdout
2962,1220,2025-06-25,H1_15,42154,holdout
2963,1220,2025-06-25,H1_15,42155,holdout
2964,1220,2025-06-25,H1_15,42156,holdout
2965,1220,2025-06-25,H1_15,42158,holdout
2966,1220,2025-06-25,H1_15,42160,holdout
2967,1220,2025-06-25,H1_15,42161,holdout
2968,1220,2025-06-25,H1_15,42164,holdout
2969,1220,2025-06-25,H1_15,42165,holdout
2970,1220,2025-06-25,H1_15,42166,holdout
2971,1220,2025-06-25,H1_15,42167,holdout
2972,1220,2025-06-25,H1_15,42169,holdout
2973,1220,2025-06-25,H1_15,42170,holdout
2974,1220,2025-06-25,H1_15,42171,holdout
2975,1220,2025-06-25,H1_15,42173,holdout
2976,1220,2025-06-25,H1_15,42175,holdout
2977,1220,2025-06-25,H1_15,42176,holdout
2978,1220,2025-06-25,H1_15,42179,holdout
2979,1220,2025-06-25,H1_15,42180,holdout
2980,1220,2025-06-25,H1_15,42181,holdout
2981,1220,2025-06-25,H1_15,42182,holdout
2982,1220,2025-06-25,H1_15,42184,holdout
2983,1220,2025-06-25,H1_30,42153,holdout
2984,1220,2025-06-25,H1_30,42154,holdout
2985,1220,2025-06-25,H1_30,42155,holdout
2986,1220,2025-06-25,H1_30,42156,holdout
2987,1220,2025-06-25,H1_30,42158,holdout
2988,1220,2025-06-25,H1_30,42160,holdout
2989,1220,2025-06-25,H1_30,42161,holdout
2990,1220,2025-06-25,H1_30,42164,holdout
2991,1220,2025-06-25,H1_30,42165,holdout
2992,1220,2025-06-25,H1_30,42166,holdout
2993,1220,2025-06-25,H1_30,42167,holdout
2994,1220,2025-06-25,H1_30,42169,holdout
2995,1220,2025-06-25,H1_30,42170,holdout
2996,1220,2025-06-25,H1_30,42171,holdout
2997,1220,2025-06-25,H1_30,42173,holdout
2998,1220,2025-06-25,H1_30,42175,holdout
2999,1220,2025-06-25,H1_30,42176,holdout
3000,1220,2025-06-25,H1_30,42179,holdout
3001,1220,2025-06-25,H1_30,42180,holdout
3002,1220,2025-06-25,H1_30,42181,holdout
3003,1220,2025-06-25,H1_30,42182,holdout
3004,1220,2025-06-25,H1_30,42184,holdout
3005,1220,2025-06-25,H1_45,42153,holdout
3006,1220,2025-06-25,H1_45,42154,holdout
3007,1220,2025-06-25,H1_45,42155,holdout
3008,1220,2025-06-25,H1_45,42156,holdout
3009,1220,2025-06-25,H1_45,42158,holdout
3010,1220,2025-06-25,H1_45,42160,holdout
3011,1220,2025-06-25,H1_45,42161,holdout
3012,1220,2025-06-25,H1_45,42164,holdout
3013,1220,2025-06-25,H1_45,42165,holdout
3014,1220,2025-06-25,H1_45,42166,holdout
3015,1220,2025-06-25,H1_45,42167,holdout
3016,1220,2025-06-25,H1_45,42169,holdout
3017,1220,2025-06-25,H1_45,42170,holdout
3018,1220,2025-06-25,H1_45,42171,holdout
3019,1220,2025-06-25,H1_45,42173,holdout
3020,1220,2025-06-25,H1_45,42175,holdout
3021,1220,2025-06-25,H1_45,42176,holdout
3022,1220,2025-06-25,H1_45,42179,holdout
3023,1220,2025-06-25,H1_45,42180,holdout
3024,1220,2025-06-25,H1_45,42181,holdout
3025,1220,2025-06-25,H1_45,42182,holdout
3026,1220,2025-06-25,H1_45,42184,holdout
3027,1220,2025-06-25,H2_15,42153,holdout
3028,1220,2025-06-25,H2_15,42154,holdout
3029,1220,2025-06-25,H2_15,42155,holdout
3030,1220,2025-06-25,H2_15,42156,holdout
3031,1220,2025-06-25,H2_15,42158,holdout
3032,1220,2025-06-25,H2_15,42160,holdout
3033,1220,2025-06-25,H2_15,42161,holdout
3034,1220,2025-06-25,H2_15,42164,holdout
3035,1220,2025-06-25,H2_15,42165,holdout
3036,1220,2025-06-25,H2_15,42166,holdout
3037,1220,2025-06-25,H2_15,42167,holdout
3038,1220,2025-06-25,H2_15,42169,holdout
3039,1220,2025-06-25,H2_15,42170,holdout
3040,1220,2025-06-25,H2_15,42171,holdout
3041,1220,2025-06-25,H2_15,42173,holdout
3042,1220,2025-06-25,H2_15,42176,holdout
3043,1220,2025-06-25,H2_15,42177,holdout
3044,1220,2025-06-25,H2_15,42179,holdout
3045,1220,2025-06-25,H2_15,42180,holdout
3046,1220,2025-06-25,H2_15,42181,holdout
3047,1220,2025-06-25,H2_15,42182,holdout
3048,1220,2025-06-25,H2_15,42184,holdout
3049,1220,2025-06-25,H2_30,42153,holdout
3050,1220,2025-06-25,H2_30,42154,holdout
3051,1220,2025-06-25,H2_30,42155,holdout
3052,1220,2025-06-25,H2_30,42156,holdout
3053,1220,2025-06-25,H2_30,42158,holdout
3054,1220,2025-06-25,H2_30,42160,holdout
3055,1220,2025-06-25,H2_30,42161,holdout
3056,1220,2025-06-25,H2_30,42164,holdout
3057,1220,2025-06-25,H2_30,42165,holdout
3058,1220,2025-06-25,H2_30,42166,holdout
3059,1220,2025-06-25,H2_30,42167,holdout
3060,1220,2025-06-25,H2_30,42169,holdout
3061,1220,2025-06-25,H2_30,42170,holdout
3062,1220,2025-06-25,H2_30,42171,holdout
3063,1220,2025-06-25,H2_30,42173,holdout
3064,1220,2025-06-25,H2_30,42174,holdout
3065,1220,2025-06-25,H2_30,42176,holdout
3066,1220,2025-06-25,H2_30,42177,holdout
3067,1220,2025-06-25,H2_30,42179,holdout
3068,1220,2025-06-25,H2_30,42180,holdout
3069,1220,2025-06-25,H2_30,42181,holdout
3070,1220,2025-06-25,H2_30,42184,holdout
3071,1221,2025-06-22,H1_15,42287,holdout
3072,1221,2025-06-22,H1_15,42288,holdout
3073,1221,2025-06-22,H1_15,42289,holdout
3074,1221,2025-06-22,H1_15,42290,holdout
3075,1221,2025-06-22,H1_15,42291,holdout
3076,1221,2025-06-22,H1_15,42292,holdout
3077,1221,2025-06-22,H1_15,42295,holdout
3078,1221,2025-06-22,H1_15,42296,holdout
3079,1221,2025-06-22,H1_15,42298,holdout
3080,1221,2025-06-22,H1_15,42299,holdout
3081,1221,2025-06-22,H1_15,42301,holdout
3082,1221,2025-06-22,H1_15,42304,holdout
3083,1221,2025-06-22,H1_15,42305,holdout
3084,1221,2025-06-22,H1_15,42306,holdout
3085,1221,2025-06-22,H1_15,42307,holdout
3086,1221,2025-06-22,H1_15,42308,holdout
3087,1221,2025-06-22,H1_15,42309,holdout
3088,1221,2025-06-22,H1_15,42310,holdout
3089,1221,2025-06-22,H1_15,42313,holdout
3090,1221,2025-06-22,H1_15,42315,holdout
3091,1221,2025-06-22,H1_15,42316,holdout
3092,1221,2025-06-22,H1_15,42318,holdout
3093,1221,2025-06-22,H1_30,42287,holdout
3094,1221,2025-06-22,H1_30,42288,holdout
3095,1221,2025-06-22,H1_30,42289,holdout
3096,1221,2025-06-22,H1_30,42290,holdout
3097,1221,2025-06-22,H1_30,42291,holdout
3098,1221,2025-06-22,H1_30,42292,holdout
3099,1221,2025-06-22,H1_30,42295,holdout
3100,1221,2025-06-22,H1_30,42296,holdout
3101,1221,2025-06-22,H1_30,42298,holdout
3102,1221,2025-06-22,H1_30,42299,holdout
3103,1221,2025-06-22,H1_30,42301,holdout
3104,1221,2025-06-22,H1_30,42304,holdout
3105,1221,2025-06-22,H1_30,42305,holdout
3106,1221,2025-06-22,H1_30,42306,holdout
3107,1221,2025-06-22,H1_30,42307,holdout
3108,1221,2025-06-22,H1_30,42308,holdout
3109,1221,2025-06-22,H1_30,42309,holdout
3110,1221,2025-06-22,H1_30,42310,holdout
3111,1221,2025-06-22,H1_30,42313,holdout
3112,1221,2025-06-22,H1_30,42315,holdout
3113,1221,2025-06-22,H1_30,42316,holdout
3114,1221,2025-06-22,H1_30,42318,holdout
3115,1221,2025-06-22,H1_45,42287,holdout
3116,1221,2025-06-22,H1_45,42288,holdout
3117,1221,2025-06-22,H1_45,42289,holdout
3118,1221,2025-06-22,H1_45,42290,holdout
3119,1221,2025-06-22,H1_45,42291,holdout
3120,1221,2025-06-22,H1_45,42292,holdout
3121,1221,2025-06-22,H1_45,42295,holdout
3122,1221,2025-06-22,H1_45,42296,holdout
3123,1221,2025-06-22,H1_45,42298,holdout
3124,1221,2025-06-22,H1_45,42299,holdout
3125,1221,2025-06-22,H1_45,42301,holdout
3126,1221,2025-06-22,H1_45,42304,holdout
3127,1221,2025-06-22,H1_45,42305,holdout
3128,1221,2025-06-22,H1_45,42306,holdout
3129,1221,2025-06-22,H1_45,42307,holdout
3130,1221,2025-06-22,H1_45,42308,holdout
3131,1221,2025-06-22,H1_45,42309,holdout
3132,1221,2025-06-22,H1_45,42310,holdout
3133,1221,2025-06-22,H1_45,42313,holdout
3134,1221,2025-06-22,H1_45,42315,holdout
3135,1221,2025-06-22,H1_45,42316,holdout
3136,1221,2025-06-22,H1_45,42318,holdout
3137,1221,2025-06-22,H2_15,42287,holdout
3138,1221,2025-06-22,H2_15,42288,holdout
3139,1221,2025-06-22,H2_15,42289,holdout
3140,1221,2025-06-22,H2_15,42290,holdout
3141,1221,2025-06-22,H2_15,42291,holdout
3142,1221,2025-06-22,H2_15,42292,holdout
3143,1221,2025-06-22,H2_15,42295,holdout
3144,1221,2025-06-22,H2_15,42296,holdout
3145,1221,2025-06-22,H2_15,42298,holdout
3146,1221,2025-06-22,H2_15,42299,holdout
3147,1221,2025-06-22,H2_15,42301,holdout
3148,1221,2025-06-22,H2_15,42304,holdout
3149,1221,2025-06-22,H2_15,42305,holdout
3150,1221,2025-06-22,H2_15,42306,holdout
3151,1221,2025-06-22,H2_15,42307,holdout
3152,1221,2025-06-22,H2_15,42308,holdout
3153,1221,2025-06-22,H2_15,42309,holdout
3154,1221,2025-06-22,H2_15,42310,holdout
3155,1221,2025-06-22,H2_15,42313,holdout
3156,1221,2025-06-22,H2_15,42315,holdout
3157,1221,2025-06-22,H2_15,42316,holdout
3158,1221,2025-06-22,H2_15,42318,holdout
3159,1221,2025-06-22,H2_30,42287,holdout
3160,1221,2025-06-22,H2_30,42288,holdout
3161,1221,2025-06-22,H2_30,42289,holdout
3162,1221,2025-06-22,H2_30,42290,holdout
3163,1221,2025-06-22,H2_30,42291,holdout
3164,1221,2025-06-22,H2_30,42292,holdout
3165,1221,2025-06-22,H2_30,42293,holdout
3166,1221,2025-06-22,H2_30,42294,holdout
3167,1221,2025-06-22,H2_30,42296,holdout
3168,1221,2025-06-22,H2_30,42299,holdout
3169,1221,2025-06-22,H2_30,42300,holdout
3170,1221,2025-06-22,H2_30,42304,holdout
3171,1221,2025-06-22,H2_30,42305,holdout
3172,1221,2025-06-22,H2_30,42306,holdout
3173,1221,2025-06-22,H2_30,42307,holdout
3174,1221,2025-06-22,H2_30,42308,holdout
3175,1221,2025-06-22,H2_30,42309,holdout
3176,1221,2025-06-22,H2_30,42310,holdout
3177,1221,2025-06-22,H2_30,42311,holdout
3178,1221,2025-06-22,H2_30,42313,holdout
3179,1221,2025-06-22,H2_30,42315,holdout
3180,1221,2025-06-22,H2_30,42316,holdout
3181,1221,2025-06-22,H2_45,42287,holdout
3182,1221,2025-06-22,H2_45,42288,holdout
3183,1221,2025-06-22,H2_45,42289,holdout
3184,1221,2025-06-22,H2_45,42290,holdout
3185,1221,2025-06-22,H2_45,42291,holdout
3186,1221,2025-06-22,H2_45,42292,holdout
3187,1221,2025-06-22,H2_45,42293,holdout
3188,1221,2025-06-22,H2_45,42294,holdout
3189,1221,2025-06-22,H2_45,42296,holdout
3190,1221,2025-06-22,H2_45,42299,holdout
3191,1221,2025-06-22,H2_45,42300,holdout
3192,1221,2025-06-22,H2_45,42304,holdout
3193,1221,2025-06-22,H2_45,42305,holdout
3194,1221,2025-06-22,H2_45,42307,holdout
3195,1221,2025-06-22,H2_45,42308,holdout
3196,1221,2025-06-22,H2_45,42309,holdout
3197,1221,2025-06-22,H2_45,42311,holdout
3198,1221,2025-06-22,H2_45,42312,holdout
3199,1221,2025-06-22,H2_45,42315,holdout
3200,1221,2025-06-22,H2_45,42316,holdout
3201,1221,2025-06-22,H2_45,42319,holdout
3202,1221,2025-06-22,ET1_15,42287,holdout
3203,1221,2025-06-22,ET1_15,42289,holdout
3204,1221,2025-06-22,ET1_15,42290,holdout
3205,1221,2025-06-22,ET1_15,42292,holdout
3206,1221,2025-06-22,ET1_15,42293,holdout
3207,1221,2025-06-22,ET1_15,42294,holdout
3208,1221,2025-06-22,ET1_15,42296,holdout
3209,1221,2025-06-22,ET1_15,42297,holdout
3210,1221,2025-06-22,ET1_15,42299,holdout
3211,1221,2025-06-22,ET1_15,42300,holdout
3212,1221,2025-06-22,ET1_15,42302,holdout
3213,1221,2025-06-22,ET1_15,42304,holdout
3214,1221,2025-06-22,ET1_15,42309,holdout
3215,1221,2025-06-22,ET1_15,42311,holdout
3216,1221,2025-06-22,ET1_15,42312,holdout
3217,1221,2025-06-22,ET1_15,42314,holdout
3218,1221,2025-06-22,ET1_15,42316,holdout
3219,1221,2025-06-22,ET1_15,42317,holdout
3220,1221,2025-06-22,ET1_15,42319,holdout
3221,1221,2025-06-22,ET1_15,42320,holdout
3222,1225,2025-06-28,H1_15,42682,holdout
3223,1225,2025-06-28,H1_15,42683,holdout
3224,1225,2025-06-28,H1_15,42684,holdout
3225,1225,2025-06-28,H1_15,42685,holdout
3226,1225,2025-06-28,H1_15,42687,holdout
3227,1225,2025-06-28,H1_15,42689,holdout
3228,1225,2025-06-28,H1_15,42690,holdout
3229,1225,2025-06-28,H1_15,42693,holdout
3230,1225,2025-06-28,H1_15,42694,holdout
3231,1225,2025-06-28,H1_15,42695,holdout
3232,1225,2025-06-28,H1_15,42696,holdout
3233,1225,2025-06-28,H1_15,42704,holdout
3234,1225,2025-06-28,H1_15,42705,holdout
3235,1225,2025-06-28,H1_15,42706,holdout
3236,1225,2025-06-28,H1_15,42707,holdout
3237,1225,2025-06-28,H1_15,42709,holdout
3238,1225,2025-06-28,H1_15,42712,holdout
3239,1225,2025-06-28,H1_15,42713,holdout
3240,1225,2025-06-28,H1_15,42714,holdout
3241,1225,2025-06-28,H1_15,42715,holdout
3242,1225,2025-06-28,H1_15,42716,holdout
3243,1225,2025-06-28,H1_15,42717,holdout
3244,1225,2025-06-28,H1_30,42682,holdout
3245,1225,2025-06-28,H1_30,42683,holdout
3246,1225,2025-06-28,H1_30,42684,holdout
3247,1225,2025-06-28,H1_30,42685,holdout
3248,1225,2025-06-28,H1_30,42687,holdout
3249,1225,2025-06-28,H1_30,42689,holdout
3250,1225,2025-06-28,H1_30,42690,holdout
3251,1225,2025-06-28,H1_30,42693,holdout
3252,1225,2025-06-28,H1_30,42694,holdout
3253,1225,2025-06-28,H1_30,42695,holdout
3254,1225,2025-06-28,H1_30,42696,holdout
3255,1225,2025-06-28,H1_30,42704,holdout
3256,1225,2025-06-28,H1_30,42705,holdout
3257,1225,2025-06-28,H1_30,42706,holdout
3258,1225,2025-06-28,H1_30,42707,holdout
3259,1225,2025-06-28,H1_30,42709,holdout
3260,1225,2025-06-28,H1_30,42712,holdout
3261,1225,2025-06-28,H1_30,42713,holdout
3262,1225,2025-06-28,H1_30,42714,holdout
3263,1225,2025-06-28,H1_30,42715,holdout
3264,1225,2025-06-28,H1_30,42716,holdout
3265,1225,2025-06-28,H1_30,42717,holdout
3266,1225,2025-06-28,H1_45,42682,holdout
3267,1225,2025-06-28,H1_45,42683,holdout
3268,1225,2025-06-28,H1_45,42684,holdout
3269,1225,2025-06-28,H1_45,42685,holdout
3270,1225,2025-06-28,H1_45,42687,holdout
3271,1225,2025-06-28,H1_45,42689,holdout
3272,1225,2025-06-28,H1_45,42690,holdout
3273,1225,2025-06-28,H1_45,42693,holdout
3274,1225,2025-06-28,H1_45,42694,holdout
3275,1225,2025-06-28,H1_45,42695,holdout
3276,1225,2025-06-28,H1_45,42704,holdout
3277,1225,2025-06-28,H1_45,42705,holdout
3278,1225,2025-06-28,H1_45,42706,holdout
3279,1225,2025-06-28,H1_45,42707,holdout
3280,1225,2025-06-28,H1_45,42709,holdout
3281,1225,2025-06-28,H1_45,42712,holdout
3282,1225,2025-06-28,H1_45,42713,holdout
3283,1225,2025-06-28,H1_45,42714,holdout
3284,1225,2025-06-28,H1_45,42715,holdout
3285,1225,2025-06-28,H1_45,42716,holdout
3286,1225,2025-06-28,H1_45,42717,holdout
3287,1225,2025-06-28,H1_45,42727,holdout
3288,1225,2025-06-28,H2_15,42682,holdout
3289,1225,2025-06-28,H2_15,42683,holdout
3290,1225,2025-06-28,H2_15,42684,holdout
3291,1225,2025-06-28,H2_15,42685,holdout
3292,1225,2025-06-28,H2_15,42687,holdout
3293,1225,2025-06-28,H2_15,42689,holdout
3294,1225,2025-06-28,H2_15,42690,holdout
3295,1225,2025-06-28,H2_15,42693,holdout
3296,1225,2025-06-28,H2_15,42694,holdout
3297,1225,2025-06-28,H2_15,42695,holdout
3298,1225,2025-06-28,H2_15,42704,holdout
3299,1225,2025-06-28,H2_15,42705,holdout
3300,1225,2025-06-28,H2_15,42706,holdout
3301,1225,2025-06-28,H2_15,42707,holdout
3302,1225,2025-06-28,H2_15,42709,holdout
3303,1225,2025-06-28,H2_15,42712,holdout
3304,1225,2025-06-28,H2_15,42713,holdout
3305,1225,2025-06-28,H2_15,42714,holdout
3306,1225,2025-06-28,H2_15,42715,holdout
3307,1225,2025-06-28,H2_15,42716,holdout
3308,1225,2025-06-28,H2_15,42717,holdout
3309,1225,2025-06-28,H2_15,42727,holdout
3310,1225,2025-06-28,H2_30,42682,holdout
3311,1225,2025-06-28,H2_30,42683,holdout
3312,1225,2025-06-28,H2_30,42684,holdout
3313,1225,2025-06-28,H2_30,42685,holdout
3314,1225,2025-06-28,H2_30,42687,holdout
3315,1225,2025-06-28,H2_30,42689,holdout
3316,1225,2025-06-28,H2_30,42690,holdout
3317,1225,2025-06-28,H2_30,42691,holdout
3318,1225,2025-06-28,H2_30,42693,holdout
3319,1225,2025-06-28,H2_30,42695,holdout
3320,1225,2025-06-28,H2_30,42704,holdout
3321,1225,2025-06-28,H2_30,42705,holdout
3322,1225,2025-06-28,H2_30,42706,holdout
3323,1225,2025-06-28,H2_30,42707,holdout
3324,1225,2025-06-28,H2_30,42709,holdout
3325,1225,2025-06-28,H2_30,42710,holdout
3326,1225,2025-06-28,H2_30,42712,holdout
3327,1225,2025-06-28,H2_30,42713,holdout
3328,1225,2025-06-28,H2_30,42715,holdout
3329,1225,2025-06-28,H2_30,42716,holdout
3330,1225,2025-06-28,H2_30,42717,holdout
3331,1225,2025-06-28,H2_30,42727,holdout
3332,1225,2025-06-28,H2_45,42682,holdout
3333,1225,2025-06-28,H2_45,42683,holdout
3334,1225,2025-06-28,H2_45,42684,holdout
3335,1225,2025-06-28,H2_45,42685,holdout
3336,1225,2025-06-28,H2_45,42687,holdout
3337,1225,2025-06-28,H2_45,42689,holdout
3338,1225,2025-06-28,H2_45,42690,holdout
3339,1225,2025-06-28,H2_45,42691,holdout
3340,1225,2025-06-28,H2_45,42693,holdout
3341,1225,2025-06-28,H2_45,42695,holdout
3342,1225,2025-06-28,H2_45,42704,holdout
3343,1225,2025-06-28,H2_45,42705,holdout
3344,1225,2025-06-28,H2_45,42707,holdout
3345,1225,2025-06-28,H2_45,42709,holdout
3346,1225,2025-06-28,H2_45,42710,holdout
3347,1225,2025-06-28,H2_45,42711,holdout
3348,1225,2025-06-28,H2_45,42712,holdout
3349,1225,2025-06-28,H2_45,42713,holdout
3350,1225,2025-06-28,H2_45,42715,holdout
3351,1225,2025-06-28,H2_45,42717,holdout
3352,1225,2025-06-28,H2_45,42722,holdout
3353,1225,2025-06-28,H2_45,42727,holdout
3354,1225,2025-06-28,ET1_15,42682,holdout
3355,1225,2025-06-28,ET1_15,42683,holdout
3356,1225,2025-06-28,ET1_15,42684,holdout
3357,1225,2025-06-28,ET1_15,42685,holdout
3358,1225,2025-06-28,ET1_15,42688,holdout
3359,1225,2025-06-28,ET1_15,42691,holdout
3360,1225,2025-06-28,ET1_15,42693,holdout
3361,1225,2025-06-28,ET1_15,42697,holdout
3362,1225,2025-06-28,ET1_15,42701,holdout
3363,1225,2025-06-28,ET1_15,42702,holdout
3364,1225,2025-06-28,ET1_15,42704,holdout
3365,1225,2025-06-28,ET1_15,42705,holdout
3366,1225,2025-06-28,ET1_15,42707,holdout
3367,1225,2025-06-28,ET1_15,42710,holdout
3368,1225,2025-06-28,ET1_15,42711,holdout
3369,1225,2025-06-28,ET1_15,42712,holdout
3370,1225,2025-06-28,ET1_15,42713,holdout
3371,1225,2025-06-28,ET1_15,42715,holdout
3372,1225,2025-06-28,ET1_15,42717,holdout
3373,1225,2025-06-28,ET1_15,42719,holdout
3374,1225,2025-06-28,ET1_15,42722,holdout
3375,1225,2025-06-28,ET1_15,42727,holdout
3376,1237,2025-06-21,H1_15,43972,holdout
3377,1237,2025-06-21,H1_15,43973,holdout
3378,1237,2025-06-21,H1_15,43974,holdout
3379,1237,2025-06-21,H1_15,43975,holdout
3380,1237,2025-06-21,H1_15,43976,holdout
3381,1237,2025-06-21,H1_15,43977,holdout
3382,1237,2025-06-21,H1_15,43978,holdout
3383,1237,2025-06-21,H1_15,43979,holdout
3384,1237,2025-06-21,H1_15,43982,holdout
3385,1237,2025-06-21,H1_15,43985,holdout
3386,1237,2025-06-21,H1_15,43986,holdout
3387,1237,2025-06-21,H1_15,43987,holdout
3388,1237,2025-06-21,H1_15,43988,holdout
3389,1237,2025-06-21,H1_15,43989,holdout
3390,1237,2025-06-21,H1_15,43990,holdout
3391,1237,2025-06-21,H1_15,43993,holdout
3392,1237,2025-06-21,H1_15,43994,holdout
3393,1237,2025-06-21,H1_15,43996,holdout
3394,1237,2025-06-21,H1_15,43997,holdout
3395,1237,2025-06-21,H1_15,43998,holdout
3396,1237,2025-06-21,H1_15,43999,holdout
3397,1237,2025-06-21,H1_15,44001,holdout
3398,1237,2025-06-21,H1_30,43972,holdout
3399,1237,2025-06-21,H1_30,43973,holdout
3400,1237,2025-06-21,H1_30,43974,holdout
3401,1237,2025-06-21,H1_30,43975,holdout
3402,1237,2025-06-21,H1_30,43976,holdout
3403,1237,2025-06-21,H1_30,43977,holdout
3404,1237,2025-06-21,H1_30,43978,holdout
3405,1237,2025-06-21,H1_30,43979,holdout
3406,1237,2025-06-21,H1_30,43982,holdout
3407,1237,2025-06-21,H1_30,43985,holdout
3408,1237,2025-06-21,H1_30,43986,holdout
3409,1237,2025-06-21,H1_30,43987,holdout
3410,1237,2025-06-21,H1_30,43988,holdout
3411,1237,2025-06-21,H1_30,43989,holdout
3412,1237,2025-06-21,H1_30,43990,holdout
3413,1237,2025-06-21,H1_30,43993,holdout
3414,1237,2025-06-21,H1_30,43994,holdout
3415,1237,2025-06-21,H1_30,43996,holdout
3416,1237,2025-06-21,H1_30,43997,holdout
3417,1237,2025-06-21,H1_30,43998,holdout
3418,1237,2025-06-21,H1_30,43999,holdout
3419,1237,2025-06-21,H1_30,44001,holdout
3420,1237,2025-06-21,H1_45,43972,holdout
3421,1237,2025-06-21,H1_45,43973,holdout
3422,1237,2025-06-21,H1_45,43974,holdout
3423,1237,2025-06-21,H1_45,43975,holdout
3424,1237,2025-06-21,H1_45,43976,holdout
3425,1237,2025-06-21,H1_45,43977,holdout
3426,1237,2025-06-21,H1_45,43978,holdout
3427,1237,2025-06-21,H1_45,43979,holdout
3428,1237,2025-06-21,H1_45,43982,holdout
3429,1237,2025-06-21,H1_45,43985,holdout
3430,1237,2025-06-21,H1_45,43986,holdout
3431,1237,2025-06-21,H1_45,43987,holdout
3432,1237,2025-06-21,H1_45,43988,holdout
3433,1237,2025-06-21,H1_45,43989,holdout
3434,1237,2025-06-21,H1_45,43990,holdout
3435,1237,2025-06-21,H1_45,43993,holdout
3436,1237,2025-06-21,H1_45,43994,holdout
3437,1237,2025-06-21,H1_45,43996,holdout
3438,1237,2025-06-21,H1_45,43997,holdout
3439,1237,2025-06-21,H1_45,43998,holdout
3440,1237,2025-06-21,H1_45,43999,holdout
3441,1237,2025-06-21,H1_45,44001,holdout
3442,1237,2025-06-21,H2_15,43972,holdout
3443,1237,2025-06-21,H2_15,43973,holdout
3444,1237,2025-06-21,H2_15,43974,holdout
3445,1237,2025-06-21,H2_15,43975,holdout
3446,1237,2025-06-21,H2_15,43976,holdout
3447,1237,2025-06-21,H2_15,43977,holdout
3448,1237,2025-06-21,H2_15,43979,holdout
3449,1237,2025-06-21,H2_15,43980,holdout
3450,1237,2025-06-21,H2_15,43981,holdout
3451,1237,2025-06-21,H2_15,43985,holdout
3452,1237,2025-06-21,H2_15,43986,holdout
3453,1237,2025-06-21,H2_15,43987,holdout
3454,1237,2025-06-21,H2_15,43988,holdout
3455,1237,2025-06-21,H2_15,43989,holdout
3456,1237,2025-06-21,H2_15,43990,holdout
3457,1237,2025-06-21,H2_15,43991,holdout
3458,1237,2025-06-21,H2_15,43992,holdout
3459,1237,2025-06-21,H2_15,43993,holdout
3460,1237,2025-06-21,H2_15,43996,holdout
3461,1237,2025-06-21,H2_15,43997,holdout
3462,1237,2025-06-21,H2_15,43998,holdout
3463,1237,2025-06-21,H2_15,44001,holdout
3464,1237,2025-06-21,H2_30,43972,holdout
3465,1237,2025-06-21,H2_30,43973,holdout
3466,1237,2025-06-21,H2_30,43974,holdout
3467,1237,2025-06-21,H2_30,43975,holdout
3468,1237,2025-06-21,H2_30,43976,holdout
3469,1237,2025-06-21,H2_30,43980,holdout
3470,1237,2025-06-21,H2_30,43981,holdout
3471,1237,2025-06-21,H2_30,43984,holdout
3472,1237,2025-06-21,H2_30,43985,holdout
3473,1237,2025-06-21,H2_30,43986,holdout
3474,1237,2025-06-21,H2_30,43987,holdout
3475,1237,2025-06-21,H2_30,43988,holdout
3476,1237,2025-06-21,H2_30,43989,holdout
3477,1237,2025-06-21,H2_30,43990,holdout
3478,1237,2025-06-21,H2_30,43991,holdout
3479,1237,2025-06-21,H2_30,43992,holdout
3480,1237,2025-06-21,H2_30,43995,holdout
3481,1237,2025-06-21,H2_30,43996,holdout
3482,1237,2025-06-21,H2_30,43997,holdout
3483,1237,2025-06-21,H2_30,44001,holdout
3484,1237,2025-06-21,H2_30,44003,holdout
3485,1237,2025-06-21,H2_30,44010,holdout
