player_appearance_id,player_id,fixture_id,date,checkpoint,checkpoint_period,checkpoint_min,position,is_home,formation,minute_in,minute_out,subbed,jersey_number,last15_sprints,last15_hsr,last15_distance,last15_mean_max_speed,last15_peak_speed,last15_shots,last15_shots_on_target,last15_shots_under_press,last15_shots_top_third,cumul_sprints,cumul_hsr,cumul_distance,cumul_mean_max_speed,cumul_peak_speed,cumul_shots,cumul_shots_on_target,cumul_shots_under_press,cumul_shots_top_third,scored_after,formation_defenders,formation_midfielders,formation_attackers,formation_striker,cumul_in_game_time,last_15_received_succ,last_15_received_unsucc,cumul_received_succ,cumul_received_unsucc,last15_top_sprint_count,last15_top_hsr_count,last15_middle_sprint_count,last15_middle_hsr_count,last15_bottom_sprint_count,last15_bottom_hsr_count,top_sprint_distance,top_hsr_distance,last15_unique_run_possessions,possessions_with_2plus_runs,possessions_with_2plus_top_runs,possessions_with_sprint_and_hsr,cumul_top_sprint_count,cumul_top_hsr_count,cumul_middle_sprint_count,cumul_middle_hsr_count,cumul_bottom_sprint_count,cumul_bottom_hsr_count,cumul_unique_run_possessions,cumul_top_run_share,cumul_middle_run_share,cumul_bottom_run_share,cumul_top_sprint_share,cumul_top_hsr_share,cumul_bottom_sprint_share,last15_top_run_share,last15_top_sprint_share,distance_per_run,distance_per_possession,top_distance_share,sprint_distance_share,avg_top_sprint_distance,runs_per_possession,sprints_per_possession,top_runs_per_possession,share_of_possessions_with_top_run,share_of_possessions_with_sprint,top_run_repeat_possession_rate,last_15_shots_total,last_15_shots_special,last_15_shots_set_play,last_15_shots_blocked,last_15_shots_under_pressure,cumul_shots_total,cumul_shots_special,cumul_shots_set_play,cumul_shots_blocked,cumul_shots_under_pressure,last_15_shots_under_pressure_rate,cumul_shots_under_pressure_rate
39437,3306,1159,2025-06-11,H1_15,half_1,15,G,False,4-1-4-1,1,90,False,1,0,1,8.4,12.02,12.02,0,0,0,0,0,1,8.4,12.02,12.02,0,0,0,0,0,4,1,4,1,14,2,1,2,1,0,0,0,1,0,0,0.0,0.0,1.0,0.0,0.0,0.0,0,0,0,1,0,0,1.0,0.0,1.0,0.0,0.0,0.0,0.0,0.0,0.0,0.0,0.0,0.0,0.0,0.0,1.0,0.0,0.0,0.0,0.0,0.0,0,0,0,0,0,0,0,0,0,0,0.0,0.0
65576,2042,1161,2025-06-11,H1_15,half_1,15,D,True,5-4-1,1,90,False,2,3,4,2226.25,6.874,8.12,1,0,1,1,3,4,2226.25,6.874,8.12,1,0,1,1,0,5,4,1,0,14,2,1,2,1,1,1,1,2,1,1,550.896,231.3572,1.0,1.0,1.0,1.0,1,1,1,2,1,1,1.0,0.2857142857142857,0.42857142857142855,0.2857142857142857,0.3333333333333333,0.25,0.3333333333333333,0.2857142857142857,0.3333333333333333,318.0356,2226.2491999999997,0.3513771953292561,0.5278900493260144,550.896,7.0,3.0,2.0,1.0,1.0,1.0,1,0,1,0,1,1,0,1,0,1,1.0,1.0
65576,2042,1161,2025-06-11,H1_30,half_1,30,D,True,5-4-1,1,90,False,2,1,5,1732.56,6.752,9.1,0,0,0,0,4,9,3958.81,6.818,9.1,1,0,1,1,0,5,4,1,0,29,8,2,10,3,0,1,0,3,1,1,0.0,358.4556,1.0,1.0,0.0,1.0,1,2,1,5,2,2,1.0,0.23076923076923078,0.46153846153846156,0.3076923076923077,0.25,0.2222222222222222,0.5,0.16666666666666666,0.0,288.7606666666667,1732.564,0.20689313641516272,0.37636589470865145,0.0,6.0,1.0,1.0,1.0,1.0,0.0,0,0,0,0,0,1,0,1,0,1,0.0,1.0
65576,2042,1161,2025-06-11,H1_45,half_1,45,D,True,5-4-1,1,90,False,2,1,5,1659.01,6.438,7.75,0,0,0,0,5,14,5617.83,6.698,9.1,1,0,1,1,0,5,4,1,0,44,1,1,11,4,0,1,1,2,0,2,0.0,155.9688,2.0,1.0,0.0,1.0,1,3,2,7,2,4,2.0,0.21052631578947367,0.47368421052631576,0.3157894736842105,0.2,0.21428571428571427,0.4,0.16666666666666666,0.0,276.502,829.5060000000001,0.09401306319664955,0.24578315286447594,0.0,3.0,0.5,0.5,0.5,0.5,0.0,0,0,0,0,0,1,0,1,0,1,0.0,1.0
65576,2042,1161,2025-06-11,H2_30,half_2,30,D,True,5-4-1,1,90,False,2,1,3,1165.56,6.92,7.32,0,0,0,0,6,20,7599.88,6.687,9.1,2,0,2,2,0,5,4,1,0,74,1,1,14,6,0,0,1,3,0,0,0.0,0.0,2.0,1.0,0.0,1.0,1,3,3,12,2,5,2.0,0.15384615384615385,0.5769230769230769,0.2692307692307692,0.16666666666666666,0.15,0.3333333333333333,0.0,0.0,291.3897,582.7794,0.0,0.33245615751002866,0.0,2.0,0.5,0.0,0.0,0.5,0.0,0,0,0,0,0,2,0,2,0,2,0.0,1.0
65577,2138,1161,2025-06-11,H1_15,half_1,15,D,True,5-4-1,1,90,False,3,1,3,1576.81,7.0,8.44,1,0,1,1,1,3,1576.81,7.0,8.44,1,0,1,1,0,5,4,1,0,14,1,0,1,0,0,0,1,2,0,1,0.0,0.0,2.0,1.0,0.0,1.0,0,0,1,2,0,1,2.0,0.0,0.75,0.25,0.0,0.0,0.0,0.0,0.0,394.20320000000004,788.4064000000001,0.0,0.46465350864731686,0.0,2.0,0.5,0.0,0.0,0.5,0.0,1,0,1,1,1,1,0,1,1,1,1.0,1.0
65577,2138,1161,2025-06-11,H1_30,half_1,30,D,True,5-4-1,1,90,False,3,1,13,3555.92,6.101,7.02,0,0,0,0,2,16,5132.73,6.301,8.44,1,0,1,1,0,5,4,1,0,29,5,0,6,0,0,2,0,4,1,7,0.0,354.5912,2.0,2.0,0.0,1.0,0,2,1,6,1,8,2.0,0.1111111111111111,0.3888888888888889,0.5,0.0,0.125,0.5,0.14285714285714285,0.0,253.99408571428572,1777.9586,0.09971863236860522,0.04498271219588578,0.0,7.0,0.5,1.0,1.0,0.5,0.0,0,0,0,0,0,1,0,1,1,1,0.0,1.0
65577,2138,1161,2025-06-11,H1_45,half_1,45,D,True,5-4-1,1,90,False,3,1,5,2338.13,6.597,8.13,0,0,0,0,3,21,7470.86,6.375,8.44,1,0,1,1,0,5,4,1,0,44,4,0,10,0,0,1,1,2,0,2,0.0,179.882,2.0,1.0,0.0,1.0,0,3,2,8,1,10,2.0,0.125,0.4166666666666667,0.4583333333333333,0.0,0.14285714285714285,0.3333333333333333,0.16666666666666666,0.0,389.68906666666663,1169.0672,0.07693398634398434,0.28176293030888216,0.0,3.0,0.5,0.5,0.5,0.5,0.0,0,0,0,0,0,1,0,1,1,1,0.0,1.0
65577,2138,1161,2025-06-11,H2_15,half_2,15,D,True,5-4-1,1,90,False,3,1,6,2073.61,6.524,8.31,0,0,0,0,4,27,9544.47,6.409,8.44,1,0,1,1,0,5,4,1,0,59,5,2,15,2,1,2,0,3,0,1,512.5008,644.6700000000001,2.0,2.0,1.0,1.0,1,5,2,11,1,11,2.0,0.1935483870967742,0.41935483870967744,0.3870967741935484,0.25,0.18518518518518517,0.25,0.42857142857142855,1.0,296.2296571428572,1036.8038000000001,0.5580471445031355,0.2471541867419853,512.5008,3.5,0.5,1.5,1.0,0.5,0.5,0,0,0,0,0,1,0,1,1,1,0.0,1.0
65579,2038,1161,2025-06-11,H2_30,half_2,30,D,True,5-4-1,64,90,False,7,5,4,3902.96,7.554,8.94,0,0,0,0,5,4,3902.96,7.554,8.94,0,0,0,0,0,5,4,1,0,11,0,1,0,1,3,1,2,1,0,2,1404.1824000000001,136.384,2.0,2.0,1.0,1.0,3,1,2,1,0,2,2.0,0.4444444444444444,0.3333333333333333,0.2222222222222222,0.6,0.25,0.0,0.4444444444444444,0.6,433.6623111111111,1951.4804,0.39471736431480436,0.6796955788026363,468.06080000000003,4.5,2.5,2.0,1.0,1.0,0.5,0,0,0,0,0,0,0,0,0,0,0.0,0.0
65580,2139,1161,2025-06-11,H1_15,half_1,15,M,True,5-4-1,1,90,False,8,3,12,3568.27,6.631,8.14,0,0,0,0,3,12,3568.27,6.631,8.14,0,0,0,0,1,5,4,1,0,14,5,0,5,0,1,5,2,4,0,3,190.5216,1398.7376,2.0,1.0,1.0,1.0,1,5,2,4,0,3,2.0,0.4,0.4,0.2,0.3333333333333333,0.4166666666666667,0.0,0.4,0.3333333333333333,237.88493333333332,1784.137,0.4453859765253453,0.24695222396037975,190.5216,7.5,1.5,3.0,0.5,0.5,0.5,0,0,0,0,0,0,0,0,0,0,0.0,0.0
65580,2139,1161,2025-06-11,H1_30,half_1,30,M,True,5-4-1,1,90,False,8,0,8,2675.04,6.161,7.11,0,0,0,0,3,20,6243.31,6.467,8.14,0,0,0,0,1,5,4,1,0,29,6,0,11,0,0,1,0,3,0,4,0.0,378.1652,2.0,2.0,0.0,0.0,1,6,2,7,0,7,2.0,0.30434782608695654,0.391304347826087,0.30434782608695654,0.3333333333333333,0.3,0.0,0.125,0.0,334.3796,1337.5184,0.1413682234203283,0.0,0.0,4.0,0.0,0.5,0.5,0.0,0.0,0,0,0,0,0,0,0,0,0,0,0.0,0.0
65580,2139,1161,2025-06-11,H1_45,half_1,45,M,True,5-4-1,1,90,False,8,1,5,2906.51,6.633,7.08,0,0,0,0,4,25,9149.82,6.502,8.14,0,0,0,0,1,5,4,1,0,44,3,1,14,1,0,1,1,2,0,2,0.0,640.278,2.0,1.0,0.0,1.0,1,7,3,9,0,9,2.0,0.27586206896551724,0.41379310344827586,0.3103448275862069,0.25,0.28,0.0,0.16666666666666666,0.0,484.4182,1453.2546,0.2202910625571046,0.12545812688292884,0.0,3.0,0.5,0.5,0.5,0.5,0.0,0,0,0,0,0,0,0,0,0,0,0.0,0.0
65581,968,1161,2025-06-11,H1_15,half_1,15,A,True,5-4-1,1,64,True,9,2,9,3761.42,6.625,7.73,0,0,0,0,2,9,3761.42,6.625,7.73,0,0,0,0,0,5,4,1,0,14,0,1,0,1,0,1,1,5,1,3,0.0,306.6192,2.0,2.0,0.0,1.0,0,1,1,5,1,3,2.0,0.09090909090909091,0.5454545454545454,0.36363636363636365,0.0,0.1111111111111111,0.5,0.09090909090909091,0.0,341.94683636363635,1880.7076,0.08151697797148265,0.13681999264532138,0.0,5.5,1.0,0.5,0.5,0.5,0.0,0,0,0,0,0,0,0,0,0,0,0.0,0.0
65581,968,1161,2025-06-11,H1_30,half_1,30,A,True,5-4-1,1,64,True,9,0,10,3521.11,6.472,6.97,0,0,0,0,2,19,7282.52,6.552,7.73,0,0,0,0,0,5,4,1,0,29,2,0,2,1,0,3,0,6,0,1,0.0,1255.7716,2.0,2.0,1.0,0.0,0,4,1,11,1,4,2.0,0.19047619047619047,0.5714285714285714,0.23809523809523808,0.0,0.21052631578947367,0.5,0.3,0.0,352.11088,1760.5544,0.3566409535541759,0.0,0.0,5.0,0.0,1.5,0.5,0.0,0.5,0,0,0,0,0,0,0,0,0,0,0.0,0.0
65581,968,1161,2025-06-11,H1_45,half_1,45,A,True,5-4-1,1,64,True,9,0,5,1852.37,6.472,7.05,0,0,0,0,2,24,9134.89,6.537,7.73,0,0,0,0,0,5,4,1,0,44,0,0,2,1,0,1,0,3,0,1,0.0,435.17119999999994,2.0,1.0,0.0,0.0,0,5,1,14,1,5,2.0,0.19230769230769232,0.5769230769230769,0.23076923076923078,0.0,0.20833333333333334,0.5,0.2,0.0,370.47416,926.1854,0.2349266140450929,0.0,0.0,2.5,0.0,0.5,0.5,0.0,0.0,0,0,0,0,0,0,0,0,0,0,0.0,0.0
65581,968,1161,2025-06-11,H2_15,half_2,15,A,True,5-4-1,1,64,True,9,1,8,3208.74,6.546,8.89,0,0,0,0,3,32,12343.64,6.539,8.89,0,0,0,0,0,5,4,1,0,59,3,1,5,2,0,3,0,5,1,0,0.0,1223.8364,2.0,2.0,1.0,1.0,0,8,1,19,2,5,2.0,0.22857142857142856,0.5714285714285714,0.2,0.0,0.25,0.6666666666666666,0.3333333333333333,0.0,356.52706666666666,1604.3718,0.381406728789424,0.22425462726283277,0.0,4.5,0.5,1.5,1.0,0.5,0.5,0,0,0,0,0,0,0,0,0,0,0.0,0.0
65582,1909,1161,2025-06-11,H1_15,half_1,15,M,True,5-4-1,1,64,True,10,2,9,4050.27,6.467,7.84,0,0,0,0,2,9,4050.27,6.467,7.84,0,0,0,0,0,5,4,1,0,14,3,0,3,0,0,6,1,3,1,0,0.0,2020.8172,2.0,2.0,2.0,1.0,0,6,1,3,1,0,2.0,0.5454545454545454,0.36363636363636365,0.09090909090909091,0.0,0.6666666666666666,0.5,0.5454545454545454,0.0,368.20592727272725,2025.1326,0.49893453890377354,0.11022211582589704,0.0,5.5,1.0,3.0,1.0,0.5,1.0,0,0,0,0,0,0,0,0,0,0,0.0,0.0
65582,1909,1161,2025-06-11,H1_30,half_1,30,M,True,5-4-1,1,64,True,10,1,7,2553.56,6.431,7.32,0,0,0,0,3,16,6603.83,6.452,7.84,0,0,0,0,0,5,4,1,0,29,4,1,7,1,0,2,1,3,0,2,0.0,533.9048,2.0,2.0,0.0,1.0,0,8,2,6,1,2,2.0,0.42105263157894735,0.42105263157894735,0.15789473684210525,0.0,0.5,0.3333333333333333,0.25,0.0,319.19505,1276.7802,0.20908250300247452,0.1002695687166828,0.0,4.0,0.5,1.0,1.0,0.5,0.0,0,0,0,0,0,0,0,0,0,0,0.0,0.0
65582,1909,1161,2025-06-11,H1_45,half_1,45,M,True,5-4-1,1,64,True,10,1,10,2690.68,6.321,7.16,0,0,0,0,4,26,9294.5,6.404,7.84,0,0,0,0,0,5,4,1,0,44,3,1,10,2,0,2,1,6,0,2,0.0,1049.7356,2.0,2.0,1.0,1.0,0,10,3,12,1,4,2.0,0.3333333333333333,0.5,0.16666666666666666,0.0,0.38461538461538464,0.25,0.18181818181818182,0.0,244.60701818181818,1345.3386,0.3901380663574211,0.07845995052843946,0.0,5.5,0.5,1.0,0.5,0.5,0.5,0,0,0,0,0,0,0,0,0,0,0.0,0.0
65582,1909,1161,2025-06-11,H2_15,half_2,15,M,True,5-4-1,1,64,True,10,3,10,4154.44,6.767,8.22,1,0,1,1,7,36,13448.94,6.514,8.22,1,0,1,1,0,5,4,1,0,59,6,0,16,2,1,4,1,4,1,2,312.8808,1138.6488,2.0,2.0,2.0,2.0,1,14,4,16,2,6,2.0,0.3488372093023256,0.46511627906976744,0.18604651162790697,0.14285714285714285,0.3888888888888889,0.2857142857142857,0.38461538461538464,0.3333333333333333,319.57209230769234,2077.2186,0.34939259642677956,0.19813071190485196,312.8808,6.5,1.5,2.5,1.0,1.0,1.0,1,0,0,1,1,1,0,0,1,1,1.0,1.0
65584,445,1161,2025-06-11,H1_15,half_1,15,D,True,5-4-1,1,64,True,14,3,12,5003.92,6.839,8.16,0,0,0,0,3,12,5003.92,6.839,8.16,0,0,0,0,0,5,4,1,0,14,2,0,2,0,2,3,1,4,0,5,950.0648,743.4344,2.0,2.0,2.0,2.0,2,3,1,4,0,5,2.0,0.3333333333333333,0.3333333333333333,0.3333333333333333,0.6666666666666666,0.25,0.0,0.3333333333333333,0.6666666666666666,333.59490666666665,2501.9618,0.3384342638644603,0.28466086092921156,475.0324,7.5,1.5,2.5,1.0,1.0,1.0,0,0,0,0,0,0,0,0,0,0,0.0,0.0
65584,445,1161,2025-06-11,H1_30,half_1,30,D,True,5-4-1,1,64,True,14,2,6,3037.2,7.021,8.73,0,0,0,0,5,18,8041.12,6.903,8.73,0,0,0,0,0,5,4,1,0,29,1,2,3,2,0,1,0,2,2,3,0.0,154.5464,1.0,1.0,0.0,1.0,2,4,1,6,2,8,2.0,0.2608695652173913,0.30434782608695654,0.43478260869565216,0.4,0.2222222222222222,0.4,0.125,0.0,379.65004999999996,3037.2003999999997,0.05088449217904753,0.3069138276157214,0.0,8.0,2.0,1.0,1.0,1.0,0.0,0,0,0,0,0,0,0,0,0,0,0.0,0.0
65584,445,1161,2025-06-11,H1_45,half_1,45,D,True,5-4-1,1,64,True,14,3,7,3869.9,7.214,8.92,0,0,0,0,8,25,11911.03,6.997,8.92,0,0,0,0,0,5,4,1,0,44,1,0,4,2,1,2,1,2,1,3,435.8776,362.4384,2.0,2.0,1.0,1.0,3,6,2,8,3,11,2.0,0.2727272727272727,0.30303030303030304,0.42424242424242425,0.375,0.24,0.375,0.3,0.3333333333333333,386.9904,1934.952,0.20628832136404415,0.49022580405095323,435.8776,5.0,1.5,1.5,0.5,0.5,0.5,0,0,0,0,0,0,0,0,0,0,0.0,0.0
65584,445,1161,2025-06-11,H2_15,half_2,15,D,True,5-4-1,1,64,True,14,2,9,3029.11,6.665,7.52,0,0,0,0,10,34,14940.13,6.914,8.92,0,0,0,0,0,5,4,1,0,59,1,1,5,3,1,2,0,2,1,5,156.4084,622.7855999999999,2.0,2.0,1.0,1.0,4,8,2,10,4,16,2.0,0.2727272727272727,0.2727272727272727,0.45454545454545453,0.4,0.23529411764705882,0.4,0.2727272727272727,0.5,275.37330909090906,1514.5531999999998,0.25723559925131717,0.14746976203939222,156.4084,5.5,1.0,1.5,1.0,0.5,0.5,0,0,0,0,0,0,0,0,0,0,0.0,0.0
65585,966,1161,2025-06-11,H1_15,half_1,15,D,True,5-4-1,1,90,False,15,4,10,4514.78,6.815,8.85,0,0,0,0,4,10,4514.78,6.815,8.85,0,0,0,0,0,5,4,1,0,14,2,1,2,1,1,4,1,5,2,1,752.0452,739.828,2.0,2.0,2.0,1.0,1,4,1,5,2,1,2.0,0.35714285714285715,0.42857142857142855,0.21428571428571427,0.25,0.4,0.5,0.35714285714285715,0.25,322.48394285714284,2257.3876,0.33044241051027307,0.42500127138113103,752.0452,7.0,2.0,2.5,1.0,0.5,1.0,0,0,0,0,0,0,0,0,0,0,0.0,0.0
65585,966,1161,2025-06-11,H1_30,half_1,30,D,True,5-4-1,1,90,False,15,3,7,3380.88,6.864,7.92,0,0,0,0,7,17,7895.66,6.835,8.85,0,0,0,0,0,5,4,1,0,29,8,1,10,2,1,2,1,0,1,5,245.1536,1092.588,2.0,1.0,1.0,1.0,2,6,2,5,3,6,2.0,0.3333333333333333,0.2916666666666667,0.375,0.2857142857142857,0.35294117647058826,0.42857142857142855,0.3,0.3333333333333333,338.08820000000003,1690.441,0.39567828750012574,0.31409507933136976,245.1536,5.0,1.5,1.5,0.5,0.5,0.5,0,0,0,0,0,0,0,0,0,0,0.0,0.0
65585,966,1161,2025-06-11,H1_45,half_1,45,D,True,5-4-1,1,90,False,15,2,5,2251.88,6.683,9.27,0,0,0,0,9,22,10147.54,6.801,9.27,0,0,0,0,0,5,4,1,0,44,2,1,12,3,0,1,1,3,1,1,0.0,139.7256,2.0,1.0,0.0,1.0,2,7,3,8,4,7,2.0,0.2903225806451613,0.3548387096774194,0.3548387096774194,0.2222222222222222,0.3181818181818182,0.4444444444444444,0.14285714285714285,0.0,321.69765714285717,1125.9418,0.062048322568715356,0.5062645333888484,0.0,3.5,1.0,0.5,0.5,0.5,0.0,0,0,0,0,0,0,0,0,0,0,0.0,0.0
65585,966,1161,2025-06-11,H2_15,half_2,15,D,True,5-4-1,1,90,False,15,5,9,3034.51,6.856,7.77,0,0,0,0,14,31,13182.05,6.818,9.27,0,0,0,0,0,5,4,1,0,59,3,0,15,3,0,0,3,6,2,3,0.0,0.0,2.0,2.0,0.0,2.0,2,7,6,14,6,10,2.0,0.2,0.4444444444444444,0.35555555555555557,0.14285714285714285,0.22580645161290322,0.42857142857142855,0.0,0.0,216.7508285714286,1517.2558000000001,0.0,0.3758250915896976,0.0,7.0,2.5,0.0,0.0,1.0,0.0,0,0,0,0,0,0,0,0,0,0,0.0,0.0
65585,966,1161,2025-06-11,H2_30,half_2,30,D,True,5-4-1,1,90,False,15,1,5,1908.84,6.565,8.25,0,0,0,0,15,36,15090.89,6.788,9.27,0,0,0,0,0,5,4,1,0,74,1,1,16,4,1,0,0,3,0,2,408.752,0.0,2.0,2.0,0.0,1.0,3,7,6,17,6,12,2.0,0.19607843137254902,0.45098039215686275,0.35294117647058826,0.2,0.19444444444444445,0.4,0.16666666666666666,1.0,318.14033333333333,954.421,0.21413610974611832,0.21413610974611832,408.752,3.0,0.5,0.5,0.5,0.5,0.0,0,0,0,0,0,0,0,0,0,0,0.0,0.0
65586,973,1161,2025-06-11,H1_15,half_1,15,M,True,5-4-1,1,90,True,16,2,16,5742.48,6.508,7.66,0,0,0,0,2,16,5742.48,6.508,7.66,0,0,0,0,0,5,4,1,0,14,3,1,3,1,1,2,1,10,0,4,500.1448,987.3296,2.0,2.0,1.0,2.0,1,2,1,10,0,4,2.0,0.16666666666666666,0.6111111111111112,0.2222222222222222,0.5,0.125,0.0,0.16666666666666666,0.5,319.0268444444444,2871.2416,0.25902982180252615,0.11249962385610462,500.1448,9.0,1.0,1.5,1.0,1.0,0.5,0,0,0,0,0,0,0,0,0,0,0.0,0.0
65586,973,1161,2025-06-11,H1_30,half_1,30,M,True,5-4-1,1,90,True,16,3,12,5672.73,6.821,8.73,1,0,1,1,5,28,11415.21,6.65,8.73,1,0,1,1,0,5,4,1,0,29,4,1,7,2,1,5,1,6,1,1,236.6004,1894.9112,2.0,2.0,2.0,2.0,2,7,2,16,1,5,2.0,0.2727272727272727,0.5454545454545454,0.18181818181818182,0.4,0.25,0.2,0.4,0.3333333333333333,378.1817333333333,2836.363,0.3757473214817708,0.18002921346809278,236.6004,7.5,1.5,3.0,1.0,1.0,1.0,1,0,0,0,1,1,0,0,0,1,1.0,1.0
65586,973,1161,2025-06-11,H1_45,half_1,45,M,True,5-4-1,1,90,True,16,2,11,4829.37,6.578,8.66,0,0,0,0,7,39,16244.58,6.63,8.73,1,0,1,1,0,5,4,1,0,44,1,1,8,3,0,1,2,6,0,4,0.0,148.31799999999998,2.0,2.0,0.0,1.0,2,8,4,22,1,9,2.0,0.21739130434782608,0.5652173913043478,0.21739130434782608,0.2857142857142857,0.20512820512820512,0.14285714285714285,0.07692307692307693,0.0,371.4896923076923,2414.683,0.03071169176243838,0.32398869748120146,0.0,6.5,1.0,0.5,0.5,0.5,0.0,0,0,0,0,0,1,0,0,0,1,0.0,1.0
65586,973,1161,2025-06-11,H2_15,half_2,15,M,True,5-4-1,1,90,True,16,2,16,5892.01,6.416,7.57,0,0,0,0,9,55,22136.58,6.57,8.73,1,0,1,1,0,5,4,1,0,59,5,0,13,3,1,3,0,6,1,7,174.75039999999998,594.0616,2.0,2.0,2.0,2.0,3,11,4,28,2,16,2.0,0.21875,0.5,0.28125,0.3333333333333333,0.2,0.2222222222222222,0.2222222222222222,0.5,327.33382222222224,2946.0044000000003,0.13048385128005915,0.0940627244141251,174.75039999999998,9.0,1.0,2.0,1.0,1.0,1.0,0,0,0,0,0,1,0,0,0,1,0.0,1.0
65586,973,1161,2025-06-11,H2_30,half_2,30,M,True,5-4-1,1,90,True,16,0,6,2605.22,6.245,6.49,0,0,0,0,9,61,24741.8,6.542,8.73,1,0,1,1,0,5,4,1,0,74,2,0,15,3,0,1,0,5,0,0,0.0,468.5628,2.0,2.0,0.0,0.0,3,12,4,33,2,16,2.0,0.21428571428571427,0.5285714285714286,0.2571428571428571,0.3333333333333333,0.19672131147540983,0.2222222222222222,0.16666666666666666,0.0,434.20340000000004,1302.6102,0.17985533968642345,0.0,0.0,3.0,0.0,0.5,0.5,0.0,0.0,0,0,0,0,0,1,0,0,0,1,0.0,1.0
65587,400,1161,2025-06-11,H1_15,half_1,15,M,True,5-4-1,1,82,True,17,4,9,5631.72,7.151,9.11,0,0,0,0,4,9,5631.72,7.151,9.11,0,0,0,0,0,5,4,1,0,14,1,0,1,0,3,3,0,3,1,3,2141.1564,1108.4904000000001,2.0,2.0,2.0,2.0,3,3,0,3,1,3,2.0,0.46153846153846156,0.23076923076923078,0.3076923076923077,0.75,0.3333333333333333,0.25,0.46153846153846156,0.75,433.2088615384615,2815.8576,0.5770261251847395,0.4353696010764181,713.7188,6.5,2.0,3.0,1.0,1.0,1.0,0,0,0,0,0,0,0,0,0,0,0.0,0.0
65587,400,1161,2025-06-11,H1_30,half_1,30,M,True,5-4-1,1,82,True,17,1,7,3377.93,6.532,8.86,0,0,0,0,5,16,9009.64,6.915,9.11,0,0,0,0,0,5,4,1,0,29,4,1,5,1,1,2,0,4,0,1,567.6179999999999,805.3668,2.0,2.0,1.0,1.0,4,5,0,7,1,4,2.0,0.42857142857142855,0.3333333333333333,0.23809523809523808,0.8,0.3125,0.2,0.375,1.0,422.2407,1688.9628,0.40645797527334526,0.16803744878217564,567.6179999999999,4.0,0.5,1.5,1.0,0.5,0.5,0,0,0,0,0,0,0,0,0,0,0.0,0.0
65587,400,1161,2025-06-11,H1_45,half_1,45,M,True,5-4-1,1,82,True,17,2,4,2020.27,7.07,7.81,0,0,0,0,7,20,11029.92,6.95,9.11,0,0,0,0,0,5,4,1,0,44,1,0,6,1,1,1,1,2,0,1,410.4308,281.59000000000003,2.0,2.0,1.0,1.0,5,6,1,9,1,5,2.0,0.4074074074074074,0.37037037037037035,0.2222222222222222,0.7142857142857143,0.3,0.14285714285714285,0.3333333333333333,0.5,336.71246666666667,1010.1374,0.342537955727607,0.3222595262783063,410.4308,3.0,1.0,1.0,0.5,0.5,0.5,0,0,0,0,0,0,0,0,0,0,0.0,0.0
65587,400,1161,2025-06-11,H2_15,half_2,15,M,True,5-4-1,1,82,True,17,4,10,3911.09,7.029,8.65,0,0,0,0,11,30,14941.01,6.977,9.11,0,0,0,0,0,5,4,1,0,59,4,0,10,1,2,3,1,6,1,1,617.6776,630.7692,2.0,2.0,2.0,2.0,7,9,2,15,2,6,2.0,0.3902439024390244,0.4146341463414634,0.1951219512195122,0.6363636363636364,0.3,0.18181818181818182,0.35714285714285715,0.5,279.3636571428571,1955.5456,0.31920677277993414,0.45302098810684854,308.8388,7.0,2.0,2.5,1.0,1.0,1.0,0,0,0,0,0,0,0,0,0,0,0.0,0.0
65587,400,1161,2025-06-11,H2_30,half_2,30,M,True,5-4-1,1,82,True,17,2,2,1195.06,6.748,7.55,0,0,0,0,13,32,16136.07,6.956,9.11,0,0,0,0,0,5,4,1,0,74,2,0,12,1,1,0,1,2,0,0,164.3176,0.0,2.0,2.0,0.0,0.0,8,9,3,17,2,6,2.0,0.37777777777777777,0.4444444444444444,0.17777777777777778,0.6153846153846154,0.28125,0.15384615384615385,0.25,0.5,298.7656,597.5312,0.1374970880181654,0.3873059682908607,164.3176,2.0,1.0,0.5,0.5,0.5,0.0,0,0,0,0,0,0,0,0,0,0,0.0,0.0
65588,3361,1161,2025-06-11,H1_15,half_1,15,D,True,5-4-1,1,90,False,18,5,10,6167.36,7.245,10.25,0,0,0,0,5,10,6167.36,7.245,10.25,0,0,0,0,0,5,4,1,0,14,2,1,2,1,3,5,2,3,0,2,1208.8464,1513.9076,2.0,2.0,2.0,2.0,3,5,2,3,0,2,2.0,0.5333333333333333,0.3333333333333333,0.13333333333333333,0.6,0.5,0.0,0.5333333333333333,0.6,358.24108571428576,2507.6876,0.542881417924625,0.27473645441322114,402.94879999999995,7.5,2.5,4.0,1.0,1.0,1.0,0,0,0,0,0,0,0,0,0,0,0.0,0.0
65588,3361,1161,2025-06-11,H1_30,half_1,30,D,True,5-4-1,1,90,False,18,4,13,6028.35,6.918,7.76,1,0,1,1,9,23,12195.71,7.071,10.25,1,0,1,1,0,5,4,1,0,29,4,0,6,1,1,4,2,6,1,3,391.5112,1362.6704,2.0,2.0,1.0,2.0,4,9,4,9,1,5,2.0,0.40625,0.40625,0.1875,0.4444444444444444,0.391304347826087,0.1111111111111111,0.29411764705882354,0.25,354.6086588235294,3014.1736,0.2909888136502821,0.30382695940273646,391.5112,8.5,2.0,2.5,1.0,1.0,0.5,1,0,0,1,1,1,0,0,1,1,1.0,1.0
65588,3361,1161,2025-06-11,H1_45,half_1,45,D,True,5-4-1,1,90,False,18,6,12,5926.81,6.977,8.12,0,0,0,0,15,35,18122.52,7.037,10.25,1,0,1,1,0,5,4,1,0,44,2,0,8,1,1,1,2,7,3,4,489.6688,249.722,2.0,2.0,1.0,2.0,5,10,6,16,4,9,2.0,0.3,0.44,0.26,0.3333333333333333,0.2857142857142857,0.26666666666666666,0.1111111111111111,0.16666666666666666,329.2671555555555,2963.4044,0.12475361108325277,0.3385105994983337,489.6688,9.0,3.0,1.0,0.5,1.0,0.5,0,0,0,0,0,1,0,0,1,1,0.0,1.0
65588,3361,1161,2025-06-11,H2_15,half_2,15,D,True,5-4-1,1,90,False,18,2,10,3955.21,6.587,8.37,0,0,0,0,17,45,22077.72,6.95,10.25,1,0,1,1,0,5,4,1,0,59,8,0,16,1,0,1,2,7,0,2,0.0,356.6244,2.0,2.0,0.0,1.0,5,11,8,23,4,11,2.0,0.25806451612903225,0.5,0.24193548387096775,0.29411764705882354,0.24444444444444444,0.23529411764705882,0.08333333333333333,0.0,329.6005333333333,1977.6032,0.09016581283849055,0.2747824234912241,0.0,6.0,1.0,0.5,0.5,0.5,0.0,0,0,0,0,0,1,0,0,1,1,0.0,1.0
65588,3361,1161,2025-06-11,H2_30,half_2,30,D,True,5-4-1,1,90,False,18,0,5,1771.61,6.346,6.7,0,0,0,0,17,50,23849.33,6.905,10.25,1,0,1,1,0,5,4,1,0,74,3,0,19,1,0,1,0,2,0,2,0.0,301.546,2.0,2.0,0.0,0.0,5,12,8,25,4,13,2.0,0.2537313432835821,0.4925373134328358,0.2537313432835821,0.29411764705882354,0.24,0.23529411764705882,0.2,0.0,354.32104,885.8026,0.1702106090002445,0.0,0.0,2.5,0.0,0.5,0.5,0.0,0.0,0,0,0,0,0,1,0,0,1,1,0.0,1.0
65590,1158,1161,2025-06-11,H2_30,half_2,30,M,True,5-4-1,64,90,False,21,3,4,2351.26,7.387,8.19,0,0,0,0,3,4,2351.26,7.387,8.19,0,0,0,0,0,5,4,1,0,11,0,0,0,0,1,1,1,2,1,1,531.104,236.0308,2.0,2.0,0.0,2.0,1,1,1,2,1,1,2.0,0.2857142857142857,0.42857142857142855,0.2857142857142857,0.3333333333333333,0.25,0.3333333333333333,0.2857142857142857,0.3333333333333333,335.89417142857144,1175.6296,0.3262655176426317,0.7310162996916716,531.104,3.5,1.5,1.0,1.0,1.0,0.0,0,0,0,0,0,0,0,0,0,0,0.0,0.0
65592,3364,1161,2025-06-11,H1_15,half_1,15,D,False,4-3-3,1,90,False,4,2,7,2461.44,6.632,8.05,0,0,0,0,2,7,2461.44,6.632,8.05,0,0,0,0,0,4,3,3,0,14,13,2,13,2,0,0,2,2,0,5,0.0,0.0,2.0,2.0,0.0,1.0,0,0,2,2,0,5,2.0,0.0,0.4444444444444444,0.5555555555555556,0.0,0.0,0.0,0.0,0.0,273.49355555555553,1230.721,0.0,0.319810745083573,0.0,4.5,1.0,0.0,0.0,0.5,0.0,0,0,0,0,0,0,0,0,0,0,0.0,0.0
65592,3364,1161,2025-06-11,H1_45,half_1,45,D,False,4-3-3,1,90,False,4,0,6,1560.97,6.308,7.24,0,0,0,0,2,14,4264.94,6.491,8.05,0,0,0,0,0,4,3,3,0,44,6,3,31,9,0,0,0,1,0,5,0.0,0.0,2.0,2.0,0.0,0.0,0,0,2,4,0,10,2.0,0.0,0.375,0.625,0.0,0.0,0.0,0.0,0.0,260.1616666666667,780.485,0.0,0.0,0.0,3.0,0.0,0.0,0.0,0.0,0.0,0,0,0,0,0,0,0,0,0,0,0.0,0.0
65592,3364,1161,2025-06-11,H2_15,half_2,15,D,False,4-3-3,1,90,False,4,2,7,1993.77,6.813,7.83,0,0,0,0,4,21,6258.71,6.607,8.05,0,0,0,0,0,4,3,3,0,59,4,0,35,9,1,2,1,3,0,2,160.6576,419.0028,2.0,2.0,1.0,1.0,1,2,3,7,0,12,2.0,0.12,0.4,0.48,0.25,0.09523809523809523,0.0,0.3333333333333333,0.5,221.53013333333334,996.8856000000001,0.2907356671618087,0.24126940944878728,160.6576,4.5,1.0,1.5,0.5,0.5,0.5,0,0,0,0,0,0,0,0,0,0,0.0,0.0
65592,3364,1161,2025-06-11,H2_30,half_2,30,D,False,4-3-3,1,90,False,4,0,3,1855.99,6.497,6.58,0,0,0,0,4,24,8114.7,6.595,8.05,0,0,0,0,0,4,3,3,0,74,1,0,36,9,0,0,0,1,0,2,0.0,0.0,2.0,1.0,0.0,0.0,1,2,3,8,0,14,2.0,0.10714285714285714,0.39285714285714285,0.5,0.25,0.08333333333333333,0.0,0.0,0.0,618.6632,927.9947999999999,0.0,0.0,0.0,1.5,0.0,0.0,0.0,0.0,0.0,0,0,0,0,0,0,0,0,0,0,0.0,0.0
65593,3365,1161,2025-06-11,H1_15,half_1,15,M,False,4-3-3,1,66,True,6,1,4,1445.37,6.674,7.41,0,0,0,0,1,4,1445.37,6.674,7.41,0,0,0,0,1,4,3,3,0,14,2,0,2,0,0,1,0,1,1,2,0.0,203.1924,2.0,1.0,0.0,1.0,0,1,0,1,1,2,2.0,0.2,0.2,0.6,0.0,0.25,1.0,0.2,0.0,289.0732,722.683,0.1405819702414475,0.15875342300842832,0.0,2.5,0.5,0.5,0.5,0.5,0.0,0,0,0,0,0,0,0,0,0,0,0.0,0.0
65593,3365,1161,2025-06-11,H1_30,half_1,30,M,False,4-3-3,1,66,True,6,3,12,4326.2,6.798,7.61,0,0,0,0,4,16,5771.56,6.767,7.61,0,0,0,0,1,4,3,3,0,29,3,0,5,0,1,2,2,7,0,3,153.7344,660.0064,2.0,2.0,1.0,1.0,1,3,2,8,1,5,2.0,0.2,0.5,0.3,0.25,0.1875,0.25,0.2,0.3333333333333333,288.41309333333334,2163.0982,0.18809612989368676,0.19166906060945363,153.7344,7.5,1.5,1.5,1.0,0.5,0.5,0,0,0,0,0,0,0,0,0,0,0.0,0.0
65593,3365,1161,2025-06-11,H1_45,half_1,45,M,False,4-3-3,1,66,True,6,1,7,1731.97,6.295,8.13,0,0,0,0,5,23,7503.54,6.632,8.13,0,0,0,0,1,4,3,3,0,44,4,0,9,0,0,3,1,4,0,0,0.0,571.9672,2.0,2.0,1.0,1.0,1,6,3,12,1,5,2.0,0.25,0.5357142857142857,0.21428571428571427,0.2,0.2608695652173913,0.2,0.375,0.0,216.4966,865.9864,0.3302402901477437,0.2524060424043611,0.0,4.0,0.5,1.5,1.0,0.5,0.5,0,0,0,0,0,0,0,0,0,0,0.0,0.0
65593,3365,1161,2025-06-11,H2_15,half_2,15,M,False,4-3-3,1,66,True,6,1,7,3103.44,6.781,7.53,1,1,0,1,6,30,10606.98,6.665,8.13,1,1,0,1,0,4,3,3,0,59,3,2,12,2,0,5,1,1,0,1,0.0,2420.1556,2.0,2.0,2.0,1.0,1,11,4,13,1,6,2.0,0.3333333333333333,0.4722222222222222,0.19444444444444445,0.16666666666666666,0.36666666666666664,0.16666666666666666,0.625,0.0,387.9302,1551.7208,0.7798295930556579,0.07192092804324077,0.0,4.0,0.5,2.5,1.0,0.5,1.0,1,0,1,0,0,1,0,1,0,0,0.0,0.0
65594,3366,1161,2025-06-11,H1_15,half_1,15,A,False,4-3-3,1,80,True,7,2,9,2960.83,6.605,7.39,0,0,0,0,2,9,2960.83,6.605,7.39,0,0,0,0,0,4,3,3,0,14,1,0,1,0,1,2,0,3,1,4,236.5056,367.1644,2.0,2.0,1.0,1.0,1,2,0,3,1,4,2.0,0.2727272727272727,0.2727272727272727,0.45454545454545453,0.5,0.2222222222222222,0.5,0.2727272727272727,0.5,269.166,1480.413,0.2038856724441085,0.1338618345015884,236.5056,5.5,1.0,1.5,1.0,0.5,0.5,0,0,0,0,0,0,0,0,0,0,0.0,0.0
65594,3366,1161,2025-06-11,H1_30,half_1,30,A,False,4-3-3,1,80,True,7,3,5,2517.38,6.815,8.52,0,0,0,0,5,14,5478.21,6.693,8.52,0,0,0,0,0,4,3,3,0,29,1,0,2,0,2,2,0,1,1,2,924.5536,427.10720000000003,2.0,1.0,1.0,1.0,3,4,0,4,2,6,2.0,0.3684210526315789,0.21052631578947367,0.42105263157894735,0.6,0.2857142857142857,0.4,0.5,0.6666666666666666,314.6728,1258.6912,0.5369310598183256,0.5014330758807243,462.2768,4.0,1.5,2.0,0.5,0.5,0.5,0,0,0,0,0,0,0,0,0,0,0.0,0.0
65594,3366,1161,2025-06-11,H1_45,half_1,45,A,False,4-3-3,1,80,True,7,1,10,2592.11,6.361,7.62,0,0,0,0,6,24,8070.31,6.571,8.52,0,0,0,0,0,4,3,3,0,44,4,1,6,1,1,7,0,3,0,0,292.34159999999997,1439.066,2.0,2.0,2.0,1.0,4,11,0,7,2,6,2.0,0.5,0.23333333333333334,0.26666666666666666,0.6666666666666666,0.4583333333333333,0.3333333333333333,0.7272727272727273,1.0,235.64603636363637,1296.0532,0.667953908064885,0.11278148150091367,292.34159999999997,5.5,0.5,4.0,1.0,0.5,1.0,0,0,0,0,0,0,0,0,0,0,0.0,0.0
65594,3366,1161,2025-06-11,H2_15,half_2,15,A,False,4-3-3,1,80,True,7,4,8,3799.84,6.996,8.33,1,0,1,1,10,32,11870.16,6.693,8.52,1,0,1,1,0,4,3,3,0,59,3,1,9,2,3,4,0,3,1,1,995.8504,1120.2784,2.0,2.0,2.0,2.0,7,15,0,10,3,7,2.0,0.5238095238095238,0.23809523809523808,0.23809523809523808,0.7,0.46875,0.3,0.5833333333333334,0.75,316.6535666666667,1899.9214,0.5568990380338893,0.3912743969303151,331.9501333333333,6.0,2.0,3.5,1.0,1.0,1.0,1,0,0,0,1,1,0,0,0,1,1.0,1.0
65594,3366,1161,2025-06-11,H2_30,half_2,30,A,False,4-3-3,1,80,True,7,2,4,1888.75,7.038,8.55,0,0,0,0,12,36,13758.91,6.736,8.55,1,0,1,1,0,4,3,3,0,74,1,1,10,3,0,1,1,2,1,1,0.0,244.2336,2.0,2.0,0.0,1.0,7,16,1,12,4,8,2.0,0.4791666666666667,0.2708333333333333,0.25,0.5833333333333334,0.4444444444444444,0.3333333333333333,0.16666666666666666,0.0,314.7924666666667,944.3774000000001,0.12930932061694825,0.4991750120237947,0.0,3.0,1.0,0.5,0.5,0.5,0.0,0,0,0,0,0,1,0,0,0,1,0.0,1.0
65596,3368,1161,2025-06-11,H1_15,half_1,15,A,False,4-3-3,1,90,False,9,2,11,4693.17,6.728,8.35,0,0,0,0,2,11,4693.17,6.728,8.35,0,0,0,0,0,4,3,3,0,14,1,1,1,1,0,6,2,3,0,2,0.0,1744.4404,2.0,1.0,1.0,1.0,0,6,2,3,0,2,2.0,0.46153846153846156,0.38461538461538464,0.15384615384615385,0.0,0.5454545454545454,0.0,0.46153846153846156,0.0,361.0133846153846,2346.587,0.37169736302127304,0.24448597047541812,0.0,6.5,1.0,3.0,1.0,0.5,0.5,0,0,0,0,0,0,0,0,0,0,0.0,0.0
65596,3368,1161,2025-06-11,H1_30,half_1,30,A,False,4-3-3,1,90,False,9,2,14,4866.95,6.566,8.5,0,0,0,0,4,25,9560.13,6.638,8.5,0,0,0,0,0,4,3,3,0,29,2,0,3,1,2,6,0,5,0,3,1126.3536,1731.8519999999999,2.0,2.0,2.0,2.0,2,12,2,8,0,5,2.0,0.4827586206896552,0.3448275862068966,0.1724137931034483,0.5,0.48,0.0,0.5,1.0,304.184675,2433.4774,0.5872677510791758,0.23142881869377538,563.1768,8.0,1.0,4.0,1.0,1.0,1.0,0,0,0,0,0,0,0,0,0,0,0.0,0.0
65596,3368,1161,2025-06-11,H1_45,half_1,45,A,False,4-3-3,1,90,False,9,4,11,5243.43,7.101,9.44,0,0,0,0,8,36,14803.55,6.796,9.44,0,0,0,0,0,4,3,3,0,44,1,0,4,1,2,5,2,4,0,2,1028.3416000000002,1207.2820000000002,2.0,2.0,2.0,2.0,4,17,4,12,0,7,2.0,0.4772727272727273,0.36363636363636365,0.1590909090909091,0.5,0.4722222222222222,0.0,0.4666666666666667,0.5,349.56168,2621.7126000000003,0.42636702436415036,0.3836733286478465,514.1708000000001,7.5,2.0,3.5,1.0,1.0,1.0,0,0,0,0,0,0,0,0,0,0,0.0,0.0
65596,3368,1161,2025-06-11,H2_15,half_2,15,A,False,4-3-3,1,90,False,9,8,18,7540.88,6.913,8.4,0,0,0,0,16,54,22344.44,6.84,9.44,0,0,0,0,0,4,3,3,0,59,1,0,5,1,1,5,7,12,0,1,872.262,1020.188,2.0,2.0,2.0,2.0,5,22,11,24,0,8,2.0,0.38571428571428573,0.5,0.11428571428571428,0.3125,0.4074074074074074,0.0,0.23076923076923078,0.125,290.03393846153847,3770.4412,0.2509586941708572,0.42390190304519265,872.262,13.0,4.0,3.0,1.0,1.0,1.0,0,0,0,0,0,0,0,0,0,0,0.0,0.0
65596,3368,1161,2025-06-11,H2_30,half_2,30,A,False,4-3-3,1,90,False,9,4,8,3323.34,7.124,8.01,0,0,0,0,20,62,25667.77,6.881,9.44,0,0,0,0,0,4,3,3,0,74,1,0,6,1,2,3,2,5,0,0,644.498,995.6944000000001,2.0,2.0,2.0,2.0,7,25,13,29,0,8,2.0,0.3902439024390244,0.5121951219512195,0.0975609756097561,0.35,0.4032258064516129,0.0,0.4166666666666667,0.5,276.94480000000004,1661.6688000000001,0.49353770137586983,0.4208853172184493,322.249,6.0,2.0,2.5,1.0,1.0,1.0,0,0,0,0,0,0,0,0,0,0,0.0,0.0
65597,3369,1161,2025-06-11,H1_15,half_1,15,M,False,4-3-3,1,90,True,10,3,8,2783.26,6.725,8.49,0,0,0,0,3,8,2783.26,6.725,8.49,0,0,0,0,1,4,3,3,0,14,5,3,5,3,0,0,1,5,2,3,0.0,0.0,2.0,2.0,0.0,2.0,0,0,1,5,2,3,2.0,0.0,0.5454545454545454,0.45454545454545453,0.0,0.0,0.6666666666666666,0.0,0.0,253.02356363636363,1391.6296,0.0,0.3863926148164713,0.0,5.5,1.5,0.0,0.0,1.0,0.0,0,0,0,0,0,0,0,0,0,0,0.0,0.0
65597,3369,1161,2025-06-11,H1_30,half_1,30,M,False,4-3-3,1,90,True,10,3,8,2965.77,6.995,7.68,0,0,0,0,6,16,5749.03,6.86,8.49,0,0,0,0,1,4,3,3,0,29,10,0,15,3,1,2,2,3,0,3,209.968,551.7584,2.0,2.0,1.0,2.0,1,2,3,8,2,6,2.0,0.13636363636363635,0.5,0.36363636363636365,0.16666666666666666,0.125,0.3333333333333333,0.2727272727272727,0.3333333333333333,269.6153090909091,1482.8842,0.2568394753953141,0.2812830563573339,209.968,5.5,1.5,1.5,0.5,1.0,0.5,0,0,0,0,0,0,0,0,0,0,0.0,0.0
65597,3369,1161,2025-06-11,H1_45,half_1,45,M,False,4-3-3,1,90,True,10,1,6,3025.49,6.77,8.26,0,0,0,0,7,22,8774.52,6.838,8.49,0,0,0,0,1,4,3,3,0,44,7,0,22,3,1,2,0,4,0,0,456.0368,686.1332,2.0,2.0,1.0,1.0,2,4,3,12,2,6,2.0,0.20689655172413793,0.5172413793103449,0.27586206896551724,0.2857142857142857,0.18181818181818182,0.2857142857142857,0.42857142857142855,1.0,432.21320000000003,1512.7462,0.37751540873148454,0.15073143135312453,456.0368,3.5,0.5,1.5,1.0,0.5,0.5,0,0,0,0,0,0,0,0,0,0,0.0,0.0
65597,3369,1161,2025-06-11,H2_15,half_2,15,M,False,4-3-3,1,90,True,10,0,6,2621.09,6.408,7.16,1,0,0,1,7,28,11395.61,6.765,8.49,1,0,0,1,1,4,3,3,0,59,3,0,25,3,0,2,0,4,0,0,0.0,494.6136,2.0,1.0,0.0,0.0,2,6,3,16,2,6,2.0,0.22857142857142856,0.5428571428571428,0.22857142857142856,0.2857142857142857,0.21428571428571427,0.2857142857142857,0.3333333333333333,0.0,436.8482000000001,1310.5446000000002,0.18870536721909348,0.0,0.0,3.0,0.0,1.0,1.0,0.0,0.0,1,1,1,0,0,1,1,1,0,0,0.0,0.0
65598,3370,1161,2025-06-11,H2_30,half_2,30,A,False,4-3-3,66,90,False,11,1,7,2198.44,6.279,7.71,0,0,0,0,1,7,2198.44,6.279,7.71,0,0,0,0,0,4,3,3,0,9,0,0,0,0,1,3,0,3,0,1,422.4164,426.93600000000004,2.0,2.0,1.0,1.0,1,3,0,3,0,1,2.0,0.5,0.375,0.125,1.0,0.42857142857142855,0.0,0.5,1.0,274.805,1099.22,0.3863432251960481,0.1921437018977093,422.4164,4.0,0.5,2.0,0.5,0.5,0.5,0,0,0,0,0,0,0,0,0,0,0.0,0.0
65599,3371,1161,2025-06-11,H1_30,half_1,30,D,False,4-3-3,1,90,False,15,1,6,2936.47,6.43,7.85,0,0,0,0,1,9,3491.78,6.222,7.85,0,0,0,0,0,4,3,3,0,29,11,1,25,2,1,1,0,2,0,3,343.3024,770.822,2.0,2.0,1.0,1.0,1,1,0,5,0,3,2.0,0.2,0.5,0.3,1.0,0.1111111111111111,0.0,0.2857142857142857,1.0,419.4958285714286,1468.2354,0.3794093236002891,0.11690986336387202,343.3024,3.5,0.5,1.0,0.5,0.5,0.5,0,0,0,0,0,0,0,0,0,0,0.0,0.0
65599,3371,1161,2025-06-11,H2_15,half_2,15,D,False,4-3-3,1,90,False,15,2,9,3912.31,6.674,8.64,0,0,0,0,3,20,7836.62,6.4,8.64,0,0,0,0,0,4,3,3,0,59,4,2,35,4,1,3,1,5,0,1,616.6428000000001,819.5912,2.0,2.0,1.0,1.0,2,6,1,10,0,4,2.0,0.34782608695652173,0.4782608695652174,0.17391304347826086,0.6666666666666666,0.3,0.0,0.36363636363636365,0.5,355.6646181818182,1956.1554,0.3671063147641542,0.3701067921290916,616.6428000000001,5.5,1.0,2.0,1.0,0.5,0.5,0,0,0,0,0,0,0,0,0,0,0.0,0.0
65600,3372,1161,2025-06-11,H1_15,half_1,15,D,False,4-3-3,1,90,False,16,2,7,3128.38,6.7,9.09,0,0,0,0,2,7,3128.38,6.7,9.09,0,0,0,0,0,4,3,3,0,14,9,2,9,2,0,0,1,4,1,3,0.0,0.0,2.0,2.0,0.0,2.0,0,0,1,4,1,3,2.0,0.0,0.5555555555555556,0.4444444444444444,0.0,0.0,0.5,0.0,0.0,347.59773333333334,1564.1898,0.0,0.2951416765407881,0.0,4.5,1.0,0.0,0.0,1.0,0.0,0,0,0,0,0,0,0,0,0,0,0.0,0.0
65600,3372,1161,2025-06-11,H1_30,half_1,30,D,False,4-3-3,1,90,False,16,0,10,2440.37,5.938,6.42,0,0,0,0,2,17,5568.75,6.299,9.09,0,0,0,0,0,4,3,3,0,29,6,1,15,3,0,2,0,5,0,3,0.0,496.2604,2.0,2.0,0.0,0.0,0,2,1,9,1,6,2.0,0.10526315789473684,0.5263157894736842,0.3684210526315789,0.0,0.11764705882352941,0.5,0.2,0.0,244.03744,1220.1872,0.2033542066332117,0.0,0.0,5.0,0.0,1.0,1.0,0.0,0.0,0,0,0,0,0,0,0,0,0,0,0.0,0.0
65600,3372,1161,2025-06-11,H1_45,half_1,45,D,False,4-3-3,1,90,False,16,0,6,1670.0,6.213,6.42,0,0,0,0,2,23,7238.76,6.278,9.09,0,0,0,0,0,4,3,3,0,44,4,2,19,5,0,3,0,2,0,1,0.0,755.7052000000001,2.0,2.0,1.0,0.0,0,5,1,11,1,7,2.0,0.2,0.48,0.32,0.0,0.21739130434782608,0.5,0.5,0.0,278.33393333333333,835.0018,0.45251710834635334,0.0,0.0,3.0,0.0,1.5,1.0,0.0,0.5,0,0,0,0,0,0,0,0,0,0,0.0,0.0
65600,3372,1161,2025-06-11,H2_15,half_2,15,D,False,4-3-3,1,90,False,16,4,8,4269.31,6.839,7.92,0,0,0,0,6,31,11508.07,6.46,9.09,0,0,0,0,0,4,3,3,0,59,7,2,26,7,1,3,3,5,0,0,175.9508,487.28,2.0,2.0,1.0,2.0,1,8,4,16,1,7,2.0,0.24324324324324326,0.5405405405405406,0.21621621621621623,0.16666666666666666,0.25806451612903225,0.16666666666666666,0.3333333333333333,0.25,355.7762,2134.6572,0.15534831541101776,0.20501643074119816,175.9508,6.0,2.0,2.0,1.0,1.0,0.5,0,0,0,0,0,0,0,0,0,0,0.0,0.0
65600,3372,1161,2025-06-11,H2_30,half_2,30,D,False,4-3-3,1,90,False,16,0,4,1811.51,6.23,6.52,0,0,0,0,6,35,13319.59,6.438,9.09,0,0,0,0,0,4,3,3,0,74,1,0,27,7,0,2,0,0,0,2,0.0,578.598,2.0,1.0,1.0,0.0,1,10,4,16,1,9,2.0,0.2682926829268293,0.4878048780487805,0.24390243902439024,0.16666666666666666,0.2857142857142857,0.16666666666666666,0.5,0.0,452.87870000000004,905.7574000000001,0.3194000954339429,0.0,0.0,2.0,0.0,1.0,0.5,0.0,0.5,0,0,0,0,0,0,0,0,0,0,0.0,0.0
65601,3373,1161,2025-06-11,H1_15,half_1,15,M,False,4-3-3,1,80,True,17,2,7,3035.67,6.624,8.84,0,0,0,0,2,7,3035.67,6.624,8.84,0,0,0,0,0,4,3,3,0,14,1,1,1,1,1,3,1,2,0,2,501.3268,919.0260000000001,2.0,2.0,1.0,1.0,1,3,1,2,0,2,2.0,0.4444444444444444,0.3333333333333333,0.2222222222222222,0.5,0.42857142857142855,0.0,0.4444444444444444,0.5,337.2963111111111,1517.8334,0.4678882412259475,0.42200626234736965,501.3268,4.5,1.0,2.0,0.5,0.5,0.5,0,0,0,0,0,0,0,0,0,0,0.0,0.0
65601,3373,1161,2025-06-11,H1_30,half_1,30,M,False,4-3-3,1,80,True,17,3,11,3865.0,6.756,8.79,0,0,0,0,5,18,6900.67,6.705,8.84,0,0,0,0,0,4,3,3,0,29,0,0,1,1,0,6,2,3,1,2,0.0,1457.0791999999997,2.0,2.0,2.0,1.0,1,9,3,5,1,4,2.0,0.43478260869565216,0.34782608695652173,0.21739130434782608,0.2,0.5,0.2,0.42857142857142855,0.0,276.07131428571427,1932.4992,0.37699348077349776,0.386293769228986,0.0,7.0,1.5,3.0,1.0,0.5,1.0,0,0,0,0,0,0,0,0,0,0,0.0,0.0
65601,3373,1161,2025-06-11,H1_45,half_1,45,M,False,4-3-3,1,80,True,17,6,6,4263.59,7.34,9.6,0,0,0,0,11,24,11164.25,6.923,9.6,0,0,0,0,0,4,3,3,0,44,1,0,2,1,3,5,2,1,1,0,822.3168000000001,1112.944,2.0,2.0,2.0,2.0,4,14,5,6,2,4,2.0,0.5142857142857142,0.3142857142857143,0.17142857142857143,0.36363636363636365,0.5833333333333334,0.18181818181818182,0.6666666666666666,0.5,288.6905090909091,1587.7978,0.6094166398265572,0.5817291093362139,274.10560000000004,6.0,3.0,4.0,1.0,1.0,1.0,0,0,0,0,0,0,0,0,0,0,0.0,0.0
65601,3373,1161,2025-06-11,H2_15,half_2,15,M,False,4-3-3,1,80,True,17,0,8,2141.13,6.104,6.31,0,0,0,0,11,32,13305.38,6.77,9.6,0,0,0,0,0,4,3,3,0,59,0,1,2,2,0,5,0,3,0,0,0.0,1335.9011999999998,2.0,2.0,2.0,0.0,4,19,5,9,2,4,2.0,0.5348837209302325,0.32558139534883723,0.13953488372093023,0.36363636363636365,0.59375,0.18181818181818182,0.625,0.0,267.6413,1070.5652,0.6239233257348548,0.0,0.0,4.0,0.0,2.5,1.0,0.0,1.0,0,0,0,0,0,0,0,0,0,0,0.0,0.0
65601,3373,1161,2025-06-11,H2_30,half_2,30,M,False,4-3-3,1,80,True,17,1,4,1865.98,6.714,7.17,0,0,0,0,12,36,15171.37,6.764,9.6,0,0,0,0,0,4,3,3,0,74,2,0,4,2,1,3,0,1,0,0,175.6564,787.4232000000001,2.0,1.0,1.0,1.0,5,22,5,10,2,4,2.0,0.5625,0.3125,0.125,0.4166666666666667,0.6111111111111112,0.16666666666666666,0.8,1.0,373.19664,932.9916,0.5161244752900241,0.09413611012146304,175.6564,2.5,0.5,2.0,0.5,0.5,0.5,0,0,0,0,0,0,0,0,0,0,0.0,0.0
65602,3374,1161,2025-06-11,H1_15,half_1,15,D,False,4-3-3,1,90,False,18,2,7,2848.8,6.764,8.73,0,0,0,0,2,7,2848.8,6.764,8.73,0,0,0,0,0,4,3,3,0,14,7,1,7,1,0,1,1,2,1,4,0.0,205.6816,2.0,2.0,0.0,1.0,0,1,1,2,1,4,2.0,0.1111111111111111,0.3333333333333333,0.5555555555555556,0.0,0.14285714285714285,0.5,0.1111111111111111,0.0,316.53333333333336,1424.4,0.07219938219601235,0.4748222409435552,0.0,4.5,1.0,0.5,0.5,0.5,0.0,0,0,0,0,0,0,0,0,0,0,0.0,0.0
65602,3374,1161,2025-06-11,H1_30,half_1,30,D,False,4-3-3,1,90,False,18,0,8,2392.33,6.154,6.99,0,0,0,0,2,15,5241.13,6.477,8.73,0,0,0,0,0,4,3,3,0,29,6,1,13,2,0,1,0,6,0,1,0.0,131.9032,2.0,2.0,0.0,0.0,0,2,1,8,1,5,2.0,0.11764705882352941,0.5294117647058824,0.35294117647058826,0.0,0.13333333333333333,0.5,0.125,0.0,299.0408,1196.1632,0.05513595469247006,0.0,0.0,4.0,0.0,0.5,0.5,0.0,0.0,0,0,0,0,0,0,0,0,0,0,0.0,0.0
65602,3374,1161,2025-06-11,H1_45,half_1,45,D,False,4-3-3,1,90,False,18,1,8,3786.6,6.681,8.35,0,0,0,0,3,23,9027.73,6.548,8.73,0,0,0,0,0,4,3,3,0,44,4,2,17,4,0,3,1,4,0,1,0.0,924.6580000000001,2.0,2.0,1.0,1.0,0,5,2,12,1,6,2.0,0.19230769230769232,0.5384615384615384,0.2692307692307692,0.0,0.21739130434782608,0.3333333333333333,0.3333333333333333,0.0,331.1088,1324.4352,0.34907634590201175,0.0,0.0,4.5,0.5,1.5,1.0,0.5,0.5,0,0,0,0,0,0,0,0,0,0,0.0,0.0
65602,3374,1161,2025-06-11,H2_15,half_2,15,D,False,4-3-3,1,90,False,18,1,9,2753.91,6.21,9.02,0,0,0,0,4,32,11781.65,6.454,9.02,0,0,0,0,0,4,3,3,0,59,1,4,18,8,0,4,1,3,0,2,0.0,751.0856,2.0,2.0,2.0,1.0,0,9,3,15,1,8,2.0,0.25,0.5,0.25,0.0,0.28125,0.25,0.4,0.0,275.39148,1376.9574,0.27273378246850627,0.2845142485889542,0.0,5.0,0.5,2.0,1.0,0.5,1.0,0,0,0,0,0,0,0,0,0,0,0.0,0.0
65602,3374,1161,2025-06-11,H2_30,half_2,30,D,False,4-3-3,1,90,False,18,0,5,2022.27,6.32,6.89,0,0,0,0,4,37,13803.91,6.438,9.02,0,0,0,0,0,4,3,3,0,74,1,0,19,8,0,2,0,2,0,1,0.0,1119.7652,2.0,2.0,1.0,0.0,0,11,3,17,1,9,2.0,0.2682926829268293,0.4878048780487805,0.24390243902439024,0.0,0.2972972972972973,0.25,0.4,0.0,404.45352,1011.1338000000001,0.553717618776071,0.0,0.0,2.5,0.0,1.0,0.5,0.0,0.5,0,0,0,0,0,0,0,0,0,0,0.0,0.0
65603,3375,1161,2025-06-11,H1_15,half_1,15,A,False,4-3-3,1,66,True,20,6,13,6031.5,6.987,7.97,0,0,0,0,6,13,6031.5,6.987,7.97,0,0,0,0,0,4,3,3,0,14,4,2,4,2,1,4,2,7,3,2,265.3148,991.3463999999999,2.0,2.0,2.0,2.0,1,4,2,7,3,2,2.0,0.2631578947368421,0.47368421052631576,0.2631578947368421,0.16666666666666666,0.3076923076923077,0.5,0.2631578947368421,0.16666666666666666,317.4476210526316,3015.7524,0.20834953161274117,0.2961351203765933,265.3148,9.5,3.0,2.5,1.0,1.0,1.0,0,0,0,0,0,0,0,0,0,0,0.0,0.0
65603,3375,1161,2025-06-11,H1_30,half_1,30,A,False,4-3-3,1,66,True,20,4,16,6695.38,6.806,8.03,0,0,0,0,10,29,12726.88,6.894,8.03,0,0,0,0,0,4,3,3,0,29,4,1,8,3,2,5,2,7,0,4,785.1204,1425.4995999999999,2.0,2.0,2.0,2.0,3,9,4,14,3,6,2.0,0.3076923076923077,0.46153846153846156,0.23076923076923078,0.3,0.3103448275862069,0.3,0.35,0.5,334.76878,3347.6878,0.3301711706808502,0.2634362140937993,392.5602,10.0,2.0,3.5,1.0,1.0,1.0,0,0,0,0,0,0,0,0,0,0,0.0,0.0
65603,3375,1161,2025-06-11,H1_45,half_1,45,A,False,4-3-3,1,66,True,20,5,12,5297.53,6.899,8.0,0,0,0,0,15,41,18024.41,6.896,8.03,0,0,0,0,0,4,3,3,0,44,2,0,10,3,2,4,3,8,0,0,919.9272000000001,1879.5616,2.0,2.0,1.0,2.0,5,13,7,22,3,6,2.0,0.32142857142857145,0.5178571428571429,0.16071428571428573,0.3333333333333333,0.3170731707317073,0.2,0.35294117647058826,0.4,311.61917647058823,2648.763,0.5284521114195571,0.33522017636156953,459.96360000000004,8.5,2.5,3.0,1.0,1.0,0.5,0,0,0,0,0,0,0,0,0,0,0.0,0.0
65603,3375,1161,2025-06-11,H2_15,half_2,15,A,False,4-3-3,1,66,True,20,3,14,5208.82,6.564,8.09,1,0,1,1,18,55,23233.23,6.818,8.09,1,0,1,1,0,4,3,3,0,59,4,0,14,3,1,3,0,8,2,3,518.4564,782.3224,2.0,2.0,1.0,1.0,6,16,7,30,5,9,2.0,0.3013698630136986,0.5068493150684932,0.1917808219178082,0.3333333333333333,0.2909090909090909,0.2777777777777778,0.23529411764705882,0.3333333333333333,306.4014588235294,2604.4124,0.2497259650583755,0.26375008811968487,518.4564,8.5,1.5,2.0,1.0,0.5,0.5,1,0,0,0,1,1,0,0,0,1,1.0,1.0
65530,3387,1167,2025-06-14,H1_15,half_1,15,D,True,4-3-3,1,90,False,2,0,7,1656.3,6.053,6.63,0,0,0,0,0,7,1656.3,6.053,6.63,0,0,0,0,0,4,3,3,0,14,9,0,9,0,0,2,0,2,0,3,0.0,485.2908,2.0,1.0,1.0,0.0,0,2,0,2,0,3,2.0,0.2857142857142857,0.2857142857142857,0.42857142857142855,0.0,0.2857142857142857,0.0,0.2857142857142857,0.0,236.61388571428571,828.1486,0.2929974161642005,0.0,0.0,3.5,0.0,1.0,0.5,0.0,0.5,0,0,0,0,0,0,0,0,0,0,0.0,0.0
65530,3387,1167,2025-06-14,H1_30,half_1,30,D,True,4-3-3,1,90,False,2,3,7,3662.0,6.979,9.33,0,0,0,0,3,14,5318.3,6.598,9.33,0,0,0,0,0,4,3,3,0,29,0,0,9,0,1,2,0,3,2,2,0.0,350.5952,2.0,2.0,1.0,2.0,1,4,0,5,2,5,2.0,0.29411764705882354,0.29411764705882354,0.4117647058823529,0.3333333333333333,0.2857142857142857,0.6666666666666666,0.3,0.3333333333333333,256.6586222222222,1154.9638,0.15177757086412577,0.3200986905390455,0.0,5.0,1.5,1.5,0.5,1.0,0.5,0,0,0,0,0,0,0,0,0,0,0.0,0.0
65530,3387,1167,2025-06-14,H1_45,half_1,45,D,True,4-3-3,1,90,False,2,2,4,1831.35,6.73,7.82,0,0,0,0,5,18,7149.65,6.632,9.33,0,0,0,0,0,4,3,3,0,44,3,1,12,1,0,2,0,0,2,2,0.0,624.9996,2.0,1.0,0.0,1.0,1,6,0,5,4,7,2.0,0.30434782608695654,0.21739130434782608,0.4782608695652174,0.2,0.3333333333333333,0.8,0.3333333333333333,0.0,305.2244666666667,915.6734,0.3412786698838254,0.33430260177919335,0.0,3.0,1.0,1.0,1.0,0.5,0.0,0,0,0,0,0,0,0,0,0,0,0.0,0.0
65530,3387,1167,2025-06-14,H2_15,half_2,15,D,True,4-3-3,1,90,False,2,1,8,3335.93,6.759,7.12,0,0,0,0,6,26,10485.58,6.668,9.33,0,0,0,0,0,4,3,3,0,59,9,2,21,3,0,1,0,0,1,7,0.0,584.1648,1.0,1.0,0.0,1.0,1,7,0,5,5,14,2.0,0.25,0.15625,0.59375,0.16666666666666666,0.2692307692307692,0.8333333333333334,0.1111111111111111,0.0,370.65942222222225,3335.9348,0.17511277498589,0.05022939896786952,0.0,9.0,1.0,1.0,1.0,1.0,0.0,0,0,0,0,0,0,0,0,0,0,0.0,0.0
65530,3387,1167,2025-06-14,H2_30,half_2,30,D,True,4-3-3,1,90,False,2,3,10,5409.9,7.055,9.44,0,0,0,0,9,36,15895.48,6.78,9.44,0,0,0,0,0,4,3,3,0,74,7,2,28,5,0,2,2,5,1,3,0.0,791.702,2.0,2.0,1.0,2.0,1,9,2,10,6,17,2.0,0.2222222222222222,0.26666666666666666,0.5111111111111111,0.1111111111111111,0.25,0.6666666666666666,0.15384615384615385,0.0,311.3704333333333,1868.2226,0.2118864208151641,0.2557508939245249,0.0,6.5,1.5,1.0,0.5,1.0,0.5,0,0,0,0,0,0,0,0,0,0,0.0,0.0
65531,3388,1167,2025-06-14,H1_30,half_1,30,D,True,4-3-3,1,90,False,3,2,7,2728.69,6.841,7.4,0,0,0,0,3,9,3300.74,6.81,7.42,0,0,0,0,0,4,3,3,0,29,1,0,12,0,0,0,1,1,1,6,0.0,0.0,1.0,1.0,0.0,1.0,0,0,1,2,2,7,1.0,0.0,0.25,0.75,0.0,0.0,0.6666666666666666,0.0,0.0,303.18795555555556,2728.6916,0.0,0.14101600928444974,0.0,9.0,2.0,0.0,0.0,1.0,0.0,0,0,0,0,0,0,0,0,0,0,0.0,0.0
65531,3388,1167,2025-06-14,H2_30,half_2,30,D,True,4-3-3,1,90,False,3,0,3,1736.99,6.137,6.48,0,0,0,0,4,18,6735.43,6.61,7.42,0,0,0,0,0,4,3,3,0,74,1,0,25,1,0,0,0,1,0,2,0.0,0.0,1.0,1.0,0.0,0.0,0,1,1,4,3,13,2.0,0.045454545454545456,0.22727272727272727,0.7272727272727273,0.0,0.05555555555555555,0.75,0.0,0.0,578.9968,1736.9904,0.0,0.0,0.0,3.0,0.0,0.0,0.0,0.0,0.0,0,0,0,0,0,0,0,0,0,0,0.0,0.0
65532,3389,1167,2025-06-14,H1_30,half_1,30,D,True,4-3-3,1,90,False,4,3,4,2168.72,7.17,8.04,0,0,0,0,3,7,3031.35,6.818,8.04,0,0,0,0,0,4,3,3,0,29,2,0,12,1,0,0,0,1,3,3,0.0,0.0,1.0,1.0,0.0,1.0,0,1,0,2,3,4,2.0,0.1,0.2,0.7,0.0,0.14285714285714285,1.0,0.0,0.0,309.81777142857146,2168.7244,0.0,0.39347756681300766,0.0,7.0,3.0,0.0,0.0,1.0,0.0,0,0,0,0,0,0,0,0,0,0,0.0,0.0
65532,3389,1167,2025-06-14,H1_45,half_1,45,D,True,4-3-3,1,90,False,4,1,4,1662.87,6.962,7.75,0,0,0,0,4,11,4694.22,6.866,8.04,0,0,0,0,0,4,3,3,0,44,6,2,18,3,0,1,1,1,0,2,0.0,142.6,2.0,2.0,0.0,1.0,0,2,1,3,3,6,2.0,0.13333333333333333,0.26666666666666666,0.6,0.0,0.18181818181818182,0.75,0.2,0.0,332.57424,831.4355999999999,0.08575528880408778,0.30935625080282825,0.0,2.5,0.5,0.5,0.5,0.5,0.0,0,0,0,0,0,0,0,0,0,0,0.0,0.0
65532,3389,1167,2025-06-14,H2_15,half_2,15,D,True,4-3-3,1,90,False,4,1,6,2048.73,6.67,8.8,0,0,0,0,5,17,6742.96,6.804,8.8,0,0,0,0,0,4,3,3,0,59,11,0,29,3,0,0,0,0,1,6,0.0,0.0,1.0,1.0,0.0,1.0,0,2,1,3,4,12,2.0,0.09090909090909091,0.18181818181818182,0.7272727272727273,0.0,0.11764705882352941,0.8,0.0,0.0,292.6762857142857,2048.734,0.0,0.3160908151082571,0.0,7.0,1.0,0.0,0.0,1.0,0.0,0,0,0,0,0,0,0,0,0,0,0.0,0.0
65532,3389,1167,2025-06-14,H2_30,half_2,30,D,True,4-3-3,1,90,False,4,2,3,2736.15,7.154,8.5,0,0,0,0,7,20,9479.11,6.869,8.8,0,0,0,0,0,4,3,3,0,74,3,2,32,5,0,0,1,2,1,1,0.0,0.0,1.0,1.0,0.0,1.0,0,2,2,5,5,13,2.0,0.07407407407407407,0.25925925925925924,0.6666666666666666,0.0,0.1,0.7142857142857143,0.0,0.0,547.23072,2736.1536,0.0,0.5645238629878089,0.0,5.0,2.0,0.0,0.0,1.0,0.0,0,0,0,0,0,0,0,0,0,0,0.0,0.0
65533,3391,1167,2025-06-14,H1_15,half_1,15,M,True,4-3-3,1,90,False,6,2,9,3091.9,6.247,7.5,0,0,0,0,2,9,3091.9,6.247,7.5,0,0,0,0,0,4,3,3,0,14,14,0,14,0,1,2,1,3,0,4,224.0228,660.0576,2.0,2.0,1.0,1.0,1,2,1,3,0,4,2.0,0.2727272727272727,0.36363636363636365,0.36363636363636365,0.5,0.2222222222222222,0.0,0.2727272727272727,0.5,281.0814545454545,1545.9479999999999,0.28593471449233737,0.1327710893251261,224.0228,5.5,1.0,1.5,0.5,0.5,0.5,0,0,0,0,0,0,0,0,0,0,0.0,0.0
65533,3391,1167,2025-06-14,H1_30,half_1,30,M,True,4-3-3,1,90,False,6,3,4,2168.75,7.253,8.01,0,0,0,0,5,13,5260.65,6.638,8.01,0,0,0,0,0,4,3,3,0,29,1,1,15,1,0,0,0,2,3,2,0.0,0.0,2.0,1.0,0.0,1.0,1,2,1,5,3,6,2.0,0.16666666666666666,0.3333333333333333,0.5,0.2,0.15384615384615385,0.6,0.0,0.0,309.8218285714286,1084.3764,0.0,0.6243357933647394,0.0,3.5,1.5,0.0,0.0,1.0,0.0,0,0,0,0,0,0,0,0,0,0,0.0,0.0
65533,3391,1167,2025-06-14,H1_45,half_1,45,M,True,4-3-3,1,90,False,6,0,8,2573.31,6.218,7.05,0,0,0,0,5,21,7833.95,6.509,8.01,0,0,0,0,0,4,3,3,0,44,10,1,25,2,0,1,0,2,0,5,0.0,393.3364,2.0,2.0,0.0,0.0,1,3,1,7,3,11,2.0,0.15384615384615385,0.3076923076923077,0.5384615384615384,0.2,0.14285714285714285,0.6,0.125,0.0,321.66325,1286.653,0.1528525562059079,0.0,0.0,4.0,0.0,0.5,0.5,0.0,0.0,0,0,0,0,0,0,0,0,0,0,0.0,0.0
65533,3391,1167,2025-06-14,H2_15,half_2,15,M,True,4-3-3,1,90,False,6,2,6,3122.24,6.952,8.19,0,0,0,0,7,27,10956.19,6.613,8.19,0,0,0,0,0,4,3,3,0,59,27,0,52,2,0,0,0,4,2,2,0.0,0.0,2.0,2.0,0.0,2.0,1,3,1,11,5,13,2.0,0.11764705882352941,0.35294117647058826,0.5294117647058824,0.14285714285714285,0.1111111111111111,0.7142857142857143,0.0,0.0,390.28,1561.12,0.0,0.2808823152608384,0.0,4.0,1.0,0.0,0.0,1.0,0.0,0,0,0,0,0,0,0,0,0,0,0.0,0.0
65533,3391,1167,2025-06-14,H2_30,half_2,30,M,True,4-3-3,1,90,False,6,0,5,2356.7,6.14,6.9,0,0,0,0,7,32,13312.9,6.553,8.19,0,0,0,0,0,4,3,3,0,74,10,2,62,4,0,1,0,3,0,1,0.0,170.69039999999998,2.0,1.0,0.0,0.0,1,4,1,14,5,14,2.0,0.1282051282051282,0.38461538461538464,0.48717948717948717,0.14285714285714285,0.125,0.7142857142857143,0.2,0.0,471.34080000000006,1178.352,0.0724275937920078,0.0,0.0,2.5,0.0,0.5,0.5,0.0,0.0,0,0,0,0,0,0,0,0,0,0,0.0,0.0
65534,3392,1167,2025-06-14,H1_15,half_1,15,M,True,4-3-3,1,46,True,8,2,5,2806.05,6.546,7.93,0,0,0,0,2,5,2806.05,6.546,7.93,0,0,0,0,1,4,3,3,0,14,4,0,4,0,1,0,1,4,0,1,389.8368,0.0,2.0,2.0,0.0,2.0,1,0,1,4,0,1,2.0,0.14285714285714285,0.7142857142857143,0.14285714285714285,0.5,0.0,0.0,0.14285714285714285,0.5,400.8641714285714,1403.0246,0.1389272860932018,0.2542197763317906,389.8368,3.5,1.0,0.5,0.5,1.0,0.0,0,0,0,0,0,0,0,0,0,0,0.0,0.0
65534,3392,1167,2025-06-14,H1_30,half_1,30,M,True,4-3-3,1,46,True,8,1,8,3333.96,6.517,7.22,0,0,0,0,3,13,6140.01,6.529,7.93,0,0,0,0,1,4,3,3,0,29,0,1,4,1,0,0,0,2,1,6,0.0,0.0,2.0,2.0,0.0,1.0,1,0,1,6,1,7,2.0,0.0625,0.4375,0.5,0.3333333333333333,0.0,0.3333333333333333,0.0,0.0,370.43986666666666,1666.9794,0.0,0.08925677185932832,0.0,4.5,0.5,0.0,0.0,0.5,0.0,0,0,0,0,0,0,0,0,0,0,0.0,0.0
65534,3392,1167,2025-06-14,H1_45,half_1,45,M,True,4-3-3,1,46,True,8,0,6,2993.73,6.157,6.75,1,1,1,1,3,19,9133.74,6.428,7.93,1,1,1,1,0,4,3,3,0,44,4,0,8,1,0,3,0,0,0,3,0.0,1776.9996,2.0,2.0,1.0,0.0,1,3,1,6,1,10,2.0,0.18181818181818182,0.3181818181818182,0.5,0.3333333333333333,0.15789473684210525,0.3333333333333333,0.5,0.0,498.9549333333334,1496.8648,0.5935738484865166,0.0,0.0,3.0,0.0,1.5,0.5,0.0,0.5,1,0,0,0,1,1,0,0,0,1,1.0,1.0
65535,3412,1167,2025-06-14,H1_15,half_1,15,A,True,4-3-3,1,61,True,9,1,3,1396.7,6.957,7.68,0,0,0,0,1,3,1396.7,6.957,7.68,0,0,0,0,1,4,3,3,0,14,3,2,3,2,1,2,0,1,0,0,286.79839999999996,755.8499999999999,2.0,1.0,1.0,0.0,1,2,0,1,0,0,2.0,0.75,0.25,0.0,1.0,0.6666666666666666,0.0,0.75,1.0,349.17549999999994,698.3509999999999,0.7465074153255313,0.20533972171587067,286.79839999999996,2.0,0.5,1.5,1.0,0.5,0.5,0,0,0,0,0,0,0,0,0,0,0.0,0.0
65535,3412,1167,2025-06-14,H1_30,half_1,30,A,True,4-3-3,1,61,True,9,5,11,6863.94,7.076,8.99,1,1,1,1,6,14,8260.64,7.052,8.99,1,1,1,1,0,4,3,3,0,29,1,0,4,2,4,6,1,5,0,0,873.3128,1087.1544,2.0,2.0,2.0,2.0,5,8,1,6,0,0,2.0,0.65,0.35,0.0,0.8333333333333334,0.5714285714285714,0.0,0.625,0.8,262.14815384615383,1703.963,0.5752669512190112,0.25625932018476927,291.10426666666666,8.0,2.5,5.0,1.0,1.0,1.0,1,0,0,0,1,1,0,0,0,1,1.0,1.0
65535,3412,1167,2025-06-14,H1_45,half_1,45,A,True,4-3-3,1,61,True,9,3,7,2490.82,6.868,7.61,0,0,0,0,9,21,10751.46,6.991,8.99,1,1,1,1,0,4,3,3,0,44,3,1,7,3,2,4,1,3,0,0,361.51800000000003,1273.1896,2.0,1.0,1.0,1.0,7,12,2,9,0,0,2.0,0.6333333333333333,0.36666666666666664,0.0,0.7777777777777778,0.5714285714285714,0.0,0.6,0.6666666666666666,249.08208,1245.4104,0.6562927369162808,0.2952581735305888,180.75900000000001,5.0,1.5,3.0,1.0,0.5,0.5,0,0,0,0,0,1,0,0,0,1,0.0,1.0
65535,3412,1167,2025-06-14,H2_15,half_2,15,A,True,4-3-3,1,61,True,9,5,11,5367.55,6.925,8.26,0,0,0,0,14,32,16119.01,6.968,8.99,1,1,1,1,0,4,3,3,0,59,1,0,8,3,5,5,0,3,0,3,1540.7464,1688.812,2.0,2.0,2.0,2.0,12,17,2,12,0,3,2.0,0.6304347826086957,0.30434782608695654,0.06521739130434782,0.8571428571428571,0.53125,0.0,0.625,1.0,335.47175,2683.774,0.6016822578950388,0.287048462351897,308.14928,8.0,2.5,5.0,1.0,1.0,1.0,0,0,0,0,0,1,0,0,0,1,0.0,1.0
65536,3413,1167,2025-06-14,H1_15,half_1,15,M,True,4-3-3,1,69,True,10,1,15,5180.72,6.266,8.99,0,0,0,0,1,15,5180.72,6.266,8.99,0,0,0,0,0,4,3,3,0,14,10,0,10,0,1,3,0,7,0,5,886.8924000000001,817.558,2.0,2.0,1.0,1.0,1,3,0,7,0,5,2.0,0.25,0.4375,0.3125,1.0,0.2,0.0,0.25,1.0,323.79515,2590.3612,0.32899859679800647,0.17119087484787837,886.8924000000001,8.0,0.5,2.0,1.0,0.5,0.5,0,0,0,0,0,0,0,0,0,0,0.0,0.0
65536,3413,1167,2025-06-14,H1_30,half_1,30,M,True,4-3-3,1,69,True,10,3,16,7730.93,6.699,7.99,0,0,0,0,4,31,12911.65,6.501,8.99,0,0,0,0,0,4,3,3,0,29,0,1,10,1,1,3,1,10,1,3,791.1172,1545.344,2.0,2.0,1.0,2.0,2,6,1,17,1,8,2.0,0.22857142857142856,0.5142857142857142,0.2571428571428571,0.5,0.1935483870967742,0.25,0.21052631578947367,0.3333333333333333,406.89088421052634,3865.4634,0.30222265201114046,0.16334145085942348,791.1172,9.5,1.5,2.0,1.0,1.0,0.5,0,0,0,0,0,0,0,0,0,0,0.0,0.0
65536,3413,1167,2025-06-14,H1_45,half_1,45,M,True,4-3-3,1,69,True,10,1,9,3710.94,6.481,7.67,0,0,0,0,5,40,16622.59,6.496,8.99,0,0,0,0,0,4,3,3,0,44,6,1,16,2,0,2,1,4,0,3,0.0,995.7504,2.0,2.0,1.0,1.0,2,8,2,21,1,11,2.0,0.2222222222222222,0.5111111111111111,0.26666666666666666,0.4,0.2,0.2,0.2,0.0,371.09407999999996,1855.4704,0.26832829022764254,0.08514056597184197,0.0,5.0,0.5,1.0,0.5,0.5,0.5,0,0,0,0,0,0,0,0,0,0,0.0,0.0
65536,3413,1167,2025-06-14,H2_15,half_2,15,M,True,4-3-3,1,69,True,10,2,14,4915.19,6.442,7.59,0,0,0,0,7,54,21537.78,6.482,8.99,0,0,0,0,0,4,3,3,0,59,12,0,28,2,2,6,0,3,0,5,532.8416,1587.2236,2.0,2.0,1.0,1.0,4,14,2,24,1,16,2.0,0.29508196721311475,0.4262295081967213,0.2786885245901639,0.5714285714285714,0.25925925925925924,0.14285714285714285,0.5,1.0,307.199675,2457.5974,0.4313288254618108,0.10840701573007848,266.4208,8.0,1.0,4.0,1.0,0.5,0.5,0,0,0,0,0,0,0,0,0,0,0.0,0.0
65537,3394,1167,2025-06-14,H1_15,half_1,15,D,True,4-3-3,1,90,False,13,1,6,1769.7,6.451,7.25,0,0,0,0,1,6,1769.7,6.451,7.25,0,0,0,0,0,4,3,3,0,14,10,2,10,2,0,3,0,1,1,2,0.0,821.58,2.0,2.0,1.0,1.0,0,3,0,1,1,2,2.0,0.42857142857142855,0.14285714285714285,0.42857142857142855,0.0,0.5,1.0,0.42857142857142855,0.0,252.8144,884.8504,0.4642479677920697,0.09173143844428391,0.0,3.5,0.5,1.5,1.0,0.5,0.5,0,0,0,0,0,0,0,0,0,0,0.0,0.0
65537,3394,1167,2025-06-14,H1_30,half_1,30,D,True,4-3-3,1,90,False,13,1,6,3372.88,6.484,9.35,0,0,0,0,2,12,5142.58,6.468,9.35,0,0,0,0,0,4,3,3,0,29,0,2,10,4,0,0,0,2,1,4,0.0,0.0,2.0,2.0,0.0,1.0,0,3,0,3,2,6,2.0,0.21428571428571427,0.21428571428571427,0.5714285714285714,0.0,0.25,1.0,0.0,0.0,383.6212666666667,1150.8638,0.0,0.0,0.0,3.5,0.5,0.0,0.0,0.5,0.0,0,0,0,0,0,0,0,0,0,0,0.0,0.0
65537,3394,1167,2025-06-14,H1_45,half_1,45,D,True,4-3-3,1,90,False,13,3,6,3525.58,7.096,9.03,0,0,0,0,5,18,8668.17,6.713,9.35,0,0,0,0,0,4,3,3,0,44,4,1,14,5,1,1,1,2,1,3,0.0,148.0344,2.0,2.0,1.0,2.0,1,4,1,5,3,9,2.0,0.21739130434782608,0.2608695652173913,0.5217391304347826,0.2,0.2222222222222222,0.6,0.2222222222222222,0.3333333333333333,285.1858,1140.7432,0.06488506791011335,0.34575880005245707,0.0,4.5,1.5,1.0,0.5,1.0,0.5,0,0,0,0,0,0,0,0,0,0,0.0,0.0
65537,3394,1167,2025-06-14,H2_15,half_2,15,D,True,4-3-3,1,90,False,13,1,12,3798.82,6.46,7.06,0,0,0,0,6,30,12466.99,6.622,9.35,0,0,0,0,0,4,3,3,0,59,5,1,19,6,0,1,0,4,1,7,0.0,375.6396,2.0,2.0,0.0,1.0,1,5,1,9,4,16,2.0,0.16666666666666666,0.2777777777777778,0.5555555555555556,0.16666666666666666,0.16666666666666666,0.6666666666666666,0.07692307692307693,0.0,292.21701538461537,1899.4106,0.09888320092559238,0.05330569388209163,0.0,6.5,0.5,0.5,0.5,0.5,0.0,0,0,0,0,0,0,0,0,0,0,0.0,0.0
65537,3394,1167,2025-06-14,H2_30,half_2,30,D,True,4-3-3,1,90,False,13,3,6,3737.64,7.243,9.07,0,0,0,0,9,36,16204.62,6.746,9.35,0,0,0,0,0,4,3,3,0,74,2,0,21,6,0,1,1,3,2,2,0.0,379.4232,2.0,2.0,0.0,2.0,1,6,2,12,6,18,2.0,0.15555555555555556,0.3111111111111111,0.5333333333333333,0.1111111111111111,0.16666666666666666,0.6666666666666666,0.1111111111111111,0.0,337.67815,1350.7126,0.14045297274934726,0.4757832273127533,0.0,4.5,1.5,0.5,0.5,1.0,0.0,0,0,0,0,0,0,0,0,0,0,0.0,0.0
65538,3417,1167,2025-06-14,H2_15,half_2,15,M,True,4-3-3,46,90,False,16,2,17,6604.82,6.434,7.11,0,0,0,0,2,17,6604.82,6.434,7.11,0,0,0,0,0,4,3,3,0,14,10,1,10,1,1,6,1,7,0,4,336.5436,1532.4879999999998,2.0,2.0,1.0,1.0,1,6,1,7,0,4,2.0,0.3684210526315789,0.42105263157894735,0.21052631578947367,0.5,0.35294117647058826,0.0,0.3684210526315789,0.5,347.6222315789474,3302.4112,0.28297984212262844,0.09132085065602975,336.5436,9.5,1.0,3.5,0.5,0.5,0.5,0,0,0,0,0,0,0,0,0,0,0.0,0.0
65538,3417,1167,2025-06-14,H2_30,half_2,30,M,True,4-3-3,46,90,False,16,1,15,5673.78,6.381,7.48,0,0,0,0,3,32,12278.6,6.41,7.48,0,0,0,0,0,4,3,3,0,29,13,1,23,2,1,7,0,4,0,4,325.7904,2061.2052,2.0,2.0,2.0,1.0,2,13,1,11,0,8,2.0,0.42857142857142855,0.34285714285714286,0.22857142857142856,0.6666666666666666,0.40625,0.0,0.5,1.0,310.27272,2327.0454,0.5128811840112789,0.07000086891300014,325.7904,8.0,0.5,4.0,1.0,0.5,1.0,0,0,0,0,0,0,0,0,0,0,0.0,0.0
65539,3395,1167,2025-06-14,H1_15,half_1,15,A,True,4-3-3,1,46,True,17,0,5,1449.05,6.368,6.49,0,0,0,0,0,5,1449.05,6.368,6.49,0,0,0,0,1,4,3,3,0,14,6,0,6,0,0,2,0,3,0,0,0.0,700.924,2.0,1.0,0.0,0.0,0,2,0,3,0,0,2.0,0.4,0.6,0.0,0.0,0.4,0.0,0.4,0.0,289.8096,724.524,0.48371344496524615,0.0,0.0,2.5,0.0,1.0,1.0,0.0,0.0,0,0,0,0,0,0,0,0,0,0,0.0,0.0
65539,3395,1167,2025-06-14,H1_30,half_1,30,A,True,4-3-3,1,46,True,17,4,7,4143.24,7.054,8.89,2,2,1,2,4,12,5592.29,6.839,8.89,2,2,1,2,0,4,3,3,0,29,4,0,10,0,2,2,2,4,0,1,999.9704,359.5092,2.0,2.0,1.0,2.0,2,4,2,7,0,1,2.0,0.375,0.5625,0.0625,0.5,0.3333333333333333,0.0,0.36363636363636365,0.5,376.65847272727274,2071.6216,0.3281196720482158,0.5358896624750389,499.9852,5.5,2.0,2.0,1.0,1.0,0.5,2,0,0,0,1,2,0,0,0,1,0.5,0.5
65539,3395,1167,2025-06-14,H1_45,half_1,45,A,True,4-3-3,1,46,True,17,2,9,3827.09,6.706,8.7,1,1,1,1,6,21,9419.38,6.785,8.89,3,3,2,3,0,4,3,3,0,44,2,0,12,0,0,2,2,4,0,3,0.0,1364.5135999999998,2.0,2.0,1.0,2.0,2,6,4,11,0,4,2.0,0.2962962962962963,0.5555555555555556,0.14814814814814814,0.3333333333333333,0.2857142857142857,0.0,0.18181818181818182,0.0,347.91709090909086,1913.5439999999999,0.35654095228539295,0.2744927736179571,0.0,5.5,1.0,1.0,0.5,1.0,0.5,1,0,0,0,1,3,0,0,0,2,1.0,0.6666666666666666
65540,3396,1167,2025-06-14,H2_30,half_2,30,A,True,4-3-3,61,90,False,18,5,12,6784.87,6.981,8.82,0,0,0,0,5,12,6784.87,6.981,8.82,0,0,0,0,0,4,3,3,0,14,8,0,8,0,2,5,3,5,0,2,474.106,1508.5784000000003,2.0,2.0,2.0,2.0,2,5,3,5,0,2,2.0,0.4117647058823529,0.47058823529411764,0.11764705882352941,0.4,0.4166666666666667,0.0,0.4117647058823529,0.4,307.43192,2305.7394,0.4299454656497608,0.2724167353864882,237.053,8.5,2.5,3.5,1.0,1.0,1.0,0,0,0,0,0,0,0,0,0,0,0.0,0.0
65541,3418,1167,2025-06-14,H2_15,half_2,15,M,True,4-3-3,46,90,False,19,2,8,3587.36,6.698,7.58,0,0,0,0,2,8,3587.36,6.698,7.58,0,0,0,0,0,4,3,3,0,14,8,1,8,1,1,2,1,3,0,3,317.652,574.0696,2.0,2.0,1.0,2.0,1,2,1,3,0,3,2.0,0.3,0.4,0.3,0.5,0.25,0.0,0.3,0.5,358.736,1793.68,0.24857321261317517,0.16169751572186788,317.652,5.0,1.0,1.5,0.5,1.0,0.5,0,0,0,0,0,0,0,0,0,0,0.0,0.0
65541,3418,1167,2025-06-14,H2_30,half_2,30,M,True,4-3-3,46,90,False,19,2,9,4604.92,6.839,8.47,0,0,0,0,4,17,8192.28,6.772,8.47,0,0,0,0,0,4,3,3,0,29,4,0,12,1,0,2,1,6,1,1,0.0,504.1672,2.0,1.0,0.0,1.0,1,4,2,9,1,4,2.0,0.23809523809523808,0.5238095238095238,0.23809523809523808,0.25,0.23529411764705882,0.25,0.18181818181818182,0.0,339.17176,1695.8588,0.14864657364162628,0.36531732476784035,0.0,5.5,1.0,1.0,1.0,0.5,0.0,0,0,0,0,0,0,0,0,0,0,0.0,0.0
65542,3397,1167,2025-06-14,H2_30,half_2,30,M,True,4-3-3,69,90,False,20,5,9,5218.04,6.955,8.46,0,0,0,0,5,9,5218.04,6.955,8.46,0,0,0,0,0,4,3,3,0,6,1,0,1,0,4,1,1,6,0,2,1761.8387999999998,236.7908,2.0,2.0,1.0,2.0,4,1,1,6,0,2,2.0,0.35714285714285715,0.5,0.14285714285714285,0.8,0.1111111111111111,0.0,0.35714285714285715,0.8,372.71734285714285,2609.0214,0.38302284527064434,0.44874296546590225,440.45969999999994,7.0,2.5,2.5,1.0,1.0,0.5,0,0,0,0,0,0,0,0,0,0,0.0,0.0
65543,3398,1167,2025-06-14,H1_15,half_1,15,A,True,4-3-3,1,46,True,21,3,7,4555.17,7.022,8.01,0,0,0,0,3,7,4555.17,7.022,8.01,0,0,0,0,0,4,3,3,0,14,5,0,5,0,0,3,1,2,2,2,0.0,1049.7432,2.0,2.0,1.0,2.0,0,3,1,2,2,2,2.0,0.3,0.3,0.4,0.0,0.42857142857142855,0.6666666666666666,0.3,0.0,455.51716,2277.5858,0.23045085721907818,0.22654610860324123,0.0,5.0,1.5,1.5,0.5,1.0,0.5,0,0,0,0,0,0,0,0,0,0,0.0,0.0
65543,3398,1167,2025-06-14,H1_30,half_1,30,A,True,4-3-3,1,46,True,21,6,11,7315.9,7.346,8.85,0,0,0,0,9,18,11871.07,7.226,8.85,0,0,0,0,0,4,3,3,0,29,1,0,6,0,2,4,1,6,3,1,1407.9128,1475.996,2.0,2.0,1.0,2.0,2,7,2,8,5,3,2.0,0.3333333333333333,0.37037037037037035,0.2962962962962963,0.2222222222222222,0.3888888888888889,0.5555555555555556,0.35294117647058826,0.3333333333333333,430.3470117647059,3657.9496,0.3941974487565384,0.5320349957801497,703.9564,8.5,3.0,3.0,1.0,1.0,0.5,0,0,0,0,0,0,0,0,0,0,0.0,0.0
65543,3398,1167,2025-06-14,H1_45,half_1,45,A,True,4-3-3,1,46,True,21,1,11,3877.97,6.532,8.75,0,0,0,0,10,29,15749.04,7.013,8.85,0,0,0,0,0,4,3,3,0,44,7,1,13,1,0,3,0,5,1,3,0.0,973.2668000000001,2.0,2.0,1.0,1.0,2,10,2,13,6,6,2.0,0.3076923076923077,0.38461538461538464,0.3076923076923077,0.2,0.3448275862068966,0.6,0.25,0.0,323.1644333333333,1938.9866,0.25097305984476637,0.17029813408715666,0.0,6.0,0.5,1.5,0.5,0.5,0.5,0,0,0,0,0,0,0,0,0,0,0.0,0.0
65544,3399,1167,2025-06-14,H2_15,half_2,15,A,True,4-3-3,46,90,False,23,5,7,4532.62,7.313,9.51,0,0,0,0,5,7,4532.62,7.313,9.51,0,0,0,0,1,4,3,3,0,14,6,2,6,2,1,1,2,2,2,4,663.8168,595.2728,2.0,2.0,1.0,2.0,1,1,2,2,2,4,2.0,0.16666666666666666,0.3333333333333333,0.5,0.2,0.14285714285714285,0.4,0.16666666666666666,0.2,377.7180333333333,2266.3082,0.27778428370863234,0.5489917920254624,663.8168,6.0,2.5,1.0,0.5,1.0,0.5,0,0,0,0,0,0,0,0,0,0,0.0,0.0
65544,3399,1167,2025-06-14,H2_30,half_2,30,A,True,4-3-3,46,90,False,23,4,8,4574.36,6.908,8.77,1,1,0,1,9,15,9106.98,7.111,9.51,1,1,0,1,0,4,3,3,0,29,3,0,9,2,1,1,2,5,1,2,963.0096,140.1972,2.0,2.0,1.0,2.0,2,2,4,7,3,6,2.0,0.16666666666666666,0.4583333333333333,0.375,0.2222222222222222,0.13333333333333333,0.3333333333333333,0.16666666666666666,0.25,321.31381818181814,1767.2259999999999,0.3121295182393197,0.5453936282060132,963.0096,6.0,2.0,1.0,0.5,1.0,0.5,1,0,0,0,0,1,0,0,0,0,0.0,0.0
65546,2042,1167,2025-06-14,H1_30,half_1,30,D,False,5-4-1,1,90,False,2,2,5,1925.65,7.007,8.72,0,0,0,0,3,5,2392.97,7.201,8.72,0,0,0,0,0,5,4,1,0,29,3,3,5,5,0,1,0,3,2,1,0.0,219.0788,1.0,1.0,0.0,1.0,0,1,0,3,3,1,1.0,0.125,0.375,0.5,0.0,0.2,1.0,0.14285714285714285,0.0,275.0929142857143,1925.6504,0.11376872977566437,0.47755501206241796,0.0,7.0,2.0,1.0,1.0,1.0,0.0,0,0,0,0,0,0,0,0,0,0,0.0,0.0
65546,2042,1167,2025-06-14,H1_45,half_1,45,D,False,5-4-1,1,90,False,2,1,3,1313.06,6.492,7.65,0,0,0,0,4,8,3706.03,6.965,8.72,0,0,0,0,0,5,4,1,0,44,9,0,14,5,0,0,0,2,1,1,0.0,0.0,2.0,1.0,0.0,1.0,0,1,0,5,4,2,2.0,0.08333333333333333,0.4166666666666667,0.5,0.0,0.125,1.0,0.0,0.0,328.2654,656.5308,0.0,0.22302868349816946,0.0,2.0,0.5,0.0,0.0,0.5,0.0,0,0,0,0,0,0,0,0,0,0,0.0,0.0
65546,2042,1167,2025-06-14,H2_15,half_2,15,D,False,5-4-1,1,90,False,2,1,9,3358.75,6.65,7.25,0,0,0,0,5,17,7064.78,6.822,8.72,0,0,0,0,0,5,4,1,0,59,9,1,23,6,0,1,1,4,0,4,0.0,279.5844,1.0,1.0,0.0,1.0,0,2,1,9,4,6,2.0,0.09090909090909091,0.45454545454545453,0.45454545454545453,0.0,0.11764705882352941,0.8,0.1,0.0,335.87544,3358.7544000000003,0.08324050130012484,0.06973501843421477,0.0,10.0,1.0,1.0,1.0,1.0,0.0,0,0,0,0,0,0,0,0,0,0,0.0,0.0
65546,2042,1167,2025-06-14,H2_30,half_2,30,D,False,5-4-1,1,90,False,2,2,7,3452.02,6.788,7.37,0,0,0,0,7,24,10516.8,6.812,8.72,0,0,0,0,0,5,4,1,0,74,6,0,29,6,0,0,1,3,1,4,0.0,0.0,1.0,1.0,0.0,1.0,0,2,2,12,5,10,2.0,0.06451612903225806,0.45161290322580644,0.4838709677419355,0.0,0.08333333333333333,0.7142857142857143,0.0,0.0,383.55733333333336,3452.016,0.0,0.21271257143651706,0.0,9.0,2.0,0.0,0.0,1.0,0.0,0,0,0,0,0,0,0,0,0,0,0.0,0.0
65547,2138,1167,2025-06-14,H1_15,half_1,15,D,False,5-4-1,1,90,False,3,0,6,1317.85,6.04,6.56,0,0,0,0,0,6,1317.85,6.04,6.56,0,0,0,0,0,5,4,1,0,14,3,1,3,1,0,2,0,2,0,2,0.0,473.6368,2.0,1.0,1.0,0.0,0,2,0,2,0,2,2.0,0.3333333333333333,0.3333333333333333,0.3333333333333333,0.0,0.3333333333333333,0.0,0.3333333333333333,0.0,219.64146666666667,658.9244,0.35940147306732,0.0,0.0,3.0,0.0,1.0,0.5,0.0,0.5,0,0,0,0,0,0,0,0,0,0,0.0,0.0
65547,2138,1167,2025-06-14,H1_30,half_1,30,D,False,5-4-1,1,90,False,3,2,14,5508.86,6.401,8.37,0,0,0,0,2,20,6826.71,6.302,8.37,0,0,0,0,0,5,4,1,0,29,8,0,11,1,0,1,0,6,2,7,0.0,311.4328,2.0,2.0,0.0,1.0,0,3,0,8,2,9,2.0,0.13636363636363635,0.36363636363636365,0.5,0.0,0.15,1.0,0.0625,0.0,296.5572,2224.179,0.07001073204989346,0.23329021630003702,0.0,8.0,1.0,0.5,0.5,0.5,0.0,0,0,0,0,0,0,0,0,0,0,0.0,0.0
65547,2138,1167,2025-06-14,H1_45,half_1,45,D,False,5-4-1,1,90,False,3,1,10,2546.59,6.275,7.1,1,0,1,1,3,30,9373.3,6.293,8.37,1,0,1,1,0,5,4,1,0,44,11,0,22,1,0,2,1,6,0,2,0.0,478.482,2.0,2.0,0.0,1.0,0,5,1,14,2,11,2.0,0.15151515151515152,0.45454545454545453,0.3939393939393939,0.0,0.16666666666666666,0.6666666666666666,0.18181818181818182,0.0,231.50774545454544,1273.2926,0.18789161265839446,0.06314432362208026,0.0,5.5,0.5,1.0,1.0,0.5,0.0,1,1,1,0,1,1,1,1,0,1,1.0,1.0
65547,2138,1167,2025-06-14,H2_15,half_2,15,D,False,5-4-1,1,90,False,3,2,6,3099.06,6.694,7.71,0,0,0,0,5,36,12472.36,6.371,8.37,1,0,1,1,0,5,4,1,0,59,13,2,35,3,0,0,1,3,1,3,0.0,0.0,2.0,1.0,0.0,1.0,0,5,2,17,3,14,2.0,0.12195121951219512,0.4634146341463415,0.4146341463414634,0.0,0.1388888888888889,0.6,0.0,0.0,387.3825,1549.53,0.0,0.1963228850038399,0.0,4.0,1.0,0.0,0.0,0.5,0.0,0,0,0,0,0,1,1,1,0,1,0.0,1.0
65547,2138,1167,2025-06-14,H2_30,half_2,30,D,False,5-4-1,1,90,False,3,2,7,4205.39,6.589,8.72,0,0,0,0,7,43,16677.75,6.411,8.72,1,0,1,1,0,5,4,1,0,74,8,0,43,3,0,0,0,5,2,2,0.0,0.0,2.0,2.0,0.0,1.0,0,5,2,22,5,16,2.0,0.1,0.48,0.42,0.0,0.11627906976744186,0.7142857142857143,0.0,0.0,467.2655555555556,2102.695,0.0,0.32254578053402894,0.0,4.5,1.0,0.0,0.0,0.5,0.0,0,0,0,0,0,1,1,1,0,1,0.0,1.0
65548,1207,1167,2025-06-14,H2_30,half_2,30,D,False,5-4-1,56,90,False,5,3,6,4672.96,7.218,9.44,0,0,0,0,4,7,5220.55,7.142,9.44,0,0,0,0,0,5,4,1,0,19,7,1,7,1,0,0,2,2,1,4,0.0,0.0,2.0,2.0,0.0,1.0,0,0,2,3,2,4,2.0,0.0,0.45454545454545453,0.5454545454545454,0.0,0.0,0.5,0.0,0.0,388.91535,1555.6614,0.0,0.25409565346289364,0.0,4.5,1.5,0.0,0.0,0.5,0.0,0,0,0,0,0,0,0,0,0,0,0.0,0.0
65549,2136,1167,2025-06-14,H1_15,half_1,15,M,False,5-4-1,1,90,False,6,2,5,1970.76,6.726,7.61,0,0,0,0,2,5,1970.76,6.726,7.61,0,0,0,0,0,5,4,1,0,14,1,1,1,1,0,2,1,2,1,1,0.0,427.5716,2.0,2.0,1.0,2.0,0,2,1,2,1,1,2.0,0.2857142857142857,0.42857142857142855,0.2857142857142857,0.0,0.4,0.5,0.2857142857142857,0.0,281.5374857142857,985.3812,0.21695745768236696,0.43282031360046247,0.0,3.5,1.0,1.0,0.5,1.0,0.5,0,0,0,0,0,0,0,0,0,0,0.0,0.0
65549,2136,1167,2025-06-14,H1_30,half_1,30,M,False,5-4-1,1,90,False,6,0,6,2980.04,6.267,6.76,0,0,0,0,2,11,4950.8,6.514,7.61,0,0,0,0,0,5,4,1,0,29,8,0,9,1,0,2,0,3,0,1,0.0,802.5375999999999,2.0,2.0,1.0,0.0,0,4,1,5,1,2,2.0,0.3076923076923077,0.46153846153846156,0.23076923076923078,0.0,0.36363636363636365,0.5,0.3333333333333333,0.0,384.27264,960.6816,0.41769177217508896,0.0,0.0,3.0,0.0,1.0,0.5,0.0,0.5,0,0,0,0,0,0,0,0,0,0,0.0,0.0
65549,2136,1167,2025-06-14,H1_45,half_1,45,M,False,5-4-1,1,90,False,6,3,9,3294.12,6.797,7.54,0,0,0,0,5,20,8244.93,6.65,7.61,0,0,0,0,0,5,4,1,0,44,4,1,13,2,0,1,1,5,2,3,0.0,212.1728,2.0,1.0,0.0,1.0,0,5,2,10,3,5,2.0,0.2,0.48,0.32,0.0,0.25,0.6,0.08333333333333333,0.0,274.5104,1647.0624,0.06440946013945797,0.4013241999817371,0.0,6.0,1.5,0.5,0.5,0.5,0.0,0,0,0,0,0,0,0,0,0,0,0.0,0.0
65549,2136,1167,2025-06-14,H2_15,half_2,15,M,False,5-4-1,1,90,False,6,5,12,5413.72,6.846,8.92,1,0,1,1,10,32,13658.64,6.729,8.92,1,0,1,1,0,5,4,1,0,59,3,1,16,3,2,3,2,5,1,4,1118.96,524.4548,2.0,2.0,2.0,2.0,2,8,4,15,4,9,2.0,0.23809523809523808,0.4523809523809524,0.30952380952380953,0.2,0.25,0.4,0.29411764705882354,0.4,318.4538823529412,2706.858,0.303565018926002,0.37747654291433097,559.48,8.5,2.5,2.5,1.0,1.0,1.0,1,0,0,0,1,1,0,0,0,1,1.0,1.0
65549,2136,1167,2025-06-14,H2_30,half_2,30,M,False,5-4-1,1,90,False,6,0,5,1709.72,6.008,6.54,0,0,0,0,10,37,15368.37,6.652,8.92,1,0,1,1,0,5,4,1,0,74,7,0,23,3,0,2,0,1,0,2,0.0,449.1972,2.0,2.0,1.0,0.0,2,10,4,16,4,11,2.0,0.2553191489361702,0.425531914893617,0.3191489361702128,0.2,0.2702702702702703,0.4,0.4,0.0,341.94496,854.8624,0.2627307037951371,0.0,0.0,2.5,0.0,1.0,0.5,0.0,0.5,0,0,0,0,0,1,0,0,0,1,0.0,1.0
65550,2038,1167,2025-06-14,H2_15,half_2,15,M,False,5-4-1,46,90,False,7,4,11,5906.25,6.941,8.86,0,0,0,0,4,11,5906.25,6.941,8.86,0,0,0,0,0,5,4,1,0,14,7,1,7,1,2,3,1,5,1,3,1143.8276,1409.216,2.0,2.0,2.0,2.0,2,3,1,5,1,3,2.0,0.3333333333333333,0.4,0.26666666666666666,0.5,0.2727272727272727,0.25,0.3333333333333333,0.5,393.7497066666666,2953.1227999999996,0.4322616722880607,0.40935141606708675,571.9138,7.5,2.0,2.5,1.0,1.0,1.0,0,0,0,0,0,0,0,0,0,0,0.0,0.0
65550,2038,1167,2025-06-14,H2_30,half_2,30,M,False,5-4-1,46,90,False,7,3,12,5540.41,6.827,8.65,0,0,0,0,7,23,11446.65,6.884,8.86,0,0,0,0,0,5,4,1,0,29,4,0,11,1,0,3,3,8,0,1,0.0,987.3892,2.0,2.0,1.0,1.0,2,6,4,13,1,4,2.0,0.26666666666666666,0.5666666666666667,0.16666666666666666,0.2857142857142857,0.2608695652173913,0.14285714285714285,0.2,0.0,369.3603733333333,2770.2028,0.1782160497419178,0.2117461580791125,0.0,7.5,1.5,1.5,1.0,0.5,0.5,0,0,0,0,0,0,0,0,0,0,0.0,0.0
65551,2139,1167,2025-06-14,H1_15,half_1,15,M,False,5-4-1,1,83,True,8,0,5,2287.21,6.306,6.69,0,0,0,0,0,5,2287.21,6.306,6.69,0,0,0,0,0,5,4,1,0,14,2,0,2,0,0,3,0,1,0,1,0.0,1264.0187999999998,2.0,1.0,1.0,0.0,0,3,0,1,0,1,2.0,0.6,0.2,0.2,0.0,0.6,0.0,0.6,0.0,457.44128,1143.6032,0.5526474567402399,0.0,0.0,2.5,0.0,1.5,0.5,0.0,0.5,0,0,0,0,0,0,0,0,0,0,0.0,0.0
65551,2139,1167,2025-06-14,H1_30,half_1,30,M,False,5-4-1,1,83,True,8,1,10,3430.24,6.228,7.28,0,0,0,0,1,15,5717.45,6.253,7.28,0,0,0,0,0,5,4,1,0,29,8,0,10,0,0,3,1,5,0,2,0.0,827.9287999999999,2.0,1.0,1.0,1.0,0,6,1,6,0,3,2.0,0.375,0.4375,0.1875,0.0,0.4,0.0,0.2727272727272727,0.0,311.84043636363634,1715.1224,0.2413614328633338,0.1477720773747693,0.0,5.5,0.5,1.5,1.0,0.5,0.5,0,0,0,0,0,0,0,0,0,0,0.0,0.0
65551,2139,1167,2025-06-14,H1_45,half_1,45,M,False,5-4-1,1,83,True,8,0,7,2367.5,6.117,7.0,0,0,0,0,1,22,8084.95,6.211,7.28,0,0,0,0,0,5,4,1,0,44,14,0,24,0,0,1,0,5,0,1,0.0,211.9856,1.0,1.0,0.0,0.0,0,7,1,11,0,4,2.0,0.30434782608695654,0.5217391304347826,0.17391304347826086,0.0,0.3181818181818182,0.0,0.14285714285714285,0.0,338.2141142857143,2367.4988,0.0895398975492617,0.0,0.0,7.0,0.0,1.0,1.0,0.0,0.0,0,0,0,0,0,0,0,0,0,0,0.0,0.0
65551,2139,1167,2025-06-14,H2_15,half_2,15,M,False,5-4-1,1,83,True,8,1,10,3695.26,6.335,7.36,0,0,0,0,2,32,11780.21,6.251,7.36,0,0,0,0,0,5,4,1,0,59,7,0,31,0,0,2,0,6,1,2,0.0,810.5975999999999,2.0,2.0,0.0,1.0,0,9,1,17,1,6,2.0,0.2647058823529412,0.5294117647058824,0.20588235294117646,0.0,0.28125,0.5,0.18181818181818182,0.0,335.9322909090909,1847.6276,0.21936173718123717,0.09130173201569407,0.0,5.5,0.5,1.0,1.0,0.5,0.0,0,0,0,0,0,0,0,0,0,0,0.0,0.0
65551,2139,1167,2025-06-14,H2_30,half_2,30,M,False,5-4-1,1,83,True,8,2,6,2623.93,6.59,7.46,1,1,1,1,4,38,14404.14,6.316,7.46,1,1,1,1,0,5,4,1,0,74,12,0,43,0,0,0,0,4,2,2,0.0,0.0,2.0,2.0,0.0,1.0,0,9,1,21,3,8,2.0,0.21428571428571427,0.5238095238095238,0.2619047619047619,0.0,0.23684210526315788,0.75,0.0,0.0,327.99185,1311.9674,0.0,0.3572997316854062,0.0,4.0,1.0,0.0,0.0,0.5,0.0,1,0,0,0,1,1,0,0,0,1,1.0,1.0
65552,968,1167,2025-06-14,H1_15,half_1,15,A,False,5-4-1,1,90,False,9,0,9,2178.4,6.059,6.59,1,0,1,1,0,9,2178.4,6.059,6.59,1,0,1,1,0,5,4,1,0,14,3,0,3,0,0,0,0,8,0,1,0.0,0.0,2.0,2.0,0.0,0.0,0,0,0,8,0,1,2.0,0.0,0.8888888888888888,0.1111111111111111,0.0,0.0,0.0,0.0,0.0,242.04462222222224,1089.2008,0.0,0.0,0.0,4.5,0.0,0.0,0.0,0.0,0.0,1,0,0,0,1,1,0,0,0,1,1.0,1.0
65552,968,1167,2025-06-14,H1_30,half_1,30,A,False,5-4-1,1,90,False,9,2,5,1988.37,7.054,8.43,1,0,1,1,2,14,4166.77,6.494,8.43,2,0,2,2,0,5,4,1,0,29,4,0,7,0,2,4,0,1,0,0,774.7267999999999,1083.2324,2.0,2.0,2.0,1.0,2,4,0,9,0,1,2.0,0.375,0.5625,0.0625,1.0,0.2857142857142857,0.0,0.8571428571428571,1.0,284.05285714285714,994.185,0.9344132128326218,0.3896290931768232,387.36339999999996,3.5,1.0,3.0,1.0,0.5,1.0,1,0,1,1,1,2,0,1,1,2,1.0,1.0
65552,968,1167,2025-06-14,H1_45,half_1,45,A,False,5-4-1,1,90,False,9,0,4,1174.17,6.348,6.91,0,0,0,0,2,18,5340.94,6.465,8.43,2,0,2,2,0,5,4,1,0,44,1,0,8,0,0,3,0,1,0,0,0.0,910.9016,1.0,1.0,1.0,0.0,2,7,0,10,0,1,2.0,0.45,0.5,0.05,1.0,0.3888888888888889,0.0,0.75,0.0,293.5416,1174.1664,0.7757857830031587,0.0,0.0,4.0,0.0,3.0,1.0,0.0,1.0,0,0,0,0,0,2,0,1,1,2,0.0,1.0
65552,968,1167,2025-06-14,H2_15,half_2,15,A,False,5-4-1,1,90,False,9,3,19,5525.49,6.48,8.0,0,0,0,0,5,37,10866.42,6.473,8.43,2,0,2,2,0,5,4,1,0,59,2,0,10,0,1,10,1,5,1,4,351.0888,2395.8252,2.0,2.0,2.0,2.0,3,17,1,15,1,5,2.0,0.47619047619047616,0.38095238095238093,0.14285714285714285,0.6,0.4594594594594595,0.2,0.5,0.3333333333333333,251.15845454545453,2762.743,0.4971352746165677,0.20217197184102897,351.0888,11.0,1.5,5.5,1.0,1.0,1.0,0,0,0,0,0,2,0,1,1,2,0.0,1.0
65552,968,1167,2025-06-14,H2_30,half_2,30,A,False,5-4-1,1,90,False,9,4,9,4580.21,7.052,7.89,0,0,0,0,9,46,15446.64,6.61,8.43,2,0,2,2,0,5,4,1,0,74,2,0,12,0,3,2,1,4,0,3,1181.1724,355.468,2.0,2.0,2.0,2.0,6,19,2,19,1,8,2.0,0.45454545454545453,0.38181818181818183,0.16363636363636364,0.6666666666666666,0.41304347826086957,0.1111111111111111,0.38461538461538464,0.75,352.32412307692306,2290.1068,0.33549535768375516,0.3755189059305007,393.7241333333333,6.5,2.0,2.5,1.0,1.0,1.0,0,0,0,0,0,2,0,1,1,2,0.0,1.0
65553,1909,1167,2025-06-14,H1_15,half_1,15,M,False,5-4-1,1,69,True,10,0,6,2028.88,6.162,6.6,0,0,0,0,0,6,2028.88,6.162,6.6,0,0,0,0,0,5,4,1,0,14,4,0,4,0,0,3,0,1,0,2,0.0,1004.8744,2.0,2.0,1.0,0.0,0,3,0,1,0,2,2.0,0.5,0.16666666666666666,0.3333333333333333,0.0,0.5,0.0,0.5,0.0,338.14593333333335,1014.4378,0.4952863546685662,0.0,0.0,3.0,0.0,1.5,1.0,0.0,0.5,0,0,0,0,0,0,0,0,0,0,0.0,0.0
65553,1909,1167,2025-06-14,H1_30,half_1,30,M,False,5-4-1,1,69,True,10,3,4,3305.75,7.059,7.93,1,0,1,1,3,10,5334.62,6.645,7.93,1,0,1,1,0,5,4,1,0,29,4,0,8,0,2,3,1,1,0,0,995.466,1416.0128,2.0,2.0,1.0,2.0,2,6,1,2,0,2,2.0,0.6153846153846154,0.23076923076923078,0.15384615384615385,0.6666666666666666,0.6,0.0,0.7142857142857143,0.6666666666666666,472.2497142857143,1652.874,0.7294805290663415,0.447046901336702,497.733,3.5,1.5,2.5,0.5,1.0,0.5,1,1,1,0,1,1,1,1,0,1,1.0,1.0
65553,1909,1167,2025-06-14,H1_45,half_1,45,M,False,5-4-1,1,69,True,10,1,6,1522.31,6.281,7.44,1,0,1,1,4,16,6856.93,6.518,7.93,2,0,2,2,0,5,4,1,0,44,6,0,14,0,1,4,0,2,0,0,215.5548,1010.0552,2.0,2.0,2.0,1.0,3,10,1,4,0,2,2.0,0.65,0.25,0.1,0.75,0.625,0.0,0.7142857142857143,1.0,217.47274285714283,761.1546,0.8050992531609216,0.14159725238473236,215.5548,3.5,0.5,2.5,1.0,0.5,1.0,1,0,0,0,1,2,1,1,0,2,1.0,1.0
65553,1909,1167,2025-06-14,H2_15,half_2,15,M,False,5-4-1,1,69,True,10,1,3,1036.66,6.505,7.46,1,1,1,1,5,19,7893.59,6.515,7.93,3,1,3,3,0,5,4,1,0,59,6,0,20,0,0,1,1,2,0,0,0.0,193.8536,2.0,2.0,0.0,1.0,3,11,2,6,0,2,2.0,0.5833333333333334,0.3333333333333333,0.08333333333333333,0.6,0.5789473684210527,0.0,0.25,0.0,259.1638,518.3276,0.1869991102152384,0.21526038744608625,0.0,2.0,0.5,0.5,0.5,0.5,0.0,1,0,0,0,1,3,1,1,0,3,1.0,1.0
65554,455,1167,2025-06-14,H2_15,half_2,15,D,False,5-4-1,46,90,False,13,6,14,5925.97,6.926,8.09,0,0,0,0,6,14,5925.97,6.926,8.09,0,0,0,0,0,5,4,1,0,14,3,1,3,1,4,4,1,6,1,4,1498.968,1008.0947999999999,2.0,2.0,1.0,2.0,4,4,1,6,1,4,2.0,0.4,0.35,0.25,0.6666666666666666,0.2857142857142857,0.16666666666666666,0.4,0.6666666666666666,296.29838,2962.9838,0.42306387230331804,0.3483504702253181,374.742,10.0,3.0,4.0,1.0,1.0,0.5,0,0,0,0,0,0,0,0,0,0,0.0,0.0
65554,455,1167,2025-06-14,H2_30,half_2,30,D,False,5-4-1,46,90,False,13,6,14,8028.31,6.978,8.72,0,0,0,0,12,28,13954.28,6.952,8.72,0,0,0,0,0,5,4,1,0,29,4,0,7,1,2,4,1,8,3,2,266.63599999999997,827.0176,2.0,2.0,1.0,2.0,6,8,2,14,4,6,2.0,0.35,0.4,0.25,0.5,0.2857142857142857,0.3333333333333333,0.3,0.3333333333333333,285.19755294117647,2424.1792,0.22557193791614086,0.2821861519148419,266.63599999999997,10.0,3.0,3.0,0.5,1.0,0.5,0,0,0,0,0,0,0,0,0,0,0.0,0.0
65555,445,1167,2025-06-14,H1_15,half_1,15,D,False,5-4-1,1,46,True,14,2,8,3631.96,6.83,8.95,0,0,0,0,2,8,3631.96,6.83,8.95,0,0,0,0,0,5,4,1,0,14,2,1,2,1,0,3,1,4,1,1,0.0,1260.2392,2.0,1.0,1.0,1.0,0,3,1,4,1,1,2.0,0.3,0.5,0.2,0.0,0.375,0.5,0.3,0.0,363.1956,1815.978,0.3469863621695857,0.2515983123143562,0.0,5.0,1.0,1.5,0.5,0.5,0.5,0,0,0,0,0,0,0,0,0,0,0.0,0.0
65555,445,1167,2025-06-14,H1_30,half_1,30,D,False,5-4-1,1,46,True,14,4,11,5383.63,6.837,9.03,0,0,0,0,6,19,9015.58,6.834,9.03,0,0,0,0,0,5,4,1,0,29,4,0,6,1,1,6,1,4,2,1,597.8452,1696.2056,2.0,2.0,1.0,2.0,1,9,2,8,3,2,2.0,0.4,0.4,0.2,0.16666666666666666,0.47368421052631576,0.5,0.4666666666666667,0.25,358.90845333333334,2691.8134,0.42611623822067307,0.449200602092255,597.8452,7.5,2.0,3.5,1.0,1.0,0.5,0,0,0,0,0,0,0,0,0,0,0.0,0.0
65555,445,1167,2025-06-14,H1_45,half_1,45,D,False,5-4-1,1,46,True,14,5,11,6192.72,7.1,8.94,0,0,0,0,11,30,15208.31,6.938,9.03,0,0,0,0,0,5,4,1,0,44,5,0,11,1,1,5,2,4,2,2,692.8096,1442.2656,2.0,2.0,2.0,2.0,2,14,4,12,5,4,2.0,0.3902439024390244,0.3902439024390244,0.21951219512195122,0.18181818181818182,0.4666666666666667,0.45454545454545453,0.375,0.2,387.0452,3096.3616,0.3447716184052922,0.4956964974633454,692.8096,8.0,2.5,3.0,1.0,1.0,1.0,0,0,0,0,0,0,0,0,0,0,0.0,0.0
65556,966,1167,2025-06-14,H1_30,half_1,30,D,False,5-4-1,1,56,True,15,3,8,3871.82,6.884,8.84,0,0,0,0,3,11,4509.73,6.678,8.84,0,0,0,0,0,5,4,1,0,29,8,0,12,0,0,1,1,2,2,5,0.0,169.2248,2.0,2.0,0.0,1.0,0,2,1,3,2,6,2.0,0.14285714285714285,0.2857142857142857,0.5714285714285714,0.0,0.18181818181818182,0.6666666666666666,0.09090909090909091,0.0,264.20596,1321.0298,0.06405033406513615,0.363138817913116,0.0,5.5,1.5,0.5,0.5,0.5,0.0,0,0,0,0,0,0,0,0,0,0,0.0,0.0
65556,966,1167,2025-06-14,H1_45,half_1,45,D,False,5-4-1,1,56,True,15,2,7,3658.2,6.903,9.04,0,0,0,0,5,18,8167.93,6.766,9.04,0,0,0,0,0,5,4,1,0,44,9,0,21,0,0,1,1,3,1,3,0.0,463.2408,2.0,1.0,0.0,1.0,0,3,2,6,3,9,2.0,0.13043478260869565,0.34782608695652173,0.5217391304347826,0.0,0.16666666666666666,0.6,0.1111111111111111,0.0,406.4668444444444,1829.1008,0.12663074664884516,0.4116666506296427,0.0,4.5,1.0,0.5,0.5,0.5,0.0,0,0,0,0,0,0,0,0,0,0,0.0,0.0
65557,400,1167,2025-06-14,H1_15,half_1,15,M,False,5-4-1,1,90,False,17,1,7,2972.09,6.37,7.65,0,0,0,0,1,7,2972.09,6.37,7.65,0,0,0,0,0,5,4,1,0,14,2,0,2,0,0,4,1,3,0,0,0.0,1941.18,2.0,2.0,1.0,1.0,0,4,1,3,0,0,2.0,0.5,0.5,0.0,0.0,0.5714285714285714,0.0,0.5,0.0,371.51165000000003,1486.0466000000001,0.6531356419105565,0.09376718065234292,0.0,4.0,0.5,2.0,1.0,0.5,0.5,0,0,0,0,0,0,0,0,0,0,0.0,0.0
65557,400,1167,2025-06-14,H1_30,half_1,30,M,False,5-4-1,1,90,False,17,3,9,4144.59,6.892,8.85,1,0,1,1,4,16,7116.69,6.684,8.85,1,0,1,1,0,5,4,1,0,29,2,0,4,0,3,6,0,3,0,0,1794.6504,1635.5528,2.0,2.0,2.0,1.0,3,10,1,6,0,0,2.0,0.65,0.35,0.0,0.75,0.625,0.0,0.75,1.0,345.38283333333334,2072.297,0.8276331047142373,0.43300994017749384,598.2168,6.0,1.5,4.5,1.0,0.5,1.0,1,0,0,0,1,1,0,0,0,1,1.0,1.0
65557,400,1167,2025-06-14,H1_45,half_1,45,M,False,5-4-1,1,90,False,17,2,7,3580.48,6.491,8.15,0,0,0,0,6,23,10697.16,6.624,8.85,1,0,1,1,0,5,4,1,0,44,1,0,5,0,1,3,0,2,1,2,456.7664,959.6612,2.0,2.0,1.0,1.0,4,13,1,8,1,2,2.0,0.5862068965517241,0.3103448275862069,0.10344827586206896,0.6666666666666666,0.5652173913043478,0.16666666666666666,0.4444444444444444,0.5,397.83057777777776,1790.2376,0.3955976569813973,0.17752246964313562,456.7664,4.5,1.0,2.0,1.0,0.5,0.5,0,0,0,0,0,1,0,0,0,1,0.0,1.0
65557,400,1167,2025-06-14,H2_15,half_2,15,M,False,5-4-1,1,90,False,17,3,11,4194.83,6.606,7.53,0,0,0,0,9,34,14891.99,6.618,8.85,1,0,1,1,0,5,4,1,0,59,7,0,12,0,3,7,0,3,0,1,620.3712,1876.4672,2.0,2.0,1.0,1.0,7,20,1,11,1,3,2.0,0.627906976744186,0.27906976744186046,0.09302325581395349,0.7777777777777778,0.5882352941176471,0.1111111111111111,0.7142857142857143,1.0,299.63051428571424,2097.4136,0.5952184156715681,0.14788957218547646,206.7904,7.0,1.5,5.0,1.0,0.5,0.5,0,0,0,0,0,1,0,0,0,1,0.0,1.0
65557,400,1167,2025-06-14,H2_30,half_2,30,M,False,5-4-1,1,90,False,17,2,5,2390.75,7.07,8.18,0,0,0,0,11,39,17282.74,6.681,8.85,1,0,1,1,0,5,4,1,0,74,7,0,19,0,0,3,2,2,0,0,0.0,530.0588,1.0,1.0,1.0,1.0,7,23,3,13,1,3,2.0,0.6,0.32,0.08,0.6363636363636364,0.5897435897435898,0.09090909090909091,0.42857142857142855,0.0,341.5362285714286,2390.7536,0.2217120158263068,0.5539070191089538,0.0,7.0,2.0,3.0,1.0,1.0,1.0,0,0,0,0,0,1,0,0,0,1,0.0,1.0
65558,3361,1167,2025-06-14,H1_15,half_1,15,D,False,5-4-1,1,46,True,18,1,11,3808.63,6.45,7.17,0,0,0,0,1,11,3808.63,6.45,7.17,0,0,0,0,0,5,4,1,0,14,3,1,3,1,0,4,1,4,0,3,0.0,843.4808,2.0,2.0,1.0,1.0,0,4,1,4,0,3,2.0,0.3333333333333333,0.4166666666666667,0.25,0.0,0.36363636363636365,0.0,0.3333333333333333,0.0,253.67596363636366,1395.2178000000001,0.3022756733751533,0.10104472577686437,0.0,6.0,0.5,2.0,1.0,0.5,0.5,0,0,0,0,0,0,0,0,0,0,0.0,0.0
65558,3361,1167,2025-06-14,H1_30,half_1,30,D,False,5-4-1,1,46,True,18,4,14,7011.89,6.882,9.25,0,0,0,0,5,25,10820.52,6.709,9.25,0,0,0,0,0,5,4,1,0,29,6,0,9,1,1,4,2,7,1,3,689.3548,749.026,2.0,2.0,1.0,2.0,1,8,3,11,1,6,2.0,0.3,0.4666666666666667,0.23333333333333334,0.2,0.32,0.2,0.2777777777777778,0.25,290.0714,2320.5712,0.30991955773647456,0.348888670168793,689.3548,9.0,2.0,2.5,1.0,1.0,0.5,0,0,0,0,0,0,0,0,0,0,0.0,0.0
65558,3361,1167,2025-06-14,H1_45,half_1,45,D,False,5-4-1,1,46,True,18,3,11,5190.01,6.769,8.34,0,0,0,0,8,36,16010.53,6.728,9.25,0,0,0,0,0,5,4,1,0,44,8,0,17,1,1,1,2,7,0,3,637.5595999999999,220.042,2.0,2.0,1.0,2.0,2,9,5,18,1,9,2.0,0.25,0.5227272727272727,0.22727272727272727,0.25,0.25,0.125,0.14285714285714285,0.3333333333333333,318.04449230769234,2067.2892,0.2074217772723816,0.36063120728343184,637.5595999999999,7.0,1.5,1.0,0.5,1.0,0.5,0,0,0,0,0,0,0,0,0,0,0.0,0.0
65560,1158,1167,2025-06-14,H2_30,half_2,30,M,False,5-4-1,69,90,False,21,3,6,4734.72,7.173,9.66,0,0,0,0,3,6,4734.72,7.173,9.66,0,0,0,0,0,5,4,1,0,6,1,0,1,0,1,2,2,1,0,3,943.1292,305.0824,2.0,2.0,1.0,2.0,1,2,2,1,0,3,2.0,0.3333333333333333,0.3333333333333333,0.3333333333333333,0.3333333333333333,0.3333333333333333,0.0,0.3333333333333333,0.3333333333333333,380.0884,1520.3536,0.4105004256904447,0.5693770186093551,943.1292,4.5,1.5,1.5,1.0,1.0,0.5,0,0,0,0,0,0,0,0,0,0,0.0,0.0
41257,2127,1200,2025-06-17,H2_30,half_2,30,G,False,3-4-3,1,90,False,12,0,1,8.92,14.14,14.14,0,0,0,0,0,2,29.58,10.885,14.14,0,0,0,0,0,3,4,3,0,74,1,0,3,2,0,1,0,0,0,0,0.0,0.0,1.0,0.0,0.0,0.0,0,1,0,1,0,0,1.0,0.5,0.5,0.0,0.0,0.5,0.0,1.0,0.0,0.0,0.0,0.0,0.0,0.0,1.0,0.0,1.0,1.0,0.0,0.0,0,0,0,0,0,0,0,0,0,0,0.0,0.0
65761,3403,1201,2025-06-17,H1_15,half_1,15,D,True,4-2-3-1,1,87,True,5,3,12,5028.74,6.745,8.01,0,0,0,0,3,12,5028.74,6.745,8.01,0,0,0,0,0,4,2,3,1,14,9,0,9,0,1,5,2,7,0,0,286.59000000000003,2369.5496,2.0,2.0,1.0,1.0,1,5,2,7,0,0,2.0,0.4,0.6,0.0,0.3333333333333333,0.4166666666666667,0.0,0.4,0.3333333333333333,335.24914666666666,2514.3686,0.5281921672104878,0.13337948938751465,286.59000000000003,7.5,1.5,3.0,1.0,0.5,0.5,0,0,0,0,0,0,0,0,0,0,0.0,0.0
65761,3403,1201,2025-06-17,H1_30,half_1,30,D,True,4-2-3-1,1,87,True,5,0,7,2614.58,6.113,6.91,0,0,0,0,3,19,7643.32,6.544,8.01,0,0,0,0,0,4,2,3,1,29,2,1,11,1,0,3,0,3,0,1,0.0,464.24799999999993,2.0,2.0,1.0,0.0,1,8,2,10,0,1,2.0,0.4090909090909091,0.5454545454545454,0.045454545454545456,0.3333333333333333,0.42105263157894735,0.0,0.42857142857142855,0.0,259.5424,778.6272,0.2981195622243867,0.0,0.0,3.5,0.0,1.5,1.0,0.0,0.5,0,0,0,0,0,0,0,0,0,0,0.0,0.0
65761,3403,1201,2025-06-17,H1_45,half_1,45,D,True,4-2-3-1,1,87,True,5,3,13,4776.42,6.703,8.7,0,0,0,0,6,32,12419.74,6.611,8.7,0,0,0,0,0,4,2,3,1,44,5,0,16,1,2,5,1,5,0,3,449.7404,1031.3956,2.0,2.0,1.0,2.0,3,13,3,15,0,4,2.0,0.42105263157894735,0.47368421052631576,0.10526315789473684,0.5,0.40625,0.0,0.4375,0.6666666666666666,298.52615000000003,2388.2092000000002,0.31009343737558664,0.1896787768843701,224.8702,8.0,1.5,3.5,1.0,1.0,0.5,0,0,0,0,0,0,0,0,0,0,0.0,0.0
65761,3403,1201,2025-06-17,H2_15,half_2,15,D,True,4-2-3-1,1,87,True,5,2,11,3804.04,7.064,8.45,0,0,0,0,8,43,16223.78,6.726,8.7,0,0,0,0,0,4,2,3,1,59,3,1,19,2,0,2,0,2,2,7,0.0,533.2172,2.0,2.0,0.0,1.0,3,15,3,17,2,11,2.0,0.35294117647058826,0.39215686274509803,0.2549019607843137,0.375,0.3488372093023256,0.25,0.15384615384615385,0.0,292.6182153846154,1902.0184,0.14017140948794188,0.25310596364367455,0.0,6.5,1.0,1.0,1.0,0.5,0.0,0,0,0,0,0,0,0,0,0,0,0.0,0.0
65761,3403,1201,2025-06-17,H2_30,half_2,30,D,True,4-2-3-1,1,87,True,5,1,7,3000.71,6.826,7.77,0,0,0,0,9,50,19224.49,6.74,8.7,0,0,0,0,0,4,2,3,1,74,2,0,21,2,0,0,1,5,0,2,0.0,0.0,2.0,1.0,0.0,1.0,3,15,4,22,2,13,2.0,0.3050847457627119,0.4406779661016949,0.2542372881355932,0.3333333333333333,0.3,0.2222222222222222,0.0,0.0,375.0887,1500.3548,0.0,0.10417056019016302,0.0,4.0,0.5,0.0,0.0,0.5,0.0,0,0,0,0,0,0,0,0,0,0,0.0,0.0
65762,3421,1201,2025-06-17,H1_30,half_1,30,M,True,4-2-3-1,1,69,True,6,1,3,1620.39,6.818,7.28,0,0,0,0,1,5,2278.04,6.603,7.28,0,0,0,0,0,4,2,3,1,29,1,0,13,0,0,0,0,1,1,2,0.0,0.0,2.0,1.0,0.0,1.0,0,0,0,3,1,2,2.0,0.0,0.5,0.5,0.0,0.0,1.0,0.0,0.0,405.097,810.194,0.0,0.24198401864244862,0.0,2.0,0.5,0.0,0.0,0.5,0.0,0,0,0,0,0,0,0,0,0,0,0.0,0.0
65762,3421,1201,2025-06-17,H1_45,half_1,45,M,True,4-2-3-1,1,69,True,6,2,8,2522.23,6.702,8.96,0,0,0,0,3,13,4800.27,6.665,8.96,0,0,0,0,0,4,2,3,1,44,12,2,25,2,0,2,0,4,2,2,0.0,380.86159999999995,2.0,2.0,1.0,1.0,0,2,0,7,3,4,2.0,0.125,0.4375,0.4375,0.0,0.15384615384615385,1.0,0.2,0.0,252.22323999999998,1261.1162,0.15100178714697343,0.2638235873902817,0.0,5.0,1.0,1.0,0.5,0.5,0.5,0,0,0,0,0,0,0,0,0,0,0.0,0.0
65762,3421,1201,2025-06-17,H2_15,half_2,15,M,True,4-2-3-1,1,69,True,6,0,8,3122.51,6.305,6.94,0,0,0,0,3,21,7922.79,6.545,8.96,0,0,0,0,0,4,2,3,1,59,6,0,31,2,0,0,0,6,0,2,0.0,0.0,2.0,2.0,0.0,0.0,0,2,0,13,3,6,2.0,0.08333333333333333,0.5416666666666666,0.375,0.0,0.09523809523809523,1.0,0.0,0.0,390.31395000000003,1561.2558000000001,0.0,0.0,0.0,4.0,0.0,0.0,0.0,0.0,0.0,0,0,0,0,0,0,0,0,0,0,0.0,0.0
65763,3015,1201,2025-06-17,H2_30,half_2,30,A,True,4-2-3-1,69,90,False,9,2,6,2163.6,6.822,7.84,2,0,2,2,2,6,2163.6,6.822,7.84,2,0,2,2,1,4,2,3,1,6,3,0,3,0,2,6,0,0,0,0,619.5684,1544.0356000000002,2.0,1.0,1.0,1.0,2,6,0,0,0,0,2.0,1.0,0.0,0.0,1.0,1.0,0.0,1.0,1.0,270.45050000000003,1081.8020000000001,1.0,0.2863594262166274,309.7842,4.0,1.0,4.0,1.0,0.5,0.5,2,1,0,1,2,2,1,0,1,2,1.0,1.0
65765,3406,1201,2025-06-17,H1_15,half_1,15,M,True,4-2-3-1,1,69,True,11,3,9,4124.34,6.905,9.51,1,1,1,1,3,9,4124.34,6.905,9.51,1,1,1,1,0,4,2,3,1,14,1,0,1,0,2,2,0,5,1,2,1128.2932,554.4928,2.0,2.0,2.0,2.0,2,2,0,5,1,2,2.0,0.3333333333333333,0.4166666666666667,0.25,0.6666666666666666,0.2222222222222222,0.3333333333333333,0.3333333333333333,0.6666666666666666,343.6946666666667,2062.168,0.4080137990697169,0.37198918807778997,564.1466,6.0,1.5,2.0,1.0,1.0,1.0,1,0,0,0,1,1,0,0,0,1,1.0,1.0
65765,3406,1201,2025-06-17,H1_30,half_1,30,M,True,4-2-3-1,1,69,True,11,4,7,5701.41,7.263,9.84,0,0,0,0,7,16,9825.75,7.076,9.84,1,1,1,1,0,4,2,3,1,29,3,0,4,0,2,4,1,1,1,2,663.4024,1247.1332,2.0,2.0,1.0,2.0,4,6,1,6,2,4,2.0,0.43478260869565216,0.30434782608695654,0.2608695652173913,0.5714285714285714,0.375,0.2857142857142857,0.5454545454545454,0.5,309.214,1236.856,0.7723355022735063,0.2681809361801212,331.7012,5.5,2.0,3.0,1.0,1.0,0.5,0,0,0,0,0,1,0,0,0,1,0.0,1.0
65765,3406,1201,2025-06-17,H1_45,half_1,45,M,True,4-2-3-1,1,69,True,11,4,10,3956.18,6.983,7.91,0,0,0,0,11,26,13781.92,7.041,9.84,1,1,1,1,0,4,2,3,1,44,5,0,9,0,2,3,2,7,0,0,790.1644,535.732,2.0,2.0,1.0,2.0,6,9,3,13,2,4,2.0,0.40540540540540543,0.43243243243243246,0.16216216216216217,0.5454545454545454,0.34615384615384615,0.18181818181818182,0.35714285714285715,0.5,282.58394285714286,1978.0876,0.3351460268999209,0.45320338694808054,395.0822,7.0,2.0,2.5,1.0,1.0,0.5,0,0,0,0,0,1,0,0,0,1,0.0,1.0
65765,3406,1201,2025-06-17,H2_15,half_2,15,M,True,4-2-3-1,1,69,True,11,2,14,5009.63,6.456,7.78,1,0,1,1,13,40,18791.56,6.864,9.84,2,1,2,2,0,4,2,3,1,59,2,0,11,0,1,6,0,3,1,5,408.2644,2690.0608,2.0,2.0,2.0,2.0,7,15,3,16,3,9,2.0,0.41509433962264153,0.3584905660377358,0.22641509433962265,0.5384615384615384,0.375,0.23076923076923078,0.4375,0.5,313.102175,2504.8174,0.618473266753896,0.13604800094410074,408.2644,8.0,1.0,3.5,1.0,1.0,1.0,1,0,0,1,1,2,0,0,1,2,1.0,1.0
65766,3422,1201,2025-06-17,H2_30,half_2,30,M,True,4-2-3-1,69,90,False,12,1,9,3004.89,6.525,8.29,1,0,0,1,1,9,3004.89,6.525,8.29,1,0,0,1,0,4,2,3,1,6,1,0,1,0,0,2,1,7,0,0,0.0,755.7208,2.0,2.0,1.0,1.0,0,2,1,7,0,0,2.0,0.2,0.8,0.0,0.0,0.2222222222222222,0.0,0.2,0.0,300.48936,1502.4468,0.251496691929458,0.18889707109762555,0.0,5.0,0.5,1.0,0.5,0.5,0.5,1,0,0,0,0,1,0,0,0,0,0.0,0.0
65767,3423,1201,2025-06-17,H1_15,half_1,15,M,True,4-2-3-1,1,69,True,13,2,9,2983.25,6.545,8.49,0,0,0,0,2,9,2983.25,6.545,8.49,0,0,0,0,0,4,2,3,1,14,4,0,4,0,1,5,1,3,0,1,449.4004,1092.5288,2.0,2.0,2.0,1.0,1,5,1,3,0,1,2.0,0.5454545454545454,0.36363636363636365,0.09090909090909091,0.5,0.5555555555555556,0.0,0.5454545454545454,0.5,271.20465454545456,1491.6256,0.516862006122716,0.3893509202309211,449.4004,5.5,1.0,3.0,1.0,0.5,1.0,0,0,0,0,0,0,0,0,0,0,0.0,0.0
65767,3423,1201,2025-06-17,H1_30,half_1,30,M,True,4-2-3-1,1,69,True,13,4,11,4346.93,6.931,9.02,0,0,0,0,6,20,7330.18,6.768,9.02,0,0,0,0,0,4,2,3,1,29,2,1,6,1,4,7,0,2,0,2,1085.6988000000001,1445.9644,2.0,2.0,2.0,2.0,5,12,1,5,0,3,2.0,0.6538461538461539,0.23076923076923078,0.11538461538461539,0.8333333333333334,0.6,0.0,0.7333333333333333,1.0,289.7953866666667,2173.4654,0.5824024619853622,0.24976215402370797,271.42470000000003,7.5,2.0,5.5,1.0,1.0,1.0,0,0,0,0,0,0,0,0,0,0,0.0,0.0
65767,3423,1201,2025-06-17,H1_45,half_1,45,M,True,4-2-3-1,1,69,True,13,2,9,4298.46,6.897,9.74,0,0,0,0,8,29,11628.64,6.806,9.74,0,0,0,0,0,4,2,3,1,44,5,1,11,2,1,4,1,3,0,2,0.0,1121.1028,2.0,2.0,1.0,1.0,6,16,2,8,0,5,2.0,0.5945945945945946,0.2702702702702703,0.13513513513513514,0.75,0.5517241379310345,0.0,0.45454545454545453,0.5,300.89351999999997,1504.4676,0.37259120768037807,0.20959813292090837,0.0,5.5,1.0,2.5,1.0,0.5,0.5,0,0,0,0,0,0,0,0,0,0,0.0,0.0
65767,3423,1201,2025-06-17,H2_15,half_2,15,M,True,4-2-3-1,1,69,True,13,4,9,4091.3,6.774,8.63,1,0,1,1,12,38,15719.94,6.798,9.74,1,0,1,1,0,4,2,3,1,59,4,0,15,2,1,1,2,5,1,3,734.2744,297.988,2.0,2.0,0.0,2.0,7,17,4,13,1,8,2.0,0.48,0.34,0.18,0.5833333333333334,0.4473684210526316,0.08333333333333333,0.15384615384615385,0.25,314.71507692307694,2045.648,0.2523069462585939,0.4231386827059201,734.2744,6.5,2.0,1.0,1.0,1.0,0.0,1,0,0,1,1,1,0,0,1,1,1.0,1.0
65768,3424,1201,2025-06-17,H1_15,half_1,15,D,True,4-2-3-1,1,90,False,14,0,5,1299.16,6.35,6.91,0,0,0,0,0,5,1299.16,6.35,6.91,0,0,0,0,0,4,2,3,1,14,13,1,13,1,0,3,0,2,0,0,0.0,644.806,2.0,2.0,1.0,0.0,0,3,0,2,0,0,2.0,0.6,0.4,0.0,0.0,0.6,0.0,0.6,0.0,259.83216000000004,649.5804,0.49632501226945885,0.0,0.0,2.5,0.0,1.5,1.0,0.0,0.5,0,0,0,0,0,0,0,0,0,0,0.0,0.0
65768,3424,1201,2025-06-17,H1_30,half_1,30,D,True,4-2-3-1,1,90,False,14,3,8,3474.61,6.769,8.14,0,0,0,0,3,13,4773.77,6.638,8.14,0,0,0,0,0,4,2,3,1,29,3,0,16,1,3,5,0,1,0,2,1046.9099999999999,1527.1167999999998,2.0,2.0,2.0,2.0,3,8,0,3,0,2,2.0,0.6875,0.1875,0.125,1.0,0.6153846153846154,0.0,0.7272727272727273,1.0,315.87363636363636,1737.305,0.740810277988033,0.3013028800354572,348.96999999999997,5.5,1.5,4.0,1.0,1.0,1.0,0,0,0,0,0,0,0,0,0,0,0.0,0.0
65768,3424,1201,2025-06-17,H1_45,half_1,45,D,True,4-2-3-1,1,90,False,14,0,4,1978.48,6.432,6.69,1,1,1,1,3,17,6752.25,6.597,8.14,1,1,1,1,0,4,2,3,1,44,8,0,24,1,0,2,0,1,0,1,0.0,617.1748,2.0,1.0,0.0,0.0,3,10,0,4,0,3,2.0,0.65,0.2,0.15,1.0,0.5882352941176471,0.0,0.5,0.0,315.91093333333333,473.8664,0.6512118183521769,0.0,0.0,2.0,0.0,1.0,1.0,0.0,0.0,1,0,0,0,1,1,0,0,0,1,1.0,1.0
65768,3424,1201,2025-06-17,H2_15,half_2,15,D,True,4-2-3-1,1,90,False,14,3,6,4023.11,7.072,9.43,0,0,0,0,6,23,10775.36,6.744,9.43,1,1,1,1,0,4,2,3,1,59,10,3,34,4,1,1,0,3,2,2,964.3252,665.4744000000001,2.0,2.0,1.0,2.0,4,11,0,7,2,5,2.0,0.5172413793103449,0.2413793103448276,0.2413793103448276,0.6666666666666666,0.4782608695652174,0.3333333333333333,0.2222222222222222,0.3333333333333333,447.01186666666666,2011.5534,0.40510970277995106,0.47595117285974115,964.3252,4.5,1.5,1.0,0.5,1.0,0.5,0,0,0,0,0,1,0,0,0,1,0.0,1.0
65768,3424,1201,2025-06-17,H2_30,half_2,30,D,True,4-2-3-1,1,90,False,14,2,12,5254.67,6.46,9.15,0,0,0,0,8,35,16030.02,6.652,9.43,1,1,1,1,0,4,2,3,1,74,6,2,40,6,0,4,1,6,1,2,0.0,1347.94,2.0,2.0,1.0,2.0,4,15,1,13,3,7,2.0,0.4418604651162791,0.32558139534883723,0.23255813953488372,0.5,0.42857142857142855,0.375,0.2857142857142857,0.0,306.87947692307694,1994.7166,0.3378775711797857,0.18563439036903787,0.0,7.0,1.0,2.0,1.0,1.0,0.5,0,0,0,0,0,1,0,0,0,1,0.0,1.0
65769,3016,1201,2025-06-17,H1_15,half_1,15,D,True,4-2-3-1,1,90,False,15,0,6,1313.03,5.928,6.41,0,0,0,0,0,6,1313.03,5.928,6.41,0,0,0,0,1,4,2,3,1,14,20,1,20,1,0,0,0,3,0,3,0.0,0.0,2.0,1.0,0.0,0.0,0,0,0,3,0,3,2.0,0.0,0.5,0.5,0.0,0.0,0.0,0.0,0.0,218.83866666666668,656.5160000000001,0.0,0.0,0.0,3.0,0.0,0.0,0.0,0.0,0.0,0,0,0,0,0,0,0,0,0,0,0.0,0.0
65769,3016,1201,2025-06-17,H1_30,half_1,30,D,True,4-2-3-1,1,90,False,15,1,5,1487.49,6.532,7.81,1,1,1,1,1,11,2800.52,6.23,7.81,1,1,1,1,0,4,2,3,1,29,4,1,24,2,0,3,0,2,1,0,0.0,748.1232,2.0,2.0,1.0,1.0,0,3,0,5,1,3,2.0,0.25,0.4166666666666667,0.3333333333333333,0.0,0.2727272727272727,1.0,0.5,0.0,247.91473333333332,743.7442,0.5029438885036012,0.24486859863915578,0.0,3.0,0.5,1.5,1.0,0.5,0.5,1,0,0,0,1,1,0,0,0,1,1.0,1.0
65769,3016,1201,2025-06-17,H1_45,half_1,45,D,True,4-2-3-1,1,90,False,15,0,4,1509.38,5.992,6.34,0,0,0,0,1,15,4309.9,6.171,7.81,1,1,1,1,0,4,2,3,1,44,13,0,37,2,0,1,0,2,0,1,0.0,382.218,2.0,2.0,0.0,0.0,0,4,0,7,1,4,2.0,0.25,0.4375,0.3125,0.0,0.26666666666666666,1.0,0.25,0.0,377.34450000000004,754.6890000000001,0.25322881345825893,0.0,0.0,2.0,0.0,0.5,0.5,0.0,0.0,0,0,0,0,0,1,0,0,0,1,0.0,1.0
65769,3016,1201,2025-06-17,H2_15,half_2,15,D,True,4-2-3-1,1,90,False,15,1,7,2288.75,6.151,8.52,0,0,0,0,2,22,6598.65,6.164,8.52,1,1,1,1,0,4,2,3,1,59,8,1,45,3,0,0,0,5,1,2,0.0,0.0,2.0,2.0,0.0,1.0,0,4,0,12,2,6,2.0,0.16666666666666666,0.5,0.3333333333333333,0.0,0.18181818181818182,1.0,0.0,0.0,286.0943,1144.3772,0.0,0.24220650324036516,0.0,4.0,0.5,0.0,0.0,0.5,0.0,0,0,0,0,0,1,0,0,0,1,0.0,1.0
65769,3016,1201,2025-06-17,H2_30,half_2,30,D,True,4-2-3-1,1,90,False,15,2,4,1553.18,6.912,7.72,0,0,0,0,4,26,8151.84,6.314,8.52,1,1,1,1,0,4,2,3,1,74,11,0,56,3,0,0,1,2,1,2,0.0,0.0,1.0,1.0,0.0,1.0,0,4,1,14,3,8,2.0,0.13333333333333333,0.5,0.36666666666666664,0.0,0.15384615384615385,0.75,0.0,0.0,258.8641333333333,1553.1848,0.0,0.327936508263537,0.0,6.0,2.0,0.0,0.0,1.0,0.0,0,0,0,0,0,1,0,0,0,1,0.0,1.0
65770,3408,1201,2025-06-17,H1_15,half_1,15,D,True,4-2-3-1,1,90,False,17,0,10,2715.9,6.024,6.75,1,0,1,1,0,10,2715.9,6.024,6.75,1,0,1,1,0,4,2,3,1,14,15,0,15,0,0,2,0,5,0,3,0.0,472.4552,2.0,2.0,1.0,0.0,0,2,0,5,0,3,2.0,0.2,0.5,0.3,0.0,0.2,0.0,0.2,0.0,271.58972,1357.9486,0.17395916163542569,0.0,0.0,5.0,0.0,1.0,0.5,0.0,0.5,1,0,0,0,1,1,0,0,0,1,1.0,1.0
65770,3408,1201,2025-06-17,H1_30,half_1,30,D,True,4-2-3-1,1,90,False,17,3,6,2460.99,7.4,10.56,0,0,0,0,3,16,5176.89,6.676,10.56,1,0,1,1,0,4,2,3,1,29,6,1,21,1,0,1,2,4,1,1,0.0,205.1292,2.0,2.0,0.0,2.0,0,3,2,9,1,4,2.0,0.15789473684210525,0.5789473684210527,0.2631578947368421,0.0,0.1875,0.3333333333333333,0.1111111111111111,0.0,264.99625000000003,1059.9850000000001,0.09676042585508285,0.38588715878054874,0.0,4.5,1.5,0.5,0.5,1.0,0.0,0,0,0,0,0,1,0,0,0,1,0.0,1.0
65770,3408,1201,2025-06-17,H1_45,half_1,45,D,True,4-2-3-1,1,90,False,17,1,12,3196.55,6.336,7.32,0,0,0,0,4,28,8373.44,6.538,10.56,1,0,1,1,0,4,2,3,1,44,10,2,31,3,0,4,1,6,0,2,0.0,983.4212,2.0,2.0,1.0,1.0,0,7,3,15,1,6,2.0,0.21875,0.5625,0.21875,0.0,0.25,0.25,0.3076923076923077,0.0,245.8887076923077,1598.2766,0.3076505030480957,0.06687190440002688,0.0,6.5,0.5,2.0,1.0,0.5,0.5,0,0,0,0,0,1,0,0,0,1,0.0,1.0
65770,3408,1201,2025-06-17,H2_15,half_2,15,D,True,4-2-3-1,1,90,False,17,2,7,2143.08,6.677,7.82,0,0,0,0,6,35,10516.52,6.568,10.56,1,0,1,1,0,4,2,3,1,59,5,2,36,5,0,0,0,3,2,4,0.0,0.0,2.0,1.0,0.0,1.0,0,7,3,18,3,10,2.0,0.17073170731707318,0.5121951219512195,0.3170731707317073,0.0,0.2,0.5,0.0,0.0,238.1196888888889,1071.5386,0.0,0.27351959136143106,0.0,4.5,1.0,0.0,0.0,0.5,0.0,0,0,0,0,0,1,0,0,0,1,0.0,1.0
65770,3408,1201,2025-06-17,H2_30,half_2,30,D,True,4-2-3-1,1,90,False,17,1,8,3414.4,6.503,7.18,0,0,0,0,7,43,13930.92,6.557,10.56,1,0,1,1,0,4,2,3,1,74,7,2,43,7,0,2,0,4,1,2,0.0,646.5896,1.0,1.0,1.0,1.0,0,9,3,22,4,12,2.0,0.18,0.5,0.32,0.0,0.20930232558139536,0.5714285714285714,0.2222222222222222,0.0,379.37791111111113,3414.4012000000002,0.18937130176734943,0.22081072370757132,0.0,9.0,1.0,2.0,1.0,1.0,1.0,0,0,0,0,0,1,0,0,0,1,0.0,1.0
65771,3425,1201,2025-06-17,H1_15,half_1,15,M,True,4-2-3-1,1,90,False,18,2,8,2469.44,6.807,8.88,0,0,0,0,2,8,2469.44,6.807,8.88,0,0,0,0,1,4,2,3,1,14,3,0,3,0,0,3,1,4,1,1,0.0,749.0891999999999,2.0,2.0,1.0,1.0,0,3,1,4,1,1,2.0,0.3,0.5,0.2,0.0,0.375,0.5,0.3,0.0,246.94404,1234.7202,0.30334370491387436,0.2019636513600409,0.0,5.0,1.0,1.5,1.0,0.5,0.5,0,0,0,0,0,0,0,0,0,0,0.0,0.0
65771,3425,1201,2025-06-17,H1_30,half_1,30,M,True,4-2-3-1,1,90,False,18,1,6,2472.29,6.443,8.27,3,3,3,3,3,14,4941.74,6.657,8.88,3,3,3,3,0,4,2,3,1,29,2,0,5,0,0,3,0,0,1,3,0.0,1314.5832,2.0,2.0,1.0,1.0,0,6,1,4,2,4,2.0,0.35294117647058826,0.29411764705882354,0.35294117647058826,0.0,0.42857142857142855,0.6666666666666666,0.42857142857142855,0.0,353.18497142857143,1236.1474,0.5317259090623011,0.17515241305365362,0.0,3.5,0.5,1.5,1.0,0.5,0.5,3,0,1,0,3,3,0,1,0,3,1.0,1.0
65771,3425,1201,2025-06-17,H1_45,half_1,45,M,True,4-2-3-1,1,90,False,18,0,4,1395.33,6.778,7.44,0,0,0,0,3,18,6337.07,6.68,8.88,3,3,3,3,0,4,2,3,1,44,15,0,20,0,0,1,0,2,0,1,0.0,307.7788,1.0,1.0,0.0,0.0,0,7,1,6,2,5,2.0,0.3333333333333333,0.3333333333333333,0.3333333333333333,0.0,0.3888888888888889,0.6666666666666666,0.25,0.0,348.8336,1395.3344,0.22057708890427985,0.0,0.0,4.0,0.0,1.0,1.0,0.0,0.0,0,0,0,0,0,3,0,1,0,3,0.0,1.0
65771,3425,1201,2025-06-17,H2_30,half_2,30,M,True,4-2-3-1,1,90,False,18,0,7,2793.57,6.087,6.49,1,0,1,0,3,29,10045.42,6.46,8.88,4,3,4,3,0,4,2,3,1,74,10,0,37,0,0,1,0,5,0,1,0.0,731.9388,2.0,2.0,0.0,0.0,0,10,1,12,2,7,2.0,0.3125,0.40625,0.28125,0.0,0.3448275862068966,0.6666666666666666,0.14285714285714285,0.0,399.08074285714287,1396.7826,0.2620088480483649,0.0,0.0,3.5,0.0,0.5,0.5,0.0,0.0,1,0,0,0,1,4,0,1,0,4,1.0,1.0
65772,3410,1201,2025-06-17,H1_30,half_1,30,M,True,4-2-3-1,1,90,False,20,1,4,1438.37,6.818,7.73,0,0,0,0,2,5,2018.49,6.937,8.4,0,0,0,0,0,4,2,3,1,29,3,0,9,1,0,0,0,3,1,1,0.0,0.0,2.0,1.0,0.0,1.0,0,1,1,3,1,1,2.0,0.14285714285714285,0.5714285714285714,0.2857142857142857,0.0,0.2,0.5,0.0,0.0,287.67359999999996,719.184,0.0,0.2677868250684109,0.0,2.5,0.5,0.0,0.0,0.5,0.0,0,0,0,0,0,0,0,0,0,0,0.0,0.0
65772,3410,1201,2025-06-17,H1_45,half_1,45,M,True,4-2-3-1,1,90,False,20,2,3,2562.76,7.454,9.74,0,0,0,0,4,8,4581.25,7.152,9.74,0,0,0,0,0,4,2,3,1,44,11,0,20,1,0,2,1,1,1,0,0.0,739.4536,2.0,1.0,1.0,1.0,0,3,2,4,2,1,2.0,0.25,0.5,0.25,0.0,0.375,0.5,0.4,0.0,512.5516,1281.379,0.2885382076653356,0.4352321990605434,0.0,2.5,1.0,1.0,0.5,1.0,0.5,0,0,0,0,0,0,0,0,0,0,0.0,0.0
65772,3410,1201,2025-06-17,H2_15,half_2,15,M,True,4-2-3-1,1,90,False,20,3,5,2311.97,6.924,8.16,0,0,0,0,7,13,6893.22,7.061,9.74,0,0,0,0,0,4,2,3,1,59,5,1,25,2,0,0,2,4,1,1,0.0,0.0,2.0,2.0,0.0,2.0,0,3,4,8,3,2,2.0,0.15,0.6,0.25,0.0,0.23076923076923078,0.42857142857142855,0.0,0.0,288.996,1155.984,0.0,0.5211741685006022,0.0,4.0,1.5,0.0,0.0,1.0,0.0,0,0,0,0,0,0,0,0,0,0,0.0,0.0
65772,3410,1201,2025-06-17,H2_30,half_2,30,M,True,4-2-3-1,1,90,False,20,2,11,4528.17,6.5,7.41,0,0,0,0,9,24,11421.39,6.84,9.74,0,0,0,0,0,4,2,3,1,74,6,0,31,2,0,2,2,6,0,3,0.0,440.2268,2.0,2.0,1.0,1.0,0,5,6,14,3,5,2.0,0.15151515151515152,0.6060606060606061,0.24242424242424243,0.0,0.20833333333333334,0.3333333333333333,0.15384615384615385,0.0,348.3209538461539,2264.0862,0.09721953165917446,0.257893626134906,0.0,6.5,1.0,1.0,0.5,0.5,0.5,0,0,0,0,0,0,0,0,0,0,0.0,0.0
65773,3426,1201,2025-06-17,H2_30,half_2,30,M,True,4-2-3-1,69,90,False,21,0,6,1247.11,5.788,6.19,1,0,1,1,0,6,1247.11,5.788,6.19,1,0,1,1,0,4,2,3,1,6,10,0,10,0,0,4,0,2,0,0,0.0,908.5704,2.0,2.0,2.0,0.0,0,4,0,2,0,0,2.0,0.6666666666666666,0.3333333333333333,0.0,0.0,0.6666666666666666,0.0,0.6666666666666666,0.0,207.85106666666664,623.5532,0.7285428091781102,0.0,0.0,3.0,0.0,2.0,1.0,0.0,1.0,1,0,0,1,1,1,0,0,1,1,1.0,1.0
65774,3411,1201,2025-06-17,H1_15,half_1,15,A,True,4-2-3-1,1,79,True,22,2,12,3357.68,6.544,8.23,0,0,0,0,2,12,3357.68,6.544,8.23,0,0,0,0,0,4,2,3,1,14,3,0,3,0,2,8,0,3,0,1,1057.0903999999998,1569.4224,2.0,2.0,2.0,2.0,2,8,0,3,0,1,2.0,0.7142857142857143,0.21428571428571427,0.07142857142857142,1.0,0.6666666666666666,0.0,0.7142857142857143,1.0,239.83431428571427,1678.8401999999999,0.7822402632484022,0.31482758156493984,528.5451999999999,7.0,1.0,5.0,1.0,1.0,1.0,0,0,0,0,0,0,0,0,0,0,0.0,0.0
65774,3411,1201,2025-06-17,H1_30,half_1,30,A,True,4-2-3-1,1,79,True,22,4,7,3964.98,7.276,8.87,0,0,0,0,6,19,7322.66,6.866,8.87,0,0,0,0,0,4,2,3,1,29,0,0,3,0,3,5,1,1,0,1,1428.6428,1410.4324,2.0,1.0,1.0,1.0,5,13,1,4,0,2,2.0,0.72,0.2,0.08,0.8333333333333334,0.6842105263157895,0.0,0.7272727272727273,0.75,360.4530181818182,1982.4916,0.716037132263259,0.5282252898322495,476.2142666666667,5.5,2.0,4.0,1.0,0.5,0.5,0,0,0,0,0,0,0,0,0,0,0.0,0.0
65774,3411,1201,2025-06-17,H1_45,half_1,45,A,True,4-2-3-1,1,79,True,22,3,7,3775.13,7.011,8.96,1,1,1,1,9,26,11097.8,6.908,8.96,1,1,1,1,0,4,2,3,1,44,6,0,9,0,1,4,2,3,0,0,324.8088,912.6851999999999,2.0,2.0,2.0,1.0,6,17,3,7,0,2,2.0,0.6571428571428571,0.2857142857142857,0.05714285714285714,0.6666666666666666,0.6538461538461539,0.0,0.5,0.3333333333333333,377.51347999999996,1887.5674,0.32780127480480964,0.41354941815587626,324.8088,5.0,1.5,2.5,1.0,0.5,1.0,1,0,0,0,1,1,0,0,0,1,1.0,1.0
65774,3411,1201,2025-06-17,H2_15,half_2,15,A,True,4-2-3-1,1,79,True,22,1,7,2810.57,6.705,7.64,1,0,1,1,10,33,13908.36,6.87,8.96,2,1,2,2,0,4,2,3,1,59,1,0,10,0,0,3,1,4,0,0,0.0,1484.7808,2.0,2.0,1.0,1.0,6,20,4,11,0,2,2.0,0.6046511627906976,0.3488372093023256,0.046511627906976744,0.6,0.6060606060606061,0.0,0.375,0.0,351.3207,1405.2828,0.5282854098833345,0.08834933438308645,0.0,4.0,0.5,1.5,1.0,0.5,0.5,1,0,0,0,1,2,0,0,0,2,1.0,1.0
65774,3411,1201,2025-06-17,H2_30,half_2,30,A,True,4-2-3-1,1,79,True,22,4,14,5499.55,6.763,8.01,0,0,0,0,14,47,19407.91,6.838,8.96,2,1,2,2,0,4,2,3,1,74,0,0,10,0,3,9,1,5,0,0,1309.5996,2819.108,2.0,2.0,2.0,2.0,9,29,5,16,0,2,2.0,0.6229508196721312,0.3442622950819672,0.03278688524590164,0.6428571428571429,0.6170212765957447,0.0,0.6666666666666666,0.75,305.5302888888889,2749.7726000000002,0.7507361881487944,0.26728435653188193,436.5332,9.0,2.0,6.0,1.0,1.0,1.0,0,0,0,0,0,2,0,0,0,2,0.0,1.0
65775,2042,1201,2025-06-17,H1_30,half_1,30,D,False,5-2-3,1,90,False,2,1,6,1659.75,6.543,8.29,0,0,0,0,2,10,2611.02,6.553,8.29,0,0,0,0,1,5,2,3,0,29,2,1,4,1,0,0,0,2,1,4,0.0,0.0,1.0,1.0,0.0,1.0,0,0,0,3,2,7,1.0,0.0,0.25,0.75,0.0,0.0,1.0,0.0,0.0,237.10737142857144,1659.7516,0.0,0.11510300698008062,0.0,7.0,1.0,0.0,0.0,1.0,0.0,0,0,0,0,0,0,0,0,0,0,0.0,0.0
65775,2042,1201,2025-06-17,H1_45,half_1,45,D,False,5-2-3,1,90,False,2,1,5,2287.07,6.997,8.47,0,0,0,0,3,15,4898.1,6.701,8.47,0,0,0,0,1,5,2,3,0,44,1,0,5,1,0,0,1,2,0,3,0.0,0.0,1.0,1.0,0.0,1.0,0,0,1,5,2,10,1.0,0.0,0.3333333333333333,0.6666666666666666,0.0,0.0,0.6666666666666666,0.0,0.0,381.1789333333333,2287.0735999999997,0.0,0.23737233467257027,0.0,6.0,1.0,0.0,0.0,1.0,0.0,0,0,0,0,0,0,0,0,0,0,0.0,0.0
65775,2042,1201,2025-06-17,H2_15,half_2,15,D,False,5-2-3,1,90,False,2,0,4,1863.75,6.377,6.76,0,0,0,0,3,19,6761.84,6.642,8.47,0,0,0,0,1,5,2,3,0,59,1,2,6,3,0,0,0,2,0,2,0.0,0.0,1.0,1.0,0.0,0.0,0,0,1,7,2,12,1.0,0.0,0.36363636363636365,0.6363636363636364,0.0,0.0,0.6666666666666666,0.0,0.0,465.93679999999995,1863.7471999999998,0.0,0.0,0.0,4.0,0.0,0.0,0.0,0.0,0.0,0,0,0,0,0,0,0,0,0,0,0.0,0.0
65775,2042,1201,2025-06-17,H2_30,half_2,30,D,False,5-2-3,1,90,False,2,1,4,1690.26,6.96,7.84,1,1,1,1,4,23,8452.11,6.701,8.47,1,1,1,1,0,5,2,3,0,74,5,1,11,4,0,0,0,1,1,3,0.0,0.0,2.0,1.0,0.0,1.0,0,0,1,8,3,15,2.0,0.0,0.3333333333333333,0.6666666666666666,0.0,0.0,0.75,0.0,0.0,338.05280000000005,845.1320000000001,0.0,0.2657324536285456,0.0,2.5,0.5,0.0,0.0,0.5,0.0,1,0,1,0,1,1,0,1,0,1,1.0,1.0
65776,2138,1201,2025-06-17,H1_15,half_1,15,D,False,5-2-3,1,46,True,3,0,3,1138.2,7.107,8.68,0,0,0,0,0,3,1138.2,7.107,8.68,0,0,0,0,0,5,2,3,0,14,3,0,3,0,0,0,0,2,0,1,0.0,0.0,1.0,1.0,0.0,0.0,0,0,0,2,0,1,1.0,0.0,0.6666666666666666,0.3333333333333333,0.0,0.0,0.0,0.0,0.0,379.39959999999996,1138.1988,0.0,0.0,0.0,3.0,0.0,0.0,0.0,0.0,0.0,0,0,0,0,0,0,0,0,0,0,0.0,0.0
65776,2138,1201,2025-06-17,H1_30,half_1,30,D,False,5-2-3,1,46,True,3,1,8,2295.02,6.363,7.52,0,0,0,0,1,11,3433.21,6.549,8.68,0,0,0,0,0,5,2,3,0,29,1,0,4,0,0,3,1,2,0,3,0.0,976.0128,2.0,2.0,1.0,1.0,0,3,1,4,0,4,2.0,0.25,0.4166666666666667,0.3333333333333333,0.0,0.2727272727272727,0.0,0.3333333333333333,0.0,255.0017333333333,1147.5077999999999,0.42527501773844156,0.09406297717540571,0.0,4.5,0.5,1.5,1.0,0.5,0.5,0,0,0,0,0,0,0,0,0,0,0.0,0.0
65776,2138,1201,2025-06-17,H1_45,half_1,45,D,False,5-2-3,1,46,True,3,2,10,4076.78,6.745,8.05,0,0,0,0,3,21,7509.99,6.647,8.68,0,0,0,0,0,5,2,3,0,44,3,0,7,0,0,2,1,4,1,4,0.0,762.9404,2.0,2.0,1.0,2.0,0,5,2,8,1,8,2.0,0.20833333333333334,0.4166666666666667,0.375,0.0,0.23809523809523808,0.3333333333333333,0.16666666666666666,0.0,339.73156666666665,2038.3894,0.18714294727003583,0.22646919180407823,0.0,6.0,1.0,1.0,0.5,1.0,0.5,0,0,0,0,0,0,0,0,0,0,0.0,0.0
65777,2135,1201,2025-06-17,H2_15,half_2,15,D,False,5-2-3,46,90,False,4,2,10,2694.43,6.579,7.18,0,0,0,0,2,10,2694.43,6.579,7.18,0,0,0,0,0,5,2,3,0,14,3,0,3,0,0,2,1,7,1,1,0.0,501.07680000000005,2.0,2.0,0.0,1.0,0,2,1,7,1,1,2.0,0.16666666666666666,0.6666666666666666,0.16666666666666666,0.0,0.2,0.5,0.16666666666666666,0.0,224.5357,1347.2142,0.18596775479355848,0.12467460630982068,0.0,6.0,1.0,1.0,1.0,0.5,0.0,0,0,0,0,0,0,0,0,0,0,0.0,0.0
65777,2135,1201,2025-06-17,H2_30,half_2,30,D,False,5-2-3,46,90,False,4,1,5,2414.45,6.828,8.91,0,0,0,0,3,15,5108.88,6.662,8.91,0,0,0,0,0,5,2,3,0,29,2,3,5,3,0,1,1,2,0,2,0.0,143.8656,1.0,1.0,0.0,1.0,0,3,2,9,1,3,2.0,0.16666666666666666,0.6111111111111112,0.2222222222222222,0.0,0.2,0.3333333333333333,0.16666666666666666,0.0,273.9732,1369.866,0.10502165905278327,0.0,0.0,6.0,1.0,1.0,1.0,1.0,0.0,0,0,0,0,0,0,0,0,0,0,0.0,0.0
65778,1207,1201,2025-06-17,H1_30,half_1,30,D,False,5-2-3,1,90,False,5,3,8,3870.99,7.162,9.07,0,0,0,0,3,12,4699.15,6.813,9.07,0,0,0,0,0,5,2,3,0,29,0,1,1,1,0,1,1,1,2,6,0.0,151.37,1.0,1.0,0.0,1.0,0,3,1,2,2,7,2.0,0.2,0.2,0.6,0.0,0.25,0.6666666666666666,0.09090909090909091,0.0,351.90778181818183,3870.9856,0.039103736268096684,0.3472042882308836,0.0,11.0,3.0,1.0,1.0,1.0,0.0,0,0,0,0,0,0,0,0,0,0,0.0,0.0
65778,1207,1201,2025-06-17,H1_45,half_1,45,D,False,5-2-3,1,90,False,5,2,6,2391.46,7.089,7.89,0,0,0,0,5,18,7090.61,6.909,9.07,0,0,0,0,0,5,2,3,0,44,2,1,3,2,0,0,1,3,1,3,0.0,0.0,1.0,1.0,0.0,1.0,0,3,2,5,3,10,2.0,0.13043478260869565,0.30434782608695654,0.5652173913043478,0.0,0.16666666666666666,0.6,0.0,0.0,298.93235,2391.4588,0.0,0.4629642793762535,0.0,8.0,2.0,0.0,0.0,1.0,0.0,0,0,0,0,0,0,0,0,0,0,0.0,0.0
65778,1207,1201,2025-06-17,H2_15,half_2,15,D,False,5-2-3,1,90,False,5,1,5,2231.27,6.352,7.53,0,0,0,0,6,23,9321.88,6.794,9.07,0,0,0,0,0,5,2,3,0,59,3,0,6,2,1,1,0,2,0,2,461.1272,161.338,2.0,2.0,1.0,1.0,1,4,2,7,3,12,2.0,0.1724137931034483,0.3103448275862069,0.5172413793103449,0.16666666666666666,0.17391304347826086,0.5,0.3333333333333333,1.0,371.87833333333333,1115.635,0.2789734993972043,0.20666580019450806,461.1272,3.0,0.5,1.0,0.5,0.5,0.5,0,0,0,0,0,0,0,0,0,0,0.0,0.0
65778,1207,1201,2025-06-17,H2_30,half_2,30,D,False,5-2-3,1,90,False,5,1,5,1516.19,6.538,7.05,0,0,0,0,7,28,10838.08,6.75,9.07,0,0,0,0,0,5,2,3,0,74,4,0,10,2,0,0,0,3,1,2,0.0,0.0,2.0,1.0,0.0,1.0,1,4,2,10,4,14,2.0,0.14285714285714285,0.34285714285714286,0.5142857142857142,0.14285714285714285,0.14285714285714285,0.5714285714285714,0.0,0.0,252.69913333333332,758.0974,0.0,0.15666324670154522,0.0,3.0,0.5,0.0,0.0,0.5,0.0,0,0,0,0,0,0,0,0,0,0,0.0,0.0
65779,2136,1201,2025-06-17,H2_30,half_2,30,M,False,5-2-3,62,90,False,6,1,9,3600.93,6.552,7.19,0,0,0,0,1,9,3600.93,6.552,7.19,0,0,0,0,0,5,2,3,0,13,3,0,3,0,0,0,1,6,0,3,0.0,0.0,2.0,2.0,0.0,1.0,0,0,1,6,0,3,2.0,0.0,0.7,0.3,0.0,0.0,0.0,0.0,0.0,360.09252,1800.4625999999998,0.0,0.09041976212113488,0.0,5.0,0.5,0.0,0.0,0.5,0.0,0,0,0,0,0,0,0,0,0,0,0.0,0.0
65780,2038,1201,2025-06-17,H1_15,half_1,15,A,False,5-2-3,1,90,False,7,5,9,4116.02,6.752,8.14,0,0,0,0,5,9,4116.02,6.752,8.14,0,0,0,0,0,5,2,3,0,14,2,0,2,0,3,6,1,3,1,0,759.9616000000001,1842.2451999999996,2.0,2.0,1.0,2.0,3,6,1,3,1,0,2.0,0.6428571428571429,0.2857142857142857,0.07142857142857142,0.6,0.6666666666666666,0.2,0.6428571428571429,0.6,294.00114285714284,2058.008,0.6322149379399886,0.3872434898212252,253.32053333333337,7.0,2.5,4.5,1.0,1.0,0.5,0,0,0,0,0,0,0,0,0,0,0.0,0.0
65780,2038,1201,2025-06-17,H1_30,half_1,30,A,False,5-2-3,1,90,False,7,1,5,1134.86,6.32,7.13,0,0,0,0,6,14,5250.87,6.622,8.14,0,0,0,0,0,5,2,3,0,29,2,1,4,1,0,2,1,2,0,1,0.0,384.1568,2.0,2.0,0.0,1.0,3,8,2,5,1,1,2.0,0.55,0.35,0.1,0.5,0.5714285714285714,0.16666666666666666,0.3333333333333333,0.0,189.14313333333334,567.4294,0.33850625293648867,0.17320075413787162,0.0,3.0,0.5,1.0,1.0,0.5,0.0,0,0,0,0,0,0,0,0,0,0,0.0,0.0
65780,2038,1201,2025-06-17,H1_45,half_1,45,A,False,5-2-3,1,90,False,7,1,12,4305.16,6.41,7.24,1,1,1,1,7,26,9556.04,6.539,8.14,1,1,1,1,0,5,2,3,0,44,2,0,6,1,0,5,1,6,0,1,0.0,1751.3592,2.0,2.0,2.0,1.0,3,13,3,11,1,2,2.0,0.48484848484848486,0.42424242424242425,0.09090909090909091,0.42857142857142855,0.5,0.14285714285714285,0.38461538461538464,0.0,331.1664,2152.5816,0.4068043692280934,0.05594900560331836,0.0,6.5,0.5,2.5,1.0,0.5,1.0,1,0,0,0,1,1,0,0,0,1,1.0,1.0
65780,2038,1201,2025-06-17,H2_15,half_2,15,A,False,5-2-3,1,90,False,7,5,12,5893.57,6.925,8.51,1,0,0,1,12,38,15449.61,6.67,8.51,2,1,1,2,0,5,2,3,0,59,4,0,10,1,3,6,2,6,0,0,1114.69,1828.2188,2.0,2.0,2.0,2.0,6,19,5,17,1,2,2.0,0.5,0.44,0.06,0.5,0.5,0.08333333333333333,0.5294117647058824,0.6,346.6807529411765,2946.7864,0.49934206293337036,0.40275277502298773,371.56333333333333,8.5,2.5,4.5,1.0,1.0,1.0,1,0,0,0,0,2,0,0,0,1,0.0,0.5
65780,2038,1201,2025-06-17,H2_30,half_2,30,A,False,5-2-3,1,90,False,7,2,9,4093.89,6.591,7.57,0,0,0,0,14,47,19543.5,6.656,8.51,2,1,1,2,0,5,2,3,0,74,3,0,13,1,2,2,0,5,0,2,520.6288,997.6764000000001,2.0,2.0,1.0,2.0,8,21,5,22,1,4,2.0,0.47540983606557374,0.4426229508196721,0.08196721311475409,0.5714285714285714,0.44680851063829785,0.07142857142857142,0.36363636363636365,1.0,372.1721090909091,2046.9466,0.3708707398619973,0.12717205226555495,260.3144,5.5,1.0,2.0,1.0,1.0,0.5,0,0,0,0,0,2,0,0,0,1,0.0,0.5
65781,2139,1201,2025-06-17,H1_15,half_1,15,M,False,5-2-3,1,62,True,8,1,9,2130.13,6.304,7.11,0,0,0,0,1,9,2130.13,6.304,7.11,0,0,0,0,0,5,2,3,0,14,2,1,2,1,0,0,0,5,1,4,0.0,0.0,2.0,2.0,0.0,1.0,0,0,0,5,1,4,2.0,0.0,0.5,0.5,0.0,0.0,1.0,0.0,0.0,213.01331999999996,1065.0665999999999,0.0,0.0821785229205385,0.0,5.0,0.5,0.0,0.0,0.5,0.0,0,0,0,0,0,0,0,0,0,0,0.0,0.0
65781,2139,1201,2025-06-17,H1_30,half_1,30,M,False,5-2-3,1,62,True,8,0,7,2527.04,6.173,6.94,0,0,0,0,1,16,4657.17,6.25,7.11,0,0,0,0,0,5,2,3,0,29,0,0,2,1,0,2,0,1,0,4,0.0,348.07359999999994,2.0,2.0,0.0,0.0,0,2,0,6,1,8,2.0,0.11764705882352941,0.35294117647058826,0.5294117647058824,0.0,0.125,1.0,0.2857142857142857,0.0,361.00537142857144,1263.5188,0.13773977878287205,0.0,0.0,3.5,0.0,1.0,1.0,0.0,0.0,0,0,0,0,0,0,0,0,0,0,0.0,0.0
65781,2139,1201,2025-06-17,H1_45,half_1,45,M,False,5-2-3,1,62,True,8,1,6,1927.72,6.389,8.08,0,0,0,0,2,22,6584.9,6.29,8.08,0,0,0,0,0,5,2,3,0,44,2,0,4,1,0,0,1,5,0,1,0.0,0.0,2.0,2.0,0.0,1.0,0,2,1,11,1,9,2.0,0.08333333333333333,0.5,0.4166666666666667,0.0,0.09090909090909091,0.5,0.0,0.0,275.38925714285716,963.8624,0.0,0.24973315693194384,0.0,3.5,0.5,0.0,0.0,0.5,0.0,0,0,0,0,0,0,0,0,0,0,0.0,0.0
65781,2139,1201,2025-06-17,H2_15,half_2,15,M,False,5-2-3,1,62,True,8,0,6,2562.29,6.097,6.64,0,0,0,0,2,28,9147.18,6.252,8.08,0,0,0,0,0,5,2,3,0,59,5,0,9,1,0,2,0,2,0,2,0.0,534.8772,2.0,2.0,0.0,0.0,0,4,1,13,1,11,2.0,0.13333333333333333,0.4666666666666667,0.4,0.0,0.14285714285714285,0.5,0.3333333333333333,0.0,309.858,774.645,0.3452402068044072,0.0,0.0,3.0,0.0,1.0,1.0,0.0,0.0,0,0,0,0,0,0,0,0,0,0,0.0,0.0
65783,1909,1201,2025-06-17,H1_30,half_1,30,A,False,5-2-3,1,90,False,10,3,6,2954.77,7.18,9.46,0,0,0,0,3,9,3905.22,7.007,9.46,0,0,0,0,0,5,2,3,0,29,3,0,4,0,2,3,1,3,0,0,955.7292,849.4140000000001,2.0,2.0,2.0,2.0,2,4,1,4,0,1,2.0,0.5,0.4166666666666667,0.08333333333333333,0.6666666666666666,0.4444444444444444,0.0,0.5555555555555556,0.6666666666666666,328.30831111111115,1477.3874,0.6109241218653955,0.41802617241760687,477.8646,4.5,1.5,2.5,1.0,1.0,1.0,0,0,0,0,0,0,0,0,0,0,0.0,0.0
65783,1909,1201,2025-06-17,H1_45,half_1,45,A,False,5-2-3,1,90,False,10,1,6,2154.91,7.011,8.38,1,0,1,1,4,15,6060.13,7.008,9.46,1,0,1,1,0,5,2,3,0,44,2,0,6,0,1,2,0,4,0,0,302.79920000000004,356.9528,2.0,2.0,1.0,1.0,3,6,1,8,0,1,2.0,0.47368421052631576,0.47368421052631576,0.05263157894736842,0.75,0.4,0.0,0.42857142857142855,1.0,307.8438857142857,1077.4536,0.3061626041251336,0.14051612060138832,302.79920000000004,3.5,0.5,1.5,1.0,0.5,0.5,1,0,0,0,1,1,0,0,0,1,1.0,1.0
65783,1909,1201,2025-06-17,H2_15,half_2,15,A,False,5-2-3,1,90,False,10,2,13,3677.14,6.457,7.6,0,0,0,0,6,28,9737.27,6.765,9.46,1,0,1,1,0,5,2,3,0,59,3,0,9,0,1,6,1,7,0,0,359.1508,1528.2159999999997,2.0,2.0,2.0,2.0,4,12,2,15,0,1,2.0,0.47058823529411764,0.5,0.029411764705882353,0.6666666666666666,0.42857142857142855,0.0,0.4666666666666667,0.5,245.14285333333333,1838.5714,0.5132699225061371,0.1806045715711666,359.1508,7.5,1.0,3.5,1.0,1.0,1.0,0,0,0,0,0,1,0,0,0,1,0.0,1.0
65783,1909,1201,2025-06-17,H2_30,half_2,30,A,False,5-2-3,1,90,False,10,0,3,1749.58,6.323,6.94,0,0,0,0,6,31,11486.85,6.729,9.46,1,0,1,1,0,5,2,3,0,74,3,0,12,0,0,1,0,2,0,0,0.0,457.8396,2.0,1.0,0.0,0.0,4,13,2,17,0,1,2.0,0.4594594594594595,0.5135135135135135,0.02702702702702703,0.6666666666666666,0.41935483870967744,0.0,0.3333333333333333,0.0,350.3952,350.3952,0.6533188810805628,0.0,0.0,1.5,0.0,0.5,0.5,0.0,0.0,0,0,0,0,0,1,0,0,0,1,0.0,1.0
65785,455,1201,2025-06-17,H1_15,half_1,15,D,False,5-2-3,1,90,False,13,3,3,1563.43,7.203,8.0,0,0,0,0,3,3,1563.43,7.203,8.0,0,0,0,0,0,5,2,3,0,14,0,1,0,1,0,0,1,3,2,0,0.0,0.0,2.0,1.0,0.0,1.0,0,0,1,3,2,0,2.0,0.0,0.6666666666666666,0.3333333333333333,0.0,0.0,0.6666666666666666,0.0,0.0,260.5722,781.7166,0.0,0.6511109013164105,0.0,3.0,1.5,0.0,0.0,1.0,0.0,0,0,0,0,0,0,0,0,0,0,0.0,0.0
65785,455,1201,2025-06-17,H1_30,half_1,30,D,False,5-2-3,1,90,False,13,1,8,3619.11,6.73,7.31,0,0,0,0,4,11,5182.54,6.919,8.0,0,0,0,0,0,5,2,3,0,29,1,1,1,2,0,1,0,1,1,6,0.0,946.5972,2.0,2.0,0.0,1.0,0,1,1,4,3,6,2.0,0.06666666666666667,0.3333333333333333,0.6,0.0,0.09090909090909091,0.75,0.1111111111111111,0.0,402.1232444444444,1809.5546,0.26155530206162336,0.09465986823497893,0.0,4.5,0.5,0.5,0.5,0.5,0.0,0,0,0,0,0,0,0,0,0,0,0.0,0.0
65785,455,1201,2025-06-17,H1_45,half_1,45,D,False,5-2-3,1,90,False,13,2,8,2948.87,6.626,8.64,0,0,0,0,6,19,8131.41,6.802,8.64,0,0,0,0,0,5,2,3,0,44,2,0,3,2,0,1,1,4,1,3,0.0,145.7532,2.0,1.0,0.0,1.0,0,2,2,8,4,9,2.0,0.08,0.4,0.52,0.0,0.10526315789473684,0.6666666666666666,0.1,0.0,294.88671999999997,1474.4335999999998,0.049426844314996624,0.34993451044523133,0.0,5.0,1.0,0.5,0.5,0.5,0.0,0,0,0,0,0,0,0,0,0,0,0.0,0.0
65785,455,1201,2025-06-17,H2_15,half_2,15,D,False,5-2-3,1,90,False,13,3,13,5378.81,6.755,7.97,0,0,0,0,9,32,13510.22,6.784,8.64,0,0,0,0,0,5,2,3,0,59,1,1,4,3,2,6,0,3,1,4,721.8052,2145.9364,2.0,2.0,2.0,2.0,2,8,2,11,5,13,2.0,0.24390243902439024,0.3170731707317073,0.43902439024390244,0.2222222222222222,0.25,0.5555555555555556,0.5,0.6666666666666666,336.175775,2689.4062,0.5331551626526331,0.19422636863111273,360.9026,8.0,1.5,4.0,1.0,1.0,1.0,0,0,0,0,0,0,0,0,0,0,0.0,0.0
65785,455,1201,2025-06-17,H2_30,half_2,30,D,False,5-2-3,1,90,False,13,4,14,5839.67,6.694,7.71,0,0,0,0,13,46,19349.9,6.756,8.64,0,0,0,0,0,5,2,3,0,74,2,1,6,4,0,1,3,9,1,4,0.0,356.612,2.0,2.0,0.0,2.0,2,9,5,20,6,17,2.0,0.1864406779661017,0.423728813559322,0.3898305084745763,0.15384615384615385,0.1956521739130435,0.46153846153846156,0.05555555555555555,0.0,324.4263111111111,2919.8368,0.06106711169610576,0.24383698431364384,0.0,9.0,2.0,0.5,0.5,1.0,0.0,0,0,0,0,0,0,0,0,0,0,0.0,0.0
65786,973,1201,2025-06-17,H1_15,half_1,15,M,False,5-2-3,1,46,True,16,4,12,4158.17,6.896,9.36,0,0,0,0,4,12,4158.17,6.896,9.36,0,0,0,0,0,5,2,3,0,14,4,2,4,2,1,4,1,5,2,3,222.4516,982.5268000000001,2.0,2.0,1.0,2.0,1,4,1,5,2,3,2.0,0.3125,0.375,0.3125,0.25,0.3333333333333333,0.5,0.3125,0.25,259.885425,2079.0834,0.28978597010586493,0.28174415706459877,222.4516,8.0,2.0,2.5,1.0,1.0,0.5,0,0,0,0,0,0,0,0,0,0,0.0,0.0
65786,973,1201,2025-06-17,H1_30,half_1,30,M,False,5-2-3,1,46,True,16,0,12,5003.6,6.236,6.86,0,0,0,0,4,24,9161.76,6.613,9.36,0,0,0,0,0,5,2,3,0,29,5,2,9,4,0,1,0,4,0,7,0.0,0.0,2.0,2.0,0.0,0.0,1,5,1,9,2,10,2.0,0.21428571428571427,0.35714285714285715,0.42857142857142855,0.25,0.20833333333333334,0.5,0.08333333333333333,0.0,356.4615636363637,1960.5386,0.0,0.0,0.0,6.0,0.0,0.5,0.5,0.0,0.0,0,0,0,0,0,0,0,0,0,0,0.0,0.0
65786,973,1201,2025-06-17,H1_45,half_1,45,M,False,5-2-3,1,46,True,16,3,6,2375.97,7.068,8.53,0,0,0,0,7,30,11537.73,6.724,9.36,0,0,0,0,0,5,2,3,0,44,4,1,13,5,1,1,1,5,1,0,206.5528,137.204,2.0,1.0,1.0,1.0,2,6,2,14,3,10,2.0,0.21621621621621623,0.43243243243243246,0.35135135135135137,0.2857142857142857,0.2,0.42857142857142855,0.2222222222222222,0.3333333333333333,263.9964444444444,1187.984,0.14468073644089482,0.5796017454780535,206.5528,4.5,1.5,1.0,0.5,0.5,0.5,0,0,0,0,0,0,0,0,0,0,0.0,0.0
65787,400,1201,2025-06-17,H1_15,half_1,15,A,False,5-2-3,1,79,True,17,3,9,3744.12,6.62,8.26,0,0,0,0,3,9,3744.12,6.62,8.26,0,0,0,0,0,5,2,3,0,14,0,0,0,0,1,3,1,2,1,4,291.0656,1300.5324,2.0,2.0,1.0,2.0,1,3,1,2,1,4,2.0,0.3333333333333333,0.25,0.4166666666666667,0.3333333333333333,0.3333333333333333,0.3333333333333333,0.3333333333333333,0.3333333333333333,312.01033333333334,1872.062,0.42509222450965833,0.27754251728842316,291.0656,6.0,1.5,2.0,0.5,1.0,0.5,0,0,0,0,0,0,0,0,0,0,0.0,0.0
65787,400,1201,2025-06-17,H1_30,half_1,30,A,False,5-2-3,1,79,True,17,1,9,2995.96,6.482,7.12,0,0,0,0,4,18,6740.08,6.557,8.26,0,0,0,0,0,5,2,3,0,29,1,0,1,0,0,4,0,2,1,3,0.0,1228.9332,2.0,2.0,2.0,1.0,1,7,1,4,2,7,2.0,0.36363636363636365,0.22727272727272727,0.4090909090909091,0.25,0.3888888888888889,0.5,0.4,0.0,299.59584,1497.9792,0.4101970174218707,0.05380301675750905,0.0,5.0,0.5,2.0,1.0,0.5,1.0,0,0,0,0,0,0,0,0,0,0,0.0,0.0
65787,400,1201,2025-06-17,H1_45,half_1,45,A,False,5-2-3,1,79,True,17,3,6,2698.48,7.096,8.87,0,0,0,0,7,24,9438.56,6.714,8.87,0,0,0,0,0,5,2,3,0,44,0,0,1,0,1,1,2,3,0,2,228.2464,201.7988,2.0,2.0,1.0,1.0,2,8,3,7,2,9,2.0,0.3225806451612903,0.3225806451612903,0.3548387096774194,0.2857142857142857,0.3333333333333333,0.2857142857142857,0.2222222222222222,0.3333333333333333,299.8313333333333,1349.241,0.15936559888114873,0.447767596745133,228.2464,4.5,1.5,1.0,0.5,0.5,0.5,0,0,0,0,0,0,0,0,0,0,0.0,0.0
65787,400,1201,2025-06-17,H2_15,half_2,15,A,False,5-2-3,1,79,True,17,5,6,3705.98,7.229,9.07,1,0,1,1,12,30,13144.54,6.849,9.07,1,0,1,1,0,5,2,3,0,59,4,0,5,0,4,3,1,3,0,0,1842.5616,743.3232,2.0,2.0,2.0,2.0,6,11,4,10,2,9,2.0,0.40476190476190477,0.3333333333333333,0.2619047619047619,0.5,0.36666666666666664,0.16666666666666666,0.6363636363636364,0.8,336.90687272727274,1852.9878,0.6977608811024011,0.5644392262053749,460.6404,5.5,2.5,3.5,1.0,1.0,1.0,1,0,0,0,1,1,0,0,0,1,1.0,1.0
65787,400,1201,2025-06-17,H2_30,half_2,30,A,False,5-2-3,1,79,True,17,1,11,4152.08,6.401,7.14,2,1,1,2,13,41,17296.62,6.749,9.07,3,1,2,3,0,5,2,3,0,74,2,0,7,0,0,5,0,5,1,1,0.0,2389.0016,2.0,2.0,1.0,1.0,6,16,4,15,3,10,2.0,0.4074074074074074,0.35185185185185186,0.24074074074074073,0.46153846153846156,0.3902439024390244,0.23076923076923078,0.4166666666666667,0.0,346.00696666666664,2076.0418,0.57537415672459,0.050756588812421795,0.0,6.0,0.5,2.5,1.0,0.5,0.5,2,0,0,1,1,3,0,0,1,2,0.5,0.6666666666666666
65788,3361,1201,2025-06-17,H1_15,half_1,15,D,False,5-2-3,1,87,True,18,1,7,2020.88,6.895,7.78,0,0,0,0,1,7,2020.88,6.895,7.78,0,0,0,0,0,5,2,3,0,14,3,2,3,2,0,0,0,2,1,5,0.0,0.0,2.0,2.0,0.0,1.0,0,0,0,2,1,5,2.0,0.0,0.25,0.75,0.0,0.0,1.0,0.0,0.0,252.6103,1010.4412,0.0,0.14928429284158246,0.0,4.0,0.5,0.0,0.0,0.5,0.0,0,0,0,0,0,0,0,0,0,0,0.0,0.0
65788,3361,1201,2025-06-17,H1_30,half_1,30,D,False,5-2-3,1,87,True,18,2,8,3481.69,6.905,8.49,0,0,0,0,3,15,5502.57,6.901,8.49,0,0,0,0,0,5,2,3,0,29,0,0,3,2,1,1,1,3,0,4,730.6176,176.6352,2.0,2.0,1.0,1.0,1,1,1,5,1,9,2.0,0.1111111111111111,0.3333333333333333,0.5555555555555556,0.3333333333333333,0.06666666666666667,0.3333333333333333,0.2,0.5,348.16864,1740.8432,0.26057855181902656,0.27542871178748324,730.6176,5.0,1.0,1.0,0.5,0.5,0.5,0,0,0,0,0,0,0,0,0,0,0.0,0.0
65788,3361,1201,2025-06-17,H1_45,half_1,45,D,False,5-2-3,1,87,True,18,1,9,4061.19,6.53,7.16,0,0,0,0,4,24,9563.76,6.768,8.49,0,0,0,0,0,5,2,3,0,44,1,0,4,2,0,1,1,6,0,2,0.0,217.7152,2.0,2.0,0.0,1.0,1,2,2,11,1,11,2.0,0.10714285714285714,0.4642857142857143,0.42857142857142855,0.25,0.08333333333333333,0.25,0.1,0.0,330.65715555555556,1487.9572,0.07315909355457267,0.06614773596982493,0.0,5.0,0.5,0.5,0.5,0.5,0.0,0,0,0,0,0,0,0,0,0,0,0.0,0.0
65788,3361,1201,2025-06-17,H2_15,half_2,15,D,False,5-2-3,1,87,True,18,5,13,5950.69,6.974,9.1,0,0,0,0,9,37,15514.44,6.849,9.1,0,0,0,0,0,5,2,3,0,59,4,0,8,2,3,5,2,5,0,3,1347.4672,1608.1224,2.0,2.0,1.0,2.0,4,7,4,16,1,14,2.0,0.2391304347826087,0.43478260869565216,0.32608695652173914,0.4444444444444444,0.1891891891891892,0.1111111111111111,0.4444444444444444,0.6,330.5936444444444,2975.3428,0.49668051694749255,0.3722615760442797,449.15573333333333,9.0,2.5,4.0,1.0,1.0,0.5,0,0,0,0,0,0,0,0,0,0,0.0,0.0
65788,3361,1201,2025-06-17,H2_30,half_2,30,D,False,5-2-3,1,87,True,18,5,12,4491.31,7.069,10.36,0,0,0,0,14,49,20005.75,6.908,10.36,0,0,0,0,0,5,2,3,0,74,3,0,11,2,1,6,3,5,1,1,146.4636,1691.0616,2.0,2.0,2.0,2.0,5,13,7,21,2,15,2.0,0.2857142857142857,0.4444444444444444,0.2698412698412698,0.35714285714285715,0.2653061224489796,0.14285714285714285,0.4117647058823529,0.2,267.5081,2140.0648,0.42931531792869077,0.28371075492667325,146.4636,8.5,2.5,3.5,1.0,1.0,1.0,0,0,0,0,0,0,0,0,0,0,0.0,0.0
65789,947,1201,2025-06-17,H2_15,half_2,15,M,False,5-2-3,46,90,False,19,0,8,3363.61,6.295,7.0,0,0,0,0,0,8,3363.61,6.295,7.0,0,0,0,0,0,5,2,3,0,14,2,1,2,1,0,4,0,3,0,1,0.0,1771.4268,2.0,2.0,2.0,0.0,0,4,0,3,0,1,2.0,0.5,0.375,0.125,0.0,0.5,0.0,0.5,0.0,420.45065,1681.8026,0.5266452792973444,0.0,0.0,4.0,0.0,2.0,1.0,0.0,1.0,0,0,0,0,0,0,0,0,0,0,0.0,0.0
65789,947,1201,2025-06-17,H2_30,half_2,30,M,False,5-2-3,46,90,False,19,2,8,5642.49,6.87,7.92,0,0,0,0,2,16,9006.1,6.614,7.92,0,0,0,0,0,5,2,3,0,29,0,0,2,1,0,1,1,6,1,1,0.0,0.0,2.0,2.0,0.0,1.0,0,5,1,9,1,2,2.0,0.2777777777777778,0.5555555555555556,0.16666666666666666,0.0,0.3125,0.5,0.1,0.0,443.66049999999996,1774.6419999999998,0.0,0.32708760414776616,0.0,5.0,1.0,0.5,0.5,0.5,0.0,0,0,0,0,0,0,0,0,0,0,0.0,0.0
