checkpoint,position,is_home,formation,cumul_sprints,cumul_shots,cumul_shots_on_target,cumul_shots_under_press,cumul_shots_top_third,scored_after,formation_defenders,formation_midfielders,formation_attackers,formation_striker,cumul_in_game_time,top_sprint_distance,top_hsr_distance,possessions_with_2plus_runs,possessions_with_2plus_top_runs,possessions_with_sprint_and_hsr,cumul_top_sprint_count,cumul_top_hsr_count,cumul_middle_sprint_count,cumul_middle_hsr_count,cumul_bottom_sprint_count,cumul_bottom_hsr_count,cumul_unique_run_possessions,cumul_top_run_share,cumul_middle_run_share,cumul_bottom_run_share,cumul_top_sprint_share,cumul_top_hsr_share,cumul_bottom_sprint_share,distance_per_run,distance_per_possession,top_distance_share,sprint_distance_share,avg_top_sprint_distance,runs_per_possession,sprints_per_possession,top_runs_per_possession,share_of_possessions_with_top_run,share_of_possessions_with_sprint,top_run_repeat_possession_rate
H1_15,G,True,4-1-4-1,0,0,0,0,0,0,4,1,4,1,14,0.0,0.0,0.0,0.0,0.0,0,0,0,0,0,0,0.0,0.0,0.0,0.0,0.0,0.0,0.0,0.0,0.0,0.0,0.0,0.0,0.0,0.0,0.0,0.0,0.0,0.0
H1_30,G,True,4-1-4-1,0,0,0,0,0,0,4,1,4,1,29,0.0,0.0,0.0,0.0,0.0,0,0,0,0,0,0,0.0,0.0,0.0,0.0,0.0,0.0,0.0,0.0,0.0,0.0,0.0,0.0,0.0,0.0,0.0,0.0,0.0,0.0
H1_45,G,True,4-1-4-1,1,0,0,0,0,0,4,1,4,1,44,0.0,0.0,1.0,0.0,1.0,0,0,1,0,0,1,1.0,0.0,0.5,0.5,0.0,0.0,0.0,9.525545999999999,19.051091999999997,0.0,0.6789500570361007,0.0,2.0,1.0,0.0,0.0,1.0,0.0
H2_15,G,True,4-1-4-1,1,0,0,0,0,0,4,1,4,1,59,0.0,0.0,0.0,0.0,0.0,0,0,1,0,0,1,1.0,0.0,0.0,0.0,0.0,0.0,0.0,0.0,0.0,0.0,0.0,0.0,0.0,0.0,0.0,0.0,0.0,0.0
H2_30,G,True,4-1-4-1,1,0,0,0,0,0,4,1,4,1,74,0.0,0.0,0.0,0.0,0.0,0,0,1,0,0,1,1.0,0.0,0.0,0.0,0.0,0.0,0.0,0.0,0.0,0.0,0.0,0.0,0.0,0.0,0.0,0.0,0.0,0.0
H1_15,D,True,4-1-4-1,2,0,0,0,0,0,4,1,4,1,14,0.0,0.0,1.0,0.0,1.0,0,0,0,0,2,5,1.0,0.0,0.0,1.0,0.0,0.0,1.0,9.735180701631478,68.14626491142035,0.0,0.2430815847427236,0.0,7.0,2.0,0.0,0.0,1.0,0.0
H1_30,D,True,4-1-4-1,2,0,0,0,0,0,4,1,4,1,29,0.0,0.0,1.0,0.0,0.0,0,0,0,1,2,7,1.0,0.0,0.1,0.9,0.0,0.0,1.0,12.926770163854242,38.78031049156272,0.0,0.0,0.0,3.0,0.0,0.0,0.0,0.0,0.0
H1_45,D,True,4-1-4-1,4,0,0,0,0,0,4,1,4,1,44,0.0,6.907799999999998,1.0,0.0,1.0,0,1,0,2,4,9,1.0,0.0625,0.125,0.8125,0.0,0.08333333333333333,1.0,10.96132728263978,65.76796369583869,0.10503290069838475,0.3670483147347717,0.0,6.0,2.0,1.0,1.0,1.0,0.0
H2_15,D,True,4-1-4-1,4,0,0,0,0,0,4,1,4,1,59,0.0,0.0,1.0,0.0,0.0,0,1,0,5,4,11,2.0,0.047619047619047616,0.23809523809523808,0.7142857142857143,0.0,0.058823529411764705,1.0,21.46915828179761,53.672895704494024,0.0,0.0,0.0,2.5,0.0,0.0,0.0,0.0,0.0
H2_30,D,True,4-1-4-1,4,0,0,0,0,0,4,1,4,1,74,0.0,0.0,1.0,0.0,0.0,0,1,0,5,4,15,2.0,0.04,0.2,0.76,0.0,0.047619047619047616,1.0,8.407989860850531,33.631959443402124,0.0,0.0,0.0,4.0,0.0,0.0,0.0,0.0,0.0
H1_15,D,True,4-1-4-1,2,0,0,0,0,0,4,1,4,1,14,0.0,0.0,1.0,0.0,1.0,0,0,0,0,2,4,1.0,0.0,0.0,1.0,0.0,0.0,1.0,11.4142386305508,68.4854317833048,0.0,0.4211523765837391,0.0,6.0,2.0,0.0,0.0,1.0,0.0
H1_30,D,True,4-1-4-1,2,0,0,0,0,0,4,1,4,1,29,0.0,34.32484271749756,2.0,1.0,0.0,0,3,0,2,2,5,2.0,0.25,0.16666666666666666,0.5833333333333334,0.0,0.3,1.0,11.112935351853409,33.33880605556023,0.5147881219905427,0.0,0.0,3.0,0.0,1.5,1.0,0.0,0.5
H1_45,D,True,4-1-4-1,4,0,0,0,0,0,4,1,4,1,44,0.0,0.0,1.0,0.0,1.0,0,3,0,3,4,8,2.0,0.16666666666666666,0.16666666666666666,0.6666666666666666,0.0,0.21428571428571427,1.0,17.429073234650133,52.2872197039504,0.0,0.2894718784079844,0.0,3.0,1.0,0.0,0.0,1.0,0.0
H2_15,D,True,4-1-4-1,4,0,0,0,0,0,4,1,4,1,59,0.0,17.204985507246377,1.0,0.0,0.0,0,4,0,3,4,9,2.0,0.2,0.15,0.65,0.0,0.25,1.0,16.098189305347326,32.19637861069465,0.5343764190153798,0.0,0.0,2.0,0.0,1.0,1.0,0.0,0.0
H2_30,D,True,4-1-4-1,4,0,0,0,0,0,4,1,4,1,74,0.0,0.0,0.0,0.0,0.0,0,4,0,4,4,10,2.0,0.18181818181818182,0.18181818181818182,0.6363636363636364,0.0,0.2222222222222222,1.0,8.947481739130435,8.947481739130435,0.0,0.0,0.0,1.0,0.0,0.0,0.0,0.0,0.0
H1_15,D,True,4-1-4-1,1,0,0,0,0,0,4,1,4,1,14,0.0,0.0,2.0,0.0,1.0,0,0,0,4,1,1,2.0,0.0,0.6666666666666666,0.3333333333333333,0.0,0.0,1.0,13.392969181181021,40.17890754354306,0.0,0.31578317711035103,0.0,3.0,0.5,0.0,0.0,0.5,0.0
H1_30,D,True,4-1-4-1,1,0,0,0,0,0,4,1,4,1,29,0.0,0.0,1.0,0.0,0.0,0,0,0,7,1,3,2.0,0.0,0.6363636363636364,0.36363636363636365,0.0,0.0,1.0,14.092318376220968,35.23079594055242,0.0,0.0,0.0,2.5,0.0,0.0,0.0,0.0,0.0
H1_45,D,True,4-1-4-1,2,0,0,0,0,0,4,1,4,1,44,20.334688524590163,33.214375939849624,2.0,1.0,1.0,1,1,0,8,1,5,2.0,0.125,0.5,0.375,0.5,0.07142857142857142,0.5,16.8403518346869,42.10087958671725,0.6359613503340489,0.24149956870504102,20.334688524590163,2.5,0.5,1.0,0.5,0.5,0.5
H2_15,D,True,4-1-4-1,5,0,0,0,0,0,4,1,4,1,59,0.0,23.63265046728972,2.0,0.0,1.0,1,2,0,10,4,5,2.0,0.13636363636363635,0.45454545454545453,0.4090909090909091,0.2,0.11764705882352941,0.8,14.774186318310411,44.32255895493123,0.26659844359753965,0.45558343449903743,0.0,3.0,1.5,0.5,0.5,0.5,0.0
H2_30,D,True,4-1-4-1,6,0,0,0,0,0,4,1,4,1,74,0.0,0.0,1.0,0.0,1.0,1,2,0,12,5,8,2.0,0.10714285714285714,0.42857142857142855,0.4642857142857143,0.16666666666666666,0.09090909090909091,0.8333333333333334,7.588224862335732,45.52934917401439,0.0,0.2444642332434215,0.0,6.0,1.0,0.0,0.0,1.0,0.0
H1_15,A,True,4-1-4-1,4,0,0,0,0,0,4,1,4,1,14,28.38769294117647,6.661671428571428,2.0,1.0,2.0,2,1,2,13,0,1,2.0,0.15789473684210525,0.7894736842105263,0.05263157894736842,0.5,0.06666666666666667,0.0,9.647280369012455,91.64916350561832,0.19121486235714136,0.25085854892880205,14.193846470588236,9.5,2.0,1.5,1.0,1.0,0.5
H1_30,A,True,4-1-4-1,7,0,0,0,0,0,4,1,4,1,29,33.88230453653654,41.1638878952316,2.0,2.0,2.0,5,5,2,15,0,1,2.0,0.35714285714285715,0.6071428571428571,0.03571428571428571,0.7142857142857143,0.23809523809523808,0.0,10.544959641739949,47.45231838782977,0.7907536974106564,0.35701421645634945,11.294101512178846,4.5,1.5,3.5,1.0,1.0,1.0
H1_45,A,True,4-1-4-1,8,0,0,0,0,0,4,1,4,1,44,9.67598823529412,69.40154329957467,2.0,2.0,1.0,6,9,2,17,0,1,2.0,0.42857142857142855,0.5428571428571428,0.02857142857142857,0.75,0.3333333333333333,0.0,15.134570071695748,52.97099525093512,0.7464229354221243,0.09133289066456898,9.67598823529412,3.5,0.5,2.5,1.0,0.5,1.0
H2_15,A,True,4-1-4-1,10,0,0,0,0,0,4,1,4,1,59,23.20980779220779,41.71579565976539,2.0,2.0,1.0,7,15,3,20,0,2,2.0,0.46808510638297873,0.48936170212765956,0.0425531914893617,0.7,0.40540540540540543,0.0,11.164817823709795,66.98890694225877,0.48459966295565887,0.335871440211053,23.20980779220779,6.0,1.0,3.5,1.0,0.5,1.0
H2_30,A,True,4-1-4-1,12,0,0,0,0,0,4,1,4,1,74,27.242822471910113,8.528365714285714,2.0,1.0,1.0,8,16,4,23,0,5,2.0,0.42857142857142855,0.48214285714285715,0.08928571428571429,0.6666666666666666,0.36363636363636365,0.0,15.554567972487067,69.9955558761918,0.25552470966491025,0.3256623816660023,27.242822471910113,4.5,1.0,1.0,0.5,0.5,0.5
H1_15,M,True,4-1-4-1,4,0,0,0,0,1,4,1,4,1,14,0.0,24.503070465170637,2.0,1.0,2.0,0,3,3,3,1,3,2.0,0.23076923076923078,0.46153846153846156,0.3076923076923077,0.0,0.3333333333333333,0.25,10.649417864042809,69.22121611627826,0.17699104291963189,0.45995073600487707,0.0,6.5,2.0,1.5,1.0,1.0,0.5
H1_30,M,True,4-1-4-1,5,0,0,0,0,1,4,1,4,1,29,15.345490196078432,22.181185548071035,2.0,1.0,1.0,1,5,3,7,1,3,2.0,0.3,0.5,0.2,0.2,0.3333333333333333,0.2,10.724808369553491,37.53682929343722,0.49986475217168214,0.2044057860630409,15.345490196078432,3.5,0.5,1.5,1.0,0.5,0.5
H1_45,M,True,4-1-4-1,6,1,1,1,1,1,4,1,4,1,44,5.965909090909093,71.89821422405682,2.0,2.0,1.0,2,9,3,10,1,4,2.0,0.3793103448275862,0.4482758620689655,0.1724137931034483,0.3333333333333333,0.391304347826087,0.16666666666666666,13.749872299558096,61.87442534801143,0.629210880561886,0.04820981413042594,5.965909090909093,4.5,0.5,2.5,1.0,0.5,1.0
H2_15,M,True,4-1-4-1,11,2,2,1,2,0,4,1,4,1,59,82.93199740679216,62.05220493859083,2.0,2.0,2.0,5,14,5,14,1,4,2.0,0.4418604651162791,0.4418604651162791,0.11627906976744186,0.45454545454545453,0.4375,0.09090909090909091,17.02788107996809,119.19516755977664,0.608179867160609,0.5005376914386623,27.643999135597387,7.0,2.5,4.0,1.0,1.0,1.0
H2_30,M,True,4-1-4-1,12,2,2,1,2,0,4,1,4,1,74,6.6512166666666666,52.35893927727834,2.0,2.0,1.0,6,18,5,15,1,5,2.0,0.48,0.4,0.12,0.5,0.47368421052631576,0.08333333333333333,12.670117966252118,44.34541288188241,0.6653467868381712,0.07499328830676039,6.6512166666666666,3.5,0.5,2.5,1.0,0.5,1.0
H1_15,M,True,4-1-4-1,0,0,0,0,0,0,4,1,4,1,14,0.0,25.192167619047613,1.0,0.0,0.0,0,1,0,2,0,5,1.0,0.125,0.25,0.625,0.0,0.125,0.0,19.176291670139115,153.41033336111292,0.16421428118370432,0.0,0.0,8.0,0.0,1.0,1.0,0.0,0.0
H1_30,M,True,4-1-4-1,2,0,0,0,0,0,4,1,4,1,29,10.282222222222224,47.9544577994228,1.0,1.0,1.0,1,5,0,5,1,7,2.0,0.3157894736842105,0.2631578947368421,0.42105263157894735,0.5,0.29411764705882354,0.5,11.625747454761587,63.941611001188726,0.4553895273342609,0.17076309210396803,10.282222222222224,5.5,1.0,2.5,0.5,0.5,0.5
H1_45,M,True,4-1-4-1,3,0,0,0,0,0,4,1,4,1,44,23.653255555555557,9.41928,1.0,1.0,1.0,2,6,0,7,1,8,2.0,0.3333333333333333,0.2916666666666667,0.375,0.6666666666666666,0.2857142857142857,0.3333333333333333,13.151987492353964,32.87996873088491,0.5029283304106333,0.3596909679135052,23.653255555555557,2.5,0.5,1.0,0.5,0.5,0.5
H2_15,M,True,4-1-4-1,4,0,0,0,0,0,4,1,4,1,59,15.536030188679243,20.987410136452244,1.0,1.0,1.0,3,8,0,11,1,12,2.0,0.3142857142857143,0.3142857142857143,0.37142857142857144,0.75,0.25806451612903225,0.25,11.43006890032822,62.865378951805205,0.29048930376393367,0.12356586763431193,15.536030188679243,5.5,0.5,1.5,1.0,0.5,0.5
H2_30,M,True,4-1-4-1,4,0,0,0,0,0,4,1,4,1,74,0.0,5.640384615384614,1.0,0.0,0.0,3,9,0,14,1,13,2.0,0.3,0.35,0.35,0.75,0.25,0.25,13.440888434426984,33.60222108606746,0.08392874686672566,0.0,0.0,2.5,0.0,0.5,0.5,0.0,0.0
H1_15,M,True,4-1-4-1,4,0,0,0,0,0,4,1,4,1,14,0.0,11.932995918367348,2.0,0.0,2.0,0,1,4,4,0,5,2.0,0.07142857142857142,0.5714285714285714,0.35714285714285715,0.0,0.1,0.0,17.81923710141193,124.7346597098835,0.047833520956091655,0.4194383387214636,0.0,7.0,2.0,0.5,0.5,1.0,0.0
H1_30,M,True,4-1-4-1,9,0,0,0,0,0,4,1,4,1,29,33.64033723723723,14.967062745098037,2.0,2.0,2.0,3,3,6,9,0,8,2.0,0.20689655172413793,0.5172413793103449,0.27586206896551724,0.3333333333333333,0.15,0.0,9.442993728246396,70.82245296184797,0.343163770453701,0.3553861994861304,11.213445745745744,7.5,2.5,2.5,1.0,1.0,1.0
H1_45,M,True,4-1-4-1,12,0,0,0,0,0,4,1,4,1,44,31.5471829787234,16.825011184210524,2.0,1.0,2.0,4,5,8,16,0,9,2.0,0.21428571428571427,0.5714285714285714,0.21428571428571427,0.3333333333333333,0.16666666666666666,0.0,10.78997967385352,70.13486788004788,0.34485125320022847,0.4112993613690731,31.5471829787234,6.5,1.5,1.5,1.0,1.0,0.5
H2_15,M,True,4-1-4-1,16,0,0,0,0,0,4,1,4,1,59,0.0,43.1836985650996,2.0,2.0,2.0,4,9,12,20,0,10,2.0,0.23636363636363636,0.5818181818181818,0.18181818181818182,0.25,0.23076923076923078,0.0,15.085198883776608,98.05379274454795,0.22020412141324705,0.5373123326321186,0.0,6.5,2.0,2.0,1.0,1.0,1.0
H2_30,M,True,4-1-4-1,19,0,0,0,0,0,4,1,4,1,74,0.0,19.57237075471698,1.0,1.0,1.0,4,11,15,23,0,13,2.0,0.22727272727272727,0.5757575757575758,0.19696969696969696,0.21052631578947367,0.23404255319148937,0.0,10.749721123138015,59.123466177259075,0.16552117137412684,0.4144913587108286,0.0,5.5,1.5,1.0,0.5,0.5,0.5
H1_15,M,True,4-1-4-1,2,0,0,0,0,0,4,1,4,1,14,0.0,20.76565769230769,2.0,0.0,2.0,0,2,1,5,1,3,2.0,0.16666666666666666,0.5,0.3333333333333333,0.0,0.2,0.5,13.28754821415224,79.72528928491344,0.13023256408702183,0.2538478731588737,0.0,6.0,1.0,1.0,1.0,1.0,0.0
H1_30,M,True,4-1-4-1,3,2,1,2,2,0,4,1,4,1,29,22.02164571428571,30.4042905664488,2.0,2.0,1.0,1,5,1,5,1,6,2.0,0.3157894736842105,0.3157894736842105,0.3684210526315789,0.3333333333333333,0.3125,0.3333333333333333,13.82857343071432,48.40000700750012,0.5415901724209515,0.22749630708600116,22.02164571428571,3.5,0.5,2.0,1.0,0.5,1.0
H1_45,M,True,4-1-4-1,3,2,1,2,2,0,4,1,4,1,44,0.0,35.002435021952046,2.0,2.0,0.0,1,9,1,9,1,7,2.0,0.35714285714285715,0.35714285714285715,0.2857142857142857,0.3333333333333333,0.36,0.3333333333333333,13.405504240056425,60.324769080253915,0.29011661010575984,0.0,0.0,4.5,0.0,2.0,1.0,0.0,1.0
H2_15,M,True,4-1-4-1,4,2,1,2,2,0,4,1,4,1,59,25.128166233766233,42.25211338627339,2.0,2.0,1.0,2,13,1,16,1,7,2.0,0.375,0.425,0.2,0.5,0.3611111111111111,0.25,12.953414440265766,77.72048664159459,0.43347824062631984,0.1616572883134657,25.128166233766233,6.0,0.5,2.5,1.0,0.5,1.0
H2_30,M,True,4-1-4-1,6,3,1,3,3,0,4,1,4,1,74,0.0,16.061046153846153,1.0,0.0,1.0,2,14,3,19,1,9,2.0,0.3333333333333333,0.4583333333333333,0.20833333333333334,0.3333333333333333,0.3333333333333333,0.16666666666666666,13.773550300325478,55.094201201301914,0.14575986041763883,0.4413081374006915,0.0,4.0,1.0,0.5,0.5,0.5,0.0
H1_15,D,True,4-1-4-1,2,0,0,0,0,1,4,1,4,1,14,13.622166666666669,5.316436363636363,2.0,0.0,2.0,1,1,0,2,1,6,2.0,0.18181818181818182,0.18181818181818182,0.6363636363636364,0.5,0.1111111111111111,0.5,9.41878098101071,51.803295395558905,0.18279341966270585,0.23296351488118633,13.622166666666669,5.5,1.0,1.0,1.0,1.0,0.0
H1_30,D,True,4-1-4-1,3,1,1,0,1,1,4,1,4,1,29,22.37131111111111,18.388329192546582,2.0,1.0,1.0,2,4,0,5,1,9,2.0,0.2857142857142857,0.23809523809523808,0.47619047619047616,0.6666666666666666,0.2222222222222222,0.3333333333333333,13.21991645230552,66.0995822615276,0.3083199538416849,0.16922430025803686,22.37131111111111,5.0,0.5,2.0,0.5,0.5,0.5
H1_45,D,True,4-1-4-1,6,1,1,0,1,1,4,1,4,1,44,25.694355,11.311151020408165,2.0,1.0,2.0,3,5,0,8,3,9,2.0,0.2857142857142857,0.2857142857142857,0.42857142857142855,0.5,0.22727272727272727,0.5,15.658980875845554,54.80643306545944,0.33760184663185167,0.7002577432828733,25.694355,3.5,1.5,1.0,0.5,1.0,0.5
H2_15,D,True,4-1-4-1,7,2,2,1,2,0,4,1,4,1,59,17.285966101694918,23.5951982464847,2.0,1.0,1.0,4,8,0,11,3,11,2.0,0.32432432432432434,0.2972972972972973,0.3783783783783784,0.5714285714285714,0.26666666666666666,0.42857142857142855,9.938640398809378,44.7238817946422,0.4570395357886518,0.19325207705657751,17.285966101694918,4.5,0.5,2.0,0.5,0.5,0.5
H2_30,D,True,4-1-4-1,7,2,2,1,2,0,4,1,4,1,74,0.0,16.13399411764706,2.0,0.0,0.0,4,9,0,14,3,13,2.0,0.3023255813953488,0.32558139534883723,0.37209302325581395,0.5714285714285714,0.25,0.42857142857142855,15.260182125745139,45.78054637723542,0.17621015250344152,0.0,0.0,3.0,0.0,0.5,0.5,0.0,0.0
H1_15,M,True,4-1-4-1,1,0,0,0,0,0,4,1,4,1,14,0.0,28.784693850746265,2.0,1.0,1.0,0,2,1,2,0,4,2.0,0.2222222222222222,0.3333333333333333,0.4444444444444444,0.0,0.25,0.0,13.745099469818017,61.852947614181076,0.2326865166579933,0.19135809397462736,0.0,4.5,0.5,1.0,0.5,0.5,0.5
H1_30,M,True,4-1-4-1,1,0,0,0,0,0,4,1,4,1,29,0.0,21.182661694915254,1.0,1.0,0.0,0,4,1,4,0,5,2.0,0.2857142857142857,0.35714285714285715,0.35714285714285715,0.0,0.3076923076923077,0.0,13.439877205928084,33.59969301482021,0.315221059989625,0.0,0.0,2.5,0.0,1.0,0.5,0.0,0.5
H1_45,M,True,4-1-4-1,2,1,1,1,1,0,4,1,4,1,44,0.0,53.56085972027972,2.0,1.0,1.0,0,7,2,6,0,6,2.0,0.3333333333333333,0.38095238095238093,0.2857142857142857,0.0,0.3684210526315789,0.0,15.062531975628804,52.71886191470082,0.5079857357973818,0.19481285049975583,0.0,3.5,0.5,1.5,1.0,0.5,0.5
H2_15,M,True,4-1-4-1,3,1,1,1,1,0,4,1,4,1,59,0.0,39.29387575757576,1.0,1.0,1.0,0,9,3,7,0,7,2.0,0.34615384615384615,0.38461538461538464,0.2692307692307692,0.0,0.391304347826087,0.0,19.504002421080372,48.76000605270093,0.40293140771051217,0.4797090462769608,0.0,2.5,0.5,1.0,0.5,0.5,0.5
H2_30,M,True,4-1-4-1,4,1,1,1,1,0,4,1,4,1,74,0.0,14.89907333333333,1.0,0.0,1.0,0,10,3,8,1,9,2.0,0.3225806451612903,0.3548387096774194,0.3225806451612903,0.0,0.37037037037037035,0.25,14.074182646040233,70.37091323020117,0.21172204039181172,0.13463650935797264,0.0,5.0,1.0,1.0,1.0,1.0,0.0
H1_30,G,False,4-1-4-1,0,0,0,0,0,0,4,1,4,1,29,0.0,0.0,0.0,0.0,0.0,0,0,0,1,0,1,2.0,0.0,0.5,0.5,0.0,0.0,0.0,11.41317391304348,11.41317391304348,0.0,0.0,0.0,1.0,0.0,0.0,0.0,0.0,0.0
H1_45,G,False,4-1-4-1,0,0,0,0,0,0,4,1,4,1,44,0.0,0.0,0.0,0.0,0.0,0,0,0,1,0,1,2.0,0.0,0.0,0.0,0.0,0.0,0.0,0.0,0.0,0.0,0.0,0.0,0.0,0.0,0.0,0.0,0.0,0.0
H2_15,G,False,4-1-4-1,0,0,0,0,0,0,4,1,4,1,59,0.0,0.0,0.0,0.0,0.0,0,0,0,1,0,1,2.0,0.0,0.0,0.0,0.0,0.0,0.0,0.0,0.0,0.0,0.0,0.0,0.0,0.0,0.0,0.0,0.0,0.0
H2_30,G,False,4-1-4-1,0,0,0,0,0,0,4,1,4,1,74,0.0,0.0,0.0,0.0,0.0,0,0,0,1,0,1,2.0,0.0,0.0,0.0,0.0,0.0,0.0,0.0,0.0,0.0,0.0,0.0,0.0,0.0,0.0,0.0,0.0,0.0
H1_15,D,False,4-1-4-1,5,0,0,0,0,1,4,1,4,1,14,0.0,16.206556159420288,2.0,1.0,2.0,0,3,4,6,1,2,2.0,0.1875,0.625,0.1875,0.0,0.2727272727272727,0.2,14.605291148961285,116.84232919169028,0.06935224704752327,0.5175097405874013,0.0,8.0,2.5,1.5,1.0,1.0,0.5
H1_30,D,False,4-1-4-1,8,1,1,1,1,0,4,1,4,1,29,0.0,0.0,2.0,0.0,2.0,0,3,5,7,3,4,2.0,0.13636363636363635,0.5454545454545454,0.3181818181818182,0.0,0.21428571428571427,0.375,14.168035710646691,42.504107131940074,0.0,0.7155314665890147,0.0,3.0,1.5,0.0,0.0,1.0,0.0
H1_45,D,False,4-1-4-1,11,1,1,1,1,0,4,1,4,1,44,0.0,10.13001818181818,2.0,1.0,2.0,0,5,7,13,4,8,2.0,0.13513513513513514,0.5405405405405406,0.32432432432432434,0.0,0.19230769230769232,0.36363636363636365,12.659121944826488,94.94341458619866,0.05334766095136165,0.35570854810501656,0.0,7.5,1.5,1.0,0.5,1.0,0.5
H2_15,D,False,4-1-4-1,16,1,1,1,1,0,4,1,4,1,59,26.043591732002852,37.55573335670874,1.0,1.0,1.0,2,8,10,15,4,12,2.0,0.19607843137254902,0.49019607843137253,0.3137254901960784,0.125,0.22857142857142856,0.25,19.413625103257964,135.89537572280574,0.23400106423944514,0.34896878082021376,13.021795866001426,7.0,2.5,2.5,0.5,0.5,0.5
H2_30,D,False,4-1-4-1,20,1,1,1,1,0,4,1,4,1,74,46.40485090206185,58.68635230240711,2.0,1.0,2.0,5,12,11,20,4,14,2.0,0.25757575757575757,0.4696969696969697,0.2727272727272727,0.25,0.2608695652173913,0.2,13.131454643916124,98.48590982937093,0.5335342049768432,0.2868979771535534,15.468283634020617,7.5,2.0,3.5,1.0,1.0,0.5
H1_15,D,False,4-1-4-1,1,0,0,0,0,0,4,1,4,1,14,0.0,13.780642857142857,2.0,0.0,1.0,0,1,1,4,0,2,2.0,0.125,0.625,0.25,0.0,0.14285714285714285,0.0,12.776258337406897,51.10503334962759,0.13482666925256276,0.20184131719096082,0.0,4.0,0.5,0.5,0.5,0.5,0.0
H1_30,D,False,4-1-4-1,2,0,0,0,0,0,4,1,4,1,29,0.0,0.0,1.0,0.0,1.0,0,1,1,5,1,3,2.0,0.09090909090909091,0.5454545454545454,0.36363636363636365,0.0,0.1111111111111111,0.5,10.85018596902529,32.55055790707587,0.0,0.4323027486147938,0.0,3.0,1.0,0.0,0.0,1.0,0.0
H1_45,D,False,4-1-4-1,3,0,0,0,0,0,4,1,4,1,44,0.0,0.0,2.0,0.0,1.0,0,1,1,5,2,7,2.0,0.0625,0.375,0.5625,0.0,0.07692307692307693,0.6666666666666666,12.977975223793493,32.44493805948373,0.0,0.18043168981451743,0.0,2.5,0.5,0.0,0.0,0.5,0.0
H2_15,D,False,4-1-4-1,4,0,0,0,0,0,4,1,4,1,59,0.0,0.0,1.0,0.0,1.0,0,1,1,7,3,9,2.0,0.047619047619047616,0.38095238095238093,0.5714285714285714,0.0,0.058823529411764705,0.75,18.391986377592538,91.9599318879627,0.0,0.14926114191958362,0.0,5.0,1.0,0.0,0.0,1.0,0.0
H2_30,D,False,4-1-4-1,4,0,0,0,0,0,4,1,4,1,74,0.0,19.125720430107524,1.0,1.0,0.0,0,3,1,9,3,10,2.0,0.11538461538461539,0.38461538461538464,0.5,0.0,0.13636363636363635,0.75,13.996220161480172,69.98110080740086,0.27329836497920423,0.0,0.0,5.0,0.0,2.0,1.0,0.0,1.0
H1_15,D,False,4-1-4-1,1,0,0,0,0,1,4,1,4,1,14,0.0,9.60351219512195,2.0,0.0,1.0,0,1,1,5,0,3,2.0,0.1,0.6,0.3,0.0,0.1111111111111111,0.0,12.469356098780434,62.34678049390217,0.07701690543636991,0.06762209638735633,0.0,5.0,0.5,0.5,0.5,0.5,0.0
H1_30,D,False,4-1-4-1,3,1,0,1,1,1,4,1,4,1,29,0.0,13.683010909090912,2.0,0.0,2.0,0,2,1,5,2,6,2.0,0.125,0.375,0.5,0.0,0.15384615384615385,0.6666666666666666,9.381521313588372,28.144563940765117,0.24308443609019967,0.3437615046167173,0.0,3.0,1.0,0.5,0.5,1.0,0.0
H1_45,D,False,4-1-4-1,4,1,0,1,1,1,4,1,4,1,44,0.0,0.0,1.0,0.0,1.0,0,2,1,5,3,9,2.0,0.1,0.3,0.6,0.0,0.125,0.75,11.012308112224716,44.04923244889886,0.0,0.17163556308468228,0.0,4.0,1.0,0.0,0.0,1.0,0.0
H2_15,D,False,4-1-4-1,5,1,0,1,1,1,4,1,4,1,59,0.0,0.0,1.0,0.0,1.0,0,2,1,8,4,12,2.0,0.07407407407407407,0.3333333333333333,0.5925925925925926,0.0,0.09090909090909091,0.8,13.601352900834033,47.60473515291912,0.0,0.12261539008633214,0.0,3.5,0.5,0.0,0.0,0.5,0.0
H2_30,D,False,4-1-4-1,5,1,0,1,1,1,4,1,4,1,74,0.0,4.500952380952381,1.0,0.0,0.0,0,3,1,9,4,13,2.0,0.1,0.3333333333333333,0.5666666666666667,0.0,0.12,0.8,13.729690052910051,41.18907015873015,0.10927540640288985,0.0,0.0,3.0,0.0,1.0,1.0,0.0,0.0
H1_15,M,False,4-1-4-1,2,0,0,0,0,0,4,1,4,1,14,13.220154545454545,45.52601529289107,2.0,2.0,2.0,1,4,1,2,0,1,2.0,0.5555555555555556,0.3333333333333333,0.1111111111111111,0.5,0.5714285714285714,0.0,10.85630709060332,48.85338190771494,0.6012497758017894,0.3382459661338197,13.220154545454545,4.5,1.0,2.5,1.0,1.0,1.0
H1_30,M,False,4-1-4-1,3,0,0,0,0,0,4,1,4,1,29,0.0,9.15941463414634,1.0,0.0,1.0,1,5,1,3,1,2,2.0,0.46153846153846156,0.3076923076923077,0.23076923076923078,0.3333333333333333,0.5,0.3333333333333333,11.589929166496367,23.179858332992733,0.19757270520306444,0.21603731195313752,0.0,2.0,0.5,0.5,0.5,0.5,0.0
H1_45,M,False,4-1-4-1,4,0,0,0,0,0,4,1,4,1,44,0.0,6.67812,1.0,0.0,1.0,1,6,1,3,2,3,2.0,0.4375,0.25,0.3125,0.25,0.5,0.5,19.360292388289675,58.08087716486902,0.11497966845513394,0.3663825207290353,0.0,3.0,1.0,1.0,1.0,1.0,0.0
H2_15,M,False,4-1-4-1,4,0,0,0,0,0,4,1,4,1,59,0.0,6.127842857142857,1.0,0.0,0.0,1,7,1,4,2,5,2.0,0.4,0.25,0.35,0.25,0.4375,0.5,21.492241585135897,42.984483170271794,0.07127970845745672,0.0,0.0,2.0,0.0,0.5,0.5,0.0,0.0
H2_30,M,False,4-1-4-1,5,1,1,1,1,0,4,1,4,1,74,0.0,0.0,2.0,0.0,1.0,1,7,1,6,3,8,2.0,0.3076923076923077,0.2692307692307692,0.4230769230769231,0.2,0.3333333333333333,0.6,8.442642112340542,25.327926337021626,0.0,0.3310834068596303,0.0,3.0,0.5,0.0,0.0,0.5,0.0
H1_15,M,False,4-1-4-1,2,1,1,0,1,0,4,1,4,1,14,24.985934448160535,60.97211577805591,2.0,2.0,1.0,2,5,0,1,0,0,2.0,0.875,0.125,0.0,1.0,0.8333333333333334,0.0,11.956895813160775,47.8275832526431,0.8986242287442585,0.2612084151960546,12.492967224080267,4.0,1.0,3.5,1.0,0.5,1.0
H1_30,M,False,4-1-4-1,3,1,1,0,1,0,4,1,4,1,29,0.0,35.00806258100205,1.0,1.0,0.0,2,8,0,1,1,0,2.0,0.8333333333333334,0.08333333333333333,0.08333333333333333,0.6666666666666666,0.8888888888888888,0.3333333333333333,13.762000645250513,27.524001290501026,0.6359551834689801,0.3640448165310199,0.0,2.0,0.5,1.5,0.5,0.5,0.5
H1_45,M,False,4-1-4-1,7,2,1,1,2,0,4,1,4,1,44,16.895907692307695,8.485102702702703,2.0,1.0,2.0,3,9,2,3,2,0,2.0,0.631578947368421,0.2631578947368421,0.10526315789473684,0.42857142857142855,0.75,0.2857142857142857,17.99895726314042,62.99635042099146,0.2014482602991634,0.7949014082797596,16.895907692307695,3.5,2.0,1.0,0.5,1.0,0.5
H2_15,M,False,4-1-4-1,9,2,1,1,2,0,4,1,4,1,59,0.0,33.49956827586207,2.0,1.0,2.0,3,12,4,4,2,2,2.0,0.5555555555555556,0.2962962962962963,0.14814814814814814,0.3333333333333333,0.6666666666666666,0.2222222222222222,18.291184218394346,73.16473687357738,0.22893247285059298,0.4691454245845338,0.0,4.0,1.0,1.5,1.0,1.0,0.5
H2_30,M,False,4-1-4-1,9,2,1,1,2,0,4,1,4,1,74,0.0,33.97456704402515,2.0,1.0,0.0,3,15,4,6,2,3,2.0,0.5454545454545454,0.30303030303030304,0.15151515151515152,0.3333333333333333,0.625,0.2222222222222222,10.838094395348065,32.514283186044196,0.5224560364690393,0.0,0.0,3.0,0.0,1.5,0.5,0.0,0.5
H1_15,M,False,4-1-4-1,1,0,0,0,0,0,4,1,4,1,14,0.0,11.967594179894178,1.0,1.0,1.0,0,2,1,0,0,1,1.0,0.5,0.25,0.25,0.0,0.6666666666666666,0.0,10.414046453876235,41.65618581550494,0.28729452650558546,0.5109208650791025,0.0,4.0,1.0,2.0,1.0,1.0,1.0
H1_30,M,False,4-1-4-1,2,1,0,1,1,0,4,1,4,1,29,0.0,0.0,2.0,0.0,1.0,0,2,1,3,1,2,2.0,0.2222222222222222,0.4444444444444444,0.3333333333333333,0.0,0.2857142857142857,0.5,13.976803482690178,34.942008706725446,0.0,0.272883051665483,0.0,2.5,0.5,0.0,0.0,0.5,0.0
H1_45,M,False,4-1-4-1,5,1,0,1,1,0,4,1,4,1,44,0.0,0.0,1.0,0.0,1.0,0,2,2,4,3,5,2.0,0.125,0.375,0.5,0.0,0.18181818181818182,0.6,14.684902455979579,102.79431719185705,0.0,0.4165987748036784,0.0,7.0,3.0,0.0,0.0,1.0,0.0
H2_15,M,False,4-1-4-1,7,1,0,1,1,0,4,1,4,1,59,0.0,0.0,1.0,0.0,1.0,0,2,3,6,4,7,2.0,0.09090909090909091,0.4090909090909091,0.5,0.0,0.13333333333333333,0.5714285714285714,18.733873038424562,112.40323823054737,0.0,0.49907270712074364,0.0,6.0,2.0,0.0,0.0,1.0,0.0
H2_30,M,False,4-1-4-1,8,1,0,1,1,0,4,1,4,1,74,0.0,0.0,1.0,0.0,1.0,0,2,4,9,4,8,2.0,0.07407407407407407,0.48148148148148145,0.4444444444444444,0.0,0.10526315789473684,0.5,11.095909705539302,55.479548527696515,0.0,0.31182780020522244,0.0,5.0,1.0,0.0,0.0,1.0,0.0
H1_15,A,False,4-1-4-1,2,0,0,0,0,1,4,1,4,1,14,15.601194871794872,36.57936017669044,1.0,1.0,1.0,2,3,0,1,0,0,2.0,0.8333333333333334,0.16666666666666666,0.0,1.0,0.75,0.0,10.995235036816519,32.98570511044956,0.7909570960172534,0.23648418033744809,7.800597435897436,3.0,1.0,2.5,1.0,0.5,0.5
H1_30,A,False,4-1-4-1,7,1,1,1,1,0,4,1,4,1,29,15.73036153846154,29.743488506270992,2.0,1.0,2.0,3,7,4,7,0,0,2.0,0.47619047619047616,0.5238095238095238,0.0,0.42857142857142855,0.5,0.0,11.780992823456566,88.35744617592425,0.2573289066899452,0.34734619011843926,15.73036153846154,7.5,2.5,2.5,1.0,1.0,0.5
H1_45,A,False,4-1-4-1,9,1,1,1,1,0,4,1,4,1,44,35.089353025641024,37.223549999999996,2.0,1.0,2.0,5,9,5,10,0,2,2.0,0.45161290322580644,0.4838709677419355,0.06451612903225806,0.5,0.42857142857142855,0.0,13.711331421764232,68.55665710882116,0.5273951945385662,0.3276706722868315,17.544676512820512,5.0,1.5,2.0,1.0,1.0,0.5
H2_15,A,False,4-1-4-1,13,1,1,1,1,0,4,1,4,1,59,29.4905174733388,58.24457990920731,2.0,2.0,2.0,7,12,6,11,0,2,2.0,0.5,0.4473684210526316,0.05263157894736842,0.5384615384615384,0.48,0.0,14.924516287732152,52.23580700706253,0.839798429558903,0.39021288691305145,14.7452587366694,3.5,1.5,2.5,1.0,1.0,1.0
H1_15,M,False,4-1-4-1,0,0,0,0,0,0,4,1,4,1,14,0.0,95.42661478497209,2.0,2.0,0.0,0,6,0,9,0,1,2.0,0.375,0.5625,0.0625,0.0,0.375,0.0,11.546788413103112,92.3743073048249,0.5165214093031026,0.0,0.0,8.0,0.0,3.0,1.0,0.0,1.0
H1_30,M,False,4-1-4-1,1,0,0,0,0,0,4,1,4,1,29,0.0,36.092589999999994,1.0,1.0,1.0,0,9,1,11,0,2,2.0,0.391304347826087,0.5217391304347826,0.08695652173913043,0.0,0.4090909090909091,0.0,10.819860942295238,37.86951329803333,0.47653886803285617,0.2272323982657507,0.0,3.5,0.5,1.5,1.0,0.5,0.5
H1_45,M,False,4-1-4-1,1,1,1,1,1,0,4,1,4,1,44,0.0,30.620900909090906,2.0,1.0,0.0,0,12,1,13,0,2,2.0,0.42857142857142855,0.5,0.07142857142857142,0.0,0.4444444444444444,0.0,11.522838643356643,28.807096608391607,0.5314819005427109,0.0,0.0,2.5,0.0,1.5,1.0,0.0,0.5
H2_30,M,False,4-1-4-1,3,0,0,0,0,0,4,1,4,1,9,16.15507142857143,51.98344219264963,2.0,2.0,1.0,1,6,2,5,0,1,2.0,0.4666666666666667,0.4666666666666667,0.06666666666666667,0.3333333333333333,0.5,0.0,11.042642026851006,82.81981520138254,0.4113660085786065,0.2252416238241329,16.15507142857143,7.5,1.5,3.5,1.0,0.5,1.0
H1_15,M,False,4-1-4-1,4,0,0,0,0,0,4,1,4,1,14,44.475026903205716,17.537566555183943,2.0,1.0,2.0,3,3,1,3,0,0,2.0,0.6,0.4,0.0,0.75,0.5,0.0,13.126984935122517,65.63492467561258,0.4724054591734083,0.47253120608506377,14.825008967735238,5.0,2.0,3.0,1.0,1.0,0.5
H1_30,M,False,4-1-4-1,5,0,0,0,0,0,4,1,4,1,29,0.0,35.837375702075704,2.0,1.0,1.0,3,5,1,5,1,1,2.0,0.5,0.375,0.125,0.6,0.45454545454545453,0.2,15.643596807162462,46.93079042148739,0.38181091113338106,0.10878015995553074,0.0,3.0,0.5,1.0,0.5,0.5,0.5
H1_45,M,False,4-1-4-1,7,0,0,0,0,0,4,1,4,1,44,15.603646153846157,24.248291746031743,2.0,1.0,2.0,4,7,2,7,1,2,2.0,0.4782608695652174,0.391304347826087,0.13043478260869565,0.5714285714285714,0.4375,0.14285714285714285,14.070785438922812,49.24774903622984,0.4046066945167405,0.21881194602962023,15.603646153846157,3.5,1.0,1.5,1.0,1.0,0.5
H2_15,M,False,4-1-4-1,7,0,0,0,0,0,4,1,4,1,59,0.0,9.1611,1.0,0.0,0.0,4,8,2,9,1,5,2.0,0.41379310344827586,0.3793103448275862,0.20689655172413793,0.5714285714285714,0.36363636363636365,0.14285714285714285,21.878911086575954,65.63673325972786,0.06978637985949929,0.0,0.0,3.0,0.0,0.5,0.5,0.0,0.0
H1_15,D,False,4-1-4-1,4,0,0,0,0,0,4,1,4,1,14,46.42184312174069,41.798383557253786,2.0,1.0,2.0,2,4,2,3,0,0,2.0,0.5454545454545454,0.45454545454545453,0.0,0.5,0.5714285714285714,0.0,14.7194064497714,80.9567354737427,0.5448603267087494,0.5609829857797467,23.210921560870347,5.5,2.0,3.0,0.5,1.0,0.5
H1_30,D,False,4-1-4-1,7,0,0,0,0,0,4,1,4,1,29,10.789271794871793,23.689836453201977,2.0,1.0,2.0,3,6,2,3,2,2,2.0,0.5,0.2777777777777778,0.2222222222222222,0.42857142857142855,0.5454545454545454,0.2857142857142857,10.449055183076542,36.5716931407679,0.47139064788934476,0.36905293587966836,10.789271794871793,3.5,1.5,1.5,0.5,1.0,0.5
H1_45,D,False,4-1-4-1,8,0,0,0,0,0,4,1,4,1,44,0.0,8.565694736842104,2.0,0.0,1.0,3,7,3,8,2,6,2.0,0.3448275862068966,0.3793103448275862,0.27586206896551724,0.375,0.3333333333333333,0.25,12.613951064463906,69.37673085455148,0.061733196644852786,0.0849992692929629,0.0,5.5,0.5,0.5,0.5,0.5,0.0
H2_30,A,False,4-1-4-1,1,1,0,1,1,0,4,1,4,1,9,0.0,56.47551346478859,2.0,2.0,1.0,0,5,0,1,1,1,2.0,0.625,0.125,0.25,0.0,0.7142857142857143,1.0,10.26727950055889,41.06911800223556,0.687566670675937,0.16051422817063998,0.0,4.0,0.5,2.5,1.0,0.5,1.0
H2_15,M,False,4-1-4-1,0,0,0,0,0,0,4,1,4,1,1,0.0,0.0,0.0,0.0,0.0,0,0,0,2,0,0,2.0,0.0,1.0,0.0,0.0,0.0,0.0,28.859400289017344,28.859400289017344,0.0,0.0,0.0,1.0,0.0,0.0,0.0,0.0,0.0
H2_30,M,False,4-1-4-1,1,1,1,1,1,0,4,1,4,1,16,9.78617142857143,53.01283328821654,2.0,1.0,1.0,1,6,0,8,0,0,2.0,0.4666666666666667,0.5333333333333333,0.0,1.0,0.42857142857142855,0.0,12.198353528025935,79.28929793216858,0.3960118600779646,0.06171180527379262,9.78617142857143,6.5,0.5,3.5,1.0,0.5,0.5
H2_15,D,False,4-1-4-1,4,0,0,0,0,0,4,1,4,1,14,0.0,5.372945454545454,2.0,0.0,2.0,0,1,2,5,2,1,2.0,0.09090909090909091,0.6363636363636364,0.2727272727272727,0.0,0.14285714285714285,0.5,12.780347522478245,70.29191137363034,0.03821880319903413,0.4477024435264353,0.0,5.5,2.0,0.5,0.5,1.0,0.0
H2_30,D,False,4-1-4-1,7,0,0,0,0,0,4,1,4,1,29,0.0,21.746179047619048,2.0,0.0,2.0,0,3,4,11,3,3,2.0,0.125,0.625,0.25,0.0,0.17647058823529413,0.42857142857142855,11.312030666749841,73.52819933387397,0.14787645586746148,0.27414345672719787,0.0,6.5,1.5,1.0,1.0,1.0,0.0
H1_15,G,True,4-4-2,0,0,0,0,0,0,4,4,2,0,14,0.0,0.0,0.0,0.0,0.0,0,0,0,0,0,0,0.0,0.0,0.0,0.0,0.0,0.0,0.0,0.0,0.0,0.0,0.0,0.0,0.0,0.0,0.0,0.0,0.0,0.0
H1_30,G,True,4-4-2,0,0,0,0,0,0,4,4,2,0,29,0.0,0.0,0.0,0.0,0.0,0,0,0,0,0,0,0.0,0.0,0.0,0.0,0.0,0.0,0.0,0.0,0.0,0.0,0.0,0.0,0.0,0.0,0.0,0.0,0.0,0.0
H1_45,G,True,4-4-2,1,0,0,0,0,0,4,4,2,0,44,0.0,0.0,0.0,0.0,0.0,0,0,1,0,0,0,1.0,0.0,1.0,0.0,0.0,0.0,0.0,8.249999999999998,8.249999999999998,0.0,1.0,0.0,1.0,1.0,0.0,0.0,1.0,0.0
H2_15,G,True,4-4-2,1,0,0,0,0,0,4,4,2,0,59,0.0,0.0,0.0,0.0,0.0,0,0,1,0,0,0,1.0,0.0,0.0,0.0,0.0,0.0,0.0,0.0,0.0,0.0,0.0,0.0,0.0,0.0,0.0,0.0,0.0,0.0
H2_30,G,True,4-4-2,1,0,0,0,0,0,4,4,2,0,74,0.0,0.0,0.0,0.0,0.0,0,0,1,0,0,0,1.0,0.0,0.0,0.0,0.0,0.0,0.0,0.0,0.0,0.0,0.0,0.0,0.0,0.0,0.0,0.0,0.0,0.0
H1_15,D,True,4-4-2,2,0,0,0,0,0,4,4,2,0,14,9.831634285714289,31.35409708565072,2.0,1.0,2.0,1,3,1,2,0,3,2.0,0.4,0.3,0.3,0.5,0.375,0.0,10.82180173854327,54.10900869271635,0.38058109330054174,0.17809896267097836,9.831634285714289,5.0,1.0,2.0,1.0,1.0,0.5
H1_30,D,True,4-4-2,3,0,0,0,0,0,4,4,2,0,29,0.0,16.802114159941304,2.0,0.0,1.0,1,5,2,5,0,5,2.0,0.3333333333333333,0.3888888888888889,0.2777777777777778,0.3333333333333333,0.3333333333333333,0.0,10.207053725128208,40.82821490051283,0.20576596602231387,0.2309486859423463,0.0,4.0,0.5,1.0,1.0,0.5,0.0
H1_45,D,True,4-4-2,3,0,0,0,0,0,4,4,2,0,44,0.0,0.0,2.0,0.0,0.0,1,5,2,11,0,9,2.0,0.21428571428571427,0.4642857142857143,0.32142857142857145,0.3333333333333333,0.2,0.0,11.714785411678434,58.57392705839217,0.0,0.0,0.0,5.0,0.0,0.0,0.0,0.0,0.0
H2_15,D,True,4-4-2,4,0,0,0,0,0,4,4,2,0,59,16.295033962264153,0.0,1.0,0.0,0.0,2,5,2,12,0,12,2.0,0.21212121212121213,0.42424242424242425,0.36363636363636365,0.5,0.1724137931034483,0.0,11.574775574278135,28.936938935695338,0.2815611215560073,0.2815611215560073,16.295033962264153,2.5,0.5,0.5,0.5,0.5,0.0
H2_30,D,True,4-4-2,6,0,0,0,0,0,4,4,2,0,74,0.0,42.73750222222222,2.0,1.0,2.0,2,8,3,15,1,14,2.0,0.23255813953488372,0.4186046511627907,0.3488372093023256,0.3333333333333333,0.21621621621621623,0.16666666666666666,11.628948157894737,58.14474078947368,0.36750961172019936,0.1800296073500807,0.0,5.0,1.0,1.5,1.0,1.0,0.5
H1_15,D,True,4-4-2,1,0,0,0,0,0,4,4,2,0,14,0.0,53.09049425807457,2.0,1.0,1.0,0,4,0,2,1,2,2.0,0.4444444444444444,0.2222222222222222,0.3333333333333333,0.0,0.5,1.0,16.983964002183917,76.42783800982762,0.34732432344382047,0.10819845607840876,0.0,4.5,0.5,2.0,0.5,0.5,0.5
H1_30,D,True,4-4-2,4,0,0,0,0,0,4,4,2,0,29,6.81984,36.645760755697054,2.0,1.0,1.0,1,9,1,9,2,4,2.0,0.38461538461538464,0.38461538461538464,0.23076923076923078,0.25,0.4090909090909091,0.5,11.656295589327046,99.07851250927989,0.2193492799542483,0.16684693525316943,6.81984,8.5,1.5,3.0,1.0,0.5,0.5
H1_45,D,True,4-4-2,5,0,0,0,0,0,4,4,2,0,44,40.234145185185184,37.35695189765458,2.0,2.0,1.0,2,12,1,13,2,5,2.0,0.4,0.4,0.2,0.4,0.4,0.4,14.821593756148408,66.69717190266783,0.5816670697527444,0.3016180749305193,40.234145185185184,4.5,0.5,2.0,1.0,0.5,1.0
H2_15,D,True,4-4-2,9,0,0,0,0,0,4,4,2,0,59,28.30179459980713,31.128732203389827,1.0,1.0,1.0,4,14,3,17,2,5,2.0,0.4,0.4444444444444444,0.15555555555555556,0.4444444444444444,0.3888888888888889,0.2222222222222222,14.602884716899812,73.01442358449906,0.40697799068713075,0.4392968331075212,14.150897299903566,5.0,2.0,2.0,1.0,1.0,0.5
H2_30,D,True,4-4-2,11,0,0,0,0,0,4,4,2,0,74,6.496349999999999,24.27612903225806,2.0,1.0,2.0,5,15,4,23,2,7,2.0,0.35714285714285715,0.48214285714285715,0.16071428571428573,0.45454545454545453,0.3333333333333333,0.18181818181818182,12.622602120430901,69.42431166236996,0.22162610111219624,0.14483399678221084,6.496349999999999,5.5,1.0,1.0,0.5,1.0,0.5
H1_15,M,True,4-4-2,1,0,0,0,0,0,4,4,2,0,14,0.0,17.76907894736842,1.0,0.0,1.0,0,1,1,3,0,3,2.0,0.125,0.5,0.375,0.0,0.14285714285714285,0.0,14.320255439593938,57.28102175837575,0.15510441680250045,0.09878847873680902,0.0,4.0,0.5,0.5,0.5,0.5,0.0
H1_30,M,True,4-4-2,1,0,0,0,0,0,4,4,2,0,29,0.0,38.42197768707483,2.0,1.0,0.0,0,3,1,10,0,4,2.0,0.16666666666666666,0.6111111111111112,0.2222222222222222,0.0,0.17647058823529413,0.0,17.122067731194395,85.61033865597197,0.22440033698193182,0.0,0.0,5.0,0.0,1.0,0.5,0.0,0.5
H1_45,M,True,4-4-2,1,0,0,0,0,0,4,4,2,0,44,0.0,30.134145460071842,2.0,1.0,0.0,0,6,1,14,0,6,2.0,0.2222222222222222,0.5555555555555556,0.2222222222222222,0.0,0.23076923076923078,0.0,13.298861660211488,59.844877470951694,0.2517687957060214,0.0,0.0,4.5,0.0,1.5,0.5,0.0,0.5
H2_15,M,True,4-4-2,1,0,0,0,0,0,4,4,2,0,59,0.0,17.172446753246753,1.0,0.0,0.0,0,7,1,15,0,7,2.0,0.23333333333333334,0.5333333333333333,0.23333333333333334,0.0,0.2413793103448276,0.0,13.053563203463204,19.580344805194805,0.43851236850259095,0.0,0.0,1.5,0.0,0.5,0.5,0.0,0.0
H2_30,M,True,4-4-2,1,0,0,0,0,0,4,4,2,0,74,0.0,11.35123404255319,1.0,0.0,0.0,0,8,1,17,0,8,2.0,0.23529411764705882,0.5294117647058824,0.23529411764705882,0.0,0.24242424242424243,0.0,19.36431341952839,77.45725367811356,0.14654836704803814,0.0,0.0,4.0,0.0,1.0,1.0,0.0,0.0
H1_15,D,True,4-4-2,0,0,0,0,0,0,4,4,2,0,14,0.0,0.0,1.0,0.0,0.0,0,0,0,3,0,1,1.0,0.0,0.75,0.25,0.0,0.0,0.0,9.79249771408315,39.1699908563326,0.0,0.0,0.0,4.0,0.0,0.0,0.0,0.0,0.0
H1_30,D,True,4-4-2,1,0,0,0,0,0,4,4,2,0,29,0.0,0.0,1.0,0.0,1.0,0,0,0,5,1,3,1.0,0.0,0.5555555555555556,0.4444444444444444,0.0,0.0,1.0,11.47167488888889,57.35837444444445,0.0,0.14331205767744423,0.0,5.0,1.0,0.0,0.0,1.0,0.0
H1_45,D,True,4-4-2,2,0,0,0,0,0,4,4,2,0,44,0.0,8.398444444444443,1.0,0.0,1.0,0,1,1,8,1,6,1.0,0.058823529411764705,0.5294117647058824,0.4117647058823529,0.0,0.06666666666666667,0.5,11.636738227016593,93.09390581613275,0.0902147607925269,0.21634188180920197,0.0,8.0,1.0,1.0,1.0,1.0,0.0
H2_15,D,True,4-4-2,2,0,0,0,0,0,4,4,2,0,59,0.0,0.0,1.0,0.0,0.0,0,1,1,10,1,8,2.0,0.047619047619047616,0.5238095238095238,0.42857142857142855,0.0,0.05263157894736842,0.5,10.530584365079365,21.06116873015873,0.0,0.0,0.0,2.0,0.0,0.0,0.0,0.0,0.0
H2_30,D,True,4-4-2,2,1,0,1,1,0,4,4,2,0,74,0.0,0.0,1.0,0.0,0.0,0,1,1,14,1,9,2.0,0.038461538461538464,0.5769230769230769,0.38461538461538464,0.0,0.041666666666666664,0.5,9.726935336382537,48.63467668191269,0.0,0.0,0.0,5.0,0.0,0.0,0.0,0.0,0.0
H1_15,D,True,4-4-2,1,0,0,0,0,0,4,4,2,0,14,0.0,5.665384615384616,1.0,0.0,1.0,0,1,0,3,1,1,2.0,0.16666666666666666,0.5,0.3333333333333333,0.0,0.2,1.0,10.446611264159538,31.339833792478615,0.090386321971246,0.15015221477258783,0.0,3.0,0.5,0.5,0.5,0.5,0.0
H1_30,D,True,4-4-2,2,0,0,0,0,0,4,4,2,0,29,0.0,0.0,1.0,0.0,1.0,0,1,1,4,1,4,2.0,0.09090909090909091,0.45454545454545453,0.45454545454545453,0.0,0.1111111111111111,0.5,9.175762175679335,45.87881087839668,0.0,0.359355281159203,0.0,5.0,1.0,0.0,0.0,1.0,0.0
H1_45,D,True,4-4-2,4,0,0,0,0,0,4,4,2,0,44,16.229321428571428,9.30512,2.0,1.0,1.0,1,2,2,8,1,7,2.0,0.14285714285714285,0.47619047619047616,0.38095238095238093,0.25,0.11764705882352941,0.25,11.866791319570684,59.33395659785342,0.21517561690378836,0.2349681083640794,16.229321428571428,5.0,1.0,1.0,0.5,0.5,0.5
H2_15,D,True,4-4-2,5,0,0,0,0,0,4,4,2,0,59,0.0,0.0,1.0,0.0,1.0,1,2,2,10,2,9,2.0,0.11538461538461539,0.46153846153846156,0.4230769230769231,0.2,0.09523809523809523,0.4,11.101163614141061,55.5058180707053,0.0,0.29833202245338153,0.0,5.0,1.0,0.0,0.0,1.0,0.0
H2_30,D,True,4-4-2,5,0,0,0,0,0,4,4,2,0,74,0.0,0.0,1.0,0.0,0.0,1,2,2,11,2,10,2.0,0.10714285714285714,0.4642857142857143,0.42857142857142855,0.2,0.08695652173913043,0.4,8.448220255319146,16.896440510638293,0.0,0.0,0.0,2.0,0.0,0.0,0.0,0.0,0.0
H1_15,M,True,4-4-2,1,0,0,0,0,0,4,4,2,0,14,11.44572,46.81561727002918,2.0,1.0,1.0,1,5,0,4,0,1,2.0,0.5454545454545454,0.36363636363636365,0.09090909090909091,1.0,0.5,0.0,15.28275585265232,84.05515718958776,0.3465661074109932,0.06808457911858992,11.44572,5.5,0.5,3.0,1.0,0.5,0.5
H1_30,M,True,4-4-2,3,1,1,1,1,0,4,4,2,0,29,25.980594570135747,31.338336249999998,2.0,2.0,2.0,3,8,0,8,0,2,2.0,0.5238095238095238,0.38095238095238093,0.09523809523809523,1.0,0.4444444444444444,0.0,14.841745593814816,74.20872796907408,0.3862007366843896,0.175050801173704,12.990297285067873,5.0,1.0,2.5,1.0,1.0,1.0
H1_45,M,True,4-4-2,4,1,1,1,1,0,4,4,2,0,44,0.0,42.18674341890667,2.0,1.0,1.0,3,12,0,13,1,3,2.0,0.46875,0.40625,0.125,0.75,0.42857142857142855,0.25,11.449411516848592,62.97176334266725,0.3349655558265315,0.12420132541038288,0.0,5.5,0.5,2.0,1.0,0.5,0.5
H2_15,M,True,4-4-2,7,1,1,1,1,0,4,4,2,0,59,25.029589964157708,28.797489318996412,2.0,2.0,2.0,5,15,0,14,2,4,2.0,0.5,0.35,0.15,0.7142857142857143,0.45454545454545453,0.2857142857142857,11.65963934467417,46.63855737869668,0.5770662978068548,0.34855905053788416,12.514794982078854,4.0,1.5,2.5,1.0,1.0,1.0
H2_30,M,True,4-4-2,12,1,1,1,1,0,4,4,2,0,74,7.449481481481481,73.49134813758705,2.0,2.0,2.0,6,20,3,17,3,9,2.0,0.4482758620689655,0.3448275862068966,0.20689655172413793,0.5,0.43478260869565216,0.25,11.877807469123486,106.90026722211137,0.3785810443808069,0.32420034132471476,7.449481481481481,9.0,2.5,3.0,1.0,1.0,1.0
H2_30,M,True,4-4-2,1,0,0,0,0,0,4,4,2,0,12,0.0,29.423159093385642,2.0,1.0,1.0,0,3,1,5,0,0,2.0,0.3333333333333333,0.6666666666666666,0.0,0.0,0.375,0.0,11.284583728276631,50.78062677724484,0.28970850657726,0.11000693388713358,0.0,4.5,0.5,1.5,1.0,0.5,0.5
H2_30,A,True,4-4-2,1,1,0,1,1,0,4,4,2,0,12,0.0,26.015159999999998,2.0,1.0,1.0,0,2,1,6,0,0,2.0,0.2222222222222222,0.7777777777777778,0.0,0.0,0.25,0.0,10.803634409000345,48.61635484050156,0.26755564136132187,0.09962551548043493,0.0,4.5,0.5,1.0,0.5,0.5,0.5
H1_15,A,True,4-4-2,0,0,0,0,0,0,4,4,2,0,14,0.0,53.89062947954126,2.0,2.0,0.0,0,6,0,3,0,1,2.0,0.6,0.3,0.1,0.0,0.6,0.0,12.123596430298285,60.617982151491425,0.4445102555943076,0.0,0.0,5.0,0.0,3.0,1.0,0.0,1.0
H1_30,A,True,4-4-2,1,0,0,0,0,0,4,4,2,0,29,0.0,63.743451806722696,2.0,2.0,1.0,0,12,1,6,0,1,2.0,0.6,0.35,0.05,0.0,0.631578947368421,0.0,11.880560840148283,59.402804200741414,0.5365357129548365,0.12383071414959995,0.0,5.0,0.5,3.0,1.0,0.5,1.0
H1_45,A,True,4-4-2,2,0,0,0,0,0,4,4,2,0,44,0.0,32.41572295807978,2.0,1.0,1.0,0,16,2,10,0,2,2.0,0.5333333333333333,0.4,0.06666666666666667,0.0,0.5714285714285714,0.0,12.420901112539648,62.104505562698236,0.2609772243122857,0.3662079124093943,0.0,5.0,0.5,2.0,1.0,0.5,0.5
H2_15,A,True,4-4-2,5,0,0,0,0,0,4,4,2,0,59,10.659115789473685,74.47446810918171,2.0,2.0,2.0,1,22,3,12,1,2,2.0,0.5609756097560976,0.36585365853658536,0.07317073170731707,0.2,0.6111111111111112,0.2,11.861912436455299,65.24051840050414,0.6524594376766749,0.28229983409166387,10.659115789473685,5.5,1.5,3.5,1.0,1.0,1.0
H1_15,M,True,4-4-2,0,1,0,1,1,1,4,4,2,0,14,0.0,24.330171151515152,1.0,1.0,0.0,0,2,0,0,0,1,2.0,0.6666666666666666,0.0,0.3333333333333333,0.0,0.6666666666666666,0.0,11.848780454760368,17.773170682140552,0.6844634417415298,0.0,0.0,1.5,0.0,1.0,0.5,0.0,0.5
H1_30,M,True,4-4-2,0,2,1,2,2,0,4,4,2,0,29,0.0,24.959341700404856,2.0,1.0,0.0,0,5,0,5,0,1,2.0,0.45454545454545453,0.45454545454545453,0.09090909090909091,0.0,0.45454545454545453,0.0,11.802376274702741,47.209505098810965,0.26434657224391755,0.0,0.0,4.0,0.0,1.5,1.0,0.0,0.5
H1_45,M,True,4-4-2,4,2,1,2,2,0,4,4,2,0,44,17.540852459016392,39.03829049707602,2.0,1.0,2.0,1,8,2,10,1,6,2.0,0.32142857142857145,0.42857142857142855,0.25,0.25,0.3333333333333333,0.25,10.801372756129545,91.81166842710114,0.30812610164587356,0.358388228602142,17.540852459016392,8.5,2.0,2.0,1.0,1.0,0.5
H2_15,M,True,4-4-2,4,2,1,2,2,0,4,4,2,0,59,0.0,48.75768483625875,1.0,1.0,0.0,1,12,2,13,1,6,2.0,0.37142857142857144,0.42857142857142855,0.2,0.25,0.3870967741935484,0.25,12.05424344677807,42.189852063723244,0.5778366414110139,0.0,0.0,3.5,0.0,2.0,1.0,0.0,0.5
H2_30,M,True,4-4-2,4,3,2,3,3,0,4,4,2,0,74,0.0,28.303296969696977,1.0,0.0,0.0,1,14,2,16,1,6,2.0,0.375,0.45,0.175,0.25,0.3888888888888889,0.25,15.430837840950868,38.57709460237717,0.36684070251305145,0.0,0.0,2.5,0.0,1.0,1.0,0.0,0.0
H1_15,M,True,4-4-2,2,0,0,0,0,0,4,4,2,0,14,0.0,67.61794479825386,2.0,2.0,1.0,0,6,0,3,2,2,2.0,0.46153846153846156,0.23076923076923078,0.3076923076923077,0.0,0.5454545454545454,1.0,12.710838378282403,82.62044945883562,0.4092082846386806,0.17200487899480965,0.0,6.5,1.0,3.0,1.0,0.5,1.0
H1_30,M,True,4-4-2,5,0,0,0,0,0,4,4,2,0,29,9.110125,19.661468717948722,2.0,1.0,2.0,1,8,2,8,2,4,2.0,0.36,0.4,0.24,0.2,0.4,0.4,12.997792536890657,77.98675522134394,0.18446461605107475,0.1821020319489112,9.110125,6.0,1.5,1.5,0.5,1.0,0.5
H1_45,M,True,4-4-2,9,0,0,0,0,0,4,4,2,0,44,7.053846153846154,56.15491728632917,2.0,1.0,2.0,2,13,4,12,3,7,2.0,0.36585365853658536,0.3902439024390244,0.24390243902439024,0.2222222222222222,0.40625,0.3333333333333333,12.323114618294197,98.58491694635357,0.32058029462342247,0.2895343316681792,7.053846153846154,8.0,2.0,3.0,0.5,1.0,0.5
H2_15,M,True,4-4-2,11,0,0,0,0,0,4,4,2,0,59,26.87784465116279,57.66004963370692,2.0,2.0,1.0,4,18,4,17,3,8,2.0,0.4074074074074074,0.3888888888888889,0.2037037037037037,0.36363636363636365,0.4186046511627907,0.2727272727272727,14.265133731335057,92.72336925367787,0.4558607768748464,0.14493565574407058,13.438922325581395,6.5,1.0,3.5,1.0,0.5,1.0
H2_30,M,True,4-4-2,12,1,0,1,1,0,4,4,2,0,74,0.0,4.478095238095238,1.0,0.0,1.0,4,19,5,19,3,8,2.0,0.39655172413793105,0.41379310344827586,0.1896551724137931,0.3333333333333333,0.41304347826086957,0.25,12.247578535907579,24.495157071815157,0.09140776735920313,0.3389505626922696,0.0,2.0,0.5,0.5,0.5,0.5,0.0
H1_15,A,True,4-4-2,2,1,1,1,1,0,4,4,2,0,14,0.0,25.998900657894737,2.0,1.0,1.0,0,2,2,4,0,3,2.0,0.18181818181818182,0.5454545454545454,0.2727272727272727,0.0,0.2222222222222222,0.0,17.206540013860046,94.63597007623025,0.13736267846650885,0.3148715767586545,0.0,5.5,1.0,1.0,0.5,0.5,0.5
H1_30,A,True,4-4-2,4,1,1,1,1,0,4,4,2,0,29,21.07665,36.6242282061369,2.0,1.0,2.0,1,5,3,6,0,3,2.0,0.3333333333333333,0.5,0.16666666666666666,0.25,0.35714285714285715,0.0,14.16257940282475,49.56902790988663,0.5820255171337378,0.39316529874453293,21.07665,3.5,1.0,2.0,1.0,1.0,0.5
H1_45,A,True,4-4-2,8,2,1,2,2,0,4,4,2,0,44,14.241,27.533338169934638,2.0,1.0,2.0,2,9,6,8,0,7,2.0,0.34375,0.4375,0.21875,0.25,0.375,0.0,12.261729955336005,85.83210968735203,0.2433491284444706,0.5178569925788769,14.241,7.0,2.0,2.5,1.0,1.0,0.5
H2_15,A,True,4-4-2,12,2,1,2,2,0,4,4,2,0,59,36.32815288718241,68.99122167978496,2.0,2.0,2.0,5,15,7,12,0,7,2.0,0.43478260869565216,0.41304347826086957,0.15217391304347827,0.4166666666666667,0.4411764705882353,0.0,10.515556777543708,73.60889744280595,0.7153983976515912,0.3188590842705834,12.109384295727471,7.0,2.0,4.5,1.0,1.0,1.0
H1_15,G,False,4-3-3,0,0,0,0,0,0,4,3,3,0,14,0.0,0.0,0.0,0.0,0.0,0,0,0,0,0,0,0.0,0.0,0.0,0.0,0.0,0.0,0.0,0.0,0.0,0.0,0.0,0.0,0.0,0.0,0.0,0.0,0.0,0.0
H1_30,G,False,4-3-3,0,0,0,0,0,0,4,3,3,0,29,0.0,0.0,0.0,0.0,0.0,0,0,0,1,0,0,1.0,0.0,1.0,0.0,0.0,0.0,0.0,4.608761904761906,4.608761904761906,0.0,0.0,0.0,1.0,0.0,0.0,0.0,0.0,0.0
H1_45,G,False,4-3-3,0,0,0,0,0,0,4,3,3,0,44,0.0,0.0,0.0,0.0,0.0,0,0,0,1,0,0,1.0,0.0,0.0,0.0,0.0,0.0,0.0,0.0,0.0,0.0,0.0,0.0,0.0,0.0,0.0,0.0,0.0,0.0
H2_15,G,False,4-3-3,0,0,0,0,0,0,4,3,3,0,59,0.0,0.0,0.0,0.0,0.0,0,0,0,1,0,0,1.0,0.0,0.0,0.0,0.0,0.0,0.0,0.0,0.0,0.0,0.0,0.0,0.0,0.0,0.0,0.0,0.0,0.0
H2_30,G,False,4-3-3,0,0,0,0,0,0,4,3,3,0,74,0.0,0.0,0.0,0.0,0.0,0,0,0,1,0,0,1.0,0.0,0.0,0.0,0.0,0.0,0.0,0.0,0.0,0.0,0.0,0.0,0.0,0.0,0.0,0.0,0.0,0.0
H2_30,D,False,4-3-3,3,0,0,0,0,0,4,3,3,0,13,0.0,10.784748936170212,2.0,0.0,2.0,0,1,3,3,0,4,2.0,0.09090909090909091,0.5454545454545454,0.36363636363636365,0.0,0.125,0.0,9.118748075695503,50.153114416325266,0.10751823751806412,0.3699010420711889,0.0,5.5,1.5,0.5,0.5,1.0,0.0
H1_15,D,False,4-3-3,0,1,0,1,1,0,4,3,3,0,14,0.0,0.0,0.0,0.0,0.0,0,0,0,2,0,0,2.0,0.0,1.0,0.0,0.0,0.0,0.0,13.541591522988504,13.541591522988504,0.0,0.0,0.0,1.0,0.0,0.0,0.0,0.0,0.0
H1_30,D,False,4-3-3,1,1,0,1,1,0,4,3,3,0,29,0.0,0.0,1.0,0.0,1.0,0,0,1,4,0,0,2.0,0.0,1.0,0.0,0.0,0.0,0.0,7.863076932976932,11.794615399465398,0.0,0.4430862945026004,0.0,1.5,0.5,0.0,0.0,0.5,0.0
H1_45,D,False,4-3-3,2,1,0,1,1,0,4,3,3,0,44,0.0,16.079514847942754,1.0,0.0,1.0,0,2,2,7,0,0,2.0,0.18181818181818182,0.8181818181818182,0.0,0.0,0.2222222222222222,0.0,14.990720781982057,44.972162345946174,0.17877186696352143,0.17529065957200074,0.0,3.0,0.5,1.0,1.0,0.5,0.0
H1_15,M,False,4-3-3,1,0,0,0,0,0,4,3,3,0,14,7.538459259259258,18.7788188034188,2.0,1.0,1.0,1,2,0,4,0,5,2.0,0.25,0.3333333333333333,0.4166666666666667,1.0,0.18181818181818182,0.0,11.01104217038538,66.06625302231228,0.19917338170964557,0.05705226885436749,7.538459259259258,6.0,0.5,1.5,0.5,0.5,0.5
H1_30,M,False,4-3-3,1,0,0,0,0,0,4,3,3,0,29,0.0,30.869196638655463,2.0,0.0,0.0,1,3,0,8,0,7,2.0,0.21052631578947367,0.42105263157894735,0.3684210526315789,1.0,0.16666666666666666,0.0,13.42765842206761,46.99680447723664,0.32841803801370434,0.0,0.0,3.5,0.0,0.5,0.5,0.0,0.0
H1_45,M,False,4-3-3,2,1,1,0,1,0,4,3,3,0,44,0.0,10.541226666666669,1.0,0.0,1.0,1,4,0,11,1,8,2.0,0.2,0.44,0.36,0.5,0.17391304347826086,0.5,13.290626431623933,39.871879294871796,0.13218873618558594,0.15362091413239068,0.0,3.0,0.5,0.5,0.5,0.5,0.0
H2_15,M,False,4-3-3,4,1,1,0,1,0,4,3,3,0,59,0.0,20.470123456790123,2.0,0.0,1.0,1,5,0,16,3,12,2.0,0.16216216216216217,0.43243243243243246,0.40540540540540543,0.25,0.15151515151515152,0.75,11.379669139725488,68.27801483835293,0.1499027432567628,0.16869717212282428,0.0,6.0,1.0,0.5,0.5,0.5,0.0
H2_30,M,False,4-3-3,5,1,1,0,1,0,4,3,3,0,74,0.0,0.0,1.0,0.0,1.0,1,5,0,19,4,13,2.0,0.14285714285714285,0.4523809523809524,0.40476190476190477,0.2,0.13513513513513514,0.8,10.704787161581573,26.76196790395393,0.0,0.1596439810445693,0.0,2.5,0.5,0.0,0.0,0.5,0.0
H1_15,D,False,4-3-3,0,0,0,0,0,0,4,3,3,0,14,0.0,0.0,1.0,0.0,0.0,0,0,0,0,0,2,1.0,0.0,0.0,1.0,0.0,0.0,0.0,6.990263616557733,13.980527233115467,0.0,0.0,0.0,2.0,0.0,0.0,0.0,0.0,0.0
H1_30,D,False,4-3-3,0,0,0,0,0,0,4,3,3,0,29,0.0,0.0,1.0,0.0,0.0,0,0,0,2,0,2,1.0,0.0,0.5,0.5,0.0,0.0,0.0,16.31647319109462,32.63294638218924,0.0,0.0,0.0,2.0,0.0,0.0,0.0,0.0,0.0
H1_45,D,False,4-3-3,0,0,0,0,0,0,4,3,3,0,44,0.0,15.614552380952382,1.0,0.0,0.0,0,1,0,3,0,6,1.0,0.1,0.3,0.6,0.0,0.1,0.0,12.36196754530557,74.17180527183342,0.21051870483300714,0.0,0.0,6.0,0.0,1.0,1.0,0.0,0.0
H2_15,D,False,4-3-3,1,0,0,0,0,0,4,3,3,0,59,0.0,0.0,1.0,0.0,1.0,0,1,0,5,1,9,1.0,0.0625,0.3125,0.625,0.0,0.06666666666666667,1.0,12.406731404901143,74.44038842940685,0.0,0.13653355826789434,0.0,6.0,1.0,0.0,0.0,1.0,0.0
H2_30,D,False,4-3-3,1,0,0,0,0,0,4,3,3,0,74,0.0,0.0,1.0,0.0,0.0,0,1,0,8,1,9,1.0,0.05263157894736842,0.42105263157894735,0.5263157894736842,0.0,0.05555555555555555,1.0,7.404323820612596,22.21297146183779,0.0,0.0,0.0,3.0,0.0,0.0,0.0,0.0,0.0
H1_15,A,False,4-3-3,1,1,0,1,1,0,4,3,3,0,14,14.18068333333333,34.70239725906278,2.0,1.0,1.0,1,4,0,4,0,1,2.0,0.5,0.4,0.1,1.0,0.4444444444444444,0.0,11.188088084613899,55.94044042306949,0.4369207698643452,0.12674804869327866,14.18068333333333,5.0,0.5,2.5,0.5,0.5,0.5
H1_30,A,False,4-3-3,1,1,0,1,1,0,4,3,3,0,29,0.0,20.982660784313726,2.0,1.0,0.0,1,7,0,6,0,2,2.0,0.5,0.375,0.125,1.0,0.4666666666666667,0.0,17.283364384366543,51.85009315309963,0.2023396633286412,0.0,0.0,3.0,0.0,1.5,1.0,0.0,0.5
H1_45,A,False,4-3-3,3,1,0,1,1,0,4,3,3,0,44,7.789885714285713,35.179428599060515,2.0,1.0,2.0,2,10,1,8,0,3,2.0,0.5,0.375,0.125,0.6666666666666666,0.47619047619047616,0.0,15.035948660673965,60.14379464269586,0.35722151028730126,0.21535072073112824,7.789885714285713,4.0,1.0,2.0,1.0,1.0,0.5
H2_15,A,False,4-3-3,4,1,0,1,1,0,4,3,3,0,59,15.164128,13.295148148148153,1.0,1.0,1.0,3,11,1,10,0,4,2.0,0.4827586206896552,0.3793103448275862,0.13793103448275862,0.75,0.44,0.0,19.090334441724725,95.45167220862362,0.2981537723712816,0.15886707533899014,15.164128,5.0,1.0,2.0,1.0,1.0,1.0
H1_15,M,False,4-3-3,1,1,0,0,1,0,4,3,3,0,14,10.876574358974358,49.89803023369355,2.0,1.0,1.0,1,5,0,5,0,0,2.0,0.5454545454545454,0.45454545454545453,0.0,1.0,0.5,0.0,10.750327005460562,59.12679853003309,0.5139345111151065,0.0919766893302169,10.876574358974358,5.5,0.5,3.0,1.0,0.5,0.5
H1_30,M,False,4-3-3,1,1,0,0,1,0,4,3,3,0,29,0.0,30.848339607843137,2.0,1.0,0.0,1,7,0,7,0,3,2.0,0.4444444444444444,0.3888888888888889,0.16666666666666666,1.0,0.4117647058823529,0.0,12.653135275721985,44.28597346502695,0.3482856669302343,0.0,0.0,3.5,0.0,1.0,0.5,0.0,0.5
H1_45,M,False,4-3-3,2,1,0,0,1,0,4,3,3,0,44,7.133846153846154,10.692959706959709,2.0,1.0,1.0,2,9,0,9,0,3,2.0,0.4782608695652174,0.391304347826087,0.13043478260869565,1.0,0.42857142857142855,0.0,13.171238253242255,32.928095633105634,0.27069293741486433,0.1083246087677455,7.133846153846154,2.5,0.5,1.5,1.0,0.5,0.5
H2_15,M,False,4-3-3,2,1,0,0,1,0,4,3,3,0,59,0.0,8.763936842105265,2.0,0.0,0.0,2,10,0,12,0,5,2.0,0.41379310344827586,0.41379310344827586,0.1724137931034483,1.0,0.37037037037037035,0.0,11.262190576815337,33.78657173044601,0.12969556236757573,0.0,0.0,3.0,0.0,0.5,0.5,0.0,0.0
H2_30,M,False,4-3-3,2,1,0,0,1,0,4,3,3,0,74,0.0,0.0,0.0,0.0,0.0,2,10,0,13,0,6,2.0,0.3870967741935484,0.41935483870967744,0.1935483870967742,1.0,0.3448275862068966,0.0,11.649747058823529,11.649747058823529,0.0,0.0,0.0,1.0,0.0,0.0,0.0,0.0,0.0
H1_15,A,False,4-3-3,4,0,0,0,0,0,4,3,3,0,14,22.865258823529416,15.440150303030302,2.0,1.0,2.0,2,2,1,6,1,1,2.0,0.3076923076923077,0.5384615384615384,0.15384615384615385,0.5,0.2222222222222222,0.25,11.192336246018954,72.7501855991232,0.26326674503371567,0.31122885268728917,11.432629411764708,6.5,2.0,2.0,0.5,1.0,0.5
H1_30,A,False,4-3-3,5,0,0,0,0,0,4,3,3,0,29,28.938217821782175,5.304981818181818,1.0,1.0,1.0,3,3,1,9,1,2,2.0,0.3157894736842105,0.5263157894736842,0.15789473684210525,0.6,0.21428571428571427,0.2,12.580450719096694,37.74135215729008,0.45365623755678836,0.38337547766147667,28.938217821782175,3.0,0.5,1.0,0.5,0.5,0.5
H1_45,A,False,4-3-3,7,0,0,0,0,0,4,3,3,0,44,12.550772093023252,38.35696788537548,2.0,2.0,1.0,4,6,2,11,1,3,2.0,0.37037037037037035,0.48148148148148145,0.14814814814814814,0.5714285714285714,0.3,0.14285714285714285,12.237960760002053,48.951843040008214,0.519977766075038,0.23293873374504914,12.550772093023252,4.0,1.0,2.0,1.0,0.5,1.0
H2_15,A,False,4-3-3,8,1,1,0,1,0,4,3,3,0,59,0.0,6.04608,2.0,0.0,1.0,4,7,3,14,1,3,2.0,0.34375,0.53125,0.125,0.5,0.2916666666666667,0.125,10.720262264288314,26.800655660720786,0.11279724042089713,0.221072130614477,0.0,2.5,0.5,0.5,0.5,0.5,0.0
H2_30,A,False,4-3-3,9,1,1,0,1,0,4,3,3,0,74,18.832935384615386,22.382170280274984,2.0,1.0,1.0,5,9,3,17,1,3,2.0,0.3684210526315789,0.5263157894736842,0.10526315789473684,0.5555555555555556,0.3103448275862069,0.1111111111111111,11.825148908969403,35.47544672690821,0.5808962179132844,0.26543619773969696,18.832935384615386,3.0,0.5,1.5,1.0,0.5,0.5
H2_15,A,False,4-3-3,2,0,0,0,0,0,4,3,3,0,14,5.99378181818182,48.181354900332224,2.0,2.0,2.0,1,3,1,3,0,0,2.0,0.5,0.5,0.0,0.5,0.5,0.0,11.32322107582824,45.29288430331296,0.5980535083140134,0.16257559413629505,5.99378181818182,4.0,1.0,2.0,1.0,1.0,1.0
H2_30,A,False,4-3-3,4,0,0,0,0,0,4,3,3,0,29,10.475888888888887,17.112945658263307,2.0,1.0,2.0,2,5,2,7,0,3,2.0,0.3684210526315789,0.47368421052631576,0.15789473684210525,0.5,0.3333333333333333,0.0,8.993064848717797,49.461856667947885,0.2788900013637198,0.236037419061636,10.475888888888887,5.5,1.0,1.5,1.0,1.0,0.5
H1_15,D,False,4-3-3,1,0,0,0,0,0,4,3,3,0,14,9.001237499999998,5.548208695652173,2.0,1.0,1.0,1,1,0,3,0,1,2.0,0.3333333333333333,0.5,0.16666666666666666,1.0,0.2,0.0,14.363650884006484,43.09095265201945,0.16882251725955186,0.10444463333973375,9.001237499999998,3.0,0.5,1.0,0.5,0.5,0.5
H1_30,D,False,4-3-3,3,0,0,0,0,0,4,3,3,0,29,25.291117241379308,7.682322580645161,2.0,1.0,2.0,2,2,1,8,0,1,2.0,0.2857142857142857,0.6428571428571429,0.07142857142857142,0.6666666666666666,0.18181818181818182,0.0,12.230099959573668,48.92039983829467,0.3370111439299092,0.4770807588445518,25.291117241379308,4.0,1.0,1.0,0.5,1.0,0.5
H1_45,D,False,4-3-3,4,0,0,0,0,0,4,3,3,0,44,12.211361904761905,40.28930426593522,2.0,2.0,1.0,3,6,1,16,0,2,2.0,0.32142857142857145,0.6071428571428571,0.07142857142857142,0.75,0.25,0.0,11.94417521984405,83.60922653890835,0.31396454879453667,0.0730264015723147,12.211361904761905,7.0,0.5,2.5,1.0,0.5,1.0
H2_15,D,False,4-3-3,5,0,0,0,0,0,4,3,3,0,59,13.38264888888889,0.0,2.0,0.0,1.0,4,6,1,19,0,5,2.0,0.2857142857142857,0.5714285714285714,0.14285714285714285,0.8,0.2,0.0,10.231583479923481,35.81054217973218,0.18685348048797645,0.18685348048797645,13.38264888888889,3.5,0.5,0.5,0.5,0.5,0.0
H2_30,D,False,4-3-3,5,0,0,0,0,0,4,3,3,0,74,0.0,4.7669999999999995,1.0,0.0,0.0,4,7,1,20,0,6,2.0,0.2894736842105263,0.5526315789473685,0.15789473684210525,0.8,0.21212121212121213,0.0,9.007366317069463,27.02209895120839,0.17641116660135783,0.0,0.0,3.0,0.0,1.0,1.0,0.0,0.0
H1_15,D,False,4-3-3,2,0,0,0,0,0,4,3,3,0,14,0.0,7.0590875,1.0,0.0,1.0,0,1,2,5,0,1,2.0,0.1111111111111111,0.7777777777777778,0.1111111111111111,0.0,0.14285714285714285,0.0,9.218627255646584,41.48382265040963,0.08508241344448877,0.1873184513913145,0.0,4.5,1.0,0.5,0.5,0.5,0.0
H1_30,D,False,4-3-3,2,0,0,0,0,0,4,3,3,0,29,0.0,0.0,2.0,0.0,0.0,0,1,2,10,0,2,2.0,0.06666666666666667,0.8,0.13333333333333333,0.0,0.07692307692307693,0.0,9.300611871250902,27.90183561375271,0.0,0.0,0.0,3.0,0.0,0.0,0.0,0.0,0.0
H1_45,D,False,4-3-3,5,0,0,0,0,0,4,3,3,0,44,0.0,12.06988679245283,2.0,0.0,1.0,0,2,3,14,2,4,2.0,0.08,0.68,0.24,0.0,0.1,0.4,13.563830464507081,67.8191523225354,0.08898582759520991,0.4564011924870206,0.0,5.0,1.5,0.5,0.5,0.5,0.0
H2_15,D,False,4-3-3,8,0,0,0,0,0,4,3,3,0,59,0.0,36.98998936170213,1.0,1.0,1.0,0,4,3,17,5,9,2.0,0.10526315789473684,0.5263157894736842,0.3684210526315789,0.0,0.13333333333333333,0.625,11.877324726404062,77.2026107216264,0.23956436845820486,0.23308735385907356,0.0,6.5,1.5,1.0,0.5,0.5,0.5
H1_15,M,False,4-3-3,5,0,0,0,0,0,4,3,3,0,14,21.237646054750403,86.4926895040002,2.0,2.0,2.0,2,7,2,4,1,4,2.0,0.45,0.3,0.25,0.4,0.4666666666666667,0.2,11.905543929843764,119.05543929843765,0.45243768866662915,0.20934391594666402,10.618823027375202,10.0,2.5,4.5,1.0,1.0,1.0
H1_30,M,False,4-3-3,6,0,0,0,0,0,4,3,3,0,29,0.0,66.04745392513695,2.0,2.0,1.0,2,11,3,10,1,7,2.0,0.38235294117647056,0.38235294117647056,0.23529411764705882,0.3333333333333333,0.39285714285714285,0.16666666666666666,14.76675554594991,103.36728882164937,0.3194794730424616,0.1538861372308843,0.0,7.0,0.5,2.0,1.0,0.5,1.0
H1_45,M,False,4-3-3,8,0,0,0,0,0,4,3,3,0,44,0.0,21.5172164983165,2.0,1.0,2.0,2,14,4,14,2,8,2.0,0.36363636363636365,0.4090909090909091,0.22727272727272727,0.25,0.3888888888888889,0.25,11.508943258983823,57.54471629491911,0.1869608357093973,0.2542867374439331,0.0,5.0,1.0,1.5,0.5,1.0,0.5
H2_30,A,False,4-3-3,3,0,0,0,0,0,4,3,3,0,14,33.41514848484849,40.36790318102949,2.0,2.0,2.0,2,3,0,4,1,0,2.0,0.5,0.4,0.1,0.6666666666666666,0.42857142857142855,0.3333333333333333,13.54371784581441,67.71858922907205,0.5447769401714175,0.3426869450299158,16.707574242424243,5.0,1.5,2.5,1.0,1.0,1.0
H1_15,A,False,4-3-3,3,0,0,0,0,0,4,3,3,0,14,7.461807407407406,34.575287980799736,2.0,1.0,2.0,1,4,2,5,0,1,2.0,0.38461538461538464,0.5384615384615384,0.07692307692307693,0.3333333333333333,0.4,0.0,9.822102681619715,63.84366743052814,0.3292189897608095,0.20730681358893346,7.461807407407406,6.5,1.5,2.5,1.0,1.0,0.5
H1_30,A,False,4-3-3,5,0,0,0,0,0,4,3,3,0,29,0.0,29.561606757634827,2.0,1.0,1.0,1,6,4,8,0,3,2.0,0.3181818181818182,0.5454545454545454,0.13636363636363635,0.2,0.35294117647058826,0.0,15.735749037664643,70.8108706694909,0.20873635981411218,0.25124262141850784,0.0,4.5,1.0,1.0,0.5,0.5,0.5
H1_45,A,False,4-3-3,7,0,0,0,0,0,4,3,3,0,44,0.0,29.823534314574314,2.0,0.0,1.0,1,8,6,11,0,5,2.0,0.2903225806451613,0.5483870967741935,0.16129032258064516,0.14285714285714285,0.3333333333333333,0.0,13.776993684424257,61.996471579909155,0.2405260618431635,0.35941164206282916,0.0,4.5,1.0,1.0,1.0,0.5,0.0
H2_15,A,False,4-3-3,8,0,0,0,0,0,4,3,3,0,59,0.0,13.166606896551723,1.0,0.0,1.0,1,9,7,14,0,8,2.0,0.2564102564102564,0.5384615384615384,0.20512820512820512,0.125,0.2903225806451613,0.0,10.756747048957509,86.05397639166007,0.15300404988406516,0.17201315903358055,0.0,8.0,1.0,1.0,1.0,1.0,0.0
H2_30,A,False,4-3-3,8,0,0,0,0,0,4,3,3,0,74,0.0,50.559658760537715,2.0,1.0,0.0,1,12,7,16,0,11,2.0,0.2765957446808511,0.48936170212765956,0.23404255319148937,0.125,0.3076923076923077,0.0,12.733733097393431,50.934932389573724,0.49631614678345165,0.0,0.0,4.0,0.0,1.5,1.0,0.0,0.5
H2_15,M,False,4-3-3,1,0,0,0,0,0,4,3,3,0,14,0.0,20.93153734939759,1.0,0.0,1.0,0,1,0,3,1,5,2.0,0.1,0.3,0.6,0.0,0.1111111111111111,1.0,13.130757560298449,65.65378780149224,0.15940845189835215,0.1996530900673711,0.0,5.0,0.5,0.5,0.5,0.5,0.0
H2_30,M,False,4-3-3,2,0,0,0,0,0,4,3,3,0,29,6.5937166666666664,34.294156011183595,2.0,1.0,1.0,1,3,0,6,1,8,2.0,0.21052631578947367,0.3157894736842105,0.47368421052631576,0.5,0.17647058823529413,0.5,13.929879944102627,62.68445974846182,0.3261404249308664,0.05259450821723375,6.5937166666666664,4.5,0.5,1.5,0.5,0.5,0.5
H1_15,G,True,5-4-1,0,0,0,0,0,0,5,4,1,0,14,0.0,0.0,0.0,0.0,0.0,0,0,0,0,0,0,0.0,0.0,0.0,0.0,0.0,0.0,0.0,0.0,0.0,0.0,0.0,0.0,0.0,0.0,0.0,0.0,0.0,0.0
H1_30,G,True,5-4-1,1,0,0,0,0,0,5,4,1,0,29,0.0,0.0,1.0,0.0,1.0,0,0,0,0,1,1,1.0,0.0,0.0,1.0,0.0,0.0,1.0,235.38639999999998,470.77279999999996,0.0,0.6872826977259519,0.0,2.0,1.0,0.0,0.0,1.0,0.0
H1_45,G,True,5-4-1,1,0,0,0,0,0,5,4,1,0,44,0.0,0.0,0.0,0.0,0.0,0,0,0,0,1,1,1.0,0.0,0.0,0.0,0.0,0.0,0.0,0.0,0.0,0.0,0.0,0.0,0.0,0.0,0.0,0.0,0.0,0.0
H2_15,G,True,5-4-1,1,0,0,0,0,0,5,4,1,0,59,0.0,0.0,0.0,0.0,0.0,0,0,0,1,1,1,1.0,0.0,0.3333333333333333,0.6666666666666666,0.0,0.0,1.0,160.8532,160.8532,0.0,0.0,0.0,1.0,0.0,0.0,0.0,0.0,0.0
H2_30,G,True,5-4-1,1,0,0,0,0,0,5,4,1,0,74,0.0,0.0,0.0,0.0,0.0,0,0,0,1,1,1,1.0,0.0,0.0,0.0,0.0,0.0,0.0,0.0,0.0,0.0,0.0,0.0,0.0,0.0,0.0,0.0,0.0,0.0
H2_15,D,True,5-4-1,5,2,0,2,2,0,5,4,1,0,59,0.0,0.0,1.0,0.0,0.0,1,3,2,9,2,5,2.0,0.18181818181818182,0.5,0.3181818181818182,0.2,0.17647058823529413,0.4,272.16426666666666,816.4928,0.0,0.0,0.0,3.0,0.0,0.0,0.0,0.0,0.0
H2_30,D,True,5-4-1,4,1,0,1,1,0,5,4,1,0,74,0.0,0.0,0.0,0.0,0.0,1,5,2,12,1,11,2.0,0.1875,0.4375,0.375,0.25,0.17857142857142858,0.25,261.812,261.812,0.0,0.0,0.0,1.0,0.0,0.0,0.0,0.0,0.0
H2_15,M,True,5-4-1,4,0,0,0,0,1,5,4,1,0,59,0.0,397.0792,0.0,0.0,0.0,1,8,3,9,0,10,2.0,0.2903225806451613,0.3870967741935484,0.3225806451612903,0.25,0.2962962962962963,0.0,397.0792,397.0792,1.0,0.0,0.0,1.0,0.0,1.0,1.0,0.0,0.0
H2_30,M,True,5-4-1,4,2,1,1,2,0,5,4,1,0,74,0.0,0.0,0.0,0.0,0.0,1,8,3,10,0,10,2.0,0.28125,0.40625,0.3125,0.25,0.2857142857142857,0.0,193.1012,193.1012,0.0,0.0,0.0,1.0,0.0,0.0,0.0,0.0,0.0
H2_30,A,True,5-4-1,0,0,0,0,0,0,5,4,1,0,11,0.0,214.0056,0.0,0.0,0.0,0,1,0,1,0,0,2.0,0.5,0.5,0.0,0.0,0.5,0.0,254.6832,254.6832,0.4201407866714412,0.0,0.0,1.0,0.0,0.5,0.5,0.0,0.0
H1_30,D,False,4-3-3,2,0,0,0,0,0,4,3,3,0,29,0.0,0.0,0.0,0.0,0.0,0,0,2,3,0,5,2.0,0.0,0.5,0.5,0.0,0.0,0.0,242.53079999999997,242.53079999999997,0.0,0.0,0.0,1.0,0.0,0.0,0.0,0.0,0.0
H2_30,M,False,4-3-3,0,0,0,0,0,0,4,3,3,0,9,0.0,0.0,1.0,0.0,0.0,0,0,0,3,0,0,2.0,0.0,1.0,0.0,0.0,0.0,0.0,260.8769333333333,391.31539999999995,0.0,0.0,0.0,1.5,0.0,0.0,0.0,0.0,0.0
H2_30,M,False,4-3-3,7,1,0,0,1,1,4,3,3,0,74,0.0,0.0,1.0,0.0,0.0,2,6,3,17,2,7,2.0,0.21621621621621623,0.5405405405405406,0.24324324324324326,0.2857142857142857,0.2,0.2857142857142857,217.82399999999998,435.64799999999997,0.0,0.0,0.0,2.0,0.0,0.0,0.0,0.0,0.0
H1_15,D,False,4-3-3,0,0,0,0,0,0,4,3,3,0,14,0.0,0.0,1.0,0.0,0.0,0,0,0,3,0,0,2.0,0.0,1.0,0.0,0.0,0.0,0.0,185.1032,277.65479999999997,0.0,0.0,0.0,1.5,0.0,0.0,0.0,0.0,0.0
H1_45,D,False,4-3-3,1,0,0,0,0,0,4,3,3,0,44,0.0,575.8248,1.0,1.0,1.0,1,4,1,6,0,3,2.0,0.3333333333333333,0.4666666666666667,0.2,0.5,0.3076923076923077,0.0,313.46744,783.6686,0.3673905015461893,0.5304091550943856,0.0,2.5,0.5,1.5,1.0,0.5,0.5
H2_30,D,False,4-3-3,3,0,0,0,0,0,4,3,3,0,74,0.0,187.7152,1.0,0.0,0.0,2,7,1,12,0,5,2.0,0.3333333333333333,0.48148148148148145,0.18518518518518517,0.6666666666666666,0.2916666666666667,0.0,220.655,441.31,0.2126795223312411,0.0,0.0,2.0,0.0,0.5,0.5,0.0,0.0
H1_15,G,False,4-3-3,0,0,0,0,0,0,4,3,3,0,14,0.0,0.0,0.0,0.0,0.0,0,0,0,1,0,0,1.0,0.0,1.0,0.0,0.0,0.0,0.0,144.8728,144.8728,0.0,0.0,0.0,1.0,0.0,0.0,0.0,0.0,0.0
H1_30,G,False,4-3-3,0,0,0,0,0,0,4,3,3,0,29,0.0,0.0,0.0,0.0,0.0,0,0,0,1,0,0,1.0,0.0,0.0,0.0,0.0,0.0,0.0,0.0,0.0,0.0,0.0,0.0,0.0,0.0,0.0,0.0,0.0,0.0
H1_45,G,False,4-3-3,0,0,0,0,0,0,4,3,3,0,44,0.0,0.0,0.0,0.0,0.0,0,0,0,1,0,0,1.0,0.0,0.0,0.0,0.0,0.0,0.0,0.0,0.0,0.0,0.0,0.0,0.0,0.0,0.0,0.0,0.0,0.0
H2_15,G,False,4-3-3,0,0,0,0,0,0,4,3,3,0,59,0.0,0.0,0.0,0.0,0.0,0,0,0,1,0,0,1.0,0.0,0.0,0.0,0.0,0.0,0.0,0.0,0.0,0.0,0.0,0.0,0.0,0.0,0.0,0.0,0.0,0.0
H2_30,G,False,4-3-3,0,0,0,0,0,0,4,3,3,0,74,0.0,0.0,0.0,0.0,0.0,0,0,0,1,0,0,1.0,0.0,0.0,0.0,0.0,0.0,0.0,0.0,0.0,0.0,0.0,0.0,0.0,0.0,0.0,0.0,0.0,0.0
H1_15,G,True,4-3-3,0,0,0,0,0,0,4,3,3,0,14,0.0,0.0,0.0,0.0,0.0,0,0,0,0,0,0,0.0,0.0,0.0,0.0,0.0,0.0,0.0,0.0,0.0,0.0,0.0,0.0,0.0,0.0,0.0,0.0,0.0,0.0
H1_30,G,True,4-3-3,0,0,0,0,0,0,4,3,3,0,29,0.0,0.0,0.0,0.0,0.0,0,0,0,0,0,0,0.0,0.0,0.0,0.0,0.0,0.0,0.0,0.0,0.0,0.0,0.0,0.0,0.0,0.0,0.0,0.0,0.0,0.0
H1_45,G,True,4-3-3,0,0,0,0,0,0,4,3,3,0,44,0.0,0.0,0.0,0.0,0.0,0,0,0,0,0,0,0.0,0.0,0.0,0.0,0.0,0.0,0.0,0.0,0.0,0.0,0.0,0.0,0.0,0.0,0.0,0.0,0.0,0.0
H2_15,G,True,4-3-3,0,0,0,0,0,0,4,3,3,0,59,0.0,0.0,0.0,0.0,0.0,0,0,0,0,0,0,0.0,0.0,0.0,0.0,0.0,0.0,0.0,0.0,0.0,0.0,0.0,0.0,0.0,0.0,0.0,0.0,0.0,0.0
H2_30,G,True,4-3-3,1,0,0,0,0,0,4,3,3,0,74,0.0,0.0,1.0,0.0,1.0,0,0,0,0,1,1,1.0,0.0,0.0,1.0,0.0,0.0,1.0,8.40917962962963,16.81835925925926,0.0,0.47564246919757225,0.0,2.0,1.0,0.0,0.0,1.0,0.0
H1_15,D,True,4-3-3,2,0,0,0,0,0,4,3,3,0,14,5.99187272727273,18.972175609756096,2.0,1.0,1.0,1,1,1,4,0,3,2.0,0.2,0.5,0.3,0.5,0.125,0.0,11.227905160801003,56.13952580400501,0.22233932313735258,0.13273366682240062,5.99187272727273,5.0,1.0,1.0,0.5,0.5,0.5
H1_30,D,True,4-3-3,3,0,0,0,0,0,4,3,3,0,29,6.690666666666669,13.07899636363636,2.0,0.0,1.0,2,2,1,7,0,4,2.0,0.25,0.5,0.25,0.6666666666666666,0.15384615384615385,0.0,13.221875300450174,39.66562590135052,0.24920397171433412,0.0843383473048747,6.690666666666669,3.0,0.5,1.0,1.0,0.5,0.0
H1_45,D,True,4-3-3,3,0,0,0,0,0,4,3,3,0,44,0.0,24.317107766599598,2.0,1.0,0.0,2,4,1,11,0,5,2.0,0.2608695652173913,0.5217391304347826,0.21739130434782608,0.6666666666666666,0.2,0.0,16.694801601676893,58.43180560586912,0.20808109140612532,0.0,0.0,3.5,0.0,1.0,0.5,0.0,0.5
H2_15,D,True,4-3-3,3,0,0,0,0,0,4,3,3,0,59,0.0,0.0,1.0,0.0,0.0,2,4,1,15,0,9,2.0,0.1935483870967742,0.5161290322580645,0.2903225806451613,0.6666666666666666,0.14285714285714285,0.0,11.026715529746351,88.21372423797081,0.0,0.0,0.0,8.0,0.0,0.0,0.0,0.0,0.0
H2_30,D,True,4-3-3,4,0,0,0,0,0,4,3,3,0,74,29.817195789473686,15.155621999999997,2.0,1.0,1.0,3,6,1,16,0,15,2.0,0.21951219512195122,0.4146341463414634,0.36585365853658536,0.75,0.16216216216216217,0.0,11.391578015538839,56.957890077694195,0.3947900609391244,0.26174772054232637,29.817195789473686,5.0,0.5,1.5,0.5,0.5,0.5
H1_15,D,True,4-3-3,2,0,0,0,0,0,4,3,3,0,14,0.0,0.0,1.0,0.0,1.0,0,0,1,1,1,3,1.0,0.0,0.3333333333333333,0.6666666666666666,0.0,0.0,0.5,9.63421128965597,57.80526773793582,0.0,0.49300666126972087,0.0,6.0,2.0,0.0,0.0,1.0,0.0
H1_30,D,True,4-3-3,2,0,0,0,0,0,4,3,3,0,29,0.0,0.0,1.0,0.0,0.0,0,0,1,2,1,5,1.0,0.0,0.3333333333333333,0.6666666666666666,0.0,0.0,0.5,10.65544670976083,31.96634012928249,0.0,0.0,0.0,3.0,0.0,0.0,0.0,0.0,0.0
H1_45,D,True,4-3-3,2,0,0,0,0,0,4,3,3,0,44,0.0,0.0,1.0,0.0,0.0,0,0,1,4,1,6,2.0,0.0,0.4166666666666667,0.5833333333333334,0.0,0.0,0.5,13.509663662131517,20.264495493197277,0.0,0.0,0.0,1.5,0.0,0.0,0.0,0.0,0.0
H2_15,D,True,4-3-3,2,0,0,0,0,0,4,3,3,0,59,0.0,0.0,1.0,0.0,0.0,0,0,1,5,1,9,2.0,0.0,0.375,0.625,0.0,0.0,0.5,9.223864844792255,36.89545937916902,0.0,0.0,0.0,4.0,0.0,0.0,0.0,0.0,0.0
H2_30,D,True,4-3-3,2,0,0,0,0,0,4,3,3,0,74,0.0,8.277873684210526,1.0,0.0,0.0,0,1,1,5,1,10,2.0,0.05555555555555555,0.3333333333333333,0.6111111111111112,0.0,0.0625,0.5,9.286036842105263,18.572073684210526,0.44571617714655903,0.0,0.0,2.0,0.0,1.0,1.0,0.0,0.0
H1_15,D,True,4-3-3,1,0,0,0,0,0,4,3,3,0,14,0.0,0.0,1.0,0.0,1.0,0,0,0,3,1,4,2.0,0.0,0.375,0.625,0.0,0.0,1.0,8.805396605468175,35.2215864218727,0.0,0.14140516631077615,0.0,4.0,0.5,0.0,0.0,0.5,0.0
H1_30,D,True,4-3-3,1,0,0,0,0,0,4,3,3,0,29,0.0,0.0,0.0,0.0,0.0,0,0,0,3,1,5,2.0,0.0,0.3333333333333333,0.6666666666666666,0.0,0.0,1.0,5.1221000000000005,5.1221000000000005,0.0,0.0,0.0,1.0,0.0,0.0,0.0,0.0,0.0
H1_45,D,True,4-3-3,1,0,0,0,0,0,4,3,3,0,44,0.0,12.444392307692306,1.0,0.0,0.0,0,1,0,6,1,6,2.0,0.07142857142857142,0.42857142857142855,0.5,0.0,0.07692307692307693,1.0,10.130017576221457,25.32504394055364,0.24569340011617477,0.0,0.0,2.5,0.0,0.5,0.5,0.0,0.0
H2_15,D,True,4-3-3,2,0,0,0,0,0,4,3,3,0,59,0.0,9.065046153846154,1.0,0.0,1.0,0,2,0,7,2,10,2.0,0.09523809523809523,0.3333333333333333,0.5714285714285714,0.0,0.10526315789473684,1.0,8.677502093853207,30.371257328486223,0.1492372550764262,0.14329125188337666,0.0,3.5,0.5,0.5,0.5,0.5,0.0
H2_30,D,True,4-3-3,2,0,0,0,0,0,4,3,3,0,74,0.0,25.921981651376147,1.0,0.0,0.0,0,3,0,7,2,14,2.0,0.11538461538461539,0.2692307692307692,0.6153846153846154,0.0,0.125,1.0,12.055404236134265,60.277021180671326,0.4300474898001163,0.0,0.0,5.0,0.0,1.0,1.0,0.0,0.0
H1_15,D,True,4-3-3,0,0,0,0,0,0,4,3,3,0,14,0.0,7.737529411764707,2.0,0.0,0.0,0,1,0,3,0,4,2.0,0.125,0.375,0.5,0.0,0.125,0.0,11.420204974225422,45.68081989690169,0.08469122740383986,0.0,0.0,4.0,0.0,0.5,0.5,0.0,0.0
H1_30,D,True,4-3-3,0,0,0,0,0,0,4,3,3,0,29,0.0,9.917658536585366,1.0,0.0,0.0,0,2,0,5,0,5,2.0,0.16666666666666666,0.4166666666666667,0.4166666666666667,0.0,0.16666666666666666,0.0,14.278091220811394,57.112364883245576,0.17365168745612214,0.0,0.0,4.0,0.0,1.0,1.0,0.0,0.0
H1_45,D,True,4-3-3,2,0,0,0,0,0,4,3,3,0,44,0.0,7.84145,2.0,0.0,1.0,0,3,1,9,1,7,2.0,0.14285714285714285,0.47619047619047616,0.38095238095238093,0.0,0.15789473684210525,0.5,11.441005799055219,51.484526095748485,0.07615346391085394,0.18036785719895143,0.0,4.5,1.0,0.5,0.5,0.5,0.0
H1_15,M,True,4-3-3,1,0,0,0,0,0,4,3,3,0,14,0.0,22.03624233826587,2.0,1.0,1.0,0,3,0,5,1,4,2.0,0.23076923076923078,0.38461538461538464,0.38461538461538464,0.0,0.25,1.0,9.661057547690163,62.79687405998606,0.17545652286144034,0.12279757263614048,0.0,6.5,0.5,1.5,1.0,0.5,0.5
H1_30,M,True,4-3-3,1,0,0,0,0,0,4,3,3,0,29,0.0,0.0,1.0,0.0,0.0,0,3,0,9,1,4,2.0,0.17647058823529413,0.5294117647058824,0.29411764705882354,0.0,0.1875,1.0,11.229459556858911,22.458919113717823,0.0,0.0,0.0,2.0,0.0,0.0,0.0,0.0,0.0
H1_45,M,True,4-3-3,3,1,0,0,0,0,4,3,3,0,44,0.0,0.0,2.0,0.0,2.0,0,3,2,15,1,6,2.0,0.1111111111111111,0.6296296296296297,0.25925925925925924,0.0,0.125,0.3333333333333333,12.221238493851052,61.10619246925526,0.0,0.26814315187640486,0.0,5.0,1.0,0.0,0.0,1.0,0.0
H2_15,M,True,4-3-3,4,2,0,1,1,0,4,3,3,0,59,0.0,0.0,2.0,0.0,1.0,0,3,2,19,2,8,2.0,0.08823529411764706,0.6176470588235294,0.29411764705882354,0.0,0.1,0.5,16.561337267325353,57.96468043563873,0.0,0.11742908059318413,0.0,3.5,0.5,0.0,0.0,0.5,0.0
H2_30,M,True,4-3-3,7,2,0,1,1,0,4,3,3,0,74,7.070769230769231,27.610152902873836,2.0,2.0,2.0,1,6,4,21,2,11,2.0,0.15555555555555556,0.5555555555555556,0.28888888888888886,0.14285714285714285,0.15789473684210525,0.2857142857142857,13.572935867444402,74.65114727094421,0.23228659840799,0.31346253613205827,7.070769230769231,5.5,1.5,2.0,1.0,1.0,1.0
H1_15,M,True,4-3-3,3,0,0,0,0,0,4,3,3,0,14,33.60077488947834,32.599282070634466,2.0,2.0,2.0,2,4,1,3,0,2,2.0,0.5,0.3333333333333333,0.16666666666666666,0.6666666666666666,0.4444444444444444,0.0,11.233004759320927,67.39802855592556,0.4911127104050328,0.2983836650560962,16.80038744473917,6.0,1.5,3.0,1.0,1.0,1.0
H1_30,M,True,4-3-3,5,0,0,0,0,0,4,3,3,0,29,0.0,28.149322677494773,2.0,1.0,2.0,2,7,2,7,1,2,2.0,0.42857142857142855,0.42857142857142855,0.14285714285714285,0.4,0.4375,0.2,10.92605105581297,49.16722975115836,0.28626101999199566,0.34950607157574404,0.0,4.5,1.0,1.5,1.0,1.0,0.5
H1_45,M,True,4-3-3,7,0,0,0,0,0,4,3,3,0,44,0.0,62.42827226996174,2.0,0.0,1.0,2,9,4,13,2,5,2.0,0.3142857142857143,0.4857142857142857,0.2,0.25,0.3333333333333333,0.25,14.542569862182473,101.79798903527731,0.3066282195826467,0.16731265365799458,0.0,7.0,1.5,1.0,1.0,0.5,0.0
H2_15,M,True,4-3-3,11,0,0,0,0,0,4,3,3,0,59,11.11851,22.147640883116885,2.0,2.0,2.0,3,12,5,17,3,6,2.0,0.32608695652173914,0.4782608695652174,0.1956521739130435,0.2727272727272727,0.34285714285714286,0.2727272727272727,10.28084521484663,56.54464868165647,0.29415825952340463,0.3313760214477081,11.11851,5.5,1.5,2.0,1.0,1.0,1.0
H2_30,M,True,4-3-3,11,0,0,0,0,0,4,3,3,0,74,0.0,42.02048156779661,1.0,1.0,0.0,3,15,5,18,3,7,2.0,0.35294117647058826,0.45098039215686275,0.19607843137254902,0.2727272727272727,0.375,0.2727272727272727,16.4066658420953,41.016664605238255,0.5122366966234275,0.0,0.0,2.5,0.0,1.5,0.5,0.0,0.5
H1_15,M,True,4-3-3,0,1,0,1,1,0,4,3,3,0,14,0.0,72.222661373475,2.0,1.0,0.0,0,4,0,0,0,4,2.0,0.5,0.0,0.5,0.0,0.5,0.0,16.250186428639797,65.00074571455919,0.5555525600477705,0.0,0.0,4.0,0.0,2.0,1.0,0.0,0.5
H1_30,M,True,4-3-3,1,2,1,2,2,0,4,3,3,0,29,0.0,15.787594285714285,2.0,0.0,1.0,0,5,1,4,0,4,2.0,0.35714285714285715,0.35714285714285715,0.2857142857142857,0.0,0.38461538461538464,0.0,12.980695862715407,38.94208758814622,0.20270605999201682,0.17721800647727698,0.0,3.0,0.5,0.5,0.5,0.5,0.0
H1_45,M,True,4-3-3,5,2,1,2,2,0,4,3,3,0,44,28.501448616600783,28.62884492610837,2.0,1.0,2.0,3,9,2,8,0,4,2.0,0.46153846153846156,0.38461538461538464,0.15384615384615385,0.6,0.42857142857142855,0.0,12.108309419545987,72.64985651727592,0.39318930746355807,0.4104899821957501,9.50048287220026,6.0,2.0,3.5,1.0,1.0,0.5
H2_15,M,True,4-3-3,5,2,1,2,2,0,4,3,3,0,59,0.0,21.037541473684207,2.0,0.0,0.0,3,11,2,10,0,8,2.0,0.4117647058823529,0.35294117647058826,0.23529411764705882,0.6,0.3793103448275862,0.0,13.96382580928017,55.85530323712068,0.18832179089937284,0.0,0.0,4.0,0.0,1.0,1.0,0.0,0.0
H2_30,M,True,4-3-3,5,2,1,2,2,0,4,3,3,0,74,0.0,14.106498245614034,2.0,0.0,0.0,3,12,2,12,0,11,2.0,0.375,0.35,0.275,0.6,0.34285714285714286,0.0,11.771493574967904,35.31448072490371,0.19972682531427052,0.0,0.0,3.0,0.0,0.5,0.5,0.0,0.0
H1_15,A,True,4-3-3,3,0,0,0,0,0,4,3,3,0,14,63.23029349218169,57.253882617540924,1.0,1.0,1.0,3,6,0,1,0,0,1.0,0.9,0.1,0.0,1.0,0.8571428571428571,0.0,12.562774277638928,125.62774277638928,0.9590570796466354,0.5033147304471454,21.076764497393896,10.0,3.0,9.0,1.0,1.0,1.0
H1_30,A,True,4-3-3,6,1,1,1,1,0,4,3,3,0,29,51.36079047619047,57.265720946585525,2.0,2.0,2.0,5,9,1,3,0,1,2.0,0.7368421052631579,0.21052631578947367,0.05263157894736842,0.8333333333333334,0.6923076923076923,0.0,16.946542148826964,76.25943966972133,0.712216821243613,0.41188448766646985,25.680395238095237,4.5,1.5,2.5,1.0,1.0,1.0
H1_45,A,True,4-3-3,8,1,1,1,1,0,4,3,3,0,44,10.6085,14.177398692810456,2.0,1.0,2.0,6,11,2,4,1,3,2.0,0.6296296296296297,0.2222222222222222,0.14814814814814814,0.6666666666666666,0.6111111111111112,0.1111111111111111,13.825384502706807,55.30153801082723,0.22409773384564585,0.6581916980817089,10.6085,4.0,1.5,1.5,0.5,1.0,0.5
H2_15,A,True,4-3-3,14,1,1,1,1,0,4,3,3,0,59,45.59082847873107,37.32194027039627,1.0,1.0,1.0,8,14,5,4,1,3,2.0,0.6285714285714286,0.2571428571428571,0.11428571428571428,0.5714285714285714,0.6666666666666666,0.07142857142857142,22.872815642513096,91.49126257005238,0.4531185078227731,0.7960354944177328,22.795414239365535,4.0,2.5,2.5,0.5,1.0,0.5
H2_30,A,True,4-3-3,16,1,1,1,1,0,4,3,3,0,74,0.0,76.64633207825764,2.0,1.0,2.0,8,19,7,8,1,5,2.0,0.5625,0.3125,0.125,0.5,0.59375,0.0625,14.965090347959482,97.27308726173663,0.39397501526821216,0.32519712687556573,0.0,6.5,1.0,2.5,0.5,1.0,0.5
H2_15,D,True,4-3-3,1,0,0,0,0,0,4,3,3,0,14,49.783878620689656,0.0,1.0,0.0,0.0,1,0,0,0,0,3,2.0,0.25,0.0,0.75,1.0,0.0,0.0,20.450388487759795,40.90077697551959,0.6085933116929158,0.6085933116929158,49.783878620689656,2.0,0.5,0.5,0.5,0.5,0.0
H2_30,D,True,4-3-3,5,0,0,0,0,0,4,3,3,0,29,40.7355558121228,23.716092071086813,2.0,1.0,2.0,3,3,1,2,1,6,2.0,0.375,0.1875,0.4375,0.6,0.2727272727272727,0.2,13.127607023523867,78.7656421411432,0.40913554521472834,0.3895035714829572,20.3677779060614,6.0,2.0,2.5,1.0,1.0,0.5
H1_15,A,True,4-3-3,5,0,0,0,0,0,4,3,3,0,14,30.886463664596274,34.05314395922238,2.0,2.0,2.0,3,3,0,5,2,1,2.0,0.42857142857142855,0.35714285714285715,0.21428571428571427,0.6,0.3333333333333333,0.4,10.964129372418169,76.74890560692718,0.4230653656249488,0.41133882719435766,10.295487888198759,7.0,2.5,3.0,1.0,1.0,1.0
H1_30,A,True,4-3-3,8,1,0,1,1,0,4,3,3,0,29,6.670383333333333,65.41480880141562,2.0,2.0,1.0,4,9,2,9,2,3,2.0,0.4482758620689655,0.3793103448275862,0.1724137931034483,0.5,0.42857142857142855,0.25,13.119217739690475,98.39413304767857,0.3663083859879066,0.2576414367290588,6.670383333333333,7.5,1.5,3.5,1.0,0.5,1.0
H1_45,A,True,4-3-3,12,1,0,1,1,0,4,3,3,0,44,37.84713952941176,45.51314646464646,2.0,1.0,2.0,6,12,4,12,3,9,2.0,0.391304347826087,0.34782608695652173,0.2608695652173913,0.46153846153846156,0.36363636363636365,0.23076923076923078,15.442820552603477,131.26397469712956,0.3175291856977462,0.46100952159901404,18.92356976470588,8.5,2.5,2.5,1.0,1.0,0.5
H2_15,A,True,4-3-3,14,2,0,2,1,0,4,3,3,0,59,24.626179487179485,50.48523337379218,2.0,2.0,1.0,7,15,4,15,3,12,2.0,0.39285714285714285,0.3392857142857143,0.26785714285714285,0.5,0.35714285714285715,0.21428571428571427,16.06324646414459,80.31623232072296,0.4675979605282832,0.15330761152266795,24.626179487179485,5.0,0.5,2.0,1.0,0.5,1.0
H2_30,A,True,4-3-3,3,0,0,0,0,0,4,3,3,0,15,17.421373584905655,59.30749501278772,1.0,1.0,1.0,1,4,2,1,0,3,2.0,0.45454545454545453,0.2727272727272727,0.2727272727272727,0.3333333333333333,0.5,0.0,16.399872640752378,90.19929952413808,0.4253296256317384,0.5137274266312598,17.421373584905655,5.5,1.5,2.5,0.5,0.5,0.5
H1_15,A,True,4-3-3,5,1,0,0,1,0,4,3,3,0,14,17.16155042016807,71.18773581122765,2.0,2.0,2.0,2,7,2,7,1,2,2.0,0.42857142857142855,0.42857142857142855,0.14285714285714285,0.4,0.4375,0.2,11.511408507818206,120.86978933209116,0.365472988410094,0.20444078948332764,8.580775210084035,10.5,2.5,4.5,1.0,1.0,1.0
H1_30,A,True,4-3-3,9,3,0,1,3,0,4,3,3,0,29,14.032544680851066,17.134916666666665,2.0,1.0,2.0,3,9,5,13,1,3,2.0,0.35294117647058826,0.5294117647058824,0.11764705882352941,0.3333333333333333,0.36,0.1111111111111111,15.133063803246152,98.36491472109999,0.15842773531542584,0.5742270470794547,14.032544680851066,6.5,2.0,1.5,1.0,1.0,0.5
H1_45,A,True,4-3-3,13,4,0,2,4,0,4,3,3,0,44,17.3415,31.30721189820609,2.0,1.0,2.0,4,12,7,17,2,7,2.0,0.32653061224489793,0.4897959183673469,0.1836734693877551,0.3076923076923077,0.3333333333333333,0.15384615384615385,14.250915414348464,106.88186560761348,0.22758169321635002,0.4020012849597277,17.3415,7.5,2.0,2.0,1.0,1.0,0.5
H2_15,A,True,4-3-3,16,4,0,2,4,0,4,3,3,0,59,0.0,91.11711017171923,2.0,2.0,2.0,4,18,9,20,3,12,2.0,0.3333333333333333,0.4393939393939394,0.22727272727272727,0.25,0.36,0.1875,17.67184918654929,150.210718085669,0.3032976319298095,0.31343896245784103,0.0,8.5,1.5,3.0,1.0,1.0,1.0
H2_30,A,True,4-3-3,4,1,0,0,1,0,4,3,3,0,15,79.41290235246606,52.668980327220424,2.0,2.0,1.0,3,5,1,4,0,3,2.0,0.5,0.3125,0.1875,0.75,0.4166666666666667,0.0,16.36189480401866,130.8951584321493,0.504533109787068,0.3824212665441785,26.47096745082202,8.0,2.0,4.0,1.0,0.5,1.0
H1_15,D,False,4-2-3-1,1,0,0,0,0,0,4,2,3,1,14,12.585153488372091,10.63872340425532,1.0,0.0,1.0,1,1,0,0,0,4,2.0,0.3333333333333333,0.0,0.6666666666666666,1.0,0.2,0.0,15.06106339910765,45.18319019732295,0.25699686975625946,0.1392680932157569,12.585153488372091,3.0,0.5,1.0,1.0,0.5,0.0
H1_30,D,False,4-2-3-1,3,0,0,0,0,0,4,2,3,1,29,0.0,0.0,1.0,0.0,1.0,1,1,0,3,2,7,2.0,0.14285714285714285,0.21428571428571427,0.6428571428571429,0.3333333333333333,0.09090909090909091,0.6666666666666666,14.384260030555405,115.07408024444324,0.0,0.24269886630162976,0.0,8.0,2.0,0.0,0.0,1.0,0.0
H1_45,D,False,4-2-3-1,6,0,0,0,0,0,4,2,3,1,44,11.14900512820513,22.674098461538463,1.0,1.0,1.0,2,3,1,5,4,13,2.0,0.17857142857142858,0.21428571428571427,0.6071428571428571,0.2857142857142857,0.14285714285714285,0.5714285714285714,11.626286554155831,162.76801175818164,0.20779945165142963,0.27418412682430804,11.14900512820513,14.0,4.0,3.0,1.0,1.0,1.0
H2_15,D,False,4-2-3-1,10,1,0,1,1,0,4,2,3,1,59,0.0,0.0,1.0,0.0,1.0,2,3,2,6,6,16,2.0,0.14285714285714285,0.22857142857142856,0.6285714285714286,0.2,0.12,0.6,13.010223000269587,91.0715610018871,0.0,0.5160401983533186,0.0,7.0,3.0,0.0,0.0,1.0,0.0
H2_30,D,False,4-2-3-1,13,1,0,1,1,0,4,2,3,1,74,13.512646808510642,54.6794023614592,2.0,2.0,2.0,3,7,2,7,8,19,2.0,0.21739130434782608,0.1956521739130435,0.5869565217391305,0.23076923076923078,0.21212121212121213,0.6153846153846154,15.038441458292299,82.71142802060764,0.4122287016552279,0.32158590856077185,13.512646808510642,5.5,1.5,2.5,1.0,1.0,1.0
H1_15,D,False,4-2-3-1,3,1,0,1,1,0,4,2,3,1,14,13.761782608695652,3.2752571428571424,2.0,1.0,2.0,1,1,1,2,1,3,2.0,0.2222222222222222,0.3333333333333333,0.4444444444444444,0.3333333333333333,0.16666666666666666,0.3333333333333333,11.303830792454084,50.867238566043376,0.1674657425076534,0.2854758245560324,13.761782608695652,4.5,1.5,1.0,0.5,1.0,0.5
H1_30,D,False,4-2-3-1,6,1,0,1,1,0,4,2,3,1,29,30.058391489361707,8.316388888888888,2.0,1.0,2.0,2,2,2,5,2,4,2.0,0.23529411764705882,0.4117647058823529,0.35294117647058826,0.3333333333333333,0.18181818181818182,0.3333333333333333,17.685343578631716,70.74137431452687,0.27123292945674554,0.4991602236735412,30.058391489361707,4.0,1.5,1.0,0.5,1.0,0.5
H1_45,D,False,4-2-3-1,8,2,0,2,2,0,4,2,3,1,44,0.0,12.18235294117647,2.0,0.0,1.0,2,3,2,12,5,6,2.0,0.16666666666666666,0.4666666666666667,0.36666666666666664,0.2222222222222222,0.14285714285714285,0.5555555555555556,14.89841537804227,96.83969995727475,0.06289958016470142,0.2529064516132586,0.0,6.5,1.5,0.5,0.5,0.5,0.0
H2_15,D,False,4-2-3-1,12,2,0,2,2,0,4,2,3,1,59,25.842437935483865,70.64158605998844,2.0,1.0,1.0,4,8,3,15,5,7,2.0,0.2857142857142857,0.42857142857142855,0.2857142857142857,0.3333333333333333,0.26666666666666666,0.4166666666666667,13.690306302201433,82.1418378132086,0.587301347060666,0.2676102606657788,12.921218967741932,6.0,1.5,3.5,0.5,0.5,0.5
H2_30,D,False,4-2-3-1,15,2,0,2,2,0,4,2,3,1,74,0.0,49.6173539128244,2.0,2.0,1.0,4,12,3,17,8,10,2.0,0.2962962962962963,0.37037037037037035,0.3333333333333333,0.26666666666666666,0.3076923076923077,0.5333333333333333,12.090110261156505,72.54066156693904,0.34199683902137096,0.3484193705021022,0.0,6.0,1.5,2.0,1.0,0.5,1.0
H1_15,D,False,4-2-3-1,4,0,0,0,0,0,4,2,3,1,14,0.0,13.474013793103447,2.0,0.0,1.0,0,1,2,3,2,3,2.0,0.09090909090909091,0.45454545454545453,0.45454545454545453,0.0,0.14285714285714285,0.5,13.212567292085538,72.66912010647046,0.09270797398786532,0.4475725961505862,0.0,5.5,2.0,0.5,0.5,0.5,0.0
H1_30,D,False,4-2-3-1,7,0,0,0,0,0,4,2,3,1,29,0.0,11.516566666666666,1.0,0.0,1.0,0,2,3,5,4,5,2.0,0.10526315789473684,0.42105263157894735,0.47368421052631576,0.0,0.16666666666666666,0.5714285714285714,18.399663677271395,147.19730941817116,0.07823897537385947,0.26421424779937086,0.0,8.0,3.0,1.0,1.0,1.0,0.0
H1_45,D,False,4-2-3-1,8,0,0,0,0,0,4,2,3,1,44,0.0,23.960457647058824,2.0,1.0,1.0,0,5,4,9,4,9,2.0,0.16129032258064516,0.41935483870967744,0.41935483870967744,0.0,0.21739130434782608,0.5,12.391439147553747,74.34863488532248,0.1611358277392459,0.26545363320629695,0.0,6.0,0.5,1.5,1.0,0.5,0.5
H2_15,D,False,4-2-3-1,10,1,0,1,1,0,4,2,3,1,59,0.0,0.0,1.0,0.0,1.0,0,5,5,11,5,12,2.0,0.13157894736842105,0.42105263157894735,0.4473684210526316,0.0,0.17857142857142858,0.5,16.249073125975098,56.87175594091285,0.0,0.38831870585482386,0.0,3.5,1.0,0.0,0.0,0.5,0.0
H2_30,D,False,4-2-3-1,11,1,0,1,1,0,4,2,3,1,74,0.0,14.285464285714284,1.0,0.0,1.0,0,6,5,11,6,17,2.0,0.13333333333333333,0.35555555555555557,0.5111111111111111,0.0,0.17647058823529413,0.5454545454545454,12.49276583823105,87.44936086761734,0.16335698905038215,0.2246132966083553,0.0,7.0,1.0,1.0,1.0,1.0,0.0
H1_15,D,False,4-2-3-1,1,0,0,0,0,0,4,2,3,1,14,0.0,32.98563704260652,2.0,1.0,1.0,0,3,0,5,1,8,2.0,0.17647058823529413,0.29411764705882354,0.5294117647058824,0.0,0.1875,1.0,10.802698469741904,91.82293699280618,0.17961545406236987,0.07202803900156972,0.0,8.5,0.5,1.5,0.5,0.5,0.5
H1_30,D,False,4-2-3-1,6,0,0,0,0,0,4,2,3,1,29,0.0,5.205283333333334,2.0,0.0,2.0,0,4,4,11,2,12,2.0,0.12121212121212122,0.45454545454545453,0.42424242424242425,0.0,0.14814814814814814,0.3333333333333333,14.480679296041814,115.84543436833451,0.022466501859637205,0.3714051056429633,0.0,8.0,2.5,0.5,0.5,1.0,0.0
H1_45,D,False,4-2-3-1,6,0,0,0,0,0,4,2,3,1,44,0.0,16.2790730994152,2.0,0.0,0.0,0,6,4,14,2,15,2.0,0.14634146341463414,0.43902439024390244,0.4146341463414634,0.0,0.17142857142857143,0.3333333333333333,13.404744040424845,53.61897616169938,0.15180328182994587,0.0,0.0,4.0,0.0,1.0,1.0,0.0,0.0
H2_15,D,False,4-2-3-1,7,1,0,1,1,0,4,2,3,1,59,0.0,52.82125551387983,2.0,2.0,1.0,0,11,5,19,2,19,2.0,0.19642857142857142,0.42857142857142855,0.375,0.0,0.22448979591836735,0.2857142857142857,11.867627610397982,89.00720707798486,0.29672459819798513,0.04933259220405382,0.0,7.5,0.5,2.5,1.0,0.5,1.0
H2_30,D,False,4-2-3-1,8,1,0,1,1,0,4,2,3,1,74,21.20310857142857,20.47868768115942,2.0,1.0,1.0,1,14,5,21,2,22,2.0,0.23076923076923078,0.4,0.36923076923076925,0.125,0.24561403508771928,0.25,12.859158107812142,57.86621148515464,0.3601566024698308,0.18320802440011255,21.20310857142857,4.5,0.5,2.0,1.0,0.5,0.5
H1_15,M,False,4-2-3-1,0,0,0,0,0,0,4,2,3,1,14,0.0,31.137210782608694,2.0,1.0,0.0,0,3,0,3,0,1,2.0,0.42857142857142855,0.42857142857142855,0.14285714285714285,0.0,0.42857142857142855,0.0,11.026523520044064,38.59283232015422,0.40340665494960315,0.0,0.0,3.5,0.0,1.5,1.0,0.0,0.5
H1_30,M,False,4-2-3-1,1,0,0,0,0,0,4,2,3,1,29,0.0,14.40139241025641,2.0,1.0,1.0,0,5,1,9,0,2,2.0,0.29411764705882354,0.5882352941176471,0.11764705882352941,0.0,0.3125,0.0,7.477899973206196,37.38949986603098,0.19258605306112062,0.11253712089605783,0.0,5.0,0.5,1.0,0.5,0.5,0.5
H1_45,M,False,4-2-3-1,3,0,0,0,0,0,4,2,3,1,44,0.0,22.575087253487254,1.0,1.0,1.0,0,8,3,14,0,2,2.0,0.2962962962962963,0.6296296296296297,0.07407407407407407,0.0,0.3333333333333333,0.0,10.022078799685865,50.11039399842932,0.22525353975659076,0.17960828367757842,0.0,5.0,1.0,1.5,0.5,0.5,0.5
H2_15,M,False,4-2-3-1,4,0,0,0,0,0,4,2,3,1,59,7.433303703703703,63.154866914867725,2.0,1.0,1.0,1,14,3,16,0,3,2.0,0.40540540540540543,0.5135135135135135,0.08108108108108109,0.25,0.42424242424242425,0.0,13.408800391860472,67.04400195930236,0.5264316609666326,0.05543600834132733,7.433303703703703,5.0,0.5,3.5,1.0,0.5,0.5
H2_30,M,False,4-2-3-1,6,1,1,1,1,0,4,2,3,1,74,31.871929593267883,59.675902757169965,2.0,1.0,1.0,3,19,3,18,0,4,2.0,0.46808510638297873,0.44680851063829785,0.0851063829787234,0.5,0.4634146341463415,0.0,13.055476749859142,65.27738374929571,0.701221671980884,0.24412689175530689,15.935964796633941,5.0,1.0,3.5,1.0,0.5,0.5
H1_15,M,False,4-2-3-1,2,0,0,0,0,0,4,2,3,1,14,15.219184615384616,44.666123357142865,2.0,2.0,2.0,1,4,0,5,1,0,2.0,0.45454545454545453,0.45454545454545453,0.09090909090909091,0.5,0.4444444444444444,0.5,10.42611833365757,57.343650835116634,0.5221616264433443,0.20330746539341082,15.219184615384616,5.5,1.0,2.5,1.0,1.0,1.0
H1_30,M,False,4-2-3-1,3,0,0,0,0,0,4,2,3,1,29,0.0,7.940457142857142,1.0,0.0,1.0,1,5,0,9,2,2,2.0,0.3157894736842105,0.47368421052631576,0.21052631578947367,0.3333333333333333,0.3125,0.6666666666666666,9.965250894861235,39.86100357944494,0.09960182170315182,0.318171226295565,0.0,4.0,0.5,0.5,0.5,0.5,0.0
H1_45,M,False,4-2-3-1,4,0,0,0,0,0,4,2,3,1,44,0.0,0.0,1.0,0.0,1.0,1,5,1,13,2,7,2.0,0.20689655172413793,0.4827586206896552,0.3103448275862069,0.25,0.2,0.5,12.185471374863193,60.92735687431596,0.0,0.2784965967498658,0.0,5.0,0.5,0.0,0.0,0.5,0.0
H2_15,M,False,4-2-3-1,5,0,0,0,0,0,4,2,3,1,59,0.0,28.921337331701345,2.0,0.0,1.0,1,7,1,17,3,10,2.0,0.20512820512820512,0.46153846153846156,0.3333333333333333,0.2,0.20588235294117646,0.6,14.656280296281173,73.28140148140587,0.19733067836482174,0.04437960975439588,0.0,5.0,0.5,1.0,1.0,0.5,0.0
H2_30,M,False,4-2-3-1,9,0,0,0,0,0,4,2,3,1,74,0.0,32.1226120928437,2.0,1.0,1.0,1,10,3,20,5,12,2.0,0.21568627450980393,0.45098039215686275,0.3333333333333333,0.1111111111111111,0.23809523809523808,0.5555555555555556,14.532736541428568,87.1964192485714,0.18419685332072847,0.518593866659814,0.0,6.0,2.0,1.5,1.0,0.5,0.5
H1_15,A,False,4-2-3-1,2,0,0,0,0,0,4,2,3,1,14,0.0,13.686955555555556,2.0,0.0,1.0,0,1,2,5,0,0,2.0,0.125,0.875,0.0,0.0,0.16666666666666666,0.0,11.22053006467821,44.88212025871284,0.15247670427177007,0.408317764136777,0.0,4.0,1.0,0.5,0.5,0.5,0.0
H1_30,A,False,4-2-3-1,3,0,0,0,0,0,4,2,3,1,29,9.2349,34.291813533834585,1.0,1.0,1.0,1,2,2,6,0,0,2.0,0.2727272727272727,0.7272727272727273,0.0,0.3333333333333333,0.25,0.0,16.324200511278196,48.972601533834585,0.8887972492897379,0.18857278786016132,9.2349,3.0,1.0,2.0,1.0,1.0,1.0
H1_45,A,False,4-2-3-1,5,0,0,0,0,0,4,2,3,1,44,0.0,0.0,1.0,0.0,1.0,1,2,4,7,0,3,2.0,0.17647058823529413,0.6470588235294118,0.17647058823529413,0.2,0.16666666666666666,0.0,17.368168955134557,52.10450686540367,0.0,0.5995623875500521,0.0,3.0,1.0,0.0,0.0,1.0,0.0
H2_15,A,False,4-2-3-1,6,1,0,0,1,0,4,2,3,1,59,25.707851851851856,60.72079663585768,2.0,1.0,1.0,2,6,4,9,0,3,2.0,0.3333333333333333,0.5416666666666666,0.125,0.3333333333333333,0.3333333333333333,0.0,14.081794945248829,49.2862823083709,0.8768022707307169,0.2608012883889761,25.707851851851856,3.5,0.5,2.5,1.0,0.5,0.5
H1_15,M,False,4-2-3-1,0,0,0,0,0,0,4,2,3,1,14,0.0,81.83263092478805,2.0,1.0,0.0,0,4,0,1,0,1,2.0,0.6666666666666666,0.16666666666666666,0.16666666666666666,0.0,0.6666666666666666,0.0,16.869118882526404,50.60735664757921,0.8085052880222158,0.0,0.0,3.0,0.0,2.0,1.0,0.0,0.5
H1_30,M,False,4-2-3-1,2,0,0,0,0,0,4,2,3,1,29,0.0,14.30587741935484,1.0,0.0,1.0,0,5,2,4,0,2,2.0,0.38461538461538464,0.46153846153846156,0.15384615384615385,0.0,0.45454545454545453,0.0,19.215043790218882,67.25265326576609,0.10635920461622161,0.5664060004003395,0.0,3.5,1.0,0.5,0.5,1.0,0.0
H1_45,M,False,4-2-3-1,5,0,0,0,0,0,4,2,3,1,44,6.6661666666666655,32.45605320056899,2.0,1.0,2.0,1,7,4,9,0,4,2.0,0.32,0.52,0.16,0.2,0.35,0.0,16.647021322067722,99.88212793240633,0.19584194228276258,0.38635685229025596,6.6661666666666655,6.0,1.5,1.5,1.0,1.0,0.5
H2_15,M,False,4-2-3-1,7,1,0,1,1,0,4,2,3,1,59,0.0,39.94295893950562,2.0,1.0,2.0,1,11,6,11,0,4,2.0,0.36363636363636365,0.5151515151515151,0.12121212121212122,0.14285714285714285,0.4230769230769231,0.0,11.343279438934568,45.37311775573827,0.44016105697799546,0.1800829461286806,0.0,4.0,1.0,2.0,1.0,1.0,0.5
H2_30,M,False,4-2-3-1,8,1,0,1,1,0,4,2,3,1,74,0.0,25.30098641642229,2.0,2.0,1.0,1,15,7,14,0,8,2.0,0.35555555555555557,0.4666666666666667,0.17777777777777778,0.125,0.40540540540540543,0.0,16.006038354272107,96.03623012563264,0.131726257805643,0.16252680387435936,0.0,6.0,0.5,2.0,1.0,0.5,1.0
H1_15,G,False,4-2-3-1,0,0,0,0,0,0,4,2,3,1,14,0.0,0.0,0.0,0.0,0.0,0,0,0,0,0,0,0.0,0.0,0.0,0.0,0.0,0.0,0.0,0.0,0.0,0.0,0.0,0.0,0.0,0.0,0.0,0.0,0.0,0.0
H1_30,G,False,4-2-3-1,0,0,0,0,0,0,4,2,3,1,29,0.0,0.0,0.0,0.0,0.0,0,0,0,0,0,0,0.0,0.0,0.0,0.0,0.0,0.0,0.0,0.0,0.0,0.0,0.0,0.0,0.0,0.0,0.0,0.0,0.0,0.0
H1_45,G,False,4-2-3-1,0,0,0,0,0,0,4,2,3,1,44,0.0,0.0,0.0,0.0,0.0,0,0,0,1,0,0,1.0,0.0,1.0,0.0,0.0,0.0,0.0,4.566163636363637,4.566163636363637,0.0,0.0,0.0,1.0,0.0,0.0,0.0,0.0,0.0
H2_15,G,False,4-2-3-1,0,0,0,0,0,0,4,2,3,1,59,0.0,0.0,0.0,0.0,0.0,0,0,0,1,0,1,1.0,0.0,0.5,0.5,0.0,0.0,0.0,13.580392156862745,13.580392156862745,0.0,0.0,0.0,1.0,0.0,0.0,0.0,0.0,0.0
H2_30,G,False,4-2-3-1,0,0,0,0,0,0,4,2,3,1,74,0.0,0.0,0.0,0.0,0.0,0,0,0,1,0,2,1.0,0.0,0.3333333333333333,0.6666666666666666,0.0,0.0,0.0,9.997102702702705,9.997102702702705,0.0,0.0,0.0,1.0,0.0,0.0,0.0,0.0,0.0
H1_15,M,False,4-2-3-1,3,0,0,0,0,0,4,2,3,1,14,17.161789090909092,0.0,1.0,0.0,1.0,1,0,1,4,1,4,2.0,0.09090909090909091,0.45454545454545453,0.45454545454545453,0.3333333333333333,0.0,0.3333333333333333,10.842802916909617,59.6354160430029,0.14388923755083544,0.3083685635938725,17.161789090909092,5.5,1.5,0.5,0.5,0.5,0.0
H1_30,M,False,4-2-3-1,5,0,0,0,0,0,4,2,3,1,29,0.0,0.0,1.0,0.0,1.0,1,0,1,7,3,8,2.0,0.05,0.4,0.55,0.2,0.0,0.6,12.020650465676768,108.18585419109091,0.0,0.2587452962511464,0.0,9.0,2.0,0.0,0.0,1.0,0.0
H1_45,M,False,4-2-3-1,6,0,0,0,0,0,4,2,3,1,44,0.0,5.812829629629629,1.0,0.0,1.0,1,1,1,9,4,13,2.0,0.06896551724137931,0.3448275862068966,0.5862068965517241,0.16666666666666666,0.043478260869565216,0.6666666666666666,13.680812476409077,123.12731228768169,0.04720991242014771,0.12443686651162102,0.0,9.0,1.0,1.0,1.0,1.0,0.0
H2_15,M,False,4-2-3-1,9,2,0,2,2,0,4,2,3,1,59,17.020986206896552,53.555038629447175,2.0,2.0,2.0,2,5,2,9,5,16,2.0,0.1794871794871795,0.28205128205128205,0.5384615384615384,0.2222222222222222,0.16666666666666666,0.5555555555555556,16.398527874315377,81.99263937157689,0.43038024740553255,0.4590577115051925,17.020986206896552,5.0,1.5,2.5,1.0,1.0,1.0
H2_30,M,False,4-2-3-1,12,2,0,2,2,0,4,2,3,1,74,0.0,0.0,1.0,0.0,1.0,2,5,3,11,7,22,2.0,0.14,0.28,0.58,0.16666666666666666,0.13157894736842105,0.5833333333333334,11.520031246531442,63.36017185592293,0.0,0.3200433803282334,0.0,5.5,1.5,0.0,0.0,0.5,0.0
H1_15,M,False,4-2-3-1,1,0,0,0,0,0,4,2,3,1,14,6.936192,28.76072518796992,1.0,1.0,1.0,1,3,0,1,0,3,2.0,0.5,0.125,0.375,1.0,0.42857142857142855,0.0,13.425344112574363,53.70137645029745,0.33236501136063706,0.06458113793805355,6.936192,4.0,0.5,2.0,0.5,0.5,0.5
H1_30,M,False,4-2-3-1,1,0,0,0,0,0,4,2,3,1,29,0.0,10.790263636363632,1.0,0.0,0.0,1,4,0,2,0,4,2.0,0.45454545454545453,0.18181818181818182,0.36363636363636365,1.0,0.4,0.0,17.837538046602756,26.756307069904132,0.2016396285214687,0.0,0.0,1.5,0.0,0.5,0.5,0.0,0.0
H1_45,M,False,4-2-3-1,3,0,0,0,0,0,4,2,3,1,44,0.0,42.91464185784975,2.0,2.0,1.0,1,8,2,6,0,4,2.0,0.42857142857142855,0.38095238095238093,0.19047619047619047,0.3333333333333333,0.4444444444444444,0.0,14.600418471695638,73.0020923584782,0.29392747845579936,0.2937571601219811,0.0,5.0,1.0,2.0,1.0,0.5,1.0
H2_15,M,False,4-2-3-1,6,0,0,0,0,0,4,2,3,1,59,5.7733333333333325,14.700714285714284,2.0,1.0,1.0,2,9,3,8,1,6,2.0,0.3793103448275862,0.3793103448275862,0.2413793103448276,0.3333333333333333,0.391304347826087,0.16666666666666666,14.972462380987949,59.889849523951796,0.17093086542870187,0.6457754545897482,5.7733333333333325,4.0,1.5,1.0,0.5,0.5,0.5
H2_30,M,False,4-2-3-1,7,0,0,0,0,0,4,2,3,1,74,0.0,7.284225,2.0,0.0,1.0,2,10,4,12,1,9,2.0,0.3157894736842105,0.42105263157894735,0.2631578947368421,0.2857142857142857,0.3225806451612903,0.14285714285714285,10.10720171585146,45.48240772133157,0.08007738997273497,0.1201370227827422,0.0,4.5,0.5,0.5,0.5,0.5,0.0
H2_30,A,False,4-2-3-1,3,1,1,1,1,0,4,2,3,1,13,10.915,0.0,2.0,0.0,2.0,1,0,1,4,1,2,2.0,0.1111111111111111,0.5555555555555556,0.3333333333333333,0.3333333333333333,0.0,0.3333333333333333,9.91525746204693,44.61865857921118,0.12231430020047196,0.2698618584531861,10.915,4.5,1.5,0.5,0.5,1.0,0.0
H1_15,G,True,4-3-3,1,0,0,0,0,0,4,3,3,0,14,0.0,0.0,1.0,0.0,1.0,0,0,1,1,0,1,1.0,0.0,0.6666666666666666,0.3333333333333333,0.0,0.0,0.0,11.041719639134223,33.12515891740267,0.0,0.5241385931714573,0.0,3.0,1.0,0.0,0.0,1.0,0.0
H1_30,G,True,4-3-3,1,0,0,0,0,0,4,3,3,0,29,0.0,0.0,0.0,0.0,0.0,0,0,1,1,0,1,1.0,0.0,0.0,0.0,0.0,0.0,0.0,0.0,0.0,0.0,0.0,0.0,0.0,0.0,0.0,0.0,0.0,0.0
H1_45,G,True,4-3-3,1,0,0,0,0,0,4,3,3,0,44,0.0,0.0,0.0,0.0,0.0,0,0,1,1,0,1,1.0,0.0,0.0,0.0,0.0,0.0,0.0,0.0,0.0,0.0,0.0,0.0,0.0,0.0,0.0,0.0,0.0,0.0
H2_15,G,True,4-3-3,1,0,0,0,0,0,4,3,3,0,59,0.0,0.0,0.0,0.0,0.0,0,0,1,1,0,1,1.0,0.0,0.0,0.0,0.0,0.0,0.0,0.0,0.0,0.0,0.0,0.0,0.0,0.0,0.0,0.0,0.0,0.0
H2_30,G,True,4-3-3,1,0,0,0,0,0,4,3,3,0,74,0.0,0.0,0.0,0.0,0.0,0,0,1,1,0,2,2.0,0.0,0.5,0.5,0.0,0.0,0.0,9.462833333333336,9.462833333333336,0.0,0.0,0.0,1.0,0.0,0.0,0.0,0.0,0.0
H1_15,D,True,4-3-3,0,0,0,0,0,0,4,3,3,0,14,0.0,8.424500000000002,2.0,0.0,0.0,0,1,0,3,0,3,2.0,0.14285714285714285,0.42857142857142855,0.42857142857142855,0.0,0.14285714285714285,0.0,17.418972920955436,60.96640522334403,0.06909132963586856,0.0,0.0,3.5,0.0,0.5,0.5,0.0,0.0
H1_30,D,True,4-3-3,0,0,0,0,0,0,4,3,3,0,29,0.0,5.89834074074074,1.0,0.0,0.0,0,2,0,5,0,4,2.0,0.18181818181818182,0.45454545454545453,0.36363636363636365,0.0,0.18181818181818182,0.0,8.347348437655985,16.69469687531197,0.17665312478548728,0.0,0.0,2.0,0.0,0.5,0.5,0.0,0.0
H1_45,D,True,4-3-3,0,0,0,0,0,0,4,3,3,0,44,0.0,0.0,1.0,0.0,0.0,0,2,0,7,0,5,2.0,0.14285714285714285,0.5,0.35714285714285715,0.0,0.14285714285714285,0.0,11.61789684217591,17.426845263263864,0.0,0.0,0.0,1.5,0.0,0.0,0.0,0.0,0.0
H2_15,D,True,4-3-3,1,0,0,0,0,0,4,3,3,0,59,0.0,0.0,1.0,0.0,1.0,0,2,0,7,1,7,2.0,0.11764705882352941,0.4117647058823529,0.47058823529411764,0.0,0.125,1.0,12.156248608891195,36.46874582667358,0.0,0.41423151955368204,0.0,3.0,1.0,0.0,0.0,1.0,0.0
H2_30,D,True,4-3-3,2,0,0,0,0,0,4,3,3,0,74,0.0,0.0,2.0,0.0,1.0,0,2,0,8,2,12,2.0,0.08333333333333333,0.3333333333333333,0.5833333333333334,0.0,0.09090909090909091,1.0,13.414371819773,46.950301369205505,0.0,0.19332185382304837,0.0,3.5,0.5,0.0,0.0,0.5,0.0
H1_15,D,True,4-3-3,2,0,0,0,0,0,4,3,3,0,14,0.0,0.0,2.0,0.0,2.0,0,0,2,1,0,4,2.0,0.0,0.42857142857142855,0.5714285714285714,0.0,0.0,0.0,11.702199707088317,40.95769897480911,0.0,0.28163985358223464,0.0,3.5,1.0,0.0,0.0,1.0,0.0
H1_30,D,True,4-3-3,2,0,0,0,0,0,4,3,3,0,29,0.0,19.960973493975903,0.0,0.0,0.0,0,1,2,2,0,4,2.0,0.1111111111111111,0.4444444444444444,0.4444444444444444,0.0,0.14285714285714285,0.0,16.37550561491248,16.37550561491248,0.6094765549039991,0.0,0.0,1.0,0.0,0.5,0.5,0.0,0.0
H1_45,D,True,4-3-3,2,0,0,0,0,0,4,3,3,0,44,0.0,18.57084983277592,1.0,1.0,1.0,0,3,3,3,0,4,2.0,0.23076923076923078,0.46153846153846156,0.3076923076923077,0.0,0.3,0.0,23.921674629874094,47.84334925974819,0.19407974274493406,0.4332045679804816,0.0,2.0,0.5,1.0,0.5,0.5,0.5
H2_15,D,True,4-3-3,4,0,0,0,0,0,4,3,3,0,59,0.0,16.745664705882355,1.0,0.0,1.0,0,4,3,3,1,8,2.0,0.21052631578947367,0.3157894736842105,0.47368421052631576,0.0,0.26666666666666666,0.25,13.200150011985668,39.600450035957,0.21143275759085287,0.1404094377217486,0.0,3.0,0.5,0.5,0.5,0.5,0.0
H2_30,D,True,4-3-3,5,0,0,0,0,0,4,3,3,0,74,0.0,18.448457142857148,1.0,0.0,1.0,0,5,4,3,1,11,2.0,0.20833333333333334,0.2916666666666667,0.5,0.0,0.2631578947368421,0.2,13.641159498061626,68.20579749030813,0.2704822437634957,0.297019289348221,0.0,5.0,1.0,1.0,1.0,1.0,0.0
H1_15,M,True,4-3-3,3,0,0,0,0,0,4,3,3,0,14,0.0,0.0,2.0,0.0,2.0,0,0,2,2,1,7,2.0,0.0,0.3333333333333333,0.6666666666666666,0.0,0.0,0.3333333333333333,14.363821170596333,86.182927023578,0.0,0.22997014405394076,0.0,6.0,1.5,0.0,0.0,1.0,0.0
H1_30,M,True,4-3-3,4,0,0,0,0,0,4,3,3,0,29,0.0,52.89432186915887,2.0,0.0,1.0,0,2,3,8,1,9,2.0,0.08695652173913043,0.4782608695652174,0.43478260869565216,0.0,0.10526315789473684,0.25,16.143766716370294,88.79071694003662,0.2978595268291403,0.07662559669679653,0.0,5.5,0.5,1.0,1.0,0.5,0.0
H1_45,M,True,4-3-3,4,0,0,0,0,0,4,3,3,0,44,0.0,32.823292372070775,2.0,1.0,0.0,0,5,3,13,1,12,2.0,0.14705882352941177,0.47058823529411764,0.38235294117647056,0.0,0.16666666666666666,0.25,13.128275573914966,72.20551565653231,0.22729075523956394,0.0,0.0,5.5,0.0,1.5,1.0,0.0,0.5
H2_15,M,True,4-3-3,6,0,0,0,0,0,4,3,3,0,59,0.0,0.0,1.0,0.0,1.0,0,5,3,13,3,17,2.0,0.12195121951219512,0.3902439024390244,0.4878048780487805,0.0,0.14285714285714285,0.5,10.90969314555718,38.183926009450126,0.0,0.2628873531586497,0.0,3.5,1.0,0.0,0.0,1.0,0.0
H2_30,M,True,4-3-3,7,1,1,1,1,0,4,3,3,0,74,0.0,0.0,1.0,0.0,1.0,0,5,3,14,4,23,2.0,0.10204081632653061,0.3469387755102041,0.5510204081632653,0.0,0.11904761904761904,0.5714285714285714,7.517588544639879,30.070354178559516,0.0,0.12300289909381854,0.0,4.0,0.5,0.0,0.0,0.5,0.0
H1_15,A,True,4-3-3,0,0,0,0,0,0,4,3,3,0,14,0.0,80.58557267194416,2.0,1.0,0.0,0,5,0,4,0,0,2.0,0.5555555555555556,0.4444444444444444,0.0,0.0,0.5555555555555556,0.0,16.991022514544337,76.45960131544952,0.526981381576083,0.0,0.0,4.5,0.0,2.5,1.0,0.0,0.5
H1_30,A,True,4-3-3,3,0,0,0,0,0,4,3,3,0,29,14.090093617021273,44.26672041135703,2.0,1.0,1.0,1,8,2,6,0,2,2.0,0.47368421052631576,0.42105263157894735,0.10526315789473684,0.3333333333333333,0.5,0.0,14.216097117009568,71.08048558504784,0.4104981384697657,0.3178204472572588,14.090093617021273,5.0,1.5,2.0,1.0,0.5,0.5
H1_45,A,True,4-3-3,4,0,0,0,0,0,4,3,3,0,44,0.0,93.24059698818911,2.0,2.0,1.0,1,14,3,10,0,7,2.0,0.42857142857142855,0.37142857142857144,0.2,0.25,0.45161290322580644,0.0,14.273647778466739,114.18918222773391,0.4082724614063447,0.03971063555702275,0.0,8.0,0.5,3.0,1.0,0.5,1.0
H2_15,A,True,4-3-3,4,1,0,1,1,0,4,3,3,0,59,0.0,28.473945945945943,1.0,0.0,0.0,1,15,3,12,0,7,2.0,0.42105263157894735,0.39473684210526316,0.18421052631578946,0.25,0.4411764705882353,0.0,15.601520578473211,23.402280867709816,0.6083583499169508,0.0,0.0,1.5,0.0,0.5,0.5,0.0,0.0
H1_15,M,True,4-3-3,0,0,0,0,0,0,4,3,3,0,14,0.0,17.06269696969697,2.0,0.0,0.0,0,1,0,5,0,4,2.0,0.1,0.5,0.4,0.0,0.1,0.0,11.646164013446874,58.230820067234376,0.14650915915314316,0.0,0.0,5.0,0.0,0.5,0.5,0.0,0.0
H1_30,M,True,4-3-3,4,0,0,0,0,0,4,3,3,0,29,11.09522051282051,37.705757138653084,2.0,2.0,2.0,1,5,3,13,0,4,2.0,0.23076923076923078,0.6153846153846154,0.15384615384615385,0.25,0.22727272727272727,0.0,9.432226206224403,75.45780964979522,0.32336598344135764,0.28233021040634293,11.09522051282051,8.0,2.0,2.5,1.0,1.0,1.0
H1_45,M,True,4-3-3,4,0,0,0,0,0,4,3,3,0,44,0.0,26.17274906511928,2.0,1.0,0.0,1,8,3,19,0,6,2.0,0.24324324324324326,0.5945945945945946,0.16216216216216217,0.25,0.24242424242424243,0.0,12.09886344942539,66.54374897183965,0.1966582095952785,0.0,0.0,5.5,0.0,1.5,1.0,0.0,0.5
H2_15,M,True,4-3-3,4,0,0,0,0,0,4,3,3,0,59,0.0,42.24786616411758,2.0,1.0,0.0,1,11,3,22,0,7,2.0,0.2727272727272727,0.5681818181818182,0.1590909090909091,0.25,0.275,0.0,12.30940799901405,43.082927996549174,0.49030866898718584,0.0,0.0,3.5,0.0,1.5,1.0,0.0,0.5
H1_15,M,True,4-3-3,2,0,0,0,0,1,4,3,3,0,14,22.978379487179485,33.74207452574526,2.0,1.0,2.0,1,3,1,7,0,4,2.0,0.25,0.5,0.25,0.5,0.21428571428571427,0.0,14.882563398415565,119.06050718732452,0.2382001192204032,0.19181564235851856,22.978379487179485,8.0,1.0,2.0,1.0,1.0,0.5
H1_30,M,True,4-3-3,6,1,1,1,1,0,4,3,3,0,29,20.97389589041096,74.50438521586997,2.0,1.0,2.0,2,7,3,10,1,8,2.0,0.2903225806451613,0.41935483870967744,0.2903225806451613,0.3333333333333333,0.28,0.16666666666666666,13.183230721826275,98.87423041369706,0.48282692419851353,0.29062399793607874,20.97389589041096,7.5,2.0,2.5,0.5,1.0,0.5
H1_45,M,True,4-3-3,7,2,1,2,2,0,4,3,3,0,44,0.0,16.99898095238095,2.0,0.0,1.0,2,9,4,13,1,14,2.0,0.2558139534883721,0.3953488372093023,0.3488372093023256,0.2857142857142857,0.25,0.14285714285714285,12.339779320403103,74.03867592241862,0.11479798051894743,0.15949282845375992,0.0,6.0,0.5,1.0,1.0,0.5,0.0
H2_15,M,True,4-3-3,8,2,1,2,2,0,4,3,3,0,59,7.698857142857142,17.02041309328969,2.0,1.0,1.0,3,11,4,17,1,17,2.0,0.2641509433962264,0.39622641509433965,0.33962264150943394,0.375,0.24444444444444444,0.125,9.790905738686329,48.95452869343164,0.2524717415925555,0.07863273683084318,7.698857142857142,5.0,0.5,1.5,0.5,0.5,0.5
H2_30,M,True,4-3-3,1,0,0,0,0,0,4,3,3,0,1,0.0,41.211623809523815,0.0,0.0,0.0,0,1,1,0,0,0,2.0,0.5,0.5,0.0,0.0,1.0,0.0,26.599177758420442,26.599177758420442,0.7746785292353171,0.22532147076468292,0.0,1.0,0.5,0.5,0.5,0.5,0.0
H2_30,D,True,4-3-3,0,0,0,0,0,0,4,3,3,0,1,0.0,0.0,0.0,0.0,0.0,0,0,0,1,0,0,1.0,0.0,1.0,0.0,0.0,0.0,0.0,4.760890909090908,4.760890909090908,0.0,0.0,0.0,1.0,0.0,0.0,0.0,0.0,0.0
H1_15,M,True,4-3-3,2,0,0,0,0,0,4,3,3,0,14,18.500852459016397,5.7246999999999995,2.0,0.0,2.0,1,1,0,5,1,5,2.0,0.15384615384615385,0.38461538461538464,0.46153846153846156,0.5,0.09090909090909091,0.5,12.588979746111177,81.82836834972265,0.14802661318798313,0.2481224171368497,18.500852459016397,6.5,1.0,1.0,1.0,1.0,0.0
H1_30,M,True,4-3-3,3,0,0,0,0,0,4,3,3,0,29,0.0,0.0,1.0,0.0,1.0,1,1,0,5,2,8,2.0,0.11764705882352941,0.29411764705882354,0.5882352941176471,0.3333333333333333,0.07142857142857142,0.6666666666666666,8.02698706231045,32.1079482492418,0.0,0.31836180764636146,0.0,4.0,1.0,0.0,0.0,1.0,0.0
H1_45,M,True,4-3-3,4,1,0,1,1,0,4,3,3,0,44,0.0,7.677005714285715,2.0,0.0,1.0,1,2,1,9,2,10,2.0,0.12,0.4,0.48,0.25,0.09523809523809523,0.5,14.318256142376143,57.27302456950457,0.06702113055832389,0.05300305819996462,0.0,4.0,0.5,0.5,0.5,0.5,0.0
H2_15,M,True,4-3-3,4,1,0,1,1,0,4,3,3,0,59,0.0,14.09232786885246,2.0,0.0,0.0,1,3,1,9,2,15,2.0,0.12903225806451613,0.3225806451612903,0.5483870967741935,0.25,0.1111111111111111,0.5,11.569425436910846,34.708276310732536,0.20301105913022266,0.0,0.0,3.0,0.0,0.5,0.5,0.0,0.0
H2_30,M,True,4-3-3,4,1,0,1,1,0,4,3,3,0,74,0.0,0.0,1.0,0.0,0.0,1,3,1,11,2,16,2.0,0.11764705882352941,0.35294117647058826,0.5294117647058824,0.25,0.1,0.5,7.107557050505051,21.322671151515152,0.0,0.0,0.0,3.0,0.0,0.0,0.0,0.0,0.0
H1_15,M,True,4-3-3,2,0,0,0,0,1,4,3,3,0,14,0.0,15.24166875,2.0,0.0,2.0,0,1,1,3,1,3,2.0,0.1111111111111111,0.4444444444444444,0.4444444444444444,0.0,0.14285714285714285,0.5,13.663192675763959,61.48436704093782,0.12394751286820371,0.3344004455679682,0.0,4.5,1.0,0.5,0.5,1.0,0.0
H1_30,M,True,4-3-3,9,1,1,0,1,0,4,3,3,0,29,29.34881948717949,27.974308616487455,2.0,1.0,2.0,3,4,4,10,2,3,2.0,0.2692307692307692,0.5384615384615384,0.19230769230769232,0.3333333333333333,0.23529411764705882,0.2222222222222222,11.260916465009457,95.71778995258038,0.2994382137952905,0.4915938561615954,9.78293982905983,8.5,3.5,3.0,0.5,1.0,0.5
H1_45,M,True,4-3-3,13,1,1,0,1,0,4,3,3,0,44,35.19271948717949,63.5984932123656,2.0,2.0,2.0,5,7,8,21,2,5,2.0,0.25,0.6041666666666666,0.14583333333333334,0.3333333333333333,0.21212121212121213,0.13333333333333333,14.876917816124138,163.64609597736552,0.3018440865011813,0.3153905098761571,17.596359743589744,11.0,3.0,2.5,1.0,1.0,1.0
H2_15,M,True,4-3-3,17,1,1,0,1,0,4,3,3,0,59,14.240130612244895,7.605529411764706,1.0,1.0,1.0,6,8,9,24,2,7,2.0,0.25,0.5892857142857143,0.16071428571428573,0.35294117647058826,0.20512820512820512,0.11764705882352941,11.467789398011595,45.87115759204638,0.23811978126095326,0.4600398103560125,14.240130612244895,4.0,1.0,1.0,0.5,0.5,0.5
H2_30,M,True,4-3-3,18,1,1,0,1,0,4,3,3,0,74,0.0,15.472433898305084,1.0,0.0,1.0,6,9,9,27,3,8,2.0,0.24193548387096775,0.5806451612903226,0.1774193548387097,0.3333333333333333,0.20454545454545456,0.16666666666666666,8.996566293791632,26.9896988813749,0.28663591184009707,0.25090991227755516,0.0,3.0,0.5,0.5,0.5,0.5,0.0
H1_15,D,True,4-3-3,3,0,0,0,0,0,4,3,3,0,14,0.0,11.692576,1.0,0.0,1.0,0,1,1,2,2,5,1.0,0.09090909090909091,0.2727272727272727,0.6363636363636364,0.0,0.125,0.6666666666666666,12.136711294175113,133.50382423592623,0.08758233007121229,0.3186859185066152,0.0,11.0,3.0,1.0,1.0,1.0,0.0
H1_30,D,True,4-3-3,4,0,0,0,0,0,4,3,3,0,29,0.0,5.846725925925925,2.0,0.0,1.0,0,2,2,4,2,6,2.0,0.125,0.375,0.5,0.0,0.16666666666666666,0.5,11.250218486638577,28.12554621659644,0.1039397756207107,0.33976640138498315,0.0,2.5,0.5,0.5,0.5,0.5,0.0
H1_45,D,True,4-3-3,4,0,0,0,0,0,4,3,3,0,44,0.0,33.41828855649197,2.0,1.0,0.0,0,5,2,7,2,7,2.0,0.21739130434782608,0.391304347826087,0.391304347826087,0.0,0.2631578947368421,0.5,11.148594796400998,39.02008178740349,0.42821909931618984,0.0,0.0,3.5,0.0,1.5,1.0,0.0,0.5
H2_15,D,True,4-3-3,6,0,0,0,0,0,4,3,3,0,59,0.0,51.57039682539681,2.0,1.0,1.0,0,8,3,8,3,8,2.0,0.26666666666666666,0.36666666666666664,0.36666666666666664,0.0,0.3333333333333333,0.5,16.112687365367602,56.394405778786606,0.4572297208670616,0.4411941414501347,0.0,3.5,1.0,1.5,1.0,0.5,0.5
H2_30,D,True,4-3-3,9,0,0,0,0,0,4,3,3,0,74,6.921083333333334,16.43969677419355,2.0,1.0,1.0,1,9,4,10,4,10,2.0,0.2631578947368421,0.3684210526315789,0.3684210526315789,0.1111111111111111,0.3103448275862069,0.4444444444444444,9.779188876482223,39.11675550592889,0.29860324310366326,0.33051180949593517,6.921083333333334,4.0,1.5,1.0,0.5,0.5,0.5
H1_15,D,True,4-3-3,2,0,0,0,0,0,4,3,3,0,14,24.998575609756095,6.086016000000001,2.0,1.0,2.0,1,1,0,8,1,5,2.0,0.125,0.5,0.375,0.5,0.07142857142857142,0.5,14.756586115669311,118.05268892535449,0.13165558486097295,0.2599663911235631,24.998575609756095,8.0,1.0,1.0,0.5,1.0,0.5
H1_30,D,True,4-3-3,4,0,0,0,0,0,4,3,3,0,29,0.0,5.085333333333333,2.0,0.0,2.0,1,2,2,10,1,7,2.0,0.13043478260869565,0.5217391304347826,0.34782608695652173,0.25,0.10526315789473684,0.25,12.318779613204132,43.115728646214464,0.05897306496964214,0.394581146383046,0.0,3.5,1.0,0.5,0.5,1.0,0.0
H1_45,D,True,4-3-3,4,0,0,0,0,0,4,3,3,0,44,0.0,39.84801443137255,2.0,0.0,0.0,1,4,2,13,1,9,2.0,0.16666666666666666,0.5,0.3333333333333333,0.25,0.15384615384615385,0.25,12.439953634737893,43.53983772158263,0.4576040761357724,0.0,0.0,3.5,0.0,1.0,1.0,0.0,0.0
H2_15,D,True,4-3-3,4,0,0,0,0,0,4,3,3,0,59,0.0,0.0,1.0,0.0,0.0,1,4,2,13,1,12,2.0,0.15151515151515152,0.45454545454545453,0.3939393939393939,0.25,0.13793103448275862,0.25,14.668452053998855,44.005356161996566,0.0,0.0,0.0,3.0,0.0,0.0,0.0,0.0,0.0
H2_30,D,True,4-3-3,6,0,0,0,0,0,4,3,3,0,74,39.60714285714286,0.0,2.0,0.0,2.0,2,4,2,16,2,17,2.0,0.13953488372093023,0.4186046511627907,0.4418604651162791,0.3333333333333333,0.10810810810810811,0.3333333333333333,11.865694062205467,59.32847031102733,0.3337954160077267,0.4062449930507781,39.60714285714286,5.0,1.0,0.5,0.5,1.0,0.0
H1_15,D,False,4-2-3-1,1,0,0,0,0,0,4,2,3,1,14,0.0,94.31534698427522,2.0,2.0,1.0,0,7,1,2,0,1,2.0,0.6363636363636364,0.2727272727272727,0.09090909090909091,0.0,0.7,0.0,13.463523006919257,74.04937653805591,0.6368409255667676,0.053318091429741615,0.0,5.5,0.5,3.5,1.0,0.5,1.0
H1_30,D,False,4-2-3-1,6,0,0,0,0,0,4,2,3,1,29,7.953428571428572,13.02044,2.0,1.0,2.0,1,9,4,8,1,2,2.0,0.4,0.48,0.12,0.16666666666666666,0.47368421052631576,0.16666666666666666,13.255565073065709,92.78895551145996,0.11301920824423,0.4949160330139588,7.953428571428572,7.0,2.5,1.5,1.0,1.0,0.5
H1_45,D,False,4-2-3-1,8,0,0,0,0,0,4,2,3,1,44,0.0,16.313505792682925,2.0,0.0,1.0,1,11,5,16,3,5,2.0,0.2926829268292683,0.5121951219512195,0.1951219512195122,0.1111111111111111,0.34375,0.3333333333333333,12.616402036275055,100.93121629020044,0.08081496682739782,0.1806789366605048,0.0,8.0,1.5,1.0,1.0,0.5,0.0
H2_15,D,False,4-2-3-1,10,0,0,0,0,0,4,2,3,1,59,0.0,5.351808,1.0,0.0,1.0,1,12,5,18,4,5,2.0,0.28888888888888886,0.5111111111111111,0.2,0.1,0.34285714285714286,0.4,10.016333463852307,20.032666927704614,0.13357702245322614,0.3644007257591527,0.0,2.0,0.5,0.5,0.5,0.5,0.0
H2_30,D,False,4-2-3-1,12,0,0,0,0,0,4,2,3,1,74,8.082924137931034,6.773142857142857,2.0,1.0,2.0,2,13,6,20,4,7,2.0,0.28846153846153844,0.5,0.21153846153846154,0.16666666666666666,0.325,0.3333333333333333,8.491418581344359,29.719965034705254,0.24993412639829551,0.28529134289798375,8.082924137931034,3.5,1.0,1.0,0.5,1.0,0.5
H1_15,D,False,4-2-3-1,0,0,0,0,0,0,4,2,3,1,14,0.0,42.28647031911676,2.0,1.0,0.0,0,3,0,2,0,2,2.0,0.42857142857142855,0.2857142857142857,0.2857142857142857,0.0,0.42857142857142855,0.0,15.76096241405254,55.16336844918389,0.38328397547070353,0.0,0.0,3.5,0.0,1.5,1.0,0.0,0.5
H1_30,D,False,4-2-3-1,2,0,0,0,0,0,4,2,3,1,29,0.0,0.0,1.0,0.0,1.0,0,3,1,5,1,5,2.0,0.2,0.4,0.4,0.0,0.23076923076923078,0.5,15.9953868323337,63.9815473293348,0.0,0.29283476902522315,0.0,4.0,1.0,0.0,0.0,0.5,0.0
H1_45,D,False,4-2-3-1,2,0,0,0,0,0,4,2,3,1,44,0.0,5.11865,1.0,0.0,0.0,0,4,1,6,1,7,2.0,0.21052631578947367,0.3684210526315789,0.42105263157894735,0.0,0.23529411764705882,0.5,14.890666427877015,29.78133285575403,0.0859372215607709,0.0,0.0,2.0,0.0,0.5,0.5,0.0,0.0
H2_15,D,False,4-2-3-1,2,1,1,1,1,0,4,2,3,1,59,0.0,23.671136796536796,1.0,0.0,0.0,0,6,1,7,1,7,2.0,0.2727272727272727,0.36363636363636365,0.36363636363636365,0.0,0.3,0.5,11.320553746993745,16.980830620490618,0.6969958456558963,0.0,0.0,1.5,0.0,1.0,1.0,0.0,0.0
H2_30,D,False,4-2-3-1,2,1,1,1,1,0,4,2,3,1,74,0.0,20.70484597701149,2.0,0.0,0.0,0,7,1,9,1,9,2.0,0.25925925925925924,0.37037037037037035,0.37037037037037035,0.0,0.28,0.5,12.605772164621277,31.514430411553192,0.32849786124360814,0.0,0.0,2.5,0.0,0.5,0.5,0.0,0.0
H1_15,D,False,4-2-3-1,0,0,0,0,0,0,4,2,3,1,14,0.0,42.263556085229325,2.0,1.0,0.0,0,3,0,2,0,1,2.0,0.5,0.3333333333333333,0.16666666666666666,0.0,0.5,0.0,11.820384600949525,35.46115380284858,0.595913436999254,0.0,0.0,3.0,0.0,1.5,1.0,0.0,0.5
H1_30,D,False,4-2-3-1,1,0,0,0,0,0,4,2,3,1,29,0.0,27.013228289473687,2.0,1.0,1.0,0,6,0,5,1,4,2.0,0.375,0.3125,0.3125,0.0,0.4,1.0,16.235546470162056,81.17773235081029,0.16638324025076104,0.05603566831838313,0.0,5.0,0.5,1.5,1.0,0.5,0.5
H1_45,D,False,4-2-3-1,1,0,0,0,0,0,4,2,3,1,44,0.0,22.839255826558272,1.0,1.0,0.0,0,8,0,7,1,4,2.0,0.4,0.35,0.25,0.0,0.42105263157894735,1.0,12.339650834467625,49.3586033378705,0.4627208689479834,0.0,0.0,4.0,0.0,2.0,1.0,0.0,1.0
H2_15,D,False,4-2-3-1,1,0,0,0,0,0,4,2,3,1,59,0.0,0.0,1.0,0.0,0.0,0,8,0,8,1,5,2.0,0.36363636363636365,0.36363636363636365,0.2727272727272727,0.0,0.38095238095238093,1.0,7.372851838235294,14.745703676470589,0.0,0.0,0.0,2.0,0.0,0.0,0.0,0.0,0.0
H2_30,D,False,4-2-3-1,2,0,0,0,0,0,4,2,3,1,74,0.0,25.95917959183673,2.0,0.0,1.0,0,9,1,8,1,7,2.0,0.34615384615384615,0.34615384615384615,0.3076923076923077,0.0,0.375,0.5,17.911161180437254,35.82232236087451,0.3623324491684771,0.11253395426450195,0.0,2.0,0.5,0.5,0.5,0.5,0.0
H1_15,M,False,4-2-3-1,3,0,0,0,0,0,4,2,3,1,14,13.255438297872344,4.658181818181819,2.0,1.0,2.0,1,1,2,4,0,1,2.0,0.2222222222222222,0.6666666666666666,0.1111111111111111,0.3333333333333333,0.16666666666666666,0.0,13.455567070682116,60.55005181806953,0.1479240692466949,0.5887032582947591,13.255438297872344,4.5,1.5,1.0,0.5,1.0,0.5
H1_30,M,False,4-2-3-1,6,0,0,0,0,0,4,2,3,1,29,10.07611111111111,31.308178852353322,2.0,1.0,1.0,2,3,3,6,1,5,2.0,0.25,0.45,0.3,0.3333333333333333,0.21428571428571427,0.16666666666666666,14.787538783941365,81.33146331167751,0.25441746821197614,0.4247668179698665,10.07611111111111,5.5,1.5,1.5,1.0,0.5,0.5
H1_45,M,False,4-2-3-1,6,0,0,0,0,0,4,2,3,1,44,24.900064367816093,20.000878730158732,2.0,1.0,1.0,3,5,3,11,1,5,2.0,0.2857142857142857,0.5,0.21428571428571427,0.42857142857142855,0.23809523809523808,0.14285714285714285,15.227112489357705,60.90844995743082,0.3685937101449494,0.20440566444572844,24.900064367816093,4.0,0.5,1.5,1.0,0.5,0.5
H2_15,M,False,4-2-3-1,7,0,0,0,0,0,4,2,3,1,59,0.0,48.44469222330968,1.0,1.0,0.0,3,8,3,11,1,7,2.0,0.3333333333333333,0.42424242424242425,0.24242424242424243,0.42857142857142855,0.3076923076923077,0.14285714285714285,18.80767483116851,47.01918707792127,0.5151587600081858,0.0,0.0,2.5,0.0,1.5,0.5,0.0,0.5
H2_30,M,False,4-2-3-1,7,0,0,0,0,0,4,2,3,1,74,0.0,30.83551441906166,1.0,1.0,0.0,3,10,3,13,1,7,2.0,0.35135135135135137,0.43243243243243246,0.21621621621621623,0.42857142857142855,0.3333333333333333,0.14285714285714285,14.14962015727683,56.59848062910732,0.5448116994717284,0.0,0.0,4.0,0.0,2.0,1.0,0.0,1.0
H1_15,M,False,4-2-3-1,3,0,0,0,0,0,4,2,3,1,14,17.15564912280702,58.78262571420827,2.0,1.0,2.0,1,4,2,5,0,1,2.0,0.38461538461538464,0.5384615384615384,0.07692307692307693,0.3333333333333333,0.4,0.0,14.04165116349383,91.2707325627099,0.4160056170516653,0.31326878499979643,17.15564912280702,6.5,1.5,2.5,1.0,1.0,0.5
H1_30,M,False,4-2-3-1,3,0,0,0,0,0,4,2,3,1,29,0.0,39.379573758599136,2.0,1.0,0.0,1,7,2,8,0,4,2.0,0.36363636363636365,0.45454545454545453,0.18181818181818182,0.3333333333333333,0.3684210526315789,0.0,20.073004852782972,90.32852183752337,0.21797973086193284,0.0,0.0,4.5,0.0,1.5,1.0,0.0,0.5
H1_45,M,False,4-2-3-1,3,0,0,0,0,0,4,2,3,1,44,0.0,49.485353536297985,2.0,1.0,1.0,1,11,4,14,0,7,2.0,0.32432432432432434,0.4864864864864865,0.1891891891891892,0.2,0.34375,0.0,10.977011440626047,82.32758580469535,0.3005393213745599,0.16770923974560872,0.0,7.5,1.0,2.0,1.0,0.5,0.5
H1_15,A,False,4-2-3-1,2,0,0,0,0,0,4,2,3,1,14,9.46284705882353,57.057824610706,2.0,1.0,1.0,1,6,1,3,0,0,2.0,0.6363636363636364,0.36363636363636365,0.0,0.5,0.6666666666666666,0.0,12.181046775723217,66.9957572664777,0.49645436057198,0.18807900293456065,9.46284705882353,5.5,1.0,3.5,1.0,0.5,0.5
H1_30,A,False,4-2-3-1,3,0,0,0,0,0,4,2,3,1,29,0.0,11.891711999999998,2.0,0.0,1.0,1,7,2,5,0,2,2.0,0.47058823529411764,0.4117647058823529,0.11764705882352941,0.3333333333333333,0.5,0.0,13.282605317247414,39.84781595174224,0.14921410014543174,0.1251151561311037,0.0,3.0,0.5,0.5,0.5,0.5,0.0
H1_45,A,False,4-2-3-1,3,0,0,0,0,0,4,2,3,1,44,0.0,41.50870546744636,2.0,1.0,2.0,1,10,3,11,1,4,2.0,0.36666666666666664,0.4666666666666667,0.16666666666666666,0.2,0.4,0.2,16.02978526042549,104.19360419276569,0.19919027558856808,0.38194563009560073,0.0,6.5,1.0,1.5,1.0,1.0,0.5
H2_15,A,False,4-2-3-1,6,1,0,1,1,0,4,2,3,1,59,21.130593750000003,72.62293881854231,2.0,2.0,1.0,2,16,3,11,1,4,2.0,0.4864864864864865,0.3783783783783784,0.13513513513513514,0.3333333333333333,0.5161290322580645,0.16666666666666666,13.393361795506044,46.876766284271156,1.0,0.22538450734698054,21.130593750000003,3.5,0.5,3.5,1.0,0.5,1.0
H1_15,A,False,4-2-3-1,2,0,0,0,0,0,4,2,3,1,14,37.36267619280646,120.34303029422162,2.0,2.0,2.0,2,9,0,3,0,2,2.0,0.6875,0.1875,0.125,1.0,0.6428571428571429,0.0,12.909500013473004,103.27600010778403,0.7635157554632173,0.18088750607020457,18.68133809640323,8.0,1.0,5.5,1.0,1.0,1.0
H1_30,A,False,4-2-3-1,4,2,1,2,2,0,4,2,3,1,29,14.497728,37.175643341833634,2.0,1.0,2.0,3,13,1,3,0,3,2.0,0.6956521739130435,0.17391304347826086,0.13043478260869565,0.75,0.6842105263157895,0.0,11.926599306097668,41.743097571341835,0.6189450992888139,0.3726069364431147,14.497728,3.5,1.0,2.5,1.0,1.0,0.5
H1_45,A,False,4-2-3-1,8,2,1,2,2,0,4,2,3,1,44,42.67265358641359,45.65522243599682,2.0,1.0,2.0,5,19,3,7,1,4,2.0,0.6153846153846154,0.2564102564102564,0.1282051282051282,0.5555555555555556,0.6333333333333333,0.1111111111111111,10.041708294269819,80.33366635415855,0.5497562854470542,0.4117350521408025,21.336326793206794,8.0,2.5,4.0,0.5,1.0,0.5
H2_15,A,False,4-2-3-1,12,2,1,2,2,0,4,2,3,1,59,7.526133333333333,71.45028265597988,2.0,2.0,2.0,6,24,5,9,1,5,2.0,0.6,0.28,0.12,0.5,0.631578947368421,0.08333333333333333,13.195782403584946,72.5768032197172,0.5440885550595413,0.25924137025782223,7.526133333333333,5.5,1.5,3.0,1.0,1.0,1.0
H2_30,A,False,4-2-3-1,15,2,1,2,2,0,4,2,3,1,74,29.04567585034013,62.087064660556834,2.0,2.0,2.0,8,29,5,10,2,6,2.0,0.6166666666666667,0.25,0.13333333333333333,0.5333333333333333,0.6444444444444445,0.13333333333333333,13.525981878840891,67.62990939420446,0.6737606284498925,0.34001440465756544,14.522837925170066,5.0,1.5,3.5,1.0,1.0,1.0
H1_15,M,False,4-2-3-1,2,0,0,0,0,0,4,2,3,1,14,33.647690032534754,49.94115690076254,1.0,1.0,1.0,2,5,0,4,0,0,2.0,0.6363636363636364,0.36363636363636365,0.0,1.0,0.5555555555555556,0.0,10.85194081965878,59.6856745081233,0.7002421236097512,0.28187408712249085,16.823845016267377,5.5,1.0,3.5,0.5,0.5,0.5
H1_30,M,False,4-2-3-1,4,0,0,0,0,0,4,2,3,1,29,7.0542307692307675,31.88474145712444,2.0,1.0,2.0,3,7,1,8,0,0,2.0,0.5263157894736842,0.47368421052631576,0.0,0.75,0.4666666666666667,0.0,13.643961477303725,54.5758459092149,0.3567418111221665,0.24660221479502636,7.0542307692307675,4.0,1.0,1.5,1.0,1.0,0.5
H1_45,M,False,4-2-3-1,4,0,0,0,0,0,4,2,3,1,44,0.0,32.370464810126585,2.0,0.0,0.0,3,9,1,10,0,1,2.0,0.5,0.4583333333333333,0.041666666666666664,0.75,0.45,0.0,16.032378255926044,40.08094563981511,0.40381363629767775,0.0,0.0,2.5,0.0,1.0,1.0,0.0,0.0
H2_15,M,False,4-2-3-1,5,1,0,1,1,0,4,2,3,1,59,11.703024390243902,25.225498775949866,2.0,1.0,1.0,4,12,1,12,0,3,2.0,0.5,0.40625,0.09375,0.8,0.4444444444444444,0.0,11.088665706877052,44.35466282750821,0.4162868209573128,0.1319255253473129,11.703024390243902,4.0,0.5,2.0,1.0,0.5,0.5
H2_30,M,False,4-2-3-1,5,2,0,2,2,0,4,2,3,1,74,0.0,0.0,1.0,0.0,0.0,4,12,1,15,0,3,2.0,0.45714285714285713,0.45714285714285713,0.08571428571428572,0.8,0.4,0.0,17.467617017465294,26.20142552619794,0.0,0.0,0.0,1.5,0.0,0.0,0.0,0.0,0.0
H1_15,A,False,4-2-3-1,2,1,0,1,1,0,4,2,3,1,14,11.82753,57.97763077735378,1.0,1.0,1.0,1,4,1,2,0,0,2.0,0.625,0.375,0.0,0.5,0.6666666666666666,0.0,14.038685345020873,56.15474138008349,0.6215428925660738,0.1585239976559902,11.82753,4.0,1.0,2.5,0.5,0.5,0.5
H1_30,A,False,4-2-3-1,3,1,0,1,1,0,4,2,3,1,29,0.0,5.432448000000001,2.0,0.0,1.0,1,5,2,5,0,0,2.0,0.46153846153846156,0.5384615384615384,0.0,0.3333333333333333,0.5,0.0,17.136127651765378,42.840319129413444,0.06340344925523878,0.2373970429268445,0.0,2.5,0.5,0.5,0.5,0.5,0.0
H1_45,A,False,4-2-3-1,4,1,0,1,1,0,4,2,3,1,44,19.818349206349204,46.89153972297728,2.0,2.0,1.0,2,10,2,7,0,1,2.0,0.5454545454545454,0.4090909090909091,0.045454545454545456,0.5,0.5555555555555556,0.0,11.723548909402435,52.75597009231096,0.632249665891835,0.18783039314480993,19.818349206349204,4.5,0.5,3.0,1.0,0.5,1.0
H2_15,A,False,4-2-3-1,6,2,0,2,2,0,4,2,3,1,59,35.649625925925925,42.716421099407505,2.0,2.0,2.0,3,15,3,8,0,1,2.0,0.6,0.36666666666666664,0.03333333333333333,0.5,0.625,0.0,13.662760100046494,54.65104040018598,0.7169675677854684,0.48464000988136724,35.649625925925925,4.0,1.0,3.0,1.0,1.0,1.0
H2_30,A,False,4-2-3-1,7,3,0,2,3,0,4,2,3,1,74,22.263090909090906,29.39083411764706,1.0,1.0,0.0,4,18,3,8,0,1,2.0,0.6470588235294118,0.3235294117647059,0.029411764705882353,0.5714285714285714,0.6666666666666666,0.0,12.913481256684491,25.826962513368983,1.0,0.4310048248524524,22.263090909090906,2.0,0.5,2.0,1.0,0.5,0.5
H1_15,D,False,4-2-3-1,4,0,0,0,0,0,4,2,3,1,14,60.952396388519965,22.571903896103898,2.0,1.0,2.0,3,2,1,6,0,1,2.0,0.38461538461538464,0.5384615384615384,0.07692307692307693,0.75,0.2222222222222222,0.0,13.05941317733389,84.88618565267029,0.49197816842884856,0.39360050821480835,20.317465462839987,6.5,2.0,2.5,1.0,1.0,0.5
H1_30,D,False,4-2-3-1,8,0,0,0,0,0,4,2,3,1,29,42.81451202239789,78.51384377393143,2.0,1.0,2.0,6,10,1,8,1,4,2.0,0.5333333333333333,0.3,0.16666666666666666,0.75,0.45454545454545453,0.125,13.523969214239006,114.95373832103155,0.5277268819979362,0.33793045607842503,14.271504007465964,8.5,2.0,5.5,1.0,1.0,0.5
H1_45,D,False,4-2-3-1,10,0,0,0,0,0,4,2,3,1,44,14.12180425531915,19.00453806609547,2.0,1.0,2.0,7,12,1,14,2,5,2.0,0.4634146341463415,0.36585365853658536,0.17073170731707318,0.7,0.3870967741935484,0.2,11.879096974582042,65.33503336020124,0.25351132935667475,0.2639359102732761,14.12180425531915,5.5,1.0,1.5,0.5,1.0,0.5
H2_15,D,False,4-2-3-1,10,1,1,1,1,0,4,2,3,1,59,0.0,52.30262293087691,2.0,1.0,0.0,7,16,1,14,2,7,2.0,0.48936170212765956,0.3191489361702128,0.19148936170212766,0.7,0.43243243243243246,0.2,12.20478854403504,36.61436563210512,0.7142363663541889,0.0,0.0,3.0,0.0,2.0,1.0,0.0,0.5
H1_15,G,False,4-2-3-1,0,0,0,0,0,0,4,2,3,1,14,0.0,0.0,0.0,0.0,0.0,0,0,0,1,0,0,1.0,0.0,1.0,0.0,0.0,0.0,0.0,5.0508173913043475,5.0508173913043475,0.0,0.0,0.0,1.0,0.0,0.0,0.0,0.0,0.0
H1_30,G,False,4-2-3-1,0,0,0,0,0,0,4,2,3,1,29,0.0,0.0,0.0,0.0,0.0,0,0,0,1,0,0,1.0,0.0,0.0,0.0,0.0,0.0,0.0,0.0,0.0,0.0,0.0,0.0,0.0,0.0,0.0,0.0,0.0,0.0
H1_45,G,False,4-2-3-1,0,0,0,0,0,0,4,2,3,1,44,0.0,0.0,0.0,0.0,0.0,0,0,0,1,0,1,1.0,0.0,0.5,0.5,0.0,0.0,0.0,6.112799999999998,6.112799999999998,0.0,0.0,0.0,1.0,0.0,0.0,0.0,0.0,0.0
H2_15,G,False,4-2-3-1,0,0,0,0,0,0,4,2,3,1,59,0.0,0.0,0.0,0.0,0.0,0,0,0,1,0,1,1.0,0.0,0.0,0.0,0.0,0.0,0.0,0.0,0.0,0.0,0.0,0.0,0.0,0.0,0.0,0.0,0.0,0.0
H2_30,G,False,4-2-3-1,0,0,0,0,0,0,4,2,3,1,74,0.0,0.0,0.0,0.0,0.0,0,0,0,1,0,2,2.0,0.0,0.3333333333333333,0.6666666666666666,0.0,0.0,0.0,9.02109,9.02109,0.0,0.0,0.0,1.0,0.0,0.0,0.0,0.0,0.0
H2_30,M,False,4-2-3-1,0,0,0,0,0,0,4,2,3,1,10,0.0,6.952645161290321,2.0,0.0,0.0,0,1,0,6,0,2,2.0,0.1111111111111111,0.6666666666666666,0.2222222222222222,0.0,0.1111111111111111,0.0,11.888371516317685,53.497671823429584,0.0649808199526673,0.0,0.0,4.5,0.0,0.5,0.5,0.0,0.0
H2_15,M,False,4-2-3-1,1,2,1,2,2,0,4,2,3,1,14,13.852851063829789,66.44435015651014,2.0,1.0,1.0,1,5,0,0,0,2,2.0,0.75,0.0,0.25,1.0,0.7142857142857143,0.0,13.745307593018683,54.981230372074734,0.7302237570616764,0.12597800167514736,13.852851063829789,4.0,0.5,3.0,1.0,0.5,0.5
H2_30,M,False,4-2-3-1,2,2,1,2,2,0,4,2,3,1,29,9.834742857142858,57.69639674881216,2.0,2.0,1.0,2,10,0,2,0,2,2.0,0.75,0.125,0.125,1.0,0.7142857142857143,0.0,10.537809756797234,42.151239027188936,0.8010575864969854,0.11666018703268871,9.834742857142858,4.0,0.5,3.0,1.0,0.5,1.0
H2_30,A,True,4-3-3,1,0,0,0,0,0,4,3,3,0,10,17.996574193548383,9.74087441860465,2.0,0.0,1.0,1,1,0,5,0,2,2.0,0.2222222222222222,0.5555555555555556,0.2222222222222222,1.0,0.125,0.0,14.63472494747741,65.85626226364835,0.21059082051384262,0.13663525361871484,17.996574193548383,4.5,0.5,1.0,1.0,0.5,0.0
H2_30,A,False,4-2-3-1,3,1,0,1,1,1,4,2,3,1,10,48.40126319648094,21.300275,2.0,2.0,2.0,2,2,1,0,0,0,2.0,0.8,0.2,0.0,0.6666666666666666,1.0,0.0,18.29948213204981,45.74870533012453,0.7617870024245692,0.7672035214297722,24.20063159824047,2.5,1.5,2.0,1.0,1.0,1.0
H1_15,G,True,4-2-3-1,0,0,0,0,0,0,4,2,3,1,14,0.0,0.0,0.0,0.0,0.0,0,0,0,0,0,0,0.0,0.0,0.0,0.0,0.0,0.0,0.0,0.0,0.0,0.0,0.0,0.0,0.0,0.0,0.0,0.0,0.0,0.0
H1_30,G,True,4-2-3-1,0,0,0,0,0,0,4,2,3,1,29,0.0,0.0,0.0,0.0,0.0,0,0,0,0,0,0,0.0,0.0,0.0,0.0,0.0,0.0,0.0,0.0,0.0,0.0,0.0,0.0,0.0,0.0,0.0,0.0,0.0,0.0
H1_45,G,True,4-2-3-1,0,0,0,0,0,0,4,2,3,1,44,0.0,0.0,0.0,0.0,0.0,0,0,0,0,0,1,1.0,0.0,0.0,1.0,0.0,0.0,0.0,14.016845283018863,14.016845283018863,0.0,0.0,0.0,1.0,0.0,0.0,0.0,0.0,0.0
H2_15,G,True,4-2-3-1,0,0,0,0,0,0,4,2,3,1,59,0.0,0.0,0.0,0.0,0.0,0,0,0,0,0,1,1.0,0.0,0.0,0.0,0.0,0.0,0.0,0.0,0.0,0.0,0.0,0.0,0.0,0.0,0.0,0.0,0.0,0.0
H2_30,G,True,4-2-3-1,0,0,0,0,0,0,4,2,3,1,74,0.0,0.0,0.0,0.0,0.0,0,0,0,0,0,1,1.0,0.0,0.0,0.0,0.0,0.0,0.0,0.0,0.0,0.0,0.0,0.0,0.0,0.0,0.0,0.0,0.0,0.0
H1_15,D,True,4-2-3-1,5,0,0,0,0,0,4,2,3,1,14,22.776,37.98900990273059,2.0,2.0,2.0,2,3,1,3,2,2,2.0,0.38461538461538464,0.3076923076923077,0.3076923076923077,0.4,0.375,0.4,12.331928758740391,80.15753693181254,0.3790349119286277,0.4883981116592638,11.388,6.5,2.5,2.5,1.0,1.0,1.0
H1_30,D,True,4-2-3-1,7,0,0,0,0,0,4,2,3,1,29,0.0,44.48778808250573,2.0,1.0,2.0,2,6,3,5,2,3,2.0,0.38095238095238093,0.38095238095238093,0.23809523809523808,0.2857142857142857,0.42857142857142855,0.2857142857142857,11.805483569260414,47.221934277041655,0.471050040236649,0.2138289211763674,0.0,4.0,1.0,1.5,1.0,1.0,0.5
H1_45,D,True,4-2-3-1,8,0,0,0,0,0,4,2,3,1,44,0.0,58.72951248843663,2.0,1.0,1.0,2,8,3,9,3,8,2.0,0.30303030303030304,0.36363636363636365,0.3333333333333333,0.25,0.32,0.375,19.351178754070983,116.10707252442589,0.2529110036603562,0.14770474222217156,0.0,6.0,0.5,1.0,0.5,0.5,0.5
H2_15,D,True,4-2-3-1,9,0,0,0,0,0,4,2,3,1,59,0.0,14.138358620689658,2.0,0.0,1.0,2,9,4,14,3,11,2.0,0.2558139534883721,0.4186046511627907,0.32558139534883723,0.2222222222222222,0.2647058823529412,0.3333333333333333,13.742840877893105,68.71420438946552,0.10287799113961064,0.16660552698651832,0.0,5.0,0.5,0.5,0.5,0.5,0.0
H2_30,D,True,4-2-3-1,13,0,0,0,0,0,4,2,3,1,74,55.97462983425414,24.76732607392607,2.0,1.0,2.0,3,11,5,18,5,13,2.0,0.2545454545454545,0.41818181818181815,0.32727272727272727,0.23076923076923078,0.2619047619047619,0.38461538461538464,14.744763153224769,88.46857891934862,0.4563312584787177,0.5614408800479742,55.97462983425414,6.0,2.0,1.5,0.5,1.0,0.5
H1_15,M,True,4-2-3-1,1,0,0,0,0,0,4,2,3,1,14,13.17913043478261,46.980122427469006,2.0,1.0,1.0,1,4,0,3,0,5,2.0,0.38461538461538464,0.23076923076923078,0.38461538461538464,1.0,0.3333333333333333,0.0,12.453424848638033,80.94726151614721,0.37159535563937,0.0814056596105704,13.17913043478261,6.5,0.5,2.5,0.5,0.5,0.5
H1_30,M,True,4-2-3-1,2,0,0,0,0,0,4,2,3,1,29,0.0,36.338434462095876,1.0,1.0,1.0,1,7,0,4,1,8,2.0,0.38095238095238093,0.19047619047619047,0.42857142857142855,0.5,0.3684210526315789,0.5,12.839125658217085,51.35650263286834,0.3537861088581911,0.06373649227504874,0.0,4.0,0.5,1.5,0.5,0.5,0.5
H1_45,M,True,4-2-3-1,3,0,0,0,0,0,4,2,3,1,44,0.0,0.0,1.0,0.0,1.0,1,7,0,5,2,12,2.0,0.2962962962962963,0.18518518518518517,0.5185185185185185,0.3333333333333333,0.2916666666666667,0.6666666666666666,12.256440934502004,73.53864560701203,0.0,0.18684253463413478,0.0,6.0,1.0,0.0,0.0,1.0,0.0
H2_15,M,True,4-2-3-1,4,0,0,0,0,0,4,2,3,1,59,11.018210526315787,0.0,1.0,0.0,0.0,2,7,0,12,2,12,2.0,0.2571428571428571,0.34285714285714286,0.4,0.5,0.22580645161290322,0.5,12.645787237692325,50.5831489507693,0.10891186842716537,0.10891186842716537,11.018210526315787,4.0,0.5,0.5,0.5,0.5,0.0
H2_30,M,True,4-2-3-1,4,0,0,0,0,0,4,2,3,1,74,0.0,0.0,1.0,0.0,0.0,2,7,0,14,2,13,2.0,0.23684210526315788,0.3684210526315789,0.39473684210526316,0.5,0.20588235294117646,0.5,16.869387979797978,50.60816393939393,0.0,0.0,0.0,3.0,0.0,0.0,0.0,0.0,0.0
H1_15,M,True,4-2-3-1,1,1,0,1,1,0,4,2,3,1,14,0.0,33.114351306471306,1.0,1.0,1.0,0,3,1,7,0,4,2.0,0.2,0.5333333333333333,0.26666666666666666,0.0,0.21428571428571427,0.0,12.197738667557296,91.48304000667972,0.18098628611408973,0.13322425143414146,0.0,7.5,0.5,1.5,1.0,0.5,0.5
H1_30,M,True,4-2-3-1,2,1,0,1,1,0,4,2,3,1,29,14.467775,50.10362880190797,2.0,1.0,1.0,1,6,1,9,0,9,2.0,0.2692307692307692,0.38461538461538464,0.34615384615384615,0.5,0.25,0.0,16.04601063994584,88.25305851970212,0.36583096883544647,0.08196755581434115,14.467775,5.5,0.5,2.0,1.0,0.5,0.5
H1_45,M,True,4-2-3-1,4,1,0,1,1,0,4,2,3,1,44,14.917559999999998,8.201082352941176,2.0,1.0,2.0,2,7,2,14,0,15,2.0,0.225,0.4,0.375,0.5,0.19444444444444445,0.0,16.876882288531643,118.1381760197215,0.09784577319477931,0.09110289630849992,14.917559999999998,7.0,1.0,1.0,0.5,1.0,0.5
H2_15,M,True,4-2-3-1,7,2,0,2,2,0,4,2,3,1,59,0.0,13.237221052631575,2.0,0.0,2.0,2,8,5,17,0,18,2.0,0.2,0.44,0.36,0.2857142857142857,0.18604651162790697,0.0,16.986298866030026,76.43834489713511,0.08658756982797847,0.204297872039816,0.0,5.0,1.5,0.5,0.5,1.0,0.0
H2_30,M,True,4-2-3-1,9,2,0,2,2,0,4,2,3,1,74,7.284230769230769,55.146592840782155,2.0,2.0,2.0,3,14,6,17,0,18,2.0,0.29310344827586204,0.39655172413793105,0.3103448275862069,0.3333333333333333,0.2857142857142857,0.0,11.183617657133968,44.734470628535874,0.6977932535339834,0.38362305325231183,7.284230769230769,4.0,1.0,3.5,1.0,1.0,1.0
H1_15,M,True,4-2-3-1,3,0,0,0,0,1,4,2,3,1,14,7.929899999999999,43.936640036698506,2.0,2.0,2.0,1,4,0,5,2,2,2.0,0.35714285714285715,0.35714285714285715,0.2857142857142857,0.3333333333333333,0.36363636363636365,0.6666666666666666,10.339611313345383,72.37727919341768,0.3583067822851752,0.25446728139200975,7.929899999999999,7.0,1.5,2.5,1.0,1.0,1.0
H1_30,M,True,4-2-3-1,5,1,1,1,1,0,4,2,3,1,29,49.3273566798419,47.64546475972739,2.0,1.0,1.0,3,10,0,7,2,4,2.0,0.5,0.2692307692307692,0.23076923076923078,0.6,0.47619047619047616,0.4,14.234961246368023,85.40976747820814,0.5676916370502437,0.28876882665924314,24.66367833992095,6.0,1.0,4.0,1.0,0.5,0.5
H1_45,M,True,4-2-3-1,9,1,1,1,1,0,4,2,3,1,44,21.876684057971016,37.8620958994709,2.0,1.0,1.0,4,14,3,13,2,7,2.0,0.4186046511627907,0.37209302325581395,0.20930232558139536,0.4444444444444444,0.4117647058823529,0.2222222222222222,15.053524538342643,127.95495857591246,0.2334367523631388,0.3777532936022681,21.876684057971016,8.5,2.0,2.5,1.0,0.5,0.5
H2_15,M,True,4-2-3-1,15,1,1,1,1,0,4,2,3,1,59,27.901434838709676,29.245613481646277,2.0,2.0,2.0,6,17,6,19,3,11,2.0,0.3709677419354839,0.4032258064516129,0.22580645161290322,0.4,0.3617021276595745,0.2,11.01038369010358,104.59864505598402,0.2731729856049728,0.4287021901762138,13.950717419354838,9.5,3.0,2.5,1.0,1.0,1.0
H2_15,M,True,4-2-3-1,0,0,0,0,0,0,4,2,3,1,5,0.0,0.0,2.0,0.0,0.0,0,0,0,4,0,4,2.0,0.0,0.5,0.5,0.0,0.0,0.0,16.83550817212985,67.3420326885194,0.0,0.0,0.0,4.0,0.0,0.0,0.0,0.0,0.0
H2_30,M,True,4-2-3-1,2,2,0,0,2,0,4,2,3,1,20,23.54578701298701,34.599046666666666,1.0,1.0,1.0,1,2,0,8,1,4,2.0,0.1875,0.5,0.3125,0.5,0.14285714285714285,0.5,15.898873702424057,127.19098961939245,0.4571458548569112,0.24901412140124896,23.54578701298701,8.0,2.0,3.0,1.0,1.0,1.0
H1_15,A,True,4-2-3-1,5,0,0,0,0,0,4,2,3,1,14,16.428696078431372,82.97742589044097,2.0,2.0,2.0,2,6,3,6,0,2,2.0,0.42105263157894735,0.47368421052631576,0.10526315789473684,0.4,0.42857142857142855,0.0,12.945974349503118,122.98675632027961,0.4041334406364899,0.30334619472379404,8.214348039215686,9.5,2.5,4.0,1.0,1.0,1.0
H1_30,A,True,4-2-3-1,7,1,0,1,1,0,4,2,3,1,29,47.74826103756709,68.48160424138186,2.0,2.0,1.0,4,12,3,8,0,2,2.0,0.5517241379310345,0.3793103448275862,0.06896551724137931,0.5714285714285714,0.5454545454545454,0.0,13.303389889239432,66.51694944619716,0.8736860773580915,0.35891800086374004,23.874130518783545,5.0,1.0,4.0,1.0,0.5,1.0
H1_45,A,True,4-2-3-1,9,1,0,1,1,0,4,2,3,1,44,11.256964102564105,29.739278169934643,2.0,2.0,1.0,5,15,4,14,0,2,2.0,0.5,0.45,0.05,0.5555555555555556,0.4838709677419355,0.0,12.454724216519478,68.50098319085713,0.2992383493115362,0.21904750047527743,11.256964102564105,5.5,1.0,2.0,1.0,0.5,1.0
H2_15,A,True,4-2-3-1,10,1,0,1,1,0,4,2,3,1,59,0.0,38.32966858415881,2.0,1.0,1.0,5,18,4,17,1,5,2.0,0.46,0.42,0.12,0.5,0.45,0.1,10.289870913902348,51.44935456951174,0.3724990226298437,0.10903488305951736,0.0,5.0,0.5,1.5,0.5,0.5,0.5
H2_30,A,True,4-2-3-1,12,1,0,1,1,0,4,2,3,1,74,34.25499099099099,13.254918181818184,1.0,1.0,1.0,6,20,5,22,1,5,2.0,0.4406779661016949,0.4576271186440678,0.1016949152542373,0.5,0.425531914893617,0.08333333333333333,13.334057820273586,60.003260191231135,0.395894398249316,0.4947923986019646,34.25499099099099,4.5,1.0,1.5,1.0,0.5,0.5
H2_30,D,True,4-2-3-1,1,0,0,0,0,0,4,2,3,1,11,16.763214285714284,0.0,1.0,0.0,1.0,1,0,0,4,0,0,1.0,0.2,0.8,0.0,1.0,0.0,0.0,16.4248216024531,82.12410801226551,0.2041205036066954,0.2041205036066954,16.763214285714284,5.0,1.0,1.0,1.0,1.0,0.0
H1_15,D,True,4-2-3-1,5,0,0,0,0,0,4,2,3,1,14,13.652017021276595,0.0,1.0,0.0,1.0,1,0,1,6,3,3,1.0,0.07142857142857142,0.5,0.42857142857142855,0.2,0.0,0.6,11.36998294176639,159.17976118472944,0.085764778886892,0.5113014560249146,13.652017021276595,14.0,5.0,1.0,1.0,1.0,0.0
H1_30,D,True,4-2-3-1,6,0,0,0,0,0,4,2,3,1,29,0.0,15.743212307692309,1.0,0.0,1.0,1,1,1,8,4,3,2.0,0.1111111111111111,0.5,0.3888888888888889,0.16666666666666666,0.08333333333333333,0.6666666666666666,12.170115132032148,24.340230264064296,0.3233990010960465,0.43082239995865423,0.0,2.0,0.5,0.5,0.5,0.5,0.0
H1_45,D,True,4-2-3-1,7,0,0,0,0,0,4,2,3,1,44,0.0,0.0,1.0,0.0,1.0,1,1,2,9,4,6,2.0,0.08695652173913043,0.4782608695652174,0.43478260869565216,0.14285714285714285,0.0625,0.5714285714285714,11.873807168345445,59.369035841727225,0.0,0.2561213902906734,0.0,5.0,1.0,0.0,0.0,1.0,0.0
H2_15,D,True,4-2-3-1,8,0,0,0,0,0,4,2,3,1,59,14.586449999999996,0.0,1.0,0.0,1.0,2,1,2,11,4,8,2.0,0.10714285714285714,0.4642857142857143,0.42857142857142855,0.25,0.05,0.5,18.880479116809116,47.20119779202279,0.15451355773078676,0.15451355773078676,14.586449999999996,2.5,0.5,0.5,0.5,0.5,0.0
H2_30,D,True,4-2-3-1,11,0,0,0,0,0,4,2,3,1,74,0.0,0.0,2.0,0.0,2.0,2,1,4,16,5,11,2.0,0.07692307692307693,0.5128205128205128,0.41025641025641024,0.18181818181818182,0.03571428571428571,0.45454545454545453,9.250405848968686,50.877232169327776,0.0,0.36442942236130654,0.0,5.5,1.5,0.0,0.0,1.0,0.0
H1_15,D,True,4-2-3-1,3,0,0,0,0,0,4,2,3,1,14,0.0,20.693480952380952,2.0,0.0,2.0,0,1,2,2,1,5,2.0,0.09090909090909091,0.36363636363636365,0.5454545454545454,0.0,0.125,0.3333333333333333,16.429669207951598,90.36318064373378,0.11450172960360452,0.21681548574530524,0.0,5.5,1.5,0.5,0.5,1.0,0.0
H1_30,D,True,4-2-3-1,3,0,0,0,0,0,4,2,3,1,29,0.0,0.0,1.0,0.0,0.0,0,1,2,3,1,8,2.0,0.06666666666666667,0.3333333333333333,0.6,0.0,0.08333333333333333,0.3333333333333333,16.452728653699243,32.905457307398486,0.0,0.0,0.0,2.0,0.0,0.0,0.0,0.0,0.0
H1_45,D,True,4-2-3-1,3,0,0,0,0,0,4,2,3,1,44,12.860515555555557,16.93050687830688,2.0,1.0,1.0,1,4,2,5,1,12,2.0,0.2,0.28,0.52,0.25,0.19047619047619047,0.25,12.243952552441993,61.21976276220996,0.24331213557276302,0.10503565331924285,12.860515555555557,5.0,0.5,2.0,1.0,0.5,0.5
H1_15,D,True,4-2-3-1,3,0,0,0,0,0,4,2,3,1,14,8.8919625,12.909990857142857,1.0,1.0,1.0,1,2,1,4,1,4,2.0,0.23076923076923078,0.38461538461538464,0.38461538461538464,0.3333333333333333,0.2,0.3333333333333333,12.283798738287992,79.84469179887195,0.1365272560138486,0.25546208803651316,8.8919625,6.5,1.5,1.5,0.5,0.5,0.5
H1_30,D,True,4-2-3-1,3,0,0,0,0,0,4,2,3,1,29,0.0,10.569521739130431,1.0,0.0,0.0,1,3,1,5,1,6,2.0,0.23529411764705882,0.35294117647058826,0.4117647058823529,0.3333333333333333,0.21428571428571427,0.3333333333333333,11.237167713100686,44.94867085240274,0.2351464801670645,0.0,0.0,4.0,0.0,1.0,1.0,0.0,0.0
H1_45,D,True,4-2-3-1,4,0,0,0,0,0,4,2,3,1,44,0.0,0.0,2.0,0.0,1.0,1,3,2,5,1,11,2.0,0.17391304347826086,0.30434782608695654,0.5217391304347826,0.25,0.15789473684210525,0.25,14.207276342299744,42.621829026899235,0.0,0.17320076359638073,0.0,3.0,0.5,0.0,0.0,0.5,0.0
H2_15,D,True,4-2-3-1,4,0,0,0,0,0,4,2,3,1,59,0.0,0.0,1.0,0.0,0.0,1,3,2,7,1,14,2.0,0.14285714285714285,0.32142857142857145,0.5357142857142857,0.25,0.125,0.25,9.46157388429562,23.653934710739048,0.0,0.0,0.0,2.5,0.0,0.0,0.0,0.0,0.0
H2_30,D,True,4-2-3-1,5,0,0,0,0,0,4,2,3,1,74,0.0,0.0,1.0,0.0,1.0,1,3,3,10,1,16,2.0,0.11764705882352941,0.38235294117647056,0.5,0.2,0.10344827586206896,0.2,8.694801086483922,26.084403259451765,0.0,0.18106898684281053,0.0,3.0,0.5,0.0,0.0,0.5,0.0
H2_30,M,True,4-2-3-1,0,0,0,0,0,0,4,2,3,1,11,0.0,0.0,1.0,0.0,0.0,0,0,0,3,0,0,2.0,0.0,1.0,0.0,0.0,0.0,0.0,23.179220599442186,34.76883089916328,0.0,0.0,0.0,1.5,0.0,0.0,0.0,0.0,0.0
H1_15,M,True,4-2-3-1,2,0,0,0,0,1,4,2,3,1,14,0.0,43.46868107224583,2.0,1.0,1.0,0,4,1,6,1,4,2.0,0.25,0.4375,0.3125,0.0,0.2857142857142857,0.5,12.801208982969781,102.40967186375825,0.21222937385286633,0.18399701712955618,0.0,8.0,1.0,2.0,1.0,0.5,0.5
H1_30,M,True,4-2-3-1,3,0,0,0,0,1,4,2,3,1,29,0.0,65.32632026814144,2.0,1.0,1.0,0,9,1,11,2,5,2.0,0.32142857142857145,0.42857142857142855,0.25,0.0,0.36,0.6666666666666666,12.871158052246841,77.22694831348105,0.422950289340501,0.04300819518575838,0.0,6.0,0.5,2.5,1.0,0.5,0.5
H1_45,M,True,4-2-3-1,6,0,0,0,0,1,4,2,3,1,44,22.664810958904106,22.399544862155388,2.0,1.0,2.0,1,11,2,19,3,8,2.0,0.2727272727272727,0.4772727272727273,0.25,0.16666666666666666,0.2894736842105263,0.5,12.796773157916085,102.37418526332868,0.22009628552913102,0.26840483370797696,22.664810958904106,8.0,1.5,1.5,1.0,1.0,0.5
H2_15,M,True,4-2-3-1,7,0,0,0,0,1,4,2,3,1,59,0.0,12.40313725490196,2.0,0.0,1.0,1,12,3,23,3,10,2.0,0.25,0.5,0.25,0.14285714285714285,0.26666666666666666,0.42857142857142855,12.670603401128666,50.682413604514664,0.1223613515300021,0.11881929750779224,0.0,4.0,0.5,0.5,0.5,0.5,0.0
H2_30,M,True,4-2-3-1,8,0,0,0,0,1,4,2,3,1,74,16.62885818181818,11.21201632653061,2.0,0.0,1.0,2,13,3,25,3,12,2.0,0.25862068965517243,0.4827586206896552,0.25862068965517243,0.25,0.26,0.375,11.286306614255992,33.858919842767975,0.41113057707739314,0.2455609667856842,16.62885818181818,3.0,0.5,1.0,1.0,0.5,0.0
H1_15,M,True,4-2-3-1,1,0,0,0,0,0,4,2,3,1,14,0.0,72.8384899820658,1.0,1.0,1.0,0,5,1,2,0,2,2.0,0.5,0.3,0.2,0.0,0.5555555555555556,0.0,14.19651227870386,70.9825613935193,0.5130731305838446,0.08642314736470533,0.0,5.0,0.5,2.5,1.0,0.5,0.5
H1_30,M,True,4-2-3-1,2,0,0,0,0,0,4,2,3,1,29,0.0,23.202375515151513,2.0,1.0,1.0,0,7,2,5,0,5,2.0,0.3684210526315789,0.3684210526315789,0.2631578947368421,0.0,0.4117647058823529,0.0,13.233652147440706,59.55143466348318,0.19480954276135318,0.20195445166509257,0.0,4.5,0.5,1.0,0.5,0.5,0.5
H1_45,M,True,4-2-3-1,3,0,0,0,0,0,4,2,3,1,44,0.0,19.003419843924192,2.0,1.0,1.0,0,9,3,8,0,10,2.0,0.3,0.36666666666666664,0.3333333333333333,0.0,0.3333333333333333,0.0,9.430954963537335,51.870252299455345,0.18318225766682586,0.06054437822632335,0.0,5.5,0.5,1.0,0.5,0.5,0.5
H2_15,M,True,4-2-3-1,4,0,0,0,0,0,4,2,3,1,59,20.45155,25.871128555831262,2.0,1.0,1.0,1,12,3,11,0,12,2.0,0.3333333333333333,0.358974358974359,0.3076923076923077,0.25,0.34285714285714286,0.0,11.065738046489496,49.795821209202735,0.46512616351098957,0.20535407895050803,20.45155,4.5,0.5,2.0,1.0,0.5,0.5
H1_15,G,False,4-1-4-1,0,0,0,0,0,0,4,1,4,1,14,0.0,0.0,0.0,0.0,0.0,0,0,0,1,0,1,2.0,0.0,0.5,0.5,0.0,0.0,0.0,9.059979487179488,9.059979487179488,0.0,0.0,0.0,1.0,0.0,0.0,0.0,0.0,0.0
H1_30,G,False,4-1-4-1,0,0,0,0,0,0,4,1,4,1,29,0.0,0.0,0.0,0.0,0.0,0,0,0,1,0,1,2.0,0.0,0.0,0.0,0.0,0.0,0.0,0.0,0.0,0.0,0.0,0.0,0.0,0.0,0.0,0.0,0.0,0.0
H1_45,G,False,4-1-4-1,0,0,0,0,0,0,4,1,4,1,44,0.0,0.0,0.0,0.0,0.0,0,0,0,1,0,1,2.0,0.0,0.0,0.0,0.0,0.0,0.0,0.0,0.0,0.0,0.0,0.0,0.0,0.0,0.0,0.0,0.0,0.0
H2_15,G,False,4-1-4-1,0,0,0,0,0,0,4,1,4,1,59,0.0,0.0,0.0,0.0,0.0,0,0,0,1,0,1,2.0,0.0,0.0,0.0,0.0,0.0,0.0,0.0,0.0,0.0,0.0,0.0,0.0,0.0,0.0,0.0,0.0,0.0
H2_30,G,False,4-1-4-1,0,0,0,0,0,0,4,1,4,1,74,0.0,0.0,0.0,0.0,0.0,0,0,0,1,0,2,2.0,0.0,0.3333333333333333,0.6666666666666666,0.0,0.0,0.0,5.3270608695652175,5.3270608695652175,0.0,0.0,0.0,1.0,0.0,0.0,0.0,0.0,0.0
H1_15,D,False,4-1-4-1,2,0,0,0,0,0,4,1,4,1,14,0.0,39.13030904761905,2.0,2.0,2.0,0,4,1,6,1,3,2.0,0.26666666666666666,0.4666666666666667,0.26666666666666666,0.0,0.3076923076923077,0.5,11.871599164853512,89.03699373640134,0.21974185900450754,0.13291042200235767,0.0,7.5,1.0,2.0,1.0,1.0,1.0
H1_30,D,False,4-1-4-1,4,1,0,1,1,0,4,1,4,1,29,0.0,0.0,2.0,0.0,2.0,0,4,2,7,2,6,2.0,0.19047619047619047,0.42857142857142855,0.38095238095238093,0.0,0.23529411764705882,0.5,13.290960390253106,39.87288117075932,0.0,0.49334353451623225,0.0,3.0,1.0,0.0,0.0,1.0,0.0
H1_45,D,False,4-1-4-1,7,2,0,2,2,0,4,1,4,1,44,31.944419417475725,22.411620300751878,2.0,1.0,2.0,1,6,3,13,3,10,2.0,0.19444444444444445,0.4444444444444444,0.3611111111111111,0.14285714285714285,0.20689655172413793,0.42857142857142855,13.327148625055596,99.95361468791697,0.2719063231877222,0.4106228809182273,31.944419417475725,7.5,1.5,1.5,0.5,1.0,0.5
H2_15,D,False,4-1-4-1,9,2,0,2,2,0,4,1,4,1,59,16.596851851851856,24.079653907496017,2.0,1.0,1.0,2,8,4,17,3,12,2.0,0.21739130434782608,0.45652173913043476,0.32608695652173914,0.2222222222222222,0.21621621621621623,0.3333333333333333,14.25429857894419,71.27149289472095,0.2853630821191958,0.1624040055260757,16.596851851851856,5.0,1.0,1.5,1.0,0.5,0.5
H2_30,D,False,4-1-4-1,14,2,0,2,2,0,4,1,4,1,74,18.319868852459017,22.047412474849096,2.0,1.0,2.0,3,10,7,19,4,15,2.0,0.22413793103448276,0.4482758620689655,0.3275862068965517,0.21428571428571427,0.22727272727272727,0.2857142857142857,15.617373770580722,93.70424262348433,0.2153972979084257,0.586036346424683,18.319868852459017,6.0,2.5,1.5,1.0,1.0,0.5
H1_15,D,False,4-1-4-1,1,0,0,0,0,0,4,1,4,1,14,0.0,12.58326923076923,1.0,0.0,1.0,0,1,0,5,1,3,2.0,0.1,0.5,0.4,0.0,0.1111111111111111,1.0,10.591123156720863,52.955615783604316,0.11880958274745584,0.1236983905769738,0.0,5.0,0.5,0.5,0.5,0.5,0.0
H1_30,D,False,4-1-4-1,2,0,0,0,0,0,4,1,4,1,29,0.0,0.0,1.0,0.0,1.0,0,1,0,8,2,6,2.0,0.058823529411764705,0.47058823529411764,0.47058823529411764,0.0,0.06666666666666667,1.0,10.470240242867863,73.29168170007505,0.0,0.2636220668868188,0.0,7.0,1.0,0.0,0.0,1.0,0.0
H1_45,D,False,4-1-4-1,4,0,0,0,0,0,4,1,4,1,44,0.0,6.572468965517242,1.0,0.0,1.0,0,2,1,11,3,8,2.0,0.08,0.48,0.44,0.0,0.09523809523809523,0.75,9.830519175997656,78.64415340798125,0.08357225147330827,0.3710849489693103,0.0,8.0,2.0,1.0,1.0,1.0,0.0
H2_15,D,False,4-1-4-1,4,0,0,0,0,0,4,1,4,1,59,0.0,0.0,1.0,0.0,0.0,0,2,1,14,3,10,2.0,0.06666666666666667,0.5,0.43333333333333335,0.0,0.07692307692307693,0.75,8.638633041120428,21.59658260280107,0.0,0.0,0.0,2.5,0.0,0.0,0.0,0.0,0.0
H2_30,D,False,4-1-4-1,5,0,0,0,0,0,4,1,4,1,74,0.0,18.461972222222222,1.0,0.0,1.0,0,3,2,19,3,13,2.0,0.075,0.525,0.4,0.0,0.08571428571428572,0.6,14.760083265856267,73.80041632928133,0.12508040699830836,0.15469074110576336,0.0,5.0,0.5,0.5,0.5,0.5,0.0
H1_15,D,False,4-1-4-1,3,0,0,0,0,0,4,1,4,1,14,0.0,5.8121,1.0,0.0,1.0,0,1,1,1,2,4,2.0,0.1111111111111111,0.2222222222222222,0.6666666666666666,0.0,0.16666666666666666,0.6666666666666666,10.691917158883756,48.1136272149769,0.06039972806488801,0.35875357192251595,0.0,4.5,1.5,0.5,0.5,0.5,0.0
H1_30,D,False,4-1-4-1,8,0,0,0,0,0,4,1,4,1,29,0.0,0.0,1.0,0.0,1.0,0,1,2,2,6,7,2.0,0.05555555555555555,0.2222222222222222,0.7222222222222222,0.0,0.1,0.75,11.577530181901588,104.1977716371143,0.0,0.6319719887263078,0.0,9.0,5.0,0.0,0.0,1.0,0.0
H1_45,D,False,4-1-4-1,11,0,0,0,0,0,4,1,4,1,44,0.0,16.144502857142854,2.0,0.0,1.0,0,3,4,7,7,9,2.0,0.1,0.36666666666666664,0.5333333333333333,0.0,0.15789473684210525,0.6363636363636364,8.319801765779097,49.91881059467458,0.1617076074611559,0.4077697428330981,0.0,6.0,1.5,1.0,1.0,0.5,0.0
H2_15,D,False,4-1-4-1,11,0,0,0,0,0,4,1,4,1,59,0.0,5.351716666666667,1.0,0.0,0.0,0,4,4,9,7,9,2.0,0.12121212121212122,0.3939393939393939,0.48484848484848486,0.0,0.18181818181818182,0.6363636363636364,12.676767966903073,19.01515195035461,0.1407224270581457,0.0,0.0,1.5,0.0,0.5,0.5,0.0,0.0
H2_30,D,False,4-1-4-1,12,0,0,0,0,0,4,1,4,1,74,0.0,15.452325,1.0,0.0,1.0,0,5,4,13,8,10,2.0,0.125,0.425,0.45,0.0,0.17857142857142858,0.6666666666666666,11.952415356699202,83.66690749689441,0.18468861180955645,0.36332816533380713,0.0,7.0,1.0,1.0,1.0,1.0,0.0
H1_15,M,False,4-1-4-1,1,0,0,0,0,0,4,1,4,1,14,0.0,0.0,2.0,0.0,1.0,0,0,0,6,1,4,2.0,0.0,0.5454545454545454,0.45454545454545453,0.0,0.0,1.0,9.979198900659945,54.8855939536297,0.0,0.11945798988368478,0.0,5.5,0.5,0.0,0.0,0.5,0.0
H1_30,M,False,4-1-4-1,3,0,0,0,0,0,4,1,4,1,29,0.0,17.77145507246377,1.0,0.0,1.0,0,1,1,8,2,11,2.0,0.043478260869565216,0.391304347826087,0.5652173913043478,0.0,0.05,0.6666666666666666,11.842997351213322,71.05798410727994,0.12504896737313345,0.15474245378400633,0.0,6.0,1.0,0.5,0.5,0.5,0.0
H1_45,M,False,4-1-4-1,3,0,0,0,0,0,4,1,4,1,44,0.0,21.867398449612402,1.0,0.0,0.0,0,3,1,14,2,13,2.0,0.09090909090909091,0.45454545454545453,0.45454545454545453,0.0,0.1,0.6666666666666666,12.216135903430924,61.08067951715462,0.17900421722936877,0.0,0.0,5.0,0.0,1.0,1.0,0.0,0.0
H1_15,M,False,4-1-4-1,3,1,0,1,1,0,4,1,4,1,14,33.06130093457944,69.59123070750076,2.0,1.0,2.0,1,5,1,11,1,4,2.0,0.2608695652173913,0.5217391304347826,0.21739130434782608,0.3333333333333333,0.25,0.3333333333333333,13.131171140652041,151.00846811749847,0.3398899840577387,0.1748809583846106,33.06130093457944,11.5,1.5,3.0,1.0,1.0,0.5
H1_30,M,False,4-1-4-1,9,1,0,1,1,0,4,1,4,1,29,32.952039700928765,165.8138171681908,2.0,2.0,2.0,5,13,2,15,2,9,2.0,0.391304347826087,0.3695652173913043,0.2391304347826087,0.5555555555555556,0.35135135135135137,0.2222222222222222,14.739819103038043,169.5079196849375,0.5863025669790636,0.2098445991145585,8.238009925232191,11.5,3.0,6.0,1.0,1.0,1.0
H1_45,M,False,4-1-4-1,16,1,0,1,1,0,4,1,4,1,44,45.29990903010033,107.89380617893742,2.0,2.0,2.0,8,21,6,25,3,12,2.0,0.38666666666666666,0.41333333333333333,0.2,0.47058823529411764,0.3620689655172414,0.17647058823529413,13.036356929382356,189.02717547604416,0.4052161146227684,0.3014314671479892,15.09996967670011,14.5,4.0,5.5,1.0,1.0,1.0
H2_15,M,False,4-1-4-1,17,1,0,1,1,0,4,1,4,1,59,0.0,69.22609812841965,2.0,2.0,0.0,8,26,6,29,3,15,2.0,0.39080459770114945,0.40229885057471265,0.20689655172413793,0.47058823529411764,0.37142857142857144,0.17647058823529413,14.231835828166075,85.39101496899644,0.405347671259992,0.0,0.0,6.0,0.0,2.5,1.0,0.0,1.0
H2_30,M,False,4-1-4-1,18,1,0,1,1,0,4,1,4,1,74,0.0,25.41083203661327,2.0,0.0,1.0,8,28,6,34,4,18,2.0,0.3673469387755102,0.40816326530612246,0.22448979591836735,0.4444444444444444,0.35,0.2222222222222222,17.10494544501051,94.07719994755782,0.13505308433275134,0.22052500920712143,0.0,5.5,0.5,1.0,1.0,0.5,0.0
H1_15,M,False,4-1-4-1,2,0,0,0,0,0,4,1,4,1,14,12.00675238095238,74.03568907017441,2.0,1.0,2.0,1,5,1,6,0,2,2.0,0.4,0.4666666666666667,0.13333333333333333,0.5,0.38461538461538464,0.0,16.222070516193515,121.66552887145137,0.35360238125474713,0.08431363388048277,12.00675238095238,7.5,1.0,3.0,1.0,1.0,0.5
H1_30,M,False,4-1-4-1,5,0,0,0,0,0,4,1,4,1,29,6.300034782608695,33.52382512637526,2.0,1.0,2.0,2,8,3,10,0,2,2.0,0.4,0.52,0.08,0.4,0.4,0.0,10.303452406322261,51.51726203161131,0.3865098642523722,0.26790546891661704,6.300034782608695,5.0,1.5,2.0,1.0,1.0,0.5
H1_45,M,False,4-1-4-1,7,0,0,0,0,0,4,1,4,1,44,10.82902564102564,78.95817452251303,2.0,2.0,2.0,3,14,4,10,0,3,2.0,0.5,0.4117647058823529,0.08823529411764706,0.42857142857142855,0.5185185185185185,0.0,13.923179382105916,62.65430721947662,0.716528552849656,0.22806156145415687,10.82902564102564,4.5,1.0,3.5,1.0,1.0,1.0
H2_15,M,False,4-1-4-1,9,0,0,0,0,0,4,1,4,1,59,15.132,37.52046082535885,2.0,2.0,2.0,5,18,4,11,0,6,2.0,0.5227272727272727,0.3409090909090909,0.13636363636363635,0.5555555555555556,0.5142857142857142,0.0,11.460270638015448,57.30135319007724,0.45943470698416744,0.13203876660473332,7.566,5.0,1.0,3.0,1.0,1.0,1.0
H2_30,M,False,4-1-4-1,9,0,0,0,0,0,4,1,4,1,74,0.0,15.00966695727986,1.0,0.0,0.0,5,20,4,11,0,7,2.0,0.5319148936170213,0.3191489361702128,0.14893617021276595,0.5555555555555556,0.5263157894736842,0.0,9.14065165242662,13.71097747863993,0.5473594782233118,0.0,0.0,1.5,0.0,1.0,1.0,0.0,0.0
H1_15,M,False,4-1-4-1,5,0,0,0,0,1,4,1,4,1,14,28.97626666666667,20.76794759330759,2.0,1.0,1.0,1,3,1,7,3,1,2.0,0.25,0.5,0.25,0.2,0.2727272727272727,0.6,12.996445027345269,103.97156021876215,0.23922029329611658,0.5385258850389043,28.97626666666667,8.0,2.5,2.0,1.0,0.5,0.5
H1_30,M,False,4-1-4-1,6,0,0,0,0,1,4,1,4,1,29,0.0,32.03865563909774,2.0,1.0,1.0,1,5,1,9,4,3,2.0,0.2608695652173913,0.43478260869565216,0.30434782608695654,0.16666666666666666,0.29411764705882354,0.6666666666666666,14.122250330977224,49.42787615842028,0.3240950059882332,0.07430406873888402,0.0,3.5,0.5,1.0,0.5,0.5,0.5
H1_45,M,False,4-1-4-1,7,0,0,0,0,1,4,1,4,1,44,0.0,58.08740753708251,2.0,1.0,1.0,1,8,1,14,5,6,2.0,0.2571428571428571,0.42857142857142855,0.3142857142857143,0.14285714285714285,0.2857142857142857,0.7142857142857143,16.588137189550054,99.52882313730032,0.2918119882566619,0.10942398630280392,0.0,6.0,0.5,1.5,1.0,0.5,0.5
H2_15,M,False,4-1-4-1,9,0,0,0,0,1,4,1,4,1,59,0.0,44.69375309316971,2.0,1.0,1.0,1,11,3,19,5,10,2.0,0.24489795918367346,0.4489795918367347,0.30612244897959184,0.1111111111111111,0.275,0.5555555555555556,15.70049951333763,109.90349659336341,0.20333180689661773,0.1550080141037908,0.0,7.0,1.0,1.5,1.0,0.5,0.5
H2_30,M,False,4-1-4-1,10,0,0,0,0,1,4,1,4,1,74,8.9655875,58.66207561210719,2.0,2.0,1.0,2,18,3,20,5,12,2.0,0.3333333333333333,0.38333333333333336,0.2833333333333333,0.2,0.36,0.5,8.744473900634453,48.09460645348949,0.7030690975453494,0.09320782683470222,8.9655875,5.5,0.5,4.0,1.0,0.5,1.0
H2_30,A,False,4-1-4-1,1,0,0,0,0,1,4,1,4,1,4,0.0,9.42687619047619,2.0,0.0,1.0,0,1,1,1,0,1,2.0,0.25,0.5,0.25,0.0,0.3333333333333333,0.0,22.018414781736414,44.03682956347283,0.10703400181078758,0.7204637468460227,0.0,2.0,0.5,0.5,0.5,0.5,0.0
H1_15,A,False,4-1-4-1,4,1,0,1,1,0,4,1,4,1,14,16.56935849056604,106.8802212708888,2.0,1.0,2.0,1,8,3,6,0,1,2.0,0.47368421052631576,0.47368421052631576,0.05263157894736842,0.25,0.5333333333333333,0.0,14.421012104079278,136.99961498875314,0.4505471777113728,0.24862756685627618,16.56935849056604,9.5,2.0,4.5,1.0,1.0,0.5
H1_30,A,False,4-1-4-1,5,1,0,1,1,0,4,1,4,1,29,15.417509433962268,82.05321757733482,2.0,2.0,1.0,2,15,3,8,0,1,2.0,0.5862068965517241,0.3793103448275862,0.034482758620689655,0.4,0.625,0.0,12.377586365725984,61.88793182862992,0.7874776562351229,0.12455990189374844,15.417509433962268,5.0,0.5,4.0,1.0,0.5,1.0
H1_45,A,False,4-1-4-1,9,1,0,1,1,0,4,1,4,1,44,50.68828601880878,53.274072303605315,2.0,2.0,1.0,4,19,5,13,0,1,2.0,0.5476190476190477,0.42857142857142855,0.023809523809523808,0.4444444444444444,0.5757575757575758,0.0,14.589585544129513,94.83230603684183,0.5481378797328059,0.4982584144653831,25.34414300940439,6.5,2.0,3.0,1.0,0.5,1.0
H2_15,A,False,4-1-4-1,12,1,0,1,1,0,4,1,4,1,59,8.925287500000001,22.02477481123528,2.0,1.0,1.0,5,22,6,16,1,2,2.0,0.5192307692307693,0.4230769230769231,0.057692307692307696,0.4166666666666667,0.55,0.08333333333333333,9.477544170273237,47.38772085136619,0.32656204766960206,0.4124963728584906,8.925287500000001,5.0,1.5,2.0,1.0,0.5,0.5
H1_15,M,False,4-1-4-1,2,0,0,0,0,0,4,1,4,1,14,30.248395833333333,38.83826069703243,2.0,1.0,1.0,1,3,1,5,0,1,2.0,0.36363636363636365,0.5454545454545454,0.09090909090909091,0.5,0.3333333333333333,0.0,12.846957527857086,70.65826640321397,0.488878796828387,0.26179829846243236,30.248395833333333,5.5,1.0,2.0,1.0,0.5,0.5
H1_30,M,False,4-1-4-1,5,0,0,0,0,0,4,1,4,1,29,15.428105660377357,36.19657208704992,2.0,1.0,2.0,2,6,3,12,0,2,2.0,0.32,0.6,0.08,0.4,0.3,0.0,11.816846429676717,82.71792500773702,0.31205254328247817,0.23248807175834207,15.428105660377357,7.0,1.5,2.0,1.0,1.0,0.5
H1_45,M,False,4-1-4-1,7,1,1,1,1,0,4,1,4,1,44,7.1207692307692305,89.34985739486704,2.0,2.0,2.0,3,15,4,13,0,2,2.0,0.4864864864864865,0.4594594594594595,0.05405405405405406,0.42857142857142855,0.5,0.0,11.37491965613935,68.2495179368361,0.7067495093146179,0.2484809580447728,7.1207692307692305,6.0,1.0,5.0,1.0,1.0,1.0
H1_15,D,False,4-1-4-1,1,0,0,0,0,0,4,1,4,1,14,0.0,13.925148583877997,2.0,0.0,1.0,0,2,1,0,0,2,2.0,0.4,0.2,0.4,0.0,0.5,0.0,7.798205145347029,19.495512863367573,0.35713727259885547,0.2862197080480465,0.0,2.5,0.5,1.0,1.0,0.5,0.0
H1_30,D,False,4-1-4-1,4,0,0,0,0,0,4,1,4,1,29,19.75133333333333,11.202119047619046,2.0,1.0,2.0,1,4,2,3,1,5,2.0,0.3125,0.3125,0.375,0.25,0.3333333333333333,0.25,11.933239385046193,65.63281661775406,0.2358077405181731,0.30350876975603325,19.75133333333333,5.5,1.5,1.5,0.5,1.0,0.5
H1_45,D,False,4-1-4-1,6,0,0,0,0,0,4,1,4,1,44,0.0,32.48697425871619,1.0,0.0,1.0,1,6,3,5,2,5,2.0,0.3181818181818182,0.36363636363636365,0.3181818181818182,0.16666666666666666,0.375,0.3333333333333333,18.96881269649904,56.906438089497115,0.28544199346674726,0.5611130122993271,0.0,3.0,1.0,1.0,1.0,0.5,0.0
H2_15,D,False,4-1-4-1,8,0,0,0,0,0,4,1,4,1,59,0.0,13.94183859649123,2.0,0.0,2.0,1,7,4,7,3,7,2.0,0.27586206896551724,0.3793103448275862,0.3448275862068966,0.125,0.3333333333333333,0.375,11.188147569910557,39.15851649468695,0.17801796192129582,0.3682805130864089,0.0,3.5,1.0,0.5,0.5,1.0,0.0
H2_30,D,False,4-1-4-1,9,0,0,0,0,0,4,1,4,1,74,0.0,21.46634118918919,1.0,0.0,1.0,1,9,4,9,4,8,2.0,0.2857142857142857,0.37142857142857144,0.34285714285714286,0.1111111111111111,0.34615384615384615,0.4444444444444444,15.693893249948578,47.08167974984573,0.22796915172997334,0.42093357979788165,0.0,3.0,0.5,1.0,1.0,0.5,0.0
H2_15,M,False,4-1-4-1,1,0,0,0,0,0,4,1,4,1,3,0.0,34.222283996003995,2.0,1.0,1.0,0,3,1,1,0,0,2.0,0.6,0.4,0.0,0.0,0.75,0.0,11.694239987606597,29.23559996901649,0.5852844482800478,0.10750383552126959,0.0,2.5,0.5,1.5,1.0,0.5,0.5
H2_30,M,False,4-1-4-1,2,2,0,1,2,0,4,1,4,1,18,0.0,8.295,1.0,0.0,1.0,0,4,2,3,0,2,2.0,0.36363636363636365,0.45454545454545453,0.18181818181818182,0.0,0.4444444444444444,0.0,12.328512211503025,73.97107326901815,0.1121384297052542,0.3461939605823611,0.0,6.0,1.0,1.0,1.0,1.0,0.0
H2_15,M,False,4-1-4-1,0,0,0,0,0,1,4,1,4,1,3,0.0,7.958222222222222,0.0,0.0,0.0,0,1,0,1,0,0,2.0,0.5,0.5,0.0,0.0,0.5,0.0,9.119520413436693,9.119520413436693,0.43632898778846885,0.0,0.0,1.0,0.0,0.5,0.5,0.0,0.0
H2_30,M,False,4-1-4-1,4,1,1,1,1,0,4,1,4,1,18,20.80638961038961,49.571919977516245,2.0,2.0,2.0,2,6,2,6,0,0,2.0,0.5,0.5,0.0,0.5,0.5,0.0,10.16930545748019,71.18513820236133,0.4943328858043243,0.4144034924313926,10.403194805194804,7.0,2.0,3.5,1.0,1.0,1.0
H1_15,G,True,4-4-2,0,0,0,0,0,0,4,4,2,0,14,0.0,0.0,0.0,0.0,0.0,0,0,0,0,0,0,0.0,0.0,0.0,0.0,0.0,0.0,0.0,0.0,0.0,0.0,0.0,0.0,0.0,0.0,0.0,0.0,0.0,0.0
H1_30,G,True,4-4-2,1,0,0,0,0,0,4,4,2,0,29,0.0,0.0,0.0,0.0,0.0,0,0,1,0,0,0,1.0,0.0,1.0,0.0,0.0,0.0,0.0,15.087673469387752,15.087673469387752,0.0,1.0,0.0,1.0,1.0,0.0,0.0,1.0,0.0
H1_45,G,True,4-4-2,2,0,0,0,0,0,4,4,2,0,44,0.0,0.0,0.0,0.0,0.0,0,0,2,0,0,0,1.0,0.0,1.0,0.0,0.0,0.0,0.0,10.723611111111111,10.723611111111111,0.0,1.0,0.0,1.0,1.0,0.0,0.0,1.0,0.0
H2_15,G,True,4-4-2,2,0,0,0,0,0,4,4,2,0,59,0.0,0.0,0.0,0.0,0.0,0,0,2,0,0,0,1.0,0.0,0.0,0.0,0.0,0.0,0.0,0.0,0.0,0.0,0.0,0.0,0.0,0.0,0.0,0.0,0.0,0.0
H2_30,G,True,4-4-2,2,0,0,0,0,0,4,4,2,0,74,0.0,0.0,0.0,0.0,0.0,0,0,2,0,0,0,1.0,0.0,0.0,0.0,0.0,0.0,0.0,0.0,0.0,0.0,0.0,0.0,0.0,0.0,0.0,0.0,0.0,0.0
H1_15,D,True,4-4-2,4,0,0,0,0,0,4,4,2,0,14,0.0,16.7160303030303,2.0,0.0,2.0,0,1,3,4,1,1,2.0,0.1,0.7,0.2,0.0,0.16666666666666666,0.25,12.764485734798862,63.82242867399431,0.13095733467317558,0.4774324352093722,0.0,5.0,2.0,0.5,0.5,1.0,0.0
H1_30,D,True,4-4-2,5,0,0,0,0,0,4,4,2,0,29,31.016865384615382,34.60018603706524,2.0,1.0,1.0,1,3,3,9,1,4,2.0,0.19047619047619047,0.5714285714285714,0.23809523809523808,0.2,0.1875,0.2,13.870160320780686,76.28588176429378,0.43007336288267967,0.2032936151963906,31.016865384615382,5.5,0.5,1.5,1.0,0.5,0.5
H1_45,D,True,4-4-2,5,0,0,0,0,0,4,4,2,0,44,0.0,15.562083870967742,1.0,0.0,0.0,1,4,3,9,1,5,2.0,0.21739130434782608,0.5217391304347826,0.2608695652173913,0.2,0.2222222222222222,0.2,11.961403046594981,23.922806093189962,0.6505124779403598,0.0,0.0,2.0,0.0,1.0,1.0,0.0,0.0
H2_15,D,True,4-4-2,7,0,0,0,0,0,4,4,2,0,59,0.0,5.3298000000000005,2.0,0.0,2.0,1,5,4,12,2,7,2.0,0.1935483870967742,0.5161290322580645,0.2903225806451613,0.14285714285714285,0.20833333333333334,0.2857142857142857,10.60675858100233,37.12365503350816,0.07178441879159357,0.12043466614384966,0.0,4.0,1.0,0.5,0.5,1.0,0.0
H1_15,D,True,4-4-2,0,1,1,1,1,0,4,4,2,0,14,0.0,45.61150293400708,2.0,1.0,0.0,0,3,0,0,0,3,2.0,0.5,0.0,0.5,0.0,0.5,0.0,13.913592857313212,41.740778571939636,0.5463662214085957,0.0,0.0,3.0,0.0,1.5,1.0,0.0,0.5
H1_30,D,True,4-4-2,3,1,1,1,1,0,4,4,2,0,29,16.01188363636364,18.233997932816536,2.0,1.0,2.0,1,5,0,3,2,8,2.0,0.3157894736842105,0.15789473684210525,0.5263157894736842,0.3333333333333333,0.3125,0.6666666666666666,12.437933367054926,80.84656688585702,0.21179552137031443,0.3713626167505798,16.01188363636364,6.5,1.5,1.5,1.0,1.0,0.5
H1_45,D,True,4-4-2,3,1,1,1,1,0,4,4,2,0,44,0.0,0.0,0.0,0.0,0.0,1,5,1,3,2,8,2.0,0.3,0.2,0.5,0.25,0.3125,0.5,34.43000366972477,34.43000366972477,0.0,1.0,0.0,1.0,1.0,0.0,0.0,1.0,0.0
H2_15,D,True,4-4-2,6,1,1,1,1,0,4,4,2,0,59,6.070527272727272,31.803957792207793,2.0,1.0,1.0,2,7,2,6,2,10,2.0,0.3103448275862069,0.27586206896551724,0.41379310344827586,0.3333333333333333,0.30434782608695654,0.3333333333333333,14.419843367169452,64.88929515226253,0.29183923924634025,0.24039792652783581,6.070527272727272,4.5,1.0,1.5,1.0,0.5,0.5
H2_30,D,True,4-4-2,7,1,1,1,1,0,4,4,2,0,74,25.91271529411765,10.04487804878049,2.0,1.0,1.0,3,8,2,9,2,12,2.0,0.3055555555555556,0.3055555555555556,0.3888888888888889,0.42857142857142855,0.27586206896551724,0.2857142857142857,14.267332172217229,49.9356626027603,0.3600392131465429,0.2594610138675247,25.91271529411765,3.5,0.5,1.0,0.5,0.5,0.5
H1_15,D,True,4-4-2,0,0,0,0,0,0,4,4,2,0,14,0.0,17.537122222222223,1.0,0.0,0.0,0,2,0,3,0,0,2.0,0.4,0.6,0.0,0.0,0.4,0.0,8.971385871423262,22.428464678558157,0.39095681477894234,0.0,0.0,2.5,0.0,1.0,1.0,0.0,0.0
H1_30,D,True,4-4-2,1,0,0,0,0,0,4,4,2,0,29,0.0,5.284745454545455,1.0,0.0,1.0,0,3,1,4,0,3,2.0,0.2727272727272727,0.45454545454545453,0.2727272727272727,0.0,0.3,0.0,15.523193906024531,93.13916343614719,0.05674031481041252,0.6864572741608553,0.0,6.0,1.0,1.0,1.0,1.0,0.0
H1_45,D,True,4-4-2,1,0,0,0,0,0,4,4,2,0,44,0.0,0.0,0.0,0.0,0.0,0,3,1,4,0,4,2.0,0.25,0.4166666666666667,0.3333333333333333,0.0,0.2727272727272727,0.0,11.441758333333333,11.441758333333333,0.0,0.0,0.0,1.0,0.0,0.0,0.0,0.0,0.0
H2_15,D,True,4-4-2,3,0,0,0,0,0,4,4,2,0,59,0.0,0.0,2.0,0.0,2.0,0,3,1,6,2,7,2.0,0.15789473684210525,0.3684210526315789,0.47368421052631576,0.0,0.1875,0.6666666666666666,10.718892601999105,37.51612410699687,0.0,0.3463104974770696,0.0,3.5,1.0,0.0,0.0,1.0,0.0
H2_30,D,True,4-4-2,4,0,0,0,0,0,4,4,2,0,74,0.0,0.0,1.0,0.0,1.0,0,3,1,7,3,7,2.0,0.14285714285714285,0.38095238095238093,0.47619047619047616,0.0,0.17647058823529413,0.75,7.855525,15.71105,0.0,0.6666857615075589,0.0,2.0,1.0,0.0,0.0,1.0,0.0
H1_15,D,True,4-4-2,2,0,0,0,0,0,4,4,2,0,14,16.101554716981134,35.03719163235829,1.0,1.0,1.0,1,3,0,2,1,1,1.0,0.5,0.25,0.25,0.5,0.5,0.5,12.458738007644802,99.66990406115842,0.5130811234448485,0.22226742473039596,16.101554716981134,8.0,2.0,4.0,1.0,1.0,1.0
H1_30,D,True,4-4-2,3,0,0,0,0,0,4,4,2,0,29,0.0,0.0,1.0,0.0,1.0,1,3,0,4,2,4,2.0,0.2857142857142857,0.2857142857142857,0.42857142857142855,0.3333333333333333,0.2727272727272727,0.6666666666666666,12.589803831838383,37.76941149551515,0.0,0.2999056819420165,0.0,3.0,0.5,0.0,0.0,0.5,0.0
H1_45,D,True,4-4-2,6,0,0,0,0,0,4,4,2,0,44,22.725886486486484,7.45270303030303,2.0,0.0,1.0,2,4,0,6,4,5,2.0,0.2857142857142857,0.2857142857142857,0.42857142857142855,0.3333333333333333,0.26666666666666666,0.6666666666666666,12.386144860067608,43.35150701023663,0.34806851708365544,0.571852331728122,22.725886486486484,3.5,1.5,1.0,1.0,0.5,0.0
H2_15,D,True,4-4-2,6,1,0,0,0,0,4,4,2,0,59,0.0,9.498146341463416,1.0,0.0,0.0,2,5,0,8,4,6,2.0,0.28,0.32,0.4,0.3333333333333333,0.2631578947368421,0.6666666666666666,14.436815418364326,28.87363083672865,0.16447786555096694,0.0,0.0,2.0,0.0,0.5,0.5,0.0,0.0
H2_30,D,True,4-4-2,7,1,0,0,0,0,4,4,2,0,74,0.0,0.0,0.0,0.0,0.0,2,5,0,8,5,6,2.0,0.2692307692307692,0.3076923076923077,0.4230769230769231,0.2857142857142857,0.2631578947368421,0.7142857142857143,35.119260000000004,35.119260000000004,0.0,1.0,0.0,1.0,1.0,0.0,0.0,1.0,0.0
H1_15,M,True,4-4-2,0,0,0,0,0,0,4,4,2,0,14,0.0,50.907997777873675,2.0,1.0,0.0,0,4,0,6,0,2,2.0,0.3333333333333333,0.5,0.16666666666666666,0.0,0.3333333333333333,0.0,12.144011165579919,72.86406699347951,0.3493354123537281,0.0,0.0,6.0,0.0,2.0,1.0,0.0,0.5
H1_30,M,True,4-4-2,1,0,0,0,0,0,4,4,2,0,29,11.67055238095238,88.47599038149508,2.0,1.0,1.0,1,8,0,9,0,4,2.0,0.4090909090909091,0.4090909090909091,0.18181818181818182,1.0,0.38095238095238093,0.0,25.1115312136894,125.557656068447,0.39880699392736824,0.0464748735616339,11.67055238095238,5.0,0.5,2.5,1.0,0.5,0.5
H1_45,M,True,4-4-2,1,0,0,0,0,0,4,4,2,0,44,0.0,0.0,1.0,0.0,0.0,1,8,0,10,0,5,2.0,0.375,0.4166666666666667,0.20833333333333334,1.0,0.34782608695652173,0.0,21.08351179005092,42.16702358010184,0.0,0.0,0.0,2.0,0.0,0.0,0.0,0.0,0.0
H2_15,M,True,4-4-2,1,0,0,0,0,0,4,4,2,0,59,0.0,0.0,1.0,0.0,0.0,1,8,0,11,0,7,2.0,0.3333333333333333,0.4074074074074074,0.25925925925925924,1.0,0.3076923076923077,0.0,19.832862202491842,29.749293303737765,0.0,0.0,0.0,1.5,0.0,0.0,0.0,0.0,0.0
H2_30,M,True,4-4-2,1,0,0,0,0,0,4,4,2,0,74,0.0,7.976500000000001,2.0,0.0,0.0,1,9,0,15,0,9,2.0,0.29411764705882354,0.4411764705882353,0.2647058823529412,1.0,0.2727272727272727,0.0,11.332808680730793,39.664830382557774,0.10054877233897853,0.0,0.0,3.5,0.0,0.5,0.5,0.0,0.0
H2_30,M,True,4-4-2,2,0,0,0,0,0,4,4,2,0,11,33.04404363636364,31.946898636363635,1.0,1.0,1.0,1,3,1,2,0,1,2.0,0.5,0.375,0.125,0.5,0.5,0.0,16.159902731494125,64.6396109259765,0.5027176165026203,0.5057540299922506,33.04404363636364,4.0,1.0,2.0,1.0,0.5,0.5
H1_15,A,True,4-4-2,2,1,1,1,1,0,4,4,2,0,14,30.864785,30.013447619047618,2.0,1.0,2.0,2,2,0,2,0,0,2.0,0.6666666666666666,0.3333333333333333,0.0,1.0,0.5,0.0,14.569766042568544,43.70929812770563,0.6963991098779423,0.35306887003564136,15.4323925,3.0,1.0,2.0,1.0,1.0,0.5
H1_30,A,True,4-4-2,3,2,2,2,2,0,4,4,2,0,29,0.0,5.683846153846156,2.0,0.0,1.0,2,3,1,5,0,1,2.0,0.4166666666666667,0.5,0.08333333333333333,0.6666666666666666,0.3333333333333333,0.0,9.637045827324723,28.91113748197417,0.09829855635029895,0.31595715344820924,0.0,3.0,0.5,0.5,0.5,0.5,0.0
H1_45,A,True,4-4-2,3,2,2,2,2,0,4,4,2,0,44,13.468017021276596,5.33170909090909,1.0,1.0,1.0,3,4,1,7,0,1,2.0,0.4375,0.5,0.0625,0.75,0.3333333333333333,0.0,7.811204861379755,31.24481944551902,0.6016909825632503,0.43104800284605627,13.468017021276596,4.0,1.0,2.0,1.0,1.0,1.0
H2_15,A,True,4-4-2,6,3,2,3,3,0,4,4,2,0,59,12.796799999999998,15.17355,2.0,0.0,1.0,4,5,2,12,0,2,2.0,0.36,0.56,0.08,0.6666666666666666,0.2631578947368421,0.0,9.0610449870888,40.774702441899606,0.3429865618253782,0.24909199193603418,12.796799999999998,4.5,1.0,1.0,1.0,0.5,0.0
H1_15,A,True,4-4-2,0,0,0,0,0,1,4,4,2,0,14,0.0,31.852408307692308,1.0,0.0,0.0,0,2,0,2,0,0,2.0,0.5,0.5,0.0,0.0,0.5,0.0,13.038993591423614,26.077987182847227,0.6107144712580271,0.0,0.0,2.0,0.0,1.0,1.0,0.0,0.0
H1_30,A,True,4-4-2,1,1,1,1,1,1,4,4,2,0,29,11.56292682926829,13.751964285714289,1.0,1.0,1.0,1,3,0,6,0,0,2.0,0.4,0.6,0.0,1.0,0.3333333333333333,0.0,10.326638524637216,30.97991557391165,0.40856940127203545,0.18661972789566753,11.56292682926829,3.0,0.5,1.0,0.5,0.5,0.5
H1_45,A,True,4-4-2,2,2,2,2,1,1,4,4,2,0,44,0.0,62.095441470730414,2.0,1.0,1.0,1,7,1,8,0,1,2.0,0.4444444444444444,0.5,0.05555555555555555,0.5,0.4375,0.0,14.201003412139109,56.804013648556435,0.5465761790611467,0.050301609865308294,0.0,4.0,0.5,2.0,1.0,0.5,0.5
H2_15,A,True,4-4-2,3,3,2,3,2,1,4,4,2,0,59,0.0,5.574226086956521,1.0,0.0,1.0,1,8,2,10,0,1,2.0,0.4090909090909091,0.5454545454545454,0.045454545454545456,0.3333333333333333,0.42105263157894735,0.0,8.395466034046468,16.790932068092935,0.16598917988445014,0.2941315489285869,0.0,2.0,0.5,0.5,0.5,0.5,0.0
H2_30,A,True,4-4-2,4,3,2,3,2,1,4,4,2,0,74,20.636914285714283,37.114402097998614,2.0,2.0,1.0,2,11,2,15,0,1,2.0,0.41935483870967744,0.5483870967741935,0.03225806451612903,0.5,0.4074074074074074,0.0,14.018696551500016,63.08413448175007,0.45773249374151337,0.1635665960645338,20.636914285714283,4.5,0.5,2.0,1.0,0.5,1.0
H2_30,M,True,4-4-2,1,0,0,0,0,0,4,4,2,0,1,0.0,0.0,1.0,0.0,1.0,0,0,1,1,0,1,2.0,0.0,0.6666666666666666,0.3333333333333333,0.0,0.0,0.0,12.229985440613026,18.34497816091954,0.0,0.4802210583359247,0.0,1.5,0.5,0.0,0.0,0.5,0.0
H2_30,D,True,4-4-2,0,0,0,0,0,0,4,4,2,0,1,0.0,0.0,0.0,0.0,0.0,0,0,0,0,0,0,0.0,0.0,0.0,0.0,0.0,0.0,0.0,0.0,0.0,0.0,0.0,0.0,0.0,0.0,0.0,0.0,0.0,0.0
H1_15,M,True,4-4-2,2,0,0,0,0,0,4,4,2,0,14,14.537883333333331,49.93534668269231,2.0,2.0,1.0,1,3,0,1,1,2,2.0,0.5,0.125,0.375,0.5,0.5,0.5,13.608305084367545,54.43322033747018,0.5922231829782466,0.28323129829696914,14.537883333333331,4.0,1.0,2.0,1.0,0.5,1.0
H1_30,M,True,4-4-2,5,1,0,1,1,0,4,4,2,0,29,0.0,44.03075738880918,2.0,2.0,2.0,1,7,2,3,2,4,2.0,0.42105263157894735,0.2631578947368421,0.3157894736842105,0.2,0.5,0.4,15.687843321767463,86.28313826972105,0.25515273477402417,0.3601930852778614,0.0,5.5,1.5,2.0,1.0,1.0,1.0
H1_45,M,True,4-4-2,6,1,0,1,1,0,4,4,2,0,44,22.08822162162162,40.55352255744482,2.0,2.0,2.0,2,10,2,5,3,6,2.0,0.42857142857142855,0.25,0.32142857142857145,0.2857142857142857,0.47619047619047616,0.42857142857142855,12.56210572305691,56.529475753756095,0.5540626668106348,0.27251180583369644,22.08822162162162,4.5,1.0,2.0,1.0,1.0,1.0
H2_15,M,True,4-4-2,10,1,0,1,1,0,4,4,2,0,59,7.575822222222222,28.14930952380952,2.0,1.0,2.0,3,14,3,10,4,7,2.0,0.4146341463414634,0.3170731707317073,0.2682926829268293,0.3,0.45161290322580644,0.4,12.75658154307649,82.91778002999718,0.21542503750768205,0.1473563750457769,7.575822222222222,6.5,1.5,2.5,1.0,1.0,0.5
H1_15,M,True,4-4-2,0,0,0,0,0,0,4,4,2,0,14,0.0,99.28914748187702,2.0,1.0,0.0,0,7,0,2,0,0,2.0,0.7777777777777778,0.2222222222222222,0.0,0.0,0.7777777777777778,0.0,13.83055197129081,62.23748387080864,0.7976635727110973,0.0,0.0,4.5,0.0,3.5,1.0,0.0,0.5
H1_30,M,True,4-4-2,1,0,0,0,0,0,4,4,2,0,29,0.0,36.90263553793575,2.0,1.0,1.0,0,11,0,5,1,7,2.0,0.4583333333333333,0.20833333333333334,0.3333333333333333,0.0,0.4782608695652174,1.0,12.942718851909376,97.07039138932032,0.19008183138940027,0.16820656318970315,0.0,7.5,0.5,2.0,1.0,0.5,0.5
H1_45,M,True,4-4-2,1,0,0,0,0,0,4,4,2,0,44,0.0,7.09153103448276,2.0,0.0,1.0,0,12,1,9,1,10,2.0,0.36363636363636365,0.30303030303030304,0.3333333333333333,0.0,0.3870967741935484,0.5,7.988023894386832,35.946107524740746,0.09864115369935184,0.13642009570010585,0.0,4.5,0.5,0.5,0.5,0.5,0.0
H2_15,M,True,4-4-2,5,0,0,0,0,0,4,4,2,0,59,0.0,19.327293506493508,2.0,0.0,1.0,0,13,3,16,2,12,2.0,0.2826086956521739,0.41304347826086957,0.30434782608695654,0.0,0.3170731707317073,0.4,13.177955771212567,85.65671251288168,0.11281832409565641,0.3870710871676598,0.0,6.5,1.5,0.5,0.5,0.5,0.0
H2_30,M,True,4-4-2,6,0,0,0,0,0,4,4,2,0,74,0.0,13.854596491228072,2.0,0.0,1.0,0,14,4,21,2,17,2.0,0.2413793103448276,0.43103448275862066,0.3275862068965517,0.0,0.2692307692307692,0.3333333333333333,12.669262271456438,76.01557362873862,0.09112998711878544,0.09306029886125301,0.0,6.0,0.5,0.5,0.5,0.5,0.0
H2_30,M,True,4-4-2,5,1,1,1,1,0,4,4,2,0,11,30.716531999999997,41.87368929736271,2.0,1.0,2.0,1,5,3,5,1,2,2.0,0.35294117647058826,0.47058823529411764,0.17647058823529413,0.2,0.4166666666666667,0.2,12.704973855830264,107.99227777455725,0.33608987046694555,0.4536425243221061,30.716531999999997,8.5,2.5,3.0,1.0,1.0,0.5
H1_15,M,True,4-4-2,2,1,0,1,1,0,4,4,2,0,14,16.338825552825554,59.29360995764934,2.0,2.0,2.0,2,5,0,5,0,1,2.0,0.5384615384615384,0.38461538461538464,0.07692307692307693,1.0,0.45454545454545453,0.0,11.801819358448455,76.71182582991496,0.49296464197167406,0.10649482903100174,8.169412776412777,6.5,1.0,3.5,1.0,1.0,1.0
H1_30,M,True,4-4-2,4,2,0,2,2,0,4,4,2,0,29,0.0,7.351235294117647,2.0,0.0,1.0,2,6,0,6,2,7,2.0,0.34782608695652173,0.2608695652173913,0.391304347826087,0.5,0.3157894736842105,0.5,10.644013979227278,53.220069896136394,0.06906450243737206,0.3054736689059606,0.0,5.0,1.0,0.5,0.5,0.5,0.0
H1_45,M,True,4-4-2,5,3,0,2,3,0,4,4,2,0,44,0.0,32.453410416666664,2.0,1.0,2.0,2,8,1,7,3,9,2.0,0.3333333333333333,0.26666666666666666,0.4,0.3333333333333333,0.3333333333333333,0.5,14.340543119615504,50.19190091865426,0.3232932985469481,0.38815860185653134,0.0,3.5,1.0,1.0,0.5,1.0,0.5
H2_15,M,True,4-4-2,8,3,0,2,3,0,4,4,2,0,59,0.0,31.08202064372919,2.0,1.0,2.0,2,11,3,13,3,11,2.0,0.3023255813953488,0.37209302325581395,0.32558139534883723,0.25,0.3142857142857143,0.375,11.83137878465008,76.90396210022553,0.20208335042101844,0.1717116711083442,0.0,6.5,1.0,1.5,1.0,1.0,0.5
H1_15,G,False,3-4-3,0,0,0,0,0,0,3,4,3,0,14,0.0,0.0,0.0,0.0,0.0,0,0,0,0,0,1,1.0,0.0,0.0,1.0,0.0,0.0,0.0,12.901038461538455,12.901038461538455,0.0,0.0,0.0,1.0,0.0,0.0,0.0,0.0,0.0
H1_30,G,False,3-4-3,0,0,0,0,0,0,3,4,3,0,29,0.0,0.0,0.0,0.0,0.0,0,0,0,0,0,1,1.0,0.0,0.0,0.0,0.0,0.0,0.0,0.0,0.0,0.0,0.0,0.0,0.0,0.0,0.0,0.0,0.0,0.0
H1_45,G,False,3-4-3,0,0,0,0,0,0,3,4,3,0,44,0.0,0.0,0.0,0.0,0.0,0,0,0,0,0,1,1.0,0.0,0.0,0.0,0.0,0.0,0.0,0.0,0.0,0.0,0.0,0.0,0.0,0.0,0.0,0.0,0.0,0.0
H2_15,G,False,3-4-3,0,0,0,0,0,0,3,4,3,0,59,0.0,0.0,0.0,0.0,0.0,0,0,0,0,0,1,1.0,0.0,0.0,0.0,0.0,0.0,0.0,0.0,0.0,0.0,0.0,0.0,0.0,0.0,0.0,0.0,0.0,0.0
H2_30,G,False,3-4-3,0,0,0,0,0,0,3,4,3,0,74,0.0,0.0,0.0,0.0,0.0,0,0,0,0,0,1,1.0,0.0,0.0,0.0,0.0,0.0,0.0,0.0,0.0,0.0,0.0,0.0,0.0,0.0,0.0,0.0,0.0,0.0
H1_15,M,False,3-4-3,1,0,0,0,0,0,3,4,3,0,14,0.0,8.97891282051282,1.0,0.0,1.0,0,1,0,3,1,3,2.0,0.125,0.375,0.5,0.0,0.14285714285714285,1.0,12.064891768401733,48.25956707360693,0.09302728313764103,0.08161912637334623,0.0,4.0,0.5,0.5,0.5,0.5,0.0
H1_30,M,False,3-4-3,3,0,0,0,0,0,3,4,3,0,29,0.0,41.94404852556924,2.0,1.0,2.0,0,3,0,5,3,6,2.0,0.17647058823529413,0.29411764705882354,0.5294117647058824,0.0,0.21428571428571427,1.0,10.476639100105793,47.14487595047607,0.44484207116834806,0.16143378273750253,0.0,4.5,1.0,1.0,0.5,1.0,0.5
H1_45,M,False,3-4-3,3,0,0,0,0,0,3,4,3,0,44,0.0,0.0,2.0,0.0,1.0,0,3,0,9,4,9,2.0,0.12,0.36,0.52,0.0,0.14285714285714285,1.0,10.336235233012719,41.344940932050875,0.0,0.27303017452385103,0.0,4.0,0.5,0.0,0.0,0.5,0.0
H2_15,M,False,3-4-3,4,0,0,0,0,0,3,4,3,0,59,0.0,46.82444881533101,2.0,1.0,0.0,0,7,0,12,4,12,2.0,0.2,0.34285714285714286,0.45714285714285713,0.0,0.22580645161290322,1.0,15.401849882368102,77.00924941184051,0.3040183430753679,0.0,0.0,5.0,0.0,2.0,1.0,0.0,0.5
H2_30,M,False,3-4-3,6,0,0,0,0,0,3,4,3,0,74,0.0,6.589573333333331,1.0,0.0,1.0,0,8,1,13,5,15,2.0,0.19047619047619047,0.3333333333333333,0.47619047619047616,0.0,0.2222222222222222,0.8333333333333334,12.325950486873529,43.14082670405735,0.07637282171870838,0.4703984587338542,0.0,3.5,1.0,0.5,0.5,0.5,0.0
H1_15,D,False,3-4-3,1,0,0,0,0,0,3,4,3,0,14,0.0,0.0,1.0,0.0,1.0,0,0,0,3,1,3,1.0,0.0,0.42857142857142855,0.5714285714285714,0.0,0.0,1.0,8.225139106839583,57.575973747877086,0.0,0.09991601583592877,0.0,7.0,1.0,0.0,0.0,1.0,0.0
H1_30,D,False,3-4-3,2,0,0,0,0,0,3,4,3,0,29,0.0,35.18816778711484,2.0,1.0,1.0,0,3,1,4,1,4,2.0,0.23076923076923078,0.38461538461538464,0.38461538461538464,0.0,0.2727272727272727,0.5,15.071506993600359,45.214520980801076,0.3891246332351546,0.48554700362309994,0.0,3.0,0.5,1.5,0.5,0.5,0.5
H1_45,D,False,3-4-3,3,0,0,0,0,0,3,4,3,0,44,6.925824,0.0,1.0,0.0,1.0,1,3,1,6,1,4,2.0,0.25,0.4375,0.3125,0.3333333333333333,0.23076923076923078,0.3333333333333333,6.323264565656566,18.9697936969697,0.3650974865955635,0.3650974865955635,6.925824,3.0,1.0,1.0,1.0,1.0,0.0
H2_15,D,False,3-4-3,6,0,0,0,0,0,3,4,3,0,59,6.737466666666666,23.60726369075011,1.0,1.0,1.0,2,5,3,10,1,6,2.0,0.25925925925925924,0.48148148148148145,0.25925925925925924,0.3333333333333333,0.23809523809523808,0.16666666666666666,10.930045912005266,120.23050503205792,0.2523879472129452,0.36289147888170503,6.737466666666666,11.0,3.0,3.0,1.0,1.0,1.0
H2_30,D,False,3-4-3,8,0,0,0,0,0,3,4,3,0,74,0.0,8.157988235294118,1.0,0.0,1.0,2,6,5,12,1,8,2.0,0.23529411764705882,0.5,0.2647058823529412,0.25,0.23076923076923078,0.125,10.755940279260512,75.29158195482358,0.10835193023556165,0.4836178302396982,0.0,7.0,2.0,1.0,1.0,1.0,0.0
H1_15,D,False,3-4-3,3,0,0,0,0,0,3,4,3,0,14,0.0,8.32338888888889,1.0,0.0,1.0,0,1,1,2,2,4,1.0,0.1,0.3,0.6,0.0,0.14285714285714285,0.6666666666666666,9.433785592007528,94.33785592007527,0.08822957451927478,0.3870372203261308,0.0,10.0,3.0,1.0,1.0,1.0,0.0
H1_30,D,False,3-4-3,4,0,0,0,0,0,3,4,3,0,29,7.948137931034482,27.025476747967478,1.0,1.0,1.0,1,4,1,3,2,5,2.0,0.3125,0.25,0.4375,0.25,0.3333333333333333,0.5,10.02843298738083,30.085298962142488,0.5812409363624844,0.1320933845636026,7.948137931034482,3.0,0.5,2.0,0.5,0.5,0.5
H1_45,D,False,3-4-3,5,0,0,0,0,0,3,4,3,0,44,0.0,0.0,1.0,0.0,1.0,1,4,1,6,4,6,2.0,0.22727272727272727,0.3181818181818182,0.45454545454545453,0.16666666666666666,0.25,0.6666666666666666,10.835806549052329,65.01483929431397,0.0,0.3768867553346658,0.0,6.0,2.0,0.0,0.0,1.0,0.0
H2_15,D,False,3-4-3,7,0,0,0,0,0,3,4,3,0,59,0.0,0.0,1.0,0.0,1.0,1,4,1,8,5,7,2.0,0.19230769230769232,0.34615384615384615,0.46153846153846156,0.14285714285714285,0.21052631578947367,0.7142857142857143,10.971044174608819,43.884176698435276,0.0,0.24303385281284817,0.0,4.0,1.0,0.0,0.0,1.0,0.0
H2_30,D,False,3-4-3,8,0,0,0,0,0,3,4,3,0,74,0.0,0.0,1.0,0.0,1.0,1,4,2,11,5,8,2.0,0.16129032258064516,0.41935483870967744,0.41935483870967744,0.125,0.17391304347826086,0.625,12.872403291866027,32.18100822966507,0.0,0.3046997590804664,0.0,2.5,0.5,0.0,0.0,0.5,0.0
H1_15,D,False,3-4-3,0,0,0,0,0,0,3,4,3,0,14,0.0,0.0,0.0,0.0,0.0,0,0,0,0,0,1,1.0,0.0,0.0,1.0,0.0,0.0,0.0,6.342289655172415,6.342289655172415,0.0,0.0,0.0,1.0,0.0,0.0,0.0,0.0,0.0
H1_30,D,False,3-4-3,1,0,0,0,0,0,3,4,3,0,29,0.0,7.327030303030302,1.0,0.0,1.0,0,1,0,2,1,4,2.0,0.125,0.25,0.625,0.0,0.14285714285714285,1.0,9.834436169162894,24.586090422907233,0.14900763352362026,0.0,0.0,3.5,0.5,0.5,0.5,0.5,0.0
H1_45,D,False,3-4-3,1,0,0,0,0,0,3,4,3,0,44,0.0,0.0,1.0,0.0,1.0,0,1,0,5,2,6,2.0,0.07142857142857142,0.35714285714285715,0.5714285714285714,0.0,0.08333333333333333,1.0,12.313312062957024,36.93993618887107,0.0,0.25555376258023216,0.0,3.0,0.5,0.0,0.0,0.5,0.0
H2_15,D,False,3-4-3,2,0,0,0,0,0,3,4,3,0,59,0.0,0.0,1.0,0.0,0.0,0,1,0,8,2,6,2.0,0.058823529411764705,0.47058823529411764,0.47058823529411764,0.0,0.06666666666666667,1.0,14.990288502673797,44.97086550802139,0.0,0.0,0.0,3.0,0.0,0.0,0.0,0.0,0.0
H2_30,D,False,3-4-3,3,0,0,0,0,0,3,4,3,0,74,6.825216,15.256908403361345,1.0,1.0,1.0,1,3,0,11,2,7,2.0,0.16666666666666666,0.4583333333333333,0.375,0.3333333333333333,0.14285714285714285,0.6666666666666666,11.766568287503501,41.182989006262254,0.26809764099448385,0.0828645050382594,6.825216,3.5,0.5,1.5,0.5,0.5,0.5
H1_15,A,False,3-4-3,2,0,0,0,0,0,3,4,3,0,14,17.619368421052634,0.0,2.0,0.0,1.0,1,0,0,5,1,2,2.0,0.1111111111111111,0.5555555555555556,0.3333333333333333,0.5,0.0,0.5,14.817083277308067,66.6768747478863,0.13212503201202588,0.1888916731681069,17.619368421052634,4.5,1.0,0.5,0.5,0.5,0.0
H1_30,A,False,3-4-3,3,1,1,1,1,0,3,4,3,0,29,0.0,36.82325505178366,2.0,2.0,1.0,1,4,1,8,1,2,2.0,0.29411764705882354,0.5294117647058824,0.17647058823529413,0.3333333333333333,0.2857142857142857,0.3333333333333333,13.43916618899883,53.75666475599532,0.3424994390828244,0.052979477296949865,0.0,4.0,0.5,2.0,1.0,0.5,1.0
H1_45,A,False,3-4-3,3,1,1,1,1,0,3,4,3,0,44,0.0,20.42513012318029,1.0,0.0,0.0,1,6,1,8,1,3,2.0,0.35,0.45,0.2,0.3333333333333333,0.35294117647058826,0.3333333333333333,9.024303144508373,13.53645471676256,0.7544490248945056,0.0,0.0,1.5,0.0,1.0,1.0,0.0,0.0
H2_15,A,False,3-4-3,5,1,1,1,1,0,3,4,3,0,59,7.715057142857143,83.0053547052767,2.0,2.0,1.0,2,12,2,12,1,4,2.0,0.42424242424242425,0.42424242424242425,0.15151515151515152,0.4,0.42857142857142855,0.2,13.11541389175727,85.25019029642225,0.5320833392435323,0.11517739011427383,7.715057142857143,6.5,1.0,3.5,1.0,0.5,1.0
H1_15,M,False,3-4-3,0,0,0,0,0,0,3,4,3,0,14,0.0,0.0,2.0,0.0,0.0,0,0,0,5,0,2,2.0,0.0,0.7142857142857143,0.2857142857142857,0.0,0.0,0.0,15.32129268662471,53.624524403186484,0.0,0.0,0.0,3.5,0.0,0.0,0.0,0.0,0.0
H1_30,M,False,3-4-3,2,0,0,0,0,0,3,4,3,0,29,0.0,29.316477882270984,2.0,1.0,2.0,0,2,1,11,1,4,2.0,0.10526315789473684,0.631578947368421,0.2631578947368421,0.0,0.11764705882352941,0.5,11.86153760070862,71.16922560425172,0.20596316479042584,0.1203780787632613,0.0,6.0,1.0,1.0,0.5,1.0,0.5
H1_45,M,False,3-4-3,2,0,0,0,0,0,3,4,3,0,44,0.0,4.890504347826088,2.0,0.0,1.0,0,3,2,13,1,7,2.0,0.11538461538461539,0.5769230769230769,0.3076923076923077,0.0,0.13043478260869565,0.3333333333333333,12.449170984685063,43.57209844639772,0.0561196789023413,0.21897747128809117,0.0,3.5,0.5,0.5,0.5,0.5,0.0
H2_15,M,False,3-4-3,3,0,0,0,0,0,3,4,3,0,59,0.0,0.0,2.0,0.0,0.0,0,3,2,19,1,10,2.0,0.08571428571428572,0.6,0.3142857142857143,0.0,0.09375,0.3333333333333333,12.722938343664481,57.253222546490164,0.0,0.0,0.0,4.5,0.0,0.0,0.0,0.0,0.0
H2_30,M,False,3-4-3,6,0,0,0,0,0,3,4,3,0,74,0.0,16.609540298507465,2.0,0.0,2.0,0,4,3,25,3,13,2.0,0.08333333333333333,0.5833333333333334,0.3333333333333333,0.0,0.09523809523809523,0.5,11.796676278329203,76.67839580913981,0.10830651921729212,0.351999365225627,0.0,6.5,1.5,0.5,0.5,1.0,0.0
H1_15,A,False,3-4-3,4,0,0,0,0,0,3,4,3,0,14,22.311149019607843,33.155446171986576,2.0,2.0,2.0,2,5,0,5,2,4,2.0,0.3888888888888889,0.2777777777777778,0.3333333333333333,0.5,0.35714285714285715,0.5,9.593788506487204,86.34409655838483,0.32119506371862133,0.35301299927160296,11.155574509803921,9.0,2.0,3.5,1.0,1.0,1.0
H1_30,A,False,3-4-3,4,2,1,2,1,0,3,4,3,0,29,0.0,75.79261313772817,2.0,2.0,0.0,2,11,0,5,2,5,2.0,0.52,0.2,0.28,0.5,0.5238095238095238,0.5,11.622139765017067,40.677489177559735,0.9316284592552992,0.0,0.0,3.5,0.0,3.0,1.0,0.0,1.0
H1_45,A,False,3-4-3,6,3,1,3,2,0,3,4,3,0,44,19.31606557377049,13.291592452830187,1.0,0.0,1.0,3,12,1,5,2,6,2.0,0.5172413793103449,0.20689655172413793,0.27586206896551724,0.5,0.5217391304347826,0.3333333333333333,14.951670717830293,29.903341435660586,0.5452176322294724,0.590809414460937,19.31606557377049,2.0,1.0,1.0,1.0,1.0,0.0
H2_15,A,False,3-4-3,7,3,1,3,2,0,3,4,3,0,59,8.656645161290323,90.26844007464403,2.0,1.0,1.0,4,17,1,6,2,7,2.0,0.5675675675675675,0.1891891891891892,0.24324324324324326,0.5714285714285714,0.5666666666666667,0.2857142857142857,16.035973449889802,64.14389379955921,0.7711184913801893,0.06747832606125488,8.656645161290323,4.0,0.5,3.0,1.0,0.5,0.5
H2_30,A,False,3-4-3,8,3,1,3,2,0,3,4,3,0,74,30.31906516853933,22.45880260465116,2.0,1.0,1.0,5,19,1,8,2,8,2.0,0.5581395348837209,0.20930232558139536,0.23255813953488372,0.625,0.5428571428571428,0.25,14.555474689471142,43.66642406841343,0.6043300876950893,0.347166797091486,30.31906516853933,3.0,0.5,1.5,1.0,0.5,0.5
H1_15,A,False,3-4-3,2,0,0,0,0,0,3,4,3,0,14,0.0,22.978468078241583,2.0,1.0,1.0,0,3,0,2,2,5,2.0,0.25,0.16666666666666666,0.5833333333333334,0.0,0.3,1.0,10.721460181279467,58.96803099703706,0.1948383530000872,0.07245259888343339,0.0,6.0,1.0,1.5,1.0,0.5,0.5
H1_30,A,False,3-4-3,3,0,0,0,0,0,3,4,3,0,29,0.0,101.29451716673424,2.0,2.0,1.0,0,8,1,4,2,5,2.0,0.4,0.25,0.35,0.0,0.47058823529411764,0.6666666666666666,19.2835055806343,77.1340223225372,0.6566137361744829,0.08039706280684103,0.0,4.0,0.5,2.5,1.0,0.5,1.0
H1_45,A,False,3-4-3,4,1,1,0,1,0,3,4,3,0,44,0.0,71.85277167192413,2.0,2.0,1.0,0,14,1,8,3,6,2.0,0.4375,0.28125,0.28125,0.0,0.5,0.75,11.339375628964797,68.03625377378879,0.5280476781601229,0.07141049936842074,0.0,6.0,0.5,3.0,1.0,0.5,1.0
H2_15,A,False,3-4-3,5,1,1,0,1,0,3,4,3,0,59,0.0,46.61241068524971,2.0,1.0,1.0,0,17,2,10,3,9,2.0,0.4146341463414634,0.2926829268292683,0.2926829268292683,0.0,0.4722222222222222,0.6,10.749547125375226,48.37296206418852,0.4818023198930568,0.11201211717295605,0.0,4.5,0.5,1.5,1.0,0.5,0.5
H2_30,A,False,3-4-3,5,1,1,0,1,0,3,4,3,0,74,0.0,32.66887876190476,2.0,1.0,0.0,0,20,2,14,3,12,2.0,0.39215686274509803,0.3137254901960784,0.29411764705882354,0.0,0.43478260869565216,0.6,15.348378941542483,76.74189470771242,0.21284904996371945,0.0,0.0,5.0,0.0,1.5,1.0,0.0,0.5
H2_30,A,False,3-4-3,1,0,0,0,0,0,3,4,3,0,7,17.750880000000006,47.50570359570661,1.0,1.0,1.0,1,3,0,1,0,1,2.0,0.6666666666666666,0.16666666666666666,0.16666666666666666,1.0,0.6,0.0,15.215603395319908,45.64681018595972,0.7147989457517293,0.19443724465833442,17.750880000000006,3.0,0.5,2.0,1.0,0.5,0.5
H1_15,M,False,3-4-3,1,0,0,0,0,0,3,4,3,0,14,0.0,10.353521739130434,2.0,0.0,1.0,0,1,1,2,0,4,2.0,0.125,0.375,0.5,0.0,0.14285714285714285,0.0,10.150740155945256,40.60296062378102,0.12749712804275667,0.16380681995316426,0.0,4.0,0.5,0.5,0.5,0.5,0.0
H1_30,M,False,3-4-3,5,0,0,0,0,0,3,4,3,0,29,30.566382398619496,67.00361045129164,2.0,1.0,2.0,2,5,2,4,1,5,2.0,0.3684210526315789,0.3157894736842105,0.3157894736842105,0.4,0.35714285714285715,0.2,14.537932256479372,79.95862741063655,0.610127987495517,0.3916765744996237,15.283191199309748,5.5,2.0,3.0,1.0,1.0,0.5
H1_45,M,False,3-4-3,5,1,0,0,1,0,3,4,3,0,44,0.0,5.69,0.0,0.0,0.0,2,6,2,4,2,5,2.0,0.38095238095238093,0.2857142857142857,0.3333333333333333,0.3333333333333333,0.4,0.3333333333333333,15.645101204819278,15.645101204819278,0.18184605920757058,0.8181539407924294,0.0,1.0,0.5,0.5,0.5,0.5,0.0
H2_15,M,False,3-4-3,8,1,0,0,1,0,3,4,3,0,59,6.594866666666666,25.999223172413792,2.0,1.0,2.0,3,8,3,6,2,8,2.0,0.36666666666666664,0.3,0.3333333333333333,0.375,0.36363636363636365,0.25,9.624689906518464,43.31110457933309,0.37627867212873506,0.19448989592940852,6.594866666666666,4.5,1.0,1.5,1.0,1.0,0.5
H2_30,M,False,3-4-3,13,1,0,0,1,0,3,4,3,0,74,0.0,32.7862559139785,2.0,1.0,2.0,3,10,7,11,3,12,2.0,0.2826086956521739,0.391304347826087,0.32608695652173914,0.23076923076923078,0.30303030303030304,0.23076923076923078,11.19568830483236,89.56550643865889,0.1830294787448836,0.38434733027114,0.0,8.0,2.5,1.0,0.5,1.0,0.5
H1_15,M,False,3-4-3,0,0,0,0,0,0,3,4,3,0,14,0.0,6.609679999999998,2.0,0.0,0.0,0,1,0,4,0,0,2.0,0.2,0.8,0.0,0.0,0.2,0.0,18.432039719661265,46.08009929915316,0.0717194635051651,0.0,0.0,2.5,0.0,0.5,0.5,0.0,0.0
H1_30,M,False,3-4-3,1,0,0,0,0,0,3,4,3,0,29,0.0,49.34892314465408,2.0,1.0,1.0,0,4,0,8,1,2,2.0,0.26666666666666666,0.5333333333333333,0.2,0.0,0.2857142857142857,1.0,16.876514833206272,84.38257416603136,0.2924118138868045,0.0903455781975789,0.0,5.0,0.5,1.5,1.0,0.5,0.5
H1_45,M,False,3-4-3,1,0,0,0,0,0,3,4,3,0,44,0.0,26.733421258503405,2.0,1.0,1.0,0,7,0,11,2,3,2.0,0.30434782608695654,0.4782608695652174,0.21739130434782608,0.0,0.3333333333333333,1.0,13.096395258855967,52.38558103542387,0.25516011018781953,0.2674762119125586,0.0,4.0,0.5,1.5,1.0,0.5,0.5
H2_15,M,False,3-4-3,2,0,0,0,0,0,3,4,3,0,59,0.0,12.1848962962963,1.0,0.0,0.0,0,8,0,14,2,6,2.0,0.26666666666666666,0.4666666666666667,0.26666666666666666,0.0,0.2857142857142857,1.0,16.98832525399753,59.459138388991356,0.10246445396316312,0.0,0.0,3.5,0.0,0.5,0.5,0.0,0.0
H2_30,M,False,3-4-3,3,0,0,0,0,0,3,4,3,0,74,0.0,44.82472796021439,2.0,2.0,1.0,0,12,0,19,3,7,2.0,0.2926829268292683,0.4634146341463415,0.24390243902439024,0.0,0.3157894736842105,1.0,14.462306639461389,79.54268651703764,0.2817652377796742,0.1314927439478774,0.0,5.5,0.5,2.0,1.0,0.5,1.0
H1_15,M,True,3-4-3,2,0,0,0,0,0,3,4,3,0,14,10.26822222222222,9.401365853658536,2.0,1.0,2.0,1,1,0,4,1,2,2.0,0.2222222222222222,0.4444444444444444,0.3333333333333333,0.5,0.14285714285714285,0.5,17.5883059300209,79.14737668509406,0.12425925469482528,0.32968413206989383,10.26822222222222,4.5,1.0,1.0,0.5,1.0,0.5
H1_30,M,True,3-4-3,4,0,0,0,0,0,3,4,3,0,29,23.041164102564107,38.5636957150639,2.0,1.0,2.0,2,4,0,8,2,3,2.0,0.3157894736842105,0.42105263157894735,0.2631578947368421,0.5,0.26666666666666666,0.5,15.553782493971067,77.76891246985534,0.3960763874736399,0.36000274611187627,23.041164102564107,5.0,1.0,2.0,1.0,1.0,0.5
H1_45,M,True,3-4-3,4,0,0,0,0,0,3,4,3,0,44,0.0,34.910252048192774,1.0,1.0,1.0,2,6,0,11,3,7,2.0,0.27586206896551724,0.3793103448275862,0.3448275862068966,0.4,0.25,0.6,12.769830858743386,127.69830858743387,0.2733806926212342,0.053378811946697656,0.0,10.0,1.0,2.0,1.0,1.0,1.0
H2_15,M,True,3-4-3,9,0,0,0,0,0,3,4,3,0,59,11.76084,45.171540303644974,2.0,1.0,2.0,3,9,3,17,3,8,2.0,0.27906976744186046,0.46511627906976744,0.2558139534883721,0.3333333333333333,0.2647058823529412,0.3333333333333333,17.445929872555663,122.12150910788965,0.2330972681206691,0.44454054121854514,11.76084,7.0,2.0,2.0,1.0,1.0,0.5
H2_30,M,True,3-4-3,10,0,0,0,0,0,3,4,3,0,74,0.0,0.0,2.0,0.0,1.0,3,9,3,18,4,11,2.0,0.25,0.4375,0.3125,0.3,0.23684210526315788,0.4,12.349775515100493,30.87443878775123,0.0,0.16856986569954346,0.0,2.5,0.5,0.0,0.0,0.5,0.0
H1_15,D,True,3-4-3,0,0,0,0,0,0,3,4,3,0,14,0.0,5.11088695652174,1.0,0.0,0.0,0,1,0,0,0,3,2.0,0.25,0.0,0.75,0.0,0.25,0.0,10.187514232256907,20.375028464513814,0.12542036359416922,0.0,0.0,2.0,0.0,0.5,0.5,0.0,0.0
H1_30,D,True,3-4-3,1,1,1,1,1,0,3,4,3,0,29,0.0,0.0,1.0,0.0,1.0,0,1,0,1,1,3,2.0,0.16666666666666666,0.16666666666666666,0.6666666666666666,0.0,0.2,1.0,33.00803277230867,66.01606554461733,0.0,0.6797346312591335,0.0,2.0,1.0,0.0,0.0,1.0,0.0
H1_45,D,True,3-4-3,2,1,1,1,1,0,3,4,3,0,44,22.03736842105263,11.367782608695652,1.0,1.0,1.0,1,2,0,2,2,6,2.0,0.23076923076923078,0.15384615384615385,0.6153846153846154,0.3333333333333333,0.2,0.6666666666666666,13.390764997841643,93.7353549848915,0.3563772819245482,0.29617768883981727,22.03736842105263,7.0,2.0,2.0,1.0,1.0,1.0
H2_15,D,True,3-4-3,4,1,1,1,1,0,3,4,3,0,59,0.0,0.0,1.0,0.0,1.0,1,2,0,6,3,8,2.0,0.15,0.3,0.55,0.25,0.125,0.75,10.826939931453756,75.7885795201763,0.0,0.26787149368059265,0.0,7.0,1.0,0.0,0.0,1.0,0.0
H2_30,D,True,3-4-3,7,1,1,1,1,0,3,4,3,0,74,0.0,0.0,1.0,0.0,1.0,1,2,1,8,5,10,2.0,0.1111111111111111,0.3333333333333333,0.5555555555555556,0.14285714285714285,0.1,0.7142857142857143,14.737103046279117,103.15972132395382,0.0,0.4605475399263609,0.0,7.0,3.0,0.0,0.0,1.0,0.0
H1_15,M,True,3-4-3,1,0,0,0,0,0,3,4,3,0,14,0.0,11.525490196078431,1.0,0.0,1.0,0,1,0,1,1,2,2.0,0.2,0.2,0.6,0.0,0.25,1.0,18.35204879251069,45.88012198127672,0.1256043979218482,0.2524485097441392,0.0,2.5,0.5,0.5,0.5,0.5,0.0
H1_30,M,True,3-4-3,2,1,0,1,1,0,3,4,3,0,29,0.0,5.33568,1.0,0.0,1.0,0,2,0,3,2,3,2.0,0.2,0.3,0.5,0.0,0.25,1.0,10.777824142481203,53.88912071240601,0.09901219261815963,0.1960626183093539,0.0,5.0,1.0,1.0,1.0,1.0,0.0
H1_45,M,True,3-4-3,4,1,0,1,1,0,3,4,3,0,44,16.79975,20.403771428571428,1.0,1.0,1.0,1,3,0,6,3,7,2.0,0.2,0.3,0.5,0.25,0.1875,0.75,11.43935011330122,114.3935011330122,0.3252240823131435,0.2235812108789377,16.79975,10.0,2.0,2.0,1.0,1.0,1.0
H2_15,M,True,3-4-3,7,1,0,1,1,0,3,4,3,0,59,33.04808533950617,28.956550657108725,2.0,1.0,2.0,3,7,0,11,4,9,2.0,0.29411764705882354,0.3235294117647059,0.38235294117647056,0.42857142857142855,0.25925925925925924,0.5714285714285714,10.92658922742305,76.48612459196134,0.40533257716610444,0.2810216876234472,16.524042669753086,7.0,1.5,3.0,1.0,1.0,0.5
H2_30,M,True,3-4-3,9,1,0,1,1,0,3,4,3,0,74,7.703485714285714,6.616325925925924,1.0,1.0,1.0,4,8,1,13,4,12,2.0,0.2857142857142857,0.3333333333333333,0.38095238095238093,0.4444444444444444,0.24242424242424243,0.4444444444444444,12.737999491870992,101.90399593496794,0.14052257233710552,0.2661608877367971,7.703485714285714,8.0,2.0,2.0,1.0,1.0,1.0
H1_15,A,True,3-4-3,1,0,0,0,0,1,3,4,3,0,14,0.0,27.723511111111108,1.0,1.0,0.0,0,2,1,1,0,0,2.0,0.5,0.5,0.0,0.0,0.6666666666666666,0.0,12.905322153422773,25.810644306845546,0.5370557739962777,0.18720867302435723,0.0,2.0,0.5,1.0,0.5,0.5,0.5
H1_30,A,True,3-4-3,2,0,0,0,0,1,3,4,3,0,29,16.54816603773585,0.0,1.0,0.0,1.0,1,2,1,5,0,0,2.0,0.3333333333333333,0.6666666666666666,0.0,0.5,0.2857142857142857,0.0,13.095432513976045,32.73858128494011,0.2527318745688604,0.2527318745688604,16.54816603773585,2.5,0.5,0.5,0.5,0.5,0.0
H1_45,A,True,3-4-3,4,0,0,0,0,1,3,4,3,0,44,30.701733045977015,76.66375283608743,2.0,1.0,1.0,3,9,2,13,0,1,2.0,0.42857142857142855,0.5357142857142857,0.03571428571428571,0.6,0.391304347826087,0.0,10.965028467961226,104.16777044563165,0.5153488714539675,0.1801440353643994,15.350866522988508,9.5,1.5,4.5,0.5,0.5,0.5
H2_15,A,True,3-4-3,8,1,1,1,1,0,3,4,3,0,59,34.450246960098724,60.951934405135106,2.0,2.0,2.0,6,14,2,17,0,2,2.0,0.4878048780487805,0.4634146341463415,0.04878048780487805,0.75,0.42424242424242425,0.0,10.831384136064779,70.40399688442106,0.677533844575977,0.24466115905787336,11.483415653366242,6.5,1.5,4.0,1.0,1.0,1.0
H1_15,A,True,3-4-3,1,0,0,0,0,0,3,4,3,0,14,0.0,82.70291610978573,2.0,1.0,1.0,0,6,1,6,0,0,2.0,0.46153846153846156,0.5384615384615384,0.0,0.0,0.5,0.0,11.991775793320015,77.94654265658009,0.530510483795038,0.06566252321435838,0.0,6.5,0.5,3.0,1.0,0.5,0.5
H1_30,A,True,3-4-3,4,1,0,1,1,0,3,4,3,0,29,0.0,23.775697142857148,2.0,0.0,2.0,0,8,4,9,0,1,2.0,0.36363636363636365,0.5909090909090909,0.045454545454545456,0.0,0.4444444444444444,0.0,11.89621725921301,47.58486903685204,0.24982413132674683,0.4012338059883032,0.0,4.5,1.5,1.0,1.0,1.0,0.0
H1_45,A,True,3-4-3,6,1,0,1,1,0,3,4,3,0,44,55.261505997194284,38.6260132925863,2.0,1.0,2.0,3,12,4,14,0,3,2.0,0.4166666666666667,0.5,0.08333333333333333,0.42857142857142855,0.41379310344827586,0.0,14.622544075805198,102.35780853063639,0.4586241178741112,0.269942795720632,18.42050199906476,7.0,1.5,3.5,1.0,1.0,0.5
H2_15,A,True,3-4-3,13,2,1,1,2,0,3,4,3,0,59,41.224406851119895,13.628646193548388,2.0,1.0,2.0,5,14,8,20,0,4,2.0,0.37254901960784315,0.5490196078431373,0.0784313725490196,0.38461538461538464,0.3684210526315789,0.0,14.730460583226678,110.47845437420008,0.24825226491165525,0.6103625801148063,20.612203425559947,7.5,3.0,2.0,0.5,1.0,0.5
H2_30,A,True,3-4-3,15,2,1,1,2,0,3,4,3,0,74,33.95902962162162,13.705114351851853,2.0,1.0,2.0,7,16,8,24,0,5,2.0,0.38333333333333336,0.5333333333333333,0.08333333333333333,0.4666666666666667,0.35555555555555557,0.0,9.441405712152324,42.486325704685456,0.5609351148035026,0.39964658108663614,16.97951481081081,4.5,1.0,2.0,1.0,1.0,0.5
H2_30,M,True,3-4-3,0,0,0,0,0,0,3,4,3,0,11,0.0,36.70993662232076,1.0,1.0,0.0,0,3,0,3,0,0,1.0,0.5,0.5,0.0,0.0,0.5,0.0,13.553910848862655,81.32346509317593,0.45140644929800455,0.0,0.0,6.0,0.0,3.0,1.0,0.0,1.0
H1_15,A,True,3-4-3,2,0,0,0,0,0,3,4,3,0,14,0.0,32.03225402745402,2.0,1.0,1.0,0,3,1,6,1,3,2.0,0.21428571428571427,0.5,0.2857142857142857,0.0,0.25,0.5,12.029459273866804,84.20621491706763,0.19020124618474837,0.13434538401009177,0.0,7.0,1.0,1.5,1.0,0.5,0.5
H1_30,A,True,3-4-3,5,0,0,0,0,0,3,4,3,0,29,0.0,11.253689333333332,2.0,0.0,2.0,0,5,3,10,2,3,2.0,0.21739130434782608,0.5652173913043478,0.21739130434782608,0.0,0.2777777777777778,0.4,13.3426424043024,60.041890819360795,0.09371531425609707,0.5334726972219079,0.0,4.5,1.5,1.0,1.0,1.0,0.0
H1_45,A,True,3-4-3,9,0,0,0,0,0,3,4,3,0,44,50.830249769585244,57.22036208921513,2.0,2.0,2.0,2,11,5,14,2,8,2.0,0.30952380952380953,0.4523809523809524,0.23809523809523808,0.2222222222222222,0.3333333333333333,0.2222222222222222,16.848751880013143,160.06314286012486,0.3375249602377953,0.3624261841865177,25.415124884792622,9.5,2.0,4.0,1.0,1.0,1.0
H2_15,A,True,3-4-3,13,0,0,0,0,0,3,4,3,0,59,61.94832875213675,66.75307745313596,2.0,2.0,2.0,5,17,6,18,2,10,2.0,0.3793103448275862,0.41379310344827586,0.20689655172413793,0.38461538461538464,0.37777777777777777,0.15384615384615385,14.671947744471252,117.37558195577002,0.5482460834731816,0.3790105070632436,20.649442917378916,8.0,2.0,4.5,1.0,1.0,1.0
H2_30,A,True,3-4-3,16,0,0,0,0,0,3,4,3,0,74,43.30624382284382,17.14901408450704,2.0,1.0,2.0,7,18,7,24,2,11,2.0,0.36231884057971014,0.4492753623188406,0.18840579710144928,0.4375,0.33962264150943394,0.125,15.728064698636127,86.5043558424987,0.34943476151318736,0.3053852831831745,21.65312191142191,5.5,1.5,1.5,1.0,1.0,0.5
H1_15,M,True,3-4-3,2,0,0,0,0,0,3,4,3,0,14,0.0,25.73531125110914,2.0,1.0,1.0,0,3,0,5,2,3,2.0,0.23076923076923078,0.38461538461538464,0.38461538461538464,0.0,0.2727272727272727,1.0,12.622302089653466,82.04496358274753,0.15683663035058487,0.20976588251733289,0.0,6.5,1.0,1.5,1.0,0.5,0.5
H1_30,M,True,3-4-3,5,0,0,0,0,0,3,4,3,0,29,0.0,21.581534685799106,1.0,1.0,1.0,0,5,1,8,4,6,2.0,0.20833333333333334,0.375,0.4166666666666667,0.0,0.2631578947368421,0.8,15.55464016605413,85.55052091329772,0.12613327455756343,0.1616582959510857,0.0,5.5,1.5,1.0,0.5,0.5,0.5
H1_45,M,True,3-4-3,9,0,0,0,0,0,3,4,3,0,44,0.0,47.831275044699865,1.0,1.0,1.0,0,7,3,12,6,12,2.0,0.175,0.375,0.45,0.0,0.22580645161290322,0.6666666666666666,13.227146937623791,105.81717550099033,0.22600903311888257,0.30392861118761283,0.0,8.0,2.0,1.0,0.5,0.5,0.5
H2_15,M,True,3-4-3,10,0,0,0,0,0,3,4,3,0,59,0.0,19.46581204819277,2.0,0.0,1.0,0,8,4,14,6,16,2.0,0.16666666666666666,0.375,0.4583333333333333,0.0,0.21052631578947367,0.6,16.277623337115635,65.11049334846254,0.14948291010493794,0.10042999940907442,0.0,4.0,0.5,0.5,0.5,0.5,0.0
H2_30,M,True,3-4-3,10,0,0,0,0,0,3,4,3,0,74,0.0,14.570360655737709,1.0,0.0,0.0,0,9,4,17,6,20,2.0,0.16071428571428573,0.375,0.4642857142857143,0.0,0.1956521739130435,0.6,18.902439939849444,151.21951951879555,0.09635238031507376,0.0,0.0,8.0,0.0,1.0,1.0,0.0,0.0
H1_15,G,True,3-4-3,0,0,0,0,0,0,3,4,3,0,14,0.0,0.0,0.0,0.0,0.0,0,0,0,0,0,0,0.0,0.0,0.0,0.0,0.0,0.0,0.0,0.0,0.0,0.0,0.0,0.0,0.0,0.0,0.0,0.0,0.0,0.0
H1_30,G,True,3-4-3,0,0,0,0,0,0,3,4,3,0,29,0.0,0.0,0.0,0.0,0.0,0,0,0,0,0,0,0.0,0.0,0.0,0.0,0.0,0.0,0.0,0.0,0.0,0.0,0.0,0.0,0.0,0.0,0.0,0.0,0.0,0.0
H1_45,G,True,3-4-3,0,0,0,0,0,0,3,4,3,0,44,0.0,0.0,0.0,0.0,0.0,0,0,0,0,0,1,1.0,0.0,0.0,1.0,0.0,0.0,0.0,10.02261,10.02261,0.0,0.0,0.0,1.0,0.0,0.0,0.0,0.0,0.0
H2_15,G,True,3-4-3,0,0,0,0,0,0,3,4,3,0,59,0.0,0.0,0.0,0.0,0.0,0,0,0,0,0,1,1.0,0.0,0.0,0.0,0.0,0.0,0.0,0.0,0.0,0.0,0.0,0.0,0.0,0.0,0.0,0.0,0.0,0.0
H2_30,G,True,3-4-3,0,0,0,0,0,0,3,4,3,0,74,0.0,0.0,0.0,0.0,0.0,0,0,0,0,0,1,1.0,0.0,0.0,0.0,0.0,0.0,0.0,0.0,0.0,0.0,0.0,0.0,0.0,0.0,0.0,0.0,0.0,0.0
H1_15,D,True,3-4-3,1,0,0,0,0,0,3,4,3,0,14,0.0,52.42929597147949,2.0,0.0,1.0,0,2,0,2,1,2,2.0,0.2857142857142857,0.2857142857142857,0.42857142857142855,0.0,0.3333333333333333,1.0,16.052506831096075,56.18377390883626,0.4665875245097563,0.08577848172586804,0.0,3.5,0.5,1.0,1.0,0.5,0.0
H1_30,D,True,3-4-3,2,0,0,0,0,0,3,4,3,0,29,0.0,0.0,1.0,0.0,1.0,0,2,1,6,1,3,2.0,0.15384615384615385,0.5384615384615384,0.3076923076923077,0.0,0.18181818181818182,0.5,13.01882922317189,78.11297533903134,0.0,0.1971231284846488,0.0,6.0,1.0,0.0,0.0,1.0,0.0
H1_45,D,True,3-4-3,4,0,0,0,0,0,3,4,3,0,44,0.0,7.16068,1.0,0.0,1.0,0,3,2,10,2,4,2.0,0.14285714285714285,0.5714285714285714,0.2857142857142857,0.0,0.17647058823529413,0.5,11.254575569598185,45.01830227839274,0.07953076457346643,0.3403652031327604,0.0,4.0,1.0,0.5,0.5,0.5,0.0
H2_15,D,True,3-4-3,4,0,0,0,0,0,3,4,3,0,59,0.0,0.0,1.0,0.0,0.0,0,3,2,12,2,4,2.0,0.13043478260869565,0.6086956521739131,0.2608695652173913,0.0,0.15789473684210525,0.5,21.563460591603054,43.12692118320611,0.0,0.0,0.0,2.0,0.0,0.0,0.0,0.0,0.0
H2_30,D,True,3-4-3,5,1,1,1,1,0,3,4,3,0,74,0.0,8.292317647058823,1.0,0.0,1.0,0,4,3,14,2,9,2.0,0.125,0.53125,0.34375,0.0,0.14814814814814814,0.4,10.226758985411884,81.81407188329507,0.10135564037061406,0.271506153998619,0.0,4.5,0.5,0.5,0.5,0.5,0.0
H1_15,D,True,3-4-3,2,0,0,0,0,0,3,4,3,0,14,0.0,8.179589189189189,2.0,0.0,1.0,0,1,0,3,2,3,2.0,0.1111111111111111,0.3333333333333333,0.5555555555555556,0.0,0.14285714285714285,1.0,10.019375648656428,45.08719041895393,0.09070857058494623,0.24967192598347077,0.0,4.5,1.0,0.5,0.5,0.5,0.0
H1_30,D,True,3-4-3,2,0,0,0,0,0,3,4,3,0,29,0.0,8.787938461538461,1.0,0.0,0.0,0,2,0,4,2,5,2.0,0.15384615384615385,0.3076923076923077,0.5384615384615384,0.0,0.18181818181818182,1.0,19.068383302697182,76.27353321078873,0.11521609255011443,0.0,0.0,4.0,0.0,1.0,1.0,0.0,0.0
H1_45,D,True,3-4-3,4,0,0,0,0,0,3,4,3,0,44,0.0,38.147653109243706,2.0,1.0,2.0,0,4,1,7,3,8,2.0,0.17391304347826086,0.34782608695652173,0.4782608695652174,0.0,0.21052631578947367,0.75,14.73542672822866,73.6771336411433,0.25888393877432975,0.16139826018617978,0.0,5.0,1.0,1.0,0.5,1.0,0.5
H2_15,D,True,3-4-3,6,0,0,0,0,0,3,4,3,0,59,0.0,0.0,1.0,0.0,1.0,0,4,2,11,4,11,2.0,0.125,0.40625,0.46875,0.0,0.15384615384615385,0.6666666666666666,11.162602315862154,100.46342084275939,0.0,0.33999093064442165,0.0,9.0,2.0,0.0,0.0,1.0,0.0
H2_30,D,True,3-4-3,6,0,0,0,0,0,3,4,3,0,74,0.0,38.7754358974359,1.0,0.0,0.0,0,5,2,13,4,14,2.0,0.13157894736842105,0.39473684210526316,0.47368421052631576,0.0,0.15625,0.6666666666666666,16.414795283240228,49.24438584972068,0.39370412716453684,0.0,0.0,3.0,0.0,0.5,0.5,0.0,0.0
H1_15,M,True,3-4-3,3,0,0,0,0,0,3,4,3,0,14,11.43141463414634,12.159486376811593,2.0,1.0,2.0,1,2,1,4,1,2,2.0,0.2727272727272727,0.45454545454545453,0.2727272727272727,0.3333333333333333,0.25,0.3333333333333333,11.695372544342872,64.3245489938858,0.18337401023363803,0.3730368394056903,11.43141463414634,5.5,1.5,1.5,0.5,1.0,0.5
H1_30,M,True,3-4-3,4,0,0,0,0,0,3,4,3,0,29,0.0,57.47390319189341,2.0,2.0,1.0,1,6,1,8,2,4,2.0,0.3181818181818182,0.4090909090909091,0.2727272727272727,0.25,0.3333333333333333,0.5,14.861671466382345,81.7391930651029,0.351568819294051,0.1382306469487939,0.0,5.5,0.5,2.0,1.0,0.5,1.0
H1_45,M,True,3-4-3,5,0,0,0,0,0,3,4,3,0,44,0.0,52.13029292356591,2.0,1.0,1.0,1,9,1,12,3,7,2.0,0.30303030303030304,0.3939393939393939,0.30303030303030304,0.2,0.32142857142857145,0.6,14.258929078780795,78.42410993329437,0.33236139350453997,0.1317057435917504,0.0,5.5,0.5,1.5,1.0,0.5,0.5
H2_15,M,True,3-4-3,6,0,0,0,0,0,3,4,3,0,59,24.764395180722897,65.26590205243446,2.0,1.0,1.0,2,13,1,15,3,10,2.0,0.3409090909090909,0.36363636363636365,0.29545454545454547,0.3333333333333333,0.34210526315789475,0.5,15.413555427677181,84.7745548522245,0.5309983484436719,0.14606030797738287,24.764395180722897,5.5,0.5,2.5,0.5,0.5,0.5
H2_30,M,True,3-4-3,10,0,0,0,0,0,3,4,3,0,74,5.6929523809523825,25.207073684210528,2.0,1.0,2.0,3,15,2,18,5,14,2.0,0.3157894736842105,0.3508771929824561,0.3333333333333333,0.3,0.3191489361702128,0.5,13.92272480710835,90.49771124620428,0.17072269364413867,0.31704742161269306,5.6929523809523825,6.5,2.0,1.5,0.5,1.0,0.5
H1_15,G,False,4-2-3-1,0,0,0,0,0,0,4,2,3,1,14,0.0,0.0,0.0,0.0,0.0,0,0,0,0,0,0,0.0,0.0,0.0,0.0,0.0,0.0,0.0,0.0,0.0,0.0,0.0,0.0,0.0,0.0,0.0,0.0,0.0,0.0
H1_30,G,False,4-2-3-1,0,0,0,0,0,0,4,2,3,1,29,0.0,0.0,0.0,0.0,0.0,0,0,0,0,0,0,0.0,0.0,0.0,0.0,0.0,0.0,0.0,0.0,0.0,0.0,0.0,0.0,0.0,0.0,0.0,0.0,0.0,0.0
H1_45,G,False,4-2-3-1,0,0,0,0,0,0,4,2,3,1,44,0.0,0.0,0.0,0.0,0.0,0,0,0,0,0,0,0.0,0.0,0.0,0.0,0.0,0.0,0.0,0.0,0.0,0.0,0.0,0.0,0.0,0.0,0.0,0.0,0.0,0.0
H2_15,G,False,4-2-3-1,0,0,0,0,0,0,4,2,3,1,59,0.0,0.0,0.0,0.0,0.0,0,0,0,0,0,0,0.0,0.0,0.0,0.0,0.0,0.0,0.0,0.0,0.0,0.0,0.0,0.0,0.0,0.0,0.0,0.0,0.0,0.0
H2_30,G,False,4-2-3-1,0,0,0,0,0,0,4,2,3,1,74,0.0,0.0,0.0,0.0,0.0,0,0,0,0,0,0,0.0,0.0,0.0,0.0,0.0,0.0,0.0,0.0,0.0,0.0,0.0,0.0,0.0,0.0,0.0,0.0,0.0,0.0
H1_15,D,False,4-2-3-1,2,1,1,1,1,0,4,2,3,1,14,0.0,24.217777551020404,2.0,1.0,2.0,0,2,2,6,0,6,2.0,0.125,0.5,0.375,0.0,0.14285714285714285,0.0,10.788371289716599,86.30697031773279,0.14030024146291098,0.20087836014682273,0.0,8.0,1.0,1.0,0.5,1.0,0.5
H1_30,D,False,4-2-3-1,5,1,1,1,1,0,4,2,3,1,29,27.06685714285714,50.32761989948749,1.0,1.0,1.0,2,6,3,9,0,7,2.0,0.2962962962962963,0.4444444444444444,0.25925925925925924,0.4,0.2727272727272727,0.0,13.721021868026776,75.46562027414727,0.5127797052564486,0.266656113391203,13.53342857142857,5.5,1.5,3.0,0.5,0.5,0.5
H1_45,D,False,4-2-3-1,10,1,1,1,1,0,4,2,3,1,44,31.308216032243614,80.97698365491297,2.0,1.0,2.0,4,13,5,16,1,10,2.0,0.3469387755102041,0.42857142857142855,0.22448979591836735,0.4,0.3333333333333333,0.1,12.998253409291248,142.98078750220373,0.39265834819040274,0.3437129082790137,15.654108016121807,11.0,2.5,4.5,1.0,1.0,0.5
H2_15,D,False,4-2-3-1,14,1,1,1,1,0,4,2,3,1,59,9.323442424242426,46.25997745247462,2.0,1.0,2.0,5,19,7,21,2,15,2.0,0.34782608695652173,0.4057971014492754,0.2463768115942029,0.35714285714285715,0.34545454545454546,0.14285714285714285,12.211708220091928,122.11708220091928,0.22758249245288065,0.3958529999068814,9.323442424242426,10.0,2.0,3.5,0.5,1.0,0.5
H2_30,D,False,4-2-3-1,17,2,1,2,2,0,4,2,3,1,74,36.82622962962962,9.48246153846154,2.0,1.0,2.0,6,20,8,30,3,16,2.0,0.3132530120481928,0.4578313253012048,0.2289156626506024,0.35294117647058826,0.30303030303030304,0.17647058823529413,13.082196743681838,91.57537720577287,0.25284466513325965,0.36785528240513393,36.82622962962962,7.0,1.5,1.0,0.5,1.0,0.5
H1_15,D,False,4-2-3-1,0,0,0,0,0,0,4,2,3,1,14,0.0,0.0,1.0,0.0,0.0,0,0,0,3,0,1,2.0,0.0,0.75,0.25,0.0,0.0,0.0,16.05368427037144,32.10736854074288,0.0,0.0,0.0,2.0,0.0,0.0,0.0,0.0,0.0
H1_30,D,False,4-2-3-1,1,0,0,0,0,0,4,2,3,1,29,0.0,0.0,1.0,0.0,0.0,0,0,1,5,0,2,2.0,0.0,0.75,0.25,0.0,0.0,0.0,10.269452201971268,20.538904403942535,0.0,0.29324954592455077,0.0,2.0,0.5,0.0,0.0,0.5,0.0
H1_45,D,False,4-2-3-1,3,0,0,0,0,0,4,2,3,1,44,0.0,0.0,2.0,0.0,1.0,0,0,2,10,1,7,2.0,0.0,0.6,0.4,0.0,0.0,0.3333333333333333,12.406586038355249,74.43951623013149,0.0,0.17578164647438752,0.0,6.0,1.0,0.0,0.0,0.5,0.0
H2_15,D,False,4-2-3-1,6,0,0,0,0,0,4,2,3,1,59,0.0,7.6505212121212125,2.0,0.0,1.0,0,1,3,14,3,11,2.0,0.03125,0.53125,0.4375,0.0,0.038461538461538464,0.5,15.396002109566789,92.37601265740074,0.04140967439510006,0.30904254110240736,0.0,6.0,1.5,0.5,0.5,0.5,0.0
H2_30,D,False,4-2-3-1,7,0,0,0,0,0,4,2,3,1,74,0.0,0.0,1.0,0.0,1.0,0,1,3,16,4,12,2.0,0.027777777777777776,0.5277777777777778,0.4444444444444444,0.0,0.034482758620689655,0.5714285714285714,14.702703078722449,29.405406157444897,0.0,0.28441219602856793,0.0,2.0,0.5,0.0,0.0,0.5,0.0
H1_15,D,False,4-2-3-1,0,0,0,0,0,1,4,2,3,1,14,0.0,0.0,0.0,0.0,0.0,0,0,0,1,0,1,2.0,0.0,0.5,0.5,0.0,0.0,0.0,8.483698430141288,8.483698430141288,0.0,0.0,0.0,1.0,0.0,0.0,0.0,0.0,0.0
H1_30,D,False,4-2-3-1,0,0,0,0,0,1,4,2,3,1,29,0.0,4.934121739130435,1.0,0.0,0.0,0,1,0,2,0,2,2.0,0.2,0.4,0.4,0.0,0.2,0.0,9.513528056611353,28.54058416983406,0.1728808951410865,0.0,0.0,3.0,0.0,1.0,1.0,0.0,0.0
H1_45,D,False,4-2-3-1,2,0,0,0,0,1,4,2,3,1,44,0.0,17.959158695652178,1.0,0.0,1.0,0,3,1,4,1,3,2.0,0.25,0.4166666666666667,0.3333333333333333,0.0,0.3,0.5,11.440340217734576,40.04119076207102,0.2242585491821084,0.3706483392611583,0.0,3.5,1.0,1.0,1.0,0.5,0.0
H2_15,D,False,4-2-3-1,3,0,0,0,0,1,4,2,3,1,59,0.0,0.0,1.0,0.0,1.0,0,3,1,7,2,8,2.0,0.14285714285714285,0.38095238095238093,0.47619047619047616,0.0,0.16666666666666666,0.6666666666666666,12.381216058442407,55.71547226299083,0.0,0.12099423714851436,0.0,4.5,0.5,0.0,0.0,0.5,0.0
H2_30,D,False,4-2-3-1,3,0,0,0,0,1,4,2,3,1,74,0.0,0.0,1.0,0.0,0.0,0,3,1,9,2,8,2.0,0.13043478260869565,0.43478260869565216,0.43478260869565216,0.0,0.15,0.6666666666666666,15.639788428158148,31.279576856316297,0.0,0.0,0.0,2.0,0.0,0.0,0.0,0.0,0.0
H1_15,M,False,4-2-3-1,1,0,0,0,0,0,4,2,3,1,14,0.0,47.61689151086357,2.0,1.0,1.0,0,3,1,3,0,2,2.0,0.3333333333333333,0.4444444444444444,0.2222222222222222,0.0,0.375,0.0,13.916400352629173,62.62380158683128,0.38018205781423364,0.1346551523571652,0.0,4.5,0.5,1.5,1.0,0.5,0.5
H1_30,M,False,4-2-3-1,1,0,0,0,0,0,4,2,3,1,29,0.0,0.0,2.0,0.0,0.0,0,3,1,7,0,4,2.0,0.2,0.5333333333333333,0.26666666666666666,0.0,0.21428571428571427,0.0,12.843093943707187,38.52928183112156,0.0,0.0,0.0,3.0,0.0,0.0,0.0,0.0,0.0
H1_45,M,False,4-2-3-1,3,0,0,0,0,0,4,2,3,1,44,11.27411282051282,28.278652017393917,2.0,1.0,2.0,1,7,1,14,1,6,2.0,0.26666666666666666,0.5,0.23333333333333334,0.3333333333333333,0.25925925925925924,0.3333333333333333,12.860759605544006,96.45569704158004,0.20503073458095672,0.1129816798258054,11.27411282051282,7.5,1.0,2.5,1.0,1.0,0.5
H2_15,M,False,4-2-3-1,4,0,0,0,0,0,4,2,3,1,59,0.0,0.0,1.0,0.0,1.0,1,7,1,17,2,8,2.0,0.2222222222222222,0.5,0.2777777777777778,0.25,0.21875,0.5,17.124098834595866,51.3722965037876,0.0,0.12199882867875911,0.0,3.0,0.5,0.0,0.0,0.5,0.0
H2_30,M,False,4-2-3-1,4,0,0,0,0,0,4,2,3,1,74,0.0,8.13711111111111,2.0,0.0,0.0,1,8,1,22,2,10,2.0,0.20454545454545456,0.5227272727272727,0.2727272727272727,0.25,0.2,0.5,16.858690627117667,67.43476250847067,0.06033320804005935,0.0,0.0,4.0,0.0,0.5,0.5,0.0,0.0
H1_15,A,False,4-2-3-1,3,0,0,0,0,1,4,2,3,1,14,24.29202592592592,149.27540818566254,2.0,2.0,2.0,3,11,0,3,0,0,2.0,0.8235294117647058,0.17647058823529413,0.0,1.0,0.7857142857142857,0.0,11.30658907405933,96.1060071295043,0.902999923187443,0.1263814128350585,8.09734197530864,8.5,1.5,7.0,1.0,1.0,1.0
H1_30,A,False,4-2-3-1,8,0,0,0,0,1,4,2,3,1,29,43.789726909210096,7.29872,2.0,1.0,2.0,5,12,2,8,1,2,2.0,0.5666666666666667,0.3333333333333333,0.1,0.625,0.5454545454545454,0.125,11.131775006857536,72.35653754457398,0.3530326950604702,0.49341885525132595,21.894863454605048,6.5,2.5,1.5,1.0,1.0,0.5
H1_45,A,False,4-2-3-1,9,0,0,0,0,1,4,2,3,1,44,18.959992719919107,77.62787505339105,2.0,2.0,2.0,7,19,2,12,1,4,2.0,0.5777777777777777,0.3111111111111111,0.1111111111111111,0.7,0.5428571428571428,0.1,10.814542447825438,81.10906835869079,0.5954196597732269,0.1168796110200146,9.479996359959554,7.5,1.0,4.5,1.0,1.0,1.0
H2_15,A,False,4-2-3-1,11,1,1,1,1,0,4,2,3,1,59,8.632258064516128,49.30515368587716,1.0,1.0,1.0,8,25,2,15,1,4,2.0,0.6,0.3090909090909091,0.09090909090909091,0.7272727272727273,0.5681818181818182,0.09090909090909091,9.632109358460845,48.160546792304224,0.6015028442290377,0.0896196019300129,8.632258064516128,5.0,0.5,3.5,1.0,0.5,0.5
H1_15,M,False,4-2-3-1,2,0,0,0,0,0,4,2,3,1,14,50.31118648838846,29.077329601990048,1.0,1.0,1.0,2,2,0,2,0,0,2.0,0.6666666666666666,0.3333333333333333,0.0,1.0,0.5,0.0,21.813709222506983,65.44112766752095,0.6065643955107132,0.3844003632088875,25.15559324419423,3.0,1.0,2.0,1.0,0.5,0.5
H1_30,M,False,4-2-3-1,3,0,0,0,0,0,4,2,3,1,29,11.752942857142855,36.70375135869755,2.0,2.0,1.0,3,6,0,6,0,0,2.0,0.6,0.4,0.0,1.0,0.5,0.0,11.092710001327179,49.9171950059723,0.48537076462372186,0.11772439192283024,11.752942857142855,4.5,0.5,2.5,1.0,0.5,1.0
H1_45,M,False,4-2-3-1,6,0,0,0,0,0,4,2,3,1,44,42.87347232323232,70.52676670798898,1.0,1.0,1.0,6,10,1,9,0,0,2.0,0.6153846153846154,0.38461538461538464,0.0,0.8571428571428571,0.5263157894736842,0.0,16.782915724278517,92.30603648353184,0.6142623134482263,0.47552481166279886,14.29115744107744,5.5,2.0,3.5,1.0,0.5,0.5
H2_15,M,False,4-2-3-1,10,1,0,1,1,0,4,2,3,1,59,11.38956,36.78880925773414,2.0,2.0,2.0,7,14,3,13,0,0,2.0,0.5675675675675675,0.43243243243243246,0.0,0.7,0.5185185185185185,0.0,11.415534680912863,62.78544074502075,0.38367469182379643,0.36530077475966705,11.38956,5.5,1.5,2.5,1.0,1.0,1.0
H1_15,M,False,4-2-3-1,4,1,1,1,1,0,4,2,3,1,14,44.29283953242836,24.41156626728111,2.0,1.0,2.0,3,2,1,6,0,3,2.0,0.3333333333333333,0.4666666666666667,0.2,0.75,0.18181818181818182,0.0,12.845893490092745,96.34420117569559,0.3565570369638463,0.30529296944997814,14.764279844142786,7.5,2.0,2.5,0.5,1.0,0.5
H1_30,M,False,4-2-3-1,6,1,1,1,1,0,4,2,3,1,29,0.0,7.2009125,2.0,0.0,1.0,3,3,3,12,0,4,2.0,0.24,0.6,0.16,0.5,0.15789473684210525,0.0,12.169375997084746,60.846879985423726,0.05917240540291488,0.17290929272825678,0.0,5.0,1.0,0.5,0.5,0.5,0.0
H1_45,M,False,4-2-3-1,9,1,1,1,1,0,4,2,3,1,44,33.01300197849463,54.423570409982176,2.0,1.0,1.0,5,6,4,15,0,5,2.0,0.3142857142857143,0.5428571428571428,0.14285714285714285,0.5555555555555556,0.23076923076923078,0.0,15.193773984064382,75.96886992032191,0.5754763265544328,0.3544955549790139,16.506500989247314,5.0,1.5,2.5,1.0,0.5,0.5
H2_15,M,False,4-2-3-1,12,3,1,3,3,0,4,2,3,1,59,13.55245,32.060584309040216,2.0,1.0,2.0,6,9,5,22,1,7,2.0,0.3,0.54,0.16,0.5,0.23684210526315788,0.08333333333333333,15.483364101324156,116.12523075993117,0.1963958823183623,0.27887417925353725,13.55245,7.5,1.5,2.0,0.5,1.0,0.5
H2_30,M,False,4-2-3-1,13,4,1,4,4,0,4,2,3,1,74,0.0,54.013629793401165,2.0,2.0,1.0,6,13,6,26,1,7,2.0,0.3220338983050847,0.5423728813559322,0.13559322033898305,0.46153846153846156,0.2826086956521739,0.07692307692307693,17.22981597670146,77.53417189515658,0.34832144635812706,0.21992573833196755,0.0,4.5,0.5,2.0,1.0,0.5,1.0
H1_15,D,False,4-2-3-1,1,0,0,0,0,0,4,2,3,1,14,0.0,0.0,2.0,0.0,1.0,0,0,0,4,1,0,2.0,0.0,0.8,0.2,0.0,0.0,1.0,8.991903385034448,22.47975846258612,0.0,0.3229368179711088,0.0,2.5,0.5,0.0,0.0,0.5,0.0
H1_30,D,False,4-2-3-1,5,0,0,0,0,0,4,2,3,1,29,13.712697872340428,0.0,2.0,0.0,2.0,1,0,1,8,3,3,2.0,0.0625,0.5625,0.375,0.2,0.0,0.6,12.477662900114574,68.62714595063015,0.09990724284385394,0.4421472355351975,13.712697872340428,5.5,2.0,0.5,0.5,1.0,0.0
H1_45,D,False,4-2-3-1,8,0,0,0,0,0,4,2,3,1,44,11.390340000000004,77.28492662120726,2.0,2.0,2.0,2,7,2,11,4,4,2.0,0.3,0.43333333333333335,0.26666666666666666,0.25,0.3181818181818182,0.5,15.937404753151489,111.56183327206043,0.39742653925809557,0.2405000930515534,11.390340000000004,7.0,1.5,4.0,1.0,1.0,1.0
H2_15,D,False,4-2-3-1,13,0,0,0,0,0,4,2,3,1,59,0.0,44.946896598639455,2.0,1.0,2.0,2,10,5,18,6,7,2.0,0.25,0.4791666666666667,0.2708333333333333,0.15384615384615385,0.2857142857142857,0.46153846153846156,13.560879323829363,122.04791391446427,0.18413627548824765,0.40462557448142294,0.0,9.0,2.5,1.5,1.0,1.0,0.5
H2_30,D,False,4-2-3-1,16,0,0,0,0,0,4,2,3,1,74,0.0,13.252934313725492,1.0,1.0,1.0,2,12,8,21,6,9,2.0,0.2413793103448276,0.5,0.25862068965517243,0.125,0.2857142857142857,0.375,15.122974536347538,75.6148726817377,0.08763444176853256,0.6116800492592809,0.0,5.0,1.5,1.0,0.5,0.5,0.5
H2_30,A,False,4-2-3-1,2,0,0,0,0,0,4,2,3,1,6,8.715096774193547,14.645008194905866,2.0,1.0,2.0,1,2,1,1,0,0,2.0,0.6,0.4,0.0,0.5,0.6666666666666666,0.0,7.683516993819883,19.208792484549708,0.608057611843346,0.4616661039068255,8.715096774193547,2.5,1.0,1.5,0.5,1.0,0.5
H1_15,M,False,4-2-3-1,4,0,0,0,0,1,4,2,3,1,14,18.400212307692307,40.63361411170822,2.0,1.0,1.0,2,5,1,4,1,1,2.0,0.5,0.35714285714285715,0.14285714285714285,0.5,0.5,0.25,9.231433578372279,64.62003504860596,0.45677649644569535,0.34781514750934955,9.200106153846153,7.0,2.0,3.5,1.0,0.5,0.5
H1_30,M,False,4-2-3-1,6,0,0,0,0,1,4,2,3,1,29,39.07316239316239,9.071282051282052,2.0,1.0,2.0,3,6,2,6,1,3,2.0,0.42857142857142855,0.38095238095238093,0.19047619047619047,0.5,0.4,0.16666666666666666,15.526442323866608,54.34254813353313,0.44297190781467954,0.5214014387816048,39.07316239316239,3.5,1.0,1.0,0.5,1.0,0.5
H1_45,M,False,4-2-3-1,7,1,1,0,1,0,4,2,3,1,44,0.0,47.33726500638569,2.0,1.0,2.0,3,8,3,8,2,5,2.0,0.3793103448275862,0.3793103448275862,0.2413793103448276,0.375,0.38095238095238093,0.25,13.506936188810672,54.027744755242686,0.4380829259192077,0.15515613390815403,0.0,4.0,1.0,1.0,0.5,1.0,0.5
H2_15,M,False,4-2-3-1,9,2,1,1,2,0,4,2,3,1,59,0.0,34.956658903792786,2.0,1.0,1.0,3,11,4,11,2,5,2.0,0.3888888888888889,0.4166666666666667,0.19444444444444445,0.3333333333333333,0.4074074074074074,0.2222222222222222,18.35740445202754,64.2509155820964,0.27203237951626563,0.29008343814045257,0.0,3.5,0.5,1.5,0.5,0.5,0.5
H2_30,M,False,4-2-3-1,10,2,1,1,2,0,4,2,3,1,74,0.0,46.25252926035105,1.0,1.0,1.0,3,14,5,14,2,6,2.0,0.38636363636363635,0.4318181818181818,0.18181818181818182,0.3,0.4117647058823529,0.2,13.783339946691074,110.26671957352859,0.41946046313193086,0.09668432324030167,0.0,8.0,1.0,3.0,1.0,1.0,1.0
H1_15,M,False,4-2-3-1,3,0,0,0,0,0,4,2,3,1,14,26.017471264367813,63.30791675331593,2.0,1.0,2.0,1,4,1,9,1,2,2.0,0.2777777777777778,0.5555555555555556,0.16666666666666666,0.3333333333333333,0.26666666666666666,0.3333333333333333,14.229510513477383,128.06559462129644,0.3487485779526827,0.1537478712646101,26.017471264367813,9.0,1.5,2.5,0.5,1.0,0.5
H1_30,M,False,4-2-3-1,3,0,0,0,0,0,4,2,3,1,29,0.0,47.986784844517175,2.0,1.0,0.0,1,7,1,15,1,4,2.0,0.27586206896551724,0.5517241379310345,0.1724137931034483,0.3333333333333333,0.2692307692307692,0.3333333333333333,14.998709623602728,82.492902929815,0.2908540198018268,0.0,0.0,5.5,0.0,1.5,1.0,0.0,0.5
H1_45,M,False,4-2-3-1,3,1,1,1,1,0,4,2,3,1,44,0.0,23.5101701754386,2.0,1.0,0.0,1,9,1,20,1,5,2.0,0.2702702702702703,0.5675675675675675,0.16216216216216217,0.3333333333333333,0.2647058823529412,0.3333333333333333,17.384310147546685,69.53724059018674,0.16904733331305363,0.0,0.0,4.0,0.0,1.0,0.5,0.0,0.5
H2_15,M,False,4-2-3-1,7,1,1,1,1,0,4,2,3,1,59,0.0,47.380214526516966,2.0,1.0,1.0,1,13,3,24,3,7,2.0,0.27450980392156865,0.5294117647058824,0.19607843137254902,0.14285714285714285,0.29545454545454547,0.42857142857142855,17.851763380639813,124.96234366447868,0.18957796859881193,0.35030912012716975,0.0,7.0,2.0,2.0,1.0,0.5,0.5
H2_30,M,False,4-2-3-1,7,1,1,1,1,0,4,2,3,1,74,0.0,15.41018432055749,2.0,1.0,0.0,1,15,3,28,3,7,2.0,0.2807017543859649,0.543859649122807,0.17543859649122806,0.14285714285714285,0.3,0.42857142857142855,12.912548648679012,38.737645946037034,0.198904501605808,0.0,0.0,3.0,0.0,1.0,0.5,0.0,0.5
H2_30,M,False,4-2-3-1,1,1,0,1,1,0,4,2,3,1,6,14.25275,19.04458487394958,1.0,1.0,1.0,1,3,0,0,0,0,1.0,1.0,0.0,0.0,1.0,1.0,0.0,8.324333718487395,33.29733487394958,1.0000000000000002,0.42804476856647006,14.25275,4.0,1.0,4.0,1.0,1.0,1.0
H1_15,G,True,4-3-3,0,0,0,0,0,0,4,3,3,0,14,0.0,0.0,0.0,0.0,0.0,0,0,0,0,0,0,0.0,0.0,0.0,0.0,0.0,0.0,0.0,0.0,0.0,0.0,0.0,0.0,0.0,0.0,0.0,0.0,0.0,0.0
H1_30,G,True,4-3-3,0,0,0,0,0,0,4,3,3,0,29,0.0,0.0,0.0,0.0,0.0,0,0,0,0,0,1,1.0,0.0,0.0,1.0,0.0,0.0,0.0,170.9048,170.9048,0.0,0.0,0.0,1.0,0.0,0.0,0.0,0.0,0.0
H1_45,G,True,4-3-3,0,0,0,0,0,0,4,3,3,0,44,0.0,0.0,0.0,0.0,0.0,0,0,0,0,0,1,1.0,0.0,0.0,0.0,0.0,0.0,0.0,0.0,0.0,0.0,0.0,0.0,0.0,0.0,0.0,0.0,0.0,0.0
H2_15,G,True,4-3-3,0,0,0,0,0,0,4,3,3,0,59,0.0,0.0,0.0,0.0,0.0,0,0,0,0,0,1,1.0,0.0,0.0,0.0,0.0,0.0,0.0,0.0,0.0,0.0,0.0,0.0,0.0,0.0,0.0,0.0,0.0,0.0
H2_30,G,True,4-3-3,0,0,0,0,0,0,4,3,3,0,74,0.0,0.0,0.0,0.0,0.0,0,0,0,0,0,1,1.0,0.0,0.0,0.0,0.0,0.0,0.0,0.0,0.0,0.0,0.0,0.0,0.0,0.0,0.0,0.0,0.0,0.0
H1_15,D,True,4-3-3,1,0,0,0,0,0,4,3,3,0,14,0.0,0.0,1.0,0.0,1.0,0,0,0,1,1,1,1.0,0.0,0.3333333333333333,0.6666666666666666,0.0,0.0,1.0,190.68359999999998,572.0508,0.0,0.3889332905399311,0.0,3.0,1.0,0.0,0.0,1.0,0.0
H1_45,D,True,4-3-3,4,0,0,0,0,0,4,3,3,0,44,0.0,0.0,1.0,0.0,1.0,0,0,1,3,3,9,1.0,0.0,0.25,0.75,0.0,0.0,0.75,200.44779999999997,801.7911999999999,0.0,0.27353106394782084,0.0,4.0,1.0,0.0,0.0,1.0,0.0
H2_15,D,True,4-3-3,4,0,0,0,0,0,4,3,3,0,59,0.0,431.0004,1.0,0.0,0.0,0,1,1,3,3,11,2.0,0.05263157894736842,0.21052631578947367,0.7368421052631579,0.0,0.06666666666666667,0.75,298.63413333333335,447.95120000000003,0.4810796354602912,0.0,0.0,1.5,0.0,0.5,0.5,0.0,0.0
H1_15,D,True,4-3-3,0,0,0,0,0,0,4,3,3,0,14,0.0,316.1752,1.0,0.0,0.0,0,1,0,1,0,1,2.0,0.3333333333333333,0.3333333333333333,0.3333333333333333,0.0,0.3333333333333333,0.0,287.54266666666666,431.31399999999996,0.36652554751294886,0.0,0.0,1.5,0.0,0.5,0.5,0.0,0.0
H1_15,G,False,5-4-1,0,0,0,0,0,0,5,4,1,0,14,0.0,0.0,0.0,0.0,0.0,0,0,0,0,0,0,0.0,0.0,0.0,0.0,0.0,0.0,0.0,0.0,0.0,0.0,0.0,0.0,0.0,0.0,0.0,0.0,0.0,0.0
H1_30,G,False,5-4-1,1,0,0,0,0,0,5,4,1,0,29,0.0,0.0,1.0,0.0,1.0,0,0,0,0,1,1,1.0,0.0,0.0,1.0,0.0,0.0,1.0,194.96460000000002,389.92920000000004,0.0,0.6652612833304097,0.0,2.0,1.0,0.0,0.0,1.0,0.0
H1_45,G,False,5-4-1,2,0,0,0,0,0,5,4,1,0,44,0.0,0.0,1.0,0.0,1.0,0,0,1,1,1,1,1.0,0.0,0.5,0.5,0.0,0.0,0.5,244.9814,489.9628,0.0,0.5371664950890149,0.0,2.0,1.0,0.0,0.0,1.0,0.0
H2_15,G,False,5-4-1,2,0,0,0,0,0,5,4,1,0,59,0.0,0.0,0.0,0.0,0.0,0,0,1,1,1,1,1.0,0.0,0.0,0.0,0.0,0.0,0.0,0.0,0.0,0.0,0.0,0.0,0.0,0.0,0.0,0.0,0.0,0.0
H2_30,G,False,5-4-1,2,0,0,0,0,0,5,4,1,0,74,0.0,0.0,0.0,0.0,0.0,0,0,1,2,1,1,1.0,0.0,0.6,0.4,0.0,0.0,0.5,125.7136,125.7136,0.0,0.0,0.0,1.0,0.0,0.0,0.0,0.0,0.0
H1_15,D,False,5-4-1,1,0,0,0,0,0,5,4,1,0,14,0.0,0.0,0.0,0.0,0.0,0,0,0,0,1,0,1.0,0.0,0.0,1.0,0.0,0.0,1.0,467.3156,467.3156,0.0,1.0,0.0,1.0,1.0,0.0,0.0,1.0,0.0
H2_15,D,False,5-4-1,1,0,0,0,0,0,5,4,1,0,4,0.0,0.0,0.0,0.0,0.0,0,0,0,1,1,0,2.0,0.0,0.5,0.5,0.0,0.0,1.0,273.7918,273.7918,0.0,0.507964811217867,0.0,1.0,0.5,0.0,0.0,0.5,0.0
H1_15,D,False,5-4-1,0,0,0,0,0,0,5,4,1,0,14,0.0,142.6148,1.0,0.0,0.0,0,1,0,1,0,1,2.0,0.3333333333333333,0.3333333333333333,0.3333333333333333,0.0,0.3333333333333333,0.0,212.63559999999998,318.9534,0.22356682825767024,0.0,0.0,1.5,0.0,0.5,0.5,0.0,0.0
H1_15,G,True,4-3-3,0,0,0,0,0,0,4,3,3,0,14,0.0,0.0,0.0,0.0,0.0,0,0,0,0,0,0,0.0,0.0,0.0,0.0,0.0,0.0,0.0,0.0,0.0,0.0,0.0,0.0,0.0,0.0,0.0,0.0,0.0,0.0
H1_30,G,True,4-3-3,0,0,0,0,0,0,4,3,3,0,29,0.0,0.0,1.0,0.0,0.0,0,0,0,0,0,3,2.0,0.0,0.0,1.0,0.0,0.0,0.0,7.39181130952381,11.087716964285715,0.0,0.0,0.0,1.5,0.0,0.0,0.0,0.0,0.0
H1_45,G,True,4-3-3,1,0,0,0,0,0,4,3,3,0,44,0.0,0.0,1.0,0.0,1.0,0,0,0,1,1,4,2.0,0.0,0.16666666666666666,0.8333333333333334,0.0,0.0,1.0,6.4966095482960275,9.74491432244404,0.0,0.45467394315462933,0.0,1.5,0.5,0.0,0.0,0.5,0.0
H2_15,G,True,4-3-3,1,0,0,0,0,0,4,3,3,0,59,0.0,0.0,0.0,0.0,0.0,0,0,0,1,1,4,2.0,0.0,0.0,0.0,0.0,0.0,0.0,0.0,0.0,0.0,0.0,0.0,0.0,0.0,0.0,0.0,0.0,0.0
H2_30,G,True,4-3-3,1,0,0,0,0,0,4,3,3,0,74,0.0,0.0,0.0,0.0,0.0,0,0,0,1,1,4,2.0,0.0,0.0,0.0,0.0,0.0,0.0,0.0,0.0,0.0,0.0,0.0,0.0,0.0,0.0,0.0,0.0,0.0
H1_15,D,True,4-3-3,2,0,0,0,0,0,4,3,3,0,14,0.0,0.0,2.0,0.0,1.0,0,0,0,2,2,3,2.0,0.0,0.2857142857142857,0.7142857142857143,0.0,0.0,1.0,6.912724065943037,24.194534230800627,0.0,0.3426176043792304,0.0,3.5,1.0,0.0,0.0,0.5,0.0
H1_30,D,True,4-3-3,2,0,0,0,0,0,4,3,3,0,29,0.0,0.0,2.0,0.0,0.0,0,0,0,5,2,5,2.0,0.0,0.4166666666666667,0.5833333333333334,0.0,0.0,1.0,13.572919157093517,33.93229789273379,0.0,0.0,0.0,2.5,0.0,0.0,0.0,0.0,0.0
H1_45,D,True,4-3-3,2,0,0,0,0,0,4,3,3,0,44,0.0,14.736812903225808,1.0,0.0,0.0,0,1,0,5,2,8,2.0,0.0625,0.3125,0.625,0.0,0.07142857142857142,1.0,10.757504458746899,21.515008917493798,0.3424774993061551,0.0,0.0,2.0,0.0,0.5,0.5,0.0,0.0
H2_15,D,True,4-3-3,2,0,0,0,0,0,4,3,3,0,59,0.0,0.0,0.0,0.0,0.0,0,1,0,5,2,10,2.0,0.05555555555555555,0.2777777777777778,0.6666666666666666,0.0,0.0625,1.0,9.798606084656084,9.798606084656084,0.0,0.0,0.0,1.0,0.0,0.0,0.0,0.0,0.0
H2_30,D,True,4-3-3,2,0,0,0,0,0,4,3,3,0,74,0.0,0.0,2.0,0.0,0.0,0,1,0,8,2,13,2.0,0.041666666666666664,0.3333333333333333,0.625,0.0,0.045454545454545456,1.0,11.445446306076638,34.33633891822991,0.0,0.0,0.0,3.0,0.0,0.0,0.0,0.0,0.0
H1_15,D,True,4-3-3,0,1,0,1,1,0,4,3,3,0,14,0.0,11.955330612244898,1.0,0.0,0.0,0,1,0,4,0,1,1.0,0.16666666666666666,0.6666666666666666,0.16666666666666666,0.0,0.16666666666666666,0.0,9.918515018558155,59.51109011134893,0.20089248222265355,0.0,0.0,6.0,0.0,1.0,1.0,0.0,0.0
H1_30,D,True,4-3-3,1,1,0,1,1,0,4,3,3,0,29,7.4776,10.648527272727273,2.0,1.0,1.0,1,3,0,7,0,2,2.0,0.3076923076923077,0.5384615384615384,0.15384615384615385,1.0,0.25,0.0,9.995686615596384,34.98490315458734,0.25905641631525445,0.10686895383072556,7.4776,3.5,0.5,1.5,0.5,0.5,0.5
H1_45,D,True,4-3-3,1,1,0,1,1,0,4,3,3,0,44,0.0,0.0,2.0,0.0,0.0,1,3,0,10,0,6,2.0,0.2,0.5,0.3,1.0,0.15789473684210525,0.0,11.173695299050962,39.10793354667837,0.0,0.0,0.0,3.5,0.0,0.0,0.0,0.0,0.0
H2_15,D,True,4-3-3,1,2,0,2,2,0,4,3,3,0,59,0.0,0.0,0.0,0.0,0.0,1,3,0,12,0,6,2.0,0.18181818181818182,0.5454545454545454,0.2727272727272727,1.0,0.14285714285714285,0.0,20.644758857142854,20.644758857142854,0.0,0.0,0.0,1.0,0.0,0.0,0.0,0.0,0.0
H2_30,D,True,4-3-3,1,2,0,2,2,0,4,3,3,0,74,0.0,4.428571428571428,1.0,0.0,0.0,1,4,0,14,0,9,2.0,0.17857142857142858,0.5,0.32142857142857145,1.0,0.14814814814814814,0.0,10.271780179790612,30.815340539371835,0.07185660374113301,0.0,0.0,3.0,0.0,0.5,0.5,0.0,0.0
H1_15,D,True,4-3-3,1,0,0,0,0,0,4,3,3,0,14,0.0,52.435124444444455,2.0,0.0,1.0,0,2,1,3,0,3,2.0,0.2222222222222222,0.4444444444444444,0.3333333333333333,0.0,0.25,0.0,21.762017454729445,97.9290785462825,0.26771989087828985,0.15175967141960678,0.0,4.5,0.5,1.0,1.0,0.5,0.0
H1_30,D,True,4-3-3,4,0,0,0,0,0,4,3,3,0,29,36.843258934707904,35.05839234234234,2.0,1.0,1.0,2,4,2,5,0,6,2.0,0.3157894736842105,0.3684210526315789,0.3157894736842105,0.5,0.26666666666666666,0.0,16.862697777414393,84.31348888707197,0.4263947099458431,0.25419735458576886,18.421629467353952,5.0,1.5,2.0,0.5,0.5,0.5
H1_45,D,True,4-3-3,6,0,0,0,0,0,4,3,3,0,44,0.0,0.0,2.0,0.0,1.0,2,4,4,6,0,10,2.0,0.23076923076923078,0.38461538461538464,0.38461538461538464,0.3333333333333333,0.2,0.0,21.422804442829584,74.97981554990355,0.0,0.5462031999254876,0.0,3.5,1.0,0.0,0.0,0.5,0.0
H2_15,D,True,4-3-3,9,0,0,0,0,0,4,3,3,0,59,25.328375555555553,16.264594137931034,2.0,1.0,2.0,4,6,5,8,0,10,2.0,0.30303030303030304,0.3939393939393939,0.30303030303030304,0.4444444444444444,0.25,0.0,10.65979109127509,37.309268819462815,0.5574079981941262,0.4253190909825336,12.664187777777776,3.5,1.5,2.0,1.0,1.0,0.5
H2_30,D,True,4-3-3,13,0,0,0,0,0,4,3,3,0,74,13.16113043478261,19.85723574468085,2.0,1.0,1.0,5,8,7,9,1,13,2.0,0.3023255813953488,0.37209302325581395,0.32558139534883723,0.38461538461538464,0.26666666666666666,0.07692307692307693,11.681098782759559,58.4054939137978,0.2826648998825019,0.4402540202195824,13.16113043478261,5.0,2.0,1.5,1.0,0.5,0.5
H1_15,A,True,4-3-3,0,1,0,1,1,0,4,3,3,0,14,0.0,72.41029273809522,2.0,2.0,0.0,0,6,0,6,0,0,2.0,0.5,0.5,0.0,0.0,0.5,0.0,11.279324420085123,67.67594652051073,0.5349780569094046,0.0,0.0,6.0,0.0,3.0,1.0,0.0,1.0
H1_30,A,True,4-3-3,2,2,0,2,2,0,4,3,3,0,29,8.852825000000001,45.5277351741468,2.0,1.0,2.0,1,9,1,11,0,1,2.0,0.43478260869565216,0.5217391304347826,0.043478260869565216,0.5,0.42857142857142855,0.0,14.853231821043545,81.6927750157395,0.3328357995163554,0.10727319222998716,8.852825000000001,5.5,1.0,2.0,0.5,1.0,0.5
H1_45,A,True,4-3-3,5,2,0,2,2,0,4,3,3,0,44,25.953185185185184,5.8332444444444445,2.0,1.0,2.0,2,10,2,16,1,4,2.0,0.34285714285714286,0.5142857142857142,0.14285714285714285,0.4,0.3333333333333333,0.2,14.790986157392483,88.7459169443549,0.17908671589680134,0.4373233101980621,25.953185185185184,6.0,1.5,1.0,0.5,1.0,0.5
H2_15,A,True,4-3-3,7,2,0,2,2,0,4,3,3,0,59,21.55517023809524,84.50923658856154,2.0,2.0,1.0,4,17,2,18,1,6,2.0,0.4375,0.4166666666666667,0.14583333333333334,0.5714285714285714,0.4146341463414634,0.14285714285714285,13.097699715446929,85.13504815040504,0.6229185813067057,0.1265939862981841,10.77758511904762,6.5,1.0,4.5,1.0,0.5,1.0
H2_30,A,True,4-3-3,7,2,0,2,2,0,4,3,3,0,74,0.0,0.0,2.0,0.0,0.0,4,17,2,23,1,8,2.0,0.38181818181818183,0.45454545454545453,0.16363636363636364,0.5714285714285714,0.3541666666666667,0.14285714285714285,10.03440290560025,35.12041016960088,0.0,0.0,0.0,3.5,0.0,0.0,0.0,0.0,0.0
H1_15,M,True,4-3-3,0,0,0,0,0,0,4,3,3,0,14,0.0,7.753942857142858,2.0,0.0,0.0,0,1,0,4,0,1,2.0,0.16666666666666666,0.6666666666666666,0.16666666666666666,0.0,0.16666666666666666,0.0,10.505787119643642,31.517361358930927,0.12301066020150288,0.0,0.0,3.0,0.0,0.5,0.5,0.0,0.0
H1_30,M,True,4-3-3,1,0,0,0,0,0,4,3,3,0,29,0.0,0.0,1.0,0.0,1.0,0,1,0,4,1,4,2.0,0.1,0.4,0.5,0.0,0.1111111111111111,1.0,11.91285913797443,47.65143655189772,0.0,0.23621092698309717,0.0,4.0,1.0,0.0,0.0,1.0,0.0
H1_45,M,True,4-3-3,1,0,0,0,0,0,4,3,3,0,44,0.0,8.409722222222223,2.0,0.0,0.0,0,2,0,8,1,8,2.0,0.10526315789473684,0.42105263157894735,0.47368421052631576,0.0,0.1111111111111111,1.0,15.871607438591916,71.42223347366362,0.05887327946222265,0.0,0.0,4.5,0.0,0.5,0.5,0.0,0.0
H2_15,M,True,4-3-3,2,0,0,0,0,0,4,3,3,0,59,0.0,42.2384189770462,2.0,2.0,1.0,0,7,0,9,2,8,2.0,0.2692307692307692,0.34615384615384615,0.38461538461538464,0.0,0.2916666666666667,1.0,9.276175305758786,32.46661357015575,0.6504900624417598,0.23033520467027804,0.0,3.5,0.5,2.5,1.0,0.5,1.0
H2_30,M,True,4-3-3,4,0,0,0,0,0,4,3,3,0,74,0.0,13.613025339366516,2.0,1.0,1.0,0,9,2,12,2,8,2.0,0.2727272727272727,0.42424242424242425,0.30303030303030304,0.0,0.3103448275862069,0.5,8.208543219488904,28.729901268211165,0.2369138900318629,0.3886108616970839,0.0,3.5,1.0,1.0,0.5,0.5,0.5
H2_30,M,True,4-3-3,1,0,0,0,0,0,4,3,3,0,9,7.193461538461538,43.21521417032484,2.0,2.0,1.0,1,3,0,2,0,0,2.0,0.6666666666666666,0.3333333333333333,0.0,1.0,0.6,0.0,12.487480620616308,37.46244186184892,0.6727895086855199,0.09600897833874558,7.193461538461538,3.0,0.5,2.0,1.0,0.5,1.0
H1_15,M,True,4-3-3,3,0,0,0,0,0,4,3,3,0,14,33.35046547700755,26.288483186446477,2.0,2.0,1.0,2,3,1,7,0,1,2.0,0.35714285714285715,0.5714285714285714,0.07142857142857142,0.6666666666666666,0.2727272727272727,0.0,10.116711515320711,70.81698060724497,0.42107802501645086,0.3520362381877518,16.675232738503777,7.0,1.5,2.5,1.0,0.5,1.0
H1_30,M,True,4-3-3,6,0,0,0,0,0,4,3,3,0,29,47.95131069182389,25.26881478492239,2.0,2.0,2.0,3,6,2,12,1,4,2.0,0.32142857142857145,0.5,0.17857142857142858,0.5,0.2727272727272727,0.16666666666666666,13.999572790280022,97.99700953196015,0.3735834686509833,0.4221572404673393,47.95131069182389,7.0,1.5,2.0,1.0,1.0,1.0
H1_45,M,True,4-3-3,7,1,0,1,1,0,4,3,3,0,44,0.0,46.154786736337655,2.0,1.0,1.0,3,10,3,19,1,6,2.0,0.30952380952380953,0.5238095238095238,0.16666666666666666,0.42857142857142855,0.2857142857142857,0.14285714285714285,12.818531582264422,89.72972107585095,0.2571878424614837,0.1882389908309092,0.0,7.0,0.5,2.0,0.5,0.5,0.5
H2_15,M,True,4-3-3,10,1,0,1,1,0,4,3,3,0,59,35.31405193687231,95.27630089316463,2.0,2.0,2.0,5,18,4,21,1,8,2.0,0.40350877192982454,0.43859649122807015,0.15789473684210525,0.5,0.3829787234042553,0.1,13.20525890403989,99.03944178029919,0.6592845763394328,0.2418683010868576,17.657025968436155,7.5,1.5,5.0,1.0,1.0,1.0
H1_15,A,True,4-3-3,4,0,0,0,0,0,4,3,3,0,14,65.83000965367967,54.83172794346979,2.0,2.0,2.0,3,4,1,2,0,0,2.0,0.7,0.3,0.0,0.75,0.6666666666666666,0.0,15.361513798999331,76.80756899499666,0.7854807747203242,0.5030975822871628,21.943336551226555,5.0,2.0,3.5,1.0,1.0,1.0
H1_30,A,True,4-3-3,7,0,0,0,0,0,4,3,3,0,29,24.166397120708748,33.61315351545007,1.0,1.0,1.0,5,7,2,7,0,0,2.0,0.5714285714285714,0.42857142857142855,0.0,0.7142857142857143,0.5,0.0,11.213145694061616,61.672301317338885,0.4684400403582343,0.3425984997040542,12.083198560354374,5.5,1.5,2.5,1.0,0.5,0.5
H1_45,A,True,4-3-3,9,0,0,0,0,0,4,3,3,0,44,15.822946153846154,0.0,1.0,0.0,1.0,6,7,3,10,0,1,2.0,0.48148148148148145,0.48148148148148145,0.037037037037037035,0.6666666666666666,0.3888888888888889,0.0,23.142163244754006,69.42648973426202,0.1139546750412582,0.46846574132613955,15.822946153846154,3.0,1.0,0.5,0.5,0.5,0.0
H2_15,A,True,4-3-3,10,0,0,0,0,0,4,3,3,0,59,13.195697777777776,41.554663943191315,2.0,2.0,1.0,7,11,3,12,0,2,2.0,0.5142857142857142,0.42857142857142855,0.05714285714285714,0.7,0.44,0.0,11.935895428135636,47.74358171254254,0.5733792874046757,0.1381934210259636,13.195697777777776,4.0,0.5,2.5,1.0,0.5,1.0
H2_30,A,True,4-3-3,10,1,0,0,1,0,4,3,3,0,74,0.0,21.92802325581395,1.0,0.0,0.0,7,12,3,13,0,4,2.0,0.48717948717948717,0.41025641025641024,0.10256410256410256,0.7,0.41379310344827586,0.0,15.307631523416896,30.615263046833793,0.3581224048650095,0.0,0.0,2.0,0.0,0.5,0.5,0.0,0.0
H2_15,A,True,4-3-3,0,0,0,0,0,0,4,3,3,0,3,0.0,20.790673076923078,1.0,1.0,0.0,0,2,0,0,0,0,1.0,1.0,0.0,0.0,0.0,1.0,0.0,10.395336538461539,20.790673076923078,1.0,0.0,0.0,2.0,0.0,2.0,1.0,0.0,1.0
H2_30,A,True,4-3-3,1,0,0,0,0,0,4,3,3,0,18,0.0,59.281713495934966,2.0,2.0,1.0,0,6,1,3,0,3,2.0,0.46153846153846156,0.3076923076923077,0.23076923076923078,0.0,0.5,0.0,13.824271579145966,76.03349368530282,0.38983946825656685,0.11039452416421962,0.0,5.5,0.5,2.0,1.0,0.5,1.0
H1_15,A,True,4-3-3,2,0,0,0,0,0,4,3,3,0,14,34.93407646702964,46.814300339642784,2.0,2.0,1.0,2,4,0,4,0,0,2.0,0.6,0.4,0.0,1.0,0.5,0.0,11.747107951914153,58.73553975957076,0.69590215005517,0.29738448484537205,17.46703823351482,5.0,1.0,3.0,1.0,0.5,1.0
H1_30,A,True,4-3-3,2,0,0,0,0,0,4,3,3,0,29,0.0,51.24535701969886,2.0,1.0,0.0,2,7,0,7,0,0,2.0,0.5625,0.4375,0.0,1.0,0.5,0.0,15.153814594858234,45.461443784574705,0.5636133914106646,0.0,0.0,3.0,0.0,1.5,1.0,0.0,0.5
H1_45,A,True,4-3-3,4,1,0,1,1,0,4,3,3,0,44,13.950383333333331,76.91549854707031,2.0,2.0,2.0,3,13,1,9,0,1,2.0,0.5925925925925926,0.37037037037037035,0.037037037037037035,0.75,0.5652173913043478,0.0,14.791217742550913,81.35169758403002,0.558475634675885,0.2760962677475936,13.950383333333331,5.5,1.0,3.5,1.0,1.0,1.0
H1_15,D,True,4-3-3,1,0,0,0,0,0,4,3,3,0,14,17.902142372881357,37.79760235690236,2.0,2.0,1.0,1,5,0,6,0,2,2.0,0.42857142857142855,0.42857142857142855,0.14285714285714285,1.0,0.38461538461538464,0.0,11.242535839666461,78.69775087766523,0.3538839681477578,0.11373986024524409,17.902142372881357,7.0,0.5,3.0,1.0,0.5,1.0
H1_30,D,True,4-3-3,3,0,0,0,0,0,4,3,3,0,29,0.0,49.795630129870126,2.0,1.0,2.0,1,7,1,14,1,5,2.0,0.27586206896551724,0.5172413793103449,0.20689655172413793,0.3333333333333333,0.2692307692307692,0.3333333333333333,16.186993122999123,121.40244842249344,0.20508495000272167,0.1716582378307207,0.0,7.5,1.0,1.0,0.5,1.0,0.5
H1_45,D,True,4-3-3,5,0,0,0,0,0,4,3,3,0,44,18.136918032786884,14.686599999999999,2.0,1.0,2.0,2,9,1,18,2,5,2.0,0.2972972972972973,0.5135135135135135,0.1891891891891892,0.4,0.28125,0.4,12.908668228713143,51.63467291485257,0.3178437683425829,0.4709857889644536,18.136918032786884,4.0,1.0,1.5,1.0,1.0,0.5
H2_15,D,True,4-3-3,10,0,0,0,0,0,4,3,3,0,59,20.991961454545457,29.66446827838828,2.0,2.0,2.0,4,12,2,23,4,8,2.0,0.3018867924528302,0.4716981132075472,0.22641509433962265,0.4,0.27906976744186046,0.4,12.261332601116091,98.09066080892873,0.25821229725227174,0.2899963608198301,10.495980727272729,8.0,2.5,2.5,1.0,1.0,1.0
H2_30,D,True,4-3-3,11,0,0,0,0,0,4,3,3,0,74,0.0,12.161408000000002,2.0,0.0,1.0,4,13,3,27,4,11,2.0,0.27419354838709675,0.4838709677419355,0.24193548387096775,0.36363636363636365,0.2549019607843137,0.36363636363636365,15.260718328724193,68.67323247925887,0.08854547515054768,0.14948264235414344,0.0,4.5,0.5,0.5,0.5,0.5,0.0
H1_15,M,True,4-3-3,1,0,0,0,0,0,4,3,3,0,14,0.0,52.21488213345213,2.0,2.0,1.0,0,6,0,4,1,2,2.0,0.46153846153846156,0.3076923076923077,0.23076923076923078,0.0,0.5,1.0,9.996418451264951,64.97671993322218,0.401796844986284,0.07091472246277729,0.0,6.5,0.5,3.0,1.0,0.5,1.0
H1_30,M,True,4-3-3,1,0,0,0,0,0,4,3,3,0,29,0.0,8.303578947368422,2.0,0.0,0.0,0,7,0,10,1,4,2.0,0.3181818181818182,0.45454545454545453,0.22727272727272727,0.0,0.3333333333333333,1.0,15.377895127521596,69.20052807384718,0.059996499871411944,0.0,0.0,4.5,0.0,0.5,0.5,0.0,0.0
H1_45,M,True,4-3-3,3,0,0,0,0,0,4,3,3,0,44,0.0,0.0,1.0,0.0,1.0,0,7,1,12,2,4,2.0,0.2692307692307692,0.5,0.23076923076923078,0.0,0.30434782608695654,0.6666666666666666,19.479693971607638,38.959387943215276,0.0,0.4758529219453504,0.0,2.0,1.0,0.0,0.0,1.0,0.0
H2_15,M,True,4-3-3,4,0,0,0,0,0,4,3,3,0,59,11.231241025641028,34.81788218793828,2.0,2.0,1.0,1,11,1,14,2,4,2.0,0.36363636363636365,0.45454545454545453,0.18181818181818182,0.25,0.3793103448275862,0.5,8.921191817967777,31.22417136288722,0.737395440833266,0.17984850414622025,11.231241025641028,3.5,0.5,2.5,1.0,0.5,1.0
H2_30,M,True,4-3-3,4,0,0,0,0,0,4,3,3,0,74,0.0,0.0,1.0,0.0,0.0,1,11,1,16,2,5,2.0,0.3333333333333333,0.4722222222222222,0.19444444444444445,0.25,0.34375,0.5,12.90365457318223,38.71096371954669,0.0,0.0,0.0,3.0,0.0,0.0,0.0,0.0,0.0
H1_15,G,False,4-1-3-2,0,0,0,0,0,0,4,1,3,2,14,0.0,0.0,0.0,0.0,0.0,0,0,0,0,0,0,0.0,0.0,0.0,0.0,0.0,0.0,0.0,0.0,0.0,0.0,0.0,0.0,0.0,0.0,0.0,0.0,0.0,0.0
H1_30,G,False,4-1-3-2,0,0,0,0,0,0,4,1,3,2,29,0.0,7.709360000000001,0.0,0.0,0.0,0,1,0,0,0,0,1.0,1.0,0.0,0.0,0.0,1.0,0.0,7.709360000000001,7.709360000000001,1.0,0.0,0.0,1.0,0.0,1.0,1.0,0.0,0.0
H1_45,G,False,4-1-3-2,0,0,0,0,0,0,4,1,3,2,44,0.0,0.0,0.0,0.0,0.0,0,1,0,0,0,0,1.0,0.0,0.0,0.0,0.0,0.0,0.0,0.0,0.0,0.0,0.0,0.0,0.0,0.0,0.0,0.0,0.0,0.0
H2_15,G,False,4-1-3-2,0,0,0,0,0,0,4,1,3,2,59,0.0,0.0,0.0,0.0,0.0,0,1,0,0,0,0,1.0,0.0,0.0,0.0,0.0,0.0,0.0,0.0,0.0,0.0,0.0,0.0,0.0,0.0,0.0,0.0,0.0,0.0
H2_30,G,False,4-1-3-2,0,0,0,0,0,0,4,1,3,2,74,0.0,0.0,0.0,0.0,0.0,0,1,0,0,0,0,1.0,0.0,0.0,0.0,0.0,0.0,0.0,0.0,0.0,0.0,0.0,0.0,0.0,0.0,0.0,0.0,0.0,0.0
H1_15,D,False,4-1-3-2,2,0,0,0,0,0,4,1,3,2,14,0.0,0.0,2.0,0.0,1.0,0,0,1,4,1,3,2.0,0.0,0.5555555555555556,0.4444444444444444,0.0,0.0,0.5,9.652163461627376,43.434735577323195,0.0,0.2983454772465367,0.0,4.5,1.0,0.0,0.0,0.5,0.0
H1_30,D,False,4-1-3-2,3,0,0,0,0,0,4,1,3,2,29,0.0,26.659039098837212,2.0,1.0,1.0,0,2,1,9,2,5,2.0,0.10526315789473684,0.5263157894736842,0.3684210526315789,0.0,0.125,0.6666666666666666,15.24348368165206,76.2174184082603,0.17488810074907993,0.056880571569067936,0.0,5.0,0.5,1.0,0.5,0.5,0.5
H1_45,D,False,4-1-3-2,6,0,0,0,0,0,4,1,3,2,44,14.48636,13.012180748663102,2.0,1.0,2.0,1,4,2,12,3,7,2.0,0.1724137931034483,0.4827586206896552,0.3448275862068966,0.16666666666666666,0.17391304347826086,0.5,8.725791152928867,43.62895576464433,0.31514094557985206,0.4455776335370118,14.48636,5.0,1.5,1.5,0.5,1.0,0.5
H2_15,D,False,4-1-3-2,8,0,0,0,0,0,4,1,3,2,59,0.0,40.30171428571427,2.0,0.0,1.0,1,5,2,15,5,12,2.0,0.15,0.425,0.425,0.125,0.15625,0.625,12.889761925630326,70.8936905909668,0.284240487057176,0.19012792594447606,0.0,5.5,1.0,0.5,0.5,0.5,0.0
H2_30,D,False,4-1-3-2,9,0,0,0,0,0,4,1,3,2,74,10.688691891891894,64.94776915621074,2.0,1.0,1.0,2,9,2,17,5,14,2.0,0.22448979591836735,0.3877551020408163,0.3877551020408163,0.2222222222222222,0.225,0.5555555555555556,12.847317427423748,57.812928423406866,0.6541483290221942,0.09244205563858218,10.688691891891894,4.5,0.5,2.5,0.5,0.5,0.5
H1_15,D,False,4-1-3-2,5,0,0,0,0,0,4,1,3,2,14,0.0,4.8317000000000005,2.0,0.0,2.0,0,1,4,5,1,4,2.0,0.06666666666666667,0.6,0.3333333333333333,0.0,0.1,0.2,9.588057442576211,71.91043081932159,0.033595265283140066,0.3535662455631315,0.0,7.5,2.5,0.5,0.5,1.0,0.0
H1_30,D,False,4-1-3-2,8,0,0,0,0,0,4,1,3,2,29,29.193652,47.16831434249631,2.0,2.0,2.0,2,6,5,9,1,6,2.0,0.27586206896551724,0.4827586206896552,0.2413793103448276,0.25,0.2857142857142857,0.125,16.47566840859015,115.32967886013105,0.33105947704539335,0.18943104926986656,14.596826,7.0,1.5,3.5,1.0,1.0,1.0
H1_45,D,False,4-1-3-2,12,0,0,0,0,0,4,1,3,2,44,40.27784722222223,29.034598901098903,2.0,1.0,2.0,4,9,6,13,2,8,2.0,0.30952380952380953,0.4523809523809524,0.23809523809523808,0.3333333333333333,0.3,0.16666666666666666,12.111747790874663,78.72636064068531,0.4402111666235265,0.4979897125050048,20.138923611111114,6.5,2.0,2.5,1.0,1.0,0.5
H2_15,D,False,4-1-3-2,17,0,0,0,0,0,4,1,3,2,59,30.051630899830222,21.723979150197632,2.0,2.0,2.0,6,13,8,15,3,12,2.0,0.3333333333333333,0.40350877192982454,0.2631578947368421,0.35294117647058826,0.325,0.17647058823529413,10.402673526837855,78.02005145128392,0.331809637951577,0.5033134631327615,15.025815449915111,7.5,2.5,3.0,1.0,1.0,1.0
H2_30,D,False,4-1-3-2,19,1,0,0,1,0,4,1,3,2,74,0.0,34.58703262574106,2.0,1.0,2.0,6,15,9,20,4,13,2.0,0.31343283582089554,0.43283582089552236,0.2537313432835821,0.3157894736842105,0.3125,0.21052631578947367,13.072117071230062,65.36058535615031,0.2645863132748587,0.17555658567748417,0.0,5.0,1.0,1.0,0.5,1.0,0.5
H1_15,M,False,4-1-3-2,2,0,0,0,0,0,4,1,3,2,14,0.0,26.725033333333332,2.0,0.0,2.0,0,1,0,3,2,6,2.0,0.08333333333333333,0.25,0.6666666666666666,0.0,0.1,1.0,11.380628716180203,68.28377229708121,0.1956909558032406,0.18680575972410887,0.0,6.0,1.0,0.5,0.5,1.0,0.0
H1_30,M,False,4-1-3-2,4,0,0,0,0,0,4,1,3,2,29,0.0,0.0,1.0,0.0,1.0,0,1,1,8,3,9,2.0,0.045454545454545456,0.4090909090909091,0.5454545454545454,0.0,0.05555555555555555,0.75,12.225558093972666,122.25558093972666,0.0,0.11238346997860278,0.0,10.0,2.0,0.0,0.0,1.0,0.0
H1_45,M,False,4-1-3-2,5,0,0,0,0,0,4,1,3,2,44,0.0,37.02086264189887,2.0,1.0,1.0,0,4,2,10,3,11,2.0,0.13333333333333333,0.4,0.4666666666666667,0.0,0.16,0.6,16.852937435047576,67.4117497401903,0.2745876110958395,0.206901928912789,0.0,4.0,0.5,1.5,1.0,0.5,0.5
H2_15,M,False,4-1-3-2,6,0,0,0,0,0,4,1,3,2,59,0.0,10.082734883720931,2.0,0.0,1.0,0,5,2,11,4,15,2.0,0.13513513513513514,0.35135135135135137,0.5135135135135135,0.0,0.16129032258064516,0.6666666666666666,17.671016745005613,61.84855860751964,0.08151147828443538,0.13112431692165566,0.0,3.5,0.5,0.5,0.5,0.5,0.0
H2_30,M,False,4-1-3-2,6,0,0,0,0,0,4,1,3,2,74,0.0,11.956470588235293,1.0,0.0,0.0,0,6,2,13,4,16,2.0,0.14634146341463414,0.36585365853658536,0.4878048780487805,0.0,0.17142857142857143,0.6666666666666666,10.89104718966534,21.78209437933068,0.2744564039622597,0.0,0.0,2.0,0.0,0.5,0.5,0.0,0.0
H1_15,D,False,4-1-3-2,1,0,0,0,0,0,4,1,3,2,14,0.0,20.3749,1.0,0.0,1.0,0,1,0,1,1,2,1.0,0.2,0.2,0.6,0.0,0.25,1.0,12.284841303391444,61.42420651695722,0.3317079886799214,0.11814435201404966,0.0,5.0,1.0,1.0,1.0,1.0,0.0
H1_30,D,False,4-1-3-2,1,0,0,0,0,0,4,1,3,2,29,0.0,0.0,0.0,0.0,0.0,0,1,0,1,1,3,1.0,0.16666666666666666,0.16666666666666666,0.6666666666666666,0.0,0.2,1.0,10.112478260869567,10.112478260869567,0.0,0.0,0.0,1.0,0.0,0.0,0.0,0.0,0.0
H1_45,D,False,4-1-3-2,2,0,0,0,0,0,4,1,3,2,44,0.0,10.84577272727273,1.0,0.0,1.0,0,2,1,2,1,3,1.0,0.2222222222222222,0.3333333333333333,0.4444444444444444,0.0,0.2857142857142857,0.5,15.34045392236179,46.021361767085374,0.23566822690217873,0.43828503788734635,0.0,3.0,1.0,1.0,1.0,1.0,0.0
H2_15,D,False,4-1-3-2,3,0,0,0,0,0,4,1,3,2,59,0.0,0.0,1.0,0.0,0.0,0,2,1,2,2,5,2.0,0.16666666666666666,0.25,0.5833333333333334,0.0,0.2222222222222222,0.6666666666666666,19.764283748368836,29.646425622553256,0.0,0.2679063400672904,0.0,1.5,0.5,0.0,0.0,0.5,0.0
H2_30,D,False,4-1-3-2,4,1,0,1,1,0,4,1,3,2,74,0.0,0.0,1.0,0.0,1.0,0,2,2,4,2,5,2.0,0.13333333333333333,0.4,0.4666666666666667,0.0,0.18181818181818182,0.5,10.483155050505049,31.44946515151515,0.0,0.4585753662429197,0.0,3.0,1.0,0.0,0.0,1.0,0.0
H1_15,M,False,4-1-3-2,2,0,0,0,0,0,4,1,3,2,14,8.065544827586205,7.54916129032258,2.0,1.0,1.0,1,1,1,4,0,2,2.0,0.2222222222222222,0.5555555555555556,0.2222222222222222,0.5,0.14285714285714285,0.0,12.669048416477642,57.010717874149385,0.13694535606776695,0.31570676031020123,8.065544827586205,4.5,1.0,1.0,0.5,0.5,0.5
H1_30,M,False,4-1-3-2,6,0,0,0,0,0,4,1,3,2,29,33.504717757009345,0.0,1.0,0.0,1.0,2,1,3,9,1,4,2.0,0.15,0.6,0.25,0.3333333333333333,0.07142857142857142,0.16666666666666666,19.11572417333615,105.13648295334883,0.15933915999394835,0.417037609104827,33.504717757009345,5.5,2.0,0.5,0.5,1.0,0.0
H1_45,M,False,4-1-3-2,8,0,0,0,0,0,4,1,3,2,44,22.910940259740265,37.982354723253756,1.0,1.0,1.0,3,4,4,12,1,5,2.0,0.2413793103448276,0.5517241379310345,0.20689655172413793,0.375,0.19047619047619047,0.125,15.046171660179365,67.70777247080714,0.4496772878567874,0.25854550358184974,22.910940259740265,4.5,1.0,2.0,0.5,0.5,0.5
H2_15,M,False,4-1-3-2,9,0,0,0,0,0,4,1,3,2,59,0.0,72.77831392073688,2.0,1.0,1.0,3,7,5,15,1,9,2.0,0.25,0.5,0.25,0.3333333333333333,0.22580645161290322,0.1111111111111111,13.46924784845936,74.08086316652648,0.4912085983470414,0.06082601575349976,0.0,5.5,0.5,1.5,1.0,0.5,0.5
H2_30,M,False,4-1-3-2,11,0,0,0,0,0,4,1,3,2,74,0.0,27.043410317460314,2.0,0.0,1.0,3,9,6,19,2,10,2.0,0.24489795918367346,0.5102040816326531,0.24489795918367346,0.2727272727272727,0.23684210526315788,0.18181818181818182,13.277397187512817,59.748287343807675,0.22631117576513343,0.2047240457408497,0.0,4.5,1.0,1.0,1.0,0.5,0.0
H1_15,M,False,4-1-3-2,1,1,1,1,1,0,4,1,3,2,14,16.34728421052632,11.212666,2.0,1.0,1.0,1,2,0,5,0,2,2.0,0.3,0.5,0.2,1.0,0.2222222222222222,0.0,10.881141998403656,54.40570999201828,0.25328178066759505,0.15023500486368604,16.34728421052632,5.0,0.5,1.5,1.0,0.5,0.5
H1_30,M,False,4-1-3-2,2,1,1,1,1,0,4,1,3,2,29,15.516862745098038,20.167912179487182,2.0,1.0,1.0,2,4,0,7,0,3,2.0,0.375,0.4375,0.1875,1.0,0.2857142857142857,0.0,11.018935212298596,33.05680563689579,0.539749292725917,0.2346999724586086,15.516862745098038,3.0,0.5,1.5,1.0,0.5,0.5
H1_45,M,False,4-1-3-2,3,1,1,1,1,0,4,1,3,2,44,0.0,37.8236886631016,2.0,1.0,1.0,2,7,1,9,0,3,2.0,0.4090909090909091,0.45454545454545453,0.13636363636363635,0.6666666666666666,0.3684210526315789,0.0,18.983168145565912,56.94950443669774,0.33208092886167734,0.25140622267800444,0.0,3.0,0.5,1.5,1.0,0.5,0.5
H2_15,M,False,4-1-3-2,4,1,1,1,1,0,4,1,3,2,59,0.0,19.74302337662338,1.0,0.0,1.0,2,8,1,9,1,6,2.0,0.37037037037037035,0.37037037037037035,0.25925925925925924,0.5,0.34782608695652173,0.25,10.405761690232392,52.028808451161964,0.3794633005127462,0.15336543209797396,0.0,5.0,1.0,1.0,1.0,1.0,0.0
H2_15,A,False,4-1-3-2,0,0,0,0,0,0,4,1,3,2,2,0.0,0.0,0.0,0.0,0.0,0,0,0,0,0,1,1.0,0.0,0.0,1.0,0.0,0.0,0.0,14.704867796610172,14.704867796610172,0.0,0.0,0.0,1.0,0.0,0.0,0.0,0.0,0.0
H2_30,A,False,4-1-3-2,4,0,0,0,0,0,4,1,3,2,17,28.156351648351645,60.472285908542425,2.0,2.0,2.0,1,5,3,4,0,2,2.0,0.4,0.4666666666666667,0.13333333333333333,0.25,0.45454545454545453,0.0,12.757758351415713,89.30430845990999,0.49621703076442697,0.3638142332488227,28.156351648351645,7.0,2.0,3.0,1.0,1.0,1.0
H1_15,A,False,4-1-3-2,4,0,0,0,0,0,4,1,3,2,14,0.0,16.540851111111117,2.0,1.0,2.0,0,2,3,7,1,2,2.0,0.13333333333333333,0.6666666666666666,0.2,0.0,0.18181818181818182,0.25,9.876484086410073,74.07363064807555,0.11165141337338277,0.41875377323949814,0.0,7.5,2.0,1.0,0.5,1.0,0.5
H1_30,A,False,4-1-3-2,7,0,0,0,0,0,4,1,3,2,29,37.114061813633526,22.703614236509758,2.0,2.0,2.0,3,4,3,9,1,3,2.0,0.30434782608695654,0.5217391304347826,0.17391304347826086,0.42857142857142855,0.25,0.14285714285714285,10.717535191527638,42.87014076611055,0.6976612973642252,0.4328661062266993,12.371353937877842,4.0,1.5,2.5,1.0,1.0,1.0
H1_45,A,False,4-1-3-2,8,0,0,0,0,0,4,1,3,2,44,11.19811282051282,42.109920178628386,2.0,2.0,1.0,4,8,3,15,1,5,2.0,0.3333333333333333,0.5,0.16666666666666666,0.5,0.2857142857142857,0.125,10.206756931067986,66.34392005194191,0.40175522457374646,0.08439441633646012,11.19811282051282,6.5,0.5,2.5,1.0,0.5,1.0
H1_15,A,False,4-1-3-2,0,0,0,0,0,0,4,1,3,2,14,0.0,46.548811769991005,1.0,0.0,0.0,0,2,0,0,0,1,2.0,0.6666666666666666,0.0,0.3333333333333333,0.0,0.6666666666666666,0.0,17.310958589997004,25.966437884995507,0.8963264806700509,0.0,0.0,1.5,0.0,1.0,1.0,0.0,0.0
H1_30,A,False,4-1-3-2,1,1,0,0,1,0,4,1,3,2,29,11.676989999999998,53.28690576659609,2.0,2.0,1.0,1,6,0,0,0,1,2.0,0.875,0.0,0.125,1.0,0.8571428571428571,0.0,12.992779153319216,32.48194788329804,1.0000000000000002,0.17974583978081274,11.676989999999998,2.5,0.5,2.5,1.0,0.5,1.0
H1_45,A,False,4-1-3-2,2,1,0,0,1,0,4,1,3,2,44,0.0,24.204458188153307,2.0,1.0,1.0,1,9,1,3,0,1,2.0,0.6666666666666666,0.26666666666666666,0.06666666666666667,0.5,0.6923076923076923,0.0,13.150775190598702,46.027713167095456,0.262933529852801,0.21168492770772185,0.0,3.5,0.5,1.5,1.0,0.5,0.5
H2_15,A,False,4-1-3-2,3,1,0,0,1,0,4,1,3,2,59,17.05353571428572,27.4988398970399,2.0,1.0,1.0,2,11,1,4,0,2,2.0,0.65,0.25,0.1,0.6666666666666666,0.6470588235294118,0.0,14.45582310891696,36.1395577722924,0.6163934806845255,0.23594001650125868,17.05353571428572,2.5,0.5,1.5,1.0,0.5,0.5
H1_15,M,False,4-1-3-2,4,0,0,0,0,0,4,1,3,2,14,7.390933333333334,22.685813001616417,1.0,1.0,1.0,1,3,2,6,1,2,2.0,0.26666666666666666,0.5333333333333333,0.2,0.25,0.2727272727272727,0.25,8.655686424808342,64.91764818606256,0.23165308028986062,0.38170706959967365,7.390933333333334,7.5,2.0,2.0,0.5,0.5,0.5
H1_30,M,False,4-1-3-2,8,0,0,0,0,0,4,1,3,2,29,28.06294406926407,48.52349857262955,2.0,2.0,2.0,3,7,3,13,2,3,2.0,0.3225806451612903,0.5161290322580645,0.16129032258064516,0.375,0.30434782608695654,0.25,13.680352186900748,109.44281749520599,0.34989250274577594,0.3252369979303598,14.031472034632035,8.0,2.0,3.0,1.0,1.0,1.0
H1_45,M,False,4-1-3-2,9,0,0,0,0,0,4,1,3,2,44,0.0,31.60568631211857,1.0,1.0,1.0,3,10,4,14,2,3,2.0,0.3611111111111111,0.5,0.1388888888888889,0.3333333333333333,0.37037037037037035,0.2222222222222222,16.50669375915574,41.26673439788935,0.3829438744459398,0.3193163310469312,0.0,2.5,0.5,1.5,0.5,0.5,0.5
H2_15,M,False,4-1-3-2,10,0,0,0,0,0,4,1,3,2,59,0.0,0.0,2.0,0.0,1.0,3,10,5,17,2,8,2.0,0.28888888888888886,0.4888888888888889,0.2222222222222222,0.3,0.2857142857142857,0.2,16.216804651788888,72.97562093305,0.0,0.09983761572490256,0.0,4.5,0.5,0.0,0.0,0.5,0.0
H2_30,M,False,4-1-3-2,12,0,0,0,0,0,4,1,3,2,74,12.686734883720932,27.304725395147486,2.0,2.0,2.0,4,14,6,19,2,9,2.0,0.3333333333333333,0.46296296296296297,0.2037037037037037,0.3333333333333333,0.3333333333333333,0.16666666666666666,9.37838984232544,42.20275429046448,0.473801543894782,0.24138716364414944,12.686734883720932,4.5,1.0,2.5,1.0,1.0,1.0
H1_15,D,False,4-1-3-2,1,0,0,0,0,0,4,1,3,2,14,0.0,0.0,1.0,0.0,1.0,0,0,0,3,1,1,2.0,0.0,0.6,0.4,0.0,0.0,1.0,9.685760144673255,24.214400361683136,0.0,0.303436237150806,0.0,2.5,0.5,0.0,0.0,0.5,0.0
H1_30,D,False,4-1-3-2,1,0,0,0,0,0,4,1,3,2,29,0.0,0.0,1.0,0.0,0.0,0,0,0,6,1,3,2.0,0.0,0.6,0.4,0.0,0.0,1.0,13.410455734484936,67.05227867242468,0.0,0.0,0.0,5.0,0.0,0.0,0.0,0.0,0.0
H1_45,D,False,4-1-3-2,3,1,1,1,1,0,4,1,3,2,44,38.26804285714285,18.711789743589744,1.0,1.0,1.0,1,1,0,7,2,3,2.0,0.14285714285714285,0.5,0.35714285714285715,0.3333333333333333,0.09090909090909091,0.6666666666666666,22.659355939298795,90.63742375719518,0.6286567980283011,0.5373741607471827,38.26804285714285,4.0,2.0,2.0,1.0,1.0,1.0
H2_15,D,False,4-1-3-2,6,1,1,1,1,0,4,1,3,2,59,8.8198875,20.129723142857145,1.0,1.0,1.0,2,3,0,9,4,5,2.0,0.21739130434782608,0.391304347826087,0.391304347826087,0.3333333333333333,0.17647058823529413,0.6666666666666666,10.479327636210376,47.15697436294669,0.30694940710195484,0.42941834944615154,8.8198875,4.5,1.5,1.5,0.5,0.5,0.5
H2_30,D,False,4-1-3-2,6,2,1,2,2,0,4,1,3,2,74,0.0,0.0,0.0,0.0,0.0,2,3,0,9,4,6,2.0,0.20833333333333334,0.375,0.4166666666666667,0.3333333333333333,0.16666666666666666,0.6666666666666666,8.599578947368421,8.599578947368421,0.0,0.0,0.0,1.0,0.0,0.0,0.0,0.0,0.0
H2_30,A,False,4-1-3-2,3,1,0,1,1,0,4,1,3,2,11,12.680323809523806,28.446566956521742,2.0,1.0,2.0,1,2,2,3,0,0,2.0,0.375,0.625,0.0,0.3333333333333333,0.4,0.0,12.609271783810028,50.43708713524011,0.40770485670365386,0.47296908923504594,12.680323809523806,4.0,1.5,1.5,1.0,1.0,0.5
H2_30,M,False,4-1-3-2,1,0,0,0,0,0,4,1,3,2,11,0.0,0.0,1.0,0.0,1.0,0,0,1,2,0,0,1.0,0.0,1.0,0.0,0.0,0.0,0.0,17.088915564839738,51.26674669451921,0.0,0.4389252282231582,0.0,3.0,1.0,0.0,0.0,1.0,0.0
H1_15,D,True,4-2-3-1,1,0,0,0,0,0,4,2,3,1,14,0.0,0.0,1.0,0.0,1.0,0,0,1,2,0,2,1.0,0.0,0.6,0.4,0.0,0.0,0.0,9.565319233037384,47.82659616518692,0.0,0.28927907153476307,0.0,5.0,1.0,0.0,0.0,1.0,0.0
H1_30,D,True,4-2-3-1,2,0,0,0,0,0,4,2,3,1,29,0.0,22.750021538461535,1.0,0.0,1.0,0,2,1,3,1,4,2.0,0.18181818181818182,0.36363636363636365,0.45454545454545453,0.0,0.2222222222222222,0.5,20.190297510351968,60.570892531055904,0.18779665106302623,0.16306223314995655,0.0,3.0,0.5,1.0,1.0,0.5,0.0
H1_45,D,True,4-2-3-1,3,0,0,0,0,0,4,2,3,1,44,0.0,18.96157894736842,1.0,0.0,1.0,0,3,1,5,2,5,2.0,0.1875,0.375,0.4375,0.0,0.23076923076923078,0.6666666666666666,13.331019651907544,33.32754912976886,0.2844730477110233,0.21400463539124528,0.0,2.5,0.5,0.5,0.5,0.5,0.0
H2_15,D,True,4-2-3-1,4,0,0,0,0,0,4,2,3,1,59,0.0,6.345384615384616,2.0,0.0,1.0,0,4,2,9,2,7,2.0,0.16666666666666666,0.4583333333333333,0.375,0.0,0.2,0.5,14.124081485870601,56.496325943482404,0.056157497938294165,0.09725252332172422,0.0,4.0,0.5,0.5,0.5,0.5,0.0
H2_30,D,True,4-2-3-1,5,0,0,0,0,0,4,2,3,1,74,7.265,13.145656140350876,1.0,1.0,1.0,1,5,2,11,2,9,2.0,0.2,0.43333333333333335,0.36666666666666664,0.2,0.2,0.4,12.015913484641532,72.0954809078492,0.28310590183092493,0.10076914542377431,7.265,6.0,1.0,2.0,1.0,1.0,1.0
H1_15,D,True,4-2-3-1,4,0,0,0,0,0,4,2,3,1,14,31.369886186020913,74.00185096874135,2.0,2.0,2.0,2,6,2,3,0,1,2.0,0.5714285714285714,0.35714285714285715,0.07142857142857142,0.5,0.6,0.0,12.584396263365198,88.09077384355639,0.5980861136598468,0.2629722838289476,15.684943093010457,7.0,2.0,4.0,1.0,1.0,1.0
H1_30,D,True,4-2-3-1,6,0,0,0,0,0,4,2,3,1,29,20.114116923076924,25.02187230046949,2.0,1.0,2.0,3,8,2,7,1,5,2.0,0.4230769230769231,0.34615384615384615,0.23076923076923078,0.5,0.4,0.16666666666666666,15.184420877425046,91.10652526455027,0.24770996968923428,0.3115443579223856,20.114116923076924,6.0,1.0,1.5,0.5,1.0,0.5
H1_45,D,True,4-2-3-1,8,0,0,0,0,0,4,2,3,1,44,18.00286666666667,49.41583231172835,2.0,2.0,2.0,4,12,3,8,1,8,2.0,0.4444444444444444,0.3055555555555556,0.25,0.5,0.42857142857142855,0.125,13.887735399604404,69.43867699802202,0.4854549502744375,0.32380590702382295,18.00286666666667,5.0,1.0,2.5,1.0,1.0,1.0
H2_15,D,True,4-2-3-1,9,0,0,0,0,0,4,2,3,1,59,0.0,69.49808528533802,2.0,2.0,1.0,4,16,4,11,1,10,2.0,0.43478260869565216,0.32608695652173914,0.2391304347826087,0.4444444444444444,0.43243243243243246,0.1111111111111111,15.592176811838915,77.96088405919457,0.44572407126995334,0.09378257618869726,0.0,5.0,0.5,2.0,1.0,0.5,1.0
H2_30,D,True,4-2-3-1,13,0,0,0,0,0,4,2,3,1,74,23.78661818181817,47.14748261662041,2.0,2.0,2.0,5,23,7,17,1,12,2.0,0.4307692307692308,0.36923076923076925,0.2,0.38461538461538464,0.4423076923076923,0.07692307692307693,15.350811191269573,145.83270631706094,0.2432036769729069,0.4495427501044816,23.78661818181817,9.5,2.0,4.0,1.0,1.0,1.0
H1_15,D,True,4-2-3-1,1,0,0,0,0,0,4,2,3,1,14,0.0,0.0,1.0,0.0,1.0,0,0,0,5,1,1,2.0,0.0,0.7142857142857143,0.2857142857142857,0.0,0.0,1.0,13.381145940701481,46.83401079245518,0.0,0.09664667703157076,0.0,3.5,0.5,0.0,0.0,0.5,0.0
H1_30,D,True,4-2-3-1,3,0,0,0,0,0,4,2,3,1,29,10.613555555555555,0.0,2.0,0.0,2.0,1,0,0,7,2,5,2.0,0.06666666666666667,0.4666666666666667,0.4666666666666667,0.3333333333333333,0.0,0.6666666666666666,12.855610770389749,51.422443081558995,0.1031996431861652,0.1989928359014005,10.613555555555555,4.0,1.0,0.5,0.5,1.0,0.0
H1_45,D,True,4-2-3-1,5,0,0,0,0,0,4,2,3,1,44,0.0,13.999071428571428,1.0,0.0,1.0,1,1,2,9,2,7,2.0,0.09090909090909091,0.5,0.4090909090909091,0.2,0.058823529411764705,0.4,12.913952320483748,45.19883312169312,0.15486098270369497,0.344927556756781,0.0,3.5,1.0,0.5,0.5,0.5,0.0
H2_15,D,True,4-2-3-1,8,0,0,0,0,0,4,2,3,1,59,9.59678823529412,10.574786153846155,2.0,1.0,2.0,2,3,3,14,3,8,2.0,0.15151515151515152,0.5151515151515151,0.3333333333333333,0.25,0.12,0.375,10.182727200475984,56.004999602617914,0.18008726481802678,0.31450845065646327,9.59678823529412,5.5,1.5,1.5,1.0,1.0,0.5
H2_30,D,True,4-2-3-1,8,0,0,0,0,0,4,2,3,1,74,0.0,13.289651851851852,1.0,0.0,0.0,2,4,3,18,3,9,2.0,0.15384615384615385,0.5384615384615384,0.3076923076923077,0.25,0.12903225806451613,0.375,14.717265502229393,88.30359301337636,0.1504995595121335,0.0,0.0,6.0,0.0,1.0,1.0,0.0,0.0
H1_15,D,True,4-2-3-1,2,0,0,0,0,0,4,2,3,1,14,0.0,9.985557333333333,2.0,0.0,1.0,0,2,2,5,0,1,2.0,0.2,0.7,0.1,0.0,0.25,0.0,10.578468942112895,52.89234471056447,0.09439510942439713,0.35117883164048497,0.0,5.0,1.0,1.0,1.0,0.5,0.0
H1_30,D,True,4-2-3-1,3,0,0,0,0,0,4,2,3,1,29,0.0,15.622902857142854,1.0,0.0,1.0,0,4,2,6,1,4,2.0,0.23529411764705882,0.47058823529411764,0.29411764705882354,0.0,0.2857142857142857,0.3333333333333333,14.579919364372492,51.02971777530372,0.1530765163735992,0.14964894436320375,0.0,3.5,0.5,1.0,1.0,0.5,0.0
H1_45,D,True,4-2-3-1,4,1,0,1,1,0,4,2,3,1,44,0.0,56.22530117647059,2.0,1.0,1.0,0,8,3,7,1,6,2.0,0.32,0.4,0.28,0.0,0.38095238095238093,0.25,14.403202122997484,57.61280849198994,0.4879583433628977,0.25443483034987285,0.0,4.0,0.5,2.0,1.0,0.5,0.5
H2_15,D,True,4-2-3-1,6,1,0,1,1,0,4,2,3,1,59,18.14092666666667,16.710357333333334,2.0,1.0,1.0,1,10,4,12,1,9,2.0,0.2972972972972973,0.43243243243243246,0.2702702702702703,0.16666666666666666,0.3225806451612903,0.16666666666666666,13.34189905177007,80.05139431062042,0.2176806806435368,0.26612003680207846,18.14092666666667,6.0,1.0,1.5,0.5,0.5,0.5
H2_30,D,True,4-2-3-1,7,1,0,1,1,0,4,2,3,1,74,0.0,47.83049500809268,1.0,1.0,1.0,1,14,5,13,1,9,2.0,0.3488372093023256,0.4186046511627907,0.23255813953488372,0.14285714285714285,0.3888888888888889,0.14285714285714285,15.96589549280177,47.89768647840531,0.4992985937813205,0.4005471122002873,0.0,3.0,0.5,2.0,1.0,0.5,0.5
H1_15,M,True,4-2-3-1,1,0,0,0,0,0,4,2,3,1,14,0.0,49.57615158758699,2.0,1.0,1.0,0,5,1,3,0,2,2.0,0.45454545454545453,0.36363636363636365,0.18181818181818182,0.0,0.5,0.0,14.221298635915725,78.21714249753649,0.31691359467106867,0.04192708352609474,0.0,5.5,0.5,2.5,1.0,0.5,0.5
H1_30,M,True,4-2-3-1,1,1,1,1,1,0,4,2,3,1,29,0.0,38.716839126984134,2.0,2.0,0.0,0,10,1,3,0,6,2.0,0.5,0.2,0.3,0.0,0.5263157894736842,0.0,11.985689520047082,53.935602840211864,0.3589172743807609,0.0,0.0,4.5,0.0,2.5,1.0,0.0,1.0
H1_45,M,True,4-2-3-1,2,2,1,2,2,0,4,2,3,1,44,0.0,10.768304347826083,2.0,0.0,1.0,0,11,2,7,0,6,2.0,0.4230769230769231,0.34615384615384615,0.23076923076923078,0.0,0.4583333333333333,0.0,9.66935642941687,29.00806928825061,0.18560877390395064,0.1290077815755366,0.0,3.0,0.5,0.5,0.5,0.5,0.0
H2_15,M,True,4-2-3-1,3,2,1,2,2,0,4,2,3,1,59,14.273503999999996,23.3423055028463,2.0,1.0,1.0,1,13,2,12,0,7,2.0,0.4,0.4,0.2,0.3333333333333333,0.40625,0.0,13.13473814527341,59.10632165373034,0.31820462219942824,0.12074430958180901,14.273503999999996,4.5,0.5,1.5,0.5,0.5,0.5
H2_30,M,True,4-2-3-1,3,3,1,3,3,0,4,2,3,1,74,0.0,5.062678260869564,1.0,0.0,0.0,1,14,2,14,0,7,2.0,0.39473684210526316,0.42105263157894735,0.18421052631578946,0.3333333333333333,0.4,0.0,22.455006320056754,67.36501896017026,0.07515292564324647,0.0,0.0,3.0,0.0,1.0,1.0,0.0,0.0
H1_15,A,True,4-2-3-1,3,1,1,1,1,1,4,2,3,1,14,53.59666769230769,59.10096048962532,2.0,2.0,2.0,3,4,0,2,0,0,2.0,0.7777777777777778,0.2222222222222222,0.0,1.0,0.6666666666666666,0.0,14.853397134853228,66.84028710683953,0.8430366853585902,0.4009308608043317,17.865555897435897,4.5,1.5,3.5,1.0,1.0,1.0
H1_30,A,True,4-2-3-1,3,2,2,1,2,1,4,2,3,1,29,0.0,62.01710147024425,2.0,2.0,0.0,3,9,0,3,0,0,2.0,0.8,0.2,0.0,1.0,0.75,0.0,12.729512233344801,38.188536700034405,0.8119858317350555,0.0,0.0,3.0,0.0,2.5,1.0,0.0,1.0
H1_45,A,True,4-2-3-1,6,4,4,2,4,0,4,2,3,1,44,55.61409204287933,72.29973063901689,2.0,2.0,2.0,6,15,1,8,0,0,2.0,0.7,0.3,0.0,0.8571428571428571,0.6521739130434783,0.0,12.960221184838753,97.20165888629064,0.6579816854336487,0.338014398968122,18.538030680959775,7.5,2.0,4.5,1.0,1.0,1.0
H2_15,A,True,4-2-3-1,11,6,4,4,5,0,4,2,3,1,59,8.541677419354839,91.62687271815473,2.0,2.0,2.0,7,23,4,11,0,1,2.0,0.6521739130434783,0.32608695652173914,0.021739130434782608,0.6363636363636364,0.6571428571428571,0.0,13.966004430183396,111.72803544146717,0.4482695401459311,0.27246624312659645,8.541677419354839,8.0,2.0,4.5,1.0,1.0,1.0
H1_15,M,True,4-2-3-1,1,0,0,0,0,1,4,2,3,1,14,24.172499999999996,29.076752036613268,2.0,1.0,1.0,1,2,0,4,0,1,2.0,0.375,0.5,0.125,1.0,0.2857142857142857,0.0,18.230281096131744,72.92112438452698,0.3651154071337396,0.1657441530422227,24.172499999999996,4.0,0.5,1.5,1.0,0.5,0.5
H1_30,M,True,4-2-3-1,2,1,0,0,1,1,4,2,3,1,29,8.539354838709677,87.96682023364157,2.0,2.0,1.0,2,11,0,6,0,2,2.0,0.6190476190476191,0.2857142857142857,0.09523809523809523,1.0,0.5789473684210527,0.0,9.958494337344813,64.73021319274129,0.74544922928798,0.06596112091646303,8.539354838709677,6.5,0.5,5.0,1.0,0.5,1.0
H1_45,M,True,4-2-3-1,3,1,0,0,1,1,4,2,3,1,44,36.24756206896552,68.31167968556701,2.0,2.0,2.0,4,15,0,11,0,2,2.0,0.59375,0.34375,0.0625,1.0,0.5357142857142857,0.0,13.67197055568489,75.1958380562669,0.6952462028303603,0.24102106583241023,18.12378103448276,5.5,1.0,3.0,1.0,1.0,1.0
H2_15,M,True,4-2-3-1,5,2,1,0,2,1,4,2,3,1,59,9.72128,89.22993215600145,2.0,2.0,1.0,5,22,0,17,0,3,2.0,0.574468085106383,0.3617021276595745,0.06382978723404255,1.0,0.5238095238095238,0.0,13.869578084325196,104.02183563243898,0.4756271197984115,0.04672711234567197,9.72128,7.5,0.5,4.0,1.0,0.5,1.0
H2_30,M,True,4-2-3-1,7,2,1,0,2,1,4,2,3,1,74,18.893833393829404,64.15316502454596,2.0,1.0,1.0,7,29,0,19,0,4,2.0,0.6101694915254238,0.3220338983050847,0.06779661016949153,1.0,0.5576923076923077,0.0,12.456827236321494,74.74096341792897,0.5555654798962221,0.12639543651705942,9.446916696914702,6.0,1.0,4.5,1.0,0.5,0.5
H2_30,A,True,4-2-3-1,2,1,1,1,1,0,4,2,3,1,2,24.43678095238095,28.656210248840765,2.0,2.0,2.0,2,4,0,2,0,0,2.0,0.75,0.25,0.0,1.0,0.6666666666666666,0.0,9.145668005724561,36.582672022898244,0.7256576442528465,0.33399393211470724,12.218390476190475,4.0,1.0,3.0,1.0,1.0,1.0
H1_15,M,True,4-2-3-1,3,1,0,1,1,0,4,2,3,1,14,53.15469125784702,63.91333799606148,2.0,2.0,1.0,3,6,0,4,0,0,2.0,0.6923076923076923,0.3076923076923077,0.0,1.0,0.6,0.0,11.101449170738995,72.15941960980346,0.8111763501351928,0.36831429316696934,17.71823041928234,6.5,1.5,4.5,1.0,0.5,1.0
H1_30,M,True,4-2-3-1,5,1,0,1,1,0,4,2,3,1,29,0.0,36.28273772005771,2.0,1.0,1.0,3,9,2,9,0,1,2.0,0.5,0.4583333333333333,0.041666666666666664,0.6,0.47368421052631576,0.0,9.669927862132061,53.184603241726336,0.34110189329749335,0.2547826731550051,0.0,5.5,1.0,1.5,1.0,0.5,0.5
H1_45,M,True,4-2-3-1,6,1,0,1,1,0,4,2,3,1,44,46.75024817518248,44.23082387820513,1.0,1.0,1.0,4,12,2,12,0,1,2.0,0.5161290322580645,0.45161290322580644,0.03225806451612903,0.6666666666666666,0.48,0.0,18.335226471933737,64.17329265176808,0.7088702191664847,0.36425003489278207,46.75024817518248,3.5,0.5,2.0,1.0,0.5,0.5
H2_15,M,True,4-2-3-1,9,3,0,3,3,0,4,2,3,1,59,38.899385347985344,121.77934102681631,2.0,2.0,1.0,6,20,3,17,0,2,2.0,0.5416666666666666,0.4166666666666667,0.041666666666666664,0.6666666666666666,0.5128205128205128,0.0,15.310808312663358,130.14187065763855,0.6173214107145262,0.2731199386730958,19.449692673992672,8.5,1.5,5.0,1.0,0.5,1.0
H2_30,M,True,4-2-3-1,3,0,0,0,0,0,4,2,3,1,14,0.0,87.18401666969076,2.0,1.0,2.0,0,7,2,5,1,1,2.0,0.4375,0.4375,0.125,0.0,0.5384615384615384,0.3333333333333333,14.856846191131666,118.85476952905333,0.3667670090781639,0.31082093112218734,0.0,8.0,1.5,3.5,1.0,1.0,0.5
H1_15,G,True,4-2-3-1,0,0,0,0,0,0,4,2,3,1,14,0.0,0.0,0.0,0.0,0.0,0,0,0,0,0,0,0.0,0.0,0.0,0.0,0.0,0.0,0.0,0.0,0.0,0.0,0.0,0.0,0.0,0.0,0.0,0.0,0.0,0.0
H1_30,G,True,4-2-3-1,0,0,0,0,0,0,4,2,3,1,29,0.0,0.0,0.0,0.0,0.0,0,0,0,0,0,0,0.0,0.0,0.0,0.0,0.0,0.0,0.0,0.0,0.0,0.0,0.0,0.0,0.0,0.0,0.0,0.0,0.0,0.0
H1_45,G,True,4-2-3-1,0,0,0,0,0,0,4,2,3,1,44,0.0,0.0,0.0,0.0,0.0,0,0,0,0,0,0,0.0,0.0,0.0,0.0,0.0,0.0,0.0,0.0,0.0,0.0,0.0,0.0,0.0,0.0,0.0,0.0,0.0,0.0
H2_15,G,True,4-2-3-1,0,0,0,0,0,0,4,2,3,1,59,0.0,0.0,0.0,0.0,0.0,0,0,0,0,0,0,0.0,0.0,0.0,0.0,0.0,0.0,0.0,0.0,0.0,0.0,0.0,0.0,0.0,0.0,0.0,0.0,0.0,0.0
H2_30,G,True,4-2-3-1,0,0,0,0,0,0,4,2,3,1,74,0.0,0.0,0.0,0.0,0.0,0,0,0,0,0,0,0.0,0.0,0.0,0.0,0.0,0.0,0.0,0.0,0.0,0.0,0.0,0.0,0.0,0.0,0.0,0.0,0.0,0.0
H1_15,M,True,4-2-3-1,2,0,0,0,0,0,4,2,3,1,14,0.0,20.90592,2.0,0.0,1.0,0,1,1,3,1,1,2.0,0.14285714285714285,0.5714285714285714,0.2857142857142857,0.0,0.2,0.5,10.902295477282355,38.15803417048824,0.27393864037378557,0.3448441840454694,0.0,3.5,1.0,0.5,0.5,0.5,0.0
H1_30,M,True,4-2-3-1,3,0,0,0,0,0,4,2,3,1,29,0.0,0.0,1.0,0.0,1.0,0,1,1,4,2,4,2.0,0.08333333333333333,0.4166666666666667,0.5,0.0,0.1111111111111111,0.6666666666666666,20.045896501601185,100.22948250800593,0.0,0.05627846980364629,0.0,5.0,1.0,0.0,0.0,1.0,0.0
H1_45,M,True,4-2-3-1,3,0,0,0,0,0,4,2,3,1,44,0.0,12.180224,1.0,0.0,0.0,0,2,1,5,2,4,2.0,0.14285714285714285,0.42857142857142855,0.42857142857142855,0.0,0.18181818181818182,0.6666666666666666,8.682978666666667,17.365957333333334,0.7013851160753745,0.0,0.0,2.0,0.0,1.0,1.0,0.0,0.0
H2_15,M,True,4-2-3-1,4,1,0,0,1,0,4,2,3,1,59,9.20855,23.396098825831704,2.0,1.0,1.0,1,4,1,10,2,8,2.0,0.19230769230769232,0.4230769230769231,0.38461538461538464,0.25,0.18181818181818182,0.5,12.802491192806032,76.8149471568362,0.21222854426535936,0.059939831639788346,9.20855,6.0,0.5,1.5,1.0,0.5,0.5
H2_30,M,True,4-2-3-1,6,1,0,0,1,0,4,2,3,1,74,0.0,30.82312473658417,2.0,1.0,2.0,1,7,3,14,2,9,2.0,0.2222222222222222,0.4722222222222222,0.3055555555555556,0.16666666666666666,0.23333333333333334,0.3333333333333333,11.88140412315427,59.40702061577135,0.2594232501234144,0.359337357721565,0.0,5.0,1.0,1.5,1.0,1.0,0.5
H1_15,M,True,4-2-3-1,4,0,0,0,0,0,4,2,3,1,14,46.63648246855346,11.871593979933113,2.0,1.0,2.0,2,2,1,4,1,1,2.0,0.36363636363636365,0.45454545454545453,0.18181818181818182,0.5,0.2857142857142857,0.25,13.958872854841298,76.77380070162714,0.38104194343505104,0.6605376896248804,23.31824123427673,5.5,2.0,2.0,0.5,1.0,0.5
H1_30,M,True,4-2-3-1,5,0,0,0,0,0,4,2,3,1,29,17.437876363636363,36.327400649616706,2.0,1.0,1.0,3,6,1,8,1,2,2.0,0.42857142857142855,0.42857142857142855,0.14285714285714285,0.6,0.375,0.2,10.232009062349107,51.160045311745534,0.5254615851650685,0.170424754878324,17.437876363636363,5.0,0.5,2.5,1.0,0.5,0.5
H1_45,M,True,4-2-3-1,6,0,0,0,0,0,4,2,3,1,44,52.90939877300613,52.759884829545456,2.0,2.0,1.0,4,9,2,10,1,3,2.0,0.4482758620689655,0.41379310344827586,0.13793103448275862,0.5714285714285714,0.4090909090909091,0.14285714285714285,20.34261198371699,81.37044793486795,0.6493099539474907,0.36036991359242115,52.90939877300613,4.0,1.0,2.0,1.0,0.5,1.0
H2_15,M,True,4-2-3-1,12,0,0,0,0,0,4,2,3,1,59,64.30254392262565,47.83838247823868,2.0,1.0,2.0,7,14,4,17,1,6,2.0,0.42857142857142855,0.42857142857142855,0.14285714285714285,0.5833333333333334,0.3783783783783784,0.08333333333333333,12.917395395988416,129.17395395988416,0.4340694194268081,0.41525816275171296,21.43418130754188,10.0,2.5,4.0,1.0,1.0,0.5
H2_30,A,True,4-2-3-1,2,0,0,0,0,1,4,2,3,1,2,8.301733333333335,76.12456266159197,2.0,1.0,2.0,1,5,1,1,0,0,2.0,0.75,0.25,0.0,0.5,0.8333333333333334,0.0,13.035913086322184,52.143652345288736,0.8095548757868449,0.2167640001858807,8.301733333333335,4.0,1.0,3.0,1.0,1.0,0.5
H1_15,D,False,4-3-3,2,0,0,0,0,0,4,3,3,0,14,0.0,0.0,1.0,0.0,1.0,0,0,0,1,2,3,2.0,0.0,0.16666666666666666,0.8333333333333334,0.0,0.0,1.0,9.57777793070432,28.733333792112962,0.0,0.40393604009033834,0.0,3.0,1.0,0.0,0.0,0.5,0.0
H1_30,D,False,4-3-3,2,0,0,0,0,0,4,3,3,0,29,0.0,0.0,0.0,0.0,0.0,0,0,0,1,2,4,2.0,0.0,0.14285714285714285,0.8571428571428571,0.0,0.0,1.0,33.19410724637682,33.19410724637682,0.0,0.0,0.0,1.0,0.0,0.0,0.0,0.0,0.0
H1_45,D,False,4-3-3,4,0,0,0,0,0,4,3,3,0,44,0.0,0.0,1.0,0.0,1.0,0,0,0,3,4,6,2.0,0.0,0.23076923076923078,0.7692307692307693,0.0,0.0,1.0,16.77210411842385,100.6326247105431,0.0,0.45591395978254345,0.0,6.0,2.0,0.0,0.0,1.0,0.0
H2_15,D,False,4-3-3,5,0,0,0,0,0,4,3,3,0,59,0.0,0.0,2.0,0.0,1.0,0,0,1,4,4,10,2.0,0.0,0.2631578947368421,0.7368421052631579,0.0,0.0,0.8,11.882107945860566,35.6463238375817,0.0,0.23710519519316478,0.0,3.0,0.5,0.0,0.0,0.5,0.0
H2_30,D,False,4-3-3,6,0,0,0,0,0,4,3,3,0,74,0.0,0.0,2.0,0.0,1.0,0,0,2,5,4,15,2.0,0.0,0.2692307692307692,0.7307692307692307,0.0,0.0,0.6666666666666666,14.08120343197452,49.284212011910824,0.0,0.29253663417639,0.0,3.5,0.5,0.0,0.0,0.5,0.0
H1_15,M,False,4-3-3,2,0,0,0,0,0,4,3,3,0,14,0.0,36.70817661900757,2.0,1.0,2.0,0,2,1,2,1,4,2.0,0.2,0.3,0.5,0.0,0.25,0.5,12.327174089756582,61.63587044878291,0.2977825765396684,0.19802662549376635,0.0,5.0,1.0,1.0,0.5,1.0,0.5
H1_30,M,False,4-3-3,4,0,0,0,0,0,4,3,3,0,29,0.0,6.270455172413794,2.0,0.0,2.0,0,3,3,5,1,7,2.0,0.15789473684210525,0.42105263157894735,0.42105263157894735,0.0,0.2,0.25,10.448821867905934,47.019698405576705,0.06667902373944294,0.2799823070494697,0.0,4.5,1.0,0.5,0.5,1.0,0.0
H1_45,M,False,4-3-3,5,0,0,0,0,0,4,3,3,0,44,0.0,0.0,2.0,0.0,1.0,0,3,3,9,2,11,2.0,0.10714285714285714,0.42857142857142855,0.4642857142857143,0.0,0.13043478260869565,0.4,10.339783784735523,46.52902703130985,0.0,0.09835137829799392,0.0,4.5,0.5,0.0,0.0,0.5,0.0
H2_15,M,False,4-3-3,6,0,0,0,0,0,4,3,3,0,59,0.0,20.864930232558144,2.0,0.0,1.0,0,4,4,12,2,17,2.0,0.10256410256410256,0.41025641025641024,0.48717948717948717,0.0,0.12121212121212122,0.3333333333333333,13.529903213194773,74.41446767257125,0.1401940434779784,0.09326691946253754,0.0,5.5,0.5,0.5,0.5,0.5,0.0
H2_30,M,False,4-3-3,7,0,0,0,0,0,4,3,3,0,74,0.0,0.0,2.0,0.0,1.0,0,4,4,17,3,19,2.0,0.0851063829787234,0.44680851063829785,0.46808510638297873,0.0,0.1,0.42857142857142855,15.179954623495519,60.719818493982075,0.0,0.0689245582491563,0.0,4.0,0.5,0.0,0.0,0.5,0.0
H1_15,A,False,4-3-3,3,1,0,1,1,0,4,3,3,0,14,0.0,9.640697435897437,2.0,0.0,2.0,0,1,1,2,2,2,2.0,0.125,0.375,0.5,0.0,0.2,0.6666666666666666,13.479887990310875,53.9195519612435,0.0893989015601151,0.44374780724890217,0.0,4.0,1.5,0.5,0.5,1.0,0.0
H1_30,A,False,4-3-3,6,1,0,1,1,0,4,3,3,0,29,31.20029118589744,15.809772307692306,2.0,1.0,1.0,3,2,1,5,2,2,2.0,0.3333333333333333,0.4,0.26666666666666666,0.5,0.2222222222222222,0.3333333333333333,12.567586101190477,37.70275830357143,0.6234300301728412,0.41376669227595964,15.60014559294872,3.5,1.5,2.0,0.5,0.5,0.5
H1_45,A,False,4-3-3,8,1,0,1,1,0,4,3,3,0,44,0.0,27.50240134453781,2.0,0.0,2.0,3,4,2,7,3,3,2.0,0.3181818181818182,0.4090909090909091,0.2727272727272727,0.375,0.2857142857142857,0.375,10.926203229293083,38.24171130252579,0.3595864359595399,0.2301359455826202,0.0,3.5,1.0,1.0,1.0,1.0,0.0
H2_15,A,False,4-3-3,13,1,0,1,1,0,4,3,3,0,59,26.146309606769535,11.866345454545453,2.0,1.0,2.0,5,6,3,11,5,3,2.0,0.3333333333333333,0.42424242424242425,0.24242424242424243,0.38461538461538464,0.3,0.38461538461538464,13.099569485946121,72.04763217270367,0.26380225078178665,0.53677771865662,13.073154803384767,5.5,2.5,2.0,1.0,1.0,0.5
H2_15,M,False,4-3-3,3,0,0,0,0,0,4,3,3,0,5,13.258956521739128,25.102737486338796,2.0,1.0,2.0,1,2,0,0,2,2,2.0,0.42857142857142855,0.0,0.5714285714285714,0.3333333333333333,0.5,0.6666666666666666,13.115518735123853,45.904315572933484,0.4178440907928175,0.5601910859531934,13.258956521739128,3.5,1.5,1.5,1.0,1.0,0.5
H2_30,M,False,4-3-3,5,0,0,0,0,0,4,3,3,0,20,0.0,48.95364612356787,2.0,1.0,2.0,1,6,2,7,2,5,2.0,0.30434782608695654,0.391304347826087,0.30434782608695654,0.2,0.3333333333333333,0.4,14.625710697000837,117.0056855760067,0.20919345022668862,0.1176138217106821,0.0,8.0,1.0,2.0,1.0,1.0,0.5
H1_15,A,False,4-3-3,1,0,0,0,0,0,4,3,3,0,14,0.0,38.96424544205222,2.0,0.0,1.0,0,2,1,7,0,0,2.0,0.2,0.8,0.0,0.0,0.2222222222222222,0.0,14.944377642776647,74.72188821388323,0.2607284583770242,0.18667247172998733,0.0,5.0,0.5,1.0,1.0,0.5,0.0
H1_30,A,False,4-3-3,4,1,0,1,1,0,4,3,3,0,29,0.0,13.203817543859648,2.0,0.0,2.0,0,3,3,12,1,5,2.0,0.125,0.625,0.25,0.0,0.15,0.25,13.034849613697242,91.24394729588069,0.07235448451743905,0.2481855485228118,0.0,7.0,1.5,0.5,0.5,1.0,0.0
H1_45,A,False,4-3-3,7,1,0,1,1,0,4,3,3,0,44,13.551217777777776,37.174227564102566,2.0,1.0,2.0,1,6,5,14,1,6,2.0,0.21212121212121213,0.5757575757575758,0.21212121212121213,0.14285714285714285,0.23076923076923078,0.14285714285714285,15.570288746146291,70.06629935765831,0.36198176446388847,0.4409348040549956,13.551217777777776,4.5,1.5,2.0,1.0,1.0,0.5
H2_15,A,False,4-3-3,9,1,0,1,1,0,4,3,3,0,59,19.371969696969696,49.20164126984126,2.0,1.0,2.0,2,11,6,20,1,8,2.0,0.2708333333333333,0.5416666666666666,0.1875,0.2222222222222222,0.28205128205128205,0.1111111111111111,15.077268373422779,113.07951280067084,0.3032097029268601,0.12469785197377678,19.371969696969696,7.5,1.0,3.0,1.0,1.0,0.5
H2_30,A,False,4-3-3,11,1,0,1,1,0,4,3,3,0,74,0.0,22.481683420241097,2.0,1.0,2.0,2,14,8,24,1,13,2.0,0.25806451612903225,0.5161290322580645,0.22580645161290322,0.18181818181818182,0.27450980392156865,0.09090909090909091,13.782506533841115,96.4775457368878,0.11651251723148527,0.19856880460123774,0.0,7.0,1.0,1.5,0.5,1.0,0.5
H1_15,M,False,4-3-3,2,0,0,0,0,0,4,3,3,0,14,0.0,24.9282,2.0,0.0,2.0,0,1,0,2,2,2,2.0,0.14285714285714285,0.2857142857142857,0.5714285714285714,0.0,0.2,1.0,13.823143465002724,48.38100212750953,0.25762384927766696,0.41849864189264424,0.0,3.5,1.0,0.5,0.5,1.0,0.0
H1_30,M,False,4-3-3,2,1,0,0,1,0,4,3,3,0,29,0.0,10.434521739130435,1.0,0.0,0.0,0,2,0,4,2,4,2.0,0.16666666666666666,0.3333333333333333,0.5,0.0,0.2,1.0,12.471402543349592,31.17850635837398,0.1673351766629435,0.0,0.0,2.5,0.0,0.5,0.5,0.0,0.0
H1_45,M,False,4-3-3,3,1,0,0,1,0,4,3,3,0,44,0.0,0.0,1.0,0.0,1.0,0,2,1,4,2,6,2.0,0.13333333333333333,0.3333333333333333,0.5333333333333333,0.0,0.16666666666666666,0.6666666666666666,13.595246532385232,40.7857395971557,0.0,0.44889363775740476,0.0,3.0,1.0,0.0,0.0,1.0,0.0
H1_15,A,False,4-3-3,2,0,0,0,0,0,4,3,3,0,14,7.642928571428571,43.233377385902386,2.0,1.0,1.0,1,3,1,7,0,3,2.0,0.26666666666666666,0.5333333333333333,0.2,0.5,0.23076923076923078,0.0,9.88211090621171,74.11583179658781,0.34322158116609863,0.1287152697941317,7.642928571428571,7.5,1.0,2.0,1.0,0.5,0.5
H1_30,A,False,4-3-3,6,1,0,1,1,0,4,3,3,0,29,23.755443037974683,15.1785975,2.0,1.0,2.0,2,5,2,9,2,6,2.0,0.2692307692307692,0.4230769230769231,0.3076923076923077,0.3333333333333333,0.25,0.3333333333333333,13.882279839907481,76.35253911949114,0.2549623168198978,0.4505607825185429,23.755443037974683,5.5,2.0,1.5,1.0,1.0,0.5
H1_45,A,False,4-3-3,7,1,0,1,1,0,4,3,3,0,44,0.0,7.956,1.0,0.0,1.0,2,6,3,12,2,7,2.0,0.25,0.46875,0.28125,0.2857142857142857,0.24,0.2857142857142857,10.880487750172534,32.6414632505176,0.12186953659122252,0.09580026623088443,0.0,3.0,0.5,0.5,0.5,0.5,0.0
H1_15,D,False,4-3-3,1,0,0,0,0,1,4,3,3,0,14,0.0,0.0,2.0,0.0,1.0,0,0,0,3,1,2,2.0,0.0,0.5,0.5,0.0,0.0,1.0,14.196144657146819,42.58843397144046,0.0,0.20577203608394193,0.0,3.0,0.5,0.0,0.0,0.5,0.0
H1_30,D,False,4-3-3,2,0,0,0,0,1,4,3,3,0,29,0.0,0.0,1.0,0.0,1.0,0,0,0,4,2,6,2.0,0.0,0.3333333333333333,0.6666666666666666,0.0,0.0,1.0,8.207229497390108,49.24337698434064,0.0,0.16262525352827187,0.0,6.0,1.0,0.0,0.0,1.0,0.0
H1_45,D,False,4-3-3,3,0,0,0,0,1,4,3,3,0,44,0.0,0.0,1.0,0.0,1.0,0,0,0,4,3,9,2.0,0.0,0.25,0.75,0.0,0.0,1.0,11.711916586663019,46.847666346652076,0.0,0.2642782356123903,0.0,4.0,1.0,0.0,0.0,1.0,0.0
H2_15,D,False,4-3-3,3,0,0,0,0,1,4,3,3,0,59,0.0,0.0,2.0,0.0,0.0,0,0,0,11,3,12,2.0,0.0,0.4230769230769231,0.5769230769230769,0.0,0.0,1.0,13.962432729182407,69.81216364591204,0.0,0.0,0.0,5.0,0.0,0.0,0.0,0.0,0.0
H2_30,D,False,4-3-3,4,0,0,0,0,1,4,3,3,0,74,0.0,0.0,1.0,0.0,1.0,0,0,1,17,3,14,2.0,0.0,0.5142857142857142,0.4857142857142857,0.0,0.0,0.75,11.081788956836057,99.7361006115245,0.0,0.1836187910890323,0.0,9.0,1.0,0.0,0.0,1.0,0.0
H1_15,D,False,4-3-3,1,0,0,0,0,0,4,3,3,0,14,0.0,0.0,1.0,0.0,1.0,0,0,0,2,1,2,1.0,0.0,0.4,0.6,0.0,0.0,1.0,19.872999648001247,99.36499824000623,0.0,0.37316027910179883,0.0,5.0,1.0,0.0,0.0,1.0,0.0
H1_30,D,False,4-3-3,1,0,0,0,0,0,4,3,3,0,29,0.0,0.0,2.0,0.0,0.0,0,0,0,5,1,4,2.0,0.0,0.5,0.5,0.0,0.0,1.0,14.86043484714294,37.15108711785735,0.0,0.0,0.0,2.5,0.0,0.0,0.0,0.0,0.0
H1_45,D,False,4-3-3,3,0,0,0,0,0,4,3,3,0,44,0.0,0.0,1.0,0.0,1.0,0,0,0,7,3,6,2.0,0.0,0.4375,0.5625,0.0,0.0,1.0,17.119118098097136,51.35735429429141,0.0,0.3207410767377688,0.0,3.0,1.0,0.0,0.0,0.5,0.0
H2_15,D,False,4-3-3,5,0,0,0,0,0,4,3,3,0,59,0.0,0.0,1.0,0.0,1.0,0,0,1,10,4,13,2.0,0.0,0.39285714285714285,0.6071428571428571,0.0,0.0,0.8,10.569760475299146,126.83712570358975,0.0,0.33735858922581086,0.0,12.0,2.0,0.0,0.0,1.0,0.0
H2_30,D,False,4-3-3,9,0,0,0,0,0,4,3,3,0,74,0.0,25.12249230769231,2.0,0.0,2.0,0,1,3,18,6,17,2.0,0.022222222222222223,0.4666666666666667,0.5111111111111111,0.0,0.027777777777777776,0.6666666666666666,14.164882699236472,120.40150294351001,0.1043279846742415,0.45822358348037545,0.0,8.5,2.0,0.5,0.5,1.0,0.0
H2_30,M,False,4-3-3,1,0,0,0,0,0,4,3,3,0,9,0.0,0.0,2.0,0.0,1.0,0,0,1,6,0,1,2.0,0.0,0.875,0.125,0.0,0.0,0.0,18.134341522174104,72.53736608869642,0.0,0.10122977401043029,0.0,4.0,0.5,0.0,0.0,0.5,0.0
H1_15,D,False,4-3-3,2,0,0,0,0,0,4,3,3,0,14,0.0,10.201945454545454,2.0,0.0,2.0,0,1,1,2,1,3,2.0,0.125,0.375,0.5,0.0,0.16666666666666666,0.5,15.608971040345445,62.43588416138178,0.08169937521967234,0.46537886338210344,0.0,4.0,1.0,0.5,0.5,1.0,0.0
H1_30,D,False,4-3-3,2,0,0,0,0,0,4,3,3,0,29,0.0,15.307995362318843,2.0,1.0,0.0,0,3,1,5,1,8,2.0,0.16666666666666666,0.3333333333333333,0.5,0.0,0.1875,0.5,8.615577328654272,43.077886643271356,0.177678114633206,0.0,0.0,5.0,0.0,1.0,0.5,0.0,0.5
H1_45,D,False,4-3-3,3,0,0,0,0,0,4,3,3,0,44,0.0,0.0,1.0,0.0,1.0,0,3,1,6,2,13,2.0,0.12,0.28,0.6,0.0,0.13636363636363635,0.6666666666666666,14.620598166595473,51.172093583084155,0.0,0.06390625119445366,0.0,3.5,0.5,0.0,0.0,0.5,0.0
H2_15,D,False,4-3-3,4,0,0,0,0,0,4,3,3,0,59,0.0,0.0,2.0,0.0,1.0,0,3,2,10,2,17,2.0,0.08823529411764706,0.35294117647058826,0.5588235294117647,0.0,0.1,0.5,13.378586569125748,60.20363956106586,0.0,0.09417088470622069,0.0,4.5,0.5,0.0,0.0,0.5,0.0
H2_30,D,False,4-3-3,4,0,0,0,0,0,4,3,3,0,74,0.0,26.957771428571426,2.0,1.0,0.0,0,5,2,15,2,24,2.0,0.10416666666666667,0.3541666666666667,0.5416666666666666,0.0,0.11363636363636363,0.5,10.964030828688708,76.74821580082096,0.17562474350239596,0.0,0.0,7.0,0.0,1.0,0.5,0.0,0.5
H2_15,A,False,4-3-3,0,1,1,1,1,1,4,3,3,0,5,0.0,10.467782608695652,0.0,0.0,0.0,0,1,0,1,0,0,2.0,0.5,0.5,0.0,0.0,0.5,0.0,10.527414708603146,10.527414708603146,0.49716777093151077,0.0,0.0,1.0,0.0,0.5,0.5,0.0,0.0
H2_30,A,False,4-3-3,2,1,1,1,1,1,4,3,3,0,20,0.0,9.711219512195122,2.0,0.0,1.0,0,2,1,4,1,1,2.0,0.2222222222222222,0.5555555555555556,0.2222222222222222,0.0,0.2857142857142857,0.5,15.471083928846495,54.14879375096273,0.08967161444868255,0.3771191926921238,0.0,3.5,1.0,0.5,0.5,0.5,0.0
H1_15,M,False,4-3-3,3,0,0,0,0,0,4,3,3,0,14,10.209989189189187,16.8984,2.0,1.0,2.0,1,2,2,5,0,6,2.0,0.1875,0.4375,0.375,0.3333333333333333,0.15384615384615385,0.0,13.043108140644089,104.34486512515271,0.12989805083688113,0.20814759460725926,10.209989189189187,8.0,1.5,1.5,1.0,1.0,0.5
H1_30,M,False,4-3-3,4,0,0,0,0,0,4,3,3,0,29,0.0,78.88903961846393,2.0,1.0,1.0,1,7,2,6,1,10,2.0,0.2962962962962963,0.2962962962962963,0.4074074074074074,0.25,0.30434782608695654,0.25,14.674913560983862,80.71202458541124,0.48870685640515565,0.08943010838173986,0.0,5.5,0.5,2.5,1.0,0.5,0.5
H1_45,M,False,4-3-3,5,0,0,0,0,0,4,3,3,0,44,0.0,36.80430856956663,2.0,1.0,1.0,1,10,3,12,1,14,2.0,0.2682926829268293,0.36585365853658536,0.36585365853658536,0.2,0.2777777777777778,0.2,12.002180834927847,84.01526584449493,0.21903345897689744,0.14111721103096242,0.0,7.0,0.5,1.5,1.0,0.5,0.5
H2_15,M,False,4-3-3,6,0,0,0,0,0,4,3,3,0,59,0.0,38.06582497835498,2.0,1.0,1.0,1,14,4,17,1,20,2.0,0.2631578947368421,0.3684210526315789,0.3684210526315789,0.16666666666666666,0.27450980392156865,0.16666666666666666,14.976429891997526,119.81143913598021,0.1588572228698134,0.11239402104569787,0.0,8.0,0.5,2.0,1.0,0.5,0.5
H2_30,A,False,4-3-3,4,0,0,0,0,0,4,3,3,0,9,0.0,28.01663515151515,2.0,1.0,1.0,0,2,2,2,2,2,2.0,0.2,0.4,0.4,0.0,0.3333333333333333,0.5,11.64744026536366,58.237201326818294,0.24053898979700333,0.3994719544988881,0.0,5.0,2.0,1.0,0.5,0.5,0.5
H1_15,G,False,4-3-3,0,0,0,0,0,0,4,3,3,0,14,0.0,0.0,0.0,0.0,0.0,0,0,0,0,0,0,0.0,0.0,0.0,0.0,0.0,0.0,0.0,0.0,0.0,0.0,0.0,0.0,0.0,0.0,0.0,0.0,0.0,0.0
H1_30,G,False,4-3-3,0,0,0,0,0,0,4,3,3,0,29,0.0,0.0,0.0,0.0,0.0,0,0,0,0,0,0,0.0,0.0,0.0,0.0,0.0,0.0,0.0,0.0,0.0,0.0,0.0,0.0,0.0,0.0,0.0,0.0,0.0,0.0
H1_45,G,False,4-3-3,0,0,0,0,0,0,4,3,3,0,44,0.0,0.0,0.0,0.0,0.0,0,0,0,0,0,0,0.0,0.0,0.0,0.0,0.0,0.0,0.0,0.0,0.0,0.0,0.0,0.0,0.0,0.0,0.0,0.0,0.0,0.0
H2_15,G,False,4-3-3,0,0,0,0,0,0,4,3,3,0,59,0.0,0.0,0.0,0.0,0.0,0,0,0,0,0,0,0.0,0.0,0.0,0.0,0.0,0.0,0.0,0.0,0.0,0.0,0.0,0.0,0.0,0.0,0.0,0.0,0.0,0.0
H2_30,G,False,4-3-3,0,0,0,0,0,0,4,3,3,0,74,0.0,0.0,0.0,0.0,0.0,0,0,0,0,0,0,0.0,0.0,0.0,0.0,0.0,0.0,0.0,0.0,0.0,0.0,0.0,0.0,0.0,0.0,0.0,0.0,0.0,0.0
H1_15,G,True,4-1-4-1,0,0,0,0,0,0,4,1,4,1,14,0.0,0.0,0.0,0.0,0.0,0,0,0,0,0,1,1.0,0.0,0.0,1.0,0.0,0.0,0.0,8.736129729729727,8.736129729729727,0.0,0.0,0.0,1.0,0.0,0.0,0.0,0.0,0.0
H1_30,G,True,4-1-4-1,0,0,0,0,0,0,4,1,4,1,29,0.0,0.0,0.0,0.0,0.0,0,0,0,0,0,1,1.0,0.0,0.0,0.0,0.0,0.0,0.0,0.0,0.0,0.0,0.0,0.0,0.0,0.0,0.0,0.0,0.0,0.0
H1_45,G,True,4-1-4-1,0,0,0,0,0,0,4,1,4,1,44,0.0,0.0,0.0,0.0,0.0,0,0,0,0,0,1,1.0,0.0,0.0,0.0,0.0,0.0,0.0,0.0,0.0,0.0,0.0,0.0,0.0,0.0,0.0,0.0,0.0,0.0
H2_15,G,True,4-1-4-1,0,0,0,0,0,0,4,1,4,1,59,0.0,0.0,0.0,0.0,0.0,0,0,0,0,0,1,1.0,0.0,0.0,0.0,0.0,0.0,0.0,0.0,0.0,0.0,0.0,0.0,0.0,0.0,0.0,0.0,0.0,0.0
H2_30,G,True,4-1-4-1,0,0,0,0,0,0,4,1,4,1,74,0.0,0.0,0.0,0.0,0.0,0,0,0,0,0,1,1.0,0.0,0.0,0.0,0.0,0.0,0.0,0.0,0.0,0.0,0.0,0.0,0.0,0.0,0.0,0.0,0.0,0.0
H1_15,D,True,4-1-4-1,4,0,0,0,0,0,4,1,4,1,14,19.287152372093022,71.32083415477628,2.0,1.0,2.0,2,7,1,5,1,3,2.0,0.47368421052631576,0.3157894736842105,0.21052631578947367,0.5,0.4666666666666667,0.25,9.664936540728116,91.8168971369171,0.4934167313003124,0.22998312348345307,9.643576186046511,9.5,2.0,4.5,1.0,1.0,0.5
H1_30,D,True,4-1-4-1,5,1,0,0,1,0,4,1,4,1,29,0.0,40.2849807997558,1.0,1.0,1.0,2,10,2,8,1,3,2.0,0.46153846153846156,0.38461538461538464,0.15384615384615385,0.4,0.47619047619047616,0.2,12.044308129093128,42.15507845182595,0.47781883321356805,0.11758515487608408,0.0,3.5,0.5,1.5,0.5,0.5,0.5
H1_45,D,True,4-1-4-1,6,3,0,2,3,0,4,1,4,1,44,0.0,37.946539692307695,2.0,1.0,1.0,2,12,3,10,1,5,2.0,0.42424242424242425,0.3939393939393939,0.18181818181818182,0.3333333333333333,0.4444444444444444,0.16666666666666666,13.465372602591938,47.12880410907178,0.40258330769954126,0.08201035593975575,0.0,3.5,0.5,1.0,0.5,0.5,0.5
H1_15,D,True,4-1-4-1,2,0,0,0,0,0,4,1,4,1,14,0.0,0.0,1.0,0.0,1.0,0,0,1,5,1,4,2.0,0.0,0.5454545454545454,0.45454545454545453,0.0,0.0,0.5,10.652143744457396,58.586790594515676,0.0,0.17727494994993978,0.0,5.5,1.0,0.0,0.0,0.5,0.0
H1_30,D,True,4-1-4-1,3,0,0,0,0,0,4,1,4,1,29,0.0,0.0,0.0,0.0,0.0,0,0,2,5,1,4,2.0,0.0,0.5833333333333334,0.4166666666666667,0.0,0.0,0.3333333333333333,30.39794042553191,30.39794042553191,0.0,1.0,0.0,1.0,1.0,0.0,0.0,1.0,0.0
H1_45,D,True,4-1-4-1,3,0,0,0,0,0,4,1,4,1,44,0.0,6.289615384615384,2.0,0.0,1.0,0,1,3,7,1,5,2.0,0.058823529411764705,0.5882352941176471,0.35294117647058826,0.0,0.07692307692307693,0.25,8.449382611314611,21.12345652828653,0.14887751387167455,0.18441685542112465,0.0,2.5,0.5,0.5,0.5,0.5,0.0
H2_15,D,True,4-1-4-1,5,2,1,2,2,0,4,1,4,1,59,0.0,8.476929729729727,2.0,0.0,1.0,0,2,4,9,1,6,2.0,0.09090909090909091,0.5909090909090909,0.3181818181818182,0.0,0.11764705882352941,0.2,10.485814230707536,26.214535576768842,0.1616837671013697,0.2965799588394325,0.0,2.5,0.5,0.5,0.5,0.5,0.0
H2_30,D,True,4-1-4-1,8,2,1,2,2,0,4,1,4,1,74,0.0,8.702270270270269,2.0,0.0,1.0,0,3,6,12,2,9,2.0,0.09375,0.5625,0.34375,0.0,0.125,0.25,12.23058062917614,61.1529031458807,0.07115173460784796,0.16608419487462983,0.0,5.0,1.5,0.5,0.5,0.5,0.0
H1_15,D,True,4-1-4-1,3,0,0,0,0,0,4,1,4,1,14,0.0,0.0,2.0,0.0,1.0,0,0,2,5,1,5,2.0,0.0,0.5384615384615384,0.46153846153846156,0.0,0.0,0.3333333333333333,9.271134399139042,60.26237359440377,0.0,0.3318020518700663,0.0,6.5,1.5,0.0,0.0,0.5,0.0
H1_30,D,True,4-1-4-1,5,1,0,1,1,0,4,1,4,1,29,0.0,0.0,1.0,0.0,1.0,0,0,4,7,1,6,2.0,0.0,0.6111111111111112,0.3888888888888889,0.0,0.0,0.2,10.761404955544455,26.903512388861138,0.0,0.6603377855900315,0.0,2.5,1.0,0.0,0.0,0.5,0.0
H1_45,D,True,4-1-4-1,5,1,0,1,1,0,4,1,4,1,44,0.0,0.0,1.0,0.0,0.0,0,0,4,9,1,8,2.0,0.0,0.5909090909090909,0.4090909090909091,0.0,0.0,0.2,12.737835376623377,25.475670753246753,0.0,0.0,0.0,2.0,0.0,0.0,0.0,0.0,0.0
H2_15,D,True,4-1-4-1,6,1,0,1,1,0,4,1,4,1,59,0.0,0.0,2.0,0.0,1.0,0,0,5,13,1,9,2.0,0.0,0.6428571428571429,0.35714285714285715,0.0,0.0,0.16666666666666666,14.88521933722623,44.65565801167869,0.0,0.18722791436863698,0.0,3.0,0.5,0.0,0.0,0.5,0.0
H2_30,D,True,4-1-4-1,7,1,0,1,1,0,4,1,4,1,74,0.0,6.762413333333334,2.0,0.0,1.0,0,1,5,14,2,10,2.0,0.03125,0.59375,0.375,0.0,0.04,0.2857142857142857,7.590323390151516,15.180646780303032,0.22273139712688658,0.3162559386599378,0.0,2.0,0.5,0.5,0.5,0.5,0.0
H1_15,M,True,4-1-4-1,0,0,0,0,0,0,4,1,4,1,14,0.0,25.15739007936508,2.0,1.0,0.0,0,2,0,4,0,2,2.0,0.25,0.5,0.25,0.0,0.25,0.0,12.564177922257048,50.256711689028194,0.2502888592774497,0.0,0.0,4.0,0.0,1.0,0.5,0.0,0.5
H1_30,M,True,4-1-4-1,0,0,0,0,0,0,4,1,4,1,29,0.0,13.032654545454545,1.0,0.0,0.0,0,3,0,5,0,2,2.0,0.3,0.5,0.2,0.0,0.3,0.0,10.310939037433155,20.62187807486631,0.631981941612708,0.0,0.0,2.0,0.0,1.0,1.0,0.0,0.0
H1_45,M,True,4-1-4-1,0,0,0,0,0,0,4,1,4,1,44,0.0,0.0,1.0,0.0,0.0,0,3,0,8,0,2,2.0,0.23076923076923078,0.6153846153846154,0.15384615384615385,0.0,0.23076923076923078,0.0,13.22497117171262,19.83745675756893,0.0,0.0,0.0,1.5,0.0,0.0,0.0,0.0,0.0
H2_15,M,True,4-1-4-1,0,1,0,0,1,0,4,1,4,1,59,0.0,7.57449696969697,2.0,0.0,0.0,0,4,0,11,0,2,2.0,0.23529411764705882,0.6470588235294118,0.11764705882352941,0.0,0.23529411764705882,0.0,12.86360946559613,25.72721893119226,0.1472078460939569,0.0,0.0,2.0,0.0,0.5,0.5,0.0,0.0
H2_30,M,True,4-1-4-1,0,2,1,1,2,0,4,1,4,1,74,0.0,0.0,0.0,0.0,0.0,0,4,0,12,0,2,2.0,0.2222222222222222,0.6666666666666666,0.1111111111111111,0.0,0.2222222222222222,0.0,7.326642424242425,7.326642424242425,0.0,0.0,0.0,1.0,0.0,0.0,0.0,0.0,0.0
H1_15,M,True,4-1-4-1,4,1,0,1,1,0,4,1,4,1,14,47.305896286515924,12.662458770614695,2.0,1.0,2.0,2,2,0,2,2,3,2.0,0.36363636363636365,0.18181818181818182,0.45454545454545453,0.5,0.2857142857142857,0.5,11.989183187291143,65.94050753010129,0.4547156012543244,0.5823932723110375,23.652948143257962,5.5,2.0,2.0,1.0,1.0,0.5
H1_30,M,True,4-1-4-1,7,2,0,2,2,0,4,1,4,1,29,45.111872863978135,19.88134899068323,1.0,1.0,1.0,5,5,0,3,2,3,2.0,0.5555555555555556,0.16666666666666666,0.2777777777777778,0.7142857142857143,0.45454545454545453,0.2857142857142857,11.484770594621953,40.196697081176836,0.8084398293149333,0.5611390504657031,15.037290954659378,3.5,1.5,3.0,0.5,0.5,0.5
H1_45,M,True,4-1-4-1,9,2,0,2,2,0,4,1,4,1,44,0.0,25.97884933185677,2.0,1.0,2.0,5,8,2,5,2,3,2.0,0.52,0.28,0.2,0.5555555555555556,0.5,0.2222222222222222,11.867076263208373,41.534766921229306,0.31273618774755213,0.34929467814258947,0.0,3.5,1.0,1.5,1.0,1.0,0.5
H2_15,M,True,4-1-4-1,11,2,0,2,2,0,4,1,4,1,59,13.427608695652175,18.727573057471268,1.0,1.0,1.0,6,11,3,5,2,3,2.0,0.5666666666666667,0.26666666666666666,0.16666666666666666,0.5454545454545454,0.5789473684210527,0.18181818181818182,8.83918111252945,44.195905562647255,0.7275601968952484,0.5762599992226627,13.427608695652175,5.0,2.0,4.0,1.0,1.0,1.0
H1_15,M,True,4-1-4-1,0,0,0,0,0,0,4,1,4,1,14,0.0,0.0,1.0,0.0,0.0,0,0,0,2,0,2,1.0,0.0,0.5,0.5,0.0,0.0,0.0,10.488748939393938,41.95499575757575,0.0,0.0,0.0,4.0,0.0,0.0,0.0,0.0,0.0
H1_30,M,True,4-1-4-1,0,0,0,0,0,0,4,1,4,1,29,0.0,0.0,1.0,0.0,0.0,0,0,0,3,0,3,1.0,0.0,0.5,0.5,0.0,0.0,0.0,12.45422857142857,24.90845714285714,0.0,0.0,0.0,2.0,0.0,0.0,0.0,0.0,0.0
H1_45,M,True,4-1-4-1,1,0,0,0,0,0,4,1,4,1,44,0.0,12.696241509433962,1.0,0.0,1.0,0,1,1,6,0,3,1.0,0.09090909090909091,0.6363636363636364,0.2727272727272727,0.0,0.1,0.0,12.819904229975815,64.09952114987908,0.19807076997887857,0.39218643933676856,0.0,5.0,1.0,1.0,1.0,1.0,0.0
H2_15,M,True,4-1-4-1,1,1,0,1,1,0,4,1,4,1,59,0.0,0.0,0.0,0.0,0.0,0,1,1,7,0,3,1.0,0.08333333333333333,0.6666666666666666,0.25,0.0,0.09090909090909091,0.0,28.25240366972477,28.25240366972477,0.0,0.0,0.0,1.0,0.0,0.0,0.0,0.0,0.0
H1_15,A,True,4-1-4-1,2,1,0,1,1,0,4,1,4,1,14,22.70016941176471,57.6227345828342,2.0,2.0,2.0,2,5,0,3,0,0,2.0,0.7,0.3,0.0,1.0,0.625,0.0,10.841453838915672,54.207269194578366,0.7408868329658687,0.2093830748998061,11.350084705882354,5.0,1.0,3.5,1.0,1.0,1.0
H1_30,A,True,4-1-4-1,2,2,0,1,2,0,4,1,4,1,29,0.0,50.2702607069813,2.0,1.0,0.0,2,8,0,5,0,0,2.0,0.6666666666666666,0.3333333333333333,0.0,1.0,0.6153846153846154,0.0,14.494862808062924,36.23715702015731,0.6936286513732013,0.0,0.0,2.5,0.0,1.5,1.0,0.0,0.5
H1_45,A,True,4-1-4-1,2,2,0,1,2,0,4,1,4,1,44,0.0,9.763650000000002,1.0,0.0,0.0,2,9,0,9,0,0,2.0,0.55,0.45,0.0,1.0,0.5,0.0,12.231435418286178,30.578588545715448,0.15964847405241087,0.0,0.0,2.5,0.0,0.5,0.5,0.0,0.0
H2_15,A,True,4-1-4-1,4,2,0,1,2,0,4,1,4,1,59,16.72429090909091,23.9746089693155,2.0,1.0,0.0,3,12,1,9,0,0,2.0,0.6,0.4,0.0,0.75,0.5714285714285714,0.0,12.37946115215187,30.948652880379676,0.6575229628848892,0.6126712031379801,16.72429090909091,2.5,1.0,2.0,1.0,0.5,0.5
H1_15,M,True,4-1-4-1,1,0,0,0,0,0,4,1,4,1,14,0.0,19.69136768086545,2.0,0.0,1.0,0,2,1,3,0,1,2.0,0.2857142857142857,0.5714285714285714,0.14285714285714285,0.0,0.3333333333333333,0.0,11.844768869166186,41.45669104208165,0.23749323915984075,0.12183427059238104,0.0,3.5,0.5,1.0,1.0,0.5,0.0
H1_30,M,True,4-1-4-1,1,0,0,0,0,0,4,1,4,1,29,0.0,32.946155109258555,1.0,1.0,0.0,0,5,1,4,0,1,2.0,0.45454545454545453,0.45454545454545453,0.09090909090909091,0.0,0.5,0.0,12.78903747861334,25.57807495722668,0.6440311705308797,0.0,0.0,2.0,0.0,1.5,0.5,0.0,0.5
H1_45,M,True,4-1-4-1,1,0,0,0,0,0,4,1,4,1,44,0.0,10.617018666666667,1.0,0.0,0.0,0,7,1,6,0,1,2.0,0.4666666666666667,0.4666666666666667,0.06666666666666667,0.0,0.5,0.0,7.820054797814208,15.640109595628417,0.3394163769042335,0.0,0.0,2.0,0.0,1.0,1.0,0.0,0.0
H2_15,M,True,4-1-4-1,4,0,0,0,0,0,4,1,4,1,14,42.18484009367681,13.000252631578949,2.0,1.0,2.0,3,1,1,4,0,1,2.0,0.4,0.5,0.1,0.75,0.16666666666666666,0.0,12.92376014972488,64.6188007486244,0.42700492802344797,0.5397293264657596,14.061613364558937,5.0,2.0,2.0,0.5,1.0,0.5
H2_30,M,True,4-1-4-1,6,1,1,1,1,0,4,1,4,1,29,0.0,19.813915834422655,2.0,1.0,1.0,3,4,3,6,0,1,2.0,0.4117647058823529,0.5294117647058824,0.058823529411764705,0.5,0.36363636363636365,0.0,7.0301978969078665,24.605692639177533,0.4026286950133372,0.32043964782836193,0.0,3.5,1.0,1.5,1.0,0.5,0.5
H2_30,M,True,4-1-4-1,0,0,0,0,0,1,4,1,4,1,10,0.0,0.0,0.0,0.0,0.0,0,0,0,1,0,0,1.0,0.0,1.0,0.0,0.0,0.0,0.0,45.93208042328041,45.93208042328041,0.0,0.0,0.0,1.0,0.0,0.0,0.0,0.0,0.0
H1_15,M,True,4-1-4-1,3,0,0,0,0,0,4,1,4,1,14,40.40686135189759,5.52984347826087,2.0,1.0,2.0,2,1,0,4,1,3,2.0,0.2727272727272727,0.36363636363636365,0.36363636363636365,0.6666666666666666,0.125,0.3333333333333333,11.437587379970179,62.90673058983598,0.36511756690770214,0.39721132756029304,20.203430675948795,5.5,1.5,1.5,0.5,1.0,0.5
H1_30,M,True,4-1-4-1,4,0,0,0,0,0,4,1,4,1,29,0.0,16.31487536231884,2.0,0.0,1.0,2,2,1,7,1,3,2.0,0.25,0.5,0.25,0.5,0.16666666666666666,0.25,9.783505623188406,24.458764057971013,0.3335179840577817,0.19819889461749615,0.0,2.5,0.5,0.5,0.5,0.5,0.0
H1_45,M,True,4-1-4-1,4,0,0,0,0,0,4,1,4,1,44,0.0,18.69391891891892,2.0,0.0,1.0,2,3,1,9,2,6,2.0,0.21739130434782608,0.43478260869565216,0.34782608695652173,0.4,0.16666666666666666,0.4,10.214069278567395,35.749242474985884,0.2614589516407131,0.1030755847946266,0.0,3.5,0.5,0.5,0.5,0.5,0.0
H2_15,M,True,4-1-4-1,7,0,0,0,0,0,4,1,4,1,59,8.907483870967738,10.905742222222225,2.0,1.0,2.0,3,4,2,10,2,7,2.0,0.25,0.42857142857142855,0.32142857142857145,0.42857142857142855,0.19047619047619047,0.2857142857142857,10.710843977258682,26.777109943146705,0.36996573071659905,0.4858932806855357,8.907483870967738,2.5,1.0,1.0,0.5,1.0,0.5
H2_30,M,True,4-1-4-1,8,0,0,0,0,0,4,1,4,1,74,31.391575510204085,43.37776388323858,1.0,1.0,1.0,4,7,2,10,2,7,2.0,0.34375,0.375,0.28125,0.5,0.2916666666666667,0.25,18.692334848360666,74.76933939344266,1.0,0.41984556457051103,31.391575510204085,4.0,1.0,4.0,1.0,1.0,1.0
H2_30,M,True,4-1-4-1,0,1,0,1,1,0,4,1,4,1,10,0.0,24.589017121212123,1.0,1.0,0.0,0,2,0,1,0,0,1.0,0.6666666666666666,0.3333333333333333,0.0,0.0,0.6666666666666666,0.0,11.988534958771387,35.96560487631416,0.6836814563740506,0.0,0.0,3.0,0.0,2.0,1.0,0.0,1.0
H2_15,A,True,4-1-4-1,1,1,0,1,1,1,4,1,4,1,14,20.952618750000006,38.11436794871795,2.0,2.0,1.0,1,3,0,3,0,0,2.0,0.5714285714285714,0.42857142857142855,0.0,1.0,0.5,0.0,13.508549597862878,47.27992359252007,0.6246518840405091,0.2215805056135372,20.952618750000006,3.5,0.5,2.0,1.0,0.5,1.0
H2_30,A,True,4-1-4-1,1,1,0,1,1,1,4,1,4,1,29,0.0,8.45911111111111,1.0,0.0,0.0,1,4,0,4,0,1,2.0,0.5,0.4,0.1,1.0,0.4444444444444444,0.0,12.214971793262189,36.64491537978657,0.2308399684769685,0.0,0.0,3.0,0.0,1.0,1.0,0.0,0.0
H2_30,M,True,4-1-4-1,0,0,0,0,0,0,4,1,4,1,1,0.0,0.0,0.0,0.0,0.0,0,0,0,0,0,0,0.0,0.0,0.0,0.0,0.0,0.0,0.0,0.0,0.0,0.0,0.0,0.0,0.0,0.0,0.0,0.0,0.0,0.0
H1_15,D,True,4-1-4-1,2,0,0,0,0,0,4,1,4,1,14,0.0,45.55757090633423,2.0,1.0,1.0,0,3,0,7,2,4,2.0,0.1875,0.4375,0.375,0.0,0.21428571428571427,1.0,11.295620570309936,90.36496456247949,0.25207540957333713,0.16989164824917236,0.0,8.0,1.0,1.5,0.5,0.5,0.5
H1_30,D,True,4-1-4-1,2,0,0,0,0,0,4,1,4,1,29,0.0,35.432121417281806,1.0,1.0,0.0,0,6,0,9,2,4,2.0,0.2857142857142857,0.42857142857142855,0.2857142857142857,0.0,0.3157894736842105,1.0,14.087616589144593,35.219041472861484,0.5030250673429673,0.0,0.0,2.5,0.0,1.5,0.5,0.0,0.5
H1_45,D,True,4-1-4-1,2,0,0,0,0,0,4,1,4,1,44,0.0,39.97996513368984,2.0,1.0,0.0,0,9,0,11,2,4,2.0,0.34615384615384615,0.4230769230769231,0.23076923076923078,0.0,0.375,1.0,14.741751774056715,36.85437943514179,0.5424045357221198,0.0,0.0,2.5,0.0,1.5,1.0,0.0,0.5
H2_15,D,True,4-1-4-1,2,0,0,0,0,0,4,1,4,1,59,0.0,57.54875142064511,2.0,1.0,0.0,0,13,0,13,2,4,2.0,0.40625,0.40625,0.1875,0.0,0.43333333333333335,1.0,16.392164445794524,49.176493337383576,0.5851245942428454,0.0,0.0,3.0,0.0,2.0,0.5,0.0,0.5
H2_30,D,True,4-1-4-1,4,1,0,1,1,0,4,1,4,1,74,0.0,24.150049593495936,2.0,1.0,1.0,0,15,1,16,3,6,2.0,0.36585365853658536,0.4146341463414634,0.21951219512195122,0.0,0.40540540540540543,0.75,14.484505146288809,65.18027315829964,0.1852558176217218,0.26190896934094016,0.0,4.5,1.0,1.0,0.5,0.5,0.5
H1_15,G,False,4-1-4-1,0,0,0,0,0,0,4,1,4,1,14,0.0,0.0,0.0,0.0,0.0,0,0,0,0,0,0,0.0,0.0,0.0,0.0,0.0,0.0,0.0,0.0,0.0,0.0,0.0,0.0,0.0,0.0,0.0,0.0,0.0,0.0
H1_30,G,False,4-1-4-1,0,0,0,0,0,0,4,1,4,1,29,0.0,0.0,0.0,0.0,0.0,0,0,0,0,0,0,0.0,0.0,0.0,0.0,0.0,0.0,0.0,0.0,0.0,0.0,0.0,0.0,0.0,0.0,0.0,0.0,0.0,0.0
H1_45,G,False,4-1-4-1,0,0,0,0,0,0,4,1,4,1,44,0.0,0.0,0.0,0.0,0.0,0,0,0,0,0,0,0.0,0.0,0.0,0.0,0.0,0.0,0.0,0.0,0.0,0.0,0.0,0.0,0.0,0.0,0.0,0.0,0.0,0.0
H2_15,G,False,4-1-4-1,0,0,0,0,0,0,4,1,4,1,59,0.0,0.0,0.0,0.0,0.0,0,0,0,0,0,0,0.0,0.0,0.0,0.0,0.0,0.0,0.0,0.0,0.0,0.0,0.0,0.0,0.0,0.0,0.0,0.0,0.0,0.0
H2_30,G,False,4-1-4-1,0,0,0,0,0,0,4,1,4,1,74,0.0,0.0,0.0,0.0,0.0,0,0,0,0,0,0,0.0,0.0,0.0,0.0,0.0,0.0,0.0,0.0,0.0,0.0,0.0,0.0,0.0,0.0,0.0,0.0,0.0,0.0
H1_15,D,False,4-1-4-1,1,0,0,0,0,0,4,1,4,1,14,0.0,6.868028571428571,2.0,0.0,1.0,0,1,1,2,0,2,2.0,0.16666666666666666,0.5,0.3333333333333333,0.0,0.2,0.0,11.466526901488564,34.39958070446569,0.09982721345404329,0.13771234886617525,0.0,3.0,0.5,0.5,0.5,0.5,0.0
H1_30,D,False,4-1-4-1,2,0,0,0,0,0,4,1,4,1,29,0.0,0.0,2.0,0.0,1.0,0,1,1,4,1,4,2.0,0.09090909090909091,0.45454545454545453,0.45454545454545453,0.0,0.1111111111111111,0.5,8.681580607459265,21.703951518648164,0.0,0.22157580770963814,0.0,2.5,0.5,0.0,0.0,0.5,0.0
H1_45,D,False,4-1-4-1,2,0,0,0,0,0,4,1,4,1,44,0.0,7.498860606060606,1.0,0.0,0.0,0,2,1,5,1,5,2.0,0.14285714285714285,0.42857142857142855,0.42857142857142855,0.0,0.16666666666666666,0.5,8.177709694227342,12.266564541341014,0.30566262382543213,0.0,0.0,1.5,0.0,0.5,0.5,0.0,0.0
H2_15,D,False,4-1-4-1,4,0,0,0,0,0,4,1,4,1,59,0.0,0.0,2.0,0.0,1.0,0,2,1,7,3,6,2.0,0.10526315789473684,0.42105263157894735,0.47368421052631576,0.0,0.13333333333333333,0.75,14.461506685855472,36.15376671463868,0.0,0.49075470581274827,0.0,2.5,1.0,0.0,0.0,0.5,0.0
H2_30,D,False,4-1-4-1,4,0,0,0,0,0,4,1,4,1,74,0.0,0.0,1.0,0.0,0.0,0,2,1,9,3,6,2.0,0.09523809523809523,0.47619047619047616,0.42857142857142855,0.0,0.11764705882352941,0.75,11.551931348837208,23.103862697674415,0.0,0.0,0.0,2.0,0.0,0.0,0.0,0.0,0.0
H1_15,D,False,4-1-4-1,0,0,0,0,0,0,4,1,4,1,14,0.0,0.0,1.0,0.0,0.0,0,0,0,0,0,3,1.0,0.0,0.0,1.0,0.0,0.0,0.0,14.496714750484173,43.49014425145252,0.0,0.0,0.0,3.0,0.0,0.0,0.0,0.0,0.0
H1_30,D,False,4-1-4-1,1,0,0,0,0,0,4,1,4,1,29,0.0,0.0,1.0,0.0,1.0,0,0,0,0,1,6,1.0,0.0,0.0,1.0,0.0,0.0,1.0,7.582332087386926,30.329328349547705,0.0,0.322215227318648,0.0,4.0,1.0,0.0,0.0,1.0,0.0
H1_45,D,False,4-1-4-1,1,0,0,0,0,0,4,1,4,1,44,0.0,0.0,0.0,0.0,0.0,0,0,0,2,1,6,2.0,0.0,0.2222222222222222,0.7777777777777778,0.0,0.0,1.0,11.446041515151514,11.446041515151514,0.0,0.0,0.0,1.0,0.0,0.0,0.0,0.0,0.0
H2_15,D,False,4-1-4-1,2,0,0,0,0,0,4,1,4,1,59,0.0,0.0,1.0,0.0,1.0,0,0,1,4,1,8,2.0,0.0,0.35714285714285715,0.6428571428571429,0.0,0.0,0.5,13.505688981891197,33.76422245472799,0.0,0.19636362798761559,0.0,2.5,0.5,0.0,0.0,0.5,0.0
H2_30,D,False,4-1-4-1,2,0,0,0,0,0,4,1,4,1,74,0.0,9.729885714285714,0.0,0.0,0.0,0,1,1,4,1,8,2.0,0.06666666666666667,0.3333333333333333,0.6,0.0,0.07692307692307693,0.5,9.729885714285714,9.729885714285714,1.0,0.0,0.0,1.0,0.0,1.0,1.0,0.0,0.0
H2_30,M,False,4-1-4-1,0,0,0,0,0,0,4,1,4,1,6,0.0,13.719366037735854,0.0,0.0,0.0,0,1,0,0,0,0,1.0,1.0,0.0,0.0,0.0,1.0,0.0,13.719366037735854,13.719366037735854,1.0,0.0,0.0,1.0,0.0,1.0,1.0,0.0,0.0
H1_15,M,False,4-1-4-1,0,0,0,0,0,0,4,1,4,1,14,0.0,63.62984573905103,2.0,2.0,0.0,0,6,0,2,0,0,2.0,0.75,0.25,0.0,0.0,0.75,0.0,10.119068763119424,40.476275052477696,0.7860140990809382,0.0,0.0,4.0,0.0,3.0,1.0,0.0,1.0
H1_30,M,False,4-1-4-1,2,0,0,0,0,0,4,1,4,1,29,0.0,0.0,2.0,0.0,1.0,0,6,0,6,2,2,2.0,0.375,0.375,0.25,0.0,0.42857142857142855,1.0,10.818701901783902,43.27480760713561,0.0,0.30748277116967604,0.0,4.0,1.0,0.0,0.0,0.5,0.0
H1_45,M,False,4-1-4-1,3,0,0,0,0,0,4,1,4,1,44,0.0,16.881344927536226,2.0,0.0,1.0,0,7,1,11,2,3,2.0,0.2916666666666667,0.5,0.20833333333333334,0.0,0.3333333333333333,0.6666666666666666,11.213965418272426,44.855861673089706,0.188173231968742,0.26659806834395516,0.0,4.0,0.5,0.5,0.5,0.5,0.0
H2_15,M,False,4-1-4-1,3,0,0,0,0,0,4,1,4,1,59,0.0,10.09615238095238,1.0,0.0,0.0,0,8,1,11,2,7,2.0,0.27586206896551724,0.41379310344827586,0.3103448275862069,0.0,0.3076923076923077,0.6666666666666666,11.187485944531032,27.96871486132758,0.18049010172634636,0.0,0.0,2.5,0.0,0.5,0.5,0.0,0.0
H2_30,M,False,4-1-4-1,3,0,0,0,0,0,4,1,4,1,74,0.0,13.728056140350878,2.0,0.0,0.0,0,9,1,14,2,8,2.0,0.2647058823529412,0.4411764705882353,0.29411764705882354,0.0,0.2903225806451613,0.6666666666666666,10.254688385357333,25.636720963393334,0.26774204392116224,0.0,0.0,2.5,0.0,0.5,0.5,0.0,0.0
H1_15,A,False,4-1-4-1,3,2,1,2,2,0,4,1,4,1,14,25.572322947368427,68.6933189308125,1.0,1.0,1.0,2,6,1,5,0,0,1.0,0.5714285714285714,0.42857142857142855,0.0,0.6666666666666666,0.5454545454545454,0.0,10.860931287658099,152.05303802721338,0.6199523738638483,0.23119289313118688,12.786161473684214,14.0,3.0,8.0,1.0,1.0,1.0
H1_30,A,False,4-1-4-1,4,2,1,2,2,0,4,1,4,1,29,0.0,5.296199999999999,1.0,0.0,1.0,2,7,2,7,0,1,2.0,0.47368421052631576,0.47368421052631576,0.05263157894736842,0.5,0.4666666666666667,0.0,12.621294004218758,31.553235010546892,0.08392483366966504,0.4957018820596323,0.0,2.5,0.5,0.5,0.5,0.5,0.0
H1_45,A,False,4-1-4-1,4,2,1,2,2,0,4,1,4,1,44,0.0,0.0,1.0,0.0,1.0,2,7,2,8,1,3,2.0,0.391304347826087,0.43478260869565216,0.17391304347826086,0.4,0.3888888888888889,0.2,11.171737406981205,22.34347481396241,0.0,0.20721553787246752,0.0,2.0,0.5,0.0,0.0,0.5,0.0
H2_15,A,False,4-1-4-1,5,2,1,2,2,0,4,1,4,1,59,0.0,0.0,1.0,0.0,0.0,2,7,2,8,1,5,2.0,0.36,0.4,0.24,0.4,0.35,0.2,7.296542942942942,14.593085885885884,0.0,0.0,0.0,2.0,0.0,0.0,0.0,0.0,0.0
H2_30,A,False,4-1-4-1,6,2,1,2,2,0,4,1,4,1,74,8.343879999999999,21.999636465116282,2.0,1.0,1.0,3,9,2,12,1,6,2.0,0.36363636363636365,0.42424242424242425,0.21212121212121213,0.5,0.3333333333333333,0.16666666666666666,10.327164395657572,41.30865758263029,0.36727792962552364,0.10099432526111043,8.343879999999999,4.0,0.5,1.5,1.0,0.5,0.5
H1_15,M,False,4-1-4-1,1,1,0,1,1,0,4,1,4,1,14,0.0,46.24708841021507,2.0,2.0,1.0,0,6,1,5,0,3,2.0,0.4,0.4,0.2,0.0,0.42857142857142855,0.0,9.805513104308279,73.54134828231209,0.3144291578166392,0.18268983074681588,0.0,7.5,0.5,3.0,1.0,0.5,1.0
H1_30,M,False,4-1-4-1,2,1,0,1,1,0,4,1,4,1,29,0.0,17.613169090909086,1.0,0.0,1.0,0,8,2,6,0,4,2.0,0.4,0.4,0.2,0.0,0.4444444444444444,0.0,11.459952862253365,28.649882155633414,0.30738641428313546,0.33729180929057295,0.0,2.5,0.5,1.0,1.0,0.5,0.0
H1_45,M,False,4-1-4-1,3,1,0,1,1,0,4,1,4,1,44,0.0,0.0,1.0,0.0,1.0,0,8,2,6,1,6,2.0,0.34782608695652173,0.34782608695652173,0.30434782608695654,0.0,0.4,0.3333333333333333,11.650102680798904,17.475154021198357,0.0,0.3766383589723569,0.0,1.5,0.5,0.0,0.0,0.5,0.0
H2_15,M,False,4-1-4-1,5,1,0,1,1,0,4,1,4,1,59,0.0,0.0,2.0,0.0,1.0,0,8,4,10,1,7,2.0,0.26666666666666666,0.4666666666666667,0.26666666666666666,0.0,0.32,0.2,10.361617397686526,36.26566089190284,0.0,0.49125383046759713,0.0,3.5,1.0,0.0,0.0,0.5,0.0
H1_15,D,False,4-1-4-1,1,0,0,0,0,0,4,1,4,1,14,10.604237837837838,45.06485193675889,2.0,1.0,1.0,1,4,0,1,0,5,2.0,0.45454545454545453,0.09090909090909091,0.45454545454545453,1.0,0.4,0.0,10.551443540762355,58.03293947419295,0.47963355190161083,0.09136395583195907,10.604237837837838,5.5,0.5,2.5,1.0,0.5,0.5
H1_30,D,False,4-1-4-1,1,0,0,0,0,0,4,1,4,1,29,0.0,0.0,0.0,0.0,0.0,1,4,0,1,0,6,2.0,0.4166666666666667,0.08333333333333333,0.5,1.0,0.36363636363636365,0.0,15.808787878787877,15.808787878787877,0.0,0.0,0.0,1.0,0.0,0.0,0.0,0.0,0.0
H1_45,D,False,4-1-4-1,1,0,0,0,0,0,4,1,4,1,44,0.0,41.530434782608694,2.0,0.0,0.0,1,5,0,2,0,9,2.0,0.35294117647058826,0.11764705882352941,0.5294117647058824,1.0,0.3125,0.0,16.03390513443074,40.08476283607685,0.5180326867897884,0.0,0.0,2.5,0.0,0.5,0.5,0.0,0.0
H2_15,D,False,4-1-4-1,3,0,0,0,0,0,4,1,4,1,59,0.0,0.0,2.0,0.0,2.0,1,5,1,4,1,14,2.0,0.23076923076923078,0.19230769230769232,0.5769230769230769,0.3333333333333333,0.21739130434782608,0.3333333333333333,9.921060547754102,44.644772464893464,0.0,0.3017898275192908,0.0,4.5,1.0,0.0,0.0,1.0,0.0
H2_30,D,False,4-1-4-1,3,0,0,0,0,0,4,1,4,1,74,0.0,14.99152542372881,0.0,0.0,0.0,1,6,1,4,1,14,2.0,0.25925925925925924,0.18518518518518517,0.5555555555555556,0.3333333333333333,0.25,0.3333333333333333,14.99152542372881,14.99152542372881,1.0,0.0,0.0,1.0,0.0,1.0,1.0,0.0,0.0
H1_15,M,False,4-1-4-1,2,0,0,0,0,0,4,1,4,1,14,0.0,43.834362563335425,2.0,1.0,1.0,0,4,1,3,1,1,2.0,0.4,0.4,0.2,0.0,0.5,0.5,12.492286842103915,62.46143421051958,0.35089141898020143,0.1251328713215702,0.0,5.0,1.0,2.0,1.0,0.5,0.5
H1_30,M,False,4-1-4-1,3,0,0,0,0,0,4,1,4,1,29,0.0,27.848112727272724,2.0,0.0,1.0,0,5,1,6,2,4,2.0,0.2777777777777778,0.3888888888888889,0.3333333333333333,0.0,0.3333333333333333,0.6666666666666666,12.242893164738351,48.971572658953406,0.2843293692160128,0.1175696365746047,0.0,4.0,0.5,0.5,0.5,0.5,0.0
H1_45,M,False,4-1-4-1,4,0,0,0,0,0,4,1,4,1,44,0.0,14.9118127090301,2.0,0.0,1.0,0,7,2,11,2,8,2.0,0.23333333333333334,0.43333333333333335,0.3333333333333333,0.0,0.2692307692307692,0.5,8.460770122881089,50.764620737286535,0.14687209805230947,0.11243361847491833,0.0,6.0,0.5,1.0,1.0,0.5,0.0
H2_15,M,False,4-1-4-1,4,0,0,0,0,0,4,1,4,1,59,0.0,0.0,1.0,0.0,0.0,0,7,2,13,2,10,2.0,0.20588235294117646,0.4411764705882353,0.35294117647058826,0.0,0.23333333333333334,0.5,13.397910965423465,26.79582193084693,0.0,0.0,0.0,2.0,0.0,0.0,0.0,0.0,0.0
H1_15,D,False,4-1-4-1,4,0,0,0,0,0,4,1,4,1,14,18.05209655172414,9.966293333333336,2.0,0.0,2.0,1,1,0,2,3,2,2.0,0.2222222222222222,0.2222222222222222,0.5555555555555556,0.25,0.2,0.75,12.557241264248866,56.50758568911989,0.24791706762347313,0.5457032524880338,18.05209655172414,4.5,2.0,1.0,1.0,1.0,0.0
H1_30,D,False,4-1-4-1,6,0,0,0,0,0,4,1,4,1,29,0.0,0.0,1.0,0.0,1.0,1,1,0,5,5,4,2.0,0.125,0.3125,0.5625,0.16666666666666666,0.1,0.8333333333333334,14.235792665739606,49.82527433008862,0.0,0.4378059148419715,0.0,3.5,1.0,0.0,0.0,0.5,0.0
H1_45,D,False,4-1-4-1,7,0,0,0,0,0,4,1,4,1,44,0.0,0.0,2.0,0.0,1.0,1,1,1,8,5,5,2.0,0.09523809523809523,0.42857142857142855,0.47619047619047616,0.14285714285714285,0.07142857142857142,0.7142857142857143,10.968727045487801,27.421817613719504,0.0,0.1154517069864097,0.0,2.5,0.5,0.0,0.0,0.5,0.0
H2_15,D,False,4-1-4-1,9,0,0,0,0,0,4,1,4,1,59,0.0,0.0,1.0,0.0,1.0,1,1,1,9,7,5,2.0,0.08333333333333333,0.4166666666666667,0.5,0.1111111111111111,0.06666666666666667,0.7777777777777778,11.964862612542284,35.89458783762685,0.0,0.8666200035042239,0.0,3.0,2.0,0.0,0.0,1.0,0.0
H2_30,D,False,4-1-4-1,9,0,0,0,0,0,4,1,4,1,74,0.0,27.120942056074764,1.0,0.0,0.0,1,2,1,9,7,6,2.0,0.11538461538461539,0.38461538461538464,0.5,0.1111111111111111,0.11764705882352941,0.7777777777777778,22.019428774516257,44.038857549032514,0.6158411812994586,0.0,0.0,2.0,0.0,1.0,1.0,0.0,0.0
H2_30,M,False,4-1-4-1,0,0,0,0,0,0,4,1,4,1,10,0.0,8.246777777777776,2.0,0.0,0.0,0,1,0,2,0,2,2.0,0.2,0.4,0.4,0.0,0.2,0.0,11.531939835087954,28.829849587719885,0.14302498791548504,0.0,0.0,2.5,0.0,0.5,0.5,0.0,0.0
H1_15,M,False,4-1-4-1,2,0,0,0,0,0,4,1,4,1,14,14.356506122448977,61.52710727405627,2.0,1.0,2.0,1,6,0,4,1,2,2.0,0.5,0.2857142857142857,0.21428571428571427,0.5,0.5,0.5,14.16747457961163,99.1723220572814,0.38258463562381484,0.12449433162391987,14.356506122448977,7.0,1.0,3.5,1.0,1.0,0.5
H1_30,M,False,4-1-4-1,3,0,0,0,0,0,4,1,4,1,29,0.0,0.0,1.0,0.0,1.0,1,6,1,6,1,3,2.0,0.3888888888888889,0.3888888888888889,0.2222222222222222,0.3333333333333333,0.4,0.3333333333333333,16.803545833333335,33.60709166666667,0.0,0.2363294188982765,0.0,2.0,0.5,0.0,0.0,0.5,0.0
H1_45,M,False,4-1-4-1,4,0,0,0,0,0,4,1,4,1,44,0.0,0.0,2.0,0.0,1.0,1,6,2,10,1,5,2.0,0.28,0.48,0.24,0.25,0.2857142857142857,0.25,9.269214096322303,32.44224933712806,0.0,0.15763052788810095,0.0,3.5,0.5,0.0,0.0,0.5,0.0
H2_15,M,False,4-1-4-1,5,0,0,0,0,0,4,1,4,1,59,0.0,5.795233333333334,2.0,0.0,1.0,1,7,3,11,1,8,2.0,0.25806451612903225,0.45161290322580644,0.2903225806451613,0.2,0.2692307692307692,0.2,13.512641598215668,40.537924794647004,0.0714791564034204,0.4010860496404065,0.0,3.0,0.5,0.5,0.5,0.5,0.0
H2_30,M,False,4-1-4-1,8,0,0,0,0,0,4,1,4,1,74,35.29728489795919,27.827171941391942,2.0,1.0,1.0,3,11,4,13,1,9,2.0,0.34146341463414637,0.4146341463414634,0.24390243902439024,0.375,0.3333333333333333,0.125,11.322927874312906,56.614639371564536,0.5574923512721007,0.38496697724895057,17.648642448979594,5.0,1.5,3.0,1.0,0.5,0.5
H1_15,M,False,4-1-4-1,3,0,0,0,0,0,4,1,4,1,14,25.032074531155473,52.06251453980886,2.0,2.0,1.0,2,7,1,7,0,1,2.0,0.5,0.4444444444444444,0.05555555555555555,0.6666666666666666,0.4666666666666667,0.0,11.094676706138168,99.85209035524352,0.38604394157741273,0.21847958853110264,12.516037265577737,9.0,1.5,4.5,1.0,0.5,1.0
H1_30,M,False,4-1-4-1,6,0,0,0,0,0,4,1,4,1,29,0.0,0.0,2.0,0.0,2.0,2,7,2,9,2,3,2.0,0.36,0.44,0.2,0.3333333333333333,0.3684210526315789,0.3333333333333333,13.546505204681997,47.41276821638699,0.0,0.26609794376930407,0.0,3.5,1.5,0.0,0.0,1.0,0.0
H1_45,M,False,4-1-4-1,7,0,0,0,0,0,4,1,4,1,44,0.0,17.464723100303953,2.0,1.0,1.0,2,9,3,12,2,3,2.0,0.3548387096774194,0.4838709677419355,0.16129032258064516,0.2857142857142857,0.375,0.2857142857142857,14.736853147789956,44.21055944336987,0.1975175537268969,0.4543777302009743,0.0,3.0,0.5,1.0,0.5,0.5,0.5
H2_15,M,False,4-1-4-1,7,0,0,0,0,0,4,1,4,1,59,0.0,0.0,0.0,0.0,0.0,2,9,3,12,2,5,2.0,0.3333333333333333,0.45454545454545453,0.21212121212121213,0.2857142857142857,0.34615384615384615,0.2857142857142857,6.5468625454545455,6.5468625454545455,0.0,0.0,0.0,1.0,0.0,0.0,0.0,0.0,0.0
H2_30,M,False,4-1-4-1,8,2,1,2,2,0,4,1,4,1,74,14.59591836734694,10.082876190476192,2.0,1.0,1.0,3,10,3,14,2,7,2.0,0.3333333333333333,0.4358974358974359,0.23076923076923078,0.375,0.3225806451612903,0.25,12.21117476644307,36.63352429932921,0.33683347466346586,0.19921531775219076,14.59591836734694,3.0,0.5,1.0,0.5,0.5,0.5
H1_15,G,True,4-2-3-1,0,0,0,0,0,0,4,2,3,1,14,0.0,0.0,0.0,0.0,0.0,0,0,0,1,0,0,1.0,0.0,1.0,0.0,0.0,0.0,0.0,7.2321290322580625,7.2321290322580625,0.0,0.0,0.0,1.0,0.0,0.0,0.0,0.0,0.0
H1_30,G,True,4-2-3-1,0,0,0,0,0,0,4,2,3,1,29,0.0,0.0,0.0,0.0,0.0,0,0,0,2,0,0,1.0,0.0,1.0,0.0,0.0,0.0,0.0,5.342516666666667,5.342516666666667,0.0,0.0,0.0,1.0,0.0,0.0,0.0,0.0,0.0
H1_45,G,True,4-2-3-1,0,0,0,0,0,0,4,2,3,1,44,0.0,0.0,0.0,0.0,0.0,0,0,0,2,0,0,1.0,0.0,0.0,0.0,0.0,0.0,0.0,0.0,0.0,0.0,0.0,0.0,0.0,0.0,0.0,0.0,0.0,0.0
H2_15,G,True,4-2-3-1,0,0,0,0,0,0,4,2,3,1,59,0.0,0.0,0.0,0.0,0.0,0,0,0,2,0,0,1.0,0.0,0.0,0.0,0.0,0.0,0.0,0.0,0.0,0.0,0.0,0.0,0.0,0.0,0.0,0.0,0.0,0.0
H2_30,G,True,4-2-3-1,0,0,0,0,0,0,4,2,3,1,74,0.0,0.0,0.0,0.0,0.0,0,0,0,2,0,0,1.0,0.0,0.0,0.0,0.0,0.0,0.0,0.0,0.0,0.0,0.0,0.0,0.0,0.0,0.0,0.0,0.0,0.0
H1_15,D,True,4-2-3-1,1,0,0,0,0,0,4,2,3,1,14,0.0,0.0,2.0,0.0,1.0,0,0,1,5,0,4,2.0,0.0,0.6,0.4,0.0,0.0,0.0,13.880083617130477,69.40041808565239,0.0,0.04888500809624637,0.0,5.0,0.5,0.0,0.0,0.5,0.0
H1_30,D,True,4-2-3-1,4,0,0,0,0,0,4,2,3,1,29,25.30062051282051,0.0,2.0,0.0,2.0,1,0,3,11,0,4,2.0,0.05263157894736842,0.7368421052631579,0.21052631578947367,0.25,0.0,0.0,18.31328548370324,82.40978467666457,0.15350495461241462,0.3904244651142114,25.30062051282051,4.5,1.5,0.5,0.5,1.0,0.0
H1_45,D,True,4-2-3-1,6,0,0,0,0,0,4,2,3,1,44,0.0,39.38978092575334,2.0,1.0,2.0,1,3,3,15,2,7,2.0,0.12903225806451613,0.5806451612903226,0.2903225806451613,0.16666666666666666,0.12,0.3333333333333333,13.287125713162789,79.72275427897674,0.24704227345128624,0.22581059135329323,0.0,6.0,1.0,1.5,1.0,1.0,0.5
H2_15,D,True,4-2-3-1,8,0,0,0,0,0,4,2,3,1,59,0.0,12.569479245283018,2.0,0.0,2.0,1,4,5,23,2,11,2.0,0.10869565217391304,0.6086956521739131,0.2826086956521739,0.125,0.10526315789473684,0.25,12.505467813610103,93.79100860207578,0.06700791169978329,0.260844613372847,0.0,7.5,1.0,0.5,0.5,1.0,0.0
H2_30,D,True,4-2-3-1,11,0,0,0,0,0,4,2,3,1,74,20.61485195195195,29.912441929824563,1.0,1.0,1.0,3,8,6,25,2,11,2.0,0.2,0.5636363636363636,0.23636363636363636,0.2727272727272727,0.18181818181818182,0.18181818181818182,8.917851793971979,40.1303330728739,0.6295399266936366,0.4178996056615305,10.307425975975976,4.5,1.5,3.0,0.5,0.5,0.5
H1_15,D,True,4-2-3-1,3,0,0,0,0,0,4,2,3,1,14,0.0,0.0,2.0,0.0,1.0,0,0,1,5,2,5,2.0,0.0,0.46153846153846156,0.5384615384615384,0.0,0.0,0.6666666666666666,12.839002770891197,83.45351801079278,0.0,0.3210735476635815,0.0,6.5,1.5,0.0,0.0,0.5,0.0
H1_30,D,True,4-2-3-1,4,0,0,0,0,0,4,2,3,1,29,0.0,23.072605356125354,2.0,0.0,1.0,0,2,1,8,3,5,2.0,0.10526315789473684,0.47368421052631576,0.42105263157894735,0.0,0.13333333333333333,0.75,12.68342279517104,38.05026838551312,0.3031858425065641,0.14061896803128307,0.0,3.0,0.5,1.0,1.0,0.5,0.0
H1_45,D,True,4-2-3-1,4,0,0,0,0,0,4,2,3,1,44,0.0,0.0,1.0,0.0,0.0,0,2,1,11,3,7,2.0,0.08333333333333333,0.5,0.4166666666666667,0.0,0.1,0.75,21.633431400419287,54.083578501048216,0.0,0.0,0.0,2.5,0.0,0.0,0.0,0.0,0.0
H2_15,D,True,4-2-3-1,4,0,0,0,0,0,4,2,3,1,59,0.0,0.0,1.0,0.0,0.0,0,2,1,16,3,7,2.0,0.06896551724137931,0.5862068965517241,0.3448275862068966,0.0,0.08,0.75,12.51976664285714,31.299416607142852,0.0,0.0,0.0,2.5,0.0,0.0,0.0,0.0,0.0
H2_30,D,True,4-2-3-1,4,0,0,0,0,0,4,2,3,1,74,0.0,0.0,0.0,0.0,0.0,0,2,1,16,3,7,2.0,0.0,0.0,0.0,0.0,0.0,0.0,0.0,0.0,0.0,0.0,0.0,0.0,0.0,0.0,0.0,0.0,0.0
H1_15,D,True,4-2-3-1,0,0,0,0,0,0,4,2,3,1,14,0.0,0.0,1.0,0.0,0.0,0,0,0,5,0,1,2.0,0.0,0.8333333333333334,0.16666666666666666,0.0,0.0,0.0,10.538533220113221,31.61559966033966,0.0,0.0,0.0,3.0,0.0,0.0,0.0,0.0,0.0
H1_30,D,True,4-2-3-1,1,1,0,1,1,0,4,2,3,1,29,0.0,0.0,1.0,0.0,1.0,0,0,1,7,0,1,2.0,0.0,0.8888888888888888,0.1111111111111111,0.0,0.0,0.0,9.292246371519047,27.87673911455714,0.0,0.5784006680997357,0.0,3.0,1.0,0.0,0.0,1.0,0.0
H1_45,D,True,4-2-3-1,1,1,0,1,1,0,4,2,3,1,44,0.0,38.03706991559165,2.0,1.0,0.0,0,3,1,10,0,2,2.0,0.1875,0.6875,0.125,0.0,0.2,0.0,14.224216221029925,49.78475677360474,0.38201522293826323,0.0,0.0,3.5,0.0,1.5,1.0,0.0,0.5
H2_15,D,True,4-2-3-1,2,1,0,1,1,0,4,2,3,1,59,0.0,0.0,1.0,0.0,1.0,0,3,2,15,0,2,2.0,0.13636363636363635,0.7727272727272727,0.09090909090909091,0.0,0.15,0.0,8.839110091043425,53.03466054626055,0.0,0.14011577553345064,0.0,6.0,1.0,0.0,0.0,1.0,0.0
H2_30,D,True,4-2-3-1,2,1,0,1,1,0,4,2,3,1,74,0.0,0.0,0.0,0.0,0.0,0,3,2,15,0,2,2.0,0.0,0.0,0.0,0.0,0.0,0.0,0.0,0.0,0.0,0.0,0.0,0.0,0.0,0.0,0.0,0.0,0.0
H1_15,M,True,4-2-3-1,0,0,0,0,0,0,4,2,3,1,14,0.0,10.591288888888888,2.0,0.0,0.0,0,1,0,6,0,1,2.0,0.125,0.75,0.125,0.0,0.125,0.0,19.494277756440233,77.97711102576093,0.06791280639641736,0.0,0.0,4.0,0.0,0.5,0.5,0.0,0.0
H1_30,M,True,4-2-3-1,1,0,0,0,0,0,4,2,3,1,29,0.0,4.967408695652174,1.0,0.0,0.0,0,2,0,7,1,3,2.0,0.15384615384615385,0.5384615384615384,0.3076923076923077,0.0,0.16666666666666666,1.0,9.134354058680241,22.835885146700605,0.10876321771065396,0.35467048872527474,0.0,2.5,0.5,0.5,0.5,0.5,0.0
H1_45,M,True,4-2-3-1,3,0,0,0,0,0,4,2,3,1,44,0.0,8.997664864864864,2.0,0.0,1.0,0,3,2,9,1,6,2.0,0.14285714285714285,0.5238095238095238,0.3333333333333333,0.0,0.16666666666666666,0.3333333333333333,11.916629934268762,47.66651973707505,0.09438139090597876,0.41265464144457215,0.0,4.0,1.0,0.5,0.5,0.5,0.0
H2_15,M,True,4-2-3-1,5,1,0,1,0,0,4,2,3,1,59,0.0,5.397119999999998,2.0,0.0,1.0,0,4,4,15,1,8,2.0,0.125,0.59375,0.28125,0.0,0.14814814814814814,0.2,10.43472138070541,57.39096759387975,0.047020639538542595,0.22853170722582658,0.0,5.5,1.0,0.5,0.5,0.5,0.0
H1_15,M,True,4-2-3-1,0,0,0,0,0,0,4,2,3,1,14,0.0,7.460717647058824,1.0,0.0,0.0,0,1,0,1,0,4,2.0,0.16666666666666666,0.16666666666666666,0.6666666666666666,0.0,0.16666666666666666,0.0,12.10099828495702,36.30299485487106,0.10275622819666297,0.0,0.0,3.0,0.0,0.5,0.5,0.0,0.0
H1_30,M,True,4-2-3-1,0,0,0,0,0,0,4,2,3,1,29,0.0,10.416780487804878,1.0,0.0,0.0,0,2,0,3,0,5,2.0,0.2,0.3,0.5,0.0,0.2,0.0,14.217524437524439,28.435048875048878,0.183167972272159,0.0,0.0,2.0,0.0,0.5,0.5,0.0,0.0
H1_45,M,True,4-2-3-1,5,1,0,1,1,0,4,2,3,1,44,37.40741835748792,14.454392857142857,2.0,1.0,2.0,2,3,2,10,1,5,2.0,0.21739130434782608,0.5217391304347826,0.2608695652173913,0.4,0.16666666666666666,0.2,19.70467196168663,128.0803677509631,0.20245808208276636,0.46723998525661453,18.70370917874396,6.5,2.5,1.5,1.0,1.0,0.5
H2_15,M,True,4-2-3-1,8,1,0,1,1,0,4,2,3,1,59,0.0,0.0,2.0,0.0,2.0,2,3,4,14,2,8,2.0,0.15151515151515152,0.5454545454545454,0.30303030303030304,0.25,0.12,0.25,13.08780056298392,65.4390028149196,0.0,0.21795694203927354,0.0,5.0,1.5,0.0,0.0,1.0,0.0
H1_15,A,True,4-2-3-1,0,0,0,0,0,0,4,2,3,1,14,0.0,54.069419815614424,2.0,1.0,0.0,0,3,0,4,0,1,2.0,0.375,0.5,0.125,0.0,0.375,0.0,12.578754689858307,50.31501875943323,0.5373089501777967,0.0,0.0,4.0,0.0,1.5,1.0,0.0,0.5
H1_30,A,True,4-2-3-1,1,0,0,0,0,0,4,2,3,1,29,25.877111688311683,39.616515261327685,2.0,2.0,1.0,1,6,0,6,0,2,2.0,0.4666666666666667,0.4,0.13333333333333333,1.0,0.42857142857142855,0.0,16.709067920814416,58.48173772285046,0.5599493918940884,0.2212409608187888,25.877111688311683,3.5,0.5,2.0,1.0,0.5,1.0
H1_45,A,True,4-2-3-1,1,0,0,0,0,0,4,2,3,1,44,0.0,47.844288766788765,2.0,2.0,0.0,1,10,0,9,0,2,2.0,0.5,0.4090909090909091,0.09090909090909091,1.0,0.47619047619047616,0.0,11.296469048226925,39.53764166879424,0.6050473263880922,0.0,0.0,3.5,0.0,2.0,1.0,0.0,1.0
H2_15,A,True,4-2-3-1,3,1,0,1,1,0,4,2,3,1,59,0.0,21.81287722473605,2.0,0.0,1.0,1,12,1,11,1,2,2.0,0.4642857142857143,0.42857142857142855,0.10714285714285714,0.3333333333333333,0.48,0.3333333333333333,19.065356674208147,57.19607002262444,0.19068510490412857,0.3843303729501288,0.0,3.0,1.0,1.0,1.0,0.5,0.0
H1_15,M,True,4-2-3-1,1,0,0,0,0,0,4,2,3,1,14,0.0,21.75606296296296,2.0,1.0,1.0,0,3,1,5,0,0,2.0,0.3333333333333333,0.6666666666666666,0.0,0.0,0.375,0.0,9.952110370231344,44.78449666604104,0.2428972589018739,0.06365297991231542,0.0,4.5,0.5,1.5,1.0,0.5,0.5
H1_30,M,True,4-2-3-1,2,1,0,1,1,0,4,2,3,1,29,0.0,34.567946774038916,2.0,1.0,1.0,0,6,2,6,0,0,2.0,0.42857142857142855,0.5714285714285714,0.0,0.0,0.5,0.0,11.22086740358827,28.052168508970677,0.6161368017410951,0.21806757259164164,0.0,2.5,0.5,1.5,1.0,0.5,0.5
H1_45,M,True,4-2-3-1,4,1,0,1,1,0,4,2,3,1,44,23.38249844155844,30.742396783625722,1.0,1.0,1.0,2,8,2,12,0,1,2.0,0.4,0.56,0.04,0.5,0.38095238095238093,0.0,11.498723767620818,63.2429807219145,0.42791227269296933,0.18486240033794063,11.69124922077922,5.5,1.0,2.0,1.0,0.5,0.5
H2_15,M,True,4-2-3-1,7,3,0,3,3,0,4,2,3,1,59,0.0,27.71754927131783,2.0,1.0,2.0,2,11,5,14,0,2,2.0,0.38235294117647056,0.5588235294117647,0.058823529411764705,0.2857142857142857,0.4074074074074074,0.0,15.737191251833561,70.81736063325103,0.19569741814342306,0.41431334525662283,0.0,4.5,1.5,1.5,1.0,1.0,0.5
H2_30,M,True,4-2-3-1,7,3,0,3,3,0,4,2,3,1,74,0.0,18.320632432432433,0.0,0.0,0.0,2,12,5,14,0,2,2.0,0.4,0.5428571428571428,0.05714285714285714,0.2857142857142857,0.42857142857142855,0.0,18.320632432432433,18.320632432432433,1.0,0.0,0.0,1.0,0.0,1.0,1.0,0.0,0.0
H2_30,M,True,4-2-3-1,1,0,0,0,0,0,4,2,3,1,11,15.191966666666666,40.31891325227963,1.0,1.0,1.0,1,5,0,1,0,0,1.0,0.8571428571428571,0.14285714285714285,0.0,1.0,0.8333333333333334,0.0,8.717643715128975,61.023506005902824,0.9096638910516991,0.24895270136063866,15.191966666666666,7.0,1.0,6.0,1.0,1.0,1.0
H2_30,D,True,4-2-3-1,3,0,0,0,0,0,4,2,3,1,11,36.87232939150402,6.262307692307693,1.0,1.0,1.0,2,1,1,3,0,0,2.0,0.42857142857142855,0.5714285714285714,0.0,0.6666666666666666,0.25,0.0,16.117313534874313,56.410597372060096,0.3823274268779158,0.5200472432718145,18.43616469575201,3.5,1.5,1.5,0.5,0.5,0.5
H1_15,D,True,4-2-3-1,3,0,0,0,0,0,4,2,3,1,14,12.510857142857144,16.816878787878792,2.0,0.0,2.0,1,1,2,2,0,3,2.0,0.2222222222222222,0.4444444444444444,0.3333333333333333,0.3333333333333333,0.16666666666666666,0.0,13.083642254725513,58.87639014626481,0.24906194026058615,0.2739748776316177,12.510857142857144,4.5,1.5,1.0,1.0,1.0,0.0
H1_30,D,True,4-2-3-1,4,0,0,0,0,0,4,2,3,1,29,0.0,0.0,1.0,0.0,1.0,1,1,3,6,0,5,2.0,0.125,0.5625,0.3125,0.25,0.08333333333333333,0.0,11.703750125656951,40.96312543979933,0.0,0.07937931896282398,0.0,3.5,0.5,0.0,0.0,0.5,0.0
H1_45,D,True,4-2-3-1,7,0,0,0,0,0,4,2,3,1,44,10.77556842105263,44.83478583996648,2.0,1.0,2.0,2,5,3,9,2,7,2.0,0.25,0.42857142857142855,0.32142857142857145,0.2857142857142857,0.23809523809523808,0.2857142857142857,14.749147057370314,88.49488234422188,0.31420096161442096,0.37831415243005506,10.77556842105263,6.0,1.5,2.5,0.5,1.0,0.5
H2_15,D,True,4-2-3-1,9,0,0,0,0,0,4,2,3,1,59,19.489572881355933,19.49195061728395,2.0,1.0,2.0,3,6,4,14,2,8,2.0,0.24324324324324326,0.4864864864864865,0.2702702702702703,0.3333333333333333,0.21428571428571427,0.2222222222222222,20.42879663512413,91.92958485805859,0.21201838101862563,0.24307285271852438,19.489572881355933,4.5,1.0,1.0,0.5,1.0,0.5
H2_30,M,True,4-2-3-1,0,0,0,0,0,0,4,2,3,1,11,0.0,12.962749090909083,1.0,0.0,0.0,0,1,0,2,0,0,2.0,0.3333333333333333,0.6666666666666666,0.0,0.0,0.3333333333333333,0.0,12.573057124505928,18.85958568675889,0.34366473649551293,0.0,0.0,1.5,0.0,0.5,0.5,0.0,0.0
H2_30,A,True,4-2-3-1,0,0,0,0,0,0,4,2,3,1,3,0.0,14.31250344827586,0.0,0.0,0.0,0,1,0,0,0,0,1.0,1.0,0.0,0.0,0.0,1.0,0.0,14.31250344827586,14.31250344827586,1.0,0.0,0.0,1.0,0.0,1.0,1.0,0.0,0.0
H1_15,M,True,4-2-3-1,0,0,0,0,0,0,4,2,3,1,14,0.0,0.0,1.0,0.0,0.0,0,0,0,3,0,0,2.0,0.0,1.0,0.0,0.0,0.0,0.0,8.4161079537456,12.624161930618401,0.0,0.0,0.0,1.5,0.0,0.0,0.0,0.0,0.0
H1_30,M,True,4-2-3-1,1,0,0,0,0,0,4,2,3,1,29,0.0,19.960891139240506,1.0,0.0,1.0,0,1,1,4,0,1,2.0,0.14285714285714285,0.7142857142857143,0.14285714285714285,0.0,0.16666666666666666,0.0,16.376804024142224,32.75360804828445,0.304712859569772,0.4332014070020073,0.0,2.0,0.5,0.5,0.5,0.5,0.0
H1_45,M,True,4-2-3-1,3,2,0,1,2,0,4,2,3,1,44,30.34743880597015,25.412695891210237,2.0,2.0,2.0,2,5,1,7,0,4,2.0,0.3684210526315789,0.42105263157894735,0.21052631578947367,0.6666666666666666,0.3125,0.0,15.785425899433356,94.71255539660014,0.29436506313070077,0.16020810904580196,15.173719402985075,6.0,1.0,3.0,1.0,1.0,1.0
H2_15,M,True,4-2-3-1,6,2,0,1,2,0,4,2,3,1,59,11.85209756097561,0.0,2.0,0.0,2.0,3,5,2,12,1,5,2.0,0.2857142857142857,0.5,0.21428571428571427,0.5,0.22727272727272727,0.16666666666666666,15.205141618188284,68.42313728184727,0.08660884338111155,0.3274877752303068,11.85209756097561,4.5,1.5,0.5,0.5,1.0,0.0
H2_30,M,True,4-2-3-1,6,3,0,2,3,0,4,2,3,1,74,0.0,9.766472727272728,0.0,0.0,0.0,3,6,2,12,1,5,2.0,0.3103448275862069,0.4827586206896552,0.20689655172413793,0.5,0.2608695652173913,0.16666666666666666,9.766472727272728,9.766472727272728,1.0,0.0,0.0,1.0,0.0,1.0,1.0,0.0,0.0
H1_15,M,True,4-2-3-1,1,0,0,0,0,0,4,2,3,1,14,0.0,23.03893400083438,2.0,1.0,1.0,0,2,1,2,0,3,2.0,0.25,0.375,0.375,0.0,0.2857142857142857,0.0,13.524746675771032,54.09898670308413,0.2129331379835341,0.127894955555712,0.0,4.0,0.5,1.0,0.5,0.5,0.5
H1_30,M,True,4-2-3-1,1,0,0,0,0,0,4,2,3,1,29,0.0,21.45775058823529,1.0,0.0,0.0,0,3,1,4,0,4,2.0,0.25,0.4166666666666667,0.3333333333333333,0.0,0.2727272727272727,0.0,10.51245325681492,21.02490651362984,0.5102936028354002,0.0,0.0,2.0,0.0,0.5,0.5,0.0,0.0
H1_45,M,True,4-2-3-1,3,0,0,0,0,0,4,2,3,1,44,21.67942237762238,76.41804011227988,2.0,2.0,2.0,2,9,1,7,0,5,2.0,0.4583333333333333,0.3333333333333333,0.20833333333333334,0.6666666666666666,0.42857142857142855,0.0,12.003053672674483,72.0183220360469,0.6810590674467681,0.15051324277432698,10.83971118881119,6.0,1.0,4.0,1.0,1.0,1.0
H2_15,M,True,4-2-3-1,5,0,0,0,0,0,4,2,3,1,59,14.18844,51.080724124079076,2.0,1.0,1.0,3,13,2,13,0,5,2.0,0.4444444444444444,0.4166666666666667,0.1388888888888889,0.6,0.41935483870967744,0.0,14.406993998738935,86.44196399243361,0.37753170514376666,0.2174767237310426,14.18844,6.0,1.0,2.5,1.0,0.5,0.5
H2_30,M,True,4-2-3-1,0,0,0,0,0,0,4,2,3,1,3,0.0,0.0,0.0,0.0,0.0,0,0,0,1,0,0,1.0,0.0,1.0,0.0,0.0,0.0,0.0,12.349019607843136,12.349019607843136,0.0,0.0,0.0,1.0,0.0,0.0,0.0,0.0,0.0
H1_15,G,False,3-4-3,0,0,0,0,0,0,3,4,3,0,14,0.0,0.0,0.0,0.0,0.0,0,0,0,0,0,0,0.0,0.0,0.0,0.0,0.0,0.0,0.0,0.0,0.0,0.0,0.0,0.0,0.0,0.0,0.0,0.0,0.0,0.0
H1_30,G,False,3-4-3,0,0,0,0,0,0,3,4,3,0,29,0.0,0.0,0.0,0.0,0.0,0,0,0,0,0,0,0.0,0.0,0.0,0.0,0.0,0.0,0.0,0.0,0.0,0.0,0.0,0.0,0.0,0.0,0.0,0.0,0.0,0.0
H1_45,G,False,3-4-3,0,0,0,0,0,0,3,4,3,0,44,0.0,0.0,0.0,0.0,0.0,0,0,0,0,0,0,0.0,0.0,0.0,0.0,0.0,0.0,0.0,0.0,0.0,0.0,0.0,0.0,0.0,0.0,0.0,0.0,0.0,0.0
H2_15,G,False,3-4-3,0,0,0,0,0,0,3,4,3,0,59,0.0,0.0,0.0,0.0,0.0,0,0,0,1,0,0,1.0,0.0,1.0,0.0,0.0,0.0,0.0,6.42648275862069,6.42648275862069,0.0,0.0,0.0,1.0,0.0,0.0,0.0,0.0,0.0
H2_30,G,False,3-4-3,0,0,0,0,0,0,3,4,3,0,74,0.0,0.0,0.0,0.0,0.0,0,0,0,1,0,0,1.0,0.0,0.0,0.0,0.0,0.0,0.0,0.0,0.0,0.0,0.0,0.0,0.0,0.0,0.0,0.0,0.0,0.0
H1_15,M,False,3-4-3,1,2,0,1,2,0,3,4,3,0,14,9.84057142857143,56.54838429948228,2.0,1.0,1.0,1,5,0,3,0,1,2.0,0.6,0.3,0.1,1.0,0.5555555555555556,0.0,12.456980743076672,62.28490371538336,0.5329458004095519,0.07899644088348304,9.84057142857143,5.0,0.5,3.0,0.5,0.5,0.5
H1_30,M,False,3-4-3,2,2,0,1,2,0,3,4,3,0,29,0.0,0.0,2.0,0.0,1.0,1,5,1,7,0,4,2.0,0.3333333333333333,0.4444444444444444,0.2222222222222222,0.5,0.3125,0.0,13.894670348109631,55.578681392438526,0.0,0.10555020947677161,0.0,4.0,0.5,0.0,0.0,0.5,0.0
H1_45,M,False,3-4-3,6,2,0,1,2,0,3,4,3,0,44,7.126153846153846,19.559957366771158,2.0,1.0,1.0,2,8,2,12,2,6,2.0,0.3125,0.4375,0.25,0.3333333333333333,0.3076923076923077,0.3333333333333333,13.611716672400423,95.28201670680296,0.14003750201384887,0.3445569782966623,7.126153846153846,7.0,2.0,2.0,0.5,0.5,0.5
H2_15,M,False,3-4-3,10,2,0,1,2,0,3,4,3,0,59,0.0,39.27489781228712,2.0,1.0,2.0,2,12,6,18,2,8,2.0,0.2916666666666667,0.5,0.20833333333333334,0.2,0.3157894736842105,0.2,14.871141515925153,118.96913212740122,0.16506339547904142,0.41891028102497213,0.0,8.0,2.0,2.0,0.5,1.0,0.5
H2_30,M,False,3-4-3,12,2,0,1,2,0,3,4,3,0,74,5.705142857142857,18.41532394366197,1.0,1.0,1.0,3,13,6,19,3,11,2.0,0.2909090909090909,0.45454545454545453,0.2545454545454545,0.25,0.3023255813953488,0.25,16.51646851181246,115.61527958268722,0.20862698155354148,0.1039272337864541,5.705142857142857,7.0,2.0,2.0,1.0,1.0,1.0
H1_15,D,False,3-4-3,0,0,0,0,0,0,3,4,3,0,14,0.0,0.0,2.0,0.0,0.0,0,0,0,2,0,2,2.0,0.0,0.5,0.5,0.0,0.0,0.0,9.627999211681221,19.255998423362442,0.0,0.0,0.0,2.0,0.0,0.0,0.0,0.0,0.0
H1_30,D,False,3-4-3,0,0,0,0,0,0,3,4,3,0,29,0.0,0.0,2.0,0.0,0.0,0,0,0,3,0,7,2.0,0.0,0.3,0.7,0.0,0.0,0.0,8.622082476634908,25.866247429904725,0.0,0.0,0.0,3.0,0.0,0.0,0.0,0.0,0.0
H1_45,D,False,3-4-3,0,0,0,0,0,0,3,4,3,0,44,0.0,0.0,0.0,0.0,0.0,0,0,0,3,0,8,2.0,0.0,0.2727272727272727,0.7272727272727273,0.0,0.0,0.0,12.232546153846153,12.232546153846153,0.0,0.0,0.0,1.0,0.0,0.0,0.0,0.0,0.0
H2_15,D,False,3-4-3,2,0,0,0,0,0,3,4,3,0,59,11.859512195121953,7.067972413793104,2.0,1.0,2.0,1,1,1,5,0,11,2.0,0.10526315789473684,0.3157894736842105,0.5789473684210527,0.5,0.058823529411764705,0.0,12.816303432713918,51.26521373085567,0.18460358624744136,0.4799301588433831,11.859512195121953,4.0,1.0,1.0,0.5,1.0,0.5
H2_30,D,False,3-4-3,2,0,0,0,0,0,3,4,3,0,74,0.0,0.0,0.0,0.0,0.0,1,1,1,5,0,11,2.0,0.0,0.0,0.0,0.0,0.0,0.0,0.0,0.0,0.0,0.0,0.0,0.0,0.0,0.0,0.0,0.0,0.0
H1_15,D,False,3-4-3,0,0,0,0,0,0,3,4,3,0,14,0.0,0.0,1.0,0.0,0.0,0,0,0,1,0,2,2.0,0.0,0.3333333333333333,0.6666666666666666,0.0,0.0,0.0,6.415324979958314,9.62298746993747,0.0,0.0,0.0,1.5,0.0,0.0,0.0,0.0,0.0
H1_30,D,False,3-4-3,2,0,0,0,0,0,3,4,3,0,29,7.616450000000001,10.415657142857144,2.0,1.0,2.0,1,1,1,1,0,4,2.0,0.25,0.25,0.5,0.5,0.16666666666666666,0.0,8.305067965367964,20.762669913419913,0.43424345756231786,0.37315614463124197,7.616450000000001,2.5,1.0,1.0,0.5,1.0,0.5
H1_45,D,False,3-4-3,3,0,0,0,0,0,3,4,3,0,44,0.0,34.98445590171127,1.0,1.0,1.0,1,3,1,1,1,4,2.0,0.36363636363636365,0.18181818181818182,0.45454545454545453,0.3333333333333333,0.375,0.3333333333333333,14.886555888805717,44.65966766641715,0.7833568346953604,0.2166431653046397,0.0,3.0,1.0,2.0,1.0,1.0,1.0
H2_15,D,False,3-4-3,6,0,0,0,0,0,3,4,3,0,59,9.243882352941178,28.70170769230769,1.0,1.0,1.0,2,5,2,1,2,8,2.0,0.35,0.15,0.5,0.3333333333333333,0.35714285714285715,0.3333333333333333,14.48428892876436,65.17930017943962,0.29108620329448204,0.3642342237316997,9.243882352941178,4.5,1.5,1.5,1.0,0.5,0.5
H2_30,D,False,3-4-3,6,0,0,0,0,0,3,4,3,0,74,0.0,0.0,0.0,0.0,0.0,2,5,2,1,2,10,2.0,0.3181818181818182,0.13636363636363635,0.5454545454545454,0.3333333333333333,0.3125,0.3333333333333333,7.878161111111112,7.878161111111112,0.0,0.0,0.0,1.0,0.0,0.0,0.0,0.0,0.0
H1_15,D,False,3-4-3,0,0,0,0,0,0,3,4,3,0,14,0.0,0.0,0.0,0.0,0.0,0,0,0,0,0,1,1.0,0.0,0.0,1.0,0.0,0.0,0.0,5.911822222222222,5.911822222222222,0.0,0.0,0.0,1.0,0.0,0.0,0.0,0.0,0.0
H1_30,D,False,3-4-3,1,0,0,0,0,0,3,4,3,0,29,0.0,0.0,2.0,0.0,1.0,0,0,0,1,1,3,2.0,0.0,0.2,0.8,0.0,0.0,1.0,9.801092388291517,19.602184776583034,0.0,0.17250032952310337,0.0,2.0,0.5,0.0,0.0,0.5,0.0
H1_45,D,False,3-4-3,2,0,0,0,0,0,3,4,3,0,44,0.0,0.0,1.0,0.0,1.0,0,0,0,1,2,7,2.0,0.0,0.1,0.9,0.0,0.0,1.0,9.343993469073817,46.719967345369085,0.0,0.26957852746120115,0.0,5.0,1.0,0.0,0.0,1.0,0.0
H2_15,D,False,3-4-3,2,0,0,0,0,0,3,4,3,0,59,0.0,0.0,1.0,0.0,0.0,0,0,0,2,2,9,2.0,0.0,0.15384615384615385,0.8461538461538461,0.0,0.0,1.0,22.09072944537129,33.136094168056935,0.0,0.0,0.0,1.5,0.0,0.0,0.0,0.0,0.0
H2_30,D,False,3-4-3,2,0,0,0,0,0,3,4,3,0,74,0.0,0.0,1.0,0.0,0.0,0,0,0,3,2,10,2.0,0.0,0.2,0.8,0.0,0.0,1.0,9.187509019607845,18.37501803921569,0.0,0.0,0.0,2.0,0.0,0.0,0.0,0.0,0.0
H1_15,A,False,3-4-3,3,0,0,0,0,0,3,4,3,0,14,11.576553846153844,46.98127551540755,2.0,2.0,2.0,1,4,0,5,2,1,2.0,0.38461538461538464,0.38461538461538464,0.23076923076923078,0.3333333333333333,0.4,0.6666666666666666,11.742664492544467,76.32731920153904,0.3835967905995882,0.26940608612479217,11.576553846153844,6.5,1.5,2.5,1.0,1.0,1.0
H1_30,A,False,3-4-3,3,0,0,0,0,0,3,4,3,0,29,0.0,16.114616888888886,1.0,0.0,0.0,1,6,0,6,2,2,2.0,0.4117647058823529,0.35294117647058826,0.23529411764705882,0.3333333333333333,0.42857142857142855,0.6666666666666666,13.209424062013577,26.418848124027154,0.30498333638992237,0.0,0.0,2.0,0.0,1.0,1.0,0.0,0.0
H1_45,A,False,3-4-3,6,0,0,0,0,0,3,4,3,0,44,36.427004058338625,10.51296066252588,2.0,1.0,2.0,3,8,1,9,2,6,2.0,0.3793103448275862,0.3448275862068966,0.27586206896551724,0.5,0.34782608695652173,0.3333333333333333,11.441463415057527,68.64878049034516,0.3418849132175494,0.43690993849220733,18.213502029169312,6.0,1.5,2.0,1.0,1.0,0.5
H2_15,A,False,3-4-3,10,0,0,0,0,0,3,4,3,0,59,0.0,70.08036197227904,1.0,1.0,1.0,3,11,5,14,2,6,2.0,0.34146341463414637,0.4634146341463415,0.1951219512195122,0.3,0.3548387096774194,0.2,17.868028225121865,107.2081693507312,0.3268424523835089,0.40356719964317167,0.0,6.0,2.0,1.5,0.5,1.0,0.5
H2_30,A,False,3-4-3,10,0,0,0,0,0,3,4,3,0,74,0.0,5.435339130434784,1.0,0.0,0.0,3,12,5,17,2,8,2.0,0.3191489361702128,0.46808510638297873,0.2127659574468085,0.3,0.32432432432432434,0.2,10.893537606395215,32.68061281918565,0.08315846401821275,0.0,0.0,3.0,0.0,0.5,0.5,0.0,0.0
H1_15,M,False,3-4-3,0,0,0,0,0,0,3,4,3,0,14,0.0,30.80574593406594,2.0,1.0,0.0,0,2,0,5,0,2,2.0,0.2222222222222222,0.5555555555555556,0.2222222222222222,0.0,0.2222222222222222,0.0,14.29181582666085,64.31317121997382,0.23949795469344357,0.0,0.0,4.5,0.0,1.0,0.5,0.0,0.5
H1_30,M,False,3-4-3,0,0,0,0,0,0,3,4,3,0,29,0.0,23.46534653465346,2.0,0.0,0.0,0,3,0,8,0,3,2.0,0.21428571428571427,0.5714285714285714,0.21428571428571427,0.0,0.21428571428571427,0.0,12.327448046650092,30.81862011662523,0.38070079785945676,0.0,0.0,2.5,0.0,0.5,0.5,0.0,0.0
H1_45,M,False,3-4-3,1,0,0,0,0,0,3,4,3,0,44,0.0,16.559414634146343,2.0,0.0,1.0,0,5,1,13,0,8,2.0,0.18518518518518517,0.5185185185185185,0.2962962962962963,0.0,0.19230769230769232,0.0,12.71916784972578,82.67459102321757,0.10014814968661864,0.20561817064645244,0.0,6.5,0.5,1.0,1.0,0.5,0.0
H2_15,M,False,3-4-3,2,0,0,0,0,0,3,4,3,0,59,0.0,19.264149999999997,2.0,0.0,1.0,0,6,2,18,0,9,2.0,0.17142857142857143,0.5714285714285714,0.2571428571428571,0.0,0.18181818181818182,0.0,19.981453735124123,79.9258149404965,0.1205126905139588,0.3096451900336472,0.0,4.0,0.5,0.5,0.5,0.5,0.0
H2_30,M,False,3-4-3,2,0,0,0,0,0,3,4,3,0,74,0.0,0.0,1.0,0.0,0.0,0,6,2,20,0,10,2.0,0.15789473684210525,0.5789473684210527,0.2631578947368421,0.0,0.16666666666666666,0.0,8.192577558190601,24.577732674571806,0.0,0.0,0.0,3.0,0.0,0.0,0.0,0.0,0.0
H1_15,A,False,3-4-3,4,1,1,0,1,0,3,4,3,0,14,46.71861004329004,33.7378510527413,2.0,2.0,2.0,3,3,1,4,0,0,2.0,0.5454545454545454,0.45454545454545453,0.0,0.75,0.42857142857142855,0.0,13.498575073043144,74.24216290173729,0.5418515433239665,0.5515727706254165,15.572870014430015,5.5,2.0,3.0,1.0,1.0,1.0
H1_30,A,False,3-4-3,5,2,1,1,2,0,3,4,3,0,29,0.0,0.0,1.0,0.0,1.0,3,3,2,8,0,1,2.0,0.35294117647058826,0.5882352941176471,0.058823529411764705,0.6,0.25,0.0,12.739705357377398,76.43823214426439,0.0,0.273555253875256,0.0,6.0,1.0,0.0,0.0,1.0,0.0
H1_45,A,False,3-4-3,9,2,1,1,2,0,3,4,3,0,44,8.14935172413793,81.82292317764565,2.0,2.0,1.0,4,8,3,11,2,3,2.0,0.3870967741935484,0.45161290322580644,0.16129032258064516,0.4444444444444444,0.36363636363636365,0.2222222222222222,15.447534988796505,108.13274492157554,0.41602696281795565,0.39370651275073376,8.14935172413793,7.0,2.0,3.0,1.0,0.5,1.0
H2_15,A,False,3-4-3,12,2,1,1,2,0,3,4,3,0,59,0.0,15.032019047619048,2.0,0.0,1.0,4,10,6,16,2,3,2.0,0.34146341463414637,0.5365853658536586,0.12195121951219512,0.3333333333333333,0.3448275862068966,0.16666666666666666,10.518661711332033,52.59330855666016,0.14290809477620767,0.3859069853736165,0.0,5.0,1.5,1.0,1.0,0.5,0.0
H2_30,A,False,3-4-3,13,2,1,1,2,0,3,4,3,0,74,22.25151428571429,0.0,1.0,0.0,1.0,5,10,6,18,2,3,2.0,0.3409090909090909,0.5454545454545454,0.11363636363636363,0.38461538461538464,0.3225806451612903,0.15384615384615385,15.187995242154834,22.78199286323225,0.4883575027719788,0.4883575027719788,22.25151428571429,1.5,0.5,0.5,0.5,0.5,0.0
H1_15,A,False,3-4-3,4,0,0,0,0,0,3,4,3,0,14,32.983867924528305,25.859913046953043,2.0,1.0,1.0,1,3,3,7,0,0,2.0,0.2857142857142857,0.7142857142857143,0.0,0.25,0.3,0.0,14.511733701974652,101.58213591382257,0.2896364623667768,0.5278711496702309,32.983867924528305,7.0,2.0,2.0,1.0,0.5,0.5
H1_30,A,False,3-4-3,5,0,0,0,0,0,3,4,3,0,29,0.0,4.441142857142857,2.0,0.0,1.0,1,4,4,10,0,2,2.0,0.23809523809523808,0.6666666666666666,0.09523809523809523,0.2,0.25,0.0,16.88082048040404,50.64246144121212,0.04384801538821648,0.0,0.0,3.5,0.5,0.5,0.5,0.5,0.0
H1_45,A,False,3-4-3,9,2,1,0,1,0,3,4,3,0,44,0.0,36.54761519163763,2.0,1.0,1.0,1,6,6,18,2,4,2.0,0.1891891891891892,0.6486486486486487,0.16216216216216217,0.1111111111111111,0.21428571428571427,0.2222222222222222,11.876816913149353,95.01453530519483,0.19232644286604972,0.23795987014403877,0.0,8.0,2.0,1.0,0.5,0.5,0.5
H2_15,A,False,3-4-3,11,3,2,1,2,0,3,4,3,0,59,9.160921212121211,60.48942553849952,2.0,2.0,1.0,2,12,7,23,2,6,2.0,0.2692307692307692,0.5769230769230769,0.15384615384615385,0.18181818181818182,0.2926829268292683,0.18181818181818182,17.739684572522403,133.04763429391804,0.2617496625184437,0.1436068702570987,9.160921212121211,7.5,1.0,3.5,1.0,0.5,1.0
H2_30,A,False,3-4-3,13,3,2,1,2,0,3,4,3,0,74,8.233931034482758,0.0,1.0,0.0,1.0,3,12,8,26,2,7,2.0,0.25862068965517243,0.5862068965517241,0.15517241379310345,0.23076923076923078,0.26666666666666666,0.15384615384615385,11.071518942735565,27.678797356838913,0.14874076587088975,0.14874076587088975,8.233931034482758,3.0,1.0,0.5,0.5,0.5,0.0
H1_15,M,False,3-4-3,2,0,0,0,0,0,3,4,3,0,14,0.0,19.570185714285717,2.0,1.0,1.0,0,2,1,4,1,1,2.0,0.2222222222222222,0.5555555555555556,0.2222222222222222,0.0,0.2857142857142857,0.5,10.779199492066745,48.506397714300356,0.201727881645148,0.22333169025000507,0.0,4.5,1.0,1.0,0.5,0.5,0.5
H1_30,M,False,3-4-3,3,0,0,0,0,0,3,4,3,0,29,0.0,5.387519999999999,2.0,0.0,1.0,0,3,1,6,2,2,2.0,0.21428571428571427,0.5,0.2857142857142857,0.0,0.2727272727272727,0.6666666666666666,12.758743843371718,31.896859608429295,0.08445220103386376,0.31301281471023357,0.0,2.5,0.5,0.5,0.5,0.5,0.0
H1_45,M,False,3-4-3,6,0,0,0,0,0,3,4,3,0,44,12.203832558139531,16.533190909090912,2.0,1.0,2.0,1,5,1,10,4,5,2.0,0.23076923076923078,0.4230769230769231,0.34615384615384615,0.16666666666666666,0.25,0.6666666666666666,10.927534642264675,65.56520785358805,0.21914842038938043,0.4099782853990903,12.203832558139531,6.0,1.5,1.5,1.0,1.0,0.5
H2_15,M,False,3-4-3,9,0,0,0,0,0,3,4,3,0,59,13.93176888888889,23.94722814015929,2.0,2.0,1.0,2,8,3,15,4,8,2.0,0.25,0.45,0.3,0.2222222222222222,0.25806451612903225,0.4444444444444444,12.942764506436347,90.59935154505443,0.20904673368556737,0.393335382544864,13.93176888888889,7.0,1.5,2.0,1.0,0.5,1.0
H2_30,M,False,3-4-3,9,0,0,0,0,0,3,4,3,0,74,0.0,0.0,1.0,0.0,0.0,2,8,3,17,4,9,2.0,0.23255813953488372,0.46511627906976744,0.3023255813953488,0.2222222222222222,0.23529411764705882,0.4444444444444444,14.597742245989307,21.89661336898396,0.0,0.0,0.0,1.5,0.0,0.0,0.0,0.0,0.0
H1_15,M,False,3-4-3,1,0,0,0,0,0,3,4,3,0,14,0.0,43.050669758454106,2.0,0.0,1.0,0,2,1,5,0,0,2.0,0.25,0.75,0.0,0.0,0.2857142857142857,0.0,15.672449931551535,62.68979972620614,0.3433626359190432,0.05809128096015309,0.0,4.0,0.5,1.0,1.0,0.5,0.0
H1_30,M,False,3-4-3,1,0,0,0,0,0,3,4,3,0,29,0.0,0.0,1.0,0.0,0.0,0,2,1,6,0,2,2.0,0.18181818181818182,0.6363636363636364,0.18181818181818182,0.0,0.2,0.0,6.025155238095238,9.037732857142856,0.0,0.0,0.0,1.5,0.0,0.0,0.0,0.0,0.0
H1_45,M,False,3-4-3,3,0,0,0,0,0,3,4,3,0,44,12.124520930232556,19.00973650793651,2.0,1.0,2.0,1,4,2,11,0,3,2.0,0.23809523809523808,0.6190476190476191,0.14285714285714285,0.3333333333333333,0.2222222222222222,0.0,10.229933908692967,51.14966954346483,0.3043446586855511,0.3609772202480724,12.124520930232556,5.0,1.0,1.5,0.5,1.0,0.5
H2_15,M,False,3-4-3,4,0,0,0,0,0,3,4,3,0,59,0.0,0.0,2.0,0.0,1.0,1,4,2,15,1,6,2.0,0.1724137931034483,0.5862068965517241,0.2413793103448276,0.25,0.16,0.25,15.390276550004124,61.561106200016496,0.0,0.1503655363164595,0.0,4.0,0.5,0.0,0.0,0.5,0.0
H2_30,M,False,3-4-3,0,0,0,0,0,0,3,4,3,0,9,0.0,0.0,1.0,0.0,0.0,0,0,0,3,0,0,2.0,0.0,1.0,0.0,0.0,0.0,0.0,14.877335545119424,22.316003317679137,0.0,0.0,0.0,1.5,0.0,0.0,0.0,0.0,0.0
H1_15,G,True,4-3-3,0,0,0,0,0,0,4,3,3,0,14,0.0,0.0,0.0,0.0,0.0,0,0,0,0,0,0,0.0,0.0,0.0,0.0,0.0,0.0,0.0,0.0,0.0,0.0,0.0,0.0,0.0,0.0,0.0,0.0,0.0,0.0
H1_30,G,True,4-3-3,0,0,0,0,0,0,4,3,3,0,29,0.0,0.0,0.0,0.0,0.0,0,0,0,0,0,0,0.0,0.0,0.0,0.0,0.0,0.0,0.0,0.0,0.0,0.0,0.0,0.0,0.0,0.0,0.0,0.0,0.0,0.0
H1_45,G,True,4-3-3,0,0,0,0,0,0,4,3,3,0,44,0.0,0.0,0.0,0.0,0.0,0,0,0,0,0,0,0.0,0.0,0.0,0.0,0.0,0.0,0.0,0.0,0.0,0.0,0.0,0.0,0.0,0.0,0.0,0.0,0.0,0.0
H2_15,G,True,4-3-3,0,0,0,0,0,0,4,3,3,0,59,0.0,0.0,0.0,0.0,0.0,0,0,0,0,0,0,0.0,0.0,0.0,0.0,0.0,0.0,0.0,0.0,0.0,0.0,0.0,0.0,0.0,0.0,0.0,0.0,0.0,0.0
H2_30,G,True,4-3-3,0,0,0,0,0,0,4,3,3,0,74,0.0,5.133163636363636,1.0,0.0,0.0,0,1,0,1,0,0,1.0,0.5,0.5,0.0,0.0,0.5,0.0,11.480143582887703,22.960287165775405,0.2235670485870546,0.0,0.0,2.0,0.0,1.0,1.0,0.0,0.0
H1_15,D,True,4-3-3,1,0,0,0,0,0,4,3,3,0,14,0.0,33.302188107769425,2.0,1.0,1.0,0,3,1,4,0,0,2.0,0.375,0.625,0.0,0.0,0.42857142857142855,0.0,10.704624043733368,42.81849617493347,0.38887619933818435,0.14063837704438406,0.0,4.0,0.5,1.5,1.0,0.5,0.5
H1_30,D,True,4-3-3,1,0,0,0,0,0,4,3,3,0,29,0.0,13.93476129032258,1.0,0.0,0.0,0,4,1,6,0,0,2.0,0.36363636363636365,0.6363636363636364,0.0,0.0,0.4,0.0,11.928830290966568,17.893245436449853,0.3893860769923954,0.0,0.0,1.5,0.0,0.5,0.5,0.0,0.0
H1_45,D,True,4-3-3,1,0,0,0,0,0,4,3,3,0,44,0.0,10.749658536585365,1.0,0.0,0.0,0,5,1,9,0,2,2.0,0.29411764705882354,0.5882352941176471,0.11764705882352941,0.0,0.3125,0.0,12.29634314112589,73.77805884675534,0.145702647977138,0.0,0.0,6.0,0.0,1.0,1.0,0.0,0.0
H2_15,D,True,4-3-3,1,0,0,0,0,0,4,3,3,0,59,0.0,17.966944444444447,1.0,0.0,0.0,0,6,1,10,0,3,2.0,0.3,0.55,0.15,0.0,0.3157894736842105,0.0,15.449061862433865,46.347185587301595,0.38765988089182074,0.0,0.0,3.0,0.0,1.0,1.0,0.0,0.0
H2_30,D,True,4-3-3,2,0,0,0,0,0,4,3,3,0,74,0.0,32.7999829787234,1.0,1.0,1.0,0,8,1,14,1,5,2.0,0.27586206896551724,0.5172413793103449,0.20689655172413793,0.0,0.2962962962962963,0.5,21.097243789158295,94.93759705121232,0.17274496088746621,0.029695696781932557,0.0,4.5,0.5,1.0,0.5,0.5,0.5
H1_15,D,True,4-3-3,2,0,0,0,0,0,4,3,3,0,14,17.522607142857144,19.928765608465607,2.0,1.0,1.0,1,2,1,5,0,0,2.0,0.3333333333333333,0.6666666666666666,0.0,0.5,0.2857142857142857,0.0,11.4236507300221,51.40642828509945,0.3642674077998366,0.2681414157752896,17.522607142857144,4.5,1.0,1.5,0.5,0.5,0.5
H1_30,D,True,4-3-3,2,0,0,0,0,0,4,3,3,0,29,0.0,16.999372222222224,1.0,0.0,0.0,1,3,1,8,0,0,2.0,0.3076923076923077,0.6923076923076923,0.0,0.5,0.2727272727272727,0.0,17.62080740079365,35.2416148015873,0.24118321929812028,0.0,0.0,2.0,0.0,0.5,0.5,0.0,0.0
H1_45,D,True,4-3-3,3,0,0,0,0,0,4,3,3,0,44,0.0,16.4752875,2.0,0.0,1.0,1,4,2,12,0,2,2.0,0.23809523809523808,0.6666666666666666,0.09523809523809523,0.3333333333333333,0.2222222222222222,0.0,18.105191082130364,72.42076432852146,0.11374698715732513,0.3019413202111314,0.0,4.0,0.5,0.5,0.5,0.5,0.0
H2_15,D,True,4-3-3,4,0,0,0,0,0,4,3,3,0,59,0.0,19.961714780457637,2.0,0.0,1.0,1,6,3,14,0,4,2.0,0.25,0.6071428571428571,0.14285714285714285,0.25,0.25,0.0,15.528404793539165,54.34941677738708,0.18364240100514767,0.21392171687079817,0.0,3.5,0.5,1.0,1.0,0.5,0.0
H2_30,D,True,4-3-3,4,0,0,0,0,0,4,3,3,0,74,0.0,13.414103703703704,2.0,0.0,0.0,1,7,3,19,0,5,2.0,0.22857142857142856,0.6285714285714286,0.14285714285714285,0.25,0.22580645161290322,0.0,14.125916801679566,49.44070880587848,0.13565848900318328,0.0,0.0,3.5,0.0,0.5,0.5,0.0,0.0
H1_15,M,True,4-3-3,0,0,0,0,0,0,4,3,3,0,14,0.0,24.134426218487395,2.0,1.0,0.0,0,3,0,5,0,1,2.0,0.3333333333333333,0.5555555555555556,0.1111111111111111,0.0,0.3333333333333333,0.0,8.876554664722416,39.944495991250875,0.30209952109263827,0.0,0.0,4.5,0.0,1.5,1.0,0.0,0.5
H1_30,M,True,4-3-3,0,0,0,0,0,0,4,3,3,0,29,0.0,11.536078431372548,1.0,0.0,0.0,0,4,0,6,0,3,2.0,0.3076923076923077,0.46153846153846156,0.23076923076923078,0.0,0.3076923076923077,0.0,11.815322872715358,47.26129149086143,0.24409147671309817,0.0,0.0,4.0,0.0,1.0,1.0,0.0,0.0
H1_45,M,True,4-3-3,1,0,0,0,0,0,4,3,3,0,44,0.0,34.87537910447761,1.0,0.0,1.0,0,5,1,9,0,5,2.0,0.25,0.5,0.25,0.0,0.2631578947368421,0.0,18.2378305898046,127.6648141286322,0.27317925728022413,0.21172140575718287,0.0,7.0,1.0,1.0,1.0,1.0,0.0
H1_15,M,True,4-3-3,0,0,0,0,0,0,4,3,3,0,14,0.0,49.13427463203463,2.0,1.0,0.0,0,4,0,5,0,2,2.0,0.36363636363636365,0.45454545454545453,0.18181818181818182,0.0,0.36363636363636365,0.0,12.038381164174524,66.21109640295988,0.3710425993628324,0.0,0.0,5.5,0.0,2.0,1.0,0.0,0.5
H1_30,M,True,4-3-3,1,0,0,0,0,0,4,3,3,0,29,0.0,8.154375757575758,2.0,0.0,1.0,0,5,1,6,0,7,2.0,0.2631578947368421,0.3684210526315789,0.3684210526315789,0.0,0.2777777777777778,0.0,13.486684673831416,53.946738695325664,0.07557802338737404,0.23151672771787576,0.0,4.0,0.5,0.5,0.5,0.5,0.0
H1_45,M,True,4-3-3,7,0,0,0,0,0,4,3,3,0,44,41.03733223938224,32.30818141025641,2.0,1.0,2.0,3,9,3,10,1,9,2.0,0.34285714285714286,0.37142857142857144,0.2857142857142857,0.42857142857142855,0.32142857142857145,0.14285714285714285,12.107571517168475,96.8605721373478,0.3786138778203534,0.5029259233515597,13.679110746460745,8.0,3.0,3.5,1.0,1.0,0.5
H2_15,M,True,4-3-3,7,1,0,1,1,0,4,3,3,0,59,0.0,21.22350380487805,1.0,1.0,0.0,3,11,3,10,1,11,2.0,0.358974358974359,0.3333333333333333,0.3076923076923077,0.42857142857142855,0.34375,0.14285714285714285,19.28478425960275,38.5695685192055,0.2751327616526216,0.0,0.0,2.0,0.0,1.0,0.5,0.0,0.5
H2_30,M,True,4-3-3,7,1,0,1,1,0,4,3,3,0,74,0.0,12.298392857142856,2.0,0.0,0.0,3,12,3,15,1,13,2.0,0.3191489361702128,0.3829787234042553,0.2978723404255319,0.42857142857142855,0.3,0.14285714285714285,12.603381223175344,50.413524892701375,0.12197513349164123,0.0,0.0,4.0,0.0,0.5,0.5,0.0,0.0
H2_15,M,True,4-3-3,1,0,0,0,0,0,4,3,3,0,14,0.0,61.86286281969596,2.0,1.0,1.0,0,4,1,1,0,0,2.0,0.6666666666666666,0.3333333333333333,0.0,0.0,0.8,0.0,17.08148151079254,51.24444453237762,0.6036055555310912,0.12772861288497858,0.0,3.0,0.5,2.0,1.0,0.5,0.5
H2_30,M,True,4-3-3,3,0,0,0,0,0,4,3,3,0,29,15.785630188679242,21.152547016119108,2.0,1.0,1.0,1,7,2,4,0,0,2.0,0.5714285714285714,0.42857142857142855,0.0,0.3333333333333333,0.6363636363636364,0.0,9.763799342476544,39.055197369906175,0.47289707506715756,0.3626426881642031,15.785630188679242,4.0,1.0,2.0,1.0,0.5,0.5
H1_15,M,True,4-3-3,2,0,0,0,0,0,4,3,3,0,14,0.0,19.830515000000005,2.0,0.0,1.0,0,2,2,8,0,1,2.0,0.15384615384615385,0.7692307692307693,0.07692307692307693,0.0,0.18181818181818182,0.0,11.883813932018636,77.24479055812114,0.12836150410090744,0.2015492867937328,0.0,6.5,1.0,1.0,1.0,0.5,0.0
H1_30,M,True,4-3-3,4,0,0,0,0,0,4,3,3,0,29,6.491366666666667,27.66238088769093,2.0,1.0,2.0,1,5,2,10,1,6,2.0,0.24,0.48,0.28,0.25,0.23809523809523808,0.25,13.976497213568294,83.85898328140976,0.2036379778165576,0.08107462155268616,6.491366666666667,6.0,1.0,2.0,1.0,1.0,0.5
H1_45,M,True,4-3-3,6,1,0,0,1,0,4,3,3,0,44,8.89488,20.172420512820512,2.0,1.0,2.0,2,6,2,13,2,8,2.0,0.24242424242424243,0.45454545454545453,0.30303030303030304,0.3333333333333333,0.2222222222222222,0.3333333333333333,15.57405370377162,62.29621481508648,0.23329909047524658,0.19902139034475902,8.89488,4.0,1.0,1.0,0.5,1.0,0.5
H2_15,A,True,4-3-3,2,0,0,0,0,0,4,3,3,0,6,39.979923603603595,24.411635193798453,2.0,2.0,2.0,2,2,0,2,0,1,2.0,0.5714285714285714,0.2857142857142857,0.14285714285714285,1.0,0.4,0.0,12.524044078164541,43.8341542735759,0.7344907169364343,0.45603621498070385,19.989961801801797,3.5,1.0,2.0,1.0,1.0,1.0
H2_30,A,True,4-3-3,3,0,0,0,0,0,4,3,3,0,21,0.0,32.00014871794872,2.0,1.0,1.0,2,5,1,9,0,1,2.0,0.3888888888888889,0.5555555555555556,0.05555555555555555,0.6666666666666666,0.3333333333333333,0.0,9.236514373097082,50.80082905203395,0.31495695360770404,0.13856370361983947,0.0,5.5,0.5,1.5,1.0,0.5,0.5
H2_30,M,True,4-3-3,0,0,0,0,0,0,4,3,3,0,2,0.0,0.0,1.0,0.0,0.0,0,0,0,1,0,1,1.0,0.0,0.5,0.5,0.0,0.0,0.0,22.061038738508678,44.122077477017356,0.0,0.0,0.0,2.0,0.0,0.0,0.0,0.0,0.0
H1_15,D,True,4-3-3,4,0,0,0,0,0,4,3,3,0,14,8.210372413793102,70.3898753978396,2.0,2.0,2.0,1,8,2,4,1,2,2.0,0.5,0.3333333333333333,0.16666666666666666,0.25,0.5714285714285714,0.25,12.669967541680498,114.02970787512447,0.34464811528636435,0.3502929847008112,8.210372413793102,9.0,2.0,4.5,1.0,1.0,1.0
H1_30,D,True,4-3-3,9,0,0,0,0,0,4,3,3,0,29,15.105509433962265,5.789568,1.0,1.0,1.0,2,9,4,7,3,5,2.0,0.36666666666666664,0.36666666666666664,0.26666666666666666,0.2222222222222222,0.42857142857142855,0.3333333333333333,11.56136733601968,69.36820401611809,0.15060990644292288,0.5716819865837248,15.105509433962265,6.0,2.5,1.0,0.5,0.5,0.5
H1_45,D,True,4-3-3,10,0,0,0,0,0,4,3,3,0,44,10.393297297297297,25.908083492999264,2.0,1.0,1.0,3,12,4,11,3,5,2.0,0.39473684210526316,0.39473684210526316,0.21052631578947367,0.3,0.42857142857142855,0.3,11.065338003183918,44.26135201273567,0.41007989068941314,0.11740826731079916,10.393297297297297,4.0,0.5,2.0,1.0,0.5,0.5
H2_15,D,True,4-3-3,12,0,0,0,0,0,4,3,3,0,59,0.0,6.870342857142856,1.0,1.0,1.0,4,14,5,15,3,6,2.0,0.3829787234042553,0.425531914893617,0.19148936170212766,0.3333333333333333,0.4,0.25,10.290945706629477,36.01830997320317,0.09537292091514343,0.27156220744346105,0.0,4.5,1.0,1.5,0.5,0.5,0.5
H2_30,D,True,4-3-3,15,0,0,0,0,0,4,3,3,0,74,0.0,32.91075748069498,2.0,1.0,1.0,4,17,7,19,4,7,2.0,0.3620689655172414,0.4482758620689655,0.1896551724137931,0.26666666666666666,0.3953488372093023,0.26666666666666666,12.709388416339623,69.90163628986792,0.2354076329788672,0.42009938188994034,0.0,5.5,1.5,1.5,1.0,0.5,0.5
H2_15,M,True,4-3-3,1,0,0,0,0,0,4,3,3,0,6,11.982439024390244,0.0,0.0,0.0,0.0,1,0,0,0,0,1,2.0,0.5,0.0,0.5,1.0,0.0,0.0,11.78517551219512,11.78517551219512,0.5083691376505592,0.5083691376505592,11.982439024390244,1.0,0.5,0.5,0.5,0.5,0.0
H2_30,M,True,4-3-3,3,1,1,1,1,0,4,3,3,0,21,5.799999999999999,48.76142070344767,2.0,2.0,2.0,2,3,0,3,1,1,2.0,0.5,0.3,0.2,0.6666666666666666,0.42857142857142855,0.3333333333333333,16.408403960148,65.633615840592,0.41565149203392976,0.26921494860772155,5.799999999999999,4.0,1.0,2.0,1.0,1.0,1.0
H1_15,M,True,4-3-3,4,0,0,0,0,0,4,3,3,0,14,8.97174193548387,37.115759554137526,2.0,1.0,2.0,3,3,0,7,1,2,2.0,0.375,0.4375,0.1875,0.75,0.25,0.25,13.867977542245983,97.07584279572188,0.23737883783612365,0.18331656553962947,8.97174193548387,8.0,2.0,3.0,1.0,1.0,0.5
H1_30,M,True,4-3-3,6,0,0,0,0,0,4,3,3,0,29,0.0,45.08614021243191,2.0,1.0,1.0,3,7,2,12,1,4,2.0,0.3448275862068966,0.4827586206896552,0.1724137931034483,0.5,0.30434782608695654,0.16666666666666666,12.298117579905558,79.93776426938612,0.2820077633175601,0.273229576210578,0.0,6.5,1.0,2.0,1.0,0.5,0.5
H1_45,M,True,4-3-3,10,0,0,0,0,0,4,3,3,0,44,0.0,49.30200299850075,2.0,1.0,2.0,3,9,4,18,3,5,2.0,0.2857142857142857,0.5238095238095238,0.19047619047619047,0.3,0.28125,0.3,17.835760583305905,115.9324437914884,0.2126324667457775,0.29101366178529825,0.0,6.5,2.0,1.0,0.5,1.0,0.5
H1_15,M,True,4-3-3,2,0,0,0,0,0,4,3,3,0,14,0.0,29.72266224634911,2.0,1.0,1.0,0,3,2,6,0,2,2.0,0.23076923076923078,0.6153846153846154,0.15384615384615385,0.0,0.2727272727272727,0.0,14.63927819029309,95.15530823690509,0.15617973814109015,0.21217385609940728,0.0,6.5,1.0,1.5,0.5,0.5,0.5
H1_30,M,True,4-3-3,2,1,0,1,1,0,4,3,3,0,29,0.0,15.254077611940296,0.0,0.0,0.0,0,4,2,6,0,3,2.0,0.26666666666666666,0.5333333333333333,0.2,0.0,0.3076923076923077,0.0,29.493549675535363,29.493549675535363,0.2586002325890501,0.0,0.0,1.0,0.0,0.5,0.5,0.0,0.0
H1_45,M,True,4-3-3,4,1,0,1,1,0,4,3,3,0,44,0.0,42.36279333333333,2.0,1.0,1.0,0,7,4,6,0,9,2.0,0.2692307692307692,0.38461538461538464,0.34615384615384615,0.0,0.3181818181818182,0.0,19.146246605166382,105.30435632841511,0.20114454335210746,0.40024179145154815,0.0,5.5,1.0,1.5,1.0,0.5,0.5
H2_15,M,True,4-3-3,8,1,0,1,1,0,4,3,3,0,59,6.941951999999999,36.49443625784579,2.0,1.0,2.0,1,11,7,9,0,9,2.0,0.32432432432432434,0.43243243243243246,0.24324324324324326,0.125,0.3793103448275862,0.0,8.351065035672633,41.755325178363165,0.5201299244144518,0.3099545221306383,6.941951999999999,5.5,2.0,2.5,1.0,1.0,0.5
H2_30,M,True,4-3-3,10,1,0,1,1,0,4,3,3,0,74,17.528976271186437,46.87880932632427,1.0,1.0,1.0,2,15,8,11,0,9,2.0,0.37777777777777777,0.4222222222222222,0.2,0.2,0.42857142857142855,0.0,14.133182701925442,56.53273080770177,0.5696504014337839,0.3621158793413417,17.528976271186437,4.0,1.0,2.5,0.5,0.5,0.5
H1_15,A,True,4-3-3,2,0,0,0,0,0,4,3,3,0,14,25.34746829268293,66.49619874808941,2.0,1.0,1.0,1,5,1,8,0,1,2.0,0.375,0.5625,0.0625,0.5,0.35714285714285715,0.0,10.992594052839312,87.9407524227145,0.5221905914523979,0.18656821222419373,25.34746829268293,8.0,1.0,3.0,1.0,0.5,0.5
H1_30,A,True,4-3-3,3,0,0,0,0,0,4,3,3,0,29,0.0,50.79694938215104,2.0,1.0,1.0,1,7,1,11,1,2,2.0,0.34782608695652173,0.5217391304347826,0.13043478260869565,0.3333333333333333,0.35,0.3333333333333333,19.38894229105106,67.86129801867871,0.37427039317881355,0.094617569934247,0.0,3.5,0.5,1.0,0.5,0.5,0.5
H1_45,A,True,4-3-3,6,0,0,0,0,0,4,3,3,0,44,17.28467027027027,124.45184381451803,2.0,2.0,2.0,3,14,2,19,1,4,2.0,0.3953488372093023,0.4883720930232558,0.11627906976744186,0.5,0.3783783783783784,0.16666666666666666,13.00443218687648,130.0443218687648,0.5449546433400714,0.12413076511838256,8.642335135135134,10.0,1.5,4.5,1.0,1.0,1.0
H2_15,A,True,4-3-3,6,0,0,0,0,0,4,3,3,0,59,0.0,40.328246047619054,2.0,2.0,0.0,3,18,2,21,1,5,2.0,0.42,0.46,0.12,0.5,0.4090909090909091,0.16666666666666666,13.888999707952147,48.61149897783251,0.41480150679995764,0.0,0.0,3.5,0.0,2.0,1.0,0.0,1.0
H1_15,D,True,4-3-3,0,0,0,0,0,0,4,3,3,0,14,0.0,22.2164380861244,1.0,1.0,0.0,0,2,0,4,0,2,2.0,0.25,0.5,0.25,0.0,0.25,0.0,9.329539528026576,37.3181581121063,0.29766257513814987,0.0,0.0,4.0,0.0,1.0,0.5,0.0,0.5
H1_30,D,True,4-3-3,2,0,0,0,0,0,4,3,3,0,29,19.39574153846154,0.0,2.0,0.0,1.0,1,2,0,4,1,5,2.0,0.23076923076923078,0.3076923076923077,0.46153846153846156,0.5,0.18181818181818182,0.5,10.85176728559458,27.12941821398645,0.35746696419133217,0.49627432575213193,19.39574153846154,2.5,1.0,0.5,0.5,0.5,0.0
H1_45,D,True,4-3-3,2,0,0,0,0,0,4,3,3,0,44,0.0,8.609577142857145,1.0,0.0,0.0,1,3,0,8,1,6,2.0,0.21052631578947367,0.42105263157894735,0.3684210526315789,0.5,0.17647058823529413,0.5,11.172368581335233,33.5171057440057,0.12843556971497916,0.0,0.0,3.0,0.0,0.5,0.5,0.0,0.0
H2_15,D,True,4-3-3,2,0,0,0,0,0,4,3,3,0,59,0.0,0.0,2.0,0.0,0.0,1,3,0,11,1,7,2.0,0.17391304347826086,0.4782608695652174,0.34782608695652173,0.5,0.14285714285714285,0.5,9.094519197722311,18.189038395444623,0.0,0.0,0.0,2.0,0.0,0.0,0.0,0.0,0.0
H2_30,D,True,4-3-3,5,1,0,1,1,0,4,3,3,0,74,0.0,52.57081510307278,2.0,2.0,1.0,1,8,1,16,3,10,2.0,0.23076923076923078,0.4358974358974359,0.3333333333333333,0.2,0.23529411764705882,0.6,12.542941180489407,100.34352944391526,0.2619541857577177,0.3962730060990844,0.0,8.0,1.5,2.5,1.0,0.5,1.0
H1_15,G,False,4-3-3,0,0,0,0,0,0,4,3,3,0,14,0.0,0.0,0.0,0.0,0.0,0,0,0,0,0,0,0.0,0.0,0.0,0.0,0.0,0.0,0.0,0.0,0.0,0.0,0.0,0.0,0.0,0.0,0.0,0.0,0.0,0.0
H1_30,G,False,4-3-3,0,0,0,0,0,0,4,3,3,0,29,0.0,0.0,0.0,0.0,0.0,0,0,0,0,0,1,1.0,0.0,0.0,1.0,0.0,0.0,0.0,6.975483870967744,6.975483870967744,0.0,0.0,0.0,1.0,0.0,0.0,0.0,0.0,0.0
H1_45,G,False,4-3-3,0,0,0,0,0,0,4,3,3,0,44,0.0,0.0,0.0,0.0,0.0,0,0,0,1,0,1,2.0,0.0,0.5,0.5,0.0,0.0,0.0,6.090239999999999,6.090239999999999,0.0,0.0,0.0,1.0,0.0,0.0,0.0,0.0,0.0
H2_15,G,False,4-3-3,0,0,0,0,0,0,4,3,3,0,59,0.0,0.0,0.0,0.0,0.0,0,0,0,1,0,1,2.0,0.0,0.0,0.0,0.0,0.0,0.0,0.0,0.0,0.0,0.0,0.0,0.0,0.0,0.0,0.0,0.0,0.0
H2_30,G,False,4-3-3,0,0,0,0,0,0,4,3,3,0,74,0.0,0.0,0.0,0.0,0.0,0,0,0,1,0,1,2.0,0.0,0.0,0.0,0.0,0.0,0.0,0.0,0.0,0.0,0.0,0.0,0.0,0.0,0.0,0.0,0.0,0.0
H1_15,D,False,4-3-3,1,0,0,0,0,0,4,3,3,0,14,0.0,46.97812768328446,2.0,1.0,1.0,0,3,1,5,0,1,2.0,0.3,0.6,0.1,0.0,0.3333333333333333,0.0,18.690860799890146,93.45430399945073,0.25134277220426665,0.16758199015124264,0.0,5.0,0.5,1.5,1.0,0.5,0.5
H1_30,D,False,4-3-3,1,0,0,0,0,0,4,3,3,0,29,0.0,16.951459670164915,2.0,1.0,0.0,0,5,1,10,0,2,2.0,0.2777777777777778,0.6111111111111112,0.1111111111111111,0.0,0.29411764705882354,0.0,13.560630025236387,54.24252010094555,0.15625619568023555,0.0,0.0,4.0,0.0,1.0,0.5,0.0,0.5
H1_45,D,False,4-3-3,7,0,0,0,0,0,4,3,3,0,44,0.0,106.76144762374156,2.0,1.0,2.0,0,9,5,16,2,5,2.0,0.24324324324324326,0.5675675675675675,0.1891891891891892,0.0,0.3,0.2857142857142857,13.901119002037289,132.06063051935425,0.4042137584982038,0.2806649183407023,0.0,9.5,3.0,2.0,1.0,1.0,0.5
H2_15,D,False,4-3-3,8,0,0,0,0,0,4,3,3,0,59,0.0,0.0,1.0,0.0,1.0,0,9,6,17,2,6,2.0,0.225,0.575,0.2,0.0,0.28125,0.25,20.866704715447153,31.30005707317073,0.0,0.26389217056987524,0.0,1.5,0.5,0.0,0.0,0.5,0.0
H2_30,D,False,4-3-3,9,0,0,0,0,0,4,3,3,0,74,0.0,0.0,2.0,0.0,1.0,0,9,7,23,2,8,2.0,0.1836734693877551,0.6122448979591837,0.20408163265306123,0.0,0.225,0.2222222222222222,13.34944654429439,60.072509449324755,0.0,0.16148388202708167,0.0,4.5,0.5,0.0,0.0,0.5,0.0
H1_15,D,False,4-3-3,1,0,0,0,0,0,4,3,3,0,14,0.0,0.0,2.0,0.0,1.0,0,0,0,5,1,2,2.0,0.0,0.625,0.375,0.0,0.0,1.0,12.192262873238661,48.769051492954645,0.0,0.2876198044772603,0.0,4.0,0.5,0.0,0.0,0.5,0.0
H1_30,D,False,4-3-3,1,0,0,0,0,0,4,3,3,0,29,0.0,13.255723636363635,2.0,0.0,0.0,0,1,0,8,1,3,2.0,0.07692307692307693,0.6153846153846154,0.3076923076923077,0.0,0.08333333333333333,1.0,15.54772008425824,38.8693002106456,0.17051662320297103,0.0,0.0,2.5,0.0,0.5,0.5,0.0,0.0
H1_45,D,False,4-3-3,1,0,0,0,0,0,4,3,3,0,44,0.0,47.21189807249363,2.0,1.0,0.0,0,3,0,11,1,6,2.0,0.14285714285714285,0.5238095238095238,0.3333333333333333,0.0,0.15,1.0,16.71854504723984,66.87418018895936,0.35299048107275427,0.0,0.0,4.0,0.0,1.0,0.5,0.0,0.5
H2_15,D,False,4-3-3,1,0,0,0,0,0,4,3,3,0,59,0.0,0.0,1.0,0.0,0.0,0,3,0,15,1,7,2.0,0.11538461538461539,0.5769230769230769,0.3076923076923077,0.0,0.12,1.0,9.022129577948235,45.11064788974117,0.0,0.0,0.0,5.0,0.0,0.0,0.0,0.0,0.0
H2_30,D,False,4-3-3,1,0,0,0,0,0,4,3,3,0,74,0.0,8.559852631578948,1.0,0.0,0.0,0,4,0,16,1,8,2.0,0.13793103448275862,0.5517241379310345,0.3103448275862069,0.0,0.14285714285714285,1.0,12.688987931278136,19.033481896917205,0.22486302500871796,0.0,0.0,1.5,0.0,0.5,0.5,0.0,0.0
H1_15,M,False,4-3-3,2,0,0,0,0,0,4,3,3,0,14,0.0,0.0,2.0,0.0,1.0,0,0,2,8,0,4,2.0,0.0,0.7142857142857143,0.2857142857142857,0.0,0.0,0.0,12.238516385422642,85.6696146979585,0.0,0.22811559590029265,0.0,7.0,1.0,0.0,0.0,0.5,0.0
H1_30,M,False,4-3-3,2,2,0,0,2,0,4,3,3,0,29,0.0,53.53155807414308,2.0,1.0,0.0,0,3,2,12,0,5,2.0,0.13636363636363635,0.6363636363636364,0.22727272727272727,0.0,0.15,0.0,20.146648303661607,80.58659321464643,0.3321368725164935,0.0,0.0,4.0,0.0,1.5,1.0,0.0,0.5
H1_45,M,False,4-3-3,2,2,0,0,2,0,4,3,3,0,44,0.0,0.0,2.0,0.0,0.0,0,3,2,17,0,9,2.0,0.0967741935483871,0.6129032258064516,0.2903225806451613,0.0,0.10344827586206896,0.0,19.89574854169733,89.53086843763798,0.0,0.0,0.0,4.5,0.0,0.0,0.0,0.0,0.0
H2_15,M,False,4-3-3,2,2,0,0,2,0,4,3,3,0,59,0.0,15.22119375,1.0,0.0,0.0,0,4,2,21,0,9,2.0,0.1111111111111111,0.6388888888888888,0.25,0.0,0.11764705882352941,0.0,12.383761395502646,30.959403488756614,0.2458250488503083,0.0,0.0,2.5,0.0,0.5,0.5,0.0,0.0
H2_30,M,False,4-3-3,3,2,0,0,2,0,4,3,3,0,74,0.0,11.633889361702126,2.0,0.0,1.0,0,5,3,27,0,9,2.0,0.11363636363636363,0.6818181818181818,0.20454545454545456,0.0,0.12195121951219512,0.0,11.608278517277405,46.43311406910962,0.12527578211087245,0.07322222659758809,0.0,4.0,0.5,0.5,0.5,0.5,0.0
H1_15,M,False,4-3-3,2,0,0,0,0,0,4,3,3,0,14,0.0,0.0,2.0,0.0,2.0,0,0,2,6,0,3,2.0,0.0,0.7272727272727273,0.2727272727272727,0.0,0.0,0.0,12.981828503387675,71.40005676863221,0.0,0.13070307296125508,0.0,5.5,1.0,0.0,0.0,1.0,0.0
H1_30,M,False,4-3-3,3,1,0,0,1,0,4,3,3,0,29,0.0,13.03647816091954,2.0,0.0,1.0,0,2,3,11,0,4,2.0,0.1,0.7,0.2,0.0,0.11764705882352941,0.0,12.944454022852788,58.25004310283755,0.11190101729113132,0.0972929249711518,0.0,4.5,0.5,1.0,1.0,0.5,0.0
H1_45,M,False,4-3-3,6,2,0,0,2,0,4,3,3,0,44,0.0,0.0,2.0,0.0,2.0,0,2,5,14,1,7,2.0,0.06896551724137931,0.6551724137931034,0.27586206896551724,0.0,0.08695652173913043,0.16666666666666666,17.034418038493452,76.65488117322053,0.0,0.45603975725604673,0.0,4.5,1.5,0.0,0.0,1.0,0.0
H2_15,M,False,4-3-3,7,2,0,0,2,0,4,3,3,0,59,34.6163829059829,13.455413142174432,2.0,1.0,1.0,1,4,5,18,1,8,2.0,0.13513513513513514,0.6216216216216216,0.24324324324324326,0.14285714285714285,0.13333333333333333,0.14285714285714285,12.827124372569783,51.30849749027913,0.46845842696197626,0.3373357689195761,34.6163829059829,4.0,0.5,1.5,1.0,0.5,0.5
H2_30,M,False,4-3-3,3,0,0,0,0,0,4,3,3,0,13,28.82721739130435,13.379917460317458,1.0,1.0,1.0,1,2,2,2,0,1,2.0,0.375,0.5,0.125,0.3333333333333333,0.4,0.0,20.866137933620987,83.46455173448395,0.25284467462241006,0.6239314193622639,28.82721739130435,4.0,1.5,1.5,0.5,0.5,0.5
H2_30,A,False,4-3-3,1,0,0,0,0,0,4,3,3,0,6,24.888112941176473,27.150133333333333,1.0,1.0,1.0,1,1,0,2,0,0,2.0,0.5,0.5,0.0,1.0,0.3333333333333333,0.0,19.72859648420566,39.45719296841132,0.6594266134969439,0.31538118995314013,24.888112941176473,2.0,0.5,1.0,0.5,0.5,0.5
H1_15,A,False,4-3-3,2,0,0,0,0,1,4,3,3,0,14,15.47168148148148,30.513679963144963,2.0,1.0,2.0,1,3,1,3,0,0,2.0,0.5,0.5,0.0,0.5,0.5,0.0,9.94922827501148,39.79691310004592,0.5777503562779267,0.3156036869963196,15.47168148148148,4.0,1.0,2.0,1.0,1.0,0.5
H1_30,A,False,4-3-3,2,3,2,3,3,0,4,3,3,0,29,0.0,40.792415454545456,2.0,1.0,0.0,1,6,1,4,0,1,2.0,0.5384615384615384,0.38461538461538464,0.07692307692307693,0.5,0.5454545454545454,0.0,13.29197399207188,33.2299349801797,0.6137901786277413,0.0,0.0,2.5,0.0,1.5,0.5,0.0,0.5
H1_45,A,False,4-3-3,2,4,3,4,4,0,4,3,3,0,44,0.0,50.48458823529412,2.0,0.0,0.0,1,8,1,7,0,3,2.0,0.45,0.4,0.15,0.5,0.4444444444444444,0.0,13.853254951605761,48.48639233062016,0.5206057391427332,0.0,0.0,3.5,0.0,1.0,1.0,0.0,0.0
H2_15,A,False,4-3-3,4,4,3,4,4,0,4,3,3,0,59,19.253981249999995,42.33674712002973,1.0,1.0,1.0,2,11,2,8,0,5,2.0,0.4642857142857143,0.35714285714285715,0.17857142857142858,0.5,0.4583333333333333,0.0,15.805480764590934,63.221923058363735,0.48709945372249935,0.38592086623725286,19.253981249999995,4.0,1.0,2.0,0.5,0.5,0.5
H2_30,D,False,4-3-3,1,0,0,0,0,0,4,3,3,0,6,0.0,0.0,1.0,0.0,1.0,0,0,1,1,0,2,1.0,0.0,0.5,0.5,0.0,0.0,0.0,13.997807273236567,55.99122909294627,0.0,0.5297612586921545,0.0,4.0,1.0,0.0,0.0,1.0,0.0
H1_15,D,False,4-3-3,3,0,0,0,0,0,4,3,3,0,14,0.0,0.0,1.0,0.0,1.0,0,0,2,3,1,0,2.0,0.0,0.8333333333333334,0.16666666666666666,0.0,0.0,0.3333333333333333,17.254601722213334,51.76380516664,0.0,0.6860362647852356,0.0,3.0,1.5,0.0,0.0,0.5,0.0
H1_30,D,False,4-3-3,4,0,0,0,0,0,4,3,3,0,29,0.0,0.0,1.0,0.0,1.0,0,0,3,4,1,1,2.0,0.0,0.7777777777777778,0.2222222222222222,0.0,0.0,0.25,13.026617421136308,39.079852263408924,0.0,0.4107527519436143,0.0,3.0,1.0,0.0,0.0,1.0,0.0
H1_45,D,False,4-3-3,7,0,0,0,0,0,4,3,3,0,44,38.22033209908735,20.94050454545454,2.0,1.0,2.0,2,1,3,7,2,3,2.0,0.16666666666666666,0.5555555555555556,0.2777777777777778,0.2857142857142857,0.09090909090909091,0.2857142857142857,18.9073896030004,85.0832532135018,0.34766440168953067,0.42083569378627705,19.110166049543675,4.5,1.5,1.5,1.0,1.0,0.5
H2_15,D,False,4-3-3,7,0,0,0,0,0,4,3,3,0,59,0.0,0.0,1.0,0.0,0.0,2,1,3,9,2,4,2.0,0.14285714285714285,0.5714285714285714,0.2857142857142857,0.2857142857142857,0.07142857142857142,0.2857142857142857,16.551733439550144,24.827600159325215,0.0,0.0,0.0,1.5,0.0,0.0,0.0,0.0,0.0
H1_15,D,False,4-3-3,0,0,0,0,0,0,4,3,3,0,14,0.0,0.0,1.0,0.0,0.0,0,0,0,2,0,1,1.0,0.0,0.6666666666666666,0.3333333333333333,0.0,0.0,0.0,11.020953618357487,33.06286085507246,0.0,0.0,0.0,3.0,0.0,0.0,0.0,0.0,0.0
H1_30,D,False,4-3-3,0,0,0,0,0,0,4,3,3,0,29,0.0,0.0,0.0,0.0,0.0,0,0,0,3,0,1,1.0,0.0,0.75,0.25,0.0,0.0,0.0,9.023609756097562,9.023609756097562,0.0,0.0,0.0,1.0,0.0,0.0,0.0,0.0,0.0
H1_45,D,False,4-3-3,1,0,0,0,0,0,4,3,3,0,44,0.0,9.915018181818182,2.0,0.0,1.0,0,1,0,5,1,4,2.0,0.09090909090909091,0.45454545454545453,0.45454545454545453,0.0,0.1,1.0,10.187879911275214,35.65757968946325,0.13903100362064189,0.17488504062910343,0.0,3.5,0.5,0.5,0.5,0.5,0.0
H2_15,D,False,4-3-3,1,0,0,0,0,0,4,3,3,0,59,0.0,0.0,1.0,0.0,0.0,0,1,0,6,1,6,2.0,0.07142857142857142,0.42857142857142855,0.5,0.0,0.07692307692307693,1.0,14.27577896546864,21.41366844820296,0.0,0.0,0.0,1.5,0.0,0.0,0.0,0.0,0.0
H2_30,D,False,4-3-3,1,0,0,0,0,0,4,3,3,0,74,0.0,0.0,1.0,0.0,0.0,0,1,0,8,1,7,2.0,0.058823529411764705,0.47058823529411764,0.47058823529411764,0.0,0.0625,1.0,17.090969222481387,51.27290766744416,0.0,0.0,0.0,3.0,0.0,0.0,0.0,0.0,0.0
H1_15,M,False,4-3-3,2,0,0,0,0,0,4,3,3,0,14,0.0,10.38087111111111,2.0,0.0,1.0,0,1,1,5,1,2,2.0,0.1,0.6,0.3,0.0,0.125,0.5,13.441335704809712,67.20667852404856,0.077230948910803,0.12837363049013223,0.0,5.0,1.0,0.5,0.5,0.5,0.0
H1_30,M,False,4-3-3,2,0,0,0,0,0,4,3,3,0,29,0.0,45.68543382120525,2.0,2.0,0.0,0,7,1,8,1,2,2.0,0.3684210526315789,0.47368421052631576,0.15789473684210525,0.0,0.4117647058823529,0.5,9.577935980133919,43.100711910602634,0.5299846777004951,0.0,0.0,4.5,0.0,3.0,1.0,0.0,1.0
H1_45,M,False,4-3-3,3,0,0,0,0,0,4,3,3,0,44,0.0,14.303928571428573,2.0,0.0,1.0,0,8,2,15,1,5,2.0,0.25806451612903225,0.5483870967741935,0.1935483870967742,0.0,0.2857142857142857,0.3333333333333333,12.788558691019679,76.73135214611807,0.09320784901711279,0.12454062545434699,0.0,6.0,0.5,0.5,0.5,0.5,0.0
H2_15,M,False,4-3-3,3,0,0,0,0,0,4,3,3,0,59,0.0,18.042414536340853,1.0,1.0,0.0,0,10,2,16,1,5,2.0,0.29411764705882354,0.5294117647058824,0.17647058823529413,0.0,0.3225806451612903,0.3333333333333333,11.470959747407734,34.412879242223205,0.5242925013436116,0.0,0.0,3.0,0.0,2.0,1.0,0.0,1.0
H2_30,M,False,4-3-3,3,0,0,0,0,0,4,3,3,0,74,0.0,0.0,1.0,0.0,0.0,0,10,2,18,1,5,2.0,0.2777777777777778,0.5555555555555556,0.16666666666666666,0.0,0.30303030303030304,0.3333333333333333,15.284010310922138,30.568020621844276,0.0,0.0,0.0,2.0,0.0,0.0,0.0,0.0,0.0
H1_15,A,False,4-3-3,2,0,0,0,0,0,4,3,3,0,14,11.934829268292685,17.215079220779224,2.0,1.0,2.0,1,2,1,8,0,2,2.0,0.21428571428571427,0.6428571428571429,0.14285714285714285,0.5,0.16666666666666666,0.0,14.320532670086916,100.2437286906084,0.1453951726947428,0.12257562165652214,11.934829268292685,7.0,1.0,1.5,1.0,1.0,0.5
H1_30,A,False,4-3-3,3,0,0,0,0,0,4,3,3,0,29,23.95243636363636,16.47569411764706,1.0,1.0,1.0,2,3,1,10,0,2,2.0,0.2777777777777778,0.6111111111111112,0.1111111111111111,0.6666666666666666,0.2,0.0,13.374682620320854,53.49873048128342,0.7556839221713353,0.4477197149942865,23.95243636363636,4.0,1.0,2.0,1.0,1.0,1.0
H1_45,A,False,4-3-3,4,0,0,0,0,0,4,3,3,0,44,0.0,38.99418796296297,2.0,1.0,1.0,2,6,2,13,0,3,2.0,0.3076923076923077,0.5769230769230769,0.11538461538461539,0.5,0.2727272727272727,0.0,11.604371927608236,46.417487710432944,0.42003768284726134,0.10662853195124825,0.0,4.0,0.5,1.5,1.0,0.5,0.5
H2_15,A,False,4-3-3,6,0,0,0,0,0,4,3,3,0,59,0.0,17.2604776119403,2.0,0.0,1.0,2,7,4,17,0,6,2.0,0.25,0.5833333333333334,0.16666666666666666,0.3333333333333333,0.23333333333333334,0.0,13.524587474406786,67.62293737203393,0.12762295075249513,0.2942247739035417,0.0,5.0,1.0,0.5,0.5,0.5,0.0
H2_30,A,False,4-3-3,8,0,0,0,0,0,4,3,3,0,74,14.449019607843136,7.9022875,2.0,1.0,1.0,3,8,5,24,0,7,2.0,0.23404255319148937,0.6170212765957447,0.14893617021276595,0.375,0.20512820512820512,0.0,10.85260366042509,59.689320132338,0.18723037101350584,0.35940676733848,14.449019607843136,5.5,1.0,1.0,0.5,0.5,0.5
H1_15,A,False,4-3-3,0,0,0,0,0,1,4,3,3,0,14,0.0,11.82241212121212,2.0,0.0,0.0,0,2,0,4,0,4,2.0,0.2,0.4,0.4,0.0,0.2,0.0,13.167858915204528,65.83929457602264,0.08978234196875498,0.0,0.0,5.0,0.0,1.0,1.0,0.0,0.0
H1_30,A,False,4-3-3,2,1,0,1,1,1,4,3,3,0,29,0.0,8.471091891891891,2.0,0.0,2.0,0,3,2,9,0,6,2.0,0.15,0.55,0.3,0.0,0.16666666666666666,0.0,12.54863842812182,62.743192140609096,0.0675060640276953,0.2942499842298495,0.0,5.0,1.0,0.5,0.5,1.0,0.0
H1_45,A,False,4-3-3,4,1,0,1,1,1,4,3,3,0,44,0.0,24.848198018648016,2.0,1.0,2.0,0,6,3,12,1,9,2.0,0.1935483870967742,0.4838709677419355,0.3225806451612903,0.0,0.2222222222222222,0.25,16.815379771923723,92.48458874558048,0.13433696551867635,0.4127693921614876,0.0,5.5,1.0,1.5,0.5,1.0,0.5
H2_15,A,False,4-3-3,7,2,1,2,2,0,4,3,3,0,59,41.968068571428574,10.11946046511628,2.0,1.0,2.0,2,7,4,18,1,10,2.0,0.21428571428571427,0.5238095238095238,0.2619047619047619,0.2857142857142857,0.2,0.14285714285714285,13.947357928777842,76.71046860827813,0.3395073057272647,0.3908380194122841,20.984034285714287,5.5,1.5,1.5,1.0,1.0,0.5
H2_30,M,False,4-3-3,4,0,0,0,0,0,4,3,3,0,13,78.56355701578192,12.536616267942584,2.0,2.0,2.0,2,2,1,6,1,1,2.0,0.3076923076923077,0.5384615384615384,0.15384615384615385,0.5,0.2222222222222222,0.25,14.470791691693107,94.06014599600519,0.4842655320117918,0.5731293660070849,39.28177850789096,6.5,2.0,2.0,1.0,1.0,1.0
H1_15,D,True,4-3-3,2,0,0,0,0,0,4,3,3,0,14,0.0,9.645686128364389,2.0,0.0,2.0,0,2,1,1,1,5,2.0,0.2,0.2,0.6,0.0,0.25,0.5,12.308522449241881,61.54261224620941,0.07836591409035043,0.3701532946984766,0.0,5.0,1.0,1.0,1.0,1.0,0.0
H1_30,D,True,4-3-3,6,0,0,0,0,0,4,3,3,0,29,13.040035555555557,32.70445854545455,2.0,2.0,2.0,1,7,3,4,2,8,2.0,0.32,0.28,0.4,0.16666666666666666,0.3684210526315789,0.3333333333333333,10.969516575317357,82.27137431488018,0.2780097845815153,0.28941299863033515,13.040035555555557,7.5,2.0,3.0,1.0,1.0,1.0
H1_45,D,True,4-3-3,8,0,0,0,0,0,4,3,3,0,44,9.730217142857144,14.9662375,2.0,1.0,2.0,2,9,3,6,3,9,2.0,0.34375,0.28125,0.375,0.25,0.375,0.375,8.084121671824107,28.294425851384375,0.43641908078599184,0.31697256888680897,9.730217142857144,3.5,1.0,1.5,0.5,1.0,0.5
H2_15,D,True,4-3-3,11,0,0,0,0,0,4,3,3,0,59,0.0,33.234240170940176,2.0,1.0,2.0,2,12,4,9,5,13,2.0,0.3111111111111111,0.28888888888888886,0.4,0.18181818181818182,0.35294117647058826,0.45454545454545453,12.563363010185364,81.66185956620487,0.20348691756153633,0.3456500675459983,0.0,6.5,1.5,1.5,1.0,1.0,0.5
H2_30,D,True,4-3-3,11,1,0,0,1,0,4,3,3,0,74,0.0,22.647493999225706,2.0,1.0,0.0,2,15,4,12,5,14,2.0,0.3269230769230769,0.3076923076923077,0.36538461538461536,0.18181818181818182,0.36585365853658536,0.45454545454545453,18.040780066955424,63.142730234343986,0.1793357201626633,0.0,0.0,3.5,0.0,1.5,1.0,0.0,0.5
H1_15,D,True,4-3-3,1,0,0,0,0,0,4,3,3,0,14,0.0,4.973530434782608,2.0,0.0,1.0,0,1,0,2,1,4,2.0,0.125,0.25,0.625,0.0,0.14285714285714285,1.0,9.513137471516064,38.052549886064256,0.06535081682665414,0.25325560487579424,0.0,4.0,0.5,0.5,0.5,0.5,0.0
H1_30,D,True,4-3-3,1,0,0,0,0,0,4,3,3,0,29,0.0,10.361739130434785,2.0,0.0,0.0,0,2,0,3,1,10,2.0,0.125,0.1875,0.6875,0.0,0.13333333333333333,1.0,12.098767655642481,48.395070622569925,0.10705366266789162,0.0,0.0,4.0,0.0,0.5,0.5,0.0,0.0
H1_45,D,True,4-3-3,2,0,0,0,0,0,4,3,3,0,44,0.0,0.0,1.0,0.0,1.0,0,2,1,5,1,11,2.0,0.1,0.3,0.6,0.0,0.1111111111111111,0.5,9.912403311688312,19.824806623376624,0.0,0.14464802114325118,0.0,2.0,0.5,0.0,0.0,0.5,0.0
H2_15,D,True,4-3-3,2,0,0,0,0,0,4,3,3,0,59,0.0,20.204020739106454,1.0,0.0,0.0,0,4,1,5,1,14,2.0,0.16,0.24,0.6,0.0,0.17391304347826086,0.5,13.336420707493502,33.341051768733756,0.30299015278895886,0.0,0.0,2.5,0.0,1.0,1.0,0.0,0.0
H2_30,D,True,4-3-3,2,0,0,0,0,0,4,3,3,0,74,0.0,8.48198918918919,1.0,0.0,0.0,0,5,1,6,1,15,2.0,0.17857142857142858,0.25,0.5714285714285714,0.0,0.19230769230769232,0.5,12.17116584084084,18.25674876126126,0.23229736302191448,0.0,0.0,1.5,0.0,0.5,0.5,0.0,0.0
H1_15,D,True,4-3-3,2,0,0,0,0,0,4,3,3,0,14,0.0,28.17466570829589,2.0,0.0,2.0,0,2,2,2,0,2,2.0,0.25,0.5,0.25,0.0,0.3333333333333333,0.0,12.4025865360142,49.6103461440568,0.283959575957032,0.341749201067636,0.0,4.0,1.0,1.0,1.0,1.0,0.0
H1_30,D,True,4-3-3,5,0,0,0,0,0,4,3,3,0,29,17.675647457627115,5.512626086956523,2.0,1.0,2.0,1,3,2,4,2,3,2.0,0.26666666666666666,0.4,0.3333333333333333,0.2,0.3,0.4,9.911446575442875,34.69006301405006,0.33422068929641313,0.46904995358965174,17.675647457627115,3.5,1.5,1.0,0.5,1.0,0.5
H1_45,D,True,4-3-3,5,0,0,0,0,0,4,3,3,0,44,0.0,0.0,1.0,0.0,0.0,1,3,2,4,2,5,2.0,0.23529411764705882,0.35294117647058826,0.4117647058823529,0.2,0.25,0.4,14.375501027077497,28.751002054154995,0.0,0.0,0.0,2.0,0.0,0.0,0.0,0.0,0.0
H2_15,D,True,4-3-3,6,0,0,0,0,0,4,3,3,0,59,12.858172727272729,12.31689230769231,1.0,1.0,1.0,2,4,2,6,2,7,2.0,0.2608695652173913,0.34782608695652173,0.391304347826087,0.3333333333333333,0.23529411764705882,0.3333333333333333,13.003194895570138,39.00958468671041,0.32267794232043634,0.1648078649200947,12.858172727272729,3.0,0.5,1.0,0.5,0.5,0.5
H2_30,D,True,4-3-3,6,0,0,0,0,0,4,3,3,0,74,0.0,6.9394838709677416,0.0,0.0,0.0,2,5,2,6,2,8,2.0,0.28,0.32,0.4,0.3333333333333333,0.2631578947368421,0.3333333333333333,8.106841935483871,8.106841935483871,0.42800167600366235,0.0,0.0,1.0,0.0,0.5,0.5,0.0,0.0
H1_15,D,True,4-3-3,2,0,0,0,0,0,4,3,3,0,14,0.0,22.112357647058822,2.0,0.0,2.0,0,2,1,3,1,5,2.0,0.16666666666666666,0.3333333333333333,0.5,0.0,0.2,0.5,11.186919032269252,67.12151419361551,0.16471885290962426,0.24376809965641832,0.0,6.0,1.0,1.0,1.0,1.0,0.0
H1_30,D,True,4-3-3,5,0,0,0,0,0,4,3,3,0,29,8.483466666666665,5.879566666666667,2.0,1.0,2.0,1,3,2,7,2,8,2.0,0.17391304347826086,0.391304347826087,0.43478260869565216,0.2,0.16666666666666666,0.4,11.778397863041807,64.78118824672994,0.11085805711551114,0.3737391530077186,8.483466666666665,5.5,1.5,1.0,0.5,1.0,0.5
H1_45,D,True,4-3-3,6,0,0,0,0,0,4,3,3,0,44,59.847289206816754,25.47881506090808,2.0,1.0,1.0,3,5,2,11,2,10,2.0,0.24242424242424243,0.3939393939393939,0.36363636363636365,0.42857142857142855,0.19230769230769232,0.2857142857142857,15.465147245285882,77.32573622642941,0.5517315995405999,0.38698169669906973,29.923644603408377,5.0,1.0,2.0,1.0,0.5,0.5
H2_15,D,True,4-3-3,12,0,0,0,0,0,4,3,3,0,59,25.43936451612903,44.910782307503354,2.0,2.0,2.0,5,10,3,15,4,14,2.0,0.29411764705882354,0.35294117647058826,0.35294117647058826,0.4166666666666667,0.2564102564102564,0.3333333333333333,10.70763959804468,96.36875638240213,0.36500495318459353,0.3702447021773918,12.719682258064514,9.0,2.5,3.5,1.0,1.0,1.0
H2_30,D,True,4-3-3,15,0,0,0,0,0,4,3,3,0,74,59.854499843014125,68.91854816921264,2.0,2.0,2.0,7,16,3,17,5,15,2.0,0.36507936507936506,0.31746031746031744,0.31746031746031744,0.4666666666666667,0.3333333333333333,0.3333333333333333,15.877849937480109,95.26709962488066,0.6758526737944032,0.3491291857574354,29.927249921507062,6.0,1.5,4.0,1.0,1.0,1.0
H2_30,A,True,4-3-3,1,0,0,0,0,0,4,3,3,0,9,17.8153962264151,36.003750368217055,1.0,1.0,1.0,1,3,0,1,0,1,2.0,0.6666666666666666,0.16666666666666666,0.16666666666666666,1.0,0.6,0.0,12.337392950957211,37.012178852871635,0.7270464515014162,0.2406693793579903,17.8153962264151,3.0,0.5,2.0,0.5,0.5,0.5
H1_15,M,True,4-3-3,3,0,0,0,0,0,4,3,3,0,14,15.084313725490192,17.398679487179486,2.0,1.0,2.0,1,2,1,6,1,6,2.0,0.17647058823529413,0.4117647058823529,0.4117647058823529,0.3333333333333333,0.14285714285714285,0.3333333333333333,13.724609338235036,116.6591793749978,0.13922176285954307,0.28455592646414574,15.084313725490192,8.5,1.5,1.5,1.0,1.0,0.5
H1_30,M,True,4-3-3,4,0,0,0,0,0,4,3,3,0,29,0.0,11.415521739130437,1.0,0.0,1.0,1,3,2,7,1,7,2.0,0.19047619047619047,0.42857142857142855,0.38095238095238093,0.25,0.17647058823529413,0.25,10.157277103154888,20.314554206309776,0.28096904375053267,0.2670229052019477,0.0,2.0,0.5,0.5,0.5,0.5,0.0
H1_45,M,True,4-3-3,4,0,0,0,0,0,4,3,3,0,44,0.0,0.0,1.0,0.0,0.0,1,3,2,7,1,9,2.0,0.17391304347826086,0.391304347826087,0.43478260869565216,0.25,0.15789473684210525,0.25,11.179911538461539,22.359823076923078,0.0,0.0,0.0,2.0,0.0,0.0,0.0,0.0,0.0
H2_15,M,True,4-3-3,7,0,0,0,0,0,4,3,3,0,59,0.0,28.812239656311963,2.0,0.0,1.0,1,5,3,11,3,15,2.0,0.15789473684210525,0.3684210526315789,0.47368421052631576,0.14285714285714285,0.16129032258064516,0.42857142857142855,13.681815079750344,102.61361309812757,0.14039189726590823,0.2905260907002669,0.0,7.5,1.5,1.0,1.0,0.5,0.0
H2_30,M,True,4-3-3,10,0,0,0,0,0,4,3,3,0,74,8.375081481481482,0.0,2.0,0.0,2.0,2,5,4,12,4,19,2.0,0.15217391304347827,0.34782608695652173,0.5,0.2,0.1388888888888889,0.4,13.439635859307472,53.75854343722989,0.07789535342657193,0.605095481461948,8.375081481481482,4.0,1.5,0.5,0.5,1.0,0.0
H1_15,A,True,4-3-3,2,1,0,1,1,0,4,3,3,0,14,0.0,89.64002897379848,2.0,2.0,2.0,0,7,2,7,0,0,2.0,0.4375,0.5625,0.0,0.0,0.5,0.0,12.13316985168858,97.06535881350864,0.4617508762627848,0.16156426479052816,0.0,8.0,1.0,3.5,1.0,1.0,1.0
H1_30,A,True,4-3-3,5,2,1,1,2,0,4,3,3,0,29,51.57821945117031,89.99692455428709,2.0,2.0,2.0,3,14,2,10,0,0,2.0,0.5862068965517241,0.41379310344827586,0.0,0.6,0.5833333333333334,0.0,13.620496770116365,88.53322900575637,0.7995593609053404,0.29129299829229505,17.192739817056772,6.5,1.5,5.0,1.0,1.0,1.0
H1_45,A,True,4-3-3,7,2,1,1,2,0,4,3,3,0,44,19.54299375,8.131634285714286,2.0,1.0,1.0,4,15,3,16,0,1,2.0,0.48717948717948717,0.48717948717948717,0.02564102564102564,0.5714285714285714,0.46875,0.0,15.186377564728929,75.93188782364464,0.1822332410593419,0.3368892894057249,19.54299375,5.0,1.0,1.0,0.5,0.5,0.5
H2_15,A,True,4-3-3,9,5,1,4,5,0,4,3,3,0,59,8.799870967741937,99.11330458592847,2.0,2.0,2.0,5,23,4,17,0,1,2.0,0.56,0.42,0.02,0.5555555555555556,0.5609756097560976,0.0,13.617340423578316,74.89537232968074,0.7204261905438505,0.2323826714789677,8.799870967741937,5.5,1.0,4.5,1.0,1.0,1.0
H1_15,M,True,4-3-3,5,0,0,0,0,0,4,3,3,0,14,0.0,18.147738412698413,2.0,1.0,2.0,0,2,1,3,4,5,2.0,0.13333333333333333,0.26666666666666666,0.6,0.0,0.2,0.8,11.843723415361692,88.82792561521269,0.10215108754937775,0.2371676346545697,0.0,7.5,2.5,1.0,0.5,1.0,0.5
H1_30,M,True,4-3-3,7,1,0,1,1,0,4,3,3,0,29,0.0,34.95943993020159,2.0,1.0,1.0,0,5,3,7,4,9,2.0,0.17857142857142858,0.35714285714285715,0.4642857142857143,0.0,0.23809523809523808,0.5714285714285714,13.56037214075183,88.1424189148869,0.19831223354534624,0.1360440567949138,0.0,6.5,1.0,1.5,1.0,0.5,0.5
H1_45,M,True,4-3-3,9,1,0,1,1,0,4,3,3,0,44,0.0,5.016382608695651,1.0,0.0,1.0,0,6,5,11,4,9,2.0,0.17142857142857143,0.45714285714285713,0.37142857142857144,0.0,0.23076923076923078,0.4444444444444444,8.818368814139621,30.864290849488675,0.08126515255377652,0.4664185497725851,0.0,3.5,1.0,0.5,0.5,0.5,0.0
H2_15,M,True,4-3-3,9,3,1,2,3,0,4,3,3,0,59,0.0,0.0,1.0,0.0,0.0,0,6,5,12,4,11,2.0,0.15789473684210525,0.4473684210526316,0.39473684210526316,0.0,0.20689655172413793,0.4444444444444444,21.175176857023843,31.762765285535764,0.0,0.0,0.0,1.5,0.0,0.0,0.0,0.0,0.0
H2_30,M,True,4-3-3,9,3,1,2,3,0,4,3,3,0,74,0.0,30.137208151147092,1.0,1.0,0.0,0,9,5,12,4,12,2.0,0.21428571428571427,0.40476190476190477,0.38095238095238093,0.0,0.2727272727272727,0.4444444444444444,14.272967827260457,28.545935654520914,0.5278721376640909,0.0,0.0,2.0,0.0,1.5,0.5,0.0,0.5
H1_15,A,True,4-3-3,3,2,1,1,2,0,4,3,3,0,14,0.0,43.211875061434014,2.0,1.0,2.0,0,5,2,4,1,1,2.0,0.38461538461538464,0.46153846153846156,0.15384615384615385,0.0,0.5,0.3333333333333333,15.932674163729937,103.56238206424459,0.20862727469240552,0.33050061271189896,0.0,6.5,1.5,2.5,1.0,1.0,0.5
H1_30,A,True,4-3-3,6,2,1,1,2,0,4,3,3,0,29,17.698819999999998,44.24325274698201,2.0,1.0,2.0,1,8,3,7,2,2,2.0,0.391304347826087,0.43478260869565216,0.17391304347826086,0.16666666666666666,0.47058823529411764,0.3333333333333333,16.525294911397708,82.62647455698854,0.374831874886903,0.5488026995435334,17.698819999999998,5.0,1.5,2.0,0.5,1.0,0.5
H1_45,A,True,4-3-3,8,2,1,1,2,0,4,3,3,0,44,0.0,43.244604031830235,2.0,1.0,2.0,1,11,4,8,3,3,2.0,0.4,0.4,0.2,0.125,0.5,0.375,13.340662315695573,46.69231810493451,0.463080500036901,0.34174185028677523,0.0,3.5,1.0,1.5,0.5,1.0,0.5
H2_15,A,True,4-3-3,11,4,2,1,4,0,4,3,3,0,59,60.474565048543695,82.83705717709093,2.0,2.0,1.0,3,18,5,12,3,3,2.0,0.4772727272727273,0.38636363636363635,0.13636363636363635,0.2727272727272727,0.5454545454545454,0.2727272727272727,15.01196060757014,105.08372425299098,0.6818925730144911,0.4013104740122322,30.237282524271848,7.0,1.5,4.5,1.0,0.5,1.0
H2_30,A,True,4-3-3,11,4,2,1,4,0,4,3,3,0,74,0.0,71.10842149118231,2.0,1.0,0.0,3,23,5,12,3,5,2.0,0.5098039215686274,0.3333333333333333,0.1568627450980392,0.2727272727272727,0.575,0.2727272727272727,13.608690473406059,47.630416656921206,0.7464602084354169,0.0,0.0,3.5,0.0,2.5,1.0,0.0,0.5
H1_15,G,True,4-3-3,0,0,0,0,0,0,4,3,3,0,14,0.0,0.0,0.0,0.0,0.0,0,0,0,0,0,0,0.0,0.0,0.0,0.0,0.0,0.0,0.0,0.0,0.0,0.0,0.0,0.0,0.0,0.0,0.0,0.0,0.0,0.0
H1_30,G,True,4-3-3,0,0,0,0,0,0,4,3,3,0,29,0.0,0.0,0.0,0.0,0.0,0,0,0,0,0,0,0.0,0.0,0.0,0.0,0.0,0.0,0.0,0.0,0.0,0.0,0.0,0.0,0.0,0.0,0.0,0.0,0.0,0.0
H1_45,G,True,4-3-3,0,0,0,0,0,0,4,3,3,0,44,0.0,0.0,0.0,0.0,0.0,0,0,0,0,0,0,0.0,0.0,0.0,0.0,0.0,0.0,0.0,0.0,0.0,0.0,0.0,0.0,0.0,0.0,0.0,0.0,0.0,0.0
H2_15,G,True,4-3-3,1,0,0,0,0,0,4,3,3,0,59,0.0,0.0,1.0,0.0,1.0,0,0,0,0,1,1,1.0,0.0,0.0,1.0,0.0,0.0,1.0,8.83928844720497,17.67857689440994,0.0,0.4141726255698162,0.0,2.0,1.0,0.0,0.0,1.0,0.0
H2_30,G,True,4-3-3,2,0,0,0,0,0,4,3,3,0,74,0.0,0.0,0.0,0.0,0.0,0,0,0,0,2,1,1.0,0.0,0.0,1.0,0.0,0.0,1.0,11.840691891891892,11.840691891891892,0.0,1.0,0.0,1.0,1.0,0.0,0.0,1.0,0.0
H1_15,A,True,4-3-3,2,0,0,0,0,0,4,3,3,0,14,20.766802434782612,64.22273377987354,2.0,2.0,1.0,2,6,0,1,0,2,2.0,0.7272727272727273,0.09090909090909091,0.18181818181818182,1.0,0.6666666666666666,0.0,16.06262609029484,88.34444349662162,0.4810123469616186,0.11753315552650889,10.383401217391306,5.5,1.0,4.0,1.0,0.5,1.0
H1_30,A,True,4-3-3,4,1,1,1,1,0,4,3,3,0,29,31.729521025641034,51.07684437559459,1.0,1.0,1.0,4,11,0,2,0,3,2.0,0.75,0.1,0.15,1.0,0.6875,0.0,13.889435444581737,62.50245950061782,0.6624248554604248,0.2538261796347982,15.864760512820517,4.5,1.0,3.5,0.5,0.5,0.5
H1_45,A,True,4-3-3,7,1,1,1,1,0,4,3,3,0,44,29.599667432321578,15.5814023715415,2.0,1.0,1.0,6,13,1,6,0,5,2.0,0.6129032258064516,0.22580645161290322,0.16129032258064516,0.8571428571428571,0.5416666666666666,0.0,17.487694850186358,96.18232167602497,0.23487200670851138,0.5097902385983164,14.799833716160789,5.5,1.5,2.0,0.5,0.5,0.5
H2_15,A,True,4-3-3,11,1,1,1,1,0,4,3,3,0,59,16.31831474654378,87.60193034714445,2.0,1.0,2.0,8,22,2,8,1,9,2.0,0.6,0.2,0.2,0.7272727272727273,0.5641025641025641,0.09090909090909091,10.784441624332043,102.45219543115441,0.5071645593164489,0.2033950508018822,8.15915737327189,9.5,2.0,5.5,1.0,1.0,0.5
H2_30,A,True,4-3-3,0,1,1,1,1,0,4,3,3,0,9,0.0,5.843461538461538,0.0,0.0,0.0,0,1,0,0,0,0,1.0,1.0,0.0,0.0,0.0,1.0,0.0,5.843461538461538,5.843461538461538,1.0,0.0,0.0,1.0,0.0,1.0,1.0,0.0,0.0
H2_30,M,True,4-3-3,2,0,0,0,0,0,4,3,3,0,9,13.375925581395352,13.165955776397514,2.0,1.0,1.0,1,2,0,2,1,1,2.0,0.42857142857142855,0.2857142857142857,0.2857142857142857,0.5,0.4,0.5,12.011509240703093,42.04028234246083,0.31567201596771244,0.2831216509225831,13.375925581395352,3.5,1.0,1.5,0.5,0.5,0.5
H1_15,M,True,4-3-3,3,0,0,0,0,0,4,3,3,0,14,29.36887422680412,93.82674990964591,2.0,2.0,2.0,1,7,1,3,1,2,2.0,0.5333333333333333,0.26666666666666666,0.2,0.3333333333333333,0.5833333333333334,0.3333333333333333,14.000000227479795,105.00000170609846,0.5866458196890427,0.2894613763265647,29.36887422680412,7.5,1.5,4.0,1.0,1.0,1.0
H1_30,M,True,4-3-3,6,1,1,1,1,0,4,3,3,0,29,20.27251515151515,110.2107170421379,2.0,1.0,2.0,2,13,2,6,2,2,2.0,0.5555555555555556,0.2962962962962963,0.14814814814814814,0.3333333333333333,0.6190476190476191,0.3333333333333333,15.920219637873094,95.52131782723856,0.6830058209082038,0.26762294075328397,20.27251515151515,6.0,1.5,3.5,0.5,1.0,0.5
H1_45,M,True,4-3-3,7,1,1,1,1,0,4,3,3,0,44,0.0,59.234595713978486,2.0,1.0,1.0,2,16,3,11,2,3,2.0,0.4864864864864865,0.3783783783783784,0.13513513513513514,0.2857142857142857,0.5333333333333333,0.2857142857142857,19.067670153243565,95.33835076621783,0.31065460666101463,0.0841150784830279,0.0,5.0,0.5,1.5,0.5,0.5,0.5
H2_15,M,True,4-3-3,9,1,1,1,1,0,4,3,3,0,59,9.08455,65.4758819460642,2.0,1.0,2.0,3,20,3,12,3,7,2.0,0.4791666666666667,0.3125,0.20833333333333334,0.3333333333333333,0.5128205128205128,0.3333333333333333,13.446417602196231,73.95529681207927,0.5040912224010309,0.14801587013450707,9.08455,5.5,1.0,2.5,1.0,1.0,0.5
H1_15,G,False,4-2-3-1,0,0,0,0,0,0,4,2,3,1,14,0.0,0.0,0.0,0.0,0.0,0,0,0,1,0,0,1.0,0.0,1.0,0.0,0.0,0.0,0.0,11.320711111111114,11.320711111111114,0.0,0.0,0.0,1.0,0.0,0.0,0.0,0.0,0.0
H1_30,G,False,4-2-3-1,0,0,0,0,0,0,4,2,3,1,29,0.0,0.0,0.0,0.0,0.0,0,0,0,1,0,0,1.0,0.0,0.0,0.0,0.0,0.0,0.0,0.0,0.0,0.0,0.0,0.0,0.0,0.0,0.0,0.0,0.0,0.0
H1_45,G,False,4-2-3-1,0,0,0,0,0,0,4,2,3,1,44,0.0,0.0,0.0,0.0,0.0,0,0,0,1,0,1,2.0,0.0,0.5,0.5,0.0,0.0,0.0,8.479213333333334,8.479213333333334,0.0,0.0,0.0,1.0,0.0,0.0,0.0,0.0,0.0
H2_15,G,False,4-2-3-1,0,0,0,0,0,0,4,2,3,1,59,0.0,0.0,0.0,0.0,0.0,0,0,0,1,0,1,2.0,0.0,0.0,0.0,0.0,0.0,0.0,0.0,0.0,0.0,0.0,0.0,0.0,0.0,0.0,0.0,0.0,0.0
H2_30,G,False,4-2-3-1,0,0,0,0,0,0,4,2,3,1,74,0.0,0.0,0.0,0.0,0.0,0,0,0,1,0,1,2.0,0.0,0.0,0.0,0.0,0.0,0.0,0.0,0.0,0.0,0.0,0.0,0.0,0.0,0.0,0.0,0.0,0.0
H1_15,D,False,4-2-3-1,4,1,0,1,1,0,4,2,3,1,14,15.02536,28.396333973273105,2.0,1.0,2.0,1,3,1,5,2,2,2.0,0.2857142857142857,0.42857142857142855,0.2857142857142857,0.25,0.3,0.5,14.687472815927965,102.81230971149576,0.21116972323216854,0.3603228087385184,15.02536,7.0,2.0,2.0,0.5,1.0,0.5
H1_30,D,False,4-2-3-1,7,1,0,1,1,0,4,2,3,1,29,0.0,5.8319230769230765,1.0,0.0,1.0,1,4,2,7,4,4,2.0,0.22727272727272727,0.4090909090909091,0.36363636363636365,0.14285714285714285,0.26666666666666666,0.5714285714285714,14.828749623398235,59.31499849359294,0.049160610511968794,0.5840587027985563,0.0,4.0,1.5,0.5,0.5,1.0,0.0
H1_45,D,False,4-2-3-1,9,2,0,1,2,0,4,2,3,1,44,8.886193548387094,65.34287919562419,2.0,1.0,1.0,2,8,3,12,4,8,2.0,0.2702702702702703,0.40540540540540543,0.32432432432432434,0.2222222222222222,0.2857142857142857,0.4444444444444444,13.295335711647878,99.71501783735908,0.372206084669629,0.17637325121034553,8.886193548387094,7.5,1.0,2.5,1.0,0.5,0.5
H2_15,D,False,4-2-3-1,14,2,0,1,2,0,4,2,3,1,59,41.03906769230768,13.095936000000002,2.0,0.0,2.0,3,9,5,16,6,11,2.0,0.24,0.42,0.34,0.21428571428571427,0.25,0.42857142857142855,15.175854636816673,98.64305513930837,0.2743984541833973,0.6255007041956198,41.03906769230768,6.5,2.5,1.0,1.0,1.0,0.0
H2_30,D,False,4-2-3-1,15,3,0,1,3,0,4,2,3,1,74,0.0,11.245925,1.0,0.0,1.0,3,10,5,16,7,13,2.0,0.24074074074074073,0.3888888888888889,0.37037037037037035,0.2,0.2564102564102564,0.4666666666666667,10.053094963481437,20.106189926962873,0.2796632539743134,0.22450735402367986,0.0,2.0,0.5,0.5,0.5,0.5,0.0
H1_15,D,False,4-2-3-1,1,0,0,0,0,0,4,2,3,1,14,0.0,17.936482970137206,2.0,0.0,1.0,0,2,1,0,0,4,2.0,0.2857142857142857,0.14285714285714285,0.5714285714285714,0.0,0.3333333333333333,0.0,13.48599688018462,47.200989080646174,0.19000113471659966,0.32721125208740365,0.0,3.5,0.5,1.0,1.0,0.5,0.0
H1_30,D,False,4-2-3-1,2,0,0,0,0,0,4,2,3,1,29,0.0,0.0,2.0,0.0,1.0,0,2,1,2,1,8,2.0,0.14285714285714285,0.21428571428571427,0.6428571428571429,0.0,0.16666666666666666,0.5,12.325436635309627,43.13902822358369,0.0,0.22484155423194163,0.0,3.5,0.5,0.0,0.0,0.5,0.0
H1_45,D,False,4-2-3-1,6,0,0,0,0,0,4,2,3,1,44,0.0,36.07273813291138,2.0,1.0,1.0,0,4,2,4,4,13,2.0,0.14814814814814814,0.2222222222222222,0.6296296296296297,0.0,0.19047619047619047,0.6666666666666666,14.315360880445555,93.04984572289611,0.19383556121273193,0.46591197788586713,0.0,6.5,2.0,1.0,0.5,0.5,0.5
H2_15,D,False,4-2-3-1,7,0,0,0,0,0,4,2,3,1,59,0.0,12.713759999999995,1.0,0.0,1.0,0,5,3,4,4,19,2.0,0.14285714285714285,0.2,0.6571428571428571,0.0,0.17857142857142858,0.5714285714285714,12.502532362371632,50.01012944948653,0.12711184853902166,0.2116806586863541,0.0,4.0,0.5,0.5,0.5,0.5,0.0
H2_30,D,False,4-2-3-1,8,0,0,0,0,0,4,2,3,1,74,0.0,0.0,1.0,0.0,1.0,0,5,3,5,5,20,2.0,0.13157894736842105,0.21052631578947367,0.6578947368421053,0.0,0.16666666666666666,0.625,9.953886020036428,29.861658060109285,0.0,0.2220411423009376,0.0,3.0,1.0,0.0,0.0,1.0,0.0
H2_30,M,False,4-2-3-1,2,0,0,0,0,0,4,2,3,1,15,13.314130434782612,59.32960325154747,2.0,2.0,1.0,1,4,0,6,1,5,2.0,0.29411764705882354,0.35294117647058826,0.35294117647058826,0.5,0.26666666666666666,0.5,13.825336923566182,110.60269538852945,0.3283994726852919,0.11464715832686202,13.314130434782612,8.0,1.0,2.0,1.0,0.5,1.0
H1_15,M,False,4-2-3-1,4,0,0,0,0,0,4,2,3,1,14,45.142268635068625,68.28191581161056,2.0,2.0,2.0,3,7,1,6,0,4,2.0,0.47619047619047616,0.3333333333333333,0.19047619047619047,0.75,0.4117647058823529,0.0,15.344843645811032,161.12085828101584,0.3519847946963284,0.17369401585062397,15.047422878356208,10.5,2.0,5.0,1.0,1.0,1.0
H1_30,M,False,4-2-3-1,7,0,0,0,0,0,4,2,3,1,29,26.094682178741408,29.291243043240286,2.0,1.0,2.0,5,11,1,9,1,11,2.0,0.42105263157894735,0.2631578947368421,0.3157894736842105,0.7142857142857143,0.3548387096774194,0.14285714285714285,13.536716958292597,115.06209414548708,0.24067841643812987,0.1779755475046813,13.047341089370704,8.5,1.5,3.0,1.0,1.0,0.5
H1_45,M,False,4-2-3-1,10,0,0,0,0,0,4,2,3,1,44,12.452409090909091,32.64092727473742,2.0,2.0,1.0,6,14,2,18,2,17,2.0,0.3389830508474576,0.3389830508474576,0.3220338983050847,0.6,0.2857142857142857,0.2,13.665444756539765,143.48716994366754,0.15713368792258559,0.15299972100861578,12.452409090909091,10.5,1.5,2.0,1.0,0.5,1.0
H2_15,M,False,4-2-3-1,13,0,0,0,0,0,4,2,3,1,59,38.82601951466128,73.96472411952132,2.0,1.0,2.0,8,18,3,22,2,24,2.0,0.33766233766233766,0.3246753246753247,0.33766233766233766,0.6153846153846154,0.28125,0.15384615384615385,18.109436228035918,162.98492605232326,0.34601587510606124,0.15084120774930726,19.41300975733064,9.0,1.5,3.0,1.0,1.0,0.5
H1_15,M,False,4-2-3-1,2,0,0,0,0,0,4,2,3,1,14,25.593679012345675,91.9728456060721,2.0,2.0,2.0,1,5,1,3,0,1,2.0,0.5454545454545454,0.36363636363636365,0.09090909090909091,0.5,0.5555555555555556,0.0,15.18168888591972,83.49928887255845,0.7039971609689679,0.1947821080368262,25.593679012345675,5.5,1.0,3.0,1.0,1.0,1.0
H1_30,M,False,4-2-3-1,4,0,0,0,0,0,4,2,3,1,29,9.47294117647059,31.665665333333333,2.0,1.0,1.0,2,9,2,7,0,1,2.0,0.5238095238095238,0.42857142857142855,0.047619047619047616,0.5,0.5294117647058824,0.0,10.607122859393819,53.035614296969094,0.38783944576800095,0.24203727548733014,9.47294117647059,5.0,1.0,2.5,1.0,0.5,0.5
H1_45,M,False,4-2-3-1,6,0,0,0,0,0,4,2,3,1,44,8.157462068965517,33.473864826709395,2.0,2.0,2.0,3,12,3,13,1,5,2.0,0.40540540540540543,0.43243243243243246,0.16216216216216217,0.42857142857142855,0.4,0.14285714285714285,10.4200941536513,83.3607532292104,0.2497057984901155,0.1933663848883127,8.157462068965517,8.0,1.5,2.0,1.0,1.0,1.0
H2_15,M,False,4-2-3-1,11,0,0,0,0,0,4,2,3,1,59,19.547856666666664,28.804706699889255,2.0,1.0,2.0,5,15,4,19,2,6,2.0,0.39215686274509803,0.45098039215686275,0.1568627450980392,0.45454545454545453,0.375,0.18181818181818182,9.962244616914248,69.73571231839973,0.3466843727485531,0.44336536689700295,9.773928333333332,7.0,2.0,2.5,0.5,1.0,0.5
H2_30,M,False,4-2-3-1,3,0,0,0,0,0,4,2,3,1,15,0.0,35.64561123321124,2.0,1.0,1.0,0,3,2,4,1,3,2.0,0.23076923076923078,0.46153846153846156,0.3076923076923077,0.0,0.3,0.3333333333333333,12.130636576958667,66.71850117327267,0.26713438256531774,0.35646175688054244,0.0,5.5,1.0,1.5,1.0,0.5,0.5
H1_15,A,False,4-2-3-1,5,0,0,0,0,1,4,2,3,1,14,49.69559167701864,111.59419327329785,2.0,2.0,2.0,3,7,1,3,1,2,2.0,0.5882352941176471,0.23529411764705882,0.17647058823529413,0.6,0.5833333333333334,0.2,14.522018652355925,123.43715854502535,0.6533275184371805,0.33891629160491143,16.56519722567288,8.5,2.5,5.0,1.0,1.0,1.0
H1_30,A,False,4-2-3-1,8,1,0,1,1,1,4,2,3,1,29,32.685832653061226,48.96962785823005,2.0,2.0,2.0,4,10,2,9,2,3,2.0,0.4666666666666667,0.36666666666666664,0.16666666666666666,0.5,0.45454545454545453,0.25,14.488608311715323,94.1759540261496,0.4335260595747095,0.30813172961045254,32.685832653061226,6.5,1.5,2.0,1.0,1.0,1.0
H1_45,A,False,4-2-3-1,9,3,1,3,3,1,4,2,3,1,44,41.75245299655568,20.254331677018634,2.0,2.0,2.0,6,12,2,13,2,3,2.0,0.47368421052631576,0.39473684210526316,0.13157894736842105,0.6,0.42857142857142855,0.2,11.81314879904207,47.25259519616828,0.6561204142984559,0.4418006336289165,20.87622649827784,4.0,1.0,2.0,1.0,1.0,1.0
H2_15,A,False,4-2-3-1,14,4,2,4,4,0,4,2,3,1,59,52.619086982829906,93.9218824607077,2.0,2.0,2.0,9,16,3,15,2,5,2.0,0.5,0.36,0.14,0.6428571428571429,0.4444444444444444,0.14285714285714285,17.90538484701079,107.43230908206475,0.6820153578361552,0.3530167318415758,17.539695660943302,6.0,2.0,3.5,1.0,1.0,1.0
H2_30,A,False,4-2-3-1,1,0,0,0,0,0,4,2,3,1,3,0.0,0.0,2.0,0.0,1.0,0,0,1,4,0,3,2.0,0.0,0.625,0.375,0.0,0.0,0.0,11.127841948474938,44.51136779389975,0.0,0.23692734064769214,0.0,4.0,0.5,0.0,0.0,0.5,0.0
H2_30,M,False,4-2-3-1,2,0,0,0,0,0,4,2,3,1,15,20.422815999999997,67.55751311866742,2.0,2.0,2.0,2,6,0,4,0,4,2.0,0.5,0.25,0.25,1.0,0.42857142857142855,0.0,10.701757127855453,80.2631784589159,0.548074040973232,0.12722406707612363,10.211407999999999,7.5,1.0,4.0,1.0,1.0,1.0
H1_15,D,False,4-2-3-1,1,0,0,0,0,0,4,2,3,1,14,0.0,31.989772600186395,2.0,1.0,1.0,0,2,1,0,0,1,2.0,0.5,0.25,0.25,0.0,0.6666666666666666,0.0,16.22199029412162,32.44398058824324,0.4930001192852791,0.3218179422856425,0.0,2.0,0.5,1.0,0.5,0.5,0.5
H1_30,D,False,4-2-3-1,2,0,0,0,0,0,4,2,3,1,29,0.0,0.0,1.0,0.0,1.0,0,2,1,1,1,5,2.0,0.2,0.2,0.6,0.0,0.25,0.5,13.955125054836737,83.73075032902042,0.0,0.2209453815706848,0.0,6.0,1.0,0.0,0.0,1.0,0.0
H1_45,D,False,4-2-3-1,4,0,0,0,0,0,4,2,3,1,44,0.0,27.808586206896557,1.0,0.0,1.0,0,3,2,2,2,9,2.0,0.16666666666666666,0.2222222222222222,0.6111111111111112,0.0,0.21428571428571427,0.5,18.978058167578585,151.82446534062868,0.18316274748279912,0.4210809341408159,0.0,8.0,2.0,1.0,1.0,1.0,0.0
H2_15,D,False,4-2-3-1,5,0,0,0,0,0,4,2,3,1,59,0.0,19.9117,2.0,0.0,1.0,0,4,3,7,2,12,2.0,0.14285714285714285,0.35714285714285715,0.5,0.0,0.17391304347826086,0.4,11.516303707205982,57.58151853602991,0.17290009456368235,0.08659286344295762,0.0,5.0,0.5,0.5,0.5,0.5,0.0
H2_30,D,False,4-2-3-1,6,0,0,0,0,0,4,2,3,1,74,0.0,0.0,0.0,0.0,0.0,0,4,4,7,2,12,2.0,0.13793103448275862,0.3793103448275862,0.4827586206896552,0.0,0.17391304347826086,0.3333333333333333,13.788391304347826,13.788391304347826,0.0,1.0,0.0,1.0,1.0,0.0,0.0,1.0,0.0
H1_15,M,False,4-2-3-1,2,0,0,0,0,0,4,2,3,1,14,0.0,12.626863427109974,2.0,0.0,2.0,0,2,0,4,2,4,2.0,0.16666666666666666,0.3333333333333333,0.5,0.0,0.2,1.0,13.437374867308842,80.62424920385305,0.07830685898968057,0.18966914516796576,0.0,6.0,1.0,1.0,1.0,1.0,0.0
H1_30,M,False,4-2-3-1,3,0,0,0,0,0,4,2,3,1,29,0.0,0.0,1.0,0.0,1.0,0,2,0,9,3,10,2.0,0.08333333333333333,0.375,0.5416666666666666,0.0,0.09523809523809523,1.0,13.28366351736461,79.70198110418767,0.0,0.18995403779891318,0.0,6.0,0.5,0.0,0.0,0.5,0.0
H1_45,M,False,4-2-3-1,5,0,0,0,0,0,4,2,3,1,44,0.0,0.0,1.0,0.0,1.0,0,2,1,13,4,14,2.0,0.058823529411764705,0.4117647058823529,0.5294117647058824,0.0,0.06896551724137931,0.8,15.986245326916187,159.86245326916188,0.0,0.15328320859203762,0.0,10.0,2.0,0.0,0.0,1.0,0.0
H2_15,M,False,4-2-3-1,7,0,0,0,0,0,4,2,3,1,59,15.097096,5.2446545454545435,1.0,1.0,1.0,1,3,2,14,4,16,2.0,0.1,0.4,0.5,0.14285714285714285,0.09090909090909091,0.5714285714285714,10.492379090198359,62.95427454119015,0.32311944969114376,0.5896689754224017,15.097096,6.0,2.0,2.0,1.0,1.0,1.0
H2_30,M,False,4-2-3-1,8,0,0,0,0,0,4,2,3,1,74,0.0,0.0,1.0,0.0,1.0,1,3,2,17,5,16,2.0,0.09090909090909091,0.4318181818181818,0.4772727272727273,0.125,0.08333333333333333,0.625,10.582326957313068,42.32930782925227,0.0,0.4781979417296189,0.0,4.0,1.0,0.0,0.0,1.0,0.0
H1_15,M,False,4-2-3-1,2,0,0,0,0,0,4,2,3,1,14,30.81029702970297,15.923557947855342,2.0,1.0,2.0,1,2,1,11,0,4,2.0,0.15789473684210525,0.631578947368421,0.21052631578947367,0.5,0.11764705882352941,0.0,15.028674621512545,142.77240890436917,0.16366556863539808,0.2821250806301919,30.81029702970297,9.5,1.0,1.5,0.5,1.0,0.5
H1_30,M,False,4-2-3-1,5,0,0,0,0,0,4,2,3,1,29,0.0,82.02571160835163,2.0,2.0,2.0,1,9,4,17,0,5,2.0,0.2777777777777778,0.5833333333333334,0.1388888888888889,0.2,0.2903225806451613,0.0,13.321311543362475,113.23114811858103,0.36220471562493745,0.24747282325015657,0.0,8.5,1.5,3.5,1.0,1.0,1.0
H1_45,M,False,4-2-3-1,7,0,0,0,0,0,4,2,3,1,44,18.15461052631579,85.75516851917855,2.0,2.0,2.0,2,15,4,25,1,8,2.0,0.3090909090909091,0.5272727272727272,0.16363636363636364,0.2857142857142857,0.3125,0.14285714285714285,12.93535637437419,122.88588555655481,0.42278972306251056,0.11933384535369598,18.15461052631579,9.5,1.0,3.5,1.0,1.0,1.0
H2_15,M,False,4-2-3-1,12,0,0,0,0,0,4,2,3,1,59,51.74537386696416,57.09474057344133,2.0,2.0,2.0,4,18,6,28,2,16,2.0,0.2972972972972973,0.4594594594594595,0.24324324324324326,0.3333333333333333,0.2903225806451613,0.16666666666666666,17.344691479068132,164.77456905114727,0.3302697590628221,0.32300454040098026,25.87268693348208,9.5,2.5,2.5,1.0,1.0,1.0
H1_15,D,False,4-2-3-1,3,0,0,0,0,0,4,2,3,1,14,0.0,21.50405297658863,2.0,0.0,1.0,0,2,0,2,3,5,2.0,0.16666666666666666,0.16666666666666666,0.6666666666666666,0.0,0.2222222222222222,1.0,13.284169534927285,79.7050172095637,0.13489773749153888,0.3337280275005918,0.0,6.0,1.5,1.0,1.0,0.5,0.0
H1_30,D,False,4-2-3-1,4,0,0,0,0,0,4,2,3,1,29,0.0,0.0,2.0,0.0,1.0,0,2,1,4,3,11,2.0,0.09523809523809523,0.23809523809523808,0.6666666666666666,0.0,0.11764705882352941,0.75,17.167521328978005,77.25384598040102,0.0,0.08132872950365608,0.0,4.5,0.5,0.0,0.0,0.5,0.0
H1_45,D,False,4-2-3-1,8,0,0,0,0,0,4,2,3,1,44,0.0,0.0,2.0,0.0,1.0,0,2,1,11,7,14,2.0,0.05714285714285714,0.34285714285714286,0.6,0.0,0.07407407407407407,0.875,14.428043999921796,100.99630799945257,0.0,0.3744204016978622,0.0,7.0,2.0,0.0,0.0,0.5,0.0
H2_15,D,False,4-2-3-1,9,0,0,0,0,0,4,2,3,1,59,0.0,44.204482758620685,1.0,0.0,1.0,0,3,1,11,8,17,2.0,0.075,0.3,0.625,0.0,0.0967741935483871,0.8888888888888888,19.152276038903626,47.88069009725906,0.46161075235997046,0.21696429142725923,0.0,2.5,0.5,0.5,0.5,0.5,0.0
H2_30,D,False,4-2-3-1,11,0,0,0,0,0,4,2,3,1,74,0.0,12.878068965517238,1.0,0.0,1.0,0,4,1,12,10,24,2.0,0.0784313725490196,0.2549019607843137,0.6666666666666666,0.0,0.1,0.9090909090909091,9.621729834138375,105.83902817552212,0.1216759940781052,0.29380589653337635,0.0,11.0,2.0,1.0,1.0,1.0,0.0
H1_15,M,False,4-2-3-1,2,0,0,0,0,0,4,2,3,1,14,15.794264150943397,76.753662001742,2.0,2.0,1.0,1,5,1,4,0,6,2.0,0.35294117647058826,0.29411764705882354,0.35294117647058826,0.5,0.3333333333333333,0.0,13.64985826888967,116.02379528556219,0.3988316617505181,0.11848839718654718,15.794264150943397,8.5,1.0,3.0,1.0,0.5,1.0
H1_30,M,False,4-2-3-1,4,0,0,0,0,0,4,2,3,1,29,31.820739860139856,49.662965363012276,2.0,2.0,2.0,3,9,1,7,0,10,2.0,0.4,0.26666666666666666,0.3333333333333333,0.75,0.34615384615384615,0.0,11.972138464696714,77.81890002052864,0.523547012368825,0.2044538014013661,15.910369930069928,6.5,1.0,3.0,1.0,1.0,1.0
H1_45,M,False,4-2-3-1,6,0,0,0,0,0,4,2,3,1,44,0.0,19.101749971247845,2.0,1.0,1.0,3,11,2,14,1,12,2.0,0.32558139534883723,0.37209302325581395,0.3023255813953488,0.5,0.2972972972972973,0.16666666666666666,12.011825185553676,78.07686370609889,0.1223265706672829,0.15851321104845476,0.0,6.5,1.0,1.0,0.5,0.5,0.5
H2_15,M,False,4-2-3-1,7,0,0,0,0,0,4,2,3,1,59,32.93075294117647,98.19209730380811,2.0,1.0,1.0,4,15,2,20,1,16,2.0,0.3275862068965517,0.3793103448275862,0.29310344827586204,0.5714285714285714,0.29411764705882354,0.14285714285714285,18.630221773949536,139.72666330462152,0.46921198554323323,0.1178399031449829,32.93075294117647,7.5,0.5,2.5,0.5,0.5,0.5
H2_30,M,False,4-2-3-1,9,1,0,1,1,0,4,2,3,1,74,0.0,34.60629843597263,2.0,1.0,1.0,4,18,4,28,1,17,2.0,0.3055555555555556,0.4444444444444444,0.25,0.4444444444444444,0.2857142857142857,0.1111111111111111,12.681521767257546,88.77065237080282,0.19491970325631428,0.3196390797164198,0.0,7.0,1.0,1.5,1.0,0.5,0.5
H1_15,M,True,3-4-3,3,0,0,0,0,0,3,4,3,0,14,23.080878333333334,34.60029364132036,2.0,1.0,2.0,2,4,0,4,1,3,2.0,0.42857142857142855,0.2857142857142857,0.2857142857142857,0.6666666666666666,0.36363636363636365,0.3333333333333333,9.834945058694297,68.84461541086007,0.4189229007266313,0.349532554507116,11.540439166666667,7.0,1.5,3.0,1.0,1.0,0.5
H1_30,M,True,3-4-3,4,0,0,0,0,0,3,4,3,0,29,22.594148571428573,33.84178486486487,2.0,1.0,1.0,3,6,0,7,1,4,2.0,0.42857142857142855,0.3333333333333333,0.23809523809523808,0.75,0.35294117647058826,0.25,13.064423308612334,45.72548158014317,0.6171168841314228,0.24706299190996764,22.594148571428573,3.5,0.5,1.5,1.0,0.5,0.5
H1_45,M,True,3-4-3,7,0,0,0,0,0,3,4,3,0,44,0.0,10.64817391304348,1.0,0.0,1.0,3,7,2,9,2,9,2.0,0.3125,0.34375,0.34375,0.42857142857142855,0.28,0.2857142857142857,11.433651276066302,62.885082018364656,0.08466375149144148,0.3993760787367354,0.0,5.5,1.5,0.5,0.5,0.5,0.0
H1_15,M,True,3-4-3,2,3,1,3,3,0,3,4,3,0,14,7.814185714285714,29.487614808959158,2.0,1.0,1.0,1,4,1,0,0,6,2.0,0.4166666666666667,0.08333333333333333,0.5,0.5,0.4,0.0,10.620514447294942,63.72308668376965,0.29268670480729936,0.19289429890408732,7.814185714285714,6.0,1.0,2.5,1.0,0.5,0.5
H1_30,M,True,3-4-3,3,3,1,3,3,0,3,4,3,0,29,0.0,5.1516166666666665,1.0,0.0,1.0,1,5,2,1,0,6,2.0,0.4,0.2,0.4,0.3333333333333333,0.4166666666666667,0.0,7.7754698412698415,11.663204761904762,0.2208491050201427,0.48728245075171284,0.0,1.5,0.5,0.5,0.5,0.5,0.0
H1_45,M,True,3-4-3,3,3,1,3,3,0,3,4,3,0,44,0.0,20.455345783814376,1.0,0.0,0.0,1,7,2,3,0,7,2.0,0.4,0.25,0.35,0.3333333333333333,0.4117647058823529,0.0,12.091422772639957,30.228556931599893,0.33834472863028175,0.0,0.0,2.5,0.0,1.0,1.0,0.0,0.0
H2_15,M,True,3-4-3,7,3,1,3,3,0,3,4,3,0,59,17.582454237288136,21.04266763191763,2.0,2.0,2.0,2,10,3,8,2,11,2.0,0.3333333333333333,0.3055555555555556,0.3611111111111111,0.2857142857142857,0.3448275862068966,0.2857142857142857,10.553620585639356,84.42896468511485,0.22874331109745047,0.2855706836138057,17.582454237288136,8.0,2.0,2.0,1.0,1.0,1.0
H2_30,M,True,3-4-3,9,3,1,3,3,0,3,4,3,0,74,0.0,0.0,1.0,0.0,1.0,2,10,3,11,4,13,2.0,0.27906976744186046,0.32558139534883723,0.3953488372093023,0.2222222222222222,0.29411764705882354,0.4444444444444444,10.865613456787798,38.029647098757295,0.0,0.23416757145823255,0.0,3.5,1.0,0.0,0.0,0.5,0.0
H1_15,D,True,3-4-3,2,0,0,0,0,0,3,4,3,0,14,0.0,0.0,1.0,0.0,1.0,0,0,0,0,2,3,2.0,0.0,0.0,1.0,0.0,0.0,1.0,13.22198320460634,33.05495801151585,0.0,0.3362453828445979,0.0,2.5,1.0,0.0,0.0,0.5,0.0
H1_30,D,True,3-4-3,3,0,0,0,0,0,3,4,3,0,29,0.0,0.0,1.0,0.0,1.0,0,0,1,0,2,5,2.0,0.0,0.125,0.875,0.0,0.0,0.6666666666666666,17.58809298915118,52.764278967453535,0.0,0.38984306500202787,0.0,3.0,1.0,0.0,0.0,1.0,0.0
H1_45,D,True,3-4-3,5,0,0,0,0,0,3,4,3,0,44,0.0,12.561893877551022,2.0,0.0,1.0,0,1,3,4,2,5,2.0,0.06666666666666667,0.4666666666666667,0.4666666666666667,0.0,0.1,0.4,11.733696997847586,41.06793949246655,0.15294039624090902,0.2320888760669463,0.0,3.5,1.0,0.5,0.5,0.5,0.0
H1_15,M,True,3-4-3,1,1,0,1,1,0,3,4,3,0,14,0.0,12.378484615384616,1.0,0.0,1.0,0,1,0,3,1,1,2.0,0.16666666666666666,0.5,0.3333333333333333,0.0,0.2,1.0,13.212731860377003,39.63819558113101,0.156143391921669,0.4126224075672471,0.0,3.0,0.5,0.5,0.5,0.5,0.0
H1_30,M,True,3-4-3,2,1,0,1,1,0,3,4,3,0,29,0.0,0.0,1.0,0.0,1.0,0,1,1,4,1,2,2.0,0.1111111111111111,0.5555555555555556,0.3333333333333333,0.0,0.14285714285714285,0.5,8.412334220901661,25.23700266270498,0.0,0.4200010480337869,0.0,3.0,1.0,0.0,0.0,1.0,0.0
H1_45,M,True,3-4-3,2,2,1,2,2,0,3,4,3,0,44,0.0,9.804948837209302,1.0,0.0,0.0,0,2,1,7,1,5,2.0,0.125,0.5,0.375,0.0,0.14285714285714285,0.5,14.123960421594266,49.43386147557993,0.09917239463533407,0.0,0.0,3.5,0.0,0.5,0.5,0.0,0.0
H2_15,M,True,3-4-3,4,2,1,2,2,0,3,4,3,0,59,0.0,0.0,1.0,0.0,1.0,0,2,2,9,2,7,2.0,0.09090909090909091,0.5,0.4090909090909091,0.0,0.1111111111111111,0.5,13.734807259059629,82.40884355435777,0.0,0.4312844063391274,0.0,6.0,2.0,0.0,0.0,1.0,0.0
H2_30,M,True,3-4-3,5,3,1,3,3,0,3,4,3,0,74,0.0,0.0,1.0,0.0,1.0,0,2,3,11,2,7,2.0,0.08,0.56,0.36,0.0,0.1,0.4,11.814244817204303,17.721367225806453,0.0,0.2439373424591808,0.0,1.5,0.5,0.0,0.0,0.5,0.0
H1_15,A,True,3-4-3,5,0,0,0,0,0,3,4,3,0,14,37.21602967032967,19.520693301997653,2.0,1.0,2.0,2,2,2,6,1,2,2.0,0.26666666666666666,0.5333333333333333,0.2,0.4,0.2,0.2,13.110869589631397,98.33152192223548,0.2884971261667088,0.49679582001399486,18.608014835164834,7.5,2.5,2.0,0.5,1.0,0.5
H1_30,A,True,3-4-3,9,0,0,0,0,0,3,4,3,0,29,7.0880769230769225,67.07091674466147,2.0,1.0,2.0,3,6,5,8,1,2,2.0,0.36,0.52,0.12,0.3333333333333333,0.375,0.1111111111111111,15.689282578046777,78.44641289023389,0.47267294281196354,0.5028465090271114,7.0880769230769225,5.0,2.0,2.5,1.0,1.0,0.5
H1_45,A,True,3-4-3,9,0,0,0,0,0,3,4,3,0,44,0.0,41.45783916094584,1.0,1.0,0.0,3,9,5,13,1,3,2.0,0.35294117647058826,0.5294117647058824,0.11764705882352941,0.3333333333333333,0.36,0.1111111111111111,13.64090928219824,61.38409176989208,0.33769204663283986,0.0,0.0,4.5,0.0,1.5,0.5,0.0,0.5
H2_15,A,True,3-4-3,10,1,0,1,1,0,3,4,3,0,59,0.0,54.69242127365658,2.0,1.0,1.0,3,12,6,17,1,3,2.0,0.35714285714285715,0.5476190476190477,0.09523809523809523,0.3,0.375,0.1,15.822859777912146,63.291439111648586,0.43206808093885335,0.054449828418670555,0.0,4.0,0.5,1.5,1.0,0.5,0.5
H2_30,A,True,3-4-3,10,1,0,1,1,0,3,4,3,0,74,0.0,102.44305262858646,2.0,2.0,0.0,3,18,6,19,1,3,2.0,0.42,0.5,0.08,0.3,0.45,0.1,15.249253681321218,60.99701472528487,0.8397382485844928,0.0,0.0,4.0,0.0,3.0,1.0,0.0,1.0
H2_15,D,True,3-4-3,1,0,0,0,0,0,3,4,3,0,14,0.0,8.786526315789473,1.0,0.0,1.0,0,1,0,3,1,1,1.0,0.16666666666666666,0.5,0.3333333333333333,0.0,0.2,1.0,15.923180634658744,95.53908380795247,0.09196787289117903,0.06222089469349155,0.0,6.0,1.0,1.0,1.0,1.0,0.0
H2_30,D,True,3-4-3,2,0,0,0,0,0,3,4,3,0,29,0.0,0.0,2.0,0.0,1.0,0,1,1,10,1,5,2.0,0.05555555555555555,0.6111111111111112,0.3333333333333333,0.0,0.0625,0.5,12.163853792463605,72.98312275478163,0.0,0.0631963458478417,0.0,6.0,0.5,0.0,0.0,0.5,0.0
H1_15,A,True,3-4-3,5,1,0,1,1,0,3,4,3,0,14,19.526166383701188,48.80513800446338,2.0,1.0,2.0,2,3,2,5,1,1,2.0,0.35714285714285715,0.5,0.14285714285714285,0.4,0.3333333333333333,0.2,11.899257429036496,83.29480200325547,0.41017748253662895,0.4409011527923894,9.763083191850594,7.0,2.5,2.5,1.0,1.0,0.5
H1_30,A,True,3-4-3,9,1,0,1,1,0,3,4,3,0,29,118.0200120140508,27.349008621585313,2.0,2.0,2.0,5,8,3,8,1,1,2.0,0.5,0.4230769230769231,0.07692307692307693,0.5555555555555556,0.47058823529411764,0.1111111111111111,18.357597993782885,110.14558796269732,0.659894886960283,0.5993727765014866,39.3400040046836,6.0,2.0,4.0,1.0,1.0,1.0
H1_45,A,True,3-4-3,10,1,0,1,1,0,3,4,3,0,44,0.0,31.248874404906275,2.0,2.0,1.0,5,12,4,16,1,2,2.0,0.425,0.5,0.075,0.5,0.4,0.1,12.025612327949137,84.17928629564396,0.18560904814016768,0.0869398035348229,0.0,7.0,0.5,2.0,1.0,0.5,1.0
H2_15,A,True,3-4-3,12,1,0,1,1,0,3,4,3,0,59,0.0,16.547871884057972,2.0,1.0,1.0,5,15,6,21,1,3,2.0,0.39215686274509803,0.5294117647058824,0.0784313725490196,0.4166666666666667,0.38461538461538464,0.08333333333333333,12.711310816166264,69.91220948891446,0.11834751043508263,0.3219052318181772,0.0,5.5,1.0,1.5,1.0,0.5,0.5
H2_30,A,True,3-4-3,16,1,0,1,1,0,3,4,3,0,74,34.918327027027026,71.19029221136731,2.0,2.0,2.0,7,21,8,22,1,3,2.0,0.45161290322580644,0.4838709677419355,0.06451612903225806,0.4375,0.45652173913043476,0.0625,13.565057991284561,74.60781895206509,0.7111092424948667,0.45369454739063336,17.459163513513513,5.5,2.0,4.0,1.0,1.0,1.0
H1_15,A,True,3-4-3,3,1,0,1,1,0,3,4,3,0,14,0.0,44.30202491787172,2.0,1.0,1.0,0,3,3,4,0,4,2.0,0.21428571428571427,0.5,0.2857142857142857,0.0,0.2727272727272727,0.0,12.6052066866325,88.2364468064275,0.2510415283100712,0.17202098288631887,0.0,7.0,1.5,1.5,1.0,0.5,0.5
H1_30,A,True,3-4-3,9,1,0,1,1,0,3,4,3,0,29,53.77843021514884,94.16423916184559,2.0,2.0,2.0,4,11,5,10,0,4,2.0,0.4411764705882353,0.4411764705882353,0.11764705882352941,0.4444444444444444,0.44,0.0,12.760308320513529,127.60308320513529,0.5796986470113779,0.30679744828478805,13.44460755378721,10.0,3.0,6.0,1.0,1.0,1.0
H1_45,A,True,3-4-3,10,1,0,1,1,0,3,4,3,0,44,32.99761111111111,19.299322730422734,2.0,1.0,1.0,5,14,6,17,0,6,2.0,0.3958333333333333,0.4791666666666667,0.125,0.45454545454545453,0.3783783783783784,0.0,10.857331991769835,76.00132394238884,0.344052781772436,0.30786141253337784,32.99761111111111,7.0,1.0,2.0,1.0,0.5,0.5
H2_15,M,True,3-4-3,0,0,0,0,0,0,3,4,3,0,1,0.0,5.445503999999999,1.0,0.0,0.0,0,1,0,2,0,0,1.0,0.3333333333333333,0.6666666666666666,0.0,0.0,0.3333333333333333,0.0,10.825916422260471,32.477749266781416,0.16766876162720173,0.0,0.0,3.0,0.0,1.0,1.0,0.0,0.0
H2_30,M,True,3-4-3,5,0,0,0,0,0,3,4,3,0,16,17.881180327868854,66.47550217017954,2.0,2.0,2.0,1,6,2,12,2,2,2.0,0.28,0.56,0.16,0.2,0.3,0.4,12.428254722538826,136.71080194792708,0.30852237458960896,0.24380542806928204,17.881180327868854,11.0,2.5,3.0,1.0,1.0,1.0
H2_15,M,True,3-4-3,0,0,0,0,0,0,3,4,3,0,1,0.0,0.0,0.0,0.0,0.0,0,0,0,0,0,0,0.0,0.0,0.0,0.0,0.0,0.0,0.0,0.0,0.0,0.0,0.0,0.0,0.0,0.0,0.0,0.0,0.0,0.0
H2_30,M,True,3-4-3,3,1,1,1,1,0,3,4,3,0,16,25.956657204301074,87.5729374587857,2.0,2.0,2.0,2,7,1,8,0,3,2.0,0.42857142857142855,0.42857142857142855,0.14285714285714285,0.6666666666666666,0.3888888888888889,0.0,11.424424035266007,119.95645237029308,0.4732117048303194,0.18127363310444944,12.978328602150537,10.5,1.5,4.5,1.0,1.0,1.0
H1_15,G,True,3-4-3,0,0,0,0,0,0,3,4,3,0,14,0.0,0.0,0.0,0.0,0.0,0,0,0,0,0,0,0.0,0.0,0.0,0.0,0.0,0.0,0.0,0.0,0.0,0.0,0.0,0.0,0.0,0.0,0.0,0.0,0.0,0.0
H1_30,G,True,3-4-3,0,0,0,0,0,0,3,4,3,0,29,0.0,0.0,0.0,0.0,0.0,0,0,0,0,0,0,0.0,0.0,0.0,0.0,0.0,0.0,0.0,0.0,0.0,0.0,0.0,0.0,0.0,0.0,0.0,0.0,0.0,0.0
H1_45,G,True,3-4-3,0,0,0,0,0,0,3,4,3,0,44,0.0,0.0,0.0,0.0,0.0,0,0,0,0,0,0,0.0,0.0,0.0,0.0,0.0,0.0,0.0,0.0,0.0,0.0,0.0,0.0,0.0,0.0,0.0,0.0,0.0,0.0
H2_15,G,True,3-4-3,0,0,0,0,0,0,3,4,3,0,59,0.0,0.0,0.0,0.0,0.0,0,0,0,0,0,0,0.0,0.0,0.0,0.0,0.0,0.0,0.0,0.0,0.0,0.0,0.0,0.0,0.0,0.0,0.0,0.0,0.0,0.0
H2_30,G,True,3-4-3,0,0,0,0,0,0,3,4,3,0,74,0.0,0.0,0.0,0.0,0.0,0,0,0,0,0,0,0.0,0.0,0.0,0.0,0.0,0.0,0.0,0.0,0.0,0.0,0.0,0.0,0.0,0.0,0.0,0.0,0.0,0.0
H1_15,D,True,3-4-3,1,0,0,0,0,0,3,4,3,0,14,0.0,44.916834352517995,2.0,1.0,1.0,0,2,0,4,1,5,2.0,0.16666666666666666,0.3333333333333333,0.5,0.0,0.18181818181818182,1.0,13.703991150233698,82.22394690140219,0.27313718232463013,0.03633181776262446,0.0,6.0,0.5,1.0,0.5,0.5,0.5
H1_30,D,True,3-4-3,1,0,0,0,0,0,3,4,3,0,29,0.0,0.0,1.0,0.0,0.0,0,2,0,5,1,7,2.0,0.13333333333333333,0.3333333333333333,0.5333333333333333,0.0,0.14285714285714285,1.0,12.791968496240601,38.375905488721806,0.0,0.0,0.0,3.0,0.0,0.0,0.0,0.0,0.0
H1_45,D,True,3-4-3,3,0,0,0,0,0,3,4,3,0,44,0.0,0.0,1.0,0.0,1.0,0,2,1,8,2,11,2.0,0.08333333333333333,0.375,0.5416666666666666,0.0,0.09523809523809523,0.6666666666666666,17.97301054419633,161.757094897767,0.0,0.382061985425116,0.0,9.0,2.0,0.0,0.0,1.0,0.0
H2_15,D,True,3-4-3,5,1,0,1,1,0,3,4,3,0,59,0.0,5.007545454545455,1.0,0.0,1.0,0,3,1,10,4,12,2.0,0.1,0.36666666666666664,0.5333333333333333,0.0,0.12,0.8,10.183523231004653,61.10113938602792,0.08195502579597619,0.35448280094193946,0.0,6.0,2.0,1.0,1.0,1.0,0.0
H2_30,D,True,3-4-3,6,1,0,1,1,0,3,4,3,0,74,0.0,19.061212252252254,2.0,1.0,1.0,0,5,2,13,4,13,2.0,0.13513513513513514,0.40540540540540543,0.4594594594594595,0.0,0.16129032258064516,0.6666666666666666,8.10596581431033,28.370880350086157,0.3359291642882412,0.1485151893305232,0.0,3.5,0.5,1.0,0.5,0.5,0.5
H1_15,D,True,3-4-3,0,0,0,0,0,1,3,4,3,0,14,0.0,16.346784012066365,1.0,0.0,0.0,0,2,0,0,0,4,2.0,0.3333333333333333,0.0,0.6666666666666666,0.0,0.3333333333333333,0.0,9.628421209642935,28.885263628928808,0.28296061656323157,0.0,0.0,3.0,0.0,1.0,1.0,0.0,0.0
H1_30,D,True,3-4-3,0,0,0,0,0,1,3,4,3,0,29,0.0,23.23302524271844,1.0,0.0,0.0,0,3,0,0,0,5,2.0,0.375,0.0,0.625,0.0,0.375,0.0,15.409941192787791,30.819882385575582,0.7538323784646249,0.0,0.0,2.0,0.0,1.0,1.0,0.0,0.0
H1_45,D,True,3-4-3,2,0,0,0,0,1,3,4,3,0,44,0.0,8.518178947368419,2.0,0.0,1.0,0,4,0,0,2,7,2.0,0.3076923076923077,0.0,0.6923076923076923,0.0,0.36363636363636365,1.0,13.035533068526465,32.58883267131616,0.13069168560409802,0.5968871535964806,0.0,2.5,1.0,0.5,0.5,0.5,0.0
H2_15,D,True,3-4-3,4,0,0,0,0,1,3,4,3,0,59,0.0,0.0,2.0,0.0,1.0,0,4,1,5,3,8,2.0,0.19047619047619047,0.2857142857142857,0.5238095238095238,0.0,0.23529411764705882,0.75,13.252856440330376,53.011425761321505,0.0,0.22220577173241038,0.0,4.0,1.0,0.0,0.0,0.5,0.0
H2_30,D,True,3-4-3,6,1,1,1,1,0,3,4,3,0,74,0.0,0.0,2.0,0.0,2.0,0,4,3,7,3,12,2.0,0.13793103448275862,0.3448275862068966,0.5172413793103449,0.0,0.17391304347826086,0.5,16.20980467732987,64.83921870931948,0.0,0.16024497025557136,0.0,4.0,1.0,0.0,0.0,1.0,0.0
H2_15,M,True,3-4-3,3,0,0,0,0,0,3,4,3,0,14,0.0,12.861464150943396,2.0,0.0,2.0,0,1,0,4,3,4,2.0,0.08333333333333333,0.3333333333333333,0.5833333333333334,0.0,0.1111111111111111,1.0,14.371444817746081,86.22866890647649,0.07457765679354812,0.43341086495842335,0.0,6.0,1.5,0.5,0.5,1.0,0.0
H2_30,M,True,3-4-3,6,0,0,0,0,0,3,4,3,0,29,8.911928571428572,40.30058669250646,2.0,1.0,2.0,1,3,0,8,5,8,2.0,0.16,0.32,0.52,0.16666666666666666,0.15789473684210525,0.8333333333333334,12.580321815963455,81.77209180376245,0.30091265967633407,0.26267961031625037,8.911928571428572,6.5,1.5,1.5,1.0,1.0,0.5
H1_15,M,True,3-4-3,3,0,0,0,0,0,3,4,3,0,14,19.64930625,31.577364124293787,2.0,1.0,2.0,1,2,1,6,1,2,2.0,0.23076923076923078,0.5384615384615384,0.23076923076923078,0.3333333333333333,0.2,0.3333333333333333,16.03404489513708,104.22129181839102,0.2457591413449275,0.37312362524562837,19.64930625,6.5,1.5,1.5,0.5,1.0,0.5
H1_30,M,True,3-4-3,6,0,0,0,0,0,3,4,3,0,29,28.97742795698925,24.09188688845401,2.0,1.0,2.0,2,4,2,9,2,6,2.0,0.24,0.44,0.32,0.3333333333333333,0.21052631578947367,0.3333333333333333,14.693574329301436,88.16144597580862,0.3009780196890453,0.5153933493468251,28.97742795698925,6.0,1.5,1.5,0.5,1.0,0.5
H1_45,M,True,3-4-3,10,0,0,0,0,0,3,4,3,0,44,0.0,37.23052796697627,2.0,1.0,2.0,2,7,5,13,3,8,2.0,0.23684210526315788,0.47368421052631576,0.2894736842105263,0.2,0.25,0.3,13.181347293530193,85.67875740794625,0.21726813677810958,0.4643010061874931,0.0,6.5,2.0,1.5,1.0,1.0,0.5
H1_15,G,False,4-4-2,0,0,0,0,0,0,4,4,2,0,14,0.0,0.0,0.0,0.0,0.0,0,0,0,0,0,1,1.0,0.0,0.0,1.0,0.0,0.0,0.0,10.692682926829267,10.692682926829267,0.0,0.0,0.0,1.0,0.0,0.0,0.0,0.0,0.0
H1_30,G,False,4-4-2,0,0,0,0,0,0,4,4,2,0,29,0.0,0.0,0.0,0.0,0.0,0,0,0,0,0,2,1.0,0.0,0.0,1.0,0.0,0.0,0.0,7.117212499999999,7.117212499999999,0.0,0.0,0.0,1.0,0.0,0.0,0.0,0.0,0.0
H1_45,G,False,4-4-2,0,0,0,0,0,0,4,4,2,0,44,0.0,0.0,0.0,0.0,0.0,0,0,0,1,0,2,1.0,0.0,0.3333333333333333,0.6666666666666666,0.0,0.0,0.0,5.073391304347826,5.073391304347826,0.0,0.0,0.0,1.0,0.0,0.0,0.0,0.0,0.0
H2_15,G,False,4-4-2,0,0,0,0,0,0,4,4,2,0,59,0.0,0.0,0.0,0.0,0.0,0,0,0,1,0,2,1.0,0.0,0.0,0.0,0.0,0.0,0.0,0.0,0.0,0.0,0.0,0.0,0.0,0.0,0.0,0.0,0.0,0.0
H2_30,G,False,4-4-2,0,0,0,0,0,0,4,4,2,0,74,0.0,0.0,0.0,0.0,0.0,0,0,0,1,0,2,1.0,0.0,0.0,0.0,0.0,0.0,0.0,0.0,0.0,0.0,0.0,0.0,0.0,0.0,0.0,0.0,0.0,0.0
H1_15,D,False,4-4-2,2,1,1,0,1,0,4,4,2,0,14,12.265638095238094,21.433761904761905,2.0,0.0,1.0,1,1,0,4,1,4,2.0,0.18181818181818182,0.36363636363636365,0.45454545454545453,0.5,0.1111111111111111,0.5,11.678055088556977,64.22930298706338,0.26233664723706795,0.17386123147770868,12.265638095238094,5.5,1.0,1.0,1.0,0.5,0.0
H1_30,D,False,4-4-2,3,1,1,0,1,0,4,4,2,0,29,0.0,0.0,2.0,0.0,1.0,1,1,0,7,2,7,2.0,0.1111111111111111,0.3888888888888889,0.5,0.3333333333333333,0.06666666666666667,0.6666666666666666,14.93346638269455,52.26713233943093,0.0,0.05967837246259585,0.0,3.5,0.5,0.0,0.0,0.5,0.0
H1_45,D,False,4-4-2,3,1,1,0,1,0,4,4,2,0,44,0.0,26.777722785223926,2.0,1.0,0.0,1,4,0,11,2,9,2.0,0.18518518518518517,0.4074074074074074,0.4074074074074074,0.3333333333333333,0.16666666666666666,0.6666666666666666,9.974759023797823,44.8864156070902,0.2982831489555846,0.0,0.0,4.5,0.0,1.5,1.0,0.0,0.5
H2_15,D,False,4-4-2,6,1,1,0,1,0,4,4,2,0,59,0.0,31.063188405797106,2.0,1.0,2.0,1,6,2,17,3,9,2.0,0.18421052631578946,0.5,0.3157894736842105,0.16666666666666666,0.1875,0.5,12.012625091720814,66.06943800446447,0.2350798594934173,0.2991556972274112,0.0,5.5,1.5,1.0,0.5,1.0,0.5
H2_30,D,False,4-4-2,7,1,1,0,1,0,4,4,2,0,74,16.759522807017547,6.0714239999999995,1.0,1.0,1.0,2,7,2,19,3,11,2.0,0.20454545454545456,0.4772727272727273,0.3181818181818182,0.2857142857142857,0.1891891891891892,0.42857142857142855,15.957512358929732,47.87253707678919,0.23845557600588332,0.17504318582629846,16.759522807017547,3.0,0.5,1.0,0.5,0.5,0.5
H1_15,D,False,4-4-2,2,1,0,0,1,0,4,4,2,0,14,0.0,71.79785826463322,2.0,2.0,2.0,0,6,1,2,1,4,2.0,0.42857142857142855,0.21428571428571427,0.35714285714285715,0.0,0.5,0.5,11.675480205845872,81.7283614409211,0.4392468966634897,0.0963551037994632,0.0,7.0,1.0,3.0,1.0,1.0,1.0
H1_30,D,False,4-4-2,4,1,0,0,1,0,4,4,2,0,29,0.0,24.497978888888888,2.0,1.0,2.0,0,8,2,3,2,7,2.0,0.36363636363636365,0.22727272727272727,0.4090909090909091,0.0,0.4444444444444444,0.5,14.109827345554525,56.4393093822181,0.21702939987255832,0.41643481416089917,0.0,4.0,1.0,1.0,0.5,1.0,0.5
H1_45,D,False,4-4-2,7,1,0,0,1,0,4,4,2,0,44,8.131200000000002,28.380569631093543,2.0,1.0,2.0,1,12,2,5,4,7,2.0,0.41935483870967744,0.22580645161290322,0.3548387096774194,0.14285714285714285,0.5,0.5714285714285714,8.820878246766,39.693952110447,0.4599160286370686,0.3779316294396332,8.131200000000002,4.5,1.5,2.5,0.5,1.0,0.5
H2_15,D,False,4-4-2,8,1,0,0,1,0,4,4,2,0,59,10.71865945945946,14.226301895206245,2.0,1.0,1.0,2,14,2,8,4,11,2.0,0.3902439024390244,0.24390243902439024,0.36585365853658536,0.25,0.42424242424242425,0.5,11.052779287475737,55.26389643737868,0.2256894913565464,0.09697705147885402,10.71865945945946,5.0,0.5,1.5,0.5,0.5,0.5
H1_15,D,False,4-4-2,2,0,0,0,0,0,4,4,2,0,14,0.0,31.391976642335763,1.0,0.0,1.0,0,1,0,3,2,3,2.0,0.1111111111111111,0.3333333333333333,0.5555555555555556,0.0,0.14285714285714285,1.0,15.682746354169938,70.57235859376472,0.222409858957933,0.2398433797208457,0.0,4.5,1.0,0.5,0.5,0.5,0.0
H1_30,D,False,4-4-2,4,0,0,0,0,0,4,4,2,0,29,0.0,0.0,2.0,0.0,1.0,0,1,1,6,3,6,2.0,0.058823529411764705,0.4117647058823529,0.5294117647058824,0.0,0.07692307692307693,0.75,14.762464033119084,59.049856132476336,0.0,0.31169991070643877,0.0,4.0,1.0,0.0,0.0,0.5,0.0
H1_45,D,False,4-4-2,5,0,0,0,0,0,4,4,2,0,44,0.0,0.0,1.0,0.0,1.0,0,1,1,8,4,9,2.0,0.043478260869565216,0.391304347826087,0.5652173913043478,0.0,0.05555555555555555,0.8,13.393438106371342,80.36062863822805,0.0,0.07876840149379323,0.0,6.0,1.0,0.0,0.0,1.0,0.0
H2_15,D,False,4-4-2,5,0,0,0,0,0,4,4,2,0,59,0.0,0.0,1.0,0.0,0.0,0,1,1,9,4,11,2.0,0.038461538461538464,0.38461538461538464,0.5769230769230769,0.0,0.047619047619047616,0.8,13.15033082356001,19.725496235340014,0.0,0.0,0.0,1.5,0.0,0.0,0.0,0.0,0.0
H2_30,D,False,4-4-2,6,0,0,0,0,0,4,4,2,0,74,0.0,0.0,1.0,0.0,1.0,0,1,2,10,4,12,2.0,0.034482758620689655,0.41379310344827586,0.5517241379310345,0.0,0.043478260869565216,0.6666666666666666,11.929585849184056,17.894378773776083,0.0,0.4279578135961337,0.0,1.5,0.5,0.0,0.0,0.5,0.0
H1_15,D,False,4-4-2,2,0,0,0,0,0,4,4,2,0,14,8.360893333333333,32.126508688379126,1.0,1.0,1.0,1,3,1,3,0,3,1.0,0.36363636363636365,0.36363636363636365,0.2727272727272727,0.5,0.3333333333333333,0.0,13.134453397896209,144.4789873768583,0.2802303833712878,0.20686467809832862,8.360893333333333,11.0,2.0,4.0,1.0,1.0,1.0
H1_30,D,False,4-4-2,4,0,0,0,0,0,4,4,2,0,29,0.0,0.0,2.0,0.0,1.0,1,3,3,5,0,6,2.0,0.2222222222222222,0.4444444444444444,0.3333333333333333,0.25,0.21428571428571427,0.0,15.962196764686164,55.86768867640157,0.0,0.32297680680549495,0.0,3.5,1.0,0.0,0.0,0.5,0.0
H1_45,D,False,4-4-2,4,0,0,0,0,0,4,4,2,0,44,0.0,0.0,1.0,0.0,0.0,1,3,3,5,0,9,2.0,0.19047619047619047,0.38095238095238093,0.42857142857142855,0.25,0.17647058823529413,0.0,10.258119515151515,30.774358545454543,0.0,0.0,0.0,3.0,0.0,0.0,0.0,0.0,0.0
H2_15,D,False,4-4-2,6,0,0,0,0,0,4,4,2,0,59,0.0,0.0,1.0,0.0,1.0,1,3,4,6,1,11,2.0,0.15384615384615385,0.38461538461538464,0.46153846153846156,0.16666666666666666,0.15,0.16666666666666666,15.378828551832502,38.44707137958125,0.0,0.554487164145077,0.0,2.5,1.0,0.0,0.0,0.5,0.0
H2_30,D,False,4-4-2,6,0,0,0,0,0,4,4,2,0,74,0.0,0.0,2.0,0.0,0.0,1,3,4,8,1,15,2.0,0.125,0.375,0.5,0.16666666666666666,0.11538461538461539,0.16666666666666666,15.876723290841468,47.630169872524405,0.0,0.0,0.0,3.0,0.0,0.0,0.0,0.0,0.0
H1_15,M,False,4-4-2,1,0,0,0,0,1,4,4,2,0,14,0.0,27.49049719298246,2.0,1.0,1.0,0,3,0,0,1,7,2.0,0.2727272727272727,0.0,0.7272727272727273,0.0,0.3,1.0,11.22030512837937,61.71167820608654,0.2227333463625618,0.07990967258306754,0.0,5.5,0.5,1.5,1.0,0.5,0.5
H1_30,M,False,4-4-2,3,0,0,0,0,1,4,4,2,0,29,0.0,4.032376470588235,2.0,0.0,1.0,0,4,1,4,2,10,2.0,0.19047619047619047,0.23809523809523808,0.5714285714285714,0.0,0.2222222222222222,0.6666666666666666,15.147448092474175,75.73724046237088,0.02662083042616051,0.35076144743925153,0.0,5.0,1.0,0.5,0.5,0.5,0.0
H1_45,M,False,4-4-2,3,1,0,0,1,1,4,4,2,0,44,0.0,36.48473516339868,2.0,1.0,0.0,0,6,1,12,2,13,2.0,0.17647058823529413,0.38235294117647056,0.4411764705882353,0.0,0.1935483870967742,0.6666666666666666,16.880483980261765,109.72314587170146,0.1662581530703651,0.0,0.0,6.5,0.0,1.0,0.5,0.0,0.5
H2_15,M,False,4-4-2,5,2,1,1,1,0,4,4,2,0,59,29.726687500000004,12.52167692307692,2.0,1.0,2.0,1,7,1,15,3,15,2.0,0.19047619047619047,0.38095238095238093,0.42857142857142855,0.2,0.1891891891891892,0.6,16.065243132665945,64.26097253066378,0.32872490688587874,0.3090369090189591,29.726687500000004,4.0,1.0,1.0,0.5,1.0,0.5
H2_30,M,False,4-4-2,5,2,1,1,1,0,4,4,2,0,74,0.0,7.885500000000002,2.0,0.0,0.0,1,8,1,18,3,18,2.0,0.1836734693877551,0.3877551020408163,0.42857142857142855,0.2,0.18181818181818182,0.6,8.23049058547227,28.80671704915294,0.13686911956237433,0.0,0.0,3.5,0.0,0.5,0.5,0.0,0.0
H2_30,M,False,4-4-2,2,0,0,0,0,0,4,4,2,0,4,24.010915068493155,28.64052333333333,2.0,1.0,2.0,1,1,1,2,0,0,2.0,0.4,0.6,0.0,0.5,0.3333333333333333,0.0,26.218152473950635,65.54538118487659,0.40164110308031015,0.5015596021830696,24.010915068493155,2.5,1.0,1.0,0.5,1.0,0.5
H1_15,A,False,4-4-2,1,0,0,0,0,1,4,4,2,0,14,15.531461538461537,76.35322692219748,2.0,2.0,1.0,1,6,0,1,0,1,2.0,0.7777777777777778,0.1111111111111111,0.1111111111111111,1.0,0.75,0.0,12.290262820415105,55.306182691867974,0.8306909281063924,0.14041342922719224,15.531461538461537,4.5,0.5,3.5,1.0,0.5,1.0
H1_30,A,False,4-4-2,1,0,0,0,0,1,4,4,2,0,29,0.0,9.639036363636366,1.0,0.0,0.0,1,7,0,3,0,3,2.0,0.5714285714285714,0.21428571428571427,0.21428571428571427,1.0,0.5384615384615384,0.0,7.879607456219944,39.39803728109972,0.24465778066209576,0.0,0.0,5.0,0.0,1.0,1.0,0.0,0.0
H1_45,A,False,4-4-2,3,1,1,1,1,0,4,4,2,0,44,29.955221739130444,18.048523076923075,2.0,1.0,1.0,2,9,1,8,0,3,2.0,0.4782608695652174,0.391304347826087,0.13043478260869565,0.6666666666666666,0.45,0.0,13.06018269583689,58.770822131266,0.40839776504092484,0.3799431562145809,29.955221739130444,4.5,1.0,1.5,0.5,0.5,0.5
H2_15,A,False,4-4-2,5,2,1,2,2,0,4,4,2,0,59,21.90654246575343,29.42810344827586,2.0,1.0,1.0,3,10,2,12,0,3,2.0,0.43333333333333335,0.4666666666666667,0.1,0.6,0.4,0.0,13.629658555597796,47.703804944592285,0.5380560939913934,0.380541368848075,21.90654246575343,3.5,1.0,1.0,0.5,0.5,0.5
H1_15,A,False,4-4-2,2,0,0,0,0,1,4,4,2,0,14,12.219036363636365,27.66543274894811,2.0,1.0,2.0,1,4,0,2,1,2,2.0,0.5,0.2,0.3,0.5,0.5,0.5,8.840683963800231,44.203419819001155,0.4511468713947767,0.29275589653081,12.219036363636365,5.0,1.0,2.5,1.0,1.0,0.5
H1_30,A,False,4-4-2,2,0,0,0,0,1,4,4,2,0,29,0.0,9.25975238095238,1.0,0.0,0.0,1,5,0,3,1,3,2.0,0.46153846153846156,0.23076923076923078,0.3076923076923077,0.5,0.45454545454545453,0.5,11.086127763347761,16.629191645021642,0.2784185960032674,0.0,0.0,1.5,0.0,0.5,0.5,0.0,0.0
H1_45,A,False,4-4-2,4,1,0,1,1,1,4,4,2,0,44,18.63106875,26.7939307489503,2.0,1.0,2.0,2,8,1,6,1,5,2.0,0.43478260869565216,0.30434782608695654,0.2608695652173913,0.5,0.42105263157894735,0.25,13.047116582924769,65.23558291462385,0.3481612140907795,0.29130237759377897,18.63106875,5.0,1.0,2.0,0.5,1.0,0.5
H2_15,A,False,4-4-2,7,2,1,2,2,0,4,4,2,0,59,27.207457703081232,22.55981207198598,2.0,1.0,1.0,4,11,2,10,1,5,2.0,0.45454545454545453,0.36363636363636365,0.18181818181818182,0.5714285714285714,0.4230769230769231,0.14285714285714285,9.033657332186525,45.16828666093262,0.5509094262159869,0.4648924515520623,13.603728851540616,5.0,1.5,2.5,1.0,0.5,0.5
H2_30,A,False,4-4-2,8,2,1,2,2,0,4,4,2,0,74,0.0,9.04761,2.0,0.0,1.0,4,12,3,13,1,5,2.0,0.42105263157894735,0.42105263157894735,0.15789473684210525,0.5,0.4,0.125,10.722736658878059,26.80684164719515,0.16875561319523572,0.19778250620132545,0.0,2.5,0.5,0.5,0.5,0.5,0.0
H2_30,D,False,4-4-2,0,0,0,0,0,0,4,4,2,0,4,0.0,0.0,0.0,0.0,0.0,0,0,0,1,0,0,1.0,0.0,1.0,0.0,0.0,0.0,0.0,9.921767441860464,9.921767441860464,0.0,0.0,0.0,1.0,0.0,0.0,0.0,0.0,0.0
H1_15,M,False,4-4-2,5,1,0,0,1,0,4,4,2,0,14,23.857686666666662,50.129390911920325,2.0,2.0,2.0,2,5,1,1,2,2,2.0,0.5384615384615384,0.15384615384615385,0.3076923076923077,0.4,0.625,0.4,15.17594828017626,98.6436638211457,0.37502194622827256,0.4667869293043471,11.928843333333331,6.5,2.5,3.5,1.0,1.0,1.0
H1_30,M,False,4-4-2,6,1,0,0,1,0,4,4,2,0,29,0.0,7.630739393939394,2.0,0.0,1.0,2,6,2,4,2,4,2.0,0.4,0.3,0.3,0.3333333333333333,0.42857142857142855,0.3333333333333333,17.444760974959877,61.05666341235957,0.062488997657827464,0.21460411127475032,0.0,3.5,0.5,0.5,0.5,0.5,0.0
H1_45,M,False,4-4-2,8,1,0,0,1,0,4,4,2,0,44,21.745722222222227,28.117657894736844,2.0,1.0,2.0,3,8,3,8,2,5,2.0,0.3793103448275862,0.3793103448275862,0.2413793103448276,0.375,0.38095238095238093,0.25,12.274509315801026,55.23529192110462,0.4513724684227385,0.2819190289308731,21.745722222222227,4.5,1.0,1.5,0.5,1.0,0.5
H2_15,M,False,4-4-2,9,3,2,2,3,0,4,4,2,0,59,9.523023529411764,41.34015973138503,2.0,1.0,1.0,4,11,3,15,2,6,2.0,0.36585365853658536,0.43902439024390244,0.1951219512195122,0.4444444444444444,0.34375,0.2222222222222222,13.164518029243439,78.98710817546063,0.32197142315813215,0.06028213811966302,9.523023529411764,6.0,0.5,2.0,0.5,0.5,0.5
H1_15,M,False,4-4-2,3,0,0,0,0,0,4,4,2,0,14,9.557721212121212,22.953784444444445,2.0,1.0,2.0,1,2,1,5,1,4,2.0,0.21428571428571427,0.42857142857142855,0.35714285714285715,0.3333333333333333,0.18181818181818182,0.3333333333333333,12.361611804044824,86.53128262831376,0.18785983906083709,0.245762513266977,9.557721212121212,7.0,1.5,1.5,1.0,1.0,0.5
H1_30,M,False,4-4-2,5,0,0,0,0,0,4,4,2,0,29,0.0,0.0,2.0,0.0,2.0,1,2,2,8,2,10,2.0,0.12,0.4,0.48,0.2,0.1,0.4,11.443098497591741,62.93704173675457,0.0,0.33242884660190775,0.0,5.5,1.0,0.0,0.0,1.0,0.0
H1_45,M,False,4-4-2,6,1,0,0,1,0,4,4,2,0,44,10.210277777777778,5.329036363636363,2.0,0.0,1.0,2,3,2,11,2,12,2.0,0.15625,0.40625,0.4375,0.3333333333333333,0.11538461538461539,0.3333333333333333,14.223118570679869,49.78091499737954,0.1560770241189031,0.10255213045315906,10.210277777777778,3.5,0.5,1.0,1.0,0.5,0.0
H2_15,M,False,4-4-2,7,1,0,0,1,0,4,4,2,0,59,0.0,21.73730625,2.0,0.0,1.0,2,5,3,13,2,12,2.0,0.1891891891891892,0.43243243243243246,0.3783783783783784,0.2857142857142857,0.16666666666666666,0.2857142857142857,13.506380693173151,33.765951732932876,0.3218820310756856,0.26408747435315266,0.0,2.5,0.5,1.0,1.0,0.5,0.0
H2_30,M,False,4-4-2,8,1,0,0,1,0,4,4,2,0,74,0.0,30.96199285714286,2.0,1.0,1.0,2,8,4,14,2,15,2.0,0.2222222222222222,0.4,0.37777777777777777,0.25,0.21621621621621623,0.25,13.819906137222477,55.279624548889906,0.28004887071691065,0.3302729763094762,0.0,4.0,0.5,1.5,1.0,0.5,0.5
H2_30,M,False,4-4-2,3,0,0,0,0,0,4,4,2,0,4,30.557767136150233,9.45245128205128,1.0,1.0,1.0,2,1,1,2,0,0,1.0,0.5,0.5,0.0,0.6666666666666666,0.3333333333333333,0.0,13.184356290988767,79.1061377459326,0.5057789390085439,0.5519660258186304,15.278883568075116,6.0,3.0,3.0,1.0,1.0,1.0
H1_15,M,False,4-4-2,4,2,0,1,2,1,4,4,2,0,14,22.001482666666664,71.92662261764,2.0,2.0,2.0,1,6,2,5,1,2,2.0,0.4117647058823529,0.4117647058823529,0.17647058823529413,0.25,0.46153846153846156,0.25,13.73945682850086,116.78538304225731,0.40213981766159884,0.3503002581689749,22.001482666666664,8.5,2.0,3.5,1.0,1.0,1.0
H1_30,M,False,4-4-2,6,2,0,1,2,1,4,4,2,0,29,20.301994029850743,29.139873205741626,2.0,1.0,1.0,2,8,2,8,2,4,2.0,0.38461538461538464,0.38461538461538464,0.23076923076923078,0.3333333333333333,0.4,0.3333333333333333,13.981559405930518,62.917017326687336,0.3929133113452658,0.29705349388861363,20.301994029850743,4.5,1.0,1.5,1.0,0.5,0.5
H1_45,M,False,4-4-2,9,3,1,2,3,0,4,4,2,0,44,17.79951186440678,26.92710687445887,2.0,1.0,2.0,3,11,3,12,3,8,2.0,0.35,0.375,0.275,0.3333333333333333,0.3548387096774194,0.3333333333333333,11.678840340052355,81.75188238036648,0.27355100235347724,0.25996466303953053,17.79951186440678,7.0,1.5,2.0,0.5,1.0,0.5
H2_15,M,False,4-4-2,11,3,1,2,3,0,4,4,2,0,59,19.50014328358209,47.12515294204178,2.0,1.0,1.0,4,14,4,16,3,8,2.0,0.3673469387755102,0.40816326530612246,0.22448979591836735,0.36363636363636365,0.3684210526315789,0.2727272727272727,12.816793048366812,57.67556871765065,0.577586816280793,0.2457104682574687,19.50014328358209,4.5,1.0,2.0,1.0,0.5,0.5
H2_30,M,False,4-4-2,15,4,1,3,4,0,4,4,2,0,74,36.32365516869096,88.81286666441287,2.0,2.0,2.0,6,20,6,22,3,12,2.0,0.37681159420289856,0.4057971014492754,0.21739130434782608,0.4,0.37037037037037035,0.2,13.55920863809178,135.5920863809178,0.4614447832949438,0.2677950387303432,18.16182758434548,10.0,2.0,4.0,1.0,1.0,1.0
H1_15,D,True,4-1-4-1,2,0,0,0,0,0,4,1,4,1,14,0.0,9.45789,2.0,0.0,1.0,0,1,0,2,2,5,2.0,0.1,0.2,0.7,0.0,0.125,1.0,11.142380357757602,55.71190178878801,0.08488213197115625,0.3047240168127066,0.0,5.0,1.0,0.5,0.5,0.5,0.0
H1_30,D,True,4-1-4-1,2,0,0,0,0,0,4,1,4,1,29,0.0,0.0,1.0,0.0,0.0,0,1,0,2,2,7,2.0,0.08333333333333333,0.16666666666666666,0.75,0.0,0.1,1.0,8.345455238095239,16.690910476190478,0.0,0.0,0.0,2.0,0.0,0.0,0.0,0.0,0.0
H1_45,D,True,4-1-4-1,2,1,0,1,1,0,4,1,4,1,44,0.0,0.0,1.0,0.0,0.0,0,1,0,5,2,9,2.0,0.058823529411764705,0.29411764705882354,0.6470588235294118,0.0,0.06666666666666667,1.0,10.348886236116824,51.74443118058412,0.0,0.0,0.0,5.0,0.0,0.0,0.0,0.0,0.0
H2_15,D,True,4-1-4-1,2,1,0,1,1,0,4,1,4,1,59,0.0,22.909263829787232,2.0,0.0,0.0,0,2,0,7,2,12,2.0,0.08695652173913043,0.30434782608695654,0.6086956521739131,0.0,0.09523809523809523,1.0,12.453926740373111,37.36178022111933,0.30658688764564557,0.0,0.0,3.0,0.0,0.5,0.5,0.0,0.0
H2_30,D,True,4-1-4-1,4,1,0,1,1,0,4,1,4,1,74,0.0,0.0,1.0,0.0,1.0,0,2,0,9,4,17,2.0,0.0625,0.28125,0.65625,0.0,0.07142857142857142,1.0,9.061626657364199,40.7773199581389,0.0,0.27913743429615373,0.0,4.5,1.0,0.0,0.0,0.5,0.0
H1_15,D,True,4-1-4-1,2,0,0,0,0,0,4,1,4,1,14,0.0,0.0,1.0,0.0,1.0,0,0,0,0,2,2,2.0,0.0,0.0,1.0,0.0,0.0,1.0,22.05303611047301,44.10607222094602,0.0,0.7341666603176619,0.0,2.0,1.0,0.0,0.0,0.5,0.0
H1_30,D,True,4-1-4-1,2,0,0,0,0,0,4,1,4,1,29,0.0,0.0,0.0,0.0,0.0,0,0,0,0,2,3,2.0,0.0,0.0,1.0,0.0,0.0,1.0,10.659309090909092,10.659309090909092,0.0,0.0,0.0,1.0,0.0,0.0,0.0,0.0,0.0
H1_45,D,True,4-1-4-1,2,0,0,0,0,0,4,1,4,1,44,0.0,0.0,1.0,0.0,0.0,0,0,0,1,2,6,2.0,0.0,0.1111111111111111,0.8888888888888888,0.0,0.0,1.0,9.120361834668191,18.240723669336383,0.0,0.0,0.0,2.0,0.0,0.0,0.0,0.0,0.0
H2_15,D,True,4-1-4-1,3,0,0,0,0,0,4,1,4,1,59,0.0,12.27272727272727,2.0,0.0,1.0,0,1,1,4,2,7,2.0,0.06666666666666667,0.3333333333333333,0.6,0.0,0.08333333333333333,0.6666666666666666,9.541953147651782,28.625859442955345,0.21436434593665127,0.11246687198967253,0.0,3.0,0.5,0.5,0.5,0.5,0.0
H2_30,D,True,4-1-4-1,5,0,0,0,0,0,4,1,4,1,74,0.0,0.0,2.0,0.0,2.0,0,1,2,5,3,9,2.0,0.05,0.35,0.6,0.0,0.06666666666666667,0.6,15.707730486584996,39.26932621646249,0.0,0.5523276189110029,0.0,2.5,1.0,0.0,0.0,1.0,0.0
H1_15,M,True,4-1-4-1,1,0,0,0,0,0,4,1,4,1,14,0.0,31.466972850678733,2.0,0.0,1.0,0,2,0,2,1,3,2.0,0.25,0.25,0.5,0.0,0.2857142857142857,1.0,15.79884333412668,63.19537333650672,0.2489657959857394,0.21144578540084383,0.0,4.0,0.5,1.0,1.0,0.5,0.0
H1_30,M,True,4-1-4-1,1,0,0,0,0,0,4,1,4,1,29,0.0,0.0,1.0,0.0,0.0,0,2,0,3,1,5,2.0,0.18181818181818182,0.2727272727272727,0.5454545454545454,0.0,0.2,1.0,10.711054116638076,16.066581174957115,0.0,0.0,0.0,1.5,0.0,0.0,0.0,0.0,0.0
H1_45,M,True,4-1-4-1,2,0,0,0,0,0,4,1,4,1,44,0.0,9.61469523809524,1.0,0.0,1.0,0,3,1,5,1,6,2.0,0.1875,0.375,0.4375,0.0,0.21428571428571427,0.5,10.106818356996618,25.267045892491545,0.19026156201648373,0.1587959061517427,0.0,2.5,0.5,0.5,0.5,0.5,0.0
H2_15,M,True,4-1-4-1,3,0,0,0,0,0,4,1,4,1,59,0.0,0.0,1.0,0.0,1.0,0,3,2,7,1,7,2.0,0.15,0.45,0.4,0.0,0.17647058823529413,0.3333333333333333,13.046527433135083,26.093054866270165,0.0,0.345028790938985,0.0,2.0,0.5,0.0,0.0,0.5,0.0
H2_30,M,True,4-1-4-1,4,0,0,0,0,0,4,1,4,1,74,10.934473684210529,16.18825846153846,1.0,1.0,1.0,1,4,2,8,1,7,2.0,0.21739130434782608,0.43478260869565216,0.34782608695652173,0.25,0.21052631578947367,0.25,13.381196429535377,40.14358928860613,0.6756429264646542,0.27238405628352813,10.934473684210529,3.0,1.0,2.0,1.0,1.0,1.0
H1_15,M,True,4-1-4-1,1,0,0,0,0,0,4,1,4,1,14,0.0,11.508400644122382,2.0,1.0,1.0,0,2,0,7,1,1,2.0,0.18181818181818182,0.6363636363636364,0.18181818181818182,0.0,0.2,1.0,13.535584795973456,74.44571637785401,0.077293907588388,0.1393868993494492,0.0,5.5,0.5,1.0,0.5,0.5,0.5
H1_30,M,True,4-1-4-1,2,0,0,0,0,0,4,1,4,1,29,0.0,0.0,2.0,0.0,1.0,0,2,1,10,1,6,2.0,0.1,0.55,0.35,0.0,0.1111111111111111,0.5,9.109564620490573,40.99304079220758,0.0,0.2269638047857407,0.0,4.5,0.5,0.0,0.0,0.5,0.0
H1_45,M,True,4-1-4-1,3,0,0,0,0,0,4,1,4,1,44,0.0,0.0,2.0,0.0,1.0,0,2,2,15,1,9,2.0,0.06896551724137931,0.5862068965517241,0.3448275862068966,0.0,0.07692307692307693,0.3333333333333333,13.681903983648134,61.5685679264166,0.0,0.2503758023129633,0.0,4.5,0.5,0.0,0.0,0.5,0.0
H2_15,M,True,4-1-4-1,5,0,0,0,0,0,4,1,4,1,59,0.0,13.80122181818182,2.0,0.0,2.0,0,3,3,20,2,12,2.0,0.075,0.575,0.35,0.0,0.08571428571428572,0.4,10.638518057762836,58.5118493176956,0.11793527276199035,0.19134571158502575,0.0,5.5,1.0,0.5,0.5,1.0,0.0
H2_30,M,True,4-1-4-1,6,0,0,0,0,0,4,1,4,1,74,0.0,0.0,1.0,0.0,1.0,0,3,3,24,3,13,2.0,0.06521739130434782,0.5869565217391305,0.34782608695652173,0.0,0.075,0.5,12.749872185745362,38.24961655723609,0.0,0.1748917788038672,0.0,3.0,0.5,0.0,0.0,0.5,0.0
H1_15,A,True,4-1-4-1,5,0,0,0,0,0,4,1,4,1,14,45.20436910039114,29.84200663659148,2.0,2.0,2.0,3,4,2,3,0,0,2.0,0.5833333333333334,0.4166666666666667,0.0,0.6,0.5714285714285714,0.0,10.113211766157681,60.67927059694608,0.6183856117476108,0.5685512105852518,15.068123033463714,6.0,2.5,3.5,1.0,1.0,1.0
H1_30,A,True,4-1-4-1,6,0,0,0,0,0,4,1,4,1,29,19.49319365079365,5.649615384615384,2.0,1.0,1.0,4,5,2,8,0,3,2.0,0.4090909090909091,0.45454545454545453,0.13636363636363635,0.6666666666666666,0.3125,0.0,10.29626215297731,51.48131076488655,0.24419355938930357,0.1893230121880387,19.49319365079365,5.0,0.5,1.0,0.5,0.5,0.5
H1_45,A,True,4-1-4-1,7,1,1,1,1,0,4,1,4,1,44,7.490311111111112,76.34153691949612,2.0,1.0,1.0,5,13,3,10,0,4,2.0,0.5142857142857142,0.37142857142857144,0.11428571428571428,0.625,0.48148148148148145,0.0,11.204144715348953,72.82694064976819,0.5755551948403456,0.1134663282822091,7.490311111111112,6.5,1.0,4.5,1.0,0.5,0.5
H2_15,A,True,4-1-4-1,10,1,1,1,1,0,4,1,4,1,59,0.0,13.791060219780219,1.0,0.0,1.0,5,15,4,10,1,7,2.0,0.47619047619047616,0.3333333333333333,0.19047619047619047,0.5,0.46875,0.1,12.647608384745373,44.26662934660881,0.15577264887050551,0.4244082531876144,0.0,3.5,1.0,1.0,1.0,0.5,0.0
H2_30,A,True,4-1-4-1,10,1,1,1,1,0,4,1,4,1,74,0.0,14.928180000000005,2.0,0.0,0.0,5,16,4,15,1,8,2.0,0.42857142857142855,0.3877551020408163,0.1836734693877551,0.5,0.41025641025641024,0.1,11.100397712657713,38.851391994302,0.19211898510855663,0.0,0.0,3.5,0.0,0.5,0.5,0.0,0.0
H1_15,M,True,4-1-4-1,1,0,0,0,0,0,4,1,4,1,14,0.0,40.16749086419753,1.0,0.0,1.0,0,2,1,5,0,2,2.0,0.2,0.6,0.2,0.0,0.2222222222222222,0.0,18.837024315764186,94.18512157882093,0.2132369220895599,0.16279306411736139,0.0,5.0,0.5,1.0,1.0,0.5,0.0
H1_30,M,True,4-1-4-1,3,0,0,0,0,0,4,1,4,1,29,0.0,0.0,2.0,0.0,2.0,0,2,3,8,0,6,2.0,0.10526315789473684,0.5789473684210527,0.3157894736842105,0.0,0.125,0.0,8.627427986364555,38.8234259386405,0.0,0.3107520317099187,0.0,4.5,1.0,0.0,0.0,1.0,0.0
H1_45,M,True,4-1-4-1,5,0,0,0,0,0,4,1,4,1,44,0.0,72.38492181205687,2.0,2.0,2.0,0,7,5,12,0,6,2.0,0.23333333333333334,0.5666666666666667,0.2,0.0,0.28,0.0,13.434999868310205,73.89249927570613,0.4897988464429643,0.2240823696199629,0.0,5.5,1.0,2.5,1.0,1.0,1.0
H2_15,M,True,4-1-4-1,7,0,0,0,0,0,4,1,4,1,59,29.261160634920635,10.043148654244305,2.0,1.0,1.0,2,9,5,14,0,8,2.0,0.2894736842105263,0.5,0.21052631578947367,0.2857142857142857,0.2903225806451613,0.0,13.052864900980943,52.21145960392377,0.3763954272426734,0.2802177994725282,14.630580317460318,4.0,1.0,2.0,1.0,0.5,0.5
H2_30,D,True,4-1-4-1,0,0,0,0,0,0,4,1,4,1,8,0.0,0.0,0.0,0.0,0.0,0,0,0,0,0,1,1.0,0.0,0.0,1.0,0.0,0.0,0.0,19.180820779220777,19.180820779220777,0.0,0.0,0.0,1.0,0.0,0.0,0.0,0.0,0.0
H2_15,A,True,4-1-4-1,1,0,0,0,0,0,4,1,4,1,9,32.49465346534654,42.90065358255452,2.0,1.0,1.0,1,2,0,5,0,4,2.0,0.25,0.4166666666666667,0.3333333333333333,1.0,0.18181818181818182,0.0,18.18379620655807,109.10277723934843,0.34552423391798587,0.1489176274315187,32.49465346534654,6.0,0.5,1.5,1.0,0.5,0.5
H2_30,A,True,4-1-4-1,4,0,0,0,0,0,4,1,4,1,24,0.0,10.861089361702128,2.0,0.0,2.0,1,3,1,8,2,7,2.0,0.18181818181818182,0.4090909090909091,0.4090909090909091,0.25,0.16666666666666666,0.5,12.405815341179196,62.02907670589598,0.0875483719772163,0.4086086044443245,0.0,5.0,1.5,0.5,0.5,1.0,0.0
H1_15,D,True,4-1-4-1,3,1,1,0,1,0,4,1,4,1,14,11.23591794871795,12.755099999999995,1.0,1.0,1.0,1,1,0,1,2,2,2.0,0.2857142857142857,0.14285714285714285,0.5714285714285714,0.3333333333333333,0.25,0.6666666666666666,15.38190358589974,53.836662550649095,0.2228130126579391,0.430933439024228,11.23591794871795,3.5,1.5,1.0,0.5,0.5,0.5
H1_30,D,True,4-1-4-1,3,1,1,0,1,0,4,1,4,1,29,0.0,0.0,1.0,0.0,0.0,1,1,0,1,2,5,2.0,0.2,0.1,0.7,0.3333333333333333,0.14285714285714285,0.6666666666666666,7.679557912786401,11.519336869179602,0.0,0.0,0.0,1.5,0.0,0.0,0.0,0.0,0.0
H1_45,D,True,4-1-4-1,3,1,1,0,1,0,4,1,4,1,44,6.903935999999999,21.729760233918128,2.0,1.0,1.0,2,3,0,4,2,11,2.0,0.22727272727272727,0.18181818181818182,0.5909090909090909,0.5,0.16666666666666666,0.5,11.552063389784655,69.31238033870792,0.2065554241103408,0.04980305081330798,6.903935999999999,6.0,0.5,1.5,1.0,0.5,0.5
H2_15,D,True,4-1-4-1,6,1,1,0,1,0,4,1,4,1,59,0.0,0.0,2.0,0.0,2.0,2,3,0,5,4,12,2.0,0.19230769230769232,0.19230769230769232,0.6153846153846154,0.3333333333333333,0.15,0.6666666666666666,8.048770932147562,16.097541864295124,0.0,0.6843896887824044,0.0,2.0,1.0,0.0,0.0,1.0,0.0
H1_15,D,True,4-1-4-1,1,0,0,0,0,0,4,1,4,1,14,0.0,8.339545945945947,1.0,0.0,1.0,0,1,0,3,1,2,2.0,0.14285714285714285,0.42857142857142855,0.42857142857142855,0.0,0.16666666666666666,1.0,14.953917645624282,52.33871175968498,0.07966900278552196,0.09020350588289036,0.0,3.5,0.5,0.5,0.5,0.5,0.0
H1_30,D,True,4-1-4-1,3,0,0,0,0,0,4,1,4,1,29,0.0,0.0,2.0,0.0,2.0,0,1,0,3,3,9,2.0,0.0625,0.1875,0.75,0.0,0.07692307692307693,1.0,8.682025508100564,39.06911478645254,0.0,0.20196702280213952,0.0,4.5,1.0,0.0,0.0,1.0,0.0
H1_45,D,True,4-1-4-1,8,0,0,0,0,0,4,1,4,1,44,63.482495238095254,0.0,2.0,1.0,2.0,2,1,1,6,5,11,2.0,0.11538461538461539,0.2692307692307692,0.6153846153846154,0.25,0.05555555555555555,0.625,15.584880444387986,77.92440222193993,0.40733386094697244,0.6915332522767091,31.741247619047627,5.0,2.5,1.0,0.5,1.0,0.5
H2_15,D,True,4-1-4-1,12,0,0,0,0,0,4,1,4,1,59,21.07615151515152,23.91593009708738,2.0,0.0,2.0,3,2,2,9,7,12,2.0,0.14285714285714285,0.3142857142857143,0.5428571428571428,0.25,0.08695652173913043,0.5833333333333334,13.552653833087218,60.98694224889248,0.36886651431566037,0.4239276369754728,21.07615151515152,4.5,2.0,1.0,1.0,1.0,0.0
H2_30,D,True,4-1-4-1,13,0,0,0,0,0,4,1,4,1,74,0.0,0.0,2.0,0.0,1.0,3,2,2,11,8,18,2.0,0.11363636363636363,0.29545454545454547,0.5909090909090909,0.23076923076923078,0.06451612903225806,0.6153846153846154,10.146241250039058,45.65808562517576,0.0,0.08790254812506867,0.0,4.5,0.5,0.0,0.0,0.5,0.0
H1_15,M,True,4-1-4-1,2,0,0,0,0,0,4,1,4,1,14,14.048204255319147,66.75683804904317,2.0,1.0,2.0,1,5,0,1,1,1,2.0,0.6666666666666666,0.1111111111111111,0.2222222222222222,0.5,0.7142857142857143,0.5,13.675451440647384,61.539531482913226,0.6565295539079483,0.31988972278066485,14.048204255319147,4.5,1.0,3.0,1.0,1.0,0.5
H1_30,M,True,4-1-4-1,3,0,0,0,0,0,4,1,4,1,29,0.0,4.958608695652173,2.0,0.0,1.0,1,6,1,5,1,2,2.0,0.4375,0.375,0.1875,0.3333333333333333,0.46153846153846156,0.3333333333333333,12.524470346244582,43.83564621185604,0.05655909201939676,0.2572933079745988,0.0,3.5,0.5,0.5,0.5,0.5,0.0
H1_45,M,True,4-1-4-1,5,0,0,0,0,0,4,1,4,1,44,0.0,48.72147648757017,2.0,1.0,2.0,1,9,3,10,1,4,2.0,0.35714285714285715,0.4642857142857143,0.17857142857142858,0.2,0.391304347826087,0.2,13.289202281902119,79.73521369141271,0.3055204484440816,0.2545400381095232,0.0,6.0,1.0,1.5,0.5,1.0,0.5
H2_30,M,True,4-1-4-1,0,0,0,0,0,0,4,1,4,1,8,0.0,0.0,1.0,0.0,0.0,0,0,0,3,0,1,2.0,0.0,0.75,0.25,0.0,0.0,0.0,14.673620015151515,29.34724003030303,0.0,0.0,0.0,2.0,0.0,0.0,0.0,0.0,0.0
H1_15,G,True,4-1-4-1,0,0,0,0,0,0,4,1,4,1,14,0.0,0.0,0.0,0.0,0.0,0,0,0,1,0,0,1.0,0.0,1.0,0.0,0.0,0.0,0.0,17.950028985507245,17.950028985507245,0.0,0.0,0.0,1.0,0.0,0.0,0.0,0.0,0.0
H1_30,G,True,4-1-4-1,0,0,0,0,0,0,4,1,4,1,29,0.0,0.0,0.0,0.0,0.0,0,0,0,1,0,0,1.0,0.0,0.0,0.0,0.0,0.0,0.0,0.0,0.0,0.0,0.0,0.0,0.0,0.0,0.0,0.0,0.0,0.0
H1_45,G,True,4-1-4-1,0,0,0,0,0,0,4,1,4,1,44,0.0,0.0,0.0,0.0,0.0,0,0,0,1,0,0,1.0,0.0,0.0,0.0,0.0,0.0,0.0,0.0,0.0,0.0,0.0,0.0,0.0,0.0,0.0,0.0,0.0,0.0
H2_15,G,True,4-1-4-1,0,0,0,0,0,0,4,1,4,1,59,0.0,0.0,0.0,0.0,0.0,0,0,0,1,0,0,1.0,0.0,0.0,0.0,0.0,0.0,0.0,0.0,0.0,0.0,0.0,0.0,0.0,0.0,0.0,0.0,0.0,0.0
H2_30,G,True,4-1-4-1,0,0,0,0,0,0,4,1,4,1,74,0.0,0.0,0.0,0.0,0.0,0,0,0,1,0,0,1.0,0.0,0.0,0.0,0.0,0.0,0.0,0.0,0.0,0.0,0.0,0.0,0.0,0.0,0.0,0.0,0.0,0.0
H1_15,G,False,4-1-4-1,0,0,0,0,0,0,4,1,4,1,14,0.0,0.0,0.0,0.0,0.0,0,0,0,0,0,0,0.0,0.0,0.0,0.0,0.0,0.0,0.0,0.0,0.0,0.0,0.0,0.0,0.0,0.0,0.0,0.0,0.0,0.0
H1_30,G,False,4-1-4-1,0,0,0,0,0,0,4,1,4,1,29,0.0,0.0,0.0,0.0,0.0,0,0,0,0,0,0,0.0,0.0,0.0,0.0,0.0,0.0,0.0,0.0,0.0,0.0,0.0,0.0,0.0,0.0,0.0,0.0,0.0,0.0
H1_45,G,False,4-1-4-1,0,0,0,0,0,0,4,1,4,1,44,0.0,0.0,0.0,0.0,0.0,0,0,0,0,0,0,0.0,0.0,0.0,0.0,0.0,0.0,0.0,0.0,0.0,0.0,0.0,0.0,0.0,0.0,0.0,0.0,0.0,0.0
H2_15,G,False,4-1-4-1,0,0,0,0,0,0,4,1,4,1,59,0.0,0.0,0.0,0.0,0.0,0,0,0,0,0,0,0.0,0.0,0.0,0.0,0.0,0.0,0.0,0.0,0.0,0.0,0.0,0.0,0.0,0.0,0.0,0.0,0.0,0.0
H2_30,G,False,4-1-4-1,0,0,0,0,0,0,4,1,4,1,74,0.0,0.0,0.0,0.0,0.0,0,0,0,0,0,0,0.0,0.0,0.0,0.0,0.0,0.0,0.0,0.0,0.0,0.0,0.0,0.0,0.0,0.0,0.0,0.0,0.0,0.0
H1_15,D,False,4-1-4-1,0,0,0,0,0,1,4,1,4,1,14,0.0,9.806048780487805,1.0,0.0,0.0,0,1,0,1,0,2,1.0,0.25,0.25,0.5,0.0,0.25,0.0,17.403762897527656,69.61505159011062,0.14086104307190994,0.0,0.0,4.0,0.0,1.0,1.0,0.0,0.0
H1_30,D,False,4-1-4-1,0,1,1,1,1,0,4,1,4,1,29,0.0,46.11732272219009,2.0,2.0,0.0,0,5,0,2,0,2,2.0,0.5555555555555556,0.2222222222222222,0.2222222222222222,0.0,0.5555555555555556,0.0,13.263746449199923,33.159366122999806,0.6953890878240049,0.0,0.0,2.5,0.0,2.0,1.0,0.0,1.0
H1_45,D,False,4-1-4-1,1,1,1,1,1,0,4,1,4,1,44,0.0,42.71364702797202,2.0,2.0,1.0,0,9,1,2,0,4,2.0,0.5625,0.1875,0.25,0.0,0.6,0.0,13.908415877678193,48.679455571873675,0.43872354904325783,0.17019044450047238,0.0,3.5,0.5,2.0,1.0,0.5,1.0
H2_15,D,False,4-1-4-1,2,1,1,1,1,0,4,1,4,1,59,0.0,0.0,1.0,0.0,1.0,0,9,2,6,0,4,2.0,0.42857142857142855,0.38095238095238093,0.19047619047619047,0.0,0.47368421052631576,0.0,11.150447594279782,27.876118985699456,0.0,0.1285288177031619,0.0,2.5,0.5,0.0,0.0,0.5,0.0
H2_30,D,False,4-1-4-1,3,1,1,1,1,0,4,1,4,1,74,0.0,9.103888888888887,2.0,0.0,1.0,0,10,3,9,0,4,2.0,0.38461538461538464,0.46153846153846156,0.15384615384615385,0.0,0.43478260869565216,0.0,16.91156392272478,42.27890980681195,0.10766465987992521,0.30237646109732463,0.0,2.5,0.5,0.5,0.5,0.5,0.0
H1_15,D,False,4-1-4-1,2,0,0,0,0,0,4,1,4,1,14,0.0,0.0,2.0,0.0,2.0,0,0,1,2,1,4,2.0,0.0,0.375,0.625,0.0,0.0,0.5,7.420520453320936,29.682081813283745,0.0,0.2766731688108431,0.0,4.0,1.0,0.0,0.0,1.0,0.0
H1_30,D,False,4-1-4-1,2,0,0,0,0,0,4,1,4,1,29,0.0,0.0,0.0,0.0,0.0,0,0,1,3,1,4,2.0,0.0,0.4444444444444444,0.5555555555555556,0.0,0.0,0.5,10.66651914893617,10.66651914893617,0.0,0.0,0.0,1.0,0.0,0.0,0.0,0.0,0.0
H1_45,D,False,4-1-4-1,2,0,0,0,0,0,4,1,4,1,44,0.0,0.0,0.0,0.0,0.0,0,0,1,3,1,5,2.0,0.0,0.4,0.6,0.0,0.0,0.5,20.652141176470582,20.652141176470582,0.0,0.0,0.0,1.0,0.0,0.0,0.0,0.0,0.0
H2_15,D,False,4-1-4-1,3,0,0,0,0,0,4,1,4,1,59,0.0,19.120070886075947,1.0,0.0,1.0,0,1,1,6,2,6,2.0,0.0625,0.4375,0.5,0.0,0.07692307692307693,0.6666666666666666,12.68017772547981,38.04053317643943,0.25131181518136614,0.25073341487213086,0.0,3.0,0.5,0.5,0.5,0.5,0.0
H2_30,D,False,4-1-4-1,3,0,0,0,0,0,4,1,4,1,74,0.0,0.0,0.0,0.0,0.0,0,1,1,8,2,6,2.0,0.05555555555555555,0.5,0.4444444444444444,0.0,0.06666666666666667,0.6666666666666666,8.188829268292682,8.188829268292682,0.0,0.0,0.0,1.0,0.0,0.0,0.0,0.0,0.0
H1_15,D,False,4-1-4-1,1,0,0,0,0,0,4,1,4,1,14,0.0,13.700154385964913,1.0,0.0,1.0,0,1,1,0,0,3,1.0,0.2,0.2,0.6,0.0,0.25,0.0,13.002432020050126,65.01216010025063,0.21073218248461334,0.34210320864792854,0.0,5.0,1.0,1.0,1.0,1.0,0.0
H1_30,D,False,4-1-4-1,2,0,0,0,0,0,4,1,4,1,29,0.0,18.785616774193546,1.0,1.0,1.0,0,3,1,1,1,3,1.0,0.3333333333333333,0.2222222222222222,0.4444444444444444,0.0,0.42857142857142855,0.5,9.906402160055563,39.625608640222254,0.47407768407436074,0.2821073055484512,0.0,4.0,1.0,2.0,1.0,1.0,1.0
H1_45,D,False,4-1-4-1,3,0,0,0,0,0,4,1,4,1,44,0.0,25.832437562724017,1.0,1.0,1.0,0,5,2,3,1,3,1.0,0.35714285714285715,0.35714285714285715,0.2857142857142857,0.0,0.45454545454545453,0.3333333333333333,12.315543007483901,61.57771503741951,0.41950951812723447,0.3307657161774886,0.0,5.0,1.0,2.0,1.0,1.0,1.0
H2_15,D,False,4-1-4-1,4,0,0,0,0,0,4,1,4,1,59,0.0,15.601045161290322,1.0,0.0,1.0,0,6,3,4,1,4,1.0,0.3333333333333333,0.3888888888888889,0.2777777777777778,0.0,0.42857142857142855,0.25,18.031538865786665,72.12615546314666,0.21630218692665215,0.3109080966577197,0.0,4.0,1.0,1.0,1.0,1.0,0.0
H2_30,D,False,4-1-4-1,4,0,0,0,0,0,4,1,4,1,74,0.0,0.0,0.0,0.0,0.0,0,6,3,4,1,4,1.0,0.0,0.0,0.0,0.0,0.0,0.0,0.0,0.0,0.0,0.0,0.0,0.0,0.0,0.0,0.0,0.0,0.0
H1_15,M,False,4-1-4-1,1,0,0,0,0,0,4,1,4,1,14,0.0,0.0,2.0,0.0,1.0,0,0,0,3,1,4,2.0,0.0,0.375,0.625,0.0,0.0,1.0,13.13566013472333,52.54264053889332,0.0,0.05905596844608995,0.0,4.0,0.5,0.0,0.0,0.5,0.0
H1_30,M,False,4-1-4-1,3,0,0,0,0,0,4,1,4,1,29,7.701007407407406,16.331602721088434,2.0,1.0,1.0,1,2,1,5,1,4,2.0,0.21428571428571427,0.42857142857142855,0.35714285714285715,0.3333333333333333,0.18181818181818182,0.3333333333333333,10.260355098376051,30.781065295128155,0.39037976590595097,0.39571881103070344,7.701007407407406,3.0,1.0,1.5,1.0,0.5,0.5
H1_45,M,False,4-1-4-1,4,1,0,1,1,0,4,1,4,1,44,0.0,8.104434285714285,1.0,0.0,1.0,1,3,2,6,1,7,2.0,0.2,0.4,0.4,0.25,0.1875,0.25,12.536952095428761,37.610856286286285,0.10774062446258813,0.48252595334638815,0.0,3.0,0.5,0.5,0.5,0.5,0.0
H2_15,M,False,4-1-4-1,5,1,0,1,1,0,4,1,4,1,59,0.0,6.334179310344828,2.0,0.0,1.0,1,4,2,10,2,8,2.0,0.18518518518518517,0.4444444444444444,0.37037037037037035,0.2,0.18181818181818182,0.4,12.309857020870519,43.08449957304681,0.0735087951944952,0.1207929906840861,0.0,3.5,0.5,0.5,0.5,0.5,0.0
H2_30,M,False,4-1-4-1,5,1,0,1,1,0,4,1,4,1,74,0.0,12.400000000000002,1.0,0.0,0.0,1,5,2,12,2,8,2.0,0.2,0.4666666666666667,0.3333333333333333,0.2,0.2,0.4,15.53504753246753,23.302571298701295,0.26606505868069336,0.0,0.0,1.5,0.0,0.5,0.5,0.0,0.0
H1_15,M,False,4-1-4-1,1,0,0,0,0,0,4,1,4,1,14,0.0,33.51411221926152,1.0,1.0,1.0,0,3,1,1,0,1,1.0,0.5,0.3333333333333333,0.16666666666666666,0.0,0.6,0.0,16.57629754808949,99.45778528853694,0.3369682134187258,0.4090690562249419,0.0,6.0,1.0,3.0,1.0,1.0,1.0
H1_30,M,False,4-1-4-1,2,0,0,0,0,0,4,1,4,1,29,9.06595,25.042002005012527,2.0,1.0,1.0,1,6,1,2,0,1,2.0,0.6363636363636364,0.2727272727272727,0.09090909090909091,0.5,0.6666666666666666,0.0,9.488226115288219,23.72056528822055,0.7189531866247361,0.1910989449417144,9.06595,2.5,0.5,2.0,1.0,0.5,0.5
H1_45,M,False,4-1-4-1,3,0,0,0,0,0,4,1,4,1,44,24.46040506329114,17.953671720500992,2.0,1.0,1.0,2,8,1,3,0,4,2.0,0.5555555555555556,0.2222222222222222,0.2222222222222222,0.6666666666666666,0.5333333333333333,0.0,12.558669744501454,43.95534410575509,0.48246780507218057,0.278241537643753,24.46040506329114,3.5,0.5,1.5,1.0,0.5,0.5
H2_15,M,False,4-1-4-1,4,0,0,0,0,0,4,1,4,1,59,0.0,0.0,1.0,0.0,0.0,2,8,2,5,0,5,2.0,0.45454545454545453,0.3181818181818182,0.22727272727272727,0.5,0.4444444444444444,0.0,9.428483149207894,18.856966298415788,0.0,0.29638634762213,0.0,2.0,0.5,0.0,0.0,0.5,0.0
H1_15,M,False,4-1-4-1,2,0,0,0,0,0,4,1,4,1,14,18.275016393442623,13.25233861892583,2.0,1.0,2.0,1,2,1,5,0,2,2.0,0.2727272727272727,0.5454545454545454,0.18181818181818182,0.5,0.2222222222222222,0.0,11.284656663311685,62.065611648214265,0.25398408373919207,0.2423799617562702,18.275016393442623,5.5,1.0,1.5,0.5,1.0,0.5
H1_30,M,False,4-1-4-1,2,1,1,1,1,0,4,1,4,1,29,0.0,25.691109907052553,1.0,1.0,0.0,1,5,1,5,0,2,2.0,0.42857142857142855,0.42857142857142855,0.14285714285714285,0.5,0.4166666666666667,0.0,8.56370330235085,12.845554953526277,1.0,0.0,0.0,1.5,0.0,1.5,1.0,0.0,0.5
H1_45,M,False,4-1-4-1,2,1,1,1,1,0,4,1,4,1,44,0.0,32.669575594601476,2.0,1.0,0.0,1,8,1,6,0,5,2.0,0.42857142857142855,0.3333333333333333,0.23809523809523808,0.5,0.42105263157894735,0.0,13.564718241445435,47.476513845059024,0.3440603884819722,0.0,0.0,3.5,0.0,1.5,1.0,0.0,0.5
H2_15,M,False,4-1-4-1,3,1,1,1,1,0,4,1,4,1,59,6.9024,12.354539130434784,2.0,1.0,1.0,2,10,1,8,0,7,2.0,0.42857142857142855,0.32142857142857145,0.25,0.6666666666666666,0.4,0.0,9.027626621841925,31.59669317644674,0.30473029286478576,0.10922662003670192,6.9024,3.5,0.5,1.5,0.5,0.5,0.5
H2_30,M,False,4-1-4-1,4,1,1,1,1,0,4,1,4,1,74,0.0,33.66521014223871,1.0,1.0,1.0,2,13,2,10,0,8,2.0,0.42857142857142855,0.34285714285714286,0.22857142857142856,0.5,0.41935483870967744,0.0,14.400356715846513,50.401248505462796,0.3339719862156775,0.12551826512872183,0.0,3.5,0.5,1.5,1.0,0.5,0.5
H2_30,A,False,4-1-4-1,2,0,0,0,0,1,4,1,4,1,8,23.33554544311754,29.0181095215833,1.0,1.0,1.0,2,3,0,1,0,0,2.0,0.8333333333333334,0.16666666666666666,0.0,1.0,0.75,0.0,10.04709739607759,30.141292188232768,0.8684706454811486,0.3871026049146591,11.66777272155877,3.0,1.0,2.5,1.0,0.5,0.5
H1_15,A,False,4-1-4-1,5,0,0,0,0,0,4,1,4,1,14,81.07765279005008,59.96335675400676,2.0,2.0,2.0,5,7,0,2,0,0,2.0,0.8571428571428571,0.14285714285714285,0.0,1.0,0.7777777777777778,0.0,11.42014258648025,79.94099810536174,0.8821569212718964,0.5071093350822955,16.215530558010016,7.0,2.5,6.0,1.0,1.0,1.0
H1_30,A,False,4-1-4-1,6,1,0,1,1,0,4,1,4,1,29,19.550666666666668,60.54588470899182,2.0,2.0,1.0,6,12,0,2,0,0,2.0,0.9,0.1,0.0,1.0,0.8571428571428571,0.0,13.349425229276415,40.048275687829246,1.0,0.24408874453249127,19.550666666666668,3.0,0.5,3.0,1.0,0.5,1.0
H1_45,A,False,4-1-4-1,7,2,0,2,2,0,4,1,4,1,44,9.789668571428573,51.6524681403957,2.0,2.0,1.0,7,18,0,5,0,0,2.0,0.8333333333333334,0.16666666666666666,0.0,1.0,0.782608695652174,0.0,10.468677493694688,52.34338746847344,0.5869140275725472,0.09351389970055832,9.789668571428573,5.0,0.5,3.5,1.0,0.5,1.0
H2_15,A,False,4-1-4-1,7,3,1,3,3,0,4,1,4,1,59,0.0,23.957591311475408,1.0,1.0,0.0,7,20,0,6,0,1,2.0,0.7941176470588235,0.17647058823529413,0.029411764705882353,1.0,0.7407407407407407,0.0,10.940831306129722,21.881662612259444,0.547435351143128,0.0,0.0,2.0,0.0,1.0,0.5,0.0,0.5
H1_15,D,False,4-1-4-1,2,0,0,0,0,0,4,1,4,1,14,14.265208163265306,5.2836,2.0,1.0,2.0,1,1,1,2,0,4,2.0,0.2222222222222222,0.3333333333333333,0.4444444444444444,0.5,0.14285714285714285,0.0,11.105439856572701,49.974479354577156,0.19558791222779226,0.3020139425383677,14.265208163265306,4.5,1.0,1.0,0.5,1.0,0.5
H1_30,D,False,4-1-4-1,2,1,0,0,1,0,4,1,4,1,29,0.0,12.12538775510204,1.0,0.0,0.0,1,2,1,4,0,4,2.0,0.25,0.4166666666666667,0.3333333333333333,0.5,0.2,0.0,14.83338963402403,22.250084451036045,0.2724795894996578,0.0,0.0,1.5,0.0,0.5,0.5,0.0,0.0
H1_45,D,False,4-1-4-1,4,1,0,0,1,0,4,1,4,1,44,0.0,0.0,2.0,0.0,2.0,1,2,2,7,1,7,2.0,0.15,0.45,0.4,0.25,0.125,0.25,18.62662855580787,74.50651422323148,0.0,0.4711839410677329,0.0,4.0,1.0,0.0,0.0,1.0,0.0
H2_15,D,False,4-1-4-1,6,1,0,0,1,0,4,1,4,1,59,0.0,0.0,1.0,0.0,1.0,1,2,3,8,2,8,2.0,0.125,0.4583333333333333,0.4166666666666667,0.16666666666666666,0.1111111111111111,0.3333333333333333,13.889241672644667,55.55696669057867,0.0,0.33951118846480394,0.0,4.0,2.0,0.0,0.0,1.0,0.0
H2_30,D,False,4-1-4-1,7,2,0,0,2,0,4,1,4,1,74,16.301305263157897,13.48368817204301,1.0,1.0,1.0,2,4,3,11,2,8,2.0,0.2,0.4666666666666667,0.3333333333333333,0.2857142857142857,0.17391304347826086,0.2857142857142857,12.028153942496852,36.08446182749056,0.4127121748080157,0.22587707336595114,16.301305263157897,3.0,0.5,1.5,0.5,0.5,0.5
H2_15,M,False,4-1-4-1,1,0,0,0,0,0,4,1,4,1,14,8.312946666666665,75.33736946882237,2.0,2.0,1.0,1,7,0,3,0,2,2.0,0.6153846153846154,0.23076923076923078,0.15384615384615385,1.0,0.5833333333333334,0.0,11.327103823646716,73.62617485370366,0.5680745760709658,0.056453745445723735,8.312946666666665,6.5,0.5,4.0,1.0,0.5,1.0
H2_30,M,False,4-1-4-1,4,0,0,0,0,0,4,1,4,1,29,16.420673303167423,89.37183828975608,2.0,2.0,2.0,3,14,1,5,0,3,2.0,0.6538461538461539,0.23076923076923078,0.11538461538461539,0.75,0.6363636363636364,0.0,13.397633527133138,87.0846179263654,0.607412159070254,0.15459038668660202,8.210336651583711,6.5,1.5,4.5,1.0,1.0,1.0
H1_15,M,False,4-1-4-1,3,0,0,0,0,1,4,1,4,1,14,0.0,75.7855653557423,2.0,2.0,2.0,0,7,3,2,0,3,2.0,0.4666666666666667,0.3333333333333333,0.2,0.0,0.5833333333333334,0.0,13.750051384736826,103.1253853855262,0.36744379219735224,0.2717251858799202,0.0,7.5,1.5,3.5,1.0,1.0,1.0
H1_30,M,False,4-1-4-1,5,0,0,0,0,1,4,1,4,1,29,15.60884593837535,67.97432151456879,2.0,2.0,1.0,2,12,3,3,0,3,2.0,0.6086956521739131,0.2608695652173913,0.13043478260869565,0.4,0.6666666666666666,0.0,11.691709026856111,46.766836107424446,0.8936158013870318,0.16687943035660452,7.804422969187675,4.0,1.0,3.5,1.0,0.5,1.0
H1_45,M,False,4-1-4-1,8,1,0,1,1,1,4,1,4,1,44,0.0,63.1825091496799,2.0,2.0,2.0,2,17,6,8,0,5,2.0,0.5,0.3684210526315789,0.13157894736842105,0.25,0.5666666666666667,0.0,11.725805444926577,87.94354083694932,0.35922199941222904,0.2508182072170397,0.0,7.5,1.5,2.5,1.0,1.0,1.0
H2_15,M,False,4-1-4-1,9,2,0,1,2,1,4,1,4,1,59,0.0,17.489272222222223,1.0,0.0,1.0,2,18,6,9,1,6,2.0,0.47619047619047616,0.35714285714285715,0.16666666666666666,0.2222222222222222,0.5454545454545454,0.1111111111111111,12.121495857279694,48.485983429118775,0.36070779605387676,0.21071038014389068,0.0,4.0,1.0,1.0,1.0,1.0,0.0
H2_30,M,False,4-1-4-1,10,3,1,2,3,0,4,1,4,1,74,0.0,61.601800280186744,2.0,1.0,1.0,2,23,7,12,1,6,2.0,0.49019607843137253,0.37254901960784315,0.13725490196078433,0.2,0.5609756097560976,0.1,15.61398900320138,70.26295051440621,0.4383661647368221,0.26979736094064105,0.0,4.5,0.5,2.5,0.5,0.5,0.5
H2_30,M,False,4-1-4-1,2,0,0,0,0,0,4,1,4,1,14,32.18891089108911,75.10232774433923,2.0,2.0,1.0,1,6,1,6,0,1,2.0,0.4666666666666667,0.4666666666666667,0.06666666666666667,0.5,0.46153846153846156,0.0,11.899016174166414,89.24262130624811,0.6011210622514324,0.2648886906268727,32.18891089108911,7.5,1.0,3.5,1.0,0.5,1.0
H1_15,M,False,4-1-4-1,3,0,0,0,0,0,4,1,4,1,14,28.15865187969925,20.230216563146996,2.0,2.0,2.0,2,3,1,5,0,2,2.0,0.38461538461538464,0.46153846153846156,0.15384615384615385,0.6666666666666666,0.3,0.0,11.103331840395832,72.17165696257291,0.3352345676914412,0.295930380965556,14.079325939849625,6.5,1.5,2.5,1.0,1.0,1.0
H1_30,M,False,4-1-4-1,7,1,0,1,1,0,4,1,4,1,29,50.75169178215771,79.47333615453883,2.0,2.0,1.0,6,9,1,6,0,2,2.0,0.625,0.2916666666666667,0.08333333333333333,0.8571428571428571,0.5294117647058824,0.0,12.473861933639078,68.60624063501493,0.9490756724996304,0.3698766417777984,12.687922945539427,5.5,2.0,5.0,1.0,1.0,1.0
H1_45,M,False,4-1-4-1,10,2,0,1,2,0,4,1,4,1,44,0.0,32.85276495618203,2.0,1.0,2.0,6,12,3,9,1,9,2.0,0.45,0.3,0.25,0.6,0.4,0.1,11.836092654381751,94.68874123505401,0.17347767288736463,0.20750017663780665,0.0,8.0,1.5,1.5,0.5,1.0,0.5
H1_15,D,True,4-2-3-1,2,0,0,0,0,0,4,2,3,1,14,16.220814545454544,79.47098249027542,2.0,1.0,1.0,1,6,1,5,0,2,2.0,0.4666666666666667,0.4,0.13333333333333333,0.5,0.46153846153846156,0.0,11.631084121044672,87.23313090783505,0.548483105213957,0.13409274925611692,16.220814545454544,7.5,1.0,3.5,1.0,0.5,0.5
H1_30,D,True,4-2-3-1,2,0,0,0,0,0,4,2,3,1,29,0.0,53.956207050169425,2.0,1.0,0.0,1,9,1,5,0,6,2.0,0.45454545454545453,0.2727272727272727,0.2727272727272727,0.5,0.45,0.0,15.02369487759042,52.582932071566475,0.5130581818519924,0.0,0.0,3.5,0.0,1.5,0.5,0.0,0.5
H1_45,D,True,4-2-3-1,4,0,0,0,0,0,4,2,3,1,44,0.0,19.840258536585367,2.0,0.0,1.0,1,10,2,7,1,10,2.0,0.3548387096774194,0.2903225806451613,0.3548387096774194,0.25,0.37037037037037035,0.25,14.222762044207322,64.00242919893294,0.15499613674754195,0.31521402262029236,0.0,4.5,1.0,0.5,0.5,0.5,0.0
H2_15,D,True,4-2-3-1,5,0,0,0,0,0,4,2,3,1,59,0.0,82.10188009925449,2.0,2.0,1.0,1,15,2,10,2,10,2.0,0.4,0.3,0.3,0.2,0.42857142857142855,0.4,14.91833580143462,67.1325111064558,0.6114912040833757,0.12046662324685803,0.0,4.5,0.5,2.5,1.0,0.5,1.0
H1_15,D,True,4-2-3-1,0,0,0,0,0,0,4,2,3,1,14,0.0,0.0,1.0,0.0,0.0,0,0,0,2,0,2,2.0,0.0,0.5,0.5,0.0,0.0,0.0,13.405203819315414,26.810407638630828,0.0,0.0,0.0,2.0,0.0,0.0,0.0,0.0,0.0
H1_30,D,True,4-2-3-1,0,0,0,0,0,0,4,2,3,1,29,0.0,0.0,1.0,0.0,0.0,0,0,0,3,0,3,2.0,0.0,0.5,0.5,0.0,0.0,0.0,8.392590701339639,16.785181402679278,0.0,0.0,0.0,2.0,0.0,0.0,0.0,0.0,0.0
H1_45,D,True,4-2-3-1,0,0,0,0,0,0,4,2,3,1,44,0.0,0.0,1.0,0.0,0.0,0,0,0,4,0,7,2.0,0.0,0.36363636363636365,0.6363636363636364,0.0,0.0,0.0,14.519951826151637,36.29987956537909,0.0,0.0,0.0,2.5,0.0,0.0,0.0,0.0,0.0
H2_15,D,True,4-2-3-1,0,0,0,0,0,0,4,2,3,1,59,0.0,0.0,1.0,0.0,0.0,0,0,0,4,0,10,2.0,0.0,0.2857142857142857,0.7142857142857143,0.0,0.0,0.0,10.043890878090366,30.131672634271098,0.0,0.0,0.0,3.0,0.0,0.0,0.0,0.0,0.0
H2_30,D,True,4-2-3-1,1,0,0,0,0,0,4,2,3,1,74,0.0,55.26803373913043,1.0,1.0,1.0,0,2,0,5,1,12,2.0,0.1,0.25,0.65,0.0,0.10526315789473684,1.0,18.187709462534244,54.56312838760273,0.5064595393662202,0.12065832090451192,0.0,3.0,0.5,1.0,0.5,0.5,0.5
H2_30,M,True,4-2-3-1,1,0,0,0,0,0,4,2,3,1,10,0.0,21.128751219512193,2.0,0.0,1.0,0,1,1,4,0,0,2.0,0.16666666666666666,0.8333333333333334,0.0,0.0,0.2,0.0,15.1862111966813,45.558633590043904,0.2318852603179207,0.2335196979763969,0.0,3.0,0.5,0.5,0.5,0.5,0.0
H2_30,M,True,4-2-3-1,0,1,0,1,1,0,4,2,3,1,9,0.0,11.80322962962963,1.0,1.0,0.0,0,2,0,2,0,1,2.0,0.4,0.4,0.2,0.0,0.4,0.0,20.91260985479596,52.2815246369899,0.11288145967035057,0.0,0.0,2.5,0.0,1.0,0.5,0.0,0.5
H2_30,M,True,4-2-3-1,0,0,0,0,0,0,4,2,3,1,1,0.0,0.0,0.0,0.0,0.0,0,0,0,0,0,1,1.0,0.0,0.0,1.0,0.0,0.0,0.0,4.724236363636364,4.724236363636364,0.0,0.0,0.0,1.0,0.0,0.0,0.0,0.0,0.0
H1_15,M,True,4-2-3-1,3,1,0,1,1,0,4,2,3,1,14,12.909715636363636,44.93409213203463,2.0,2.0,2.0,2,5,0,7,1,2,2.0,0.4117647058823529,0.4117647058823529,0.17647058823529413,0.6666666666666666,0.35714285714285715,0.3333333333333333,11.729053108966575,99.69695142621589,0.29009817723066256,0.10776742388742902,6.454857818181818,8.5,1.5,3.5,1.0,1.0,1.0
H1_30,M,True,4-2-3-1,7,1,0,1,1,0,4,2,3,1,29,6.815999999999999,58.75184161228451,2.0,1.0,2.0,3,10,2,10,2,5,2.0,0.40625,0.375,0.21875,0.42857142857142855,0.4,0.2857142857142857,11.813713796848589,88.60285347636442,0.3700097628897206,0.20977171767030864,6.815999999999999,7.5,2.0,3.0,0.5,1.0,0.5
H1_45,M,True,4-2-3-1,10,1,0,1,1,0,4,2,3,1,44,0.0,17.96878285714286,2.0,0.0,2.0,3,11,3,13,4,8,2.0,0.3333333333333333,0.38095238095238093,0.2857142857142857,0.3,0.34375,0.4,13.784144303010043,68.92072151505022,0.13035834841934305,0.33415635200959093,0.0,5.0,1.5,0.5,0.5,1.0,0.0
H2_15,M,True,4-2-3-1,13,1,0,1,1,0,4,2,3,1,59,57.88153046953047,36.21607540616247,2.0,2.0,2.0,6,14,3,16,4,9,2.0,0.38461538461538464,0.36538461538461536,0.25,0.46153846153846156,0.358974358974359,0.3076923076923077,14.900059904602514,74.50029952301257,0.6315250172022926,0.3884650856447316,19.29384348984349,5.0,1.5,3.0,1.0,1.0,1.0
H2_30,M,True,4-2-3-1,17,1,0,1,1,0,4,2,3,1,74,38.28059666666667,61.76340845407637,2.0,1.0,2.0,9,19,3,17,5,12,2.0,0.4307692307692308,0.3076923076923077,0.26153846153846155,0.5294117647058824,0.3958333333333333,0.29411764705882354,12.779201573984492,83.0648102308992,0.6022045005739853,0.4165642426163428,12.760198888888889,6.5,2.0,4.0,0.5,1.0,0.5
H1_15,D,True,4-2-3-1,2,0,0,0,0,0,4,2,3,1,14,40.9850046511628,36.58984533492823,2.0,1.0,2.0,1,4,0,2,1,1,2.0,0.5555555555555556,0.2222222222222222,0.2222222222222222,0.5,0.5714285714285714,0.5,15.399095913894605,69.29593161252572,0.559735962710319,0.514966157443244,40.9850046511628,4.5,1.0,2.5,1.0,1.0,0.5
H1_30,D,True,4-2-3-1,2,0,0,0,0,0,4,2,3,1,29,0.0,0.0,1.0,0.0,0.0,1,4,0,4,1,2,2.0,0.4166666666666667,0.3333333333333333,0.25,0.5,0.4,0.5,12.617211092465604,37.851633277396814,0.0,0.0,0.0,3.0,0.0,0.0,0.0,0.0,0.0
H1_45,D,True,4-2-3-1,7,0,0,0,0,0,4,2,3,1,44,0.0,0.0,2.0,0.0,1.0,1,4,2,5,4,7,2.0,0.21739130434782608,0.30434782608695654,0.4782608695652174,0.14285714285714285,0.25,0.5714285714285714,13.628083348368754,74.95445841602815,0.0,0.6318685859402043,0.0,5.5,2.5,0.0,0.0,0.5,0.0
H2_15,D,True,4-2-3-1,10,1,0,0,1,0,4,2,3,1,59,36.63146093366093,34.4199716283035,2.0,1.0,1.0,3,8,2,8,5,8,2.0,0.3235294117647059,0.29411764705882354,0.38235294117647056,0.3,0.3333333333333333,0.5,10.52484940405148,57.88667172228314,0.6137115025617684,0.39189791493865966,18.315730466830466,5.5,1.5,3.0,1.0,0.5,0.5
H2_30,D,True,4-2-3-1,14,1,0,0,1,0,4,2,3,1,74,27.00926117647058,29.60357148664344,2.0,1.0,2.0,4,11,5,10,5,10,2.0,0.3333333333333333,0.3333333333333333,0.3333333333333333,0.2857142857142857,0.3548387096774194,0.35714285714285715,13.731632247880668,75.52397736334368,0.37480039213739574,0.6259438786378052,27.00926117647058,5.5,2.0,2.0,1.0,1.0,0.5
H1_15,M,True,4-2-3-1,0,0,0,0,0,0,4,2,3,1,14,0.0,38.89011839626918,1.0,1.0,0.0,0,5,0,0,0,1,1.0,0.8333333333333334,0.0,0.16666666666666666,0.0,0.8333333333333334,0.0,9.207909256521054,55.24745553912633,0.703925963951899,0.0,0.0,6.0,0.0,5.0,1.0,0.0,1.0
H1_30,M,True,4-2-3-1,0,0,0,0,0,0,4,2,3,1,29,0.0,0.0,1.0,0.0,0.0,0,5,0,1,0,2,1.0,0.625,0.125,0.25,0.0,0.625,0.0,6.044798461538463,12.089596923076925,0.0,0.0,0.0,2.0,0.0,0.0,0.0,0.0,0.0
H1_45,M,True,4-2-3-1,1,0,0,0,0,0,4,2,3,1,44,0.0,5.344896,2.0,0.0,1.0,0,6,1,4,0,5,2.0,0.375,0.3125,0.3125,0.0,0.4,0.0,10.971243551900251,43.884974207601005,0.06089665194646792,0.0778456877709249,0.0,4.0,0.5,0.5,0.5,0.5,0.0
H2_15,M,True,4-2-3-1,1,0,0,0,0,0,4,2,3,1,59,0.0,10.444695652173914,1.0,0.0,0.0,0,7,1,5,0,6,2.0,0.3684210526315789,0.3157894736842105,0.3157894736842105,0.0,0.3888888888888889,0.0,10.307390287419317,30.92217086225795,0.33777368667612484,0.0,0.0,3.0,0.0,1.0,1.0,0.0,0.0
H2_30,M,True,4-2-3-1,1,0,0,0,0,0,4,2,3,1,74,0.0,4.951721739130434,1.0,0.0,0.0,0,8,1,5,0,8,2.0,0.36363636363636365,0.2727272727272727,0.36363636363636365,0.0,0.38095238095238093,0.0,15.25115892101796,45.75347676305388,0.10822613032828513,0.0,0.0,3.0,0.0,1.0,1.0,0.0,0.0
H1_15,D,True,4-2-3-1,0,0,0,0,0,0,4,2,3,1,14,0.0,9.486048780487804,1.0,0.0,0.0,0,1,0,1,0,2,2.0,0.25,0.25,0.5,0.0,0.25,0.0,12.220758068873366,24.44151613774673,0.19405606278732113,0.0,0.0,2.0,0.0,0.5,0.5,0.0,0.0
H1_30,D,True,4-2-3-1,0,0,0,0,0,0,4,2,3,1,29,0.0,0.0,1.0,0.0,0.0,0,1,0,2,0,3,2.0,0.16666666666666666,0.3333333333333333,0.5,0.0,0.16666666666666666,0.0,7.509516483516483,15.019032967032967,0.0,0.0,0.0,2.0,0.0,0.0,0.0,0.0,0.0
H1_45,D,True,4-2-3-1,2,0,0,0,0,0,4,2,3,1,44,0.0,0.0,1.0,0.0,1.0,0,1,0,3,2,7,2.0,0.07692307692307693,0.23076923076923078,0.6923076923076923,0.0,0.09090909090909091,1.0,10.567904694076532,36.98766642926786,0.0,0.2711199870513763,0.0,3.5,1.0,0.0,0.0,0.5,0.0
H2_15,D,True,4-2-3-1,3,0,0,0,0,0,4,2,3,1,59,0.0,8.87327777777778,1.0,0.0,1.0,0,2,1,4,2,9,2.0,0.1111111111111111,0.2777777777777778,0.6111111111111112,0.0,0.13333333333333333,0.6666666666666666,11.298676697376697,56.49338348688349,0.15706755782892626,0.45028138655432404,0.0,5.0,1.0,1.0,1.0,1.0,0.0
H2_30,D,True,4-2-3-1,4,0,0,0,0,0,4,2,3,1,74,0.0,34.911432624113466,1.0,0.0,1.0,0,3,2,5,2,9,2.0,0.14285714285714285,0.3333333333333333,0.5238095238095238,0.0,0.17647058823529413,0.5,18.867604084581032,56.602812253743096,0.6167791181047688,0.28175095302339287,0.0,3.0,1.0,1.0,1.0,1.0,0.0
H2_30,D,True,4-2-3-1,0,0,0,0,0,0,4,2,3,1,1,0.0,0.0,0.0,0.0,0.0,0,0,0,1,0,0,1.0,0.0,1.0,0.0,0.0,0.0,0.0,5.901807407407408,5.901807407407408,0.0,0.0,0.0,1.0,0.0,0.0,0.0,0.0,0.0
H1_15,M,True,4-2-3-1,0,0,0,0,0,1,4,2,3,1,14,0.0,62.0668472413166,2.0,2.0,0.0,0,6,0,1,0,1,2.0,0.75,0.125,0.125,0.0,0.75,0.0,9.657936857545527,38.63174743018211,0.8033140016962471,0.0,0.0,4.0,0.0,3.0,1.0,0.0,1.0
H1_30,M,True,4-2-3-1,2,0,0,0,0,1,4,2,3,1,29,15.024705882352944,41.12519652629638,2.0,1.0,1.0,1,10,1,3,0,5,2.0,0.55,0.2,0.25,0.5,0.5555555555555556,0.0,11.683667415191508,70.10200449114905,0.4004871388216774,0.2129078768790543,15.024705882352944,6.0,1.0,2.5,0.5,0.5,0.5
H1_45,M,True,4-2-3-1,2,0,0,0,0,1,4,2,3,1,44,0.0,27.24699130434782,2.0,0.0,0.0,1,11,1,5,0,9,2.0,0.4444444444444444,0.2222222222222222,0.3333333333333333,0.5,0.44,0.0,19.359502881350256,67.75826008472589,0.2010602933891587,0.0,0.0,3.5,0.0,0.5,0.5,0.0,0.0
H2_15,M,True,4-2-3-1,2,1,1,1,1,0,4,2,3,1,59,0.0,63.427745130052,2.0,1.0,0.0,1,16,1,8,0,11,2.0,0.4594594594594595,0.24324324324324326,0.2972972972972973,0.5,0.45714285714285713,0.0,10.77246997030202,53.862349851510096,0.5887948196180837,0.0,0.0,5.0,0.0,2.5,0.5,0.0,0.5
H1_15,A,True,4-2-3-1,1,0,0,0,0,0,4,2,3,1,14,11.338420512820514,69.21941894469941,2.0,2.0,1.0,1,5,0,3,0,0,2.0,0.6666666666666666,0.3333333333333333,0.0,1.0,0.625,0.0,11.692000158854636,52.614000714845865,0.7655551598720117,0.1077509822363803,11.338420512820514,4.5,0.5,3.0,1.0,0.5,1.0
H1_30,A,True,4-2-3-1,2,0,0,0,0,0,4,2,3,1,29,15.167843137254904,20.30274418604651,2.0,1.0,1.0,2,6,0,6,0,1,2.0,0.5333333333333333,0.4,0.06666666666666667,1.0,0.46153846153846156,0.0,12.46240588274067,37.38721764822201,0.4743678395253392,0.20284797975567226,15.167843137254904,3.0,0.5,1.0,0.5,0.5,0.5
H1_45,A,True,4-2-3-1,4,0,0,0,0,0,4,2,3,1,44,0.0,24.76514851485148,2.0,0.0,2.0,2,7,1,12,1,2,2.0,0.36,0.52,0.12,0.5,0.3333333333333333,0.25,17.608029510886862,70.43211804354745,0.17580863108177042,0.1829765869522823,0.0,5.0,1.0,0.5,0.5,1.0,0.0
H2_15,A,True,4-2-3-1,5,0,0,0,0,0,4,2,3,1,59,8.568000000000001,68.36348526375026,2.0,2.0,1.0,3,12,1,14,1,2,2.0,0.45454545454545453,0.45454545454545453,0.09090909090909091,0.6,0.42857142857142855,0.2,13.146668991302116,52.586675965208464,0.7314731712140202,0.08146550283638979,8.568000000000001,4.0,0.5,3.0,1.0,0.5,1.0
H2_30,A,True,4-2-3-1,5,0,0,0,0,0,4,2,3,1,74,0.0,42.67984518422753,1.0,1.0,0.0,3,14,1,14,1,2,2.0,0.4857142857142857,0.42857142857142855,0.08571428571428572,0.6,0.4666666666666667,0.2,21.339922592113766,42.67984518422753,1.0,0.0,0.0,2.0,0.0,2.0,1.0,0.0,1.0
H1_15,M,True,4-2-3-1,1,0,0,0,0,0,4,2,3,1,14,0.0,96.48949384509199,2.0,2.0,1.0,0,7,1,3,0,1,2.0,0.5833333333333334,0.3333333333333333,0.08333333333333333,0.0,0.6363636363636364,0.0,13.147030188572876,78.88218113143725,0.611605133511183,0.0714493687983975,0.0,6.0,0.5,3.5,1.0,0.5,1.0
H1_30,M,True,4-2-3-1,3,1,0,1,1,0,4,2,3,1,29,18.98617142857143,40.78938941935483,2.0,1.0,1.0,1,9,2,6,0,1,2.0,0.5263157894736842,0.42105263157894735,0.05263157894736842,0.3333333333333333,0.5625,0.0,18.231747874174964,63.81111755961237,0.4683788901838611,0.4233088794530672,18.98617142857143,3.5,1.0,1.5,1.0,0.5,0.5
H1_45,M,True,4-2-3-1,5,2,0,2,2,0,4,2,3,1,44,0.0,47.55872429951691,2.0,1.0,1.0,1,13,4,11,0,1,2.0,0.4666666666666667,0.5,0.03333333333333333,0.2,0.52,0.0,10.93036200099026,60.11699100544643,0.39555143649162533,0.25423168634790627,0.0,5.5,1.0,2.0,1.0,0.5,0.5
H2_15,M,True,4-2-3-1,5,2,0,2,2,0,4,2,3,1,59,0.0,35.15888842105263,1.0,1.0,0.0,1,15,4,16,0,4,2.0,0.4,0.5,0.1,0.2,0.42857142857142855,0.0,13.347541788924483,133.47541788924482,0.26341096343468096,0.0,0.0,10.0,0.0,2.0,1.0,0.0,1.0
H1_15,M,True,4-2-3-1,2,0,0,0,0,0,4,2,3,1,14,13.856914285714286,135.78406938424078,2.0,2.0,2.0,1,8,0,6,1,2,2.0,0.5,0.3333333333333333,0.16666666666666666,0.5,0.5,0.5,14.306836363799855,128.7615272741987,0.5810780084616946,0.12132326284853936,13.856914285714286,9.0,1.0,4.5,1.0,1.0,1.0
H1_30,M,True,4-2-3-1,3,1,0,0,1,0,4,2,3,1,29,0.0,33.84267507002801,2.0,1.0,1.0,1,10,1,10,1,4,2.0,0.4074074074074074,0.4074074074074074,0.18518518518518517,0.3333333333333333,0.4166666666666667,0.3333333333333333,12.64559309584494,56.905168931302235,0.2973602899842366,0.10736687628383994,0.0,4.5,0.5,1.0,0.5,0.5,0.5
H1_45,M,True,4-2-3-1,7,1,0,0,1,0,4,2,3,1,44,5.922763636363636,0.0,2.0,0.0,2.0,2,10,3,17,2,8,2.0,0.2857142857142857,0.47619047619047616,0.23809523809523808,0.2857142857142857,0.2857142857142857,0.2857142857142857,10.636393798858503,79.77295349143877,0.03712262977074847,0.23579114581442193,5.922763636363636,7.5,2.0,0.5,0.5,1.0,0.0
H2_15,M,True,4-2-3-1,11,1,0,0,1,0,4,2,3,1,59,7.815342857142856,51.471751970756515,2.0,2.0,2.0,3,14,6,25,2,12,2.0,0.27419354838709675,0.5,0.22580645161290322,0.2727272727272727,0.27450980392156865,0.18181818181818182,11.469300171205223,114.69300171205222,0.2584599493556952,0.27944164904985164,7.815342857142856,10.0,2.0,2.5,1.0,1.0,1.0
H1_15,G,True,4-2-3-1,0,0,0,0,0,0,4,2,3,1,14,0.0,0.0,0.0,0.0,0.0,0,0,0,1,0,1,2.0,0.0,0.5,0.5,0.0,0.0,0.0,9.485448862802643,9.485448862802643,0.0,0.0,0.0,1.0,0.0,0.0,0.0,0.0,0.0
H1_30,G,True,4-2-3-1,0,0,0,0,0,0,4,2,3,1,29,0.0,0.0,0.0,0.0,0.0,0,0,0,2,0,2,2.0,0.0,0.5,0.5,0.0,0.0,0.0,5.323617391304349,5.323617391304349,0.0,0.0,0.0,1.0,0.0,0.0,0.0,0.0,0.0
H1_45,G,True,4-2-3-1,0,0,0,0,0,0,4,2,3,1,44,0.0,0.0,0.0,0.0,0.0,0,0,0,2,0,3,2.0,0.0,0.4,0.6,0.0,0.0,0.0,5.742692307692307,5.742692307692307,0.0,0.0,0.0,1.0,0.0,0.0,0.0,0.0,0.0
H2_15,G,True,4-2-3-1,0,0,0,0,0,0,4,2,3,1,59,0.0,0.0,0.0,0.0,0.0,0,0,0,2,0,3,2.0,0.0,0.0,0.0,0.0,0.0,0.0,0.0,0.0,0.0,0.0,0.0,0.0,0.0,0.0,0.0,0.0,0.0
H2_30,G,True,4-2-3-1,0,0,0,0,0,0,4,2,3,1,74,0.0,6.388571428571429,0.0,0.0,0.0,0,1,0,2,0,3,2.0,0.16666666666666666,0.3333333333333333,0.5,0.0,0.16666666666666666,0.0,6.388571428571429,6.388571428571429,1.0,0.0,0.0,1.0,0.0,1.0,1.0,0.0,0.0
H1_15,D,False,3-4-3,0,0,0,0,0,0,3,4,3,0,14,0.0,0.0,1.0,0.0,0.0,0,0,0,3,0,2,2.0,0.0,0.6,0.4,0.0,0.0,0.0,11.394843382626501,28.48710845656625,0.0,0.0,0.0,2.5,0.0,0.0,0.0,0.0,0.0
H1_30,D,False,3-4-3,1,0,0,0,0,0,3,4,3,0,29,0.0,7.956494117647058,1.0,0.0,1.0,0,1,0,4,1,4,2.0,0.1,0.4,0.5,0.0,0.1111111111111111,1.0,14.580498926955396,36.45124731738849,0.10913884576250889,0.21374238315492647,0.0,2.5,0.5,0.5,0.5,0.5,0.0
H1_45,D,False,3-4-3,3,0,0,0,0,0,3,4,3,0,44,36.20109,5.278636363636363,2.0,1.0,1.0,2,2,0,8,1,6,2.0,0.21052631578947367,0.42105263157894735,0.3684210526315789,0.6666666666666666,0.125,0.3333333333333333,14.094255689524736,63.42415060286132,0.32700261626968513,0.28538884364946326,18.100545,4.5,1.0,1.5,1.0,0.5,0.5
H2_15,D,False,3-4-3,4,0,0,0,0,0,3,4,3,0,59,0.0,0.0,1.0,0.0,0.0,2,2,0,11,2,10,2.0,0.14814814814814814,0.4074074074074074,0.4444444444444444,0.5,0.08695652173913043,0.5,10.907579226558882,43.63031690623553,0.0,0.19183628200008734,0.0,4.0,0.5,0.0,0.0,0.5,0.0
H2_30,D,False,3-4-3,5,0,0,0,0,0,3,4,3,0,74,0.0,0.0,1.0,0.0,1.0,2,2,0,12,3,13,2.0,0.125,0.375,0.5,0.4,0.07407407407407407,0.6,12.658659669559182,63.293298347795904,0.0,0.15632776705094184,0.0,5.0,1.0,0.0,0.0,1.0,0.0
H2_30,A,False,3-4-3,0,0,0,0,0,0,3,4,3,0,2,0.0,9.17787,0.0,0.0,0.0,0,1,0,0,0,0,1.0,1.0,0.0,0.0,0.0,1.0,0.0,9.17787,9.17787,1.0,0.0,0.0,1.0,0.0,1.0,1.0,0.0,0.0
H1_15,A,False,3-4-3,1,0,0,0,0,0,3,4,3,0,14,0.0,51.296016470588235,2.0,2.0,1.0,0,4,0,3,1,2,2.0,0.4,0.3,0.3,0.0,0.4444444444444444,1.0,11.766736740375189,58.83368370187594,0.4359408866060229,0.1193333544931417,0.0,5.0,0.5,2.0,1.0,0.5,1.0
H1_30,A,False,3-4-3,1,0,0,0,0,0,3,4,3,0,29,0.0,74.08932792782795,2.0,2.0,0.0,0,11,0,6,1,2,2.0,0.55,0.3,0.15,0.0,0.5789473684210527,1.0,9.511834474175727,47.559172370878635,0.7789173384900431,0.0,0.0,5.0,0.0,3.5,1.0,0.0,1.0
H1_45,A,False,3-4-3,1,0,0,0,0,0,3,4,3,0,44,0.0,94.85279588117379,1.0,1.0,0.0,0,17,0,6,1,2,2.0,0.6538461538461539,0.23076923076923078,0.11538461538461539,0.0,0.68,1.0,15.808799313528963,47.42639794058689,1.0000000000000002,0.0,0.0,3.0,0.0,3.0,1.0,0.0,0.5
H2_15,A,False,3-4-3,1,0,0,0,0,0,3,4,3,0,59,0.0,23.8709353821907,1.0,1.0,0.0,0,19,0,8,1,2,2.0,0.6333333333333333,0.26666666666666666,0.1,0.0,0.6551724137931034,1.0,15.027801984161536,60.111207936646146,0.39711288795509375,0.0,0.0,4.0,0.0,2.0,1.0,0.0,1.0
H2_30,A,False,3-4-3,1,0,0,0,0,0,3,4,3,0,1,8.794064516129032,19.80698181818182,1.0,1.0,1.0,1,1,0,0,0,0,1.0,1.0,0.0,0.0,1.0,1.0,0.0,14.300523167155426,28.60104633431085,1.0,0.30747352433674263,8.794064516129032,2.0,1.0,2.0,1.0,1.0,1.0
H1_15,G,False,3-4-3,0,0,0,0,0,0,3,4,3,0,14,0.0,0.0,0.0,0.0,0.0,0,0,0,0,0,0,0.0,0.0,0.0,0.0,0.0,0.0,0.0,0.0,0.0,0.0,0.0,0.0,0.0,0.0,0.0,0.0,0.0,0.0
H1_30,G,False,3-4-3,0,0,0,0,0,0,3,4,3,0,29,0.0,0.0,0.0,0.0,0.0,0,0,0,1,0,0,1.0,0.0,1.0,0.0,0.0,0.0,0.0,20.651585714285716,20.651585714285716,0.0,0.0,0.0,1.0,0.0,0.0,0.0,0.0,0.0
H1_45,G,False,3-4-3,0,0,0,0,0,0,3,4,3,0,44,0.0,0.0,0.0,0.0,0.0,0,0,0,1,0,0,1.0,0.0,0.0,0.0,0.0,0.0,0.0,0.0,0.0,0.0,0.0,0.0,0.0,0.0,0.0,0.0,0.0,0.0
H2_15,G,False,3-4-3,0,0,0,0,0,0,3,4,3,0,59,0.0,0.0,0.0,0.0,0.0,0,0,0,1,0,0,1.0,0.0,0.0,0.0,0.0,0.0,0.0,0.0,0.0,0.0,0.0,0.0,0.0,0.0,0.0,0.0,0.0,0.0
H1_15,M,False,3-4-3,1,0,0,0,0,0,3,4,3,0,14,30.160960869565216,21.69520272108843,2.0,1.0,1.0,1,2,0,2,0,6,2.0,0.2727272727272727,0.18181818181818182,0.5454545454545454,1.0,0.2,0.0,15.52838165006732,85.40609907537026,0.3035858337522883,0.1765738114496272,30.160960869565216,5.5,0.5,1.5,1.0,0.5,0.5
H1_30,M,False,3-4-3,3,0,0,0,0,0,3,4,3,0,29,0.0,17.94459893617021,2.0,1.0,1.0,1,4,0,5,2,8,2.0,0.25,0.25,0.5,0.3333333333333333,0.23529411764705882,0.6666666666666666,12.38334950223273,55.72507276004728,0.1610100987524936,0.34278884932089854,0.0,4.5,1.0,1.0,0.5,0.5,0.5
H1_45,M,False,3-4-3,9,0,0,0,0,0,3,4,3,0,44,61.60049389130435,45.9768187278871,2.0,1.0,2.0,4,9,2,10,3,9,2.0,0.35135135135135137,0.32432432432432434,0.32432432432432434,0.4444444444444444,0.32142857142857145,0.3333333333333333,13.144840521214704,111.73114443032499,0.48141148633036757,0.3886413418679194,20.533497963768117,8.5,3.0,4.0,0.5,1.0,0.5
H2_15,M,False,3-4-3,13,0,0,0,0,0,3,4,3,0,59,9.05270303030303,10.04172,1.0,1.0,1.0,5,10,4,18,4,10,2.0,0.29411764705882354,0.43137254901960786,0.27450980392156865,0.38461538461538464,0.2631578947368421,0.3076923076923077,13.726626792807211,192.17277509930096,0.09936070819832006,0.4832124745801431,9.05270303030303,14.0,4.0,2.0,1.0,1.0,1.0
H2_30,M,False,3-4-3,15,0,0,0,0,0,3,4,3,0,74,0.0,0.0,2.0,0.0,2.0,5,10,6,21,4,14,2.0,0.25,0.45,0.3,0.3333333333333333,0.2222222222222222,0.26666666666666666,14.000266879169732,63.001200956263794,0.0,0.340553748972708,0.0,4.5,1.0,0.0,0.0,1.0,0.0
H1_15,D,False,3-4-3,1,0,0,0,0,0,3,4,3,0,14,0.0,0.0,1.0,0.0,1.0,0,0,0,3,1,1,2.0,0.0,0.6,0.4,0.0,0.0,1.0,11.613897891494908,29.03474472873727,0.0,0.12830553715291898,0.0,2.5,0.5,0.0,0.0,0.5,0.0
H1_30,D,False,3-4-3,3,0,0,0,0,0,3,4,3,0,29,0.0,0.0,1.0,0.0,1.0,0,0,0,5,3,2,2.0,0.0,0.5,0.5,0.0,0.0,1.0,13.227174750550606,66.13587375275303,0.0,0.48815701852109267,0.0,5.0,2.0,0.0,0.0,1.0,0.0
H1_45,D,False,3-4-3,4,0,0,0,0,0,3,4,3,0,44,0.0,5.316054545454545,1.0,0.0,1.0,0,1,1,8,3,2,2.0,0.06666666666666667,0.6,0.3333333333333333,0.0,0.09090909090909091,0.75,15.598840543642405,77.99420271821202,0.06815961135805317,0.2445661625141379,0.0,5.0,1.0,1.0,1.0,1.0,0.0
H2_15,D,False,3-4-3,5,0,0,0,0,0,3,4,3,0,59,0.0,0.0,1.0,0.0,1.0,0,1,2,10,3,5,2.0,0.047619047619047616,0.5714285714285714,0.38095238095238093,0.0,0.0625,0.6,14.61489033226765,87.68934199360591,0.0,0.25153907274451043,0.0,6.0,1.0,0.0,0.0,1.0,0.0
H2_30,D,False,3-4-3,7,0,0,0,0,0,3,4,3,0,74,0.0,0.0,1.0,0.0,1.0,0,1,4,12,3,6,2.0,0.038461538461538464,0.6153846153846154,0.34615384615384615,0.0,0.05263157894736842,0.42857142857142855,23.573222985033205,58.933057462583015,0.0,0.3817212061678734,0.0,2.5,1.0,0.0,0.0,1.0,0.0
H1_15,M,False,3-4-3,5,0,0,0,0,0,3,4,3,0,14,29.004033862433864,39.68192328288005,2.0,2.0,2.0,2,3,0,7,3,6,2.0,0.23809523809523808,0.3333333333333333,0.42857142857142855,0.4,0.1875,0.6,12.874348854770584,135.18066297509114,0.25405244963908125,0.26738792215492724,14.502016931216932,10.5,2.5,2.5,1.0,1.0,1.0
H1_30,M,False,3-4-3,6,0,0,0,0,0,3,4,3,0,29,22.472311688311684,105.77953104652362,2.0,2.0,1.0,3,11,0,9,3,9,2.0,0.4,0.2571428571428571,0.34285714285714286,0.5,0.3793103448275862,0.5,18.012893107878273,126.09025175514792,0.5085716022832792,0.08911201054602622,22.472311688311684,7.0,0.5,4.5,1.0,0.5,1.0
H1_45,M,False,3-4-3,9,0,0,0,0,0,3,4,3,0,44,16.953409459459458,124.66079677495802,2.0,2.0,1.0,5,21,1,13,3,11,2.0,0.48148148148148145,0.25925925925925924,0.25925925925925924,0.5555555555555556,0.4666666666666667,0.3333333333333333,14.43209720456607,137.10492344337766,0.5164446420952274,0.10383452593961064,8.476704729729729,9.5,1.5,6.0,1.0,0.5,1.0
H2_15,M,False,3-4-3,11,0,0,0,0,0,3,4,3,0,59,0.0,63.23880848673408,2.0,1.0,1.0,5,25,2,19,4,15,2.0,0.42857142857142855,0.3,0.2714285714285714,0.45454545454545453,0.423728813559322,0.36363636363636365,15.210228155278388,121.6818252422271,0.259853138958292,0.15771125686374257,0.0,8.0,1.0,2.0,1.0,0.5,0.5
H2_30,M,False,3-4-3,15,0,0,0,0,0,3,4,3,0,74,0.0,0.0,2.0,0.0,2.0,5,25,3,25,7,19,2.0,0.35714285714285715,0.3333333333333333,0.30952380952380953,0.3333333333333333,0.36231884057971014,0.4666666666666667,13.929642708423659,97.50749895896561,0.0,0.41235416802205815,0.0,7.0,2.0,0.0,0.0,1.0,0.0
H1_15,M,False,3-4-3,1,0,0,0,0,0,3,4,3,0,14,0.0,7.718971428571429,2.0,0.0,1.0,0,1,0,9,1,4,2.0,0.06666666666666667,0.6,0.3333333333333333,0.0,0.07142857142857142,1.0,11.245492133218875,84.34119099914156,0.045760389064520055,0.07041574287358672,0.0,7.5,0.5,0.5,0.5,0.5,0.0
H1_30,M,False,3-4-3,2,0,0,0,0,0,3,4,3,0,29,0.0,22.021752727272723,2.0,0.0,1.0,0,3,1,13,1,7,2.0,0.12,0.56,0.32,0.0,0.13043478260869565,0.5,10.834415829330835,54.17207914665418,0.20325740745205317,0.11755326075292162,0.0,5.0,0.5,1.0,1.0,0.5,0.0
H1_45,M,False,3-4-3,4,0,0,0,0,0,3,4,3,0,44,27.36935172413793,44.33061396396397,2.0,2.0,2.0,1,7,1,22,2,8,2.0,0.1951219512195122,0.5609756097560976,0.24390243902439024,0.25,0.1891891891891892,0.5,16.022754078828754,128.18203263063003,0.27968024931666075,0.17110338212177736,27.36935172413793,8.0,1.0,2.5,1.0,1.0,1.0
H2_15,M,False,3-4-3,6,1,0,1,1,0,3,4,3,0,59,0.0,11.471471921182266,2.0,1.0,2.0,1,9,2,27,3,14,2.0,0.17857142857142858,0.5178571428571429,0.30357142857142855,0.16666666666666666,0.18,0.5,14.542078899018296,109.06559174263722,0.05258978444939615,0.29944937447377823,0.0,7.5,1.0,1.0,0.5,1.0,0.5
H2_30,M,False,3-4-3,6,1,0,1,1,0,3,4,3,0,74,0.0,16.07075757575758,2.0,0.0,0.0,1,10,2,30,3,17,2.0,0.1746031746031746,0.5079365079365079,0.31746031746031744,0.16666666666666666,0.17543859649122806,0.5,14.247342811118969,49.86569983891639,0.16114039938947747,0.0,0.0,3.5,0.0,0.5,0.5,0.0,0.0
H1_15,D,False,3-4-3,1,0,0,0,0,0,3,4,3,0,14,8.749548387096775,26.987794228783184,1.0,1.0,1.0,1,3,0,2,0,4,1.0,0.4,0.2,0.4,1.0,0.3333333333333333,0.0,10.949577338213789,109.49577338213788,0.32638102377849243,0.07990763585513973,8.749548387096775,10.0,1.0,4.0,1.0,1.0,1.0
H1_30,D,False,3-4-3,2,0,0,0,0,0,3,4,3,0,29,0.0,23.75149303135888,2.0,0.0,1.0,1,5,0,5,1,8,2.0,0.3,0.25,0.45,0.5,0.2777777777777778,0.5,11.72519920616442,58.6259960308221,0.20256792753569375,0.10992044636283761,0.0,5.0,0.5,1.0,1.0,0.5,0.0
H1_45,D,False,3-4-3,3,0,0,0,0,0,3,4,3,0,44,0.0,17.740309782608698,1.0,0.0,1.0,1,7,0,7,2,9,2.0,0.3076923076923077,0.2692307692307692,0.4230769230769231,0.3333333333333333,0.30434782608695654,0.6666666666666666,14.234825256688524,42.70447577006557,0.20771019269886543,0.1275780239268953,0.0,3.0,0.5,1.0,1.0,0.5,0.0
H2_15,D,False,3-4-3,4,0,0,0,0,0,3,4,3,0,59,0.0,11.286684444444443,1.0,0.0,1.0,1,8,1,10,2,12,2.0,0.2647058823529412,0.3235294117647059,0.4117647058823529,0.25,0.26666666666666666,0.5,8.804917847010477,70.43934277608382,0.16023267679147904,0.08503176750558003,0.0,8.0,1.0,1.0,1.0,1.0,0.0
H2_30,D,False,3-4-3,5,0,0,0,0,0,3,4,3,0,74,0.0,0.0,1.0,0.0,1.0,1,8,1,12,3,15,2.0,0.225,0.325,0.45,0.2,0.22857142857142856,0.6,12.693563555658633,76.1613813339518,0.0,0.10626582110755409,0.0,6.0,1.0,0.0,0.0,1.0,0.0
H1_15,A,False,3-4-3,1,0,0,0,0,1,3,4,3,0,14,0.0,39.30038818181818,2.0,1.0,1.0,0,3,0,7,1,4,2.0,0.2,0.4666666666666667,0.3333333333333333,0.0,0.21428571428571427,1.0,11.372701875559455,85.29526406669592,0.23037848942637407,0.088939442190076,0.0,7.5,0.5,1.5,1.0,0.5,0.5
H1_30,A,False,3-4-3,2,0,0,0,0,1,3,4,3,0,29,13.10926222222222,29.243450909090903,2.0,1.0,1.0,1,6,0,9,1,4,2.0,0.3333333333333333,0.42857142857142855,0.23809523809523808,0.5,0.3157894736842105,0.5,9.538712976544684,28.61613892963405,0.7400144588942758,0.22905365141078912,13.10926222222222,3.0,0.5,2.0,1.0,0.5,0.5
H1_45,A,False,3-4-3,3,1,0,1,1,1,3,4,3,0,44,0.0,6.331862068965517,2.0,0.0,1.0,1,7,1,15,1,5,2.0,0.26666666666666666,0.5333333333333333,0.2,0.3333333333333333,0.25925925925925924,0.3333333333333333,13.853183283658332,62.33932477646249,0.05078545598360606,0.06628111572937813,0.0,4.5,0.5,0.5,0.5,0.5,0.0
H2_15,A,False,3-4-3,4,2,1,2,2,0,3,4,3,0,59,0.0,24.612329325513194,2.0,0.0,1.0,1,9,2,16,1,6,2.0,0.2857142857142857,0.5142857142857142,0.2,0.25,0.2903225806451613,0.25,11.742520175488512,29.356300438721277,0.41920011986676065,0.2300535707225038,0.0,2.5,0.5,1.0,1.0,0.5,0.0
H2_30,A,False,3-4-3,7,2,1,2,2,0,3,4,3,0,74,10.289383783783784,42.20264516424752,2.0,2.0,2.0,2,13,3,17,2,11,2.0,0.3125,0.4166666666666667,0.2708333333333333,0.2857142857142857,0.3170731707317073,0.2857142857142857,13.872368986709368,90.1703984136109,0.29107129319342023,0.22800683799489616,10.289383783783784,6.5,1.5,2.5,1.0,1.0,1.0
H1_15,A,False,3-4-3,1,0,0,0,0,0,3,4,3,0,14,0.0,35.78603975561239,2.0,1.0,1.0,0,3,0,3,1,1,2.0,0.375,0.375,0.25,0.0,0.42857142857142855,1.0,10.519701074181002,42.07880429672401,0.4252264335181985,0.18905982367407898,0.0,4.0,0.5,1.5,1.0,0.5,0.5
H1_30,A,False,3-4-3,1,1,1,1,1,0,3,4,3,0,29,0.0,74.18450911454632,2.0,1.0,0.0,0,9,0,3,1,2,2.0,0.6,0.2,0.2,0.0,0.6428571428571429,1.0,11.840468097444841,41.441638341056944,0.8950479769166177,0.0,0.0,3.5,0.0,3.0,1.0,0.0,0.5
H1_45,A,False,3-4-3,3,2,1,2,2,0,3,4,3,0,44,15.147843137254904,48.07311818899454,2.0,2.0,2.0,1,14,1,6,1,2,2.0,0.6,0.28,0.12,0.3333333333333333,0.6363636363636364,0.3333333333333333,10.985039125378568,54.925195626892844,0.5755187633350437,0.19858973240725505,15.147843137254904,5.0,1.0,3.0,1.0,1.0,1.0
H2_15,A,False,3-4-3,4,2,1,2,2,0,3,4,3,0,59,14.298984,15.289320948616602,2.0,1.0,1.0,2,16,1,8,1,2,2.0,0.6,0.3,0.1,0.5,0.6153846153846154,0.25,13.387235656389986,33.46808914097497,0.44203756037555864,0.21362115924469915,14.298984,2.5,0.5,1.5,1.0,0.5,0.5
H1_15,M,False,3-4-3,1,0,0,0,0,0,3,4,3,0,14,7.249615384615385,9.146577030812326,2.0,1.0,1.0,1,2,0,3,0,5,2.0,0.2727272727272727,0.2727272727272727,0.45454545454545453,1.0,0.2,0.0,11.217691419633248,61.697302807982865,0.13287608752084903,0.05875147741205127,7.249615384615385,5.5,0.5,1.5,0.5,0.5,0.5
H1_30,M,False,3-4-3,2,0,0,0,0,0,3,4,3,0,29,0.0,12.77800238948626,2.0,0.0,1.0,1,4,0,6,1,8,2.0,0.25,0.3,0.45,0.5,0.2222222222222222,0.5,11.42064879897197,51.39291959537386,0.12431675890463006,0.21865517402497026,0.0,4.5,0.5,1.0,1.0,0.5,0.0
H1_45,M,False,3-4-3,4,0,0,0,0,0,3,4,3,0,44,0.0,4.793345454545454,1.0,0.0,1.0,1,5,2,11,1,10,2.0,0.2,0.43333333333333335,0.36666666666666664,0.25,0.19230769230769232,0.25,16.72136492800031,83.60682464000155,0.02866599392564471,0.11548221940302225,0.0,5.0,1.0,0.5,0.5,0.5,0.0
H2_15,M,False,3-4-3,5,0,0,0,0,0,3,4,3,0,59,0.0,39.07130721706864,2.0,1.0,1.0,1,9,2,17,2,12,2.0,0.23255813953488372,0.4418604651162791,0.32558139534883723,0.2,0.23684210526315788,0.4,11.890338227005076,77.28719847553299,0.2527670040300241,0.12699394522764546,0.0,6.5,0.5,2.0,0.5,0.5,0.5
H2_30,M,False,3-4-3,7,0,0,0,0,0,3,4,3,0,74,0.0,17.379492,2.0,0.0,1.0,1,11,2,23,4,12,2.0,0.22641509433962265,0.4716981132075472,0.3018867924528302,0.14285714285714285,0.2391304347826087,0.5714285714285714,14.143696135415292,70.71848067707646,0.12287800751376718,0.2381688090089335,0.0,5.0,1.0,1.0,1.0,0.5,0.0
H1_15,G,True,4-2-3-1,1,0,0,0,0,0,4,2,3,1,14,0.0,0.0,1.0,0.0,1.0,0,0,0,0,1,2,2.0,0.0,0.0,1.0,0.0,0.0,1.0,205.68066666666667,308.521,0.0,0.4510111143163674,0.0,1.5,0.5,0.0,0.0,0.5,0.0
H1_30,G,True,4-2-3-1,1,0,0,0,0,0,4,2,3,1,29,0.0,0.0,0.0,0.0,0.0,0,0,0,0,1,2,2.0,0.0,0.0,0.0,0.0,0.0,0.0,0.0,0.0,0.0,0.0,0.0,0.0,0.0,0.0,0.0,0.0,0.0
H1_45,G,True,4-2-3-1,1,0,0,0,0,0,4,2,3,1,44,0.0,0.0,0.0,0.0,0.0,0,0,0,0,1,2,2.0,0.0,0.0,0.0,0.0,0.0,0.0,0.0,0.0,0.0,0.0,0.0,0.0,0.0,0.0,0.0,0.0,0.0
H2_15,G,True,4-2-3-1,1,0,0,0,0,0,4,2,3,1,59,0.0,0.0,0.0,0.0,0.0,0,0,0,1,1,2,2.0,0.0,0.25,0.75,0.0,0.0,1.0,172.344,172.344,0.0,0.0,0.0,1.0,0.0,0.0,0.0,0.0,0.0
H2_30,G,True,4-2-3-1,1,0,0,0,0,0,4,2,3,1,74,0.0,0.0,0.0,0.0,0.0,0,0,0,1,1,2,2.0,0.0,0.0,0.0,0.0,0.0,0.0,0.0,0.0,0.0,0.0,0.0,0.0,0.0,0.0,0.0,0.0,0.0
H1_15,M,True,4-2-3-1,0,0,0,0,0,0,4,2,3,1,14,0.0,0.0,1.0,0.0,0.0,0,0,0,2,0,0,1.0,0.0,1.0,0.0,0.0,0.0,0.0,328.827,657.654,0.0,0.0,0.0,2.0,0.0,0.0,0.0,0.0,0.0
H2_15,M,True,4-2-3-1,3,3,3,3,3,0,4,2,3,1,59,0.0,344.9036,1.0,0.0,0.0,0,9,1,7,2,6,2.0,0.36,0.32,0.32,0.0,0.4090909090909091,0.6666666666666666,228.6973,457.3946,0.37703068641387544,0.0,0.0,2.0,0.0,1.0,1.0,0.0,0.0
H1_15,M,True,4-2-3-1,1,0,0,0,0,0,4,2,3,1,14,0.0,189.884,1.0,0.0,1.0,0,1,1,0,0,0,1.0,0.5,0.5,0.0,0.0,1.0,0.0,290.0626,580.1252,0.3273155518843174,0.6726844481156826,0.0,2.0,1.0,1.0,1.0,1.0,0.0
H1_15,D,False,5-2-3,1,0,0,0,0,1,5,2,3,0,14,0.0,0.0,1.0,0.0,1.0,0,0,0,1,1,3,1.0,0.0,0.2,0.8,0.0,0.0,1.0,190.2544,951.272,0.0,0.2903022479374984,0.0,5.0,1.0,0.0,0.0,1.0,0.0
H1_15,D,False,5-2-3,0,0,0,0,0,0,5,2,3,0,14,0.0,498.7272,2.0,1.0,0.0,0,2,0,1,0,1,2.0,0.5,0.25,0.25,0.0,0.5,0.0,207.0419,414.0838,0.6022056405007875,0.0,0.0,2.0,0.0,1.0,0.5,0.0,0.5
H1_15,A,False,5-2-3,0,0,0,0,0,0,5,2,3,0,14,0.0,486.0596,1.0,0.0,0.0,0,1,0,1,0,1,2.0,0.3333333333333333,0.3333333333333333,0.3333333333333333,0.0,0.3333333333333333,0.0,316.8152,475.2228,0.5114018098458238,0.0,0.0,1.5,0.0,0.5,0.5,0.0,0.0
H1_15,G,False,5-2-3,0,0,0,0,0,0,5,2,3,0,14,0.0,0.0,0.0,0.0,0.0,0,0,0,0,0,0,0.0,0.0,0.0,0.0,0.0,0.0,0.0,0.0,0.0,0.0,0.0,0.0,0.0,0.0,0.0,0.0,0.0,0.0
H1_30,G,False,5-2-3,0,0,0,0,0,0,5,2,3,0,29,0.0,0.0,0.0,0.0,0.0,0,0,0,0,0,0,0.0,0.0,0.0,0.0,0.0,0.0,0.0,0.0,0.0,0.0,0.0,0.0,0.0,0.0,0.0,0.0,0.0,0.0
H1_45,G,False,5-2-3,0,0,0,0,0,0,5,2,3,0,44,0.0,0.0,0.0,0.0,0.0,0,0,0,0,0,0,0.0,0.0,0.0,0.0,0.0,0.0,0.0,0.0,0.0,0.0,0.0,0.0,0.0,0.0,0.0,0.0,0.0,0.0
H2_15,G,False,5-2-3,0,0,0,0,0,0,5,2,3,0,59,0.0,0.0,0.0,0.0,0.0,0,0,0,0,0,0,0.0,0.0,0.0,0.0,0.0,0.0,0.0,0.0,0.0,0.0,0.0,0.0,0.0,0.0,0.0,0.0,0.0,0.0
H2_30,G,False,5-2-3,0,0,0,0,0,0,5,2,3,0,74,0.0,0.0,0.0,0.0,0.0,0,0,0,0,0,1,1.0,0.0,0.0,1.0,0.0,0.0,0.0,206.6304,206.6304,0.0,0.0,0.0,1.0,0.0,0.0,0.0,0.0,0.0
H2_15,D,True,4-2-3-1,3,0,0,0,0,0,4,2,3,1,14,21.101363636363637,10.599260869565216,2.0,0.0,1.0,1,1,0,4,2,2,2.0,0.2,0.4,0.4,0.3333333333333333,0.14285714285714285,0.6666666666666666,11.538179725806726,57.69089862903363,0.27474545603606815,0.3338332149427717,21.101363636363637,5.0,1.5,1.0,1.0,0.5,0.0
H2_30,D,True,4-2-3-1,4,0,0,0,0,0,4,2,3,1,29,0.0,5.432831999999999,1.0,0.0,1.0,1,2,1,5,2,5,2.0,0.1875,0.375,0.4375,0.25,0.16666666666666666,0.5,11.443426209320089,68.66055725592054,0.0791259526157069,0.223178051914855,0.0,6.0,1.0,1.0,1.0,1.0,0.0
H1_15,D,True,4-2-3-1,1,0,0,0,0,1,4,2,3,1,14,0.0,4.456,2.0,0.0,1.0,0,1,0,2,1,3,2.0,0.14285714285714285,0.2857142857142857,0.5714285714285714,0.0,0.16666666666666666,1.0,14.414727281443115,50.4515454850509,0.04416118433200763,0.14171377899186774,0.0,3.5,0.5,0.5,0.5,0.5,0.0
H1_30,D,True,4-2-3-1,2,0,0,0,0,1,4,2,3,1,29,0.0,0.0,1.0,0.0,1.0,0,1,0,5,2,3,2.0,0.09090909090909091,0.45454545454545453,0.45454545454545453,0.0,0.1111111111111111,1.0,10.65660618435859,21.31321236871718,0.0,0.46928812639621875,0.0,2.0,0.5,0.0,0.0,0.5,0.0
H1_45,D,True,4-2-3-1,3,0,0,0,0,1,4,2,3,1,44,0.0,0.0,2.0,0.0,1.0,0,1,0,6,4,8,2.0,0.05263157894736842,0.3157894736842105,0.631578947368421,0.0,0.06666666666666667,1.0,10.093329009638435,40.37331603855374,0.0,0.2564399096235324,0.0,4.0,1.0,0.0,0.0,0.5,0.0
H2_15,D,True,4-2-3-1,4,0,0,0,0,1,4,2,3,1,59,0.0,6.292542857142857,1.0,0.0,0.0,0,2,0,7,4,9,2.0,0.09090909090909091,0.3181818181818182,0.5909090909090909,0.0,0.1111111111111111,1.0,14.422753563103562,21.634130344655343,0.14543091764946803,0.0,0.0,1.5,0.0,0.5,0.5,0.0,0.0
H2_30,D,True,4-2-3-1,5,1,1,1,1,0,4,2,3,1,74,0.0,0.0,1.0,0.0,1.0,0,2,1,9,4,12,2.0,0.07142857142857142,0.35714285714285715,0.5714285714285714,0.0,0.08695652173913043,0.8,13.527636495280674,81.16581897168405,0.0,0.14235228753166207,0.0,6.0,1.0,0.0,0.0,1.0,0.0
H1_15,D,True,4-2-3-1,3,0,0,0,0,0,4,2,3,1,14,0.0,0.0,1.0,0.0,1.0,0,0,0,3,3,2,2.0,0.0,0.375,0.625,0.0,0.0,1.0,9.628696296723433,38.51478518689373,0.0,0.5183601256507243,0.0,4.0,1.5,0.0,0.0,0.5,0.0
H1_30,D,True,4-2-3-1,4,0,0,0,0,0,4,2,3,1,29,0.0,0.0,1.0,0.0,1.0,0,0,1,4,3,2,2.0,0.0,0.5,0.5,0.0,0.0,0.75,8.423125333333335,16.84625066666667,0.0,0.4102078341784141,0.0,2.0,1.0,0.0,0.0,1.0,0.0
H1_45,D,True,4-2-3-1,4,0,0,0,0,0,4,2,3,1,44,0.0,0.0,2.0,0.0,0.0,0,0,1,7,3,5,2.0,0.0,0.5,0.5,0.0,0.0,0.75,14.751278389361767,44.2538351680853,0.0,0.0,0.0,3.0,0.0,0.0,0.0,0.0,0.0
H2_15,D,True,4-2-3-1,4,0,0,0,0,0,4,2,3,1,59,0.0,0.0,0.0,0.0,0.0,0,0,1,8,3,5,2.0,0.0,0.5294117647058824,0.47058823529411764,0.0,0.0,0.75,29.29105666666667,29.29105666666667,0.0,0.0,0.0,1.0,0.0,0.0,0.0,0.0,0.0
H2_30,D,True,4-2-3-1,4,0,0,0,0,0,4,2,3,1,74,0.0,0.0,1.0,0.0,0.0,0,0,1,9,3,7,2.0,0.0,0.5,0.5,0.0,0.0,0.75,10.048043580817591,15.072065371226387,0.0,0.0,0.0,1.5,0.0,0.0,0.0,0.0,0.0
H1_15,M,True,4-2-3-1,1,0,0,0,0,0,4,2,3,1,14,30.750086956521745,4.704763636363636,2.0,1.0,1.0,1,1,0,6,0,2,2.0,0.2,0.6,0.2,1.0,0.1111111111111111,0.0,18.499096739998535,92.49548369999268,0.19165719867946474,0.16622480215498445,30.750086956521745,5.0,0.5,1.0,0.5,0.5,0.5
H1_30,M,True,4-2-3-1,2,0,0,0,0,0,4,2,3,1,29,0.0,20.793401444788444,2.0,0.0,1.0,1,3,1,9,0,4,2.0,0.2222222222222222,0.5555555555555556,0.2222222222222222,0.5,0.1875,0.0,14.744550836099561,58.978203344398246,0.17628039059927894,0.10927679162375574,0.0,4.0,0.5,1.0,1.0,0.5,0.0
H1_45,M,True,4-2-3-1,4,0,0,0,0,0,4,2,3,1,44,18.676368253968253,50.89845725152799,2.0,1.0,1.0,2,8,1,13,1,10,2.0,0.2857142857142857,0.4,0.3142857142857143,0.5,0.25806451612903225,0.25,12.668892282522107,107.68558440143791,0.3230461435122565,0.1330451547227145,18.676368253968253,8.5,1.0,3.0,0.5,0.5,0.5
H2_15,M,True,4-2-3-1,4,0,0,0,0,0,4,2,3,1,59,0.0,35.02755310344828,1.0,0.0,0.0,2,9,1,15,1,11,2.0,0.28205128205128205,0.41025641025641024,0.3076923076923077,0.5,0.2571428571428571,0.25,19.150373970868817,38.30074794173763,0.4572698313454808,0.0,0.0,2.0,0.0,0.5,0.5,0.0,0.0
H2_30,M,True,4-2-3-1,7,0,0,0,0,0,4,2,3,1,74,15.140608,0.0,2.0,0.0,1.0,3,9,3,18,1,15,2.0,0.24489795918367346,0.42857142857142855,0.32653061224489793,0.42857142857142855,0.21428571428571427,0.14285714285714285,15.9575691548668,79.787845774334,0.09488041601488131,0.44625954621419855,15.140608,5.0,1.5,0.5,0.5,0.5,0.0
H1_15,M,True,4-2-3-1,2,0,0,0,0,0,4,2,3,1,14,0.0,14.305725,1.0,0.0,1.0,0,1,1,2,1,5,2.0,0.1,0.3,0.6,0.0,0.125,0.5,9.982513860351233,49.912569301756164,0.1433078400904585,0.25970189614007333,0.0,5.0,1.0,0.5,0.5,0.5,0.0
H1_30,M,True,4-2-3-1,4,0,0,0,0,0,4,2,3,1,29,0.0,16.0122375,1.0,0.0,1.0,0,2,2,6,2,8,2.0,0.1,0.4,0.5,0.0,0.125,0.5,12.627441528909198,63.137207644545995,0.12680508132499896,0.15706861997927984,0.0,5.0,1.0,0.5,0.5,0.5,0.0
H1_45,M,True,4-2-3-1,4,0,0,0,0,0,4,2,3,1,44,0.0,70.36513556504543,2.0,1.0,0.0,0,6,2,8,2,10,2.0,0.21428571428571427,0.35714285714285715,0.42857142857142855,0.0,0.25,0.5,18.070309499690246,72.28123799876099,0.4867455062560744,0.0,0.0,4.0,0.0,2.0,0.5,0.0,0.5
H2_15,M,True,4-2-3-1,4,0,0,0,0,0,4,2,3,1,59,0.0,15.84227272727273,1.0,0.0,0.0,0,7,2,9,2,13,2.0,0.21212121212121213,0.3333333333333333,0.45454545454545453,0.0,0.2413793103448276,0.5,15.365934963164097,38.41483740791024,0.2061999190449593,0.0,0.0,2.5,0.0,0.5,0.5,0.0,0.0
H1_15,A,True,4-2-3-1,1,0,0,0,0,0,4,2,3,1,14,0.0,37.32108739837398,2.0,1.0,1.0,0,2,1,5,0,0,2.0,0.25,0.75,0.0,0.0,0.2857142857142857,0.0,12.22602104479624,48.90408417918496,0.38157434112894556,0.12803667391311369,0.0,4.0,0.5,1.0,0.5,0.5,0.5
H1_30,A,True,4-2-3-1,1,0,0,0,0,0,4,2,3,1,29,0.0,46.32556867006226,2.0,1.0,0.0,0,6,1,8,0,1,2.0,0.375,0.5625,0.0625,0.0,0.4,0.0,9.2792104493201,37.1168417972804,0.6240505175935603,0.0,0.0,4.0,0.0,2.0,1.0,0.0,0.5
H1_45,A,True,4-2-3-1,2,0,0,0,0,0,4,2,3,1,44,28.68766666666667,19.45333448648649,2.0,1.0,1.0,1,8,1,12,0,3,2.0,0.36,0.52,0.12,0.5,0.34782608695652173,0.0,11.747306735578292,52.86288031010231,0.4553384233960594,0.27134036679783735,28.68766666666667,4.5,0.5,1.5,1.0,0.5,0.5
H2_15,A,True,4-2-3-1,4,0,0,0,0,0,4,2,3,1,59,12.188986046511626,50.509633667799264,2.0,2.0,2.0,2,12,1,14,1,3,2.0,0.42424242424242425,0.45454545454545453,0.12121212121212122,0.5,0.41379310344827586,0.25,11.40860862100528,45.63443448402112,0.6869661081947317,0.20932467184622583,12.188986046511626,4.0,1.0,2.5,1.0,1.0,1.0
H2_30,A,True,4-2-3-1,4,0,0,0,0,0,4,2,3,1,74,0.0,0.0,0.0,0.0,0.0,2,12,1,16,1,3,2.0,0.4,0.4857142857142857,0.11428571428571428,0.5,0.3870967741935484,0.25,7.522241341991341,7.522241341991341,0.0,0.0,0.0,1.0,0.0,0.0,0.0,0.0,0.0
H1_15,M,True,4-2-3-1,2,0,0,0,0,0,4,2,3,1,14,39.21838016528926,29.013811695906433,2.0,1.0,1.0,1,3,1,3,0,3,2.0,0.36363636363636365,0.36363636363636365,0.2727272727272727,0.5,0.3333333333333333,0.0,12.398905454294663,68.19397999862065,0.5002801703506368,0.353075833572577,39.21838016528926,5.5,1.0,2.0,0.5,0.5,0.5
H1_30,M,True,4-2-3-1,3,0,0,0,0,0,4,2,3,1,29,0.0,29.515749570647927,2.0,1.0,1.0,1,5,2,7,0,3,2.0,0.3333333333333333,0.5,0.16666666666666666,0.3333333333333333,0.3333333333333333,0.0,14.048799155161777,49.17079704306622,0.30013495149159947,0.1000654920376938,0.0,3.5,0.5,1.0,0.5,0.5,0.5
H1_45,M,True,4-2-3-1,4,0,0,0,0,0,4,2,3,1,44,0.0,0.0,1.0,0.0,1.0,1,5,3,12,0,4,2.0,0.24,0.6,0.16,0.25,0.23809523809523808,0.0,10.300473332562165,36.05165666396758,0.0,0.11961868085838552,0.0,3.5,0.5,0.0,0.0,0.5,0.0
H1_15,D,True,4-2-3-1,2,0,0,0,0,0,4,2,3,1,14,0.0,43.75477840112202,2.0,1.0,2.0,0,2,1,1,1,3,2.0,0.25,0.25,0.5,0.0,0.3333333333333333,0.5,15.364087027675847,61.45634811070339,0.3559825774410242,0.22113310503605532,0.0,4.0,1.0,1.0,0.5,1.0,0.5
H1_30,D,True,4-2-3-1,2,0,0,0,0,0,4,2,3,1,29,0.0,0.0,0.0,0.0,0.0,0,2,1,2,1,4,2.0,0.2,0.3,0.5,0.0,0.25,0.5,12.782553561253557,12.782553561253557,0.0,0.0,0.0,1.0,0.0,0.0,0.0,0.0,0.0
H1_45,D,True,4-2-3-1,4,0,0,0,0,0,4,2,3,1,44,13.62129655172414,62.05490159283226,2.0,1.0,2.0,2,6,2,9,1,6,2.0,0.3076923076923077,0.4230769230769231,0.2692307692307692,0.4,0.2857142857142857,0.2,12.977913596734778,103.82330877387822,0.36444705451150294,0.1725084582328294,6.81064827586207,8.0,1.5,3.0,0.5,1.0,0.5
H1_15,G,True,4-2-3-1,0,0,0,0,0,0,4,2,3,1,14,0.0,0.0,0.0,0.0,0.0,0,0,0,0,0,0,0.0,0.0,0.0,0.0,0.0,0.0,0.0,0.0,0.0,0.0,0.0,0.0,0.0,0.0,0.0,0.0,0.0,0.0
H1_30,G,True,4-2-3-1,0,0,0,0,0,0,4,2,3,1,29,0.0,0.0,0.0,0.0,0.0,0,0,0,0,0,0,0.0,0.0,0.0,0.0,0.0,0.0,0.0,0.0,0.0,0.0,0.0,0.0,0.0,0.0,0.0,0.0,0.0,0.0
H1_45,G,True,4-2-3-1,0,0,0,0,0,0,4,2,3,1,44,0.0,0.0,0.0,0.0,0.0,0,0,0,0,0,0,0.0,0.0,0.0,0.0,0.0,0.0,0.0,0.0,0.0,0.0,0.0,0.0,0.0,0.0,0.0,0.0,0.0,0.0
H2_15,G,True,4-2-3-1,0,0,0,0,0,0,4,2,3,1,59,0.0,0.0,0.0,0.0,0.0,0,0,0,0,0,0,0.0,0.0,0.0,0.0,0.0,0.0,0.0,0.0,0.0,0.0,0.0,0.0,0.0,0.0,0.0,0.0,0.0,0.0
H2_30,G,True,4-2-3-1,0,0,0,0,0,0,4,2,3,1,74,0.0,0.0,0.0,0.0,0.0,0,0,0,0,0,0,0.0,0.0,0.0,0.0,0.0,0.0,0.0,0.0,0.0,0.0,0.0,0.0,0.0,0.0,0.0,0.0,0.0,0.0
H1_15,D,True,4-2-3-1,4,0,0,0,0,0,4,2,3,1,14,11.67348,26.689675206885134,2.0,1.0,2.0,1,2,0,1,3,1,2.0,0.375,0.125,0.5,0.25,0.5,0.75,15.17708518382095,60.7083407352838,0.3159628046347543,0.5088678730848241,11.67348,4.0,2.0,1.5,0.5,1.0,0.5
H1_30,D,True,4-2-3-1,6,0,0,0,0,0,4,2,3,1,29,0.0,5.325218181818181,2.0,0.0,2.0,1,3,2,3,3,5,2.0,0.23529411764705882,0.29411764705882354,0.47058823529411764,0.16666666666666666,0.2727272727272727,0.5,10.987407880324223,49.44333546145901,0.05385172877312433,0.3943200531417253,0.0,4.5,1.0,0.5,0.5,1.0,0.0
H1_45,D,True,4-2-3-1,7,0,0,0,0,0,4,2,3,1,44,23.559473684210523,7.669976470588236,2.0,1.0,2.0,2,4,2,7,4,8,2.0,0.2222222222222222,0.3333333333333333,0.4444444444444444,0.25,0.21052631578947367,0.5,15.317084425668975,76.58542212834487,0.20388638781975513,0.3219925370606872,23.559473684210523,5.0,1.0,1.0,0.5,1.0,0.5
H2_15,D,True,4-2-3-1,11,0,0,0,0,0,4,2,3,1,59,11.175117948717944,7.546181818181818,2.0,1.0,2.0,3,5,4,10,4,11,2.0,0.21621621621621623,0.3783783783783784,0.40540540540540543,0.2727272727272727,0.19230769230769232,0.36363636363636365,11.722837979053205,58.61418989526602,0.15969938167150025,0.4276505812968144,11.175117948717944,5.0,1.5,1.0,0.5,1.0,0.5
H2_30,D,True,4-2-3-1,13,0,0,0,0,0,4,2,3,1,74,13.802869565217389,6.196923076923076,2.0,1.0,2.0,4,6,5,10,4,14,2.0,0.23255813953488372,0.3488372093023256,0.4186046511627907,0.3076923076923077,0.2,0.3076923076923077,11.32240612012461,33.96721836037383,0.29439844661334164,0.4737681589352706,13.802869565217389,3.0,1.0,1.0,0.5,1.0,0.5
H2_15,M,True,4-2-3-1,3,0,0,0,0,0,4,2,3,1,14,11.20473846153846,20.516051342383108,2.0,2.0,2.0,1,3,0,7,2,3,2.0,0.25,0.4375,0.3125,0.3333333333333333,0.23076923076923078,0.6666666666666666,12.37367963317102,98.98943706536816,0.16022310432462905,0.15162310816415858,11.20473846153846,8.0,1.5,2.0,1.0,1.0,1.0
H2_30,M,True,4-2-3-1,5,0,0,0,0,0,4,2,3,1,29,0.0,33.121867518092806,2.0,0.0,1.0,1,5,0,10,4,7,2.0,0.2222222222222222,0.37037037037037035,0.4074074074074074,0.2,0.22727272727272727,0.8,11.119597205656982,61.1577846311134,0.27079028220098733,0.21415020053972053,0.0,5.5,1.0,1.0,1.0,0.5,0.0
H2_30,A,True,4-2-3-1,3,1,0,1,1,0,4,2,3,1,15,11.710439024390244,14.546685291005293,2.0,1.0,2.0,1,2,2,7,0,3,2.0,0.2,0.6,0.2,0.3333333333333333,0.16666666666666666,0.0,13.268761186353288,92.88132830447302,0.14134770031131777,0.1960838187733023,11.710439024390244,7.0,1.5,1.5,0.5,1.0,0.5
H1_15,M,True,4-2-3-1,2,0,0,0,0,0,4,2,3,1,14,0.0,32.69883996249854,2.0,1.0,1.0,0,3,1,5,1,3,2.0,0.23076923076923078,0.46153846153846156,0.3076923076923077,0.0,0.2727272727272727,0.5,15.98300200263249,103.88951301711118,0.15737315063317728,0.14135958982644947,0.0,6.5,1.0,1.5,0.5,0.5,0.5
H1_30,M,True,4-2-3-1,3,0,0,0,0,0,4,2,3,1,29,0.0,58.0202319423496,2.0,1.0,1.0,0,7,2,10,1,3,2.0,0.30434782608695654,0.5217391304347826,0.17391304347826086,0.0,0.35,0.3333333333333333,14.854074673810818,74.27037336905408,0.39060145594020024,0.10203880812205765,0.0,5.0,0.5,2.0,1.0,0.5,0.5
H1_45,M,True,4-2-3-1,5,0,0,0,0,0,4,2,3,1,44,0.0,69.12512895572264,2.0,1.0,2.0,0,11,4,17,2,6,2.0,0.275,0.525,0.2,0.0,0.3235294117647059,0.3333333333333333,13.641180206975946,115.95003175929554,0.2980815438637471,0.19052973726952327,0.0,8.5,1.5,2.0,0.5,1.0,0.5
H2_15,M,True,4-2-3-1,7,0,0,0,0,0,4,2,3,1,59,19.134818181818183,45.03775264957265,2.0,2.0,1.0,1,15,4,20,2,7,2.0,0.32653061224489793,0.4897959183673469,0.1836734693877551,0.14285714285714285,0.35714285714285715,0.2857142857142857,14.096900739940292,63.436053329731315,0.5058051964379877,0.1508197403325062,19.134818181818183,4.5,0.5,2.5,1.0,0.5,1.0
H2_30,M,True,4-2-3-1,11,0,0,0,0,0,4,2,3,1,74,33.25097565217391,51.42729901599777,1.0,1.0,1.0,3,19,5,22,3,8,2.0,0.36666666666666664,0.45,0.18333333333333332,0.2727272727272727,0.3877551020408163,0.2727272727272727,12.676512882091453,139.44164170300598,0.6072667650351269,0.35912353756442034,16.625487826086957,11.0,4.0,6.0,1.0,1.0,1.0
H1_15,M,True,4-2-3-1,3,0,0,0,0,0,4,2,3,1,14,19.48754117647059,20.055707371007376,2.0,1.0,2.0,1,2,1,2,1,5,2.0,0.25,0.25,0.5,0.3333333333333333,0.2222222222222222,0.3333333333333333,12.323619717513246,73.94171830507948,0.2673947093325901,0.3573100347716384,19.48754117647059,6.0,1.5,1.5,0.5,1.0,0.5
H1_30,M,True,4-2-3-1,4,0,0,0,0,0,4,2,3,1,29,0.0,12.554718518518518,2.0,0.0,1.0,1,3,2,8,1,7,2.0,0.18181818181818182,0.45454545454545453,0.36363636363636365,0.25,0.16666666666666666,0.25,12.623272193187955,63.11636096593977,0.09945692627378795,0.06292133222611637,0.0,5.0,0.5,0.5,0.5,0.5,0.0
H1_45,M,True,4-2-3-1,8,0,0,0,0,0,4,2,3,1,44,0.0,9.683028571428572,2.0,0.0,2.0,1,4,4,11,4,9,2.0,0.15151515151515152,0.45454545454545453,0.3939393939393939,0.1111111111111111,0.16666666666666666,0.4444444444444444,11.086352208856601,60.974937148711305,0.0794017101470126,0.42099629725807836,0.0,5.5,2.5,0.5,0.5,1.0,0.0
H2_15,M,True,4-2-3-1,0,0,0,0,0,0,4,2,3,1,14,0.0,0.0,1.0,0.0,0.0,0,0,0,2,0,4,2.0,0.0,0.3333333333333333,0.6666666666666666,0.0,0.0,0.0,13.834376352219905,41.503129056659716,0.0,0.0,0.0,3.0,0.0,0.0,0.0,0.0,0.0
H2_30,M,True,4-2-3-1,0,0,0,0,0,0,4,2,3,1,29,0.0,13.970332203389829,2.0,0.0,0.0,0,1,0,6,0,7,2.0,0.07142857142857142,0.42857142857142855,0.5,0.0,0.07142857142857142,0.0,15.393559433555,61.57423773422,0.11344299757060403,0.0,0.0,4.0,0.0,0.5,0.5,0.0,0.0
H1_15,G,False,4-3-3,0,0,0,0,0,0,4,3,3,0,14,0.0,0.0,0.0,0.0,0.0,0,0,0,0,0,0,0.0,0.0,0.0,0.0,0.0,0.0,0.0,0.0,0.0,0.0,0.0,0.0,0.0,0.0,0.0,0.0,0.0,0.0
H1_30,G,False,4-3-3,0,0,0,0,0,0,4,3,3,0,29,0.0,0.0,0.0,0.0,0.0,0,0,0,1,0,1,2.0,0.0,0.5,0.5,0.0,0.0,0.0,8.449686000000002,8.449686000000002,0.0,0.0,0.0,1.0,0.0,0.0,0.0,0.0,0.0
H1_45,G,False,4-3-3,0,0,0,0,0,0,4,3,3,0,44,0.0,0.0,0.0,0.0,0.0,0,0,0,1,0,1,2.0,0.0,0.0,0.0,0.0,0.0,0.0,0.0,0.0,0.0,0.0,0.0,0.0,0.0,0.0,0.0,0.0,0.0
H2_15,G,False,4-3-3,0,0,0,0,0,0,4,3,3,0,59,0.0,0.0,0.0,0.0,0.0,0,0,0,1,0,1,2.0,0.0,0.0,0.0,0.0,0.0,0.0,0.0,0.0,0.0,0.0,0.0,0.0,0.0,0.0,0.0,0.0,0.0
H2_30,G,False,4-3-3,0,0,0,0,0,0,4,3,3,0,74,0.0,0.0,0.0,0.0,0.0,0,0,0,2,0,1,2.0,0.0,0.6666666666666666,0.3333333333333333,0.0,0.0,0.0,5.361495652173912,5.361495652173912,0.0,0.0,0.0,1.0,0.0,0.0,0.0,0.0,0.0
H1_15,D,False,4-3-3,2,0,0,0,0,0,4,3,3,0,14,0.0,13.98113684210526,1.0,0.0,1.0,0,1,0,0,2,4,2.0,0.14285714285714285,0.0,0.8571428571428571,0.0,0.2,1.0,10.98643182960905,38.452511403631675,0.1817974474455887,0.3786094757860262,0.0,3.5,1.0,0.5,0.5,0.5,0.0
H1_30,D,False,4-3-3,2,0,0,0,0,0,4,3,3,0,29,0.0,0.0,1.0,0.0,0.0,0,1,0,3,2,5,2.0,0.09090909090909091,0.2727272727272727,0.6363636363636364,0.0,0.1111111111111111,1.0,12.06196820058458,24.12393640116916,0.0,0.0,0.0,2.0,0.0,0.0,0.0,0.0,0.0
H1_45,D,False,4-3-3,2,0,0,0,0,0,4,3,3,0,44,0.0,38.5926104543234,1.0,1.0,0.0,0,3,0,4,2,6,2.0,0.2,0.26666666666666666,0.5333333333333333,0.0,0.23076923076923078,1.0,17.786885402813382,35.573770805626765,0.5424306951488418,0.0,0.0,2.0,0.0,1.0,0.5,0.0,0.5
H2_15,D,False,4-3-3,3,0,0,0,0,0,4,3,3,0,59,0.0,24.707326732673263,1.0,0.0,1.0,0,4,0,4,3,8,2.0,0.21052631578947367,0.21052631578947367,0.5789473684210527,0.0,0.25,1.0,16.99804561673475,33.9960912334695,0.36338481625717967,0.2065818376521419,0.0,2.0,0.5,0.5,0.5,0.5,0.0
H2_30,D,False,4-3-3,4,0,0,0,0,0,4,3,3,0,74,0.0,0.0,1.0,0.0,1.0,0,4,0,6,4,12,2.0,0.15384615384615385,0.23076923076923078,0.6153846153846154,0.0,0.18181818181818182,1.0,9.064419902459194,63.45093931721436,0.0,0.13987046678113116,0.0,7.0,1.0,0.0,0.0,1.0,0.0
H1_15,D,False,4-3-3,2,1,1,1,1,0,4,3,3,0,14,11.014315789473688,6.135384615384615,2.0,1.0,2.0,1,1,0,2,1,4,2.0,0.2222222222222222,0.2222222222222222,0.5555555555555556,0.5,0.14285714285714285,0.5,10.522057567365257,47.349259053143655,0.1810978751072947,0.23209415141070566,11.014315789473688,4.5,1.0,1.0,0.5,1.0,0.5
H1_30,D,False,4-3-3,2,1,1,1,1,0,4,3,3,0,29,0.0,14.199821428571427,2.0,0.0,0.0,1,2,0,4,1,6,2.0,0.21428571428571427,0.2857142857142857,0.5,0.5,0.16666666666666666,0.5,13.352667805899245,33.38166951474811,0.21268890434461207,0.0,0.0,2.5,0.0,0.5,0.5,0.0,0.0
H1_45,D,False,4-3-3,4,1,1,1,1,0,4,3,3,0,44,0.0,13.100922033898303,2.0,0.0,1.0,1,3,1,10,2,9,2.0,0.15384615384615385,0.4230769230769231,0.4230769230769231,0.25,0.13636363636363635,0.5,11.507565774706599,69.0453946482396,0.0948718020994926,0.3857050881150545,0.0,6.0,1.0,0.5,0.5,0.5,0.0
H2_15,D,False,4-3-3,5,1,1,1,1,0,4,3,3,0,59,10.592126315789477,14.062154,2.0,1.0,1.0,2,5,1,12,2,11,2.0,0.21212121212121213,0.3939393939393939,0.3939393939393939,0.4,0.17857142857142858,0.4,9.053902759047498,31.68865965666624,0.3890079382168352,0.16712802672234903,10.592126315789477,3.5,0.5,1.5,0.5,0.5,0.5
H2_30,D,False,4-3-3,7,1,1,1,1,0,4,3,3,0,74,0.0,10.450954545454548,1.0,0.0,1.0,2,6,2,15,3,13,2.0,0.1951219512195122,0.4146341463414634,0.3902439024390244,0.2857142857142857,0.17647058823529413,0.42857142857142855,9.752645579892745,39.01058231957098,0.13395025047103018,0.3055169830463418,0.0,4.0,1.0,0.5,0.5,0.5,0.0
H1_15,D,False,4-3-3,5,0,0,0,0,0,4,3,3,0,14,57.65458712643679,43.737470587468096,2.0,2.0,2.0,2,5,1,4,2,2,2.0,0.4375,0.3125,0.25,0.4,0.45454545454545453,0.4,14.941175595597784,119.52940476478227,0.42413018751925835,0.434173003246487,28.827293563218394,8.0,2.5,3.5,1.0,1.0,1.0
H1_30,D,False,4-3-3,7,0,0,0,0,0,4,3,3,0,29,23.141309273182962,29.582025846153847,2.0,1.0,1.0,4,7,1,7,2,2,2.0,0.4782608695652174,0.34782608695652173,0.17391304347826086,0.5714285714285714,0.4375,0.2857142857142857,12.782954238303052,44.740339834060684,0.5892147367999951,0.25861794254371706,11.570654636591481,3.5,1.0,2.0,1.0,0.5,0.5
H1_45,D,False,4-3-3,9,0,0,0,0,0,4,3,3,0,44,35.644943036837375,20.399802469135803,2.0,1.0,1.0,6,8,3,13,2,8,2.0,0.35,0.4,0.25,0.5454545454545454,0.27586206896551724,0.18181818181818182,14.13212680211968,120.12307781801728,0.23328050914112952,0.2281079295223807,17.822471518418688,8.5,2.0,1.5,0.5,0.5,0.5
H2_15,D,False,4-3-3,14,0,0,0,0,0,4,3,3,0,59,36.101036898061295,9.656866666666668,1.0,1.0,1.0,8,9,4,15,2,9,2.0,0.3617021276595745,0.40425531914893614,0.23404255319148937,0.5714285714285714,0.2727272727272727,0.14285714285714285,14.481848179925867,50.68646862974054,0.45138184609964405,0.46090769283121596,18.050518449030648,3.5,1.5,1.5,0.5,0.5,0.5
H2_30,D,False,4-3-3,19,0,0,0,0,0,4,3,3,0,74,15.49968,9.47427,2.0,1.0,2.0,9,10,7,17,3,13,2.0,0.3220338983050847,0.4067796610169492,0.2711864406779661,0.47368421052631576,0.25,0.15789473684210525,14.19229063634318,85.15374381805908,0.14664035238051168,0.4650504487962281,15.49968,6.0,2.5,1.0,0.5,1.0,0.5
H1_15,A,False,4-3-3,3,0,0,0,0,0,4,3,3,0,14,35.70457913245215,7.784875,2.0,1.0,2.0,3,1,0,5,0,0,2.0,0.4444444444444444,0.5555555555555556,0.0,1.0,0.16666666666666666,0.0,11.045894320811314,49.70652444365091,0.4374622307555756,0.3591538488365661,11.901526377484052,4.5,1.5,2.0,1.0,1.0,0.5
H1_30,A,False,4-3-3,5,1,1,1,1,0,4,3,3,0,29,24.564435330261134,91.04963890491038,2.0,2.0,2.0,5,8,0,10,0,0,2.0,0.5652173913043478,0.43478260869565216,0.0,1.0,0.4444444444444444,0.0,15.314588449770001,107.20211914839001,0.5392340895572111,0.11457066112778447,12.282217665130567,7.0,1.0,4.5,1.0,1.0,1.0
H1_45,A,False,4-3-3,8,1,1,1,1,0,4,3,3,0,44,51.98772957099691,71.4183678696742,2.0,2.0,2.0,9,15,0,16,0,2,2.0,0.5714285714285714,0.38095238095238093,0.047619047619047616,1.0,0.45454545454545453,0.0,11.913655428151946,113.17972656744348,0.5451775736846906,0.2296689130982198,12.996932392749228,9.5,2.0,5.5,1.0,1.0,1.0
H2_15,A,False,4-3-3,12,1,1,1,1,0,4,3,3,0,59,36.522169824225244,50.04203404836963,1.0,1.0,1.0,12,20,0,19,0,2,2.0,0.6037735849056604,0.3584905660377358,0.03773584905660377,1.0,0.4878048780487805,0.0,11.514855448472813,63.33170496660047,0.6834191809477309,0.2883403331987202,12.174056608075082,5.5,1.5,4.0,1.0,0.5,0.5
H1_15,A,False,4-3-3,7,0,0,0,0,1,4,3,3,0,14,38.53202815057283,39.19161705774098,2.0,1.0,2.0,2,4,4,7,1,2,2.0,0.3,0.55,0.15,0.2857142857142857,0.3076923076923077,0.14285714285714285,12.338016698024314,123.38016698024313,0.3149762523046338,0.48646823735861916,19.266014075286414,10.0,3.5,3.0,0.5,1.0,0.5
H1_30,A,False,4-3-3,8,0,0,0,0,1,4,3,3,0,29,12.372292682926828,63.26186979773959,1.0,1.0,1.0,3,8,4,7,1,3,2.0,0.4230769230769231,0.4230769230769231,0.15384615384615385,0.375,0.4444444444444444,0.125,15.536066693637638,46.608200080912916,0.8113825716222013,0.13272656594170384,12.372292682926828,3.0,0.5,2.5,1.0,0.5,0.5
H1_45,A,False,4-3-3,10,1,0,1,1,1,4,3,3,0,44,19.923878787878788,58.80014166666666,2.0,2.0,1.0,4,14,4,12,2,5,2.0,0.43902439024390244,0.3902439024390244,0.17073170731707318,0.4,0.45161290322580644,0.2,12.803110128932738,96.02332596699554,0.4099213376633294,0.16743814904822366,19.923878787878788,7.5,1.0,3.5,1.0,0.5,1.0
H2_15,A,False,4-3-3,11,4,3,3,4,0,4,3,3,0,59,28.134218181818188,71.71804034439666,2.0,2.0,1.0,5,18,4,15,2,6,2.0,0.46,0.38,0.16,0.45454545454545453,0.46153846153846156,0.18181818181818182,14.49137597817513,65.21119190178808,0.7656067587033087,0.21571617816915528,28.134218181818188,4.5,0.5,2.5,1.0,0.5,1.0
H2_30,A,False,4-3-3,13,5,4,3,5,0,4,3,3,0,74,0.0,42.4736162443145,2.0,1.0,1.0,5,21,6,19,2,7,2.0,0.43333333333333335,0.4166666666666667,0.15,0.38461538461538464,0.44680851063829785,0.15384615384615385,12.49429341692976,62.47146708464881,0.3399441235049176,0.2518295318037029,0.0,5.0,1.0,1.5,1.0,0.5,0.5
H2_30,M,False,4-3-3,1,0,0,0,0,0,4,3,3,0,3,0.0,15.668121901528014,1.0,1.0,1.0,0,2,0,2,1,0,1.0,0.4,0.4,0.2,0.0,0.5,1.0,11.595729964846665,57.97864982423333,0.27023950969929644,0.376833159171738,0.0,5.0,1.0,2.0,1.0,1.0,1.0
H1_15,M,False,4-3-3,2,0,0,0,0,0,4,3,3,0,14,0.0,21.765772916666663,1.0,0.0,1.0,0,2,0,2,2,2,2.0,0.25,0.25,0.5,0.0,0.3333333333333333,1.0,9.99769547281612,39.99078189126448,0.27213487568020195,0.3352347973984808,0.0,4.0,1.0,1.0,1.0,0.5,0.0
H1_30,M,False,4-3-3,3,0,0,0,0,0,4,3,3,0,29,0.0,32.23311568627451,2.0,1.0,1.0,0,4,1,10,2,3,2.0,0.2,0.55,0.25,0.0,0.23529411764705882,0.6666666666666666,13.079512777390994,78.47707666434596,0.2053664398340082,0.04734008030142356,0.0,6.0,0.5,1.0,0.5,0.5,0.5
H1_45,M,False,4-3-3,5,1,0,1,1,0,4,3,3,0,44,36.27885128205128,26.438507450980392,2.0,1.0,1.0,1,7,1,17,3,5,2.0,0.23529411764705882,0.5294117647058824,0.23529411764705882,0.2,0.2413793103448276,0.6,11.54034751857924,80.78243263005469,0.3881868661980476,0.281283870740251,36.27885128205128,7.0,1.0,2.0,0.5,0.5,0.5
H2_15,M,False,4-3-3,6,1,0,1,1,0,4,3,3,0,59,0.0,53.40170357142857,1.0,1.0,1.0,1,9,1,20,4,7,2.0,0.23809523809523808,0.5,0.2619047619047619,0.16666666666666666,0.25,0.6666666666666666,16.61121364716821,66.44485458867284,0.4018498038863359,0.1285893919276093,0.0,4.0,0.5,1.0,0.5,0.5,0.5
H1_15,M,False,4-3-3,2,0,0,0,0,0,4,3,3,0,14,25.067885,47.959934903280065,2.0,1.0,2.0,1,2,0,2,1,1,2.0,0.42857142857142855,0.2857142857142857,0.2857142857142857,0.5,0.4,0.5,22.862885449273673,80.02009907245785,0.45630923199153806,0.22598276885732616,25.067885,3.5,1.0,1.5,0.5,1.0,0.5
H1_30,M,False,4-3-3,3,0,0,0,0,0,4,3,3,0,29,0.0,8.506508108108106,2.0,0.0,1.0,1,3,1,5,1,3,2.0,0.2857142857142857,0.42857142857142855,0.2857142857142857,0.3333333333333333,0.2727272727272727,0.3333333333333333,11.444764909846956,40.05667718446435,0.10618090048926081,0.07868199141733002,0.0,3.5,0.5,0.5,0.5,0.5,0.0
H1_45,M,False,4-3-3,3,0,0,0,0,0,4,3,3,0,44,0.0,0.0,2.0,0.0,0.0,1,3,1,11,1,6,2.0,0.17391304347826086,0.5217391304347826,0.30434782608695654,0.3333333333333333,0.15,0.3333333333333333,11.425686863970945,51.41559088786926,0.0,0.0,0.0,4.5,0.0,0.0,0.0,0.0,0.0
H2_15,M,False,4-3-3,0,0,0,0,0,0,4,3,3,0,2,0.0,7.643964705882351,1.0,0.0,0.0,0,1,0,1,0,0,1.0,0.5,0.5,0.0,0.0,0.5,0.0,6.040649019607843,12.081298039215685,0.6327105482432578,0.0,0.0,2.0,0.0,1.0,1.0,0.0,0.0
H2_30,M,False,4-3-3,1,0,0,0,0,0,4,3,3,0,17,10.108777777777778,16.30821176470588,2.0,1.0,1.0,1,3,0,4,0,1,2.0,0.4444444444444444,0.4444444444444444,0.1111111111111111,1.0,0.375,0.0,12.669152359576382,44.34203325851733,0.2978775171232074,0.11398640336182665,10.108777777777778,3.5,0.5,1.5,1.0,0.5,0.5
H2_15,A,False,4-3-3,0,0,0,0,0,0,4,3,3,0,2,0.0,0.0,0.0,0.0,0.0,0,0,0,1,0,0,1.0,0.0,1.0,0.0,0.0,0.0,0.0,5.217166666666667,5.217166666666667,0.0,0.0,0.0,1.0,0.0,0.0,0.0,0.0,0.0
H2_30,A,False,4-3-3,4,0,0,0,0,0,4,3,3,0,17,11.749073170731704,59.247337840485685,2.0,1.0,2.0,1,6,3,5,0,2,2.0,0.4117647058823529,0.47058823529411764,0.11764705882352941,0.25,0.46153846153846156,0.0,12.81737513351828,102.53900106814623,0.3461922306227364,0.293054513582567,11.749073170731704,8.0,2.0,3.5,1.0,1.0,0.5
H1_15,A,False,4-3-3,3,2,1,1,2,0,4,3,3,0,14,64.18484486555782,5.902950000000001,2.0,1.0,1.0,3,1,0,6,0,0,2.0,0.4,0.6,0.0,1.0,0.14285714285714285,0.0,14.259191134918833,71.29595567459417,0.4915271434571227,0.4501296339900922,21.394948288519274,5.0,1.5,2.0,0.5,0.5,0.5
H1_30,A,False,4-3-3,5,3,1,1,3,0,4,3,3,0,29,0.0,0.0,2.0,0.0,2.0,3,1,2,10,0,1,2.0,0.23529411764705882,0.7058823529411765,0.058823529411764705,0.6,0.08333333333333333,0.0,12.720428274571592,44.521498961000574,0.0,0.31509629228960706,0.0,3.5,1.0,0.0,0.0,1.0,0.0
H1_45,A,False,4-3-3,9,4,1,2,4,0,4,3,3,0,44,29.554771416345744,34.81396666666666,2.0,2.0,2.0,5,4,3,13,1,2,2.0,0.32142857142857145,0.5714285714285714,0.10714285714285714,0.5555555555555556,0.21052631578947367,0.1111111111111111,13.296431882215243,73.13037535218383,0.4400957726049071,0.5072774593668944,14.777385708172872,5.5,2.0,2.5,1.0,1.0,1.0
H2_30,A,False,4-3-3,0,0,0,0,0,0,4,3,3,0,3,0.0,20.282929333333332,0.0,0.0,0.0,0,2,0,0,0,0,2.0,1.0,0.0,0.0,0.0,1.0,0.0,10.141464666666666,10.141464666666666,1.0,0.0,0.0,1.0,0.0,1.0,1.0,0.0,0.0
H1_15,D,False,4-3-3,2,0,0,0,0,0,4,3,3,0,14,25.968510843373497,12.974227109974423,2.0,1.0,1.0,1,2,1,5,0,2,2.0,0.2727272727272727,0.5454545454545454,0.18181818181818182,0.5,0.2222222222222222,0.0,14.684597570258141,80.76528663641977,0.24108586482615993,0.3849973036538125,25.968510843373497,5.5,1.0,1.5,1.0,0.5,0.5
H1_30,D,False,4-3-3,3,0,0,0,0,0,4,3,3,0,29,0.0,6.405557142857143,1.0,0.0,1.0,1,3,2,7,0,2,2.0,0.26666666666666666,0.6,0.13333333333333333,0.3333333333333333,0.25,0.0,19.698912156873252,39.397824313746504,0.08129328528202694,0.12329122145605682,0.0,2.0,0.5,0.5,0.5,0.5,0.0
H1_45,D,False,4-3-3,5,0,0,0,0,0,4,3,3,0,44,0.0,18.472816326530612,2.0,1.0,2.0,1,5,4,9,1,3,2.0,0.2608695652173913,0.5652173913043478,0.17391304347826086,0.16666666666666666,0.29411764705882354,0.16666666666666666,13.927136460403407,55.70854584161363,0.16579876612693448,0.32027830162725085,0.0,4.0,1.5,1.0,0.5,1.0,0.5
H2_15,D,False,4-3-3,9,0,0,0,0,0,4,3,3,0,59,12.286723809523805,45.478347741705626,2.0,2.0,2.0,2,9,5,14,2,3,2.0,0.3142857142857143,0.5428571428571428,0.14285714285714285,0.2222222222222222,0.34615384615384615,0.2222222222222222,11.405629473017385,68.43377683810431,0.42205088057528867,0.3985171367174794,12.286723809523805,6.0,1.5,2.5,1.0,1.0,1.0
H2_30,D,False,4-3-3,14,1,0,1,1,0,4,3,3,0,74,12.513,49.188418132881615,2.0,1.0,2.0,3,15,8,16,3,4,2.0,0.3673469387755102,0.4897959183673469,0.14285714285714285,0.21428571428571427,0.42857142857142855,0.21428571428571427,11.410543892906853,79.87380725034797,0.38624312685816553,0.5426813902760805,12.513,7.0,2.5,3.5,1.0,1.0,0.5
H1_15,M,False,4-3-3,3,0,0,0,0,0,4,3,3,0,14,0.0,16.43866935483871,2.0,1.0,2.0,0,2,2,3,1,1,2.0,0.2222222222222222,0.5555555555555556,0.2222222222222222,0.0,0.3333333333333333,0.3333333333333333,11.01974963229724,49.588873345337575,0.1657495749133036,0.425965432121037,0.0,4.5,1.5,1.0,0.5,1.0,0.5
H1_30,M,False,4-3-3,3,0,0,0,0,0,4,3,3,0,29,0.0,31.84615294946866,1.0,1.0,0.0,0,5,2,6,1,2,2.0,0.3125,0.5,0.1875,0.0,0.38461538461538464,0.3333333333333333,10.50551243092779,36.769293508247266,0.4330536421963838,0.0,0.0,3.5,0.0,1.5,0.5,0.0,0.5
H1_45,M,False,4-3-3,3,0,0,0,0,0,4,3,3,0,44,0.0,11.749808000000003,2.0,0.0,0.0,0,6,2,11,1,5,2.0,0.24,0.52,0.24,0.0,0.2727272727272727,0.3333333333333333,10.822412315791887,48.70085542106349,0.12063246013249823,0.0,0.0,4.5,0.0,0.5,0.5,0.0,0.0
H2_15,M,False,4-3-3,4,0,0,0,0,0,4,3,3,0,59,0.0,49.245589348922174,2.0,1.0,1.0,0,10,3,14,1,6,2.0,0.29411764705882354,0.5,0.20588235294117646,0.0,0.3333333333333333,0.25,15.756961177943898,70.90632530074754,0.347258084099325,0.05878554062683493,0.0,4.5,0.5,2.0,1.0,0.5,0.5
H2_30,M,False,4-3-3,5,0,0,0,0,0,4,3,3,0,74,0.0,24.2494956382553,2.0,1.0,1.0,0,12,4,16,1,8,2.0,0.2926829268292683,0.4878048780487805,0.21951219512195122,0.0,0.3333333333333333,0.2,11.04902295442719,38.67158034049517,0.3135312214388909,0.14747690551523435,0.0,3.5,0.5,1.0,0.5,0.5,0.5
