checkpoint,position,is_home,formation,cumul_sprints,cumul_shots,cumul_shots_on_target,cumul_shots_under_press,cumul_shots_top_third,scored_after,formation_defenders,formation_midfielders,formation_attackers,formation_striker,cumul_in_game_time,cumul_received_succ,cumul_received_unsucc,top_sprint_distance,top_hsr_distance,possessions_with_2plus_runs,possessions_with_2plus_top_runs,possessions_with_sprint_and_hsr,cumul_top_sprint_count,cumul_top_hsr_count,cumul_middle_sprint_count,cumul_middle_hsr_count,cumul_bottom_sprint_count,cumul_bottom_hsr_count,cumul_unique_run_possessions,cumul_top_run_share,cumul_middle_run_share,cumul_bottom_run_share,cumul_top_sprint_share,cumul_top_hsr_share,cumul_bottom_sprint_share,distance_per_run,distance_per_possession,top_distance_share,sprint_distance_share,avg_top_sprint_distance,runs_per_possession,sprints_per_possession,top_runs_per_possession,share_of_possessions_with_top_run,share_of_possessions_with_sprint,top_run_repeat_possession_rate,cumul_shots_total,cumul_shots_special,cumul_shots_set_play,cumul_shots_blocked,cumul_shots_under_pressure,cumul_shots_under_pressure_rate
H1_15,G,True,4-1-4-1,0,0,0,0,0,0,4,1,4,1,14,0,2,0.0,0.0,0.0,0.0,0.0,0,0,0,0,0,0,0.0,0.0,0.0,0.0,0.0,0.0,0.0,0.0,0.0,0.0,0.0,0.0,0.0,0.0,0.0,0.0,0.0,0.0,0,0,0,0,0,0.0
H1_30,G,True,4-1-4-1,0,0,0,0,0,0,4,1,4,1,29,2,2,0.0,0.0,0.0,0.0,0.0,0,0,0,0,0,0,0.0,0.0,0.0,0.0,0.0,0.0,0.0,0.0,0.0,0.0,0.0,0.0,0.0,0.0,0.0,0.0,0.0,0.0,0,0,0,0,0,0.0
H1_45,G,True,4-1-4-1,1,0,0,0,0,0,4,1,4,1,44,2,3,0.0,0.0,1.0,0.0,1.0,0,0,1,0,0,1,1.0,0.0,0.5,0.5,0.0,0.0,0.0,9.525545999999999,19.051091999999997,0.0,0.6789500570361007,0.0,2.0,1.0,0.0,0.0,1.0,0.0,0,0,0,0,0,0.0
H2_15,G,True,4-1-4-1,1,0,0,0,0,0,4,1,4,1,59,2,4,0.0,0.0,0.0,0.0,0.0,0,0,1,0,0,1,1.0,0.0,0.5,0.5,0.0,0.0,0.0,0.0,0.0,0.0,0.0,0.0,0.0,0.0,0.0,0.0,0.0,0.0,0,0,0,0,0,0.0
H2_30,G,True,4-1-4-1,1,0,0,0,0,0,4,1,4,1,74,3,5,0.0,0.0,0.0,0.0,0.0,0,0,1,0,0,1,1.0,0.0,0.5,0.5,0.0,0.0,0.0,0.0,0.0,0.0,0.0,0.0,0.0,0.0,0.0,0.0,0.0,0.0,0,0,0,0,0,0.0
H1_15,D,True,4-1-4-1,2,0,0,0,0,0,4,1,4,1,14,3,3,0.0,0.0,1.0,0.0,1.0,0,0,0,0,2,5,1.0,0.0,0.0,1.0,0.0,0.0,1.0,9.735180701631478,68.14626491142035,0.0,0.2430815847427236,0.0,7.0,2.0,0.0,0.0,1.0,0.0,0,0,0,0,0,0.0
H1_30,D,True,4-1-4-1,2,0,0,0,0,0,4,1,4,1,29,13,5,0.0,0.0,1.0,0.0,0.0,0,0,0,1,2,7,1.0,0.0,0.1,0.9,0.0,0.0,1.0,12.926770163854242,38.78031049156272,0.0,0.0,0.0,3.0,0.0,0.0,0.0,0.0,0.0,0,0,0,0,0,0.0
H1_45,D,True,4-1-4-1,4,0,0,0,0,0,4,1,4,1,44,20,5,0.0,6.907799999999998,1.0,0.0,1.0,0,1,0,2,4,9,1.0,0.0625,0.125,0.8125,0.0,0.08333333333333333,1.0,10.96132728263978,65.76796369583869,0.10503290069838475,0.3670483147347717,0.0,6.0,2.0,1.0,1.0,1.0,0.0,0,0,0,0,0,0.0
H2_15,D,True,4-1-4-1,4,0,0,0,0,0,4,1,4,1,59,24,6,0.0,0.0,1.0,0.0,0.0,0,1,0,5,4,11,2.0,0.047619047619047616,0.23809523809523808,0.7142857142857143,0.0,0.058823529411764705,1.0,21.46915828179761,53.672895704494024,0.0,0.0,0.0,2.5,0.0,0.0,0.0,0.0,0.0,0,0,0,0,0,0.0
H2_30,D,True,4-1-4-1,4,0,0,0,0,0,4,1,4,1,74,24,7,0.0,0.0,1.0,0.0,0.0,0,1,0,5,4,15,2.0,0.04,0.2,0.76,0.0,0.047619047619047616,1.0,8.407989860850531,33.631959443402124,0.0,0.0,0.0,4.0,0.0,0.0,0.0,0.0,0.0,0,0,0,0,0,0.0
H1_15,D,True,4-1-4-1,2,0,0,0,0,0,4,1,4,1,14,4,1,0.0,0.0,1.0,0.0,1.0,0,0,0,0,2,4,1.0,0.0,0.0,1.0,0.0,0.0,1.0,11.4142386305508,68.4854317833048,0.0,0.4211523765837391,0.0,6.0,2.0,0.0,0.0,1.0,0.0,0,0,0,0,0,0.0
H1_30,D,True,4-1-4-1,2,0,0,0,0,0,4,1,4,1,29,10,1,0.0,34.32484271749756,2.0,1.0,0.0,0,3,0,2,2,5,2.0,0.25,0.16666666666666666,0.5833333333333334,0.0,0.3,1.0,11.112935351853409,33.33880605556023,0.5147881219905427,0.0,0.0,3.0,0.0,1.5,1.0,0.0,0.5,0,0,0,0,0,0.0
H1_45,D,True,4-1-4-1,4,0,0,0,0,0,4,1,4,1,44,22,2,0.0,0.0,1.0,0.0,1.0,0,3,0,3,4,8,2.0,0.16666666666666666,0.16666666666666666,0.6666666666666666,0.0,0.21428571428571427,1.0,17.429073234650133,52.2872197039504,0.0,0.2894718784079844,0.0,3.0,1.0,0.0,0.0,1.0,0.0,0,0,0,0,0,0.0
H2_15,D,True,4-1-4-1,4,0,0,0,0,0,4,1,4,1,59,24,4,0.0,17.204985507246377,1.0,0.0,0.0,0,4,0,3,4,9,2.0,0.2,0.15,0.65,0.0,0.25,1.0,16.098189305347326,32.19637861069465,0.5343764190153798,0.0,0.0,2.0,0.0,1.0,1.0,0.0,0.0,0,0,0,0,0,0.0
H2_30,D,True,4-1-4-1,4,0,0,0,0,0,4,1,4,1,74,25,9,0.0,0.0,0.0,0.0,0.0,0,4,0,4,4,10,2.0,0.18181818181818182,0.18181818181818182,0.6363636363636364,0.0,0.2222222222222222,1.0,8.947481739130435,8.947481739130435,0.0,0.0,0.0,1.0,0.0,0.0,0.0,0.0,0.0,0,0,0,0,0,0.0
H1_15,D,True,4-1-4-1,1,0,0,0,0,0,4,1,4,1,14,1,1,0.0,0.0,2.0,0.0,1.0,0,0,0,4,1,1,2.0,0.0,0.6666666666666666,0.3333333333333333,0.0,0.0,1.0,13.392969181181021,40.17890754354306,0.0,0.31578317711035103,0.0,3.0,0.5,0.0,0.0,0.5,0.0,0,0,0,0,0,0.0
H1_30,D,True,4-1-4-1,1,0,0,0,0,0,4,1,4,1,29,7,2,0.0,0.0,1.0,0.0,0.0,0,0,0,7,1,3,2.0,0.0,0.6363636363636364,0.36363636363636365,0.0,0.0,1.0,14.092318376220968,35.23079594055242,0.0,0.0,0.0,2.5,0.0,0.0,0.0,0.0,0.0,0,0,0,0,0,0.0
H1_45,D,True,4-1-4-1,2,0,0,0,0,0,4,1,4,1,44,14,2,20.334688524590163,33.214375939849624,2.0,1.0,1.0,1,1,0,8,1,5,2.0,0.125,0.5,0.375,0.5,0.07142857142857142,0.5,16.8403518346869,42.10087958671725,0.6359613503340489,0.24149956870504102,20.334688524590163,2.5,0.5,1.0,0.5,0.5,0.5,0,0,0,0,0,0.0
H2_15,D,True,4-1-4-1,5,0,0,0,0,0,4,1,4,1,59,17,4,0.0,23.63265046728972,2.0,0.0,1.0,1,2,0,10,4,5,2.0,0.13636363636363635,0.45454545454545453,0.4090909090909091,0.2,0.11764705882352941,0.8,14.774186318310411,44.32255895493123,0.26659844359753965,0.45558343449903743,0.0,3.0,1.5,0.5,0.5,0.5,0.0,0,0,0,0,0,0.0
H2_30,D,True,4-1-4-1,6,0,0,0,0,0,4,1,4,1,74,20,4,0.0,0.0,1.0,0.0,1.0,1,2,0,12,5,8,2.0,0.10714285714285714,0.42857142857142855,0.4642857142857143,0.16666666666666666,0.09090909090909091,0.8333333333333334,7.588224862335732,45.52934917401439,0.0,0.2444642332434215,0.0,6.0,1.0,0.0,0.0,1.0,0.0,0,0,0,0,0,0.0
H1_15,A,True,4-1-4-1,4,0,0,0,0,0,4,1,4,1,14,1,0,28.38769294117647,6.661671428571428,2.0,1.0,2.0,2,1,2,13,0,1,2.0,0.15789473684210525,0.7894736842105263,0.05263157894736842,0.5,0.06666666666666667,0.0,9.647280369012455,91.64916350561832,0.19121486235714136,0.25085854892880205,14.193846470588236,9.5,2.0,1.5,1.0,1.0,0.5,0,0,0,0,0,0.0
H1_30,A,True,4-1-4-1,7,0,0,0,0,0,4,1,4,1,29,1,0,33.88230453653654,41.1638878952316,2.0,2.0,2.0,5,5,2,15,0,1,2.0,0.35714285714285715,0.6071428571428571,0.03571428571428571,0.7142857142857143,0.23809523809523808,0.0,10.544959641739949,47.45231838782977,0.7907536974106564,0.35701421645634945,11.294101512178846,4.5,1.5,3.5,1.0,1.0,1.0,0,0,0,0,0,0.0
H1_45,A,True,4-1-4-1,8,0,0,0,0,0,4,1,4,1,44,2,0,9.67598823529412,43.86427791495929,2.0,1.0,1.0,6,8,2,17,0,1,2.0,0.4117647058823529,0.5588235294117647,0.029411764705882353,0.75,0.3076923076923077,0.0,13.400787519542474,40.20236255862742,0.6658845742234081,0.12034103992251141,9.67598823529412,3.0,0.5,2.0,1.0,0.5,0.5,0,0,0,0,0,0.0
H2_15,A,True,4-1-4-1,10,0,0,0,0,0,4,1,4,1,59,5,0,23.20980779220779,67.25306104438079,2.0,2.0,1.0,7,15,3,20,0,2,2.0,0.46808510638297873,0.48936170212765956,0.0425531914893617,0.7,0.40540540540540543,0.0,12.270390713010224,79.75753963456646,0.5671117066240499,0.2821007362557788,23.20980779220779,6.5,1.0,4.0,1.0,0.5,1.0,0,0,0,0,0,0.0
H2_30,A,True,4-1-4-1,12,0,0,0,0,0,4,1,4,1,74,8,0,27.242822471910113,8.528365714285714,2.0,1.0,1.0,8,16,4,23,0,5,2.0,0.42857142857142855,0.48214285714285715,0.08928571428571429,0.6666666666666666,0.36363636363636365,0.0,15.554567972487067,69.9955558761918,0.25552470966491025,0.3256623816660023,27.242822471910113,4.5,1.0,1.0,0.5,0.5,0.5,0,0,0,0,0,0.0
H1_15,M,True,4-1-4-1,4,0,0,0,0,1,4,1,4,1,14,1,2,0.0,24.503070465170637,2.0,1.0,2.0,0,3,3,3,1,3,2.0,0.23076923076923078,0.46153846153846156,0.3076923076923077,0.0,0.3333333333333333,0.25,10.649417864042809,69.22121611627826,0.17699104291963189,0.45995073600487707,0.0,6.5,2.0,1.5,1.0,1.0,0.5,0,0,0,0,0,0.0
H1_30,M,True,4-1-4-1,5,0,0,0,0,1,4,1,4,1,29,4,2,15.345490196078432,22.181185548071035,2.0,1.0,1.0,1,5,3,7,1,3,2.0,0.3,0.5,0.2,0.2,0.3333333333333333,0.2,10.724808369553491,37.53682929343722,0.49986475217168214,0.2044057860630409,15.345490196078432,3.5,0.5,1.5,1.0,0.5,0.5,0,0,0,0,0,0.0
H1_45,M,True,4-1-4-1,6,1,1,1,1,1,4,1,4,1,44,12,2,5.965909090909093,71.89821422405682,2.0,2.0,1.0,2,9,3,10,1,4,2.0,0.3793103448275862,0.4482758620689655,0.1724137931034483,0.3333333333333333,0.391304347826087,0.16666666666666666,13.749872299558096,61.87442534801143,0.629210880561886,0.04820981413042594,5.965909090909093,4.5,0.5,2.5,1.0,0.5,1.0,1,0,0,0,1,1.0
H2_15,M,True,4-1-4-1,11,2,2,1,2,0,4,1,4,1,59,15,2,82.93199740679216,62.05220493859083,2.0,2.0,2.0,5,14,5,14,1,4,2.0,0.4418604651162791,0.4418604651162791,0.11627906976744186,0.45454545454545453,0.4375,0.09090909090909091,17.02788107996809,119.19516755977664,0.608179867160609,0.5005376914386623,27.643999135597387,7.0,2.5,4.0,1.0,1.0,1.0,2,0,1,0,1,0.5
H2_30,M,True,4-1-4-1,12,2,2,1,2,0,4,1,4,1,74,17,3,6.6512166666666666,52.35893927727834,2.0,2.0,1.0,6,18,5,15,1,5,2.0,0.48,0.4,0.12,0.5,0.47368421052631576,0.08333333333333333,12.670117966252118,44.34541288188241,0.6653467868381712,0.07499328830676039,6.6512166666666666,3.5,0.5,2.5,1.0,0.5,1.0,2,0,1,0,1,0.5
H1_15,M,True,4-1-4-1,0,0,0,0,0,0,4,1,4,1,14,1,0,0.0,25.192167619047613,1.0,0.0,0.0,0,1,0,2,0,5,1.0,0.125,0.25,0.625,0.0,0.125,0.0,19.176291670139115,153.41033336111292,0.16421428118370432,0.0,0.0,8.0,0.0,1.0,1.0,0.0,0.0,0,0,0,0,0,0.0
H1_30,M,True,4-1-4-1,2,0,0,0,0,0,4,1,4,1,29,9,0,10.282222222222224,47.9544577994228,1.0,1.0,1.0,1,5,0,5,1,7,2.0,0.3157894736842105,0.2631578947368421,0.42105263157894735,0.5,0.29411764705882354,0.5,11.625747454761587,63.941611001188726,0.4553895273342609,0.17076309210396803,10.282222222222224,5.5,1.0,2.5,0.5,0.5,0.5,0,0,0,0,0,0.0
H1_45,M,True,4-1-4-1,3,0,0,0,0,0,4,1,4,1,44,13,0,23.653255555555557,9.41928,1.0,1.0,1.0,2,6,0,7,1,8,2.0,0.3333333333333333,0.2916666666666667,0.375,0.6666666666666666,0.2857142857142857,0.3333333333333333,13.151987492353964,32.87996873088491,0.5029283304106333,0.3596909679135052,23.653255555555557,2.5,0.5,1.0,0.5,0.5,0.5,0,0,0,0,0,0.0
H2_15,M,True,4-1-4-1,4,0,0,0,0,0,4,1,4,1,59,16,0,15.536030188679243,20.987410136452244,1.0,1.0,1.0,3,8,0,11,1,12,2.0,0.3142857142857143,0.3142857142857143,0.37142857142857144,0.75,0.25806451612903225,0.25,11.43006890032822,62.865378951805205,0.29048930376393367,0.12356586763431193,15.536030188679243,5.5,0.5,1.5,1.0,0.5,0.5,0,0,0,0,0,0.0
H2_30,M,True,4-1-4-1,4,0,0,0,0,0,4,1,4,1,74,17,1,0.0,5.640384615384614,1.0,0.0,0.0,3,9,0,14,1,13,2.0,0.3,0.35,0.35,0.75,0.25,0.25,13.440888434426984,33.60222108606746,0.08392874686672566,0.0,0.0,2.5,0.0,0.5,0.5,0.0,0.0,0,0,0,0,0,0.0
H1_15,M,True,4-1-4-1,4,0,0,0,0,0,4,1,4,1,14,0,0,0.0,11.932995918367348,2.0,0.0,2.0,0,1,4,4,0,5,2.0,0.07142857142857142,0.5714285714285714,0.35714285714285715,0.0,0.1,0.0,17.81923710141193,124.7346597098835,0.047833520956091655,0.4194383387214636,0.0,7.0,2.0,0.5,0.5,1.0,0.0,0,0,0,0,0,0.0
H1_30,M,True,4-1-4-1,9,0,0,0,0,0,4,1,4,1,29,1,0,33.64033723723723,14.967062745098037,2.0,2.0,2.0,3,3,6,9,0,8,2.0,0.20689655172413793,0.5172413793103449,0.27586206896551724,0.3333333333333333,0.15,0.0,9.442993728246396,70.82245296184797,0.343163770453701,0.3553861994861304,11.213445745745744,7.5,2.5,2.5,1.0,1.0,1.0,0,0,0,0,0,0.0
H1_45,M,True,4-1-4-1,12,0,0,0,0,0,4,1,4,1,44,8,0,31.5471829787234,16.825011184210524,2.0,1.0,2.0,4,5,8,16,0,9,2.0,0.21428571428571427,0.5714285714285714,0.21428571428571427,0.3333333333333333,0.16666666666666666,0.0,10.78997967385352,70.13486788004788,0.34485125320022847,0.4112993613690731,31.5471829787234,6.5,1.5,1.5,1.0,1.0,0.5,0,0,0,0,0,0.0
H2_15,M,True,4-1-4-1,16,0,0,0,0,0,4,1,4,1,59,9,1,0.0,43.1836985650996,2.0,2.0,2.0,4,9,12,20,0,10,2.0,0.23636363636363636,0.5818181818181818,0.18181818181818182,0.25,0.23076923076923078,0.0,15.085198883776608,98.05379274454795,0.22020412141324705,0.5373123326321186,0.0,6.5,2.0,2.0,1.0,1.0,1.0,0,0,0,0,0,0.0
H2_30,M,True,4-1-4-1,19,0,0,0,0,0,4,1,4,1,74,9,2,0.0,19.57237075471698,1.0,1.0,1.0,4,11,15,23,0,13,2.0,0.22727272727272727,0.5757575757575758,0.19696969696969696,0.21052631578947367,0.23404255319148937,0.0,10.749721123138015,59.123466177259075,0.16552117137412684,0.4144913587108286,0.0,5.5,1.5,1.0,0.5,0.5,0.5,0,0,0,0,0,0.0
H1_15,M,True,4-1-4-1,2,0,0,0,0,0,4,1,4,1,14,0,2,0.0,20.76565769230769,2.0,0.0,2.0,0,2,1,5,1,3,2.0,0.16666666666666666,0.5,0.3333333333333333,0.0,0.2,0.5,13.28754821415224,79.72528928491344,0.13023256408702183,0.2538478731588737,0.0,6.0,1.0,1.0,1.0,1.0,0.0,0,0,0,0,0,0.0
H1_30,M,True,4-1-4-1,3,2,1,2,2,0,4,1,4,1,29,3,2,22.02164571428571,30.4042905664488,2.0,2.0,1.0,1,5,1,5,1,6,2.0,0.3157894736842105,0.3157894736842105,0.3684210526315789,0.3333333333333333,0.3125,0.3333333333333333,13.82857343071432,48.40000700750012,0.5415901724209515,0.22749630708600116,22.02164571428571,3.5,0.5,2.0,1.0,0.5,1.0,2,1,0,0,2,1.0
H1_45,M,True,4-1-4-1,3,2,1,2,2,0,4,1,4,1,44,3,4,0.0,35.002435021952046,2.0,2.0,0.0,1,9,1,9,1,7,2.0,0.35714285714285715,0.35714285714285715,0.2857142857142857,0.3333333333333333,0.36,0.3333333333333333,13.405504240056425,60.324769080253915,0.29011661010575984,0.0,0.0,4.5,0.0,2.0,1.0,0.0,1.0,2,1,0,0,2,1.0
H2_15,M,True,4-1-4-1,4,2,1,2,2,0,4,1,4,1,59,3,4,25.128166233766233,42.25211338627339,2.0,2.0,1.0,2,13,1,16,1,7,2.0,0.375,0.425,0.2,0.5,0.3611111111111111,0.25,12.953414440265766,77.72048664159459,0.43347824062631984,0.1616572883134657,25.128166233766233,6.0,0.5,2.5,1.0,0.5,1.0,2,1,0,0,2,1.0
H2_30,M,True,4-1-4-1,6,3,1,3,3,0,4,1,4,1,74,6,4,0.0,16.061046153846153,1.0,0.0,1.0,2,14,3,19,1,9,2.0,0.3333333333333333,0.4583333333333333,0.20833333333333334,0.3333333333333333,0.3333333333333333,0.16666666666666666,13.773550300325478,55.094201201301914,0.14575986041763883,0.4413081374006915,0.0,4.0,1.0,0.5,0.5,0.5,0.0,3,1,0,1,3,1.0
H1_15,D,True,4-1-4-1,2,0,0,0,0,1,4,1,4,1,14,3,1,13.622166666666669,5.316436363636363,2.0,0.0,2.0,1,1,0,2,1,6,2.0,0.18181818181818182,0.18181818181818182,0.6363636363636364,0.5,0.1111111111111111,0.5,9.41878098101071,51.803295395558905,0.18279341966270585,0.23296351488118633,13.622166666666669,5.5,1.0,1.0,1.0,1.0,0.0,0,0,0,0,0,0.0
H1_30,D,True,4-1-4-1,3,1,1,0,1,1,4,1,4,1,29,5,2,22.37131111111111,18.388329192546582,2.0,1.0,1.0,2,4,0,5,1,9,2.0,0.2857142857142857,0.23809523809523808,0.47619047619047616,0.6666666666666666,0.2222222222222222,0.3333333333333333,13.21991645230552,66.0995822615276,0.3083199538416849,0.16922430025803686,22.37131111111111,5.0,0.5,2.0,0.5,0.5,0.5,1,1,0,0,0,0.0
H1_45,D,True,4-1-4-1,6,1,1,0,1,1,4,1,4,1,44,9,2,25.694355,11.311151020408165,2.0,1.0,2.0,3,5,0,8,3,9,2.0,0.2857142857142857,0.2857142857142857,0.42857142857142855,0.5,0.22727272727272727,0.5,15.658980875845554,54.80643306545944,0.33760184663185167,0.7002577432828733,25.694355,3.5,1.5,1.0,0.5,1.0,0.5,1,1,0,0,0,0.0
H2_15,D,True,4-1-4-1,7,2,2,1,2,0,4,1,4,1,59,12,3,17.285966101694918,23.5951982464847,2.0,1.0,1.0,4,8,0,11,3,11,2.0,0.32432432432432434,0.2972972972972973,0.3783783783783784,0.5714285714285714,0.26666666666666666,0.42857142857142855,9.938640398809378,44.7238817946422,0.4570395357886518,0.19325207705657751,17.285966101694918,4.5,0.5,2.0,0.5,0.5,0.5,2,1,0,0,1,0.5
H2_30,D,True,4-1-4-1,7,2,2,1,2,0,4,1,4,1,74,12,3,0.0,16.13399411764706,2.0,0.0,0.0,4,9,0,14,3,13,2.0,0.3023255813953488,0.32558139534883723,0.37209302325581395,0.5714285714285714,0.25,0.42857142857142855,15.260182125745139,45.78054637723542,0.17621015250344152,0.0,0.0,3.0,0.0,0.5,0.5,0.0,0.0,2,1,0,0,1,0.5
H1_15,M,True,4-1-4-1,1,0,0,0,0,0,4,1,4,1,14,3,3,0.0,28.784693850746265,2.0,1.0,1.0,0,2,1,2,0,4,2.0,0.2222222222222222,0.3333333333333333,0.4444444444444444,0.0,0.25,0.0,13.745099469818017,61.852947614181076,0.2326865166579933,0.19135809397462736,0.0,4.5,0.5,1.0,0.5,0.5,0.5,0,0,0,0,0,0.0
H1_30,M,True,4-1-4-1,1,0,0,0,0,0,4,1,4,1,29,6,3,0.0,21.182661694915254,1.0,1.0,0.0,0,4,1,4,0,5,2.0,0.2857142857142857,0.35714285714285715,0.35714285714285715,0.0,0.3076923076923077,0.0,13.439877205928084,33.59969301482021,0.315221059989625,0.0,0.0,2.5,0.0,1.0,0.5,0.0,0.5,0,0,0,0,0,0.0
H1_45,M,True,4-1-4-1,2,1,1,1,1,0,4,1,4,1,44,15,3,0.0,53.56085972027972,2.0,1.0,1.0,0,7,2,6,0,6,2.0,0.3333333333333333,0.38095238095238093,0.2857142857142857,0.0,0.3684210526315789,0.0,15.062531975628804,52.71886191470082,0.5079857357973818,0.19481285049975583,0.0,3.5,0.5,1.5,1.0,0.5,0.5,1,0,0,0,1,1.0
H2_15,M,True,4-1-4-1,3,1,1,1,1,0,4,1,4,1,59,17,4,0.0,39.29387575757576,1.0,1.0,1.0,0,9,3,7,0,7,2.0,0.34615384615384615,0.38461538461538464,0.2692307692307692,0.0,0.391304347826087,0.0,19.504002421080372,48.76000605270093,0.40293140771051217,0.4797090462769608,0.0,2.5,0.5,1.0,0.5,0.5,0.5,1,0,0,0,1,1.0
H2_30,M,True,4-1-4-1,4,1,1,1,1,0,4,1,4,1,74,17,4,0.0,14.89907333333333,1.0,0.0,1.0,0,10,3,8,1,9,2.0,0.3225806451612903,0.3548387096774194,0.3225806451612903,0.0,0.37037037037037035,0.25,14.074182646040233,70.37091323020117,0.21172204039181172,0.13463650935797264,0.0,5.0,1.0,1.0,1.0,1.0,0.0,1,0,0,0,1,1.0
H1_30,G,False,4-1-4-1,0,0,0,0,0,0,4,1,4,1,29,4,2,0.0,0.0,0.0,0.0,0.0,0,0,0,1,0,1,2.0,0.0,0.5,0.5,0.0,0.0,0.0,11.41317391304348,11.41317391304348,0.0,0.0,0.0,1.0,0.0,0.0,0.0,0.0,0.0,0,0,0,0,0,0.0
H1_45,G,False,4-1-4-1,0,0,0,0,0,0,4,1,4,1,44,5,3,0.0,0.0,0.0,0.0,0.0,0,0,0,1,0,1,2.0,0.0,0.5,0.5,0.0,0.0,0.0,0.0,0.0,0.0,0.0,0.0,0.0,0.0,0.0,0.0,0.0,0.0,0,0,0,0,0,0.0
H2_15,G,False,4-1-4-1,0,0,0,0,0,0,4,1,4,1,59,6,3,0.0,0.0,0.0,0.0,0.0,0,0,0,1,0,1,2.0,0.0,0.5,0.5,0.0,0.0,0.0,0.0,0.0,0.0,0.0,0.0,0.0,0.0,0.0,0.0,0.0,0.0,0,0,0,0,0,0.0
H2_30,G,False,4-1-4-1,0,0,0,0,0,0,4,1,4,1,74,6,4,0.0,0.0,0.0,0.0,0.0,0,0,0,1,0,1,2.0,0.0,0.5,0.5,0.0,0.0,0.0,0.0,0.0,0.0,0.0,0.0,0.0,0.0,0.0,0.0,0.0,0.0,0,0,0,0,0,0.0
H1_15,D,False,4-1-4-1,5,0,0,0,0,1,4,1,4,1,14,6,0,0.0,16.206556159420288,2.0,1.0,2.0,0,3,4,6,1,2,2.0,0.1875,0.625,0.1875,0.0,0.2727272727272727,0.2,14.605291148961285,116.84232919169028,0.06935224704752327,0.5175097405874013,0.0,8.0,2.5,1.5,1.0,1.0,0.5,0,0,0,0,0,0.0
H1_30,D,False,4-1-4-1,8,1,1,1,1,0,4,1,4,1,29,14,0,0.0,0.0,2.0,0.0,2.0,0,3,5,7,3,4,2.0,0.13636363636363635,0.5454545454545454,0.3181818181818182,0.0,0.21428571428571427,0.375,14.168035710646691,42.504107131940074,0.0,0.7155314665890147,0.0,3.0,1.5,0.0,0.0,1.0,0.0,1,0,0,0,1,1.0
H1_45,D,False,4-1-4-1,11,1,1,1,1,0,4,1,4,1,44,20,1,0.0,10.13001818181818,2.0,1.0,2.0,0,5,7,13,4,8,2.0,0.13513513513513514,0.5405405405405406,0.32432432432432434,0.0,0.19230769230769232,0.36363636363636365,12.659121944826488,94.94341458619866,0.05334766095136165,0.35570854810501656,0.0,7.5,1.5,1.0,0.5,1.0,0.5,1,0,0,0,1,1.0
H2_15,D,False,4-1-4-1,16,1,1,1,1,0,4,1,4,1,59,26,1,26.043591732002852,37.55573335670874,1.0,1.0,1.0,2,8,10,15,4,12,2.0,0.19607843137254902,0.49019607843137253,0.3137254901960784,0.125,0.22857142857142856,0.25,19.413625103257964,135.89537572280574,0.23400106423944514,0.34896878082021376,13.021795866001426,7.0,2.5,2.5,0.5,0.5,0.5,1,0,0,0,1,1.0
H2_30,D,False,4-1-4-1,20,1,1,1,1,0,4,1,4,1,74,33,1,46.40485090206185,58.68635230240711,2.0,1.0,2.0,5,12,11,20,4,14,2.0,0.25757575757575757,0.4696969696969697,0.2727272727272727,0.25,0.2608695652173913,0.2,13.131454643916124,98.48590982937093,0.5335342049768432,0.2868979771535534,15.468283634020617,7.5,2.0,3.5,1.0,1.0,0.5,1,0,0,0,1,1.0
H1_15,D,False,4-1-4-1,1,0,0,0,0,0,4,1,4,1,14,13,0,0.0,13.780642857142857,2.0,0.0,1.0,0,1,1,4,0,2,2.0,0.125,0.625,0.25,0.0,0.14285714285714285,0.0,12.776258337406897,51.10503334962759,0.13482666925256276,0.20184131719096082,0.0,4.0,0.5,0.5,0.5,0.5,0.0,0,0,0,0,0,0.0
H1_30,D,False,4-1-4-1,2,0,0,0,0,0,4,1,4,1,29,27,0,0.0,0.0,1.0,0.0,1.0,0,1,1,5,1,3,2.0,0.09090909090909091,0.5454545454545454,0.36363636363636365,0.0,0.1111111111111111,0.5,10.85018596902529,32.55055790707587,0.0,0.4323027486147938,0.0,3.0,1.0,0.0,0.0,1.0,0.0,0,0,0,0,0,0.0
H1_45,D,False,4-1-4-1,3,0,0,0,0,0,4,1,4,1,44,32,0,0.0,0.0,1.0,0.0,1.0,0,1,1,5,2,6,2.0,0.06666666666666667,0.4,0.5333333333333333,0.0,0.08333333333333333,0.6666666666666666,14.35172963580247,28.70345927160494,0.0,0.2039508529130911,0.0,2.0,0.5,0.0,0.0,0.5,0.0,0,0,0,0,0,0.0
H2_15,D,False,4-1-4-1,4,0,0,0,0,0,4,1,4,1,59,42,1,0.0,0.0,1.0,0.0,1.0,0,1,1,7,3,9,2.0,0.047619047619047616,0.38095238095238093,0.5714285714285714,0.0,0.058823529411764705,0.75,16.573814910620044,49.72144473186013,0.0,0.1380294208913963,0.0,3.0,0.5,0.0,0.0,0.5,0.0,0,0,0,0,0,0.0
H2_30,D,False,4-1-4-1,4,0,0,0,0,0,4,1,4,1,74,51,1,0.0,19.125720430107524,1.0,1.0,0.0,0,3,1,9,3,10,2.0,0.11538461538461539,0.38461538461538464,0.5,0.0,0.13636363636363635,0.75,13.996220161480172,69.98110080740086,0.27329836497920423,0.0,0.0,5.0,0.0,2.0,1.0,0.0,1.0,0,0,0,0,0,0.0
H1_15,D,False,4-1-4-1,1,0,0,0,0,1,4,1,4,1,14,17,0,0.0,9.60351219512195,2.0,0.0,1.0,0,1,1,5,0,3,2.0,0.1,0.6,0.3,0.0,0.1111111111111111,0.0,12.469356098780434,62.34678049390217,0.07701690543636991,0.06762209638735633,0.0,5.0,0.5,0.5,0.5,0.5,0.0,0,0,0,0,0,0.0
H1_30,D,False,4-1-4-1,3,1,0,1,1,1,4,1,4,1,29,29,0,0.0,13.683010909090912,2.0,0.0,2.0,0,2,1,5,2,6,2.0,0.125,0.375,0.5,0.0,0.15384615384615385,0.6666666666666666,9.381521313588372,28.144563940765117,0.24308443609019967,0.3437615046167173,0.0,3.0,1.0,0.5,0.5,1.0,0.0,1,0,0,0,1,1.0
H1_45,D,False,4-1-4-1,4,1,0,1,1,1,4,1,4,1,44,37,0,0.0,0.0,1.0,0.0,1.0,0,2,1,5,3,9,2.0,0.1,0.3,0.6,0.0,0.125,0.75,11.012308112224716,44.04923244889886,0.0,0.17163556308468228,0.0,4.0,1.0,0.0,0.0,1.0,0.0,1,0,0,0,1,1.0
H2_15,D,False,4-1-4-1,5,1,0,1,1,1,4,1,4,1,59,45,1,0.0,0.0,1.0,0.0,1.0,0,2,1,8,4,12,2.0,0.07407407407407407,0.3333333333333333,0.5925925925925926,0.0,0.09090909090909091,0.8,13.601352900834033,47.60473515291912,0.0,0.12261539008633214,0.0,3.5,0.5,0.0,0.0,0.5,0.0,1,0,0,0,1,1.0
H2_30,D,False,4-1-4-1,5,1,0,1,1,1,4,1,4,1,74,59,4,0.0,4.500952380952381,1.0,0.0,0.0,0,3,1,9,4,13,2.0,0.1,0.3333333333333333,0.5666666666666667,0.0,0.12,0.8,13.729690052910051,41.18907015873015,0.10927540640288985,0.0,0.0,3.0,0.0,1.0,1.0,0.0,0.0,1,0,0,0,1,1.0
H1_15,M,False,4-1-4-1,2,0,0,0,0,0,4,1,4,1,14,9,0,13.220154545454545,45.52601529289107,2.0,2.0,2.0,1,4,1,2,0,1,2.0,0.5555555555555556,0.3333333333333333,0.1111111111111111,0.5,0.5714285714285714,0.0,10.85630709060332,48.85338190771494,0.6012497758017894,0.3382459661338197,13.220154545454545,4.5,1.0,2.5,1.0,1.0,1.0,0,0,0,0,0,0.0
H1_30,M,False,4-1-4-1,3,0,0,0,0,0,4,1,4,1,29,18,2,0.0,9.15941463414634,1.0,0.0,1.0,1,5,1,3,1,2,2.0,0.46153846153846156,0.3076923076923077,0.23076923076923078,0.3333333333333333,0.5,0.3333333333333333,11.589929166496367,23.179858332992733,0.19757270520306444,0.21603731195313752,0.0,2.0,0.5,0.5,0.5,0.5,0.0,0,0,0,0,0,0.0
H1_45,M,False,4-1-4-1,4,0,0,0,0,0,4,1,4,1,44,28,2,0.0,6.67812,1.0,0.0,1.0,1,6,1,3,2,3,2.0,0.4375,0.25,0.3125,0.25,0.5,0.5,19.360292388289675,58.08087716486902,0.11497966845513394,0.3663825207290353,0.0,3.0,1.0,1.0,1.0,1.0,0.0,0,0,0,0,0,0.0
H2_15,M,False,4-1-4-1,4,0,0,0,0,0,4,1,4,1,59,30,2,0.0,6.127842857142857,1.0,0.0,0.0,1,7,1,4,2,5,2.0,0.4,0.25,0.35,0.25,0.4375,0.5,21.492241585135897,42.984483170271794,0.07127970845745672,0.0,0.0,2.0,0.0,0.5,0.5,0.0,0.0,0,0,0,0,0,0.0
H2_30,M,False,4-1-4-1,5,1,1,1,1,0,4,1,4,1,74,37,2,0.0,0.0,2.0,0.0,1.0,1,7,1,6,3,8,2.0,0.3076923076923077,0.2692307692307692,0.4230769230769231,0.2,0.3333333333333333,0.6,8.442642112340542,25.327926337021626,0.0,0.3310834068596303,0.0,3.0,0.5,0.0,0.0,0.5,0.0,1,1,1,0,1,1.0
H1_15,M,False,4-1-4-1,2,1,1,0,1,0,4,1,4,1,14,10,1,24.985934448160535,60.97211577805591,2.0,2.0,1.0,2,5,0,1,0,0,2.0,0.875,0.125,0.0,1.0,0.8333333333333334,0.0,11.956895813160775,47.8275832526431,0.8986242287442585,0.2612084151960546,12.492967224080267,4.0,1.0,3.5,1.0,0.5,1.0,1,0,0,0,0,0.0
H1_30,M,False,4-1-4-1,3,1,1,0,1,0,4,1,4,1,29,15,3,0.0,35.00806258100205,1.0,1.0,0.0,2,8,0,1,1,0,2.0,0.8333333333333334,0.08333333333333333,0.08333333333333333,0.6666666666666666,0.8888888888888888,0.3333333333333333,13.762000645250513,27.524001290501026,0.6359551834689801,0.3640448165310199,0.0,2.0,0.5,1.5,0.5,0.5,0.5,1,0,0,0,0,0.0
H1_45,M,False,4-1-4-1,7,2,1,1,2,0,4,1,4,1,44,19,3,16.895907692307695,8.485102702702703,2.0,1.0,2.0,3,9,2,3,2,0,2.0,0.631578947368421,0.2631578947368421,0.10526315789473684,0.42857142857142855,0.75,0.2857142857142857,17.99895726314042,62.99635042099146,0.2014482602991634,0.7949014082797596,16.895907692307695,3.5,2.0,1.0,0.5,1.0,0.5,2,0,0,1,1,0.5
H2_15,M,False,4-1-4-1,9,2,1,1,2,0,4,1,4,1,59,21,4,0.0,33.49956827586207,2.0,1.0,2.0,3,12,4,4,2,2,2.0,0.5555555555555556,0.2962962962962963,0.14814814814814814,0.3333333333333333,0.6666666666666666,0.2222222222222222,18.291184218394346,73.16473687357738,0.22893247285059298,0.4691454245845338,0.0,4.0,1.0,1.5,1.0,1.0,0.5,2,0,0,1,1,0.5
H2_30,M,False,4-1-4-1,9,2,1,1,2,0,4,1,4,1,74,27,4,0.0,33.97456704402515,2.0,1.0,0.0,3,15,4,6,2,3,2.0,0.5454545454545454,0.30303030303030304,0.15151515151515152,0.3333333333333333,0.625,0.2222222222222222,10.838094395348065,32.514283186044196,0.5224560364690393,0.0,0.0,3.0,0.0,1.5,0.5,0.0,0.5,2,0,0,1,1,0.5
H1_15,M,False,4-1-4-1,1,0,0,0,0,0,4,1,4,1,14,11,0,0.0,11.967594179894178,1.0,1.0,1.0,0,2,1,0,0,1,1.0,0.5,0.25,0.25,0.0,0.6666666666666666,0.0,10.414046453876235,41.65618581550494,0.28729452650558546,0.5109208650791025,0.0,4.0,1.0,2.0,1.0,1.0,1.0,0,0,0,0,0,0.0
H1_30,M,False,4-1-4-1,2,1,0,1,1,0,4,1,4,1,29,25,0,0.0,0.0,2.0,0.0,1.0,0,2,1,3,1,2,2.0,0.2222222222222222,0.4444444444444444,0.3333333333333333,0.0,0.2857142857142857,0.5,13.976803482690178,34.942008706725446,0.0,0.272883051665483,0.0,2.5,0.5,0.0,0.0,0.5,0.0,1,0,0,0,1,1.0
H1_45,M,False,4-1-4-1,5,1,0,1,1,0,4,1,4,1,44,32,2,0.0,0.0,1.0,0.0,1.0,0,2,2,4,3,5,2.0,0.125,0.375,0.5,0.0,0.18181818181818182,0.6,14.684902455979579,102.79431719185705,0.0,0.4165987748036784,0.0,7.0,3.0,0.0,0.0,1.0,0.0,1,0,0,0,1,1.0
H2_15,M,False,4-1-4-1,7,1,0,1,1,0,4,1,4,1,59,42,3,0.0,0.0,1.0,0.0,1.0,0,2,3,6,4,7,2.0,0.09090909090909091,0.4090909090909091,0.5,0.0,0.13333333333333333,0.5714285714285714,18.733873038424562,112.40323823054737,0.0,0.49907270712074364,0.0,6.0,2.0,0.0,0.0,1.0,0.0,1,0,0,0,1,1.0
H2_30,M,False,4-1-4-1,8,1,0,1,1,0,4,1,4,1,74,49,4,0.0,0.0,1.0,0.0,1.0,0,2,4,9,4,8,2.0,0.07407407407407407,0.48148148148148145,0.4444444444444444,0.0,0.10526315789473684,0.5,11.095909705539302,55.479548527696515,0.0,0.31182780020522244,0.0,5.0,1.0,0.0,0.0,1.0,0.0,1,0,0,0,1,1.0
H1_15,A,False,4-1-4-1,2,0,0,0,0,1,4,1,4,1,14,0,0,15.601194871794872,36.57936017669044,1.0,1.0,1.0,2,3,0,1,0,0,2.0,0.8333333333333334,0.16666666666666666,0.0,1.0,0.75,0.0,10.995235036816519,32.98570511044956,0.7909570960172534,0.23648418033744809,7.800597435897436,3.0,1.0,2.5,1.0,0.5,0.5,0,0,0,0,0,0.0
H1_30,A,False,4-1-4-1,7,1,1,1,1,0,4,1,4,1,29,4,0,15.73036153846154,29.743488506270992,2.0,1.0,2.0,3,7,4,7,0,0,2.0,0.47619047619047616,0.5238095238095238,0.0,0.42857142857142855,0.5,0.0,11.780992823456566,88.35744617592425,0.2573289066899452,0.34734619011843926,15.73036153846154,7.5,2.5,2.5,1.0,1.0,0.5,1,1,0,0,1,1.0
H1_45,A,False,4-1-4-1,9,1,1,1,1,0,4,1,4,1,44,7,0,35.089353025641024,37.223549999999996,2.0,1.0,2.0,5,9,4,10,0,2,2.0,0.4666666666666667,0.4666666666666667,0.06666666666666667,0.5555555555555556,0.42857142857142855,0.0,14.141628377123656,63.63732769705645,0.568164202069298,0.275697882795164,17.544676512820512,4.5,1.0,2.0,1.0,1.0,0.5,1,1,0,0,1,1.0
H2_15,A,False,4-1-4-1,13,1,1,1,1,0,4,1,4,1,59,7,0,29.4905174733388,58.24457990920731,2.0,2.0,2.0,7,12,6,11,0,2,2.0,0.5,0.4473684210526316,0.05263157894736842,0.5384615384615384,0.48,0.0,14.288784104706808,57.15513641882723,0.767517172381778,0.44269712312135817,14.7452587366694,4.0,2.0,2.5,1.0,1.0,1.0,1,1,0,0,1,1.0
H1_15,M,False,4-1-4-1,0,0,0,0,0,0,4,1,4,1,14,8,0,0.0,95.42661478497209,2.0,2.0,0.0,0,6,0,9,0,1,2.0,0.375,0.5625,0.0625,0.0,0.375,0.0,11.546788413103112,92.3743073048249,0.5165214093031026,0.0,0.0,8.0,0.0,3.0,1.0,0.0,1.0,0,0,0,0,0,0.0
H1_30,M,False,4-1-4-1,1,0,0,0,0,0,4,1,4,1,29,21,0,0.0,36.092589999999994,1.0,1.0,1.0,0,9,1,11,0,2,2.0,0.391304347826087,0.5217391304347826,0.08695652173913043,0.0,0.4090909090909091,0.0,10.819860942295238,37.86951329803333,0.47653886803285617,0.2272323982657507,0.0,3.5,0.5,1.5,1.0,0.5,0.5,0,0,0,0,0,0.0
H1_45,M,False,4-1-4-1,1,1,1,1,1,0,4,1,4,1,44,28,0,0.0,30.620900909090906,2.0,1.0,0.0,0,12,1,13,0,2,2.0,0.42857142857142855,0.5,0.07142857142857142,0.0,0.4444444444444444,0.0,11.522838643356643,28.807096608391607,0.5314819005427109,0.0,0.0,2.5,0.0,1.5,1.0,0.0,0.5,1,0,0,0,1,1.0
H2_30,M,False,4-1-4-1,3,0,0,0,0,0,4,1,4,1,9,8,0,16.15507142857143,51.98344219264963,2.0,2.0,1.0,1,6,2,5,0,1,2.0,0.4666666666666667,0.4666666666666667,0.06666666666666667,0.3333333333333333,0.5,0.0,11.042642026851006,82.81981520138254,0.4113660085786065,0.2252416238241329,16.15507142857143,7.5,1.5,3.5,1.0,0.5,1.0,0,0,0,0,0,0.0
H1_15,M,False,4-1-4-1,4,0,0,0,0,0,4,1,4,1,14,6,0,44.475026903205716,17.537566555183943,2.0,1.0,2.0,3,3,1,3,0,0,2.0,0.6,0.4,0.0,0.75,0.5,0.0,13.126984935122517,65.63492467561258,0.4724054591734083,0.47253120608506377,14.825008967735238,5.0,2.0,3.0,1.0,1.0,0.5,0,0,0,0,0,0.0
H1_30,M,False,4-1-4-1,5,0,0,0,0,0,4,1,4,1,29,12,1,0.0,35.837375702075704,2.0,1.0,1.0,3,5,1,5,1,1,2.0,0.5,0.375,0.125,0.6,0.45454545454545453,0.2,15.643596807162462,46.93079042148739,0.38181091113338106,0.10878015995553074,0.0,3.0,0.5,1.0,0.5,0.5,0.5,0,0,0,0,0,0.0
H1_45,M,False,4-1-4-1,7,0,0,0,0,0,4,1,4,1,44,20,2,15.603646153846157,24.248291746031743,2.0,1.0,2.0,4,7,2,7,1,2,2.0,0.4782608695652174,0.391304347826087,0.13043478260869565,0.5714285714285714,0.4375,0.14285714285714285,14.070785438922812,49.24774903622984,0.4046066945167405,0.21881194602962023,15.603646153846157,3.5,1.0,1.5,1.0,1.0,0.5,0,0,0,0,0,0.0
H2_15,M,False,4-1-4-1,7,0,0,0,0,0,4,1,4,1,59,25,3,0.0,9.1611,1.0,0.0,0.0,4,8,2,9,1,5,2.0,0.41379310344827586,0.3793103448275862,0.20689655172413793,0.5714285714285714,0.36363636363636365,0.14285714285714285,21.878911086575954,65.63673325972786,0.06978637985949929,0.0,0.0,3.0,0.0,0.5,0.5,0.0,0.0,0,0,0,0,0,0.0
H1_15,D,False,4-1-4-1,4,0,0,0,0,0,4,1,4,1,14,11,0,46.42184312174069,41.798383557253786,2.0,1.0,2.0,2,4,2,3,0,0,2.0,0.5454545454545454,0.45454545454545453,0.0,0.5,0.5714285714285714,0.0,14.7194064497714,80.9567354737427,0.5448603267087494,0.5609829857797467,23.210921560870347,5.5,2.0,3.0,0.5,1.0,0.5,0,0,0,0,0,0.0
H1_30,D,False,4-1-4-1,7,0,0,0,0,0,4,1,4,1,29,15,2,10.789271794871793,23.689836453201977,2.0,1.0,2.0,3,6,2,3,2,2,2.0,0.5,0.2777777777777778,0.2222222222222222,0.42857142857142855,0.5454545454545454,0.2857142857142857,10.449055183076542,36.5716931407679,0.47139064788934476,0.36905293587966836,10.789271794871793,3.5,1.5,1.5,0.5,1.0,0.5,0,0,0,0,0,0.0
H1_45,D,False,4-1-4-1,8,0,0,0,0,0,4,1,4,1,44,18,3,0.0,8.565694736842104,2.0,0.0,1.0,3,7,3,8,2,6,2.0,0.3448275862068966,0.3793103448275862,0.27586206896551724,0.375,0.3333333333333333,0.25,12.613951064463906,69.37673085455148,0.061733196644852786,0.0849992692929629,0.0,5.5,0.5,0.5,0.5,0.5,0.0,0,0,0,0,0,0.0
H2_30,A,False,4-1-4-1,1,1,0,1,1,0,4,1,4,1,9,1,0,0.0,56.47551346478859,2.0,2.0,1.0,0,5,0,1,1,1,2.0,0.625,0.125,0.25,0.0,0.7142857142857143,1.0,10.26727950055889,41.06911800223556,0.687566670675937,0.16051422817063998,0.0,4.0,0.5,2.5,1.0,0.5,1.0,1,1,0,0,1,1.0
H2_15,M,False,4-1-4-1,0,0,0,0,0,0,4,1,4,1,1,1,0,0.0,0.0,0.0,0.0,0.0,0,0,0,2,0,0,2.0,0.0,1.0,0.0,0.0,0.0,0.0,28.859400289017344,28.859400289017344,0.0,0.0,0.0,1.0,0.0,0.0,0.0,0.0,0.0,0,0,0,0,0,0.0
H2_30,M,False,4-1-4-1,1,1,1,1,1,0,4,1,4,1,16,8,1,9.78617142857143,53.01283328821654,2.0,1.0,1.0,1,6,0,8,0,0,2.0,0.4666666666666667,0.5333333333333333,0.0,1.0,0.42857142857142855,0.0,12.198353528025935,79.28929793216858,0.3960118600779646,0.06171180527379262,9.78617142857143,6.5,0.5,3.5,1.0,0.5,0.5,1,0,0,0,1,1.0
H2_15,D,False,4-1-4-1,4,0,0,0,0,0,4,1,4,1,14,1,0,0.0,5.372945454545454,2.0,0.0,2.0,0,1,2,5,2,1,2.0,0.09090909090909091,0.6363636363636364,0.2727272727272727,0.0,0.14285714285714285,0.5,12.780347522478245,70.29191137363034,0.03821880319903413,0.4477024435264353,0.0,5.5,2.0,0.5,0.5,1.0,0.0,0,0,0,0,0,0.0
H2_30,D,False,4-1-4-1,7,0,0,0,0,0,4,1,4,1,29,5,1,0.0,21.746179047619048,2.0,0.0,2.0,0,3,4,11,3,3,2.0,0.125,0.625,0.25,0.0,0.17647058823529413,0.42857142857142855,11.312030666749841,73.52819933387397,0.14787645586746148,0.27414345672719787,0.0,6.5,1.5,1.0,1.0,1.0,0.0,0,0,0,0,0,0.0
H1_15,G,True,4-4-2,0,0,0,0,0,0,4,4,2,0,14,3,4,0.0,0.0,0.0,0.0,0.0,0,0,0,0,0,0,0.0,0.0,0.0,0.0,0.0,0.0,0.0,0.0,0.0,0.0,0.0,0.0,0.0,0.0,0.0,0.0,0.0,0.0,0,0,0,0,0,0.0
H1_30,G,True,4-4-2,0,0,0,0,0,0,4,4,2,0,29,5,8,0.0,0.0,0.0,0.0,0.0,0,0,0,0,0,0,0.0,0.0,0.0,0.0,0.0,0.0,0.0,0.0,0.0,0.0,0.0,0.0,0.0,0.0,0.0,0.0,0.0,0.0,0,0,0,0,0,0.0
H1_45,G,True,4-4-2,1,0,0,0,0,0,4,4,2,0,44,14,24,0.0,0.0,0.0,0.0,0.0,0,0,1,0,0,0,1.0,0.0,1.0,0.0,0.0,0.0,0.0,8.249999999999998,8.249999999999998,0.0,1.0,0.0,1.0,1.0,0.0,0.0,1.0,0.0,0,0,0,0,0,0.0
H2_15,G,True,4-4-2,1,0,0,0,0,0,4,4,2,0,59,15,33,0.0,0.0,0.0,0.0,0.0,0,0,1,0,0,0,1.0,0.0,1.0,0.0,0.0,0.0,0.0,0.0,0.0,0.0,0.0,0.0,0.0,0.0,0.0,0.0,0.0,0.0,0,0,0,0,0,0.0
H2_30,G,True,4-4-2,1,0,0,0,0,0,4,4,2,0,74,15,35,0.0,0.0,0.0,0.0,0.0,0,0,1,0,0,0,1.0,0.0,1.0,0.0,0.0,0.0,0.0,0.0,0.0,0.0,0.0,0.0,0.0,0.0,0.0,0.0,0.0,0.0,0,0,0,0,0,0.0
H1_15,D,True,4-4-2,2,0,0,0,0,0,4,4,2,0,14,11,2,9.831634285714289,31.35409708565072,2.0,1.0,2.0,1,3,1,2,0,3,2.0,0.4,0.3,0.3,0.5,0.375,0.0,10.82180173854327,54.10900869271635,0.38058109330054174,0.17809896267097836,9.831634285714289,5.0,1.0,2.0,1.0,1.0,0.5,0,0,0,0,0,0.0
H1_30,D,True,4-4-2,3,0,0,0,0,0,4,4,2,0,29,24,8,0.0,16.802114159941304,2.0,0.0,1.0,1,5,2,5,0,5,2.0,0.3333333333333333,0.3888888888888889,0.2777777777777778,0.3333333333333333,0.3333333333333333,0.0,10.207053725128208,40.82821490051283,0.20576596602231387,0.2309486859423463,0.0,4.0,0.5,1.0,1.0,0.5,0.0,0,0,0,0,0,0.0
H1_45,D,True,4-4-2,3,0,0,0,0,0,4,4,2,0,44,33,12,0.0,0.0,2.0,0.0,0.0,1,5,2,11,0,9,2.0,0.21428571428571427,0.4642857142857143,0.32142857142857145,0.3333333333333333,0.2,0.0,11.714785411678434,58.57392705839217,0.0,0.0,0.0,5.0,0.0,0.0,0.0,0.0,0.0,0,0,0,0,0,0.0
H2_15,D,True,4-4-2,4,0,0,0,0,0,4,4,2,0,59,40,26,16.295033962264153,0.0,1.0,0.0,0.0,2,5,2,12,0,12,2.0,0.21212121212121213,0.42424242424242425,0.36363636363636365,0.5,0.1724137931034483,0.0,11.574775574278135,28.936938935695338,0.2815611215560073,0.2815611215560073,16.295033962264153,2.5,0.5,0.5,0.5,0.5,0.0,0,0,0,0,0,0.0
H2_30,D,True,4-4-2,6,0,0,0,0,0,4,4,2,0,74,45,31,0.0,42.73750222222222,2.0,1.0,2.0,2,8,3,15,1,14,2.0,0.23255813953488372,0.4186046511627907,0.3488372093023256,0.3333333333333333,0.21621621621621623,0.16666666666666666,11.628948157894737,58.14474078947368,0.36750961172019936,0.1800296073500807,0.0,5.0,1.0,1.5,1.0,1.0,0.5,0,0,0,0,0,0.0
H1_15,D,True,4-4-2,1,0,0,0,0,0,4,4,2,0,14,8,2,0.0,53.09049425807457,2.0,1.0,1.0,0,4,0,2,1,2,2.0,0.4444444444444444,0.2222222222222222,0.3333333333333333,0.0,0.5,1.0,16.983964002183917,76.42783800982762,0.34732432344382047,0.10819845607840876,0.0,4.5,0.5,2.0,0.5,0.5,0.5,0,0,0,0,0,0.0
H1_30,D,True,4-4-2,4,0,0,0,0,0,4,4,2,0,29,17,2,6.81984,36.645760755697054,2.0,1.0,1.0,1,9,1,9,2,4,2.0,0.38461538461538464,0.38461538461538464,0.23076923076923078,0.25,0.4090909090909091,0.5,11.656295589327046,99.07851250927989,0.2193492799542483,0.16684693525316943,6.81984,8.5,1.5,3.0,1.0,0.5,0.5,0,0,0,0,0,0.0
H1_45,D,True,4-4-2,5,0,0,0,0,0,4,4,2,0,44,21,7,40.234145185185184,37.35695189765458,2.0,2.0,1.0,2,12,1,13,2,5,2.0,0.4,0.4,0.2,0.4,0.4,0.4,14.821593756148408,66.69717190266783,0.5816670697527444,0.3016180749305193,40.234145185185184,4.5,0.5,2.0,1.0,0.5,1.0,0,0,0,0,0,0.0
H2_15,D,True,4-4-2,9,0,0,0,0,0,4,4,2,0,59,28,10,28.30179459980713,31.128732203389827,1.0,1.0,1.0,4,14,3,17,2,5,2.0,0.4,0.4444444444444444,0.15555555555555556,0.4444444444444444,0.3888888888888889,0.2222222222222222,14.602884716899812,73.01442358449906,0.40697799068713075,0.4392968331075212,14.150897299903566,5.0,2.0,2.0,1.0,1.0,0.5,0,0,0,0,0,0.0
H2_30,D,True,4-4-2,11,0,0,0,0,0,4,4,2,0,74,36,11,6.496349999999999,24.27612903225806,2.0,1.0,2.0,5,15,4,23,2,7,2.0,0.35714285714285715,0.48214285714285715,0.16071428571428573,0.45454545454545453,0.3333333333333333,0.18181818181818182,12.622602120430901,69.42431166236996,0.22162610111219624,0.14483399678221084,6.496349999999999,5.5,1.0,1.0,0.5,1.0,0.5,0,0,0,0,0,0.0
H1_15,M,True,4-4-2,1,0,0,0,0,0,4,4,2,0,14,13,2,0.0,17.76907894736842,1.0,0.0,1.0,0,1,1,3,0,3,2.0,0.125,0.5,0.375,0.0,0.14285714285714285,0.0,14.320255439593938,57.28102175837575,0.15510441680250045,0.09878847873680902,0.0,4.0,0.5,0.5,0.5,0.5,0.0,0,0,0,0,0,0.0
H1_30,M,True,4-4-2,1,0,0,0,0,0,4,4,2,0,29,28,8,0.0,38.42197768707483,2.0,1.0,0.0,0,3,1,10,0,4,2.0,0.16666666666666666,0.6111111111111112,0.2222222222222222,0.0,0.17647058823529413,0.0,17.122067731194395,85.61033865597197,0.22440033698193182,0.0,0.0,5.0,0.0,1.0,0.5,0.0,0.5,0,0,0,0,0,0.0
H1_45,M,True,4-4-2,1,0,0,0,0,0,4,4,2,0,44,34,21,0.0,30.134145460071842,2.0,1.0,0.0,0,6,1,14,0,6,2.0,0.2222222222222222,0.5555555555555556,0.2222222222222222,0.0,0.23076923076923078,0.0,13.298861660211488,59.844877470951694,0.2517687957060214,0.0,0.0,4.5,0.0,1.5,0.5,0.0,0.5,0,0,0,0,0,0.0
H2_15,M,True,4-4-2,1,0,0,0,0,0,4,4,2,0,59,43,22,0.0,17.172446753246753,1.0,0.0,0.0,0,7,1,15,0,7,2.0,0.23333333333333334,0.5333333333333333,0.23333333333333334,0.0,0.2413793103448276,0.0,13.053563203463204,19.580344805194805,0.43851236850259095,0.0,0.0,1.5,0.0,0.5,0.5,0.0,0.0,0,0,0,0,0,0.0
H2_30,M,True,4-4-2,1,0,0,0,0,0,4,4,2,0,74,46,24,0.0,11.35123404255319,1.0,0.0,0.0,0,8,1,17,0,8,2.0,0.23529411764705882,0.5294117647058824,0.23529411764705882,0.0,0.24242424242424243,0.0,19.36431341952839,77.45725367811356,0.14654836704803814,0.0,0.0,4.0,0.0,1.0,1.0,0.0,0.0,0,0,0,0,0,0.0
H1_15,D,True,4-4-2,0,0,0,0,0,0,4,4,2,0,14,9,2,0.0,0.0,1.0,0.0,0.0,0,0,0,3,0,1,1.0,0.0,0.75,0.25,0.0,0.0,0.0,9.79249771408315,39.1699908563326,0.0,0.0,0.0,4.0,0.0,0.0,0.0,0.0,0.0,0,0,0,0,0,0.0
H1_30,D,True,4-4-2,1,0,0,0,0,0,4,4,2,0,29,19,6,0.0,0.0,1.0,0.0,1.0,0,0,0,5,1,3,1.0,0.0,0.5555555555555556,0.4444444444444444,0.0,0.0,1.0,11.47167488888889,57.35837444444445,0.0,0.14331205767744423,0.0,5.0,1.0,0.0,0.0,1.0,0.0,0,0,0,0,0,0.0
H1_45,D,True,4-4-2,2,0,0,0,0,0,4,4,2,0,44,25,17,0.0,8.398444444444443,1.0,0.0,1.0,0,1,1,8,1,6,1.0,0.058823529411764705,0.5294117647058824,0.4117647058823529,0.0,0.06666666666666667,0.5,11.636738227016593,93.09390581613275,0.0902147607925269,0.21634188180920197,0.0,8.0,1.0,1.0,1.0,1.0,0.0,0,0,0,0,0,0.0
H2_15,D,True,4-4-2,2,0,0,0,0,0,4,4,2,0,59,35,18,0.0,0.0,1.0,0.0,0.0,0,1,1,10,1,8,2.0,0.047619047619047616,0.5238095238095238,0.42857142857142855,0.0,0.05263157894736842,0.5,10.530584365079365,21.06116873015873,0.0,0.0,0.0,2.0,0.0,0.0,0.0,0.0,0.0,0,0,0,0,0,0.0
H2_30,D,True,4-4-2,2,1,0,1,1,0,4,4,2,0,74,40,18,0.0,0.0,1.0,0.0,0.0,0,1,1,14,1,9,2.0,0.038461538461538464,0.5769230769230769,0.38461538461538464,0.0,0.041666666666666664,0.5,9.726935336382537,48.63467668191269,0.0,0.0,0.0,5.0,0.0,0.0,0.0,0.0,0.0,1,0,1,0,1,1.0
H1_15,D,True,4-4-2,1,0,0,0,0,0,4,4,2,0,14,17,8,0.0,5.665384615384616,1.0,0.0,1.0,0,1,0,3,1,1,2.0,0.16666666666666666,0.5,0.3333333333333333,0.0,0.2,1.0,10.446611264159538,31.339833792478615,0.090386321971246,0.15015221477258783,0.0,3.0,0.5,0.5,0.5,0.5,0.0,0,0,0,0,0,0.0
H1_30,D,True,4-4-2,2,0,0,0,0,0,4,4,2,0,29,27,11,0.0,0.0,1.0,0.0,1.0,0,1,1,4,1,4,2.0,0.09090909090909091,0.45454545454545453,0.45454545454545453,0.0,0.1111111111111111,0.5,9.175762175679335,45.87881087839668,0.0,0.359355281159203,0.0,5.0,1.0,0.0,0.0,1.0,0.0,0,0,0,0,0,0.0
H1_45,D,True,4-4-2,4,0,0,0,0,0,4,4,2,0,44,32,21,16.229321428571428,9.30512,2.0,1.0,1.0,1,2,2,8,1,6,2.0,0.15,0.5,0.35,0.25,0.125,0.25,12.210817255663335,54.948677650485,0.23234809753739405,0.2537201647004685,16.229321428571428,4.5,1.0,1.0,0.5,0.5,0.5,0,0,0,0,0,0.0
H2_15,D,True,4-4-2,5,0,0,0,0,0,4,4,2,0,59,37,22,0.0,0.0,1.0,0.0,1.0,1,2,2,10,2,9,2.0,0.11538461538461539,0.46153846153846156,0.4230769230769231,0.2,0.09523809523809523,0.4,10.71272932757369,32.13818798272107,0.0,0.25762440265558706,0.0,3.0,0.5,0.0,0.0,0.5,0.0,0,0,0,0,0,0.0
H2_30,D,True,4-4-2,5,0,0,0,0,0,4,4,2,0,74,42,23,0.0,0.0,1.0,0.0,0.0,1,2,2,11,2,10,2.0,0.10714285714285714,0.4642857142857143,0.42857142857142855,0.2,0.08695652173913043,0.4,8.448220255319146,16.896440510638293,0.0,0.0,0.0,2.0,0.0,0.0,0.0,0.0,0.0,0,0,0,0,0,0.0
H1_15,M,True,4-4-2,1,0,0,0,0,0,4,4,2,0,14,9,6,11.44572,46.81561727002918,2.0,1.0,1.0,1,5,0,4,0,1,2.0,0.5454545454545454,0.36363636363636365,0.09090909090909091,1.0,0.5,0.0,15.28275585265232,84.05515718958776,0.3465661074109932,0.06808457911858992,11.44572,5.5,0.5,3.0,1.0,0.5,0.5,0,0,0,0,0,0.0
H1_30,M,True,4-4-2,3,1,1,1,1,0,4,4,2,0,29,15,7,25.980594570135747,31.338336249999998,2.0,2.0,2.0,3,8,0,8,0,2,2.0,0.5238095238095238,0.38095238095238093,0.09523809523809523,1.0,0.4444444444444444,0.0,14.841745593814816,74.20872796907408,0.3862007366843896,0.175050801173704,12.990297285067873,5.0,1.0,2.5,1.0,1.0,1.0,1,0,0,0,1,1.0
H1_45,M,True,4-4-2,4,1,1,1,1,0,4,4,2,0,44,21,23,0.0,42.18674341890667,1.0,1.0,1.0,3,12,0,13,1,2,2.0,0.4838709677419355,0.41935483870967744,0.0967741935483871,0.75,0.4444444444444444,0.25,11.646411205118817,58.23205602559408,0.36222955446021693,0.13431049845038412,0.0,5.0,0.5,2.0,1.0,0.5,0.5,1,0,0,0,1,1.0
H2_15,M,True,4-4-2,7,1,1,1,1,0,4,4,2,0,59,29,24,25.029589964157708,28.797489318996412,2.0,2.0,2.0,5,15,0,14,2,4,2.0,0.5,0.35,0.15,0.7142857142857143,0.45454545454545453,0.2857142857142857,11.417392154615523,51.37826469576986,0.5238312309873118,0.3164040548008929,12.514794982078854,4.5,1.5,2.5,1.0,1.0,1.0,1,0,0,0,1,1.0
H2_30,M,True,4-4-2,12,1,1,1,1,0,4,4,2,0,74,34,26,7.449481481481481,73.49134813758705,2.0,2.0,2.0,6,20,3,17,3,9,2.0,0.4482758620689655,0.3448275862068966,0.20689655172413793,0.5,0.43478260869565216,0.25,11.877807469123486,106.90026722211137,0.3785810443808069,0.32420034132471476,7.449481481481481,9.0,2.5,3.0,1.0,1.0,1.0,1,0,0,0,1,1.0
H2_30,M,True,4-4-2,1,0,0,0,0,0,4,4,2,0,12,7,1,0.0,29.423159093385642,2.0,1.0,1.0,0,3,1,5,0,0,2.0,0.3333333333333333,0.6666666666666666,0.0,0.0,0.375,0.0,11.284583728276631,50.78062677724484,0.28970850657726,0.11000693388713358,0.0,4.5,0.5,1.5,1.0,0.5,0.5,0,0,0,0,0,0.0
H2_30,A,True,4-4-2,1,1,0,1,1,0,4,4,2,0,12,4,0,0.0,26.015159999999998,2.0,1.0,1.0,0,2,1,6,0,0,2.0,0.2222222222222222,0.7777777777777778,0.0,0.0,0.25,0.0,10.803634409000345,48.61635484050156,0.26755564136132187,0.09962551548043493,0.0,4.5,0.5,1.0,0.5,0.5,0.5,1,1,1,0,1,1.0
H1_15,A,True,4-4-2,0,0,0,0,0,0,4,4,2,0,14,7,1,0.0,53.89062947954126,2.0,2.0,0.0,0,6,0,3,0,1,2.0,0.6,0.3,0.1,0.0,0.6,0.0,12.123596430298285,60.617982151491425,0.4445102555943076,0.0,0.0,5.0,0.0,3.0,1.0,0.0,1.0,0,0,0,0,0,0.0
H1_30,A,True,4-4-2,1,0,0,0,0,0,4,4,2,0,29,18,3,0.0,63.743451806722696,2.0,2.0,1.0,0,12,1,6,0,1,2.0,0.6,0.35,0.05,0.0,0.631578947368421,0.0,11.880560840148283,59.402804200741414,0.5365357129548365,0.12383071414959995,0.0,5.0,0.5,3.0,1.0,0.5,1.0,0,0,0,0,0,0.0
H1_45,A,True,4-4-2,2,0,0,0,0,0,4,4,2,0,44,24,14,0.0,32.41572295807978,2.0,1.0,1.0,0,16,2,10,0,2,2.0,0.5333333333333333,0.4,0.06666666666666667,0.0,0.5714285714285714,0.0,12.420901112539648,62.104505562698236,0.2609772243122857,0.3662079124093943,0.0,5.0,0.5,2.0,1.0,0.5,0.5,0,0,0,0,0,0.0
H2_15,A,True,4-4-2,5,0,0,0,0,0,4,4,2,0,59,27,19,10.659115789473685,74.47446810918171,2.0,2.0,2.0,1,22,3,12,1,2,2.0,0.5609756097560976,0.36585365853658536,0.07317073170731707,0.2,0.6111111111111112,0.2,11.861912436455299,65.24051840050414,0.6524594376766749,0.28229983409166387,10.659115789473685,5.5,1.5,3.5,1.0,1.0,1.0,0,0,0,0,0,0.0
H1_15,M,True,4-4-2,0,1,0,1,1,1,4,4,2,0,14,14,4,0.0,24.330171151515152,1.0,1.0,0.0,0,2,0,0,0,1,2.0,0.6666666666666666,0.0,0.3333333333333333,0.0,0.6666666666666666,0.0,11.848780454760368,17.773170682140552,0.6844634417415298,0.0,0.0,1.5,0.0,1.0,0.5,0.0,0.5,1,0,0,1,1,1.0
H1_30,M,True,4-4-2,0,2,1,2,2,0,4,4,2,0,29,25,9,0.0,24.959341700404856,2.0,1.0,0.0,0,5,0,5,0,1,2.0,0.45454545454545453,0.45454545454545453,0.09090909090909091,0.0,0.45454545454545453,0.0,11.802376274702741,47.209505098810965,0.26434657224391755,0.0,0.0,4.0,0.0,1.5,1.0,0.0,0.5,2,0,0,1,2,1.0
H1_45,M,True,4-4-2,4,2,1,2,2,0,4,4,2,0,44,34,25,17.540852459016392,39.03829049707602,2.0,1.0,2.0,1,8,2,10,1,5,2.0,0.3333333333333333,0.4444444444444444,0.2222222222222222,0.25,0.34782608695652173,0.25,11.112217812646902,88.89774250117522,0.3182259828214673,0.37013562197218897,17.540852459016392,8.0,2.0,2.0,1.0,1.0,0.5,2,0,0,1,2,1.0
H2_15,M,True,4-4-2,4,2,1,2,2,0,4,4,2,0,59,40,30,0.0,48.75768483625875,2.0,1.0,0.0,1,12,2,13,1,6,2.0,0.37142857142857144,0.42857142857142855,0.2,0.25,0.3870967741935484,0.25,11.275944497412292,45.10377798964917,0.5405055519678209,0.0,0.0,4.0,0.0,2.0,1.0,0.0,0.5,2,0,0,1,2,1.0
H2_30,M,True,4-4-2,4,3,2,3,3,0,4,4,2,0,74,46,33,0.0,28.303296969696977,1.0,0.0,0.0,1,14,2,16,1,6,2.0,0.375,0.45,0.175,0.25,0.3888888888888889,0.25,15.430837840950868,38.57709460237717,0.36684070251305145,0.0,0.0,2.5,0.0,1.0,1.0,0.0,0.0,3,0,0,1,3,1.0
H1_15,M,True,4-4-2,2,0,0,0,0,0,4,4,2,0,14,12,1,0.0,67.61794479825386,2.0,2.0,1.0,0,6,0,3,2,2,2.0,0.46153846153846156,0.23076923076923078,0.3076923076923077,0.0,0.5454545454545454,1.0,12.710838378282403,82.62044945883562,0.4092082846386806,0.17200487899480965,0.0,6.5,1.0,3.0,1.0,0.5,1.0,0,0,0,0,0,0.0
H1_30,M,True,4-4-2,5,0,0,0,0,0,4,4,2,0,29,18,7,9.110125,19.661468717948722,2.0,1.0,2.0,1,8,2,8,2,4,2.0,0.36,0.4,0.24,0.2,0.4,0.4,12.997792536890657,77.98675522134394,0.18446461605107475,0.1821020319489112,9.110125,6.0,1.5,1.5,0.5,1.0,0.5,0,0,0,0,0,0.0
H1_45,M,True,4-4-2,9,0,0,0,0,0,4,4,2,0,44,27,19,7.053846153846154,56.15491728632917,2.0,1.0,2.0,2,13,4,12,3,6,2.0,0.375,0.4,0.225,0.2222222222222222,0.41935483870967744,0.3333333333333333,12.76280943900099,95.72107079250742,0.3301716274005733,0.29819681084114763,7.053846153846154,7.5,2.0,3.0,0.5,1.0,0.5,0,0,0,0,0,0.0
H2_15,M,True,4-4-2,11,0,0,0,0,0,4,4,2,0,59,33,23,26.87784465116279,57.66004963370692,2.0,2.0,1.0,4,18,4,17,3,8,2.0,0.4074074074074074,0.3888888888888889,0.2037037037037037,0.36363636363636365,0.4186046511627907,0.2727272727272727,13.655316486789149,95.58721540752404,0.44220293438015235,0.14059330286258725,13.438922325581395,7.0,1.0,3.5,1.0,0.5,1.0,0,0,0,0,0,0.0
H2_30,M,True,4-4-2,12,1,0,1,1,0,4,4,2,0,74,40,24,0.0,4.478095238095238,1.0,0.0,1.0,4,19,5,19,3,8,2.0,0.39655172413793105,0.41379310344827586,0.1896551724137931,0.3333333333333333,0.41304347826086957,0.25,12.247578535907579,24.495157071815157,0.09140776735920313,0.3389505626922696,0.0,2.0,0.5,0.5,0.5,0.5,0.0,1,0,0,0,1,1.0
H1_15,A,True,4-4-2,2,1,1,1,1,0,4,4,2,0,14,13,1,0.0,25.998900657894737,2.0,1.0,1.0,0,2,2,4,0,3,2.0,0.18181818181818182,0.5454545454545454,0.2727272727272727,0.0,0.2222222222222222,0.0,17.206540013860046,94.63597007623025,0.13736267846650885,0.3148715767586545,0.0,5.5,1.0,1.0,0.5,0.5,0.5,1,0,0,0,1,1.0
H1_30,A,True,4-4-2,4,1,1,1,1,0,4,4,2,0,29,20,4,21.07665,36.6242282061369,2.0,1.0,2.0,1,5,3,6,0,3,2.0,0.3333333333333333,0.5,0.16666666666666666,0.25,0.35714285714285715,0.0,14.16257940282475,49.56902790988663,0.5820255171337378,0.39316529874453293,21.07665,3.5,1.0,2.0,1.0,1.0,0.5,1,0,0,0,1,1.0
H1_45,A,True,4-4-2,8,2,1,2,2,0,4,4,2,0,44,22,8,14.241,27.533338169934638,2.0,1.0,2.0,2,9,6,8,0,6,2.0,0.3548387096774194,0.45161290322580644,0.1935483870967742,0.25,0.391304347826087,0.0,12.79216949036185,83.14910168735203,0.25120137994400615,0.5345669079688156,14.241,6.5,2.0,2.5,1.0,1.0,0.5,2,0,0,0,2,1.0
H2_15,A,True,4-4-2,12,2,1,2,2,0,4,4,2,0,59,29,11,36.32815288718241,68.99122167978496,2.0,2.0,2.0,5,15,7,12,0,7,2.0,0.43478260869565216,0.41304347826086957,0.15217391304347827,0.4166666666666667,0.4411764705882353,0.0,10.172254059040794,76.29190544280596,0.6902395080820374,0.3076455555350612,12.109384295727471,7.5,2.0,4.5,1.0,1.0,1.0,2,0,0,0,2,1.0
H1_15,G,False,4-3-3,0,0,0,0,0,0,4,3,3,0,14,2,2,0.0,0.0,0.0,0.0,0.0,0,0,0,0,0,0,0.0,0.0,0.0,0.0,0.0,0.0,0.0,0.0,0.0,0.0,0.0,0.0,0.0,0.0,0.0,0.0,0.0,0.0,0,0,0,0,0,0.0
H1_30,G,False,4-3-3,0,0,0,0,0,0,4,3,3,0,29,4,5,0.0,0.0,0.0,0.0,0.0,0,0,0,1,0,0,1.0,0.0,1.0,0.0,0.0,0.0,0.0,4.608761904761906,4.608761904761906,0.0,0.0,0.0,1.0,0.0,0.0,0.0,0.0,0.0,0,0,0,0,0,0.0
H1_45,G,False,4-3-3,0,0,0,0,0,0,4,3,3,0,44,9,5,0.0,0.0,0.0,0.0,0.0,0,0,0,1,0,0,1.0,0.0,1.0,0.0,0.0,0.0,0.0,0.0,0.0,0.0,0.0,0.0,0.0,0.0,0.0,0.0,0.0,0.0,0,0,0,0,0,0.0
H2_15,G,False,4-3-3,0,0,0,0,0,0,4,3,3,0,59,10,5,0.0,0.0,0.0,0.0,0.0,0,0,0,1,0,0,1.0,0.0,1.0,0.0,0.0,0.0,0.0,0.0,0.0,0.0,0.0,0.0,0.0,0.0,0.0,0.0,0.0,0.0,0,0,0,0,0,0.0
H2_30,G,False,4-3-3,0,0,0,0,0,0,4,3,3,0,74,10,5,0.0,0.0,0.0,0.0,0.0,0,0,0,1,0,0,1.0,0.0,1.0,0.0,0.0,0.0,0.0,0.0,0.0,0.0,0.0,0.0,0.0,0.0,0.0,0.0,0.0,0.0,0,0,0,0,0,0.0
H2_30,D,False,4-3-3,3,0,0,0,0,0,4,3,3,0,13,0,2,0.0,10.784748936170212,2.0,0.0,2.0,0,1,3,3,0,4,2.0,0.09090909090909091,0.5454545454545454,0.36363636363636365,0.0,0.125,0.0,9.118748075695503,50.153114416325266,0.10751823751806412,0.3699010420711889,0.0,5.5,1.5,0.5,0.5,1.0,0.0,0,0,0,0,0,0.0
H1_15,D,False,4-3-3,0,1,0,1,1,0,4,3,3,0,14,2,5,0.0,0.0,0.0,0.0,0.0,0,0,0,2,0,0,2.0,0.0,1.0,0.0,0.0,0.0,0.0,13.541591522988504,13.541591522988504,0.0,0.0,0.0,1.0,0.0,0.0,0.0,0.0,0.0,1,0,1,0,1,1.0
H1_30,D,False,4-3-3,1,1,0,1,1,0,4,3,3,0,29,5,6,0.0,0.0,1.0,0.0,1.0,0,0,1,4,0,0,2.0,0.0,1.0,0.0,0.0,0.0,0.0,7.863076932976932,11.794615399465398,0.0,0.4430862945026004,0.0,1.5,0.5,0.0,0.0,0.5,0.0,1,0,1,0,1,1.0
H1_45,D,False,4-3-3,2,1,0,1,1,0,4,3,3,0,44,17,9,0.0,16.079514847942754,1.0,0.0,1.0,0,2,2,7,0,0,2.0,0.18181818181818182,0.8181818181818182,0.0,0.0,0.2222222222222222,0.0,14.990720781982057,44.972162345946174,0.17877186696352143,0.17529065957200074,0.0,3.0,0.5,1.0,1.0,0.5,0.0,1,0,1,0,1,1.0
H1_15,M,False,4-3-3,1,0,0,0,0,0,4,3,3,0,14,3,3,7.538459259259258,18.7788188034188,2.0,1.0,1.0,1,2,0,4,0,5,2.0,0.25,0.3333333333333333,0.4166666666666667,1.0,0.18181818181818182,0.0,11.01104217038538,66.06625302231228,0.19917338170964557,0.05705226885436749,7.538459259259258,6.0,0.5,1.5,0.5,0.5,0.5,0,0,0,0,0,0.0
H1_30,M,False,4-3-3,1,0,0,0,0,0,4,3,3,0,29,8,6,0.0,30.869196638655463,2.0,0.0,0.0,1,3,0,8,0,7,2.0,0.21052631578947367,0.42105263157894735,0.3684210526315789,1.0,0.16666666666666666,0.0,13.42765842206761,46.99680447723664,0.32841803801370434,0.0,0.0,3.5,0.0,0.5,0.5,0.0,0.0,0,0,0,0,0,0.0
H1_45,M,False,4-3-3,2,1,1,0,1,0,4,3,3,0,44,17,11,0.0,10.541226666666669,1.0,0.0,1.0,1,4,0,11,1,8,2.0,0.2,0.44,0.36,0.5,0.17391304347826086,0.5,13.290626431623933,39.871879294871796,0.13218873618558594,0.15362091413239068,0.0,3.0,0.5,0.5,0.5,0.5,0.0,1,0,1,0,0,0.0
H2_15,M,False,4-3-3,4,1,1,0,1,0,4,3,3,0,59,22,13,0.0,20.470123456790123,2.0,0.0,1.0,1,5,0,16,3,12,2.0,0.16216216216216217,0.43243243243243246,0.40540540540540543,0.25,0.15151515151515152,0.75,11.379669139725488,68.27801483835293,0.1499027432567628,0.16869717212282428,0.0,6.0,1.0,0.5,0.5,0.5,0.0,1,0,1,0,0,0.0
H2_30,M,False,4-3-3,5,1,1,0,1,0,4,3,3,0,74,25,13,0.0,0.0,1.0,0.0,1.0,1,5,0,19,4,13,2.0,0.14285714285714285,0.4523809523809524,0.40476190476190477,0.2,0.13513513513513514,0.8,10.704787161581573,26.76196790395393,0.0,0.1596439810445693,0.0,2.5,0.5,0.0,0.0,0.5,0.0,1,0,1,0,0,0.0
H1_15,D,False,4-3-3,0,0,0,0,0,0,4,3,3,0,14,0,7,0.0,0.0,1.0,0.0,0.0,0,0,0,0,0,2,1.0,0.0,0.0,1.0,0.0,0.0,0.0,6.990263616557733,13.980527233115467,0.0,0.0,0.0,2.0,0.0,0.0,0.0,0.0,0.0,0,0,0,0,0,0.0
H1_30,D,False,4-3-3,0,0,0,0,0,0,4,3,3,0,29,2,11,0.0,0.0,1.0,0.0,0.0,0,0,0,2,0,2,1.0,0.0,0.5,0.5,0.0,0.0,0.0,16.31647319109462,32.63294638218924,0.0,0.0,0.0,2.0,0.0,0.0,0.0,0.0,0.0,0,0,0,0,0,0.0
H1_45,D,False,4-3-3,0,0,0,0,0,0,4,3,3,0,44,9,15,0.0,15.614552380952382,1.0,0.0,0.0,0,1,0,3,0,6,1.0,0.1,0.3,0.6,0.0,0.1,0.0,12.36196754530557,74.17180527183342,0.21051870483300714,0.0,0.0,6.0,0.0,1.0,1.0,0.0,0.0,0,0,0,0,0,0.0
H2_15,D,False,4-3-3,1,0,0,0,0,0,4,3,3,0,59,11,21,0.0,0.0,1.0,0.0,1.0,0,1,0,5,1,9,1.0,0.0625,0.3125,0.625,0.0,0.06666666666666667,1.0,12.406731404901143,74.44038842940685,0.0,0.13653355826789434,0.0,6.0,1.0,0.0,0.0,1.0,0.0,0,0,0,0,0,0.0
H2_30,D,False,4-3-3,1,0,0,0,0,0,4,3,3,0,74,13,22,0.0,0.0,1.0,0.0,0.0,0,1,0,8,1,9,1.0,0.05263157894736842,0.42105263157894735,0.5263157894736842,0.0,0.05555555555555555,1.0,7.404323820612596,22.21297146183779,0.0,0.0,0.0,3.0,0.0,0.0,0.0,0.0,0.0,0,0,0,0,0,0.0
H1_15,A,False,4-3-3,1,1,0,1,1,0,4,3,3,0,14,3,12,14.18068333333333,34.70239725906278,2.0,1.0,1.0,1,4,0,4,0,1,2.0,0.5,0.4,0.1,1.0,0.4444444444444444,0.0,11.188088084613899,55.94044042306949,0.4369207698643452,0.12674804869327866,14.18068333333333,5.0,0.5,2.5,0.5,0.5,0.5,1,0,0,0,1,1.0
H1_30,A,False,4-3-3,1,1,0,1,1,0,4,3,3,0,29,8,23,0.0,20.982660784313726,2.0,1.0,0.0,1,7,0,6,0,2,2.0,0.5,0.375,0.125,1.0,0.4666666666666667,0.0,17.283364384366543,51.85009315309963,0.2023396633286412,0.0,0.0,3.0,0.0,1.5,1.0,0.0,0.5,1,0,0,0,1,1.0
H1_45,A,False,4-3-3,3,1,0,1,1,0,4,3,3,0,44,21,35,7.789885714285713,35.179428599060515,2.0,1.0,2.0,2,10,1,8,0,3,2.0,0.5,0.375,0.125,0.6666666666666666,0.47619047619047616,0.0,15.035948660673965,60.14379464269586,0.35722151028730126,0.21535072073112824,7.789885714285713,4.0,1.0,2.0,1.0,1.0,0.5,1,0,0,0,1,1.0
H2_15,A,False,4-3-3,4,1,0,1,1,0,4,3,3,0,59,24,35,15.164128,13.295148148148153,1.0,1.0,1.0,3,11,1,10,0,4,2.0,0.4827586206896552,0.3793103448275862,0.13793103448275862,0.75,0.44,0.0,19.090334441724725,95.45167220862362,0.2981537723712816,0.15886707533899014,15.164128,5.0,1.0,2.0,1.0,1.0,1.0,1,0,0,0,1,1.0
H1_15,M,False,4-3-3,1,1,0,0,1,0,4,3,3,0,14,3,3,10.876574358974358,49.89803023369355,2.0,1.0,1.0,1,5,0,5,0,0,2.0,0.5454545454545454,0.45454545454545453,0.0,1.0,0.5,0.0,10.750327005460562,59.12679853003309,0.5139345111151065,0.0919766893302169,10.876574358974358,5.5,0.5,3.0,1.0,0.5,0.5,1,0,1,1,0,0.0
H1_30,M,False,4-3-3,1,1,0,0,1,0,4,3,3,0,29,5,11,0.0,30.848339607843137,2.0,1.0,0.0,1,7,0,7,0,3,2.0,0.4444444444444444,0.3888888888888889,0.16666666666666666,1.0,0.4117647058823529,0.0,12.653135275721985,44.28597346502695,0.3482856669302343,0.0,0.0,3.5,0.0,1.0,0.5,0.0,0.5,1,0,1,1,0,0.0
H1_45,M,False,4-3-3,2,1,0,0,1,0,4,3,3,0,44,17,18,7.133846153846154,10.692959706959709,2.0,1.0,1.0,2,9,0,9,0,3,2.0,0.4782608695652174,0.391304347826087,0.13043478260869565,1.0,0.42857142857142855,0.0,13.171238253242255,32.928095633105634,0.27069293741486433,0.1083246087677455,7.133846153846154,2.5,0.5,1.5,1.0,0.5,0.5,1,0,1,1,0,0.0
H2_15,M,False,4-3-3,2,1,0,0,1,0,4,3,3,0,59,25,20,0.0,8.763936842105265,2.0,0.0,0.0,2,10,0,12,0,5,2.0,0.41379310344827586,0.41379310344827586,0.1724137931034483,1.0,0.37037037037037035,0.0,11.262190576815337,33.78657173044601,0.12969556236757573,0.0,0.0,3.0,0.0,0.5,0.5,0.0,0.0,1,0,1,1,0,0.0
H2_30,M,False,4-3-3,2,1,0,0,1,0,4,3,3,0,74,27,24,0.0,0.0,0.0,0.0,0.0,2,10,0,13,0,6,2.0,0.3870967741935484,0.41935483870967744,0.1935483870967742,1.0,0.3448275862068966,0.0,11.649747058823529,11.649747058823529,0.0,0.0,0.0,1.0,0.0,0.0,0.0,0.0,0.0,1,0,1,1,0,0.0
H1_15,A,False,4-3-3,4,0,0,0,0,0,4,3,3,0,14,6,5,22.865258823529416,15.440150303030302,2.0,1.0,2.0,2,2,1,6,1,1,2.0,0.3076923076923077,0.5384615384615384,0.15384615384615385,0.5,0.2222222222222222,0.25,11.192336246018954,72.7501855991232,0.26326674503371567,0.31122885268728917,11.432629411764708,6.5,2.0,2.0,0.5,1.0,0.5,0,0,0,0,0,0.0
H1_30,A,False,4-3-3,5,0,0,0,0,0,4,3,3,0,29,8,17,28.938217821782175,5.304981818181818,1.0,1.0,1.0,3,3,1,9,1,2,2.0,0.3157894736842105,0.5263157894736842,0.15789473684210525,0.6,0.21428571428571427,0.2,12.580450719096694,37.74135215729008,0.45365623755678836,0.38337547766147667,28.938217821782175,3.0,0.5,1.0,0.5,0.5,0.5,0,0,0,0,0,0.0
H1_45,A,False,4-3-3,7,0,0,0,0,0,4,3,3,0,44,14,21,12.550772093023252,38.35696788537548,2.0,2.0,1.0,4,6,2,11,1,3,2.0,0.37037037037037035,0.48148148148148145,0.14814814814814814,0.5714285714285714,0.3,0.14285714285714285,12.237960760002053,48.951843040008214,0.519977766075038,0.23293873374504914,12.550772093023252,4.0,1.0,2.0,1.0,0.5,1.0,0,0,0,0,0,0.0
H2_15,A,False,4-3-3,8,1,1,0,1,0,4,3,3,0,59,16,27,0.0,6.04608,2.0,0.0,1.0,4,7,3,14,1,3,2.0,0.34375,0.53125,0.125,0.5,0.2916666666666667,0.125,10.720262264288314,26.800655660720786,0.11279724042089713,0.221072130614477,0.0,2.5,0.5,0.5,0.5,0.5,0.0,1,0,1,0,0,0.0
H2_30,A,False,4-3-3,9,1,1,0,1,0,4,3,3,0,74,17,29,18.832935384615386,22.382170280274984,2.0,1.0,1.0,5,9,3,17,1,3,2.0,0.3684210526315789,0.5263157894736842,0.10526315789473684,0.5555555555555556,0.3103448275862069,0.1111111111111111,11.825148908969403,35.47544672690821,0.5808962179132844,0.26543619773969696,18.832935384615386,3.0,0.5,1.5,1.0,0.5,0.5,1,0,1,0,0,0.0
H2_15,A,False,4-3-3,2,0,0,0,0,0,4,3,3,0,14,5,2,5.99378181818182,48.181354900332224,2.0,2.0,2.0,1,3,1,3,0,0,2.0,0.5,0.5,0.0,0.5,0.5,0.0,11.32322107582824,45.29288430331296,0.5980535083140134,0.16257559413629505,5.99378181818182,4.0,1.0,2.0,1.0,1.0,1.0,0,0,0,0,0,0.0
H2_30,A,False,4-3-3,4,0,0,0,0,0,4,3,3,0,29,7,7,10.475888888888887,17.112945658263307,2.0,1.0,2.0,2,5,2,7,0,3,2.0,0.3684210526315789,0.47368421052631576,0.15789473684210525,0.5,0.3333333333333333,0.0,8.993064848717797,49.461856667947885,0.2788900013637198,0.236037419061636,10.475888888888887,5.5,1.0,1.5,1.0,1.0,0.5,0,0,0,0,0,0.0
H1_15,D,False,4-3-3,1,0,0,0,0,0,4,3,3,0,14,2,6,9.001237499999998,5.548208695652173,2.0,1.0,1.0,1,1,0,3,0,1,2.0,0.3333333333333333,0.5,0.16666666666666666,1.0,0.2,0.0,14.363650884006484,43.09095265201945,0.16882251725955186,0.10444463333973375,9.001237499999998,3.0,0.5,1.0,0.5,0.5,0.5,0,0,0,0,0,0.0
H1_30,D,False,4-3-3,3,0,0,0,0,0,4,3,3,0,29,8,17,25.291117241379308,7.682322580645161,2.0,1.0,2.0,2,2,1,8,0,1,2.0,0.2857142857142857,0.6428571428571429,0.07142857142857142,0.6666666666666666,0.18181818181818182,0.0,12.230099959573668,48.92039983829467,0.3370111439299092,0.4770807588445518,25.291117241379308,4.0,1.0,1.0,0.5,1.0,0.5,0,0,0,0,0,0.0
H1_45,D,False,4-3-3,4,0,0,0,0,0,4,3,3,0,44,19,24,12.211361904761905,26.0314421969697,2.0,2.0,1.0,3,5,1,16,0,2,2.0,0.2962962962962963,0.6296296296296297,0.07407407407407407,0.75,0.21739130434782608,0.0,11.766199308373167,76.48029550442558,0.2500173662346706,0.0798333859997657,12.211361904761905,6.5,0.5,2.0,1.0,0.5,1.0,0,0,0,0,0,0.0
H2_15,D,False,4-3-3,5,0,0,0,0,0,4,3,3,0,59,30,27,13.38264888888889,14.25786206896552,2.0,0.0,1.0,4,6,1,19,0,5,2.0,0.2857142857142857,0.5714285714285714,0.14285714285714285,0.8,0.2,0.0,10.734868303553736,42.93947321421494,0.321854332259299,0.15583154481339348,13.38264888888889,4.0,0.5,1.0,1.0,0.5,0.0,0,0,0,0,0,0.0
H2_30,D,False,4-3-3,5,0,0,0,0,0,4,3,3,0,74,33,33,0.0,4.7669999999999995,1.0,0.0,0.0,4,7,1,20,0,6,2.0,0.2894736842105263,0.5526315789473685,0.15789473684210525,0.8,0.21212121212121213,0.0,9.007366317069463,27.02209895120839,0.17641116660135783,0.0,0.0,3.0,0.0,1.0,1.0,0.0,0.0,0,0,0,0,0,0.0
H1_15,D,False,4-3-3,2,0,0,0,0,0,4,3,3,0,14,8,6,0.0,7.0590875,1.0,0.0,1.0,0,1,2,5,0,1,2.0,0.1111111111111111,0.7777777777777778,0.1111111111111111,0.0,0.14285714285714285,0.0,9.218627255646584,41.48382265040963,0.08508241344448877,0.1873184513913145,0.0,4.5,1.0,0.5,0.5,0.5,0.0,0,0,0,0,0,0.0
H1_30,D,False,4-3-3,2,0,0,0,0,0,4,3,3,0,29,16,17,0.0,0.0,2.0,0.0,0.0,0,1,2,10,0,2,2.0,0.06666666666666667,0.8,0.13333333333333333,0.0,0.07692307692307693,0.0,9.300611871250902,27.90183561375271,0.0,0.0,0.0,3.0,0.0,0.0,0.0,0.0,0.0,0,0,0,0,0,0.0
H1_45,D,False,4-3-3,5,0,0,0,0,0,4,3,3,0,44,23,22,0.0,12.06988679245283,2.0,0.0,1.0,0,2,3,14,2,4,2.0,0.08,0.68,0.24,0.0,0.1,0.4,13.563830464507081,67.8191523225354,0.08898582759520991,0.4564011924870206,0.0,5.0,1.5,0.5,0.5,0.5,0.0,0,0,0,0,0,0.0
H2_15,D,False,4-3-3,8,0,0,0,0,0,4,3,3,0,59,30,29,0.0,36.98998936170213,1.0,1.0,1.0,0,4,3,17,5,9,2.0,0.10526315789473684,0.5263157894736842,0.3684210526315789,0.0,0.13333333333333333,0.625,11.877324726404062,77.2026107216264,0.23956436845820486,0.23308735385907356,0.0,6.5,1.5,1.0,0.5,0.5,0.5,0,0,0,0,0,0.0
H1_15,M,False,4-3-3,5,0,0,0,0,0,4,3,3,0,14,4,7,21.237646054750403,86.4926895040002,2.0,2.0,2.0,2,7,2,4,1,4,2.0,0.45,0.3,0.25,0.4,0.4666666666666667,0.2,11.905543929843764,119.05543929843765,0.45243768866662915,0.20934391594666402,10.618823027375202,10.0,2.5,4.5,1.0,1.0,1.0,0,0,0,0,0,0.0
H1_30,M,False,4-3-3,6,0,0,0,0,0,4,3,3,0,29,8,13,0.0,66.04745392513695,2.0,2.0,1.0,2,11,3,10,1,7,2.0,0.38235294117647056,0.38235294117647056,0.23529411764705882,0.3333333333333333,0.39285714285714285,0.16666666666666666,14.76675554594991,103.36728882164937,0.3194794730424616,0.1538861372308843,0.0,7.0,0.5,2.0,1.0,0.5,1.0,0,0,0,0,0,0.0
H1_45,M,False,4-3-3,8,0,0,0,0,0,4,3,3,0,44,23,20,0.0,21.5172164983165,2.0,1.0,2.0,2,14,4,14,2,8,2.0,0.36363636363636365,0.4090909090909091,0.22727272727272727,0.25,0.3888888888888889,0.25,11.508943258983823,57.54471629491911,0.1869608357093973,0.2542867374439331,0.0,5.0,1.0,1.5,0.5,1.0,0.5,0,0,0,0,0,0.0
H2_30,A,False,4-3-3,3,0,0,0,0,0,4,3,3,0,14,2,3,33.41514848484849,40.36790318102949,2.0,2.0,2.0,2,3,0,4,1,0,2.0,0.5,0.4,0.1,0.6666666666666666,0.42857142857142855,0.3333333333333333,13.54371784581441,67.71858922907205,0.5447769401714175,0.3426869450299158,16.707574242424243,5.0,1.5,2.5,1.0,1.0,1.0,0,0,0,0,0,0.0
H1_15,A,False,4-3-3,3,0,0,0,0,0,4,3,3,0,14,3,2,7.461807407407406,34.575287980799736,2.0,1.0,2.0,1,4,2,5,0,1,2.0,0.38461538461538464,0.5384615384615384,0.07692307692307693,0.3333333333333333,0.4,0.0,9.822102681619715,63.84366743052814,0.3292189897608095,0.20730681358893346,7.461807407407406,6.5,1.5,2.5,1.0,1.0,0.5,0,0,0,0,0,0.0
H1_30,A,False,4-3-3,5,0,0,0,0,0,4,3,3,0,29,7,6,0.0,29.561606757634827,2.0,1.0,1.0,1,6,4,8,0,3,2.0,0.3181818181818182,0.5454545454545454,0.13636363636363635,0.2,0.35294117647058826,0.0,15.735749037664643,70.8108706694909,0.20873635981411218,0.25124262141850784,0.0,4.5,1.0,1.0,0.5,0.5,0.5,0,0,0,0,0,0.0
H1_45,A,False,4-3-3,7,0,0,0,0,0,4,3,3,0,44,15,15,0.0,29.823534314574314,2.0,0.0,1.0,1,8,6,11,0,5,2.0,0.2903225806451613,0.5483870967741935,0.16129032258064516,0.14285714285714285,0.3333333333333333,0.0,13.776993684424257,61.996471579909155,0.2405260618431635,0.35941164206282916,0.0,4.5,1.0,1.0,1.0,0.5,0.0,0,0,0,0,0,0.0
H2_15,A,False,4-3-3,8,0,0,0,0,0,4,3,3,0,59,17,15,0.0,13.166606896551723,1.0,0.0,1.0,1,9,7,14,0,8,2.0,0.2564102564102564,0.5384615384615384,0.20512820512820512,0.125,0.2903225806451613,0.0,10.756747048957509,86.05397639166007,0.15300404988406516,0.17201315903358055,0.0,8.0,1.0,1.0,1.0,1.0,0.0,0,0,0,0,0,0.0
H2_30,A,False,4-3-3,8,0,0,0,0,0,4,3,3,0,74,19,16,0.0,50.559658760537715,2.0,1.0,0.0,1,12,7,16,0,11,2.0,0.2765957446808511,0.48936170212765956,0.23404255319148937,0.125,0.3076923076923077,0.0,12.733733097393431,50.934932389573724,0.49631614678345165,0.0,0.0,4.0,0.0,1.5,1.0,0.0,0.5,0,0,0,0,0,0.0
H2_15,M,False,4-3-3,1,0,0,0,0,0,4,3,3,0,14,1,3,0.0,20.93153734939759,1.0,0.0,1.0,0,1,0,3,1,5,2.0,0.1,0.3,0.6,0.0,0.1111111111111111,1.0,13.130757560298449,65.65378780149224,0.15940845189835215,0.1996530900673711,0.0,5.0,0.5,0.5,0.5,0.5,0.0,0,0,0,0,0,0.0
H2_30,M,False,4-3-3,2,0,0,0,0,0,4,3,3,0,29,2,7,6.5937166666666664,34.294156011183595,2.0,1.0,1.0,1,3,0,6,1,8,2.0,0.21052631578947367,0.3157894736842105,0.47368421052631576,0.5,0.17647058823529413,0.5,13.929879944102627,62.68445974846182,0.3261404249308664,0.05259450821723375,6.5937166666666664,4.5,0.5,1.5,0.5,0.5,0.5,0,0,0,0,0,0.0
H1_15,G,True,5-4-1,0,0,0,0,0,0,5,4,1,0,14,2,1,0.0,0.0,0.0,0.0,0.0,0,0,0,0,0,0,0.0,0.0,0.0,0.0,0.0,0.0,0.0,0.0,0.0,0.0,0.0,0.0,0.0,0.0,0.0,0.0,0.0,0.0,0,0,0,0,0,0.0
H1_30,G,True,5-4-1,1,0,0,0,0,0,5,4,1,0,29,4,1,0.0,0.0,1.0,0.0,1.0,0,0,0,0,1,1,1.0,0.0,0.0,1.0,0.0,0.0,1.0,235.38639999999998,470.77279999999996,0.0,0.6872826977259519,0.0,2.0,1.0,0.0,0.0,1.0,0.0,0,0,0,0,0,0.0
H1_45,G,True,5-4-1,1,0,0,0,0,0,5,4,1,0,44,4,3,0.0,0.0,0.0,0.0,0.0,0,0,0,0,1,1,1.0,0.0,0.0,1.0,0.0,0.0,1.0,0.0,0.0,0.0,0.0,0.0,0.0,0.0,0.0,0.0,0.0,0.0,0,0,0,0,0,0.0
H2_15,G,True,5-4-1,1,0,0,0,0,0,5,4,1,0,59,6,3,0.0,0.0,0.0,0.0,0.0,0,0,0,1,1,1,1.0,0.0,0.3333333333333333,0.6666666666666666,0.0,0.0,1.0,160.8532,160.8532,0.0,0.0,0.0,1.0,0.0,0.0,0.0,0.0,0.0,0,0,0,0,0,0.0
H2_30,G,True,5-4-1,1,0,0,0,0,0,5,4,1,0,74,6,3,0.0,0.0,0.0,0.0,0.0,0,0,0,1,1,1,1.0,0.0,0.3333333333333333,0.6666666666666666,0.0,0.0,1.0,0.0,0.0,0.0,0.0,0.0,0.0,0.0,0.0,0.0,0.0,0.0,0,0,0,0,0,0.0
H2_15,D,True,5-4-1,5,2,0,2,2,0,5,4,1,0,59,13,5,0.0,0.0,1.0,0.0,0.0,1,3,2,9,2,5,2.0,0.18181818181818182,0.5,0.3181818181818182,0.2,0.17647058823529413,0.4,272.16426666666666,816.4928,0.0,0.0,0.0,3.0,0.0,0.0,0.0,0.0,0.0,2,0,2,0,2,1.0
H2_30,D,True,5-4-1,4,1,0,1,1,0,5,4,1,0,74,17,2,0.0,0.0,0.0,0.0,0.0,1,5,2,12,1,11,2.0,0.1875,0.4375,0.375,0.25,0.17857142857142858,0.25,261.812,261.812,0.0,0.0,0.0,1.0,0.0,0.0,0.0,0.0,0.0,1,0,1,1,1,1.0
H2_15,M,True,5-4-1,4,0,0,0,0,1,5,4,1,0,59,24,1,0.0,397.0792,1.0,0.0,0.0,1,8,3,9,0,10,2.0,0.2903225806451613,0.3870967741935484,0.3225806451612903,0.25,0.2962962962962963,0.0,351.1002,702.2004,0.565478458855905,0.0,0.0,2.0,0.0,1.0,1.0,0.0,0.0,0,0,0,0,0,0.0
H2_30,M,True,5-4-1,4,2,1,1,2,0,5,4,1,0,74,26,1,0.0,0.0,0.0,0.0,0.0,1,8,3,10,0,10,2.0,0.28125,0.40625,0.3125,0.25,0.2857142857142857,0.0,193.1012,193.1012,0.0,0.0,0.0,1.0,0.0,0.0,0.0,0.0,0.0,2,0,2,0,1,0.5
H2_30,A,True,5-4-1,0,0,0,0,0,0,5,4,1,0,11,2,0,0.0,214.0056,0.0,0.0,0.0,0,1,0,1,0,0,2.0,0.5,0.5,0.0,0.0,0.5,0.0,254.6832,254.6832,0.4201407866714412,0.0,0.0,1.0,0.0,0.5,0.5,0.0,0.0,0,0,0,0,0,0.0
H1_30,D,False,4-3-3,2,0,0,0,0,0,4,3,3,0,29,25,6,0.0,0.0,0.0,0.0,0.0,0,0,2,3,0,5,2.0,0.0,0.5,0.5,0.0,0.0,0.0,242.53079999999997,242.53079999999997,0.0,0.0,0.0,1.0,0.0,0.0,0.0,0.0,0.0,0,0,0,0,0,0.0
H2_30,M,False,4-3-3,0,0,0,0,0,0,4,3,3,0,9,1,0,0.0,0.0,1.0,0.0,0.0,0,0,0,3,0,0,2.0,0.0,1.0,0.0,0.0,0.0,0.0,260.8769333333333,391.31539999999995,0.0,0.0,0.0,1.5,0.0,0.0,0.0,0.0,0.0,0,0,0,0,0,0.0
H2_30,M,False,4-3-3,7,1,0,0,1,1,4,3,3,0,74,26,3,0.0,0.0,1.0,0.0,0.0,2,6,3,17,2,7,2.0,0.21621621621621623,0.5405405405405406,0.24324324324324326,0.2857142857142857,0.2,0.2857142857142857,217.82399999999998,435.64799999999997,0.0,0.0,0.0,2.0,0.0,0.0,0.0,0.0,0.0,1,1,1,0,0,0.0
H1_15,D,False,4-3-3,0,0,0,0,0,0,4,3,3,0,14,14,1,0.0,0.0,1.0,0.0,0.0,0,0,0,3,0,0,2.0,0.0,1.0,0.0,0.0,0.0,0.0,185.1032,277.65479999999997,0.0,0.0,0.0,1.5,0.0,0.0,0.0,0.0,0.0,0,0,0,0,0,0.0
H1_45,D,False,4-3-3,1,0,0,0,0,0,4,3,3,0,44,31,2,0.0,432.528,1.0,1.0,0.0,1,3,0,5,0,3,2.0,0.3333333333333333,0.4166666666666667,0.25,1.0,0.2727272727272727,0.0,216.264,432.528,1.0,0.0,0.0,2.0,0.0,2.0,1.0,0.0,1.0,0,0,0,0,0,0.0
H2_30,D,False,4-3-3,3,0,0,0,0,0,4,3,3,0,74,37,4,0.0,187.7152,1.0,0.0,0.0,2,7,1,12,0,5,2.0,0.3333333333333333,0.48148148148148145,0.18518518518518517,0.6666666666666666,0.2916666666666667,0.0,220.655,441.31,0.2126795223312411,0.0,0.0,2.0,0.0,0.5,0.5,0.0,0.0,0,0,0,0,0,0.0
H1_15,G,False,4-3-3,0,0,0,0,0,0,4,3,3,0,14,0,0,0.0,0.0,0.0,0.0,0.0,0,0,0,1,0,0,1.0,0.0,1.0,0.0,0.0,0.0,0.0,144.8728,144.8728,0.0,0.0,0.0,1.0,0.0,0.0,0.0,0.0,0.0,0,0,0,0,0,0.0
H1_30,G,False,4-3-3,0,0,0,0,0,0,4,3,3,0,29,1,0,0.0,0.0,0.0,0.0,0.0,0,0,0,1,0,0,1.0,0.0,1.0,0.0,0.0,0.0,0.0,0.0,0.0,0.0,0.0,0.0,0.0,0.0,0.0,0.0,0.0,0.0,0,0,0,0,0,0.0
H1_45,G,False,4-3-3,0,0,0,0,0,0,4,3,3,0,44,2,0,0.0,0.0,0.0,0.0,0.0,0,0,0,1,0,0,1.0,0.0,1.0,0.0,0.0,0.0,0.0,0.0,0.0,0.0,0.0,0.0,0.0,0.0,0.0,0.0,0.0,0.0,0,0,0,0,0,0.0
H2_15,G,False,4-3-3,0,0,0,0,0,0,4,3,3,0,59,2,2,0.0,0.0,0.0,0.0,0.0,0,0,0,1,0,0,1.0,0.0,1.0,0.0,0.0,0.0,0.0,0.0,0.0,0.0,0.0,0.0,0.0,0.0,0.0,0.0,0.0,0.0,0,0,0,0,0,0.0
H2_30,G,False,4-3-3,0,0,0,0,0,0,4,3,3,0,74,3,2,0.0,0.0,0.0,0.0,0.0,0,0,0,1,0,0,1.0,0.0,1.0,0.0,0.0,0.0,0.0,0.0,0.0,0.0,0.0,0.0,0.0,0.0,0.0,0.0,0.0,0.0,0,0,0,0,0,0.0
H1_15,G,True,4-3-3,0,0,0,0,0,0,4,3,3,0,14,1,1,0.0,0.0,0.0,0.0,0.0,0,0,0,0,0,0,0.0,0.0,0.0,0.0,0.0,0.0,0.0,0.0,0.0,0.0,0.0,0.0,0.0,0.0,0.0,0.0,0.0,0.0,0,0,0,0,0,0.0
H1_30,G,True,4-3-3,0,0,0,0,0,0,4,3,3,0,29,2,2,0.0,0.0,0.0,0.0,0.0,0,0,0,0,0,0,0.0,0.0,0.0,0.0,0.0,0.0,0.0,0.0,0.0,0.0,0.0,0.0,0.0,0.0,0.0,0.0,0.0,0.0,0,0,0,0,0,0.0
H1_45,G,True,4-3-3,0,0,0,0,0,0,4,3,3,0,44,4,2,0.0,0.0,0.0,0.0,0.0,0,0,0,0,0,0,0.0,0.0,0.0,0.0,0.0,0.0,0.0,0.0,0.0,0.0,0.0,0.0,0.0,0.0,0.0,0.0,0.0,0.0,0,0,0,0,0,0.0
H2_15,G,True,4-3-3,0,0,0,0,0,0,4,3,3,0,59,4,4,0.0,0.0,0.0,0.0,0.0,0,0,0,0,0,0,0.0,0.0,0.0,0.0,0.0,0.0,0.0,0.0,0.0,0.0,0.0,0.0,0.0,0.0,0.0,0.0,0.0,0.0,0,0,0,0,0,0.0
H2_30,G,True,4-3-3,1,0,0,0,0,0,4,3,3,0,74,4,5,0.0,0.0,1.0,0.0,1.0,0,0,0,0,1,1,1.0,0.0,0.0,1.0,0.0,0.0,1.0,8.40917962962963,16.81835925925926,0.0,0.47564246919757225,0.0,2.0,1.0,0.0,0.0,1.0,0.0,0,0,0,0,0,0.0
H1_15,D,True,4-3-3,2,0,0,0,0,0,4,3,3,0,14,5,1,5.99187272727273,18.972175609756096,2.0,1.0,1.0,1,1,1,4,0,3,2.0,0.2,0.5,0.3,0.5,0.125,0.0,11.227905160801003,56.13952580400501,0.22233932313735258,0.13273366682240062,5.99187272727273,5.0,1.0,1.0,0.5,0.5,0.5,0,0,0,0,0,0.0
H1_30,D,True,4-3-3,3,0,0,0,0,0,4,3,3,0,29,19,3,6.690666666666669,13.07899636363636,2.0,0.0,1.0,2,2,1,7,0,4,2.0,0.25,0.5,0.25,0.6666666666666666,0.15384615384615385,0.0,13.221875300450174,39.66562590135052,0.24920397171433412,0.0843383473048747,6.690666666666669,3.0,0.5,1.0,1.0,0.5,0.0,0,0,0,0,0,0.0
H1_45,D,True,4-3-3,3,0,0,0,0,0,4,3,3,0,44,29,3,0.0,24.317107766599598,2.0,1.0,0.0,2,4,1,10,0,5,2.0,0.2727272727272727,0.5,0.22727272727272727,0.6666666666666666,0.21052631578947367,0.0,16.88654853528971,50.65964560586912,0.24000471653301858,0.0,0.0,3.0,0.0,1.0,0.5,0.0,0.5,0,0,0,0,0,0.0
H2_15,D,True,4-3-3,3,0,0,0,0,0,4,3,3,0,59,30,4,0.0,0.0,1.0,0.0,0.0,2,4,1,15,0,9,2.0,0.1935483870967742,0.5161290322580645,0.2903225806451613,0.6666666666666666,0.14285714285714285,0.0,11.528671581996756,103.75804423797081,0.0,0.0,0.0,9.0,0.0,0.0,0.0,0.0,0.0,0,0,0,0,0,0.0
H2_30,D,True,4-3-3,4,0,0,0,0,0,4,3,3,0,74,33,4,29.817195789473686,15.155621999999997,2.0,1.0,1.0,3,6,1,16,0,15,2.0,0.21951219512195122,0.4146341463414634,0.36585365853658536,0.75,0.16216216216216217,0.0,11.391578015538839,56.957890077694195,0.3947900609391244,0.26174772054232637,29.817195789473686,5.0,0.5,1.5,0.5,0.5,0.5,0,0,0,0,0,0.0
H1_15,D,True,4-3-3,2,0,0,0,0,0,4,3,3,0,14,12,0,0.0,0.0,1.0,0.0,1.0,0,0,1,1,1,3,1.0,0.0,0.3333333333333333,0.6666666666666666,0.0,0.0,0.5,9.63421128965597,57.80526773793582,0.0,0.49300666126972087,0.0,6.0,2.0,0.0,0.0,1.0,0.0,0,0,0,0,0,0.0
H1_30,D,True,4-3-3,2,0,0,0,0,0,4,3,3,0,29,19,0,0.0,0.0,1.0,0.0,0.0,0,0,1,2,1,5,1.0,0.0,0.3333333333333333,0.6666666666666666,0.0,0.0,0.5,10.65544670976083,31.96634012928249,0.0,0.0,0.0,3.0,0.0,0.0,0.0,0.0,0.0,0,0,0,0,0,0.0
H1_45,D,True,4-3-3,2,0,0,0,0,0,4,3,3,0,44,24,0,0.0,0.0,1.0,0.0,0.0,0,0,1,4,1,6,2.0,0.0,0.4166666666666667,0.5833333333333334,0.0,0.0,0.5,13.509663662131517,20.264495493197277,0.0,0.0,0.0,1.5,0.0,0.0,0.0,0.0,0.0,0,0,0,0,0,0.0
H2_15,D,True,4-3-3,2,0,0,0,0,0,4,3,3,0,59,26,1,0.0,0.0,1.0,0.0,0.0,0,0,1,5,1,9,2.0,0.0,0.375,0.625,0.0,0.0,0.5,9.223864844792255,36.89545937916902,0.0,0.0,0.0,4.0,0.0,0.0,0.0,0.0,0.0,0,0,0,0,0,0.0
H2_30,D,True,4-3-3,2,0,0,0,0,0,4,3,3,0,74,29,4,0.0,8.277873684210526,1.0,0.0,0.0,0,1,1,5,1,10,2.0,0.05555555555555555,0.3333333333333333,0.6111111111111112,0.0,0.0625,0.5,9.286036842105263,18.572073684210526,0.44571617714655903,0.0,0.0,2.0,0.0,1.0,1.0,0.0,0.0,0,0,0,0,0,0.0
H1_15,D,True,4-3-3,1,0,0,0,0,0,4,3,3,0,14,12,1,0.0,0.0,1.0,0.0,1.0,0,0,0,3,1,4,2.0,0.0,0.375,0.625,0.0,0.0,1.0,8.805396605468175,35.2215864218727,0.0,0.14140516631077615,0.0,4.0,0.5,0.0,0.0,0.5,0.0,0,0,0,0,0,0.0
H1_30,D,True,4-3-3,1,0,0,0,0,0,4,3,3,0,29,28,3,0.0,0.0,0.0,0.0,0.0,0,0,0,3,1,5,2.0,0.0,0.3333333333333333,0.6666666666666666,0.0,0.0,1.0,5.1221000000000005,5.1221000000000005,0.0,0.0,0.0,1.0,0.0,0.0,0.0,0.0,0.0,0,0,0,0,0,0.0
H1_45,D,True,4-3-3,1,0,0,0,0,0,4,3,3,0,44,33,5,0.0,12.444392307692306,1.0,0.0,0.0,0,1,0,6,1,6,2.0,0.07142857142857142,0.42857142857142855,0.5,0.0,0.07692307692307693,1.0,10.130017576221457,25.32504394055364,0.24569340011617477,0.0,0.0,2.5,0.0,0.5,0.5,0.0,0.0,0,0,0,0,0,0.0
H2_15,D,True,4-3-3,2,0,0,0,0,0,4,3,3,0,59,35,5,0.0,9.065046153846154,1.0,0.0,1.0,0,2,0,7,2,10,2.0,0.09523809523809523,0.3333333333333333,0.5714285714285714,0.0,0.10526315789473684,1.0,8.677502093853207,30.371257328486223,0.1492372550764262,0.14329125188337666,0.0,3.5,0.5,0.5,0.5,0.5,0.0,0,0,0,0,0,0.0
H2_30,D,True,4-3-3,2,0,0,0,0,0,4,3,3,0,74,36,5,0.0,25.921981651376147,1.0,0.0,0.0,0,3,0,7,2,14,2.0,0.11538461538461539,0.2692307692307692,0.6153846153846154,0.0,0.125,1.0,12.055404236134265,60.277021180671326,0.4300474898001163,0.0,0.0,5.0,0.0,1.0,1.0,0.0,0.0,0,0,0,0,0,0.0
H1_15,D,True,4-3-3,0,0,0,0,0,0,4,3,3,0,14,8,0,0.0,7.737529411764707,2.0,0.0,0.0,0,1,0,3,0,4,2.0,0.125,0.375,0.5,0.0,0.125,0.0,11.420204974225422,45.68081989690169,0.08469122740383986,0.0,0.0,4.0,0.0,0.5,0.5,0.0,0.0,0,0,0,0,0,0.0
H1_30,D,True,4-3-3,0,0,0,0,0,0,4,3,3,0,29,10,0,0.0,9.917658536585366,1.0,0.0,0.0,0,2,0,5,0,5,2.0,0.16666666666666666,0.4166666666666667,0.4166666666666667,0.0,0.16666666666666666,0.0,14.278091220811394,57.112364883245576,0.17365168745612214,0.0,0.0,4.0,0.0,1.0,1.0,0.0,0.0,0,0,0,0,0,0.0
H1_45,D,True,4-3-3,2,0,0,0,0,0,4,3,3,0,44,14,1,0.0,7.84145,2.0,0.0,1.0,0,3,1,9,1,7,2.0,0.14285714285714285,0.47619047619047616,0.38095238095238093,0.0,0.15789473684210525,0.5,11.441005799055219,51.484526095748485,0.07615346391085394,0.18036785719895143,0.0,4.5,1.0,0.5,0.5,0.5,0.0,0,0,0,0,0,0.0
H1_15,M,True,4-3-3,1,0,0,0,0,0,4,3,3,0,14,6,1,0.0,22.03624233826587,2.0,1.0,1.0,0,3,0,5,1,4,2.0,0.23076923076923078,0.38461538461538464,0.38461538461538464,0.0,0.25,1.0,9.661057547690163,62.79687405998606,0.17545652286144034,0.12279757263614048,0.0,6.5,0.5,1.5,1.0,0.5,0.5,0,0,0,0,0,0.0
H1_30,M,True,4-3-3,1,0,0,0,0,0,4,3,3,0,29,13,1,0.0,0.0,1.0,0.0,0.0,0,3,0,9,1,4,2.0,0.17647058823529413,0.5294117647058824,0.29411764705882354,0.0,0.1875,1.0,11.229459556858911,22.458919113717823,0.0,0.0,0.0,2.0,0.0,0.0,0.0,0.0,0.0,0,0,0,0,0,0.0
H1_45,M,True,4-3-3,3,1,0,0,0,0,4,3,3,0,44,19,2,0.0,0.0,2.0,0.0,2.0,0,3,2,14,1,6,2.0,0.11538461538461539,0.6153846153846154,0.2692307692307692,0.0,0.13043478260869565,0.3333333333333333,11.586990301809813,52.141456358144154,0.0,0.31424528949339714,0.0,4.5,1.0,0.0,0.0,1.0,0.0,0,0,0,0,0,0.0
H2_15,M,True,4-3-3,4,2,0,1,1,0,4,3,3,0,59,25,3,0.0,0.0,2.0,0.0,1.0,0,3,2,19,2,8,2.0,0.08823529411764706,0.6176470588235294,0.29411764705882354,0.0,0.1,0.5,16.732354136687462,66.92941654674985,0.0,0.10170026098584488,0.0,4.0,0.5,0.0,0.0,0.5,0.0,1,1,1,1,1,1.0
H2_30,M,True,4-3-3,7,2,0,1,1,0,4,3,3,0,74,34,3,7.070769230769231,27.610152902873836,2.0,2.0,2.0,1,6,4,21,2,11,2.0,0.15555555555555556,0.5555555555555556,0.28888888888888886,0.14285714285714285,0.15789473684210525,0.2857142857142857,13.572935867444402,74.65114727094421,0.23228659840799,0.31346253613205827,7.070769230769231,5.5,1.5,2.0,1.0,1.0,1.0,1,1,1,1,1,1.0
H1_15,M,True,4-3-3,3,0,0,0,0,0,4,3,3,0,14,2,2,33.60077488947834,32.599282070634466,2.0,2.0,2.0,2,4,1,3,0,2,2.0,0.5,0.3333333333333333,0.16666666666666666,0.6666666666666666,0.4444444444444444,0.0,11.233004759320927,67.39802855592556,0.4911127104050328,0.2983836650560962,16.80038744473917,6.0,1.5,3.0,1.0,1.0,1.0,0,0,0,0,0,0.0
H1_30,M,True,4-3-3,5,0,0,0,0,0,4,3,3,0,29,15,2,0.0,28.149322677494773,2.0,1.0,2.0,2,7,2,7,1,2,2.0,0.42857142857142855,0.42857142857142855,0.14285714285714285,0.4,0.4375,0.2,10.92605105581297,49.16722975115836,0.28626101999199566,0.34950607157574404,0.0,4.5,1.0,1.5,1.0,1.0,0.5,0,0,0,0,0,0.0
H1_45,M,True,4-3-3,7,0,0,0,0,0,4,3,3,0,44,20,3,0.0,62.42827226996174,2.0,0.0,1.0,2,9,4,11,1,4,2.0,0.3548387096774194,0.4838709677419355,0.16129032258064516,0.2857142857142857,0.375,0.14285714285714285,15.98590788497754,79.9295394248877,0.3905206555620626,0.1389819482389282,0.0,5.0,1.0,1.0,1.0,0.5,0.0,0,0,0,0,0,0.0
H2_15,M,True,4-3-3,11,0,0,0,0,0,4,3,3,0,59,28,3,11.11851,22.147640883116885,2.0,2.0,2.0,3,12,5,17,3,6,2.0,0.32608695652173914,0.4782608695652174,0.1956521739130435,0.2727272727272727,0.34285714285714286,0.2727272727272727,10.455079772272809,78.41309829204607,0.21212113542063213,0.31449936073009105,11.11851,7.5,2.0,2.0,1.0,1.0,1.0,0,0,0,0,0,0.0
H2_30,M,True,4-3-3,11,0,0,0,0,0,4,3,3,0,74,33,6,0.0,42.02048156779661,1.0,1.0,0.0,3,15,5,18,3,7,2.0,0.35294117647058826,0.45098039215686275,0.19607843137254902,0.2727272727272727,0.375,0.2727272727272727,16.4066658420953,41.016664605238255,0.5122366966234275,0.0,0.0,2.5,0.0,1.5,0.5,0.0,0.5,0,0,0,0,0,0.0
H1_15,M,True,4-3-3,0,1,0,1,1,0,4,3,3,0,14,1,0,0.0,72.222661373475,2.0,1.0,0.0,0,4,0,0,0,4,2.0,0.5,0.0,0.5,0.0,0.5,0.0,16.250186428639797,65.00074571455919,0.5555525600477705,0.0,0.0,4.0,0.0,2.0,1.0,0.0,0.5,1,0,0,1,1,1.0
H1_30,M,True,4-3-3,1,2,1,2,2,0,4,3,3,0,29,5,0,0.0,15.787594285714285,2.0,0.0,1.0,0,5,1,4,0,4,2.0,0.35714285714285715,0.35714285714285715,0.2857142857142857,0.0,0.38461538461538464,0.0,12.980695862715407,38.94208758814622,0.20270605999201682,0.17721800647727698,0.0,3.0,0.5,0.5,0.5,0.5,0.0,2,0,0,1,2,1.0
H1_45,M,True,4-3-3,5,2,1,2,2,0,4,3,3,0,44,7,0,28.501448616600783,22.07607251231527,2.0,1.0,2.0,3,8,2,8,0,4,2.0,0.44,0.4,0.16,0.6,0.4,0.0,12.613358238250795,69.37347031037937,0.3645307125521502,0.42987669745906515,9.50048287220026,5.5,2.0,3.0,1.0,1.0,0.5,2,0,0,1,2,1.0
H2_15,M,True,4-3-3,5,2,1,2,2,0,4,3,3,0,59,9,0,0.0,27.590313887477315,2.0,1.0,0.0,3,11,2,10,0,8,2.0,0.4117647058823529,0.35294117647058826,0.23529411764705882,0.6,0.3793103448275862,0.0,13.140375432003829,59.131689444017226,0.23329549812371228,0.0,0.0,4.5,0.0,1.5,1.0,0.0,0.5,2,0,0,1,2,1.0
H2_30,M,True,4-3-3,5,2,1,2,2,0,4,3,3,0,74,11,1,0.0,14.106498245614034,2.0,0.0,0.0,3,12,2,12,0,11,2.0,0.375,0.35,0.275,0.6,0.34285714285714286,0.0,11.771493574967904,35.31448072490371,0.19972682531427052,0.0,0.0,3.0,0.0,0.5,0.5,0.0,0.0,2,0,0,1,2,1.0
H1_15,A,True,4-3-3,3,0,0,0,0,0,4,3,3,0,14,3,0,63.23029349218169,57.253882617540924,1.0,1.0,1.0,3,6,0,1,0,0,1.0,0.9,0.1,0.0,1.0,0.8571428571428571,0.0,12.562774277638928,125.62774277638928,0.9590570796466354,0.5033147304471454,21.076764497393896,10.0,3.0,9.0,1.0,1.0,1.0,0,0,0,0,0,0.0
H1_30,A,True,4-3-3,6,1,1,1,1,0,4,3,3,0,29,6,0,51.36079047619047,57.265720946585525,2.0,2.0,2.0,5,9,1,3,0,1,2.0,0.7368421052631579,0.21052631578947367,0.05263157894736842,0.8333333333333334,0.6923076923076923,0.0,16.946542148826964,76.25943966972133,0.712216821243613,0.41188448766646985,25.680395238095237,4.5,1.5,2.5,1.0,1.0,1.0,1,0,0,0,1,1.0
H1_45,A,True,4-3-3,8,1,1,1,1,0,4,3,3,0,44,10,2,0.0,14.177398692810456,2.0,1.0,2.0,5,11,2,4,1,3,2.0,0.6153846153846154,0.23076923076923078,0.15384615384615385,0.625,0.6111111111111112,0.125,14.284939431664922,49.997288010827226,0.14178167713557036,0.6219289974916795,0.0,3.5,1.0,1.0,0.5,1.0,0.5,1,0,0,0,1,1.0
H2_15,A,True,4-3-3,14,1,1,1,1,0,4,3,3,0,59,12,2,56.19932847873107,37.32194027039627,1.0,1.0,1.0,8,14,5,4,1,3,2.0,0.6285714285714286,0.2571428571428571,0.11428571428571428,0.5714285714285714,0.6666666666666666,0.07142857142857142,21.510113904456087,96.7955125700524,0.4830867995117262,0.8072124457041031,18.733109492910355,4.5,3.0,3.0,0.5,1.0,0.5,1,0,0,0,1,1.0
H2_30,A,True,4-3-3,16,1,1,1,1,0,4,3,3,0,74,15,2,0.0,76.64633207825764,2.0,1.0,2.0,8,19,7,8,1,5,2.0,0.5625,0.3125,0.125,0.5,0.59375,0.0625,14.965090347959482,97.27308726173663,0.39397501526821216,0.32519712687556573,0.0,6.5,1.0,2.5,0.5,1.0,0.5,1,0,0,0,1,1.0
H2_15,D,True,4-3-3,1,0,0,0,0,0,4,3,3,0,14,3,1,49.783878620689656,0.0,1.0,0.0,0.0,1,0,0,0,0,3,2.0,0.25,0.0,0.75,1.0,0.0,0.0,20.450388487759795,40.90077697551959,0.6085933116929158,0.6085933116929158,49.783878620689656,2.0,0.5,0.5,0.5,0.5,0.0,0,0,0,0,0,0.0
H2_30,D,True,4-3-3,5,0,0,0,0,0,4,3,3,0,29,10,2,40.7355558121228,23.716092071086813,2.0,1.0,2.0,3,3,1,2,1,6,2.0,0.375,0.1875,0.4375,0.6,0.2727272727272727,0.2,13.127607023523867,78.7656421411432,0.40913554521472834,0.3895035714829572,20.3677779060614,6.0,2.0,2.5,1.0,1.0,0.5,0,0,0,0,0,0.0
H1_15,A,True,4-3-3,5,0,0,0,0,0,4,3,3,0,14,5,0,30.886463664596274,34.05314395922238,2.0,2.0,2.0,3,3,0,5,2,1,2.0,0.42857142857142855,0.35714285714285715,0.21428571428571427,0.6,0.3333333333333333,0.4,10.964129372418169,76.74890560692718,0.4230653656249488,0.41133882719435766,10.295487888198759,7.0,2.5,3.0,1.0,1.0,1.0,0,0,0,0,0,0.0
H1_30,A,True,4-3-3,8,1,0,1,1,0,4,3,3,0,29,15,0,6.670383333333333,65.41480880141562,2.0,2.0,1.0,4,9,2,9,2,3,2.0,0.4482758620689655,0.3793103448275862,0.1724137931034483,0.5,0.42857142857142855,0.25,13.119217739690475,98.39413304767857,0.3663083859879066,0.2576414367290588,6.670383333333333,7.5,1.5,3.5,1.0,0.5,1.0,1,0,0,0,1,1.0
H1_45,A,True,4-3-3,12,1,0,1,1,0,4,3,3,0,44,16,0,21.87392352941176,45.51314646464646,2.0,1.0,2.0,5,12,4,12,3,7,2.0,0.3953488372093023,0.37209302325581395,0.23255813953488372,0.4166666666666667,0.3870967741935484,0.25,15.798715912439954,110.59101138707967,0.3046679343504541,0.47496929017547207,21.87392352941176,7.0,2.0,2.0,1.0,1.0,0.5,1,0,0,0,1,1.0
H2_15,A,True,4-3-3,14,2,0,2,1,0,4,3,3,0,59,18,0,40.599395487179486,50.48523337379218,2.0,2.0,1.0,7,15,4,15,3,12,2.0,0.39285714285714285,0.3392857142857143,0.26785714285714285,0.5,0.35714285714285715,0.21428571428571427,15.536799327811208,100.98919563077285,0.45096224547617286,0.20100860905762213,20.299697743589743,6.5,1.0,2.5,1.0,0.5,1.0,2,1,0,1,2,1.0
H2_30,A,True,4-3-3,3,0,0,0,0,0,4,3,3,0,15,7,1,17.421373584905655,59.30749501278772,1.0,1.0,1.0,1,4,2,1,0,3,2.0,0.45454545454545453,0.2727272727272727,0.2727272727272727,0.3333333333333333,0.5,0.0,16.399872640752378,90.19929952413808,0.4253296256317384,0.5137274266312598,17.421373584905655,5.5,1.5,2.5,0.5,0.5,0.5,0,0,0,0,0,0.0
H1_15,A,True,4-3-3,5,1,0,0,1,0,4,3,3,0,14,5,2,17.16155042016807,71.18773581122765,2.0,2.0,2.0,2,7,2,7,1,2,2.0,0.42857142857142855,0.42857142857142855,0.14285714285714285,0.4,0.4375,0.2,11.511408507818206,120.86978933209116,0.365472988410094,0.20444078948332764,8.580775210084035,10.5,2.5,4.5,1.0,1.0,1.0,1,0,0,1,0,0.0
H1_30,A,True,4-3-3,9,3,0,1,3,0,4,3,3,0,29,10,2,14.032544680851066,17.134916666666665,2.0,1.0,2.0,3,9,5,13,1,3,2.0,0.35294117647058826,0.5294117647058824,0.11764705882352941,0.3333333333333333,0.36,0.1111111111111111,15.133063803246152,98.36491472109999,0.15842773531542584,0.5742270470794547,14.032544680851066,6.5,2.0,1.5,1.0,1.0,0.5,3,0,0,2,1,0.3333333333333333
H1_45,A,True,4-3-3,13,4,0,2,4,0,4,3,3,0,44,16,2,17.3415,22.42925189820609,2.0,1.0,2.0,4,11,7,15,2,7,2.0,0.32608695652173914,0.4782608695652174,0.1956521739130435,0.3076923076923077,0.3333333333333333,0.15384615384615385,14.307046582869255,85.84227949721553,0.23165013866795167,0.5005301299640728,17.3415,6.0,2.0,1.5,0.5,1.0,0.5,4,0,1,3,2,0.5
H2_15,A,True,4-3-3,16,4,0,2,4,0,4,3,3,0,59,16,2,0.0,99.99507017171923,2.0,2.0,2.0,4,18,9,20,3,12,2.0,0.3333333333333333,0.4393939393939394,0.22727272727272727,0.25,0.36,0.1875,17.125030419606695,171.25030419606693,0.2919558906512465,0.274930265659059,0.0,10.0,1.5,3.5,1.0,1.0,1.0,4,0,1,3,2,0.5
H2_30,A,True,4-3-3,4,1,0,0,1,0,4,3,3,0,15,4,0,79.41290235246606,52.668980327220424,2.0,2.0,1.0,3,5,1,4,0,3,2.0,0.5,0.3125,0.1875,0.75,0.4166666666666667,0.0,16.36189480401866,130.8951584321493,0.504533109787068,0.3824212665441785,26.47096745082202,8.0,2.0,4.0,1.0,0.5,1.0,1,0,0,0,0,0.0
H1_15,D,False,4-2-3-1,1,0,0,0,0,0,4,2,3,1,14,11,1,12.585153488372091,10.63872340425532,1.0,0.0,1.0,1,1,0,0,0,4,2.0,0.3333333333333333,0.0,0.6666666666666666,1.0,0.2,0.0,15.06106339910765,45.18319019732295,0.25699686975625946,0.1392680932157569,12.585153488372091,3.0,0.5,1.0,1.0,0.5,0.0,0,0,0,0,0,0.0
H1_30,D,False,4-2-3-1,3,0,0,0,0,0,4,2,3,1,29,12,3,0.0,0.0,1.0,0.0,1.0,1,1,0,3,2,7,2.0,0.14285714285714285,0.21428571428571427,0.6428571428571429,0.3333333333333333,0.09090909090909091,0.6666666666666666,14.384260030555405,115.07408024444324,0.0,0.24269886630162976,0.0,8.0,2.0,0.0,0.0,1.0,0.0,0,0,0,0,0,0.0
H1_45,D,False,4-2-3-1,6,0,0,0,0,0,4,2,3,1,44,16,3,11.14900512820513,22.674098461538463,1.0,1.0,1.0,2,3,1,5,3,13,2.0,0.18518518518518517,0.2222222222222222,0.5925925925925926,0.3333333333333333,0.14285714285714285,0.5,11.837896686113227,153.89265691947196,0.2197837393076029,0.2323246024587431,11.14900512820513,13.0,3.0,3.0,1.0,1.0,1.0,0,0,0,0,0,0.0
H2_15,D,False,4-2-3-1,10,1,0,1,1,0,4,2,3,1,59,25,5,0.0,0.0,1.0,0.0,1.0,2,3,2,6,6,16,2.0,0.14285714285714285,0.22857142857142856,0.6285714285714286,0.2,0.12,0.6,12.493364480074598,99.94691584059679,0.0,0.559016161454935,0.0,8.0,4.0,0.0,0.0,1.0,0.0,1,0,1,0,1,1.0
H2_30,D,False,4-2-3-1,13,1,0,1,1,0,4,2,3,1,74,31,7,13.512646808510642,54.6794023614592,2.0,2.0,2.0,3,7,2,7,8,19,2.0,0.21739130434782608,0.1956521739130435,0.5869565217391305,0.23076923076923078,0.21212121212121213,0.6153846153846154,15.038441458292299,82.71142802060764,0.4122287016552279,0.32158590856077185,13.512646808510642,5.5,1.5,2.5,1.0,1.0,1.0,1,0,1,0,1,1.0
H1_15,D,False,4-2-3-1,3,1,0,1,1,0,4,2,3,1,14,8,0,13.761782608695652,3.2752571428571424,2.0,1.0,2.0,1,1,1,2,1,3,2.0,0.2222222222222222,0.3333333333333333,0.4444444444444444,0.3333333333333333,0.16666666666666666,0.3333333333333333,11.303830792454084,50.867238566043376,0.1674657425076534,0.2854758245560324,13.761782608695652,4.5,1.5,1.0,0.5,1.0,0.5,1,0,0,1,1,1.0
H1_30,D,False,4-2-3-1,6,1,0,1,1,0,4,2,3,1,29,11,2,30.058391489361707,8.316388888888888,2.0,1.0,2.0,2,2,2,5,2,4,2.0,0.23529411764705882,0.4117647058823529,0.35294117647058826,0.3333333333333333,0.18181818181818182,0.3333333333333333,17.685343578631716,70.74137431452687,0.27123292945674554,0.4991602236735412,30.058391489361707,4.0,1.5,1.0,0.5,1.0,0.5,1,0,0,1,1,1.0
H1_45,D,False,4-2-3-1,8,2,0,2,2,0,4,2,3,1,44,14,2,0.0,0.0,2.0,0.0,1.0,2,2,2,11,4,5,2.0,0.15384615384615385,0.5,0.34615384615384615,0.25,0.1111111111111111,0.5,16.560542286183463,74.52244028782557,0.0,0.24036547960058716,0.0,4.5,1.0,0.0,0.0,0.5,0.0,2,0,0,2,2,1.0
H2_15,D,False,4-2-3-1,12,2,0,2,2,0,4,2,3,1,59,24,3,25.842437935483865,82.82393900116492,2.0,1.0,2.0,4,8,3,15,5,7,2.0,0.2857142857142857,0.42857142857142855,0.2857142857142857,0.3333333333333333,0.26666666666666666,0.4166666666666667,13.057387185332221,104.45909748265777,0.5201384061100542,0.2734157398229311,12.921218967741932,8.0,2.0,4.0,0.5,1.0,0.5,2,0,0,2,2,1.0
H2_30,D,False,4-2-3-1,15,2,0,2,2,0,4,2,3,1,74,29,4,0.0,49.6173539128244,2.0,2.0,1.0,4,12,3,17,8,10,2.0,0.2962962962962963,0.37037037037037035,0.3333333333333333,0.26666666666666666,0.3076923076923077,0.5333333333333333,12.090110261156505,72.54066156693904,0.34199683902137096,0.3484193705021022,0.0,6.0,1.5,2.0,1.0,0.5,1.0,2,0,0,2,2,1.0
H1_15,D,False,4-2-3-1,4,0,0,0,0,0,4,2,3,1,14,12,1,0.0,13.474013793103447,2.0,0.0,1.0,0,1,2,3,2,3,2.0,0.09090909090909091,0.45454545454545453,0.45454545454545453,0.0,0.14285714285714285,0.5,13.212567292085538,72.66912010647046,0.09270797398786532,0.4475725961505862,0.0,5.5,2.0,0.5,0.5,0.5,0.0,0,0,0,0,0,0.0
H1_30,D,False,4-2-3-1,7,0,0,0,0,0,4,2,3,1,29,17,1,0.0,11.516566666666666,1.0,0.0,1.0,0,2,3,5,4,5,2.0,0.10526315789473684,0.42105263157894735,0.47368421052631576,0.0,0.16666666666666666,0.5714285714285714,18.399663677271395,147.19730941817116,0.07823897537385947,0.26421424779937086,0.0,8.0,3.0,1.0,1.0,1.0,0.0,0,0,0,0,0,0.0
H1_45,D,False,4-2-3-1,8,0,0,0,0,0,4,2,3,1,44,25,3,0.0,23.960457647058824,2.0,1.0,1.0,0,5,4,8,4,8,2.0,0.1724137931034483,0.41379310344827586,0.41379310344827586,0.0,0.23809523809523808,0.5,12.411083852064497,62.05541926032248,0.1930569314707609,0.3180401565162953,0.0,5.0,0.5,1.5,1.0,0.5,0.5,0,0,0,0,0,0.0
H2_15,D,False,4-2-3-1,10,1,0,1,1,0,4,2,3,1,59,35,4,0.0,0.0,1.0,0.0,1.0,0,5,5,11,5,12,2.0,0.13157894736842105,0.42105263157894735,0.4473684210526316,0.0,0.17857142857142858,0.5,15.369993681313966,69.16497156591285,0.0,0.3192998734282816,0.0,4.5,1.0,0.0,0.0,0.5,0.0,1,0,1,0,1,1.0
H2_30,D,False,4-2-3-1,11,1,0,1,1,0,4,2,3,1,74,45,4,0.0,14.285464285714284,1.0,0.0,1.0,0,6,5,11,6,17,2.0,0.13333333333333333,0.35555555555555557,0.5111111111111111,0.0,0.17647058823529413,0.5454545454545454,12.49276583823105,87.44936086761734,0.16335698905038215,0.2246132966083553,0.0,7.0,1.0,1.0,1.0,1.0,0.0,1,0,1,0,1,1.0
H1_15,D,False,4-2-3-1,1,0,0,0,0,0,4,2,3,1,14,3,1,0.0,32.98563704260652,2.0,1.0,1.0,0,3,0,5,1,8,2.0,0.17647058823529413,0.29411764705882354,0.5294117647058824,0.0,0.1875,1.0,10.802698469741904,91.82293699280618,0.17961545406236987,0.07202803900156972,0.0,8.5,0.5,1.5,0.5,0.5,0.5,0,0,0,0,0,0.0
H1_30,D,False,4-2-3-1,6,0,0,0,0,0,4,2,3,1,29,5,4,0.0,5.205283333333334,2.0,0.0,2.0,0,4,4,11,2,12,2.0,0.12121212121212122,0.45454545454545453,0.42424242424242425,0.0,0.14814814814814814,0.3333333333333333,14.480679296041814,115.84543436833451,0.022466501859637205,0.3714051056429633,0.0,8.0,2.5,0.5,0.5,1.0,0.0,0,0,0,0,0,0.0
H1_45,D,False,4-2-3-1,6,0,0,0,0,0,4,2,3,1,44,8,4,0.0,16.2790730994152,2.0,0.0,0.0,0,6,4,14,2,15,2.0,0.14634146341463414,0.43902439024390244,0.4146341463414634,0.0,0.17142857142857143,0.3333333333333333,13.404744040424845,53.61897616169938,0.15180328182994587,0.0,0.0,4.0,0.0,1.0,1.0,0.0,0.0,0,0,0,0,0,0.0
H2_15,D,False,4-2-3-1,7,1,0,1,1,0,4,2,3,1,59,15,4,0.0,52.82125551387983,2.0,2.0,1.0,0,11,5,19,2,19,2.0,0.19642857142857142,0.42857142857142855,0.375,0.0,0.22448979591836735,0.2857142857142857,11.867627610397982,89.00720707798486,0.29672459819798513,0.04933259220405382,0.0,7.5,0.5,2.5,1.0,0.5,1.0,1,0,1,0,1,1.0
H2_30,D,False,4-2-3-1,8,1,0,1,1,0,4,2,3,1,74,22,4,21.20310857142857,20.47868768115942,2.0,1.0,1.0,1,14,5,21,2,22,2.0,0.23076923076923078,0.4,0.36923076923076925,0.125,0.24561403508771928,0.25,12.859158107812142,57.86621148515464,0.3601566024698308,0.18320802440011255,21.20310857142857,4.5,0.5,2.0,1.0,0.5,0.5,1,0,1,0,1,1.0
H1_15,M,False,4-2-3-1,0,0,0,0,0,0,4,2,3,1,14,1,0,0.0,31.137210782608694,2.0,1.0,0.0,0,3,0,3,0,1,2.0,0.42857142857142855,0.42857142857142855,0.14285714285714285,0.0,0.42857142857142855,0.0,11.026523520044064,38.59283232015422,0.40340665494960315,0.0,0.0,3.5,0.0,1.5,1.0,0.0,0.5,0,0,0,0,0,0.0
H1_30,M,False,4-2-3-1,1,0,0,0,0,0,4,2,3,1,29,6,0,0.0,14.40139241025641,2.0,1.0,1.0,0,5,1,9,0,2,2.0,0.29411764705882354,0.5882352941176471,0.11764705882352941,0.0,0.3125,0.0,7.477899973206196,37.38949986603098,0.19258605306112062,0.11253712089605783,0.0,5.0,0.5,1.0,0.5,0.5,0.5,0,0,0,0,0,0.0
H1_45,M,False,4-2-3-1,3,0,0,0,0,0,4,2,3,1,44,9,1,0.0,22.575087253487254,1.0,1.0,1.0,0,8,3,14,0,2,2.0,0.2962962962962963,0.6296296296296297,0.07407407407407407,0.0,0.3333333333333333,0.0,10.022078799685865,50.11039399842932,0.22525353975659076,0.17960828367757842,0.0,5.0,1.0,1.5,0.5,0.5,0.5,0,0,0,0,0,0.0
H2_15,M,False,4-2-3-1,4,0,0,0,0,0,4,2,3,1,59,14,1,7.433303703703703,63.154866914867725,2.0,1.0,1.0,1,14,3,16,0,3,2.0,0.40540540540540543,0.5135135135135135,0.08108108108108109,0.25,0.42424242424242425,0.0,13.408800391860472,67.04400195930236,0.5264316609666326,0.05543600834132733,7.433303703703703,5.0,0.5,3.5,1.0,0.5,0.5,0,0,0,0,0,0.0
H2_30,M,False,4-2-3-1,6,1,1,1,1,0,4,2,3,1,74,18,2,31.871929593267883,59.675902757169965,2.0,1.0,1.0,3,19,3,18,0,4,2.0,0.46808510638297873,0.44680851063829785,0.0851063829787234,0.5,0.4634146341463415,0.0,13.055476749859142,65.27738374929571,0.701221671980884,0.24412689175530689,15.935964796633941,5.0,1.0,3.5,1.0,0.5,0.5,1,0,0,0,1,1.0
H1_15,M,False,4-2-3-1,2,0,0,0,0,0,4,2,3,1,14,5,1,15.219184615384616,44.666123357142865,2.0,2.0,2.0,1,4,0,5,1,0,2.0,0.45454545454545453,0.45454545454545453,0.09090909090909091,0.5,0.4444444444444444,0.5,10.42611833365757,57.343650835116634,0.5221616264433443,0.20330746539341082,15.219184615384616,5.5,1.0,2.5,1.0,1.0,1.0,0,0,0,0,0,0.0
H1_30,M,False,4-2-3-1,3,0,0,0,0,0,4,2,3,1,29,8,1,0.0,7.940457142857142,1.0,0.0,1.0,1,5,0,9,2,2,2.0,0.3157894736842105,0.47368421052631576,0.21052631578947367,0.3333333333333333,0.3125,0.6666666666666666,9.965250894861235,39.86100357944494,0.09960182170315182,0.318171226295565,0.0,4.0,0.5,0.5,0.5,0.5,0.0,0,0,0,0,0,0.0
H1_45,M,False,4-2-3-1,4,0,0,0,0,0,4,2,3,1,44,12,1,0.0,0.0,1.0,0.0,1.0,1,5,1,12,2,5,2.0,0.23076923076923078,0.5,0.2692307692307692,0.25,0.22727272727272727,0.5,14.780186445507477,51.730652559276166,0.0,0.3280078773222218,0.0,3.5,0.5,0.0,0.0,0.5,0.0,0,0,0,0,0,0.0
H2_15,M,False,4-2-3-1,5,0,0,0,0,0,4,2,3,1,59,14,1,0.0,28.921337331701345,2.0,0.0,1.0,1,7,1,17,3,10,2.0,0.20512820512820512,0.46153846153846156,0.3333333333333333,0.2,0.20588235294117646,0.6,12.688939353299332,82.47810579644566,0.17532736143988706,0.03943107044706344,0.0,6.5,0.5,1.0,1.0,0.5,0.0,0,0,0,0,0,0.0
H2_30,M,False,4-2-3-1,9,0,0,0,0,0,4,2,3,1,74,19,2,0.0,32.1226120928437,2.0,1.0,1.0,1,10,3,20,5,12,2.0,0.21568627450980393,0.45098039215686275,0.3333333333333333,0.1111111111111111,0.23809523809523808,0.5555555555555556,14.532736541428568,87.1964192485714,0.18419685332072847,0.518593866659814,0.0,6.0,2.0,1.5,1.0,0.5,0.5,0,0,0,0,0,0.0
H1_15,A,False,4-2-3-1,2,0,0,0,0,0,4,2,3,1,14,5,0,0.0,13.686955555555556,2.0,0.0,1.0,0,1,2,5,0,0,2.0,0.125,0.875,0.0,0.0,0.16666666666666666,0.0,11.22053006467821,44.88212025871284,0.15247670427177007,0.408317764136777,0.0,4.0,1.0,0.5,0.5,0.5,0.0,0,0,0,0,0,0.0
H1_30,A,False,4-2-3-1,3,0,0,0,0,0,4,2,3,1,29,6,0,9.2349,34.291813533834585,1.0,1.0,1.0,1,2,2,6,0,0,2.0,0.2727272727272727,0.7272727272727273,0.0,0.3333333333333333,0.25,0.0,16.324200511278196,48.972601533834585,0.8887972492897379,0.18857278786016132,9.2349,3.0,1.0,2.0,1.0,1.0,1.0,0,0,0,0,0,0.0
H1_45,A,False,4-2-3-1,5,0,0,0,0,0,4,2,3,1,44,8,0,0.0,0.0,1.0,0.0,1.0,1,2,4,6,0,3,2.0,0.1875,0.625,0.1875,0.2,0.18181818181818182,0.0,18.57204927677371,46.43012319193428,0.0,0.6728369513300456,0.0,2.5,1.0,0.0,0.0,1.0,0.0,0,0,0,0,0,0.0
H2_15,A,False,4-2-3-1,6,1,0,0,1,0,4,2,3,1,59,10,0,25.707851851851856,60.72079663585768,2.0,1.0,1.0,2,6,4,9,0,3,2.0,0.3333333333333333,0.5416666666666666,0.125,0.3333333333333333,0.3333333333333333,0.0,13.740166495460072,54.960665981840286,0.7862773034470386,0.23387500308262332,25.707851851851856,4.0,0.5,2.5,1.0,0.5,0.5,1,0,0,0,0,0.0
H1_15,M,False,4-2-3-1,0,0,0,0,0,0,4,2,3,1,14,7,0,0.0,81.83263092478805,2.0,1.0,0.0,0,4,0,1,0,1,2.0,0.6666666666666666,0.16666666666666666,0.16666666666666666,0.0,0.6666666666666666,0.0,16.869118882526404,50.60735664757921,0.8085052880222158,0.0,0.0,3.0,0.0,2.0,1.0,0.0,0.5,0,0,0,0,0,0.0
H1_30,M,False,4-2-3-1,2,0,0,0,0,0,4,2,3,1,29,8,0,0.0,14.30587741935484,1.0,0.0,1.0,0,5,2,4,0,2,2.0,0.38461538461538464,0.46153846153846156,0.15384615384615385,0.0,0.45454545454545453,0.0,19.215043790218882,67.25265326576609,0.10635920461622161,0.5664060004003395,0.0,3.5,1.0,0.5,0.5,1.0,0.0,0,0,0,0,0,0.0
H1_45,M,False,4-2-3-1,5,0,0,0,0,0,4,2,3,1,44,11,1,6.6661666666666655,32.45605320056899,2.0,1.0,2.0,1,7,4,7,0,4,2.0,0.34782608695652173,0.4782608695652174,0.17391304347826086,0.2,0.3888888888888889,0.0,17.756969925105608,88.78484962552804,0.22032035889142826,0.4346478561464101,6.6661666666666655,5.0,1.5,1.5,1.0,1.0,0.5,0,0,0,0,0,0.0
H2_15,M,False,4-2-3-1,7,1,0,1,1,0,4,2,3,1,59,16,1,0.0,39.94295893950562,2.0,1.0,2.0,1,11,6,11,0,4,2.0,0.36363636363636365,0.5151515151515151,0.12121212121212122,0.14285714285714285,0.4230769230769231,0.0,11.294079212523316,56.47039606261658,0.3536628191452324,0.1446939509940156,0.0,5.0,1.0,2.0,1.0,1.0,0.5,1,0,0,0,1,1.0
H2_30,M,False,4-2-3-1,8,1,0,1,1,0,4,2,3,1,74,21,1,0.0,25.30098641642229,2.0,2.0,1.0,1,15,7,14,0,8,2.0,0.35555555555555557,0.4666666666666667,0.17777777777777778,0.125,0.40540540540540543,0.0,16.006038354272107,96.03623012563264,0.131726257805643,0.16252680387435936,0.0,6.0,0.5,2.0,1.0,0.5,1.0,1,0,0,0,1,1.0
H1_15,G,False,4-2-3-1,0,0,0,0,0,0,4,2,3,1,14,2,0,0.0,0.0,0.0,0.0,0.0,0,0,0,0,0,0,0.0,0.0,0.0,0.0,0.0,0.0,0.0,0.0,0.0,0.0,0.0,0.0,0.0,0.0,0.0,0.0,0.0,0.0,0,0,0,0,0,0.0
H1_30,G,False,4-2-3-1,0,0,0,0,0,0,4,2,3,1,29,3,0,0.0,0.0,0.0,0.0,0.0,0,0,0,0,0,0,0.0,0.0,0.0,0.0,0.0,0.0,0.0,0.0,0.0,0.0,0.0,0.0,0.0,0.0,0.0,0.0,0.0,0.0,0,0,0,0,0,0.0
H1_45,G,False,4-2-3-1,0,0,0,0,0,0,4,2,3,1,44,3,0,0.0,0.0,0.0,0.0,0.0,0,0,0,1,0,0,1.0,0.0,1.0,0.0,0.0,0.0,0.0,4.566163636363637,4.566163636363637,0.0,0.0,0.0,1.0,0.0,0.0,0.0,0.0,0.0,0,0,0,0,0,0.0
H2_15,G,False,4-2-3-1,0,0,0,0,0,0,4,2,3,1,59,6,0,0.0,0.0,0.0,0.0,0.0,0,0,0,1,0,1,1.0,0.0,0.5,0.5,0.0,0.0,0.0,13.580392156862745,13.580392156862745,0.0,0.0,0.0,1.0,0.0,0.0,0.0,0.0,0.0,0,0,0,0,0,0.0
H2_30,G,False,4-2-3-1,0,0,0,0,0,0,4,2,3,1,74,6,1,0.0,0.0,0.0,0.0,0.0,0,0,0,1,0,2,1.0,0.0,0.3333333333333333,0.6666666666666666,0.0,0.0,0.0,9.997102702702705,9.997102702702705,0.0,0.0,0.0,1.0,0.0,0.0,0.0,0.0,0.0,0,0,0,0,0,0.0
H1_15,M,False,4-2-3-1,3,0,0,0,0,0,4,2,3,1,14,7,1,17.161789090909092,0.0,1.0,0.0,1.0,1,0,1,4,1,4,2.0,0.09090909090909091,0.45454545454545453,0.45454545454545453,0.3333333333333333,0.0,0.3333333333333333,10.842802916909617,59.6354160430029,0.14388923755083544,0.3083685635938725,17.161789090909092,5.5,1.5,0.5,0.5,0.5,0.0,0,0,0,0,0,0.0
H1_30,M,False,4-2-3-1,5,0,0,0,0,0,4,2,3,1,29,16,1,0.0,0.0,1.0,0.0,1.0,1,0,1,7,3,8,2.0,0.05,0.4,0.55,0.2,0.0,0.6,12.020650465676768,108.18585419109091,0.0,0.2587452962511464,0.0,9.0,2.0,0.0,0.0,1.0,0.0,0,0,0,0,0,0.0
H1_45,M,False,4-2-3-1,6,0,0,0,0,0,4,2,3,1,44,20,2,0.0,5.812829629629629,1.0,0.0,1.0,1,1,1,9,4,11,2.0,0.07407407407407407,0.37037037037037035,0.5555555555555556,0.16666666666666666,0.047619047619047616,0.6666666666666666,12.476510448157507,87.33557313710254,0.06655741092469204,0.1754334044275928,0.0,7.0,1.0,1.0,1.0,1.0,0.0,0,0,0,0,0,0.0
H2_15,M,False,4-2-3-1,9,2,0,2,2,0,4,2,3,1,59,26,4,17.020986206896552,53.555038629447175,2.0,2.0,2.0,2,5,2,9,5,16,2.0,0.1794871794871795,0.28205128205128205,0.5384615384615384,0.2222222222222222,0.16666666666666666,0.5555555555555556,16.648084824477742,99.88850894686645,0.3532739930770472,0.37681364740570983,17.020986206896552,6.0,1.5,2.5,1.0,1.0,1.0,2,0,0,1,2,1.0
H2_30,M,False,4-2-3-1,12,2,0,2,2,0,4,2,3,1,74,35,6,0.0,0.0,1.0,0.0,1.0,2,5,3,11,7,22,2.0,0.14,0.28,0.58,0.16666666666666666,0.13157894736842105,0.5833333333333334,11.520031246531442,63.36017185592293,0.0,0.3200433803282334,0.0,5.5,1.5,0.0,0.0,0.5,0.0,2,0,0,1,2,1.0
H1_15,M,False,4-2-3-1,1,0,0,0,0,0,4,2,3,1,14,10,0,6.936192,28.76072518796992,1.0,1.0,1.0,1,3,0,1,0,3,2.0,0.5,0.125,0.375,1.0,0.42857142857142855,0.0,13.425344112574363,53.70137645029745,0.33236501136063706,0.06458113793805355,6.936192,4.0,0.5,2.0,0.5,0.5,0.5,0,0,0,0,0,0.0
H1_30,M,False,4-2-3-1,1,0,0,0,0,0,4,2,3,1,29,15,1,0.0,10.790263636363632,1.0,0.0,0.0,1,4,0,2,0,4,2.0,0.45454545454545453,0.18181818181818182,0.36363636363636365,1.0,0.4,0.0,17.837538046602756,26.756307069904132,0.2016396285214687,0.0,0.0,1.5,0.0,0.5,0.5,0.0,0.0,0,0,0,0,0,0.0
H1_45,M,False,4-2-3-1,3,0,0,0,0,0,4,2,3,1,44,22,2,0.0,28.506726068376068,2.0,1.0,1.0,1,7,2,5,0,4,2.0,0.42105263157894735,0.3684210526315789,0.21052631578947367,0.3333333333333333,0.4375,0.0,15.584227164322435,62.33690865728974,0.22865046312368317,0.3440158935709647,0.0,4.0,1.0,1.5,1.0,0.5,0.5,0,0,0,0,0,0.0
H2_15,M,False,4-2-3-1,6,0,0,0,0,0,4,2,3,1,59,31,4,5.7733333333333325,29.108630075187968,2.0,1.0,1.0,2,9,3,8,1,6,2.0,0.3793103448275862,0.3793103448275862,0.2413793103448276,0.3333333333333333,0.391304347826087,0.16666666666666666,14.11100664502805,70.55503322514025,0.2471968463058715,0.5481592599953694,5.7733333333333325,5.0,1.5,1.5,1.0,0.5,0.5,0,0,0,0,0,0.0
H2_30,M,False,4-2-3-1,7,0,0,0,0,0,4,2,3,1,74,34,5,0.0,7.284225,2.0,0.0,1.0,2,10,4,12,1,9,2.0,0.3157894736842105,0.42105263157894735,0.2631578947368421,0.2857142857142857,0.3225806451612903,0.14285714285714285,10.10720171585146,45.48240772133157,0.08007738997273497,0.1201370227827422,0.0,4.5,0.5,0.5,0.5,0.5,0.0,0,0,0,0,0,0.0
H2_30,A,False,4-2-3-1,3,1,1,1,1,0,4,2,3,1,13,2,0,10.915,0.0,2.0,0.0,2.0,1,0,1,4,1,2,2.0,0.1111111111111111,0.5555555555555556,0.3333333333333333,0.3333333333333333,0.0,0.3333333333333333,9.91525746204693,44.61865857921118,0.12231430020047196,0.2698618584531861,10.915,4.5,1.5,0.5,0.5,1.0,0.0,1,0,1,0,1,1.0
H1_15,G,True,4-3-3,1,0,0,0,0,0,4,3,3,0,14,0,0,0.0,0.0,1.0,0.0,1.0,0,0,1,1,0,1,1.0,0.0,0.6666666666666666,0.3333333333333333,0.0,0.0,0.0,11.041719639134223,33.12515891740267,0.0,0.5241385931714573,0.0,3.0,1.0,0.0,0.0,1.0,0.0,0,0,0,0,0,0.0
H1_30,G,True,4-3-3,1,0,0,0,0,0,4,3,3,0,29,0,0,0.0,0.0,0.0,0.0,0.0,0,0,1,1,0,1,1.0,0.0,0.6666666666666666,0.3333333333333333,0.0,0.0,0.0,0.0,0.0,0.0,0.0,0.0,0.0,0.0,0.0,0.0,0.0,0.0,0,0,0,0,0,0.0
H1_45,G,True,4-3-3,1,0,0,0,0,0,4,3,3,0,44,0,0,0.0,0.0,0.0,0.0,0.0,0,0,1,1,0,1,1.0,0.0,0.6666666666666666,0.3333333333333333,0.0,0.0,0.0,0.0,0.0,0.0,0.0,0.0,0.0,0.0,0.0,0.0,0.0,0.0,0,0,0,0,0,0.0
H2_15,G,True,4-3-3,1,0,0,0,0,0,4,3,3,0,59,0,3,0.0,0.0,0.0,0.0,0.0,0,0,1,1,0,1,1.0,0.0,0.6666666666666666,0.3333333333333333,0.0,0.0,0.0,0.0,0.0,0.0,0.0,0.0,0.0,0.0,0.0,0.0,0.0,0.0,0,0,0,0,0,0.0
H2_30,G,True,4-3-3,1,0,0,0,0,0,4,3,3,0,74,3,3,0.0,0.0,0.0,0.0,0.0,0,0,1,1,0,2,2.0,0.0,0.5,0.5,0.0,0.0,0.0,9.462833333333336,9.462833333333336,0.0,0.0,0.0,1.0,0.0,0.0,0.0,0.0,0.0,0,0,0,0,0,0.0
H1_15,D,True,4-3-3,0,0,0,0,0,0,4,3,3,0,14,1,1,0.0,8.424500000000002,2.0,0.0,0.0,0,1,0,3,0,3,2.0,0.14285714285714285,0.42857142857142855,0.42857142857142855,0.0,0.14285714285714285,0.0,17.418972920955436,60.96640522334403,0.06909132963586856,0.0,0.0,3.5,0.0,0.5,0.5,0.0,0.0,0,0,0,0,0,0.0
H1_30,D,True,4-3-3,0,0,0,0,0,0,4,3,3,0,29,1,2,0.0,5.89834074074074,1.0,0.0,0.0,0,2,0,5,0,4,2.0,0.18181818181818182,0.45454545454545453,0.36363636363636365,0.0,0.18181818181818182,0.0,8.347348437655985,16.69469687531197,0.17665312478548728,0.0,0.0,2.0,0.0,0.5,0.5,0.0,0.0,0,0,0,0,0,0.0
H1_45,D,True,4-3-3,0,0,0,0,0,0,4,3,3,0,44,5,3,0.0,0.0,1.0,0.0,0.0,0,2,0,7,0,5,2.0,0.14285714285714285,0.5,0.35714285714285715,0.0,0.14285714285714285,0.0,11.61789684217591,17.426845263263864,0.0,0.0,0.0,1.5,0.0,0.0,0.0,0.0,0.0,0,0,0,0,0,0.0
H2_15,D,True,4-3-3,1,0,0,0,0,0,4,3,3,0,59,6,4,0.0,0.0,1.0,0.0,1.0,0,2,0,7,1,7,2.0,0.11764705882352941,0.4117647058823529,0.47058823529411764,0.0,0.125,1.0,12.156248608891195,36.46874582667358,0.0,0.41423151955368204,0.0,3.0,1.0,0.0,0.0,1.0,0.0,0,0,0,0,0,0.0
H2_30,D,True,4-3-3,2,0,0,0,0,0,4,3,3,0,74,8,7,0.0,0.0,2.0,0.0,1.0,0,2,0,8,2,12,2.0,0.08333333333333333,0.3333333333333333,0.5833333333333334,0.0,0.09090909090909091,1.0,13.414371819773,46.950301369205505,0.0,0.19332185382304837,0.0,3.5,0.5,0.0,0.0,0.5,0.0,0,0,0,0,0,0.0
H1_15,D,True,4-3-3,2,0,0,0,0,0,4,3,3,0,14,2,2,0.0,0.0,2.0,0.0,2.0,0,0,2,1,0,4,2.0,0.0,0.42857142857142855,0.5714285714285714,0.0,0.0,0.0,11.702199707088317,40.95769897480911,0.0,0.28163985358223464,0.0,3.5,1.0,0.0,0.0,1.0,0.0,0,0,0,0,0,0.0
H1_30,D,True,4-3-3,2,0,0,0,0,0,4,3,3,0,29,2,2,0.0,19.960973493975903,0.0,0.0,0.0,0,1,2,2,0,4,2.0,0.1111111111111111,0.4444444444444444,0.4444444444444444,0.0,0.14285714285714285,0.0,16.37550561491248,16.37550561491248,0.6094765549039991,0.0,0.0,1.0,0.0,0.5,0.5,0.0,0.0,0,0,0,0,0,0.0
H1_45,D,True,4-3-3,2,0,0,0,0,0,4,3,3,0,44,4,4,0.0,0.0,0.0,0.0,0.0,0,1,2,2,0,4,2.0,0.1111111111111111,0.4444444444444444,0.4444444444444444,0.0,0.14285714285714285,0.0,0.0,0.0,0.0,0.0,0.0,0.0,0.0,0.0,0.0,0.0,0.0,0,0,0,0,0,0.0
H2_15,D,True,4-3-3,4,0,0,0,0,0,4,3,3,0,59,7,4,0.0,35.316514538658275,2.0,1.0,2.0,0,4,3,3,1,8,2.0,0.21052631578947367,0.3157894736842105,0.47368421052631576,0.0,0.26666666666666666,0.25,17.488759859141037,87.44379929570519,0.20193835825471074,0.3006071852046858,0.0,5.0,1.0,1.5,1.0,1.0,0.5,0,0,0,0,0,0.0
H2_30,D,True,4-3-3,5,0,0,0,0,0,4,3,3,0,74,11,4,0.0,18.448457142857148,1.0,0.0,1.0,0,5,4,3,1,11,2.0,0.20833333333333334,0.2916666666666667,0.5,0.0,0.2631578947368421,0.2,13.641159498061626,68.20579749030813,0.2704822437634957,0.297019289348221,0.0,5.0,1.0,1.0,1.0,1.0,0.0,0,0,0,0,0,0.0
H1_15,M,True,4-3-3,3,0,0,0,0,0,4,3,3,0,14,0,0,0.0,0.0,2.0,0.0,2.0,0,0,2,2,1,7,2.0,0.0,0.3333333333333333,0.6666666666666666,0.0,0.0,0.3333333333333333,14.363821170596333,86.182927023578,0.0,0.22997014405394076,0.0,6.0,1.5,0.0,0.0,1.0,0.0,0,0,0,0,0,0.0
H1_30,M,True,4-3-3,4,0,0,0,0,0,4,3,3,0,29,1,1,0.0,52.89432186915887,2.0,0.0,1.0,0,2,3,8,1,9,2.0,0.08695652173913043,0.4782608695652174,0.43478260869565216,0.0,0.10526315789473684,0.25,16.143766716370294,88.79071694003662,0.2978595268291403,0.07662559669679653,0.0,5.5,0.5,1.0,1.0,0.5,0.0,0,0,0,0,0,0.0
H1_45,M,True,4-3-3,4,0,0,0,0,0,4,3,3,0,44,3,1,0.0,12.585936274509802,2.0,0.0,0.0,0,4,3,13,1,10,2.0,0.12903225806451613,0.5161290322580645,0.3548387096774194,0.0,0.14814814814814814,0.25,13.708246423010753,54.83298569204301,0.11476610397613446,0.0,0.0,4.0,0.0,1.0,1.0,0.0,0.0,0,0,0,0,0,0.0
H2_15,M,True,4-3-3,6,0,0,0,0,0,4,3,3,0,59,6,2,0.0,20.237356097560973,2.0,0.0,2.0,0,5,3,13,3,17,2.0,0.12195121951219512,0.3902439024390244,0.4878048780487805,0.0,0.14285714285714285,0.5,11.111291194787885,55.55645597393943,0.18213325294772192,0.18068235393810486,0.0,5.0,1.0,0.5,0.5,1.0,0.0,0,0,0,0,0,0.0
H2_30,M,True,4-3-3,7,1,1,1,1,0,4,3,3,0,74,7,5,0.0,0.0,1.0,0.0,1.0,0,5,3,14,4,23,2.0,0.10204081632653061,0.3469387755102041,0.5510204081632653,0.0,0.11904761904761904,0.5714285714285714,7.517588544639879,30.070354178559516,0.0,0.12300289909381854,0.0,4.0,0.5,0.0,0.0,0.5,0.0,1,0,0,0,1,1.0
H1_15,A,True,4-3-3,0,0,0,0,0,0,4,3,3,0,14,1,0,0.0,80.58557267194416,2.0,1.0,0.0,0,5,0,4,0,0,2.0,0.5555555555555556,0.4444444444444444,0.0,0.0,0.5555555555555556,0.0,16.991022514544337,76.45960131544952,0.526981381576083,0.0,0.0,4.5,0.0,2.5,1.0,0.0,0.5,0,0,0,0,0,0.0
H1_30,A,True,4-3-3,3,0,0,0,0,0,4,3,3,0,29,1,1,14.090093617021273,44.26672041135703,2.0,1.0,1.0,1,8,2,6,0,2,2.0,0.47368421052631576,0.42105263157894735,0.10526315789473684,0.3333333333333333,0.5,0.0,14.216097117009568,71.08048558504784,0.4104981384697657,0.3178204472572588,14.090093617021273,5.0,1.5,2.0,1.0,0.5,0.5,0,0,0,0,0,0.0
H1_45,A,True,4-3-3,4,0,0,0,0,0,4,3,3,0,44,6,1,0.0,53.82169522777693,2.0,1.0,1.0,1,12,3,9,0,7,2.0,0.40625,0.375,0.21875,0.25,0.42857142857142855,0.0,13.683613006002643,88.94348453901718,0.3025612022439191,0.05098209299424089,0.0,6.5,0.5,2.0,1.0,0.5,0.5,0,0,0,0,0,0.0
H2_15,A,True,4-3-3,4,1,0,1,1,0,4,3,3,0,59,10,1,0.0,67.89284770635813,2.0,1.0,0.0,1,15,3,12,0,7,2.0,0.42105263157894735,0.39473684210526316,0.18421052631578946,0.25,0.4411764705882353,0.0,16.215992852142183,48.64797855642655,0.6977972129675393,0.0,0.0,3.0,0.0,1.5,0.5,0.0,0.5,1,0,0,0,1,1.0
H1_15,M,True,4-3-3,0,0,0,0,0,0,4,3,3,0,14,1,0,0.0,17.06269696969697,2.0,0.0,0.0,0,1,0,5,0,4,2.0,0.1,0.5,0.4,0.0,0.1,0.0,11.646164013446874,58.230820067234376,0.14650915915314316,0.0,0.0,5.0,0.0,0.5,0.5,0.0,0.0,0,0,0,0,0,0.0
H1_30,M,True,4-3-3,4,0,0,0,0,0,4,3,3,0,29,1,0,11.09522051282051,37.705757138653084,2.0,2.0,2.0,1,5,3,13,0,4,2.0,0.23076923076923078,0.6153846153846154,0.15384615384615385,0.25,0.22727272727272727,0.0,9.432226206224403,75.45780964979522,0.32336598344135764,0.28233021040634293,11.09522051282051,8.0,2.0,2.5,1.0,1.0,1.0,0,0,0,0,0,0.0
H1_45,M,True,4-3-3,4,0,0,0,0,0,4,3,3,0,44,5,0,0.0,26.17274906511928,2.0,1.0,0.0,1,8,3,16,0,6,2.0,0.2647058823529412,0.5588235294117647,0.17647058823529413,0.25,0.26666666666666666,0.0,11.058698004864675,44.2347920194587,0.2958389524427514,0.0,0.0,4.0,0.0,1.5,1.0,0.0,0.5,0,0,0,0,0,0.0
H2_15,M,True,4-3-3,4,0,0,0,0,0,4,3,3,0,59,8,0,0.0,42.24786616411758,2.0,1.0,0.0,1,11,3,22,0,7,2.0,0.2727272727272727,0.5681818181818182,0.1590909090909091,0.25,0.275,0.0,13.078376989786022,65.39188494893011,0.323036002075123,0.0,0.0,5.0,0.0,1.5,1.0,0.0,0.5,0,0,0,0,0,0.0
H1_15,M,True,4-3-3,2,0,0,0,0,1,4,3,3,0,14,1,0,22.978379487179485,33.74207452574526,2.0,1.0,2.0,1,3,1,7,0,4,2.0,0.25,0.5,0.25,0.5,0.21428571428571427,0.0,14.882563398415565,119.06050718732452,0.2382001192204032,0.19181564235851856,22.978379487179485,8.0,1.0,2.0,1.0,1.0,0.5,0,0,0,0,0,0.0
H1_30,M,True,4-3-3,6,1,1,1,1,0,4,3,3,0,29,3,1,20.97389589041096,74.50438521586997,2.0,1.0,2.0,2,7,3,10,1,8,2.0,0.2903225806451613,0.41935483870967744,0.2903225806451613,0.3333333333333333,0.28,0.16666666666666666,13.183230721826275,98.87423041369706,0.48282692419851353,0.29062399793607874,20.97389589041096,7.5,2.0,2.5,0.5,1.0,0.5,1,0,0,0,1,1.0
H1_45,M,True,4-3-3,7,2,1,2,2,0,4,3,3,0,44,8,2,0.0,16.99898095238095,2.0,0.0,1.0,2,9,4,12,1,13,2.0,0.2682926829268293,0.3902439024390244,0.34146341463414637,0.2857142857142857,0.2647058823529412,0.14285714285714285,13.289263755912296,66.44631877956148,0.1279151446205455,0.17771696092019035,0.0,5.0,0.5,1.0,1.0,0.5,0.0,2,0,0,0,2,1.0
H2_15,M,True,4-3-3,8,2,1,2,2,0,4,3,3,0,59,13,2,7.698857142857142,17.02041309328969,2.0,1.0,1.0,3,11,4,17,1,17,2.0,0.2641509433962264,0.39622641509433965,0.33962264150943394,0.375,0.24444444444444444,0.125,9.424480972714798,56.54688583628879,0.21857322353447198,0.06807498794139097,7.698857142857142,6.0,0.5,1.5,0.5,0.5,0.5,2,0,0,0,2,1.0
H2_30,M,True,4-3-3,1,0,0,0,0,0,4,3,3,0,1,0,0,0.0,41.211623809523815,0.0,0.0,0.0,0,1,1,0,0,0,2.0,0.5,0.5,0.0,0.0,1.0,0.0,26.599177758420442,26.599177758420442,0.7746785292353171,0.22532147076468292,0.0,1.0,0.5,0.5,0.5,0.5,0.0,0,0,0,0,0,0.0
H2_30,D,True,4-3-3,0,0,0,0,0,0,4,3,3,0,1,0,0,0.0,0.0,0.0,0.0,0.0,0,0,0,1,0,0,1.0,0.0,1.0,0.0,0.0,0.0,0.0,4.760890909090908,4.760890909090908,0.0,0.0,0.0,1.0,0.0,0.0,0.0,0.0,0.0,0,0,0,0,0,0.0
H1_15,M,True,4-3-3,2,0,0,0,0,0,4,3,3,0,14,3,2,18.500852459016397,5.7246999999999995,2.0,0.0,2.0,1,1,0,5,1,5,2.0,0.15384615384615385,0.38461538461538464,0.46153846153846156,0.5,0.09090909090909091,0.5,12.588979746111177,81.82836834972265,0.14802661318798313,0.2481224171368497,18.500852459016397,6.5,1.0,1.0,1.0,1.0,0.0,0,0,0,0,0,0.0
H1_30,M,True,4-3-3,3,0,0,0,0,0,4,3,3,0,29,3,2,0.0,0.0,1.0,0.0,1.0,1,1,0,5,2,8,2.0,0.11764705882352941,0.29411764705882354,0.5882352941176471,0.3333333333333333,0.07142857142857142,0.6666666666666666,8.02698706231045,32.1079482492418,0.0,0.31836180764636146,0.0,4.0,1.0,0.0,0.0,1.0,0.0,0,0,0,0,0,0.0
H1_45,M,True,4-3-3,4,1,0,1,1,0,4,3,3,0,44,5,4,0.0,7.677005714285715,2.0,0.0,1.0,1,2,1,8,2,10,2.0,0.125,0.375,0.5,0.25,0.1,0.5,11.25166416271559,39.38082456950457,0.09747136833989223,0.07708435482826774,0.0,3.5,0.5,0.5,0.5,0.5,0.0,1,0,1,0,1,1.0
H2_15,M,True,4-3-3,4,1,0,1,1,0,4,3,3,0,59,6,4,0.0,14.09232786885246,2.0,0.0,0.0,1,3,1,9,2,15,2.0,0.12903225806451613,0.3225806451612903,0.5483870967741935,0.25,0.1111111111111111,0.5,15.028707517352155,52.60047631073254,0.1339562762284063,0.0,0.0,3.5,0.0,0.5,0.5,0.0,0.0,1,0,1,0,1,1.0
H2_30,M,True,4-3-3,4,1,0,1,1,0,4,3,3,0,74,9,4,0.0,0.0,1.0,0.0,0.0,1,3,1,11,2,16,2.0,0.11764705882352941,0.35294117647058826,0.5294117647058824,0.25,0.1,0.5,7.107557050505051,21.322671151515152,0.0,0.0,0.0,3.0,0.0,0.0,0.0,0.0,0.0,1,0,1,0,1,1.0
H1_15,M,True,4-3-3,2,0,0,0,0,1,4,3,3,0,14,0,0,0.0,15.24166875,2.0,0.0,2.0,0,1,1,3,1,3,2.0,0.1111111111111111,0.4444444444444444,0.4444444444444444,0.0,0.14285714285714285,0.5,13.663192675763959,61.48436704093782,0.12394751286820371,0.3344004455679682,0.0,4.5,1.0,0.5,0.5,1.0,0.0,0,0,0,0,0,0.0
H1_30,M,True,4-3-3,9,1,1,0,1,0,4,3,3,0,29,1,1,29.34881948717949,27.974308616487455,2.0,1.0,2.0,3,4,4,10,2,3,2.0,0.2692307692307692,0.5384615384615384,0.19230769230769232,0.3333333333333333,0.23529411764705882,0.2222222222222222,11.260916465009457,95.71778995258038,0.2994382137952905,0.4915938561615954,9.78293982905983,8.5,3.5,3.0,0.5,1.0,0.5,1,0,0,0,0,0.0
H1_45,M,True,4-3-3,13,1,1,0,1,0,4,3,3,0,44,2,2,35.19271948717949,63.5984932123656,2.0,2.0,2.0,5,7,6,17,2,4,2.0,0.2926829268292683,0.5609756097560976,0.14634146341463414,0.38461538461538464,0.25,0.15384615384615385,14.897830352816309,111.73372764612232,0.4420832222318396,0.27923092582681586,17.596359743589744,7.5,2.0,2.5,1.0,1.0,1.0,1,0,0,0,0,0.0
H2_15,M,True,4-3-3,17,1,1,0,1,0,4,3,3,0,59,5,2,14.240130612244895,7.605529411764706,2.0,1.0,2.0,6,8,9,24,2,7,2.0,0.25,0.5892857142857143,0.16071428571428573,0.35294117647058826,0.20512820512820512,0.11764705882352941,13.03780345643861,97.78352592328957,0.11170419463677017,0.4245650960148458,14.240130612244895,7.5,2.0,1.0,0.5,1.0,0.5,1,0,0,0,0,0.0
H2_30,M,True,4-3-3,18,1,1,0,1,0,4,3,3,0,74,6,2,0.0,15.472433898305084,1.0,0.0,1.0,6,9,9,27,3,8,2.0,0.24193548387096775,0.5806451612903226,0.1774193548387097,0.3333333333333333,0.20454545454545456,0.16666666666666666,8.996566293791632,26.9896988813749,0.28663591184009707,0.25090991227755516,0.0,3.0,0.5,0.5,0.5,0.5,0.0,1,0,0,0,0,0.0
H1_15,D,True,4-3-3,3,0,0,0,0,0,4,3,3,0,14,1,2,0.0,11.692576,1.0,0.0,1.0,0,1,1,2,2,5,1.0,0.09090909090909091,0.2727272727272727,0.6363636363636364,0.0,0.125,0.6666666666666666,12.136711294175113,133.50382423592623,0.08758233007121229,0.3186859185066152,0.0,11.0,3.0,1.0,1.0,1.0,0.0,0,0,0,0,0,0.0
H1_30,D,True,4-3-3,4,0,0,0,0,0,4,3,3,0,29,1,4,0.0,5.846725925925925,2.0,0.0,1.0,0,2,2,4,2,6,2.0,0.125,0.375,0.5,0.0,0.16666666666666666,0.5,11.250218486638577,28.12554621659644,0.1039397756207107,0.33976640138498315,0.0,2.5,0.5,0.5,0.5,0.5,0.0,0,0,0,0,0,0.0
H1_45,D,True,4-3-3,4,0,0,0,0,0,4,3,3,0,44,2,5,0.0,33.41828855649197,2.0,1.0,0.0,0,5,2,6,2,7,2.0,0.22727272727272727,0.36363636363636365,0.4090909090909091,0.0,0.2777777777777778,0.5,11.88703615135672,35.66110845407016,0.46855369904630373,0.0,0.0,3.0,0.0,1.5,1.0,0.0,0.5,0,0,0,0,0,0.0
H2_15,D,True,4-3-3,6,0,0,0,0,0,4,3,3,0,59,3,7,0.0,51.57039682539681,2.0,1.0,1.0,0,8,3,8,3,8,2.0,0.26666666666666666,0.36666666666666664,0.36666666666666664,0.0,0.3333333333333333,0.5,14.938344778029984,59.75337911211994,0.43152703321289365,0.41639287701999794,0.0,4.0,1.0,1.5,1.0,0.5,0.5,0,0,0,0,0,0.0
H2_30,D,True,4-3-3,9,0,0,0,0,0,4,3,3,0,74,5,7,6.921083333333334,16.43969677419355,2.0,1.0,1.0,1,9,4,10,4,10,2.0,0.2631578947368421,0.3684210526315789,0.3684210526315789,0.1111111111111111,0.3103448275862069,0.4444444444444444,9.779188876482223,39.11675550592889,0.29860324310366326,0.33051180949593517,6.921083333333334,4.0,1.5,1.0,0.5,0.5,0.5,0,0,0,0,0,0.0
H1_15,D,True,4-3-3,2,0,0,0,0,0,4,3,3,0,14,2,1,24.998575609756095,6.086016000000001,2.0,1.0,2.0,1,1,0,8,1,5,2.0,0.125,0.5,0.375,0.5,0.07142857142857142,0.5,14.756586115669311,118.05268892535449,0.13165558486097295,0.2599663911235631,24.998575609756095,8.0,1.0,1.0,0.5,1.0,0.5,0,0,0,0,0,0.0
H1_30,D,True,4-3-3,4,0,0,0,0,0,4,3,3,0,29,2,2,0.0,5.085333333333333,2.0,0.0,2.0,1,2,2,10,1,7,2.0,0.13043478260869565,0.5217391304347826,0.34782608695652173,0.25,0.10526315789473684,0.25,12.318779613204132,43.115728646214464,0.05897306496964214,0.394581146383046,0.0,3.5,1.0,0.5,0.5,1.0,0.0,0,0,0,0,0,0.0
H1_45,D,True,4-3-3,4,0,0,0,0,0,4,3,3,0,44,4,2,0.0,39.84801443137255,2.0,0.0,0.0,1,4,2,13,1,9,2.0,0.16666666666666666,0.5,0.3333333333333333,0.25,0.15384615384615385,0.25,12.439953634737893,43.53983772158263,0.4576040761357724,0.0,0.0,3.5,0.0,1.0,1.0,0.0,0.0,0,0,0,0,0,0.0
H2_15,D,True,4-3-3,4,0,0,0,0,0,4,3,3,0,59,7,4,0.0,0.0,1.0,0.0,0.0,1,4,2,13,1,12,2.0,0.15151515151515152,0.45454545454545453,0.3939393939393939,0.25,0.13793103448275862,0.25,14.668452053998855,44.005356161996566,0.0,0.0,0.0,3.0,0.0,0.0,0.0,0.0,0.0,0,0,0,0,0,0.0
H2_30,D,True,4-3-3,6,0,0,0,0,0,4,3,3,0,74,7,4,39.60714285714286,0.0,2.0,0.0,2.0,2,4,2,16,2,17,2.0,0.13953488372093023,0.4186046511627907,0.4418604651162791,0.3333333333333333,0.10810810810810811,0.3333333333333333,11.865694062205467,59.32847031102733,0.3337954160077267,0.4062449930507781,39.60714285714286,5.0,1.0,0.5,0.5,1.0,0.0,0,0,0,0,0,0.0
H1_15,D,False,4-2-3-1,1,0,0,0,0,0,4,2,3,1,14,5,1,0.0,94.31534698427522,2.0,2.0,1.0,0,7,1,2,0,1,2.0,0.6363636363636364,0.2727272727272727,0.09090909090909091,0.0,0.7,0.0,13.463523006919257,74.04937653805591,0.6368409255667676,0.053318091429741615,0.0,5.5,0.5,3.5,1.0,0.5,1.0,0,0,0,0,0,0.0
H1_30,D,False,4-2-3-1,6,0,0,0,0,0,4,2,3,1,29,11,1,7.953428571428572,13.02044,2.0,1.0,2.0,1,9,4,8,1,2,2.0,0.4,0.48,0.12,0.16666666666666666,0.47368421052631576,0.16666666666666666,13.255565073065709,92.78895551145996,0.11301920824423,0.4949160330139588,7.953428571428572,7.0,2.5,1.5,1.0,1.0,0.5,0,0,0,0,0,0.0
H1_45,D,False,4-2-3-1,8,0,0,0,0,0,4,2,3,1,44,18,2,0.0,16.313505792682925,2.0,0.0,1.0,1,11,4,13,3,5,2.0,0.32432432432432434,0.4594594594594595,0.21621621621621623,0.125,0.3793103448275862,0.375,13.725330473351091,82.35198284010654,0.09904743777910606,0.17509130644409887,0.0,6.0,1.0,1.0,1.0,0.5,0.0,0,0,0,0,0,0.0
H2_15,D,False,4-2-3-1,10,0,0,0,0,0,4,2,3,1,59,19,3,0.0,5.351808,2.0,0.0,1.0,1,12,5,18,4,5,2.0,0.28888888888888886,0.5111111111111111,0.2,0.1,0.34285714285714286,0.4,9.652975094449626,38.611900377798506,0.06930257184488699,0.28791504251284283,0.0,4.0,1.0,0.5,0.5,0.5,0.0,0,0,0,0,0,0.0
H2_30,D,False,4-2-3-1,12,0,0,0,0,0,4,2,3,1,74,22,3,8.082924137931034,6.773142857142857,2.0,1.0,2.0,2,13,6,20,4,7,2.0,0.28846153846153844,0.5,0.21153846153846154,0.16666666666666666,0.325,0.3333333333333333,8.491418581344359,29.719965034705254,0.24993412639829551,0.28529134289798375,8.082924137931034,3.5,1.0,1.0,0.5,1.0,0.5,0,0,0,0,0,0.0
H1_15,D,False,4-2-3-1,0,0,0,0,0,0,4,2,3,1,14,15,3,0.0,42.28647031911676,2.0,1.0,0.0,0,3,0,2,0,2,2.0,0.42857142857142855,0.2857142857142857,0.2857142857142857,0.0,0.42857142857142855,0.0,15.76096241405254,55.16336844918389,0.38328397547070353,0.0,0.0,3.5,0.0,1.5,1.0,0.0,0.5,0,0,0,0,0,0.0
H1_30,D,False,4-2-3-1,2,0,0,0,0,0,4,2,3,1,29,30,4,0.0,0.0,1.0,0.0,1.0,0,3,1,5,1,5,2.0,0.2,0.4,0.4,0.0,0.23076923076923078,0.5,15.9953868323337,63.9815473293348,0.0,0.29283476902522315,0.0,4.0,1.0,0.0,0.0,0.5,0.0,0,0,0,0,0,0.0
H1_45,D,False,4-2-3-1,2,0,0,0,0,0,4,2,3,1,44,37,5,0.0,5.11865,1.0,0.0,0.0,0,4,1,6,1,7,2.0,0.21052631578947367,0.3684210526315789,0.42105263157894735,0.0,0.23529411764705882,0.5,14.890666427877015,29.78133285575403,0.0859372215607709,0.0,0.0,2.0,0.0,0.5,0.5,0.0,0.0,0,0,0,0,0,0.0
H2_15,D,False,4-2-3-1,2,1,1,1,1,0,4,2,3,1,59,48,7,0.0,23.671136796536796,1.0,0.0,0.0,0,6,1,7,1,7,2.0,0.2727272727272727,0.36363636363636365,0.36363636363636365,0.0,0.3,0.5,11.320553746993745,16.980830620490618,0.6969958456558963,0.0,0.0,1.5,0.0,1.0,1.0,0.0,0.0,1,1,1,0,1,1.0
H2_30,D,False,4-2-3-1,2,1,1,1,1,0,4,2,3,1,74,56,7,0.0,20.70484597701149,2.0,0.0,0.0,0,7,1,9,1,9,2.0,0.25925925925925924,0.37037037037037035,0.37037037037037035,0.0,0.28,0.5,12.605772164621277,31.514430411553192,0.32849786124360814,0.0,0.0,2.5,0.0,0.5,0.5,0.0,0.0,1,1,1,0,1,1.0
H1_15,D,False,4-2-3-1,0,0,0,0,0,0,4,2,3,1,14,16,1,0.0,42.263556085229325,2.0,1.0,0.0,0,3,0,2,0,1,2.0,0.5,0.3333333333333333,0.16666666666666666,0.0,0.5,0.0,11.820384600949525,35.46115380284858,0.595913436999254,0.0,0.0,3.0,0.0,1.5,1.0,0.0,0.5,0,0,0,0,0,0.0
H1_30,D,False,4-2-3-1,1,0,0,0,0,0,4,2,3,1,29,33,1,0.0,27.013228289473687,2.0,1.0,1.0,0,6,0,5,1,4,2.0,0.375,0.3125,0.3125,0.0,0.4,1.0,16.235546470162056,81.17773235081029,0.16638324025076104,0.05603566831838313,0.0,5.0,0.5,1.5,1.0,0.5,0.5,0,0,0,0,0,0.0
H1_45,D,False,4-2-3-1,1,0,0,0,0,0,4,2,3,1,44,39,1,0.0,22.839255826558272,1.0,1.0,0.0,0,8,0,6,1,4,2.0,0.42105263157894735,0.3157894736842105,0.2631578947368421,0.0,0.4444444444444444,1.0,13.9148442498784,41.7445327496352,0.5471196902247724,0.0,0.0,3.0,0.0,2.0,1.0,0.0,1.0,0,0,0,0,0,0.0
H2_15,D,False,4-2-3-1,1,0,0,0,0,0,4,2,3,1,59,54,1,0.0,0.0,1.0,0.0,0.0,0,8,0,8,1,5,2.0,0.36363636363636365,0.36363636363636365,0.2727272727272727,0.0,0.38095238095238093,1.0,7.453258088235295,11.179887132352942,0.0,0.0,0.0,1.5,0.0,0.0,0.0,0.0,0.0,0,0,0,0,0,0.0
H2_30,D,False,4-2-3-1,2,0,0,0,0,0,4,2,3,1,74,57,4,0.0,25.95917959183673,2.0,0.0,1.0,0,9,1,8,1,7,2.0,0.34615384615384615,0.34615384615384615,0.3076923076923077,0.0,0.375,0.5,17.911161180437254,35.82232236087451,0.3623324491684771,0.11253395426450195,0.0,2.0,0.5,0.5,0.5,0.5,0.0,0,0,0,0,0,0.0
H1_15,M,False,4-2-3-1,3,0,0,0,0,0,4,2,3,1,14,5,1,13.255438297872344,4.658181818181819,2.0,1.0,2.0,1,1,2,4,0,1,2.0,0.2222222222222222,0.6666666666666666,0.1111111111111111,0.3333333333333333,0.16666666666666666,0.0,13.455567070682116,60.55005181806953,0.1479240692466949,0.5887032582947591,13.255438297872344,4.5,1.5,1.0,0.5,1.0,0.5,0,0,0,0,0,0.0
H1_30,M,False,4-2-3-1,6,0,0,0,0,0,4,2,3,1,29,10,2,10.07611111111111,31.308178852353322,2.0,1.0,1.0,2,3,3,6,1,5,2.0,0.25,0.45,0.3,0.3333333333333333,0.21428571428571427,0.16666666666666666,14.787538783941365,81.33146331167751,0.25441746821197614,0.4247668179698665,10.07611111111111,5.5,1.5,1.5,1.0,0.5,0.5,0,0,0,0,0,0.0
H1_45,M,False,4-2-3-1,6,0,0,0,0,0,4,2,3,1,44,13,4,0.0,10.285831111111111,2.0,0.0,0.0,2,4,3,10,1,5,2.0,0.24,0.52,0.24,0.3333333333333333,0.21052631578947367,0.16666666666666666,14.66716203004403,36.66790507511008,0.14025659619825218,0.0,0.0,2.5,0.0,0.5,0.5,0.0,0.0,0,0,0,0,0,0.0
H2_15,M,False,4-2-3-1,7,0,0,0,0,0,4,2,3,1,59,16,5,24.900064367816093,58.1597398423573,2.0,1.0,1.0,3,8,3,11,1,7,2.0,0.3333333333333333,0.42424242424242425,0.24242424242424243,0.42857142857142855,0.3076923076923077,0.14285714285714285,17.814932990060505,71.25973196024202,0.5827962155156223,0.1747134298912926,24.900064367816093,4.0,0.5,2.5,1.0,0.5,0.5,0,0,0,0,0,0.0
H2_30,M,False,4-2-3-1,7,0,0,0,0,0,4,2,3,1,74,19,5,0.0,30.83551441906166,1.0,1.0,0.0,3,10,3,13,1,7,2.0,0.35135135135135137,0.43243243243243246,0.21621621621621623,0.42857142857142855,0.3333333333333333,0.14285714285714285,14.14962015727683,56.59848062910732,0.5448116994717284,0.0,0.0,4.0,0.0,2.0,1.0,0.0,1.0,0,0,0,0,0,0.0
H1_15,M,False,4-2-3-1,3,0,0,0,0,0,4,2,3,1,14,4,0,17.15564912280702,58.78262571420827,2.0,1.0,2.0,1,4,2,5,0,1,2.0,0.38461538461538464,0.5384615384615384,0.07692307692307693,0.3333333333333333,0.4,0.0,14.04165116349383,91.2707325627099,0.4160056170516653,0.31326878499979643,17.15564912280702,6.5,1.5,2.5,1.0,1.0,0.5,0,0,0,0,0,0.0
H1_30,M,False,4-2-3-1,3,0,0,0,0,0,4,2,3,1,29,7,0,0.0,39.379573758599136,2.0,1.0,0.0,1,7,2,8,0,4,2.0,0.36363636363636365,0.45454545454545453,0.18181818181818182,0.3333333333333333,0.3684210526315789,0.0,20.073004852782972,90.32852183752337,0.21797973086193284,0.0,0.0,4.5,0.0,1.5,1.0,0.0,0.5,0,0,0,0,0,0.0
H1_45,M,False,4-2-3-1,3,0,0,0,0,0,4,2,3,1,44,9,1,0.0,49.485353536297985,2.0,1.0,0.0,1,11,2,11,0,5,2.0,0.4,0.43333333333333335,0.16666666666666666,0.3333333333333333,0.4074074074074074,0.0,9.990418053798676,39.9616722151947,0.6191601951717385,0.0,0.0,4.0,0.0,2.0,1.0,0.0,0.5,0,0,0,0,0,0.0
H1_15,A,False,4-2-3-1,2,0,0,0,0,0,4,2,3,1,14,6,0,9.46284705882353,57.057824610706,2.0,1.0,1.0,1,6,1,3,0,0,2.0,0.6363636363636364,0.36363636363636365,0.0,0.5,0.6666666666666666,0.0,12.181046775723217,66.9957572664777,0.49645436057198,0.18807900293456065,9.46284705882353,5.5,1.0,3.5,1.0,0.5,0.5,0,0,0,0,0,0.0
H1_30,A,False,4-2-3-1,3,0,0,0,0,0,4,2,3,1,29,11,1,0.0,11.891711999999998,2.0,0.0,1.0,1,7,2,5,0,2,2.0,0.47058823529411764,0.4117647058823529,0.11764705882352941,0.3333333333333333,0.5,0.0,13.282605317247414,39.84781595174224,0.14921410014543174,0.1251151561311037,0.0,3.0,0.5,0.5,0.5,0.5,0.0,0,0,0,0,0,0.0
H1_45,A,False,4-2-3-1,3,0,0,0,0,0,4,2,3,1,44,17,1,0.0,30.800463606981246,2.0,1.0,0.0,1,9,2,10,0,3,2.0,0.4,0.48,0.12,0.3333333333333333,0.4090909090909091,0.0,13.170894018145058,52.68357607258023,0.29231561240782683,0.0,0.0,4.0,0.0,1.0,0.5,0.0,0.5,0,0,0,0,0,0.0
H2_15,A,False,4-2-3-1,6,1,0,1,1,0,4,2,3,1,59,26,1,21.130593750000003,83.33118067900743,2.0,2.0,2.0,2,16,3,11,1,4,2.0,0.4864864864864865,0.3783783783783784,0.13513513513513514,0.3333333333333333,0.5161290322580645,0.16666666666666666,16.397799067409434,98.38679440445661,0.5308729441858695,0.5118734580710793,21.130593750000003,6.0,1.5,4.0,1.0,1.0,1.0,1,0,0,1,1,1.0
H1_15,A,False,4-2-3-1,2,0,0,0,0,0,4,2,3,1,14,3,0,37.36267619280646,120.34303029422162,2.0,2.0,2.0,2,9,0,3,0,2,2.0,0.6875,0.1875,0.125,1.0,0.6428571428571429,0.0,12.909500013473004,103.27600010778403,0.7635157554632173,0.18088750607020457,18.68133809640323,8.0,1.0,5.5,1.0,1.0,1.0,0,0,0,0,0,0.0
H1_30,A,False,4-2-3-1,4,2,1,2,2,0,4,2,3,1,29,5,0,14.497728,37.175643341833634,2.0,1.0,2.0,3,13,1,3,0,3,2.0,0.6956521739130435,0.17391304347826086,0.13043478260869565,0.75,0.6842105263157895,0.0,11.926599306097668,41.743097571341835,0.6189450992888139,0.3726069364431147,14.497728,3.5,1.0,2.5,1.0,1.0,0.5,2,0,0,0,2,1.0
H1_45,A,False,4-2-3-1,8,2,1,2,2,0,4,2,3,1,44,7,0,42.67265358641359,45.65522243599682,2.0,1.0,2.0,5,19,2,5,1,4,2.0,0.6666666666666666,0.19444444444444445,0.1388888888888889,0.625,0.6785714285714286,0.125,10.73248959561147,69.76118237147456,0.6330732437422663,0.40815845775665216,21.336326793206794,6.5,2.0,4.0,0.5,1.0,0.5,2,0,0,0,2,1.0
H2_15,A,False,4-2-3-1,12,2,1,2,2,0,4,2,3,1,59,11,0,7.526133333333333,71.45028265597988,2.0,2.0,2.0,6,24,5,9,1,5,2.0,0.6,0.28,0.12,0.5,0.631578947368421,0.08333333333333333,11.878469600343026,83.14928720240118,0.4749073542691328,0.2816317541674038,7.526133333333333,7.0,2.0,3.0,1.0,1.0,1.0,2,0,0,0,2,1.0
H2_30,A,False,4-2-3-1,15,2,1,2,2,0,4,2,3,1,74,12,0,29.04567585034013,62.087064660556834,2.0,2.0,2.0,8,29,5,10,2,6,2.0,0.6166666666666667,0.25,0.13333333333333333,0.5333333333333333,0.6444444444444445,0.13333333333333333,13.525981878840891,67.62990939420446,0.6737606284498925,0.34001440465756544,14.522837925170066,5.0,1.5,3.5,1.0,1.0,1.0,2,0,0,0,2,1.0
H1_15,M,False,4-2-3-1,2,0,0,0,0,0,4,2,3,1,14,8,0,33.647690032534754,49.94115690076254,1.0,1.0,1.0,2,5,0,4,0,0,2.0,0.6363636363636364,0.36363636363636365,0.0,1.0,0.5555555555555556,0.0,10.85194081965878,59.6856745081233,0.7002421236097512,0.28187408712249085,16.823845016267377,5.5,1.0,3.5,0.5,0.5,0.5,0,0,0,0,0,0.0
H1_30,M,False,4-2-3-1,4,0,0,0,0,0,4,2,3,1,29,13,0,7.0542307692307675,31.88474145712444,2.0,1.0,2.0,3,7,1,8,0,0,2.0,0.5263157894736842,0.47368421052631576,0.0,0.75,0.4666666666666667,0.0,13.643961477303725,54.5758459092149,0.3567418111221665,0.24660221479502636,7.0542307692307675,4.0,1.0,1.5,1.0,1.0,0.5,0,0,0,0,0,0.0
H1_45,M,False,4-2-3-1,4,0,0,0,0,0,4,2,3,1,44,18,0,0.0,32.370464810126585,1.0,0.0,0.0,3,9,1,9,0,0,2.0,0.5454545454545454,0.45454545454545453,0.0,0.75,0.5,0.0,12.66041134696527,18.990617020447907,0.8522752255830365,0.0,0.0,1.5,0.0,1.0,1.0,0.0,0.0,0,0,0,0,0,0.0
H2_15,M,False,4-2-3-1,5,1,0,1,1,0,4,2,3,1,59,34,2,11.703024390243902,25.225498775949866,2.0,1.0,1.0,4,12,1,12,0,3,2.0,0.5,0.40625,0.09375,0.8,0.4444444444444444,0.0,13.088998289375084,65.44499144687542,0.2821340667159402,0.08941115379122451,11.703024390243902,5.0,0.5,2.0,1.0,0.5,0.5,1,0,0,0,1,1.0
H2_30,M,False,4-2-3-1,5,2,0,2,2,0,4,2,3,1,74,40,3,0.0,0.0,1.0,0.0,0.0,4,12,1,15,0,3,2.0,0.45714285714285713,0.45714285714285713,0.08571428571428572,0.8,0.4,0.0,17.467617017465294,26.20142552619794,0.0,0.0,0.0,1.5,0.0,0.0,0.0,0.0,0.0,2,0,0,1,2,1.0
H1_15,A,False,4-2-3-1,2,1,0,1,1,0,4,2,3,1,14,8,0,11.82753,57.97763077735378,1.0,1.0,1.0,1,4,1,2,0,0,2.0,0.625,0.375,0.0,0.5,0.6666666666666666,0.0,14.038685345020873,56.15474138008349,0.6215428925660738,0.1585239976559902,11.82753,4.0,1.0,2.5,0.5,0.5,0.5,1,1,0,1,1,1.0
H1_30,A,False,4-2-3-1,3,1,0,1,1,0,4,2,3,1,29,19,0,0.0,5.432448000000001,2.0,0.0,1.0,1,5,2,5,0,0,2.0,0.46153846153846156,0.5384615384615384,0.0,0.3333333333333333,0.5,0.0,17.136127651765378,42.840319129413444,0.06340344925523878,0.2373970429268445,0.0,2.5,0.5,0.5,0.5,0.5,0.0,1,1,0,1,1,1.0
H1_45,A,False,4-2-3-1,4,1,0,1,1,0,4,2,3,1,44,28,1,19.818349206349204,30.877431786469344,2.0,2.0,1.0,2,9,2,7,0,1,2.0,0.5238095238095238,0.42857142857142855,0.047619047619047616,0.5,0.5294117647058824,0.0,11.187229031014247,44.74891612405699,0.5664470269209999,0.2214394327608627,19.818349206349204,4.0,0.5,2.5,1.0,0.5,1.0,1,1,0,1,1,1.0
H2_15,A,False,4-2-3-1,6,2,0,2,2,0,4,2,3,1,59,42,1,35.649625925925925,58.73052903591544,2.0,2.0,2.0,3,15,3,8,0,1,2.0,0.6,0.36666666666666664,0.03333333333333333,0.5,0.625,0.0,13.924020970764431,62.65809436843994,0.7531361742895537,0.4227080479631347,35.649625925925925,4.5,1.0,3.5,1.0,1.0,1.0,2,1,0,1,2,1.0
H2_30,A,False,4-2-3-1,7,3,0,2,3,0,4,2,3,1,74,46,1,22.263090909090906,29.39083411764706,1.0,1.0,0.0,4,18,3,8,0,1,2.0,0.6470588235294118,0.3235294117647059,0.029411764705882353,0.5714285714285714,0.6666666666666666,0.0,12.913481256684491,25.826962513368983,1.0,0.4310048248524524,22.263090909090906,2.0,0.5,2.0,1.0,0.5,0.5,3,1,0,1,2,0.6666666666666666
H1_15,D,False,4-2-3-1,4,0,0,0,0,0,4,2,3,1,14,10,0,60.952396388519965,22.571903896103898,2.0,1.0,2.0,3,2,1,6,0,1,2.0,0.38461538461538464,0.5384615384615384,0.07692307692307693,0.75,0.2222222222222222,0.0,13.05941317733389,84.88618565267029,0.49197816842884856,0.39360050821480835,20.317465462839987,6.5,2.0,2.5,1.0,1.0,0.5,0,0,0,0,0,0.0
H1_30,D,False,4-2-3-1,8,0,0,0,0,0,4,2,3,1,29,19,0,42.81451202239789,78.51384377393143,2.0,1.0,2.0,6,10,1,8,1,4,2.0,0.5333333333333333,0.3,0.16666666666666666,0.75,0.45454545454545453,0.125,13.523969214239006,114.95373832103155,0.5277268819979362,0.33793045607842503,14.271504007465964,8.5,2.0,5.5,1.0,1.0,0.5,0,0,0,0,0,0.0
H1_45,D,False,4-2-3-1,10,0,0,0,0,0,4,2,3,1,44,26,3,14.12180425531915,19.00453806609547,2.0,1.0,2.0,7,12,1,13,2,5,2.0,0.475,0.35,0.175,0.7,0.4,0.2,11.485081592675169,57.42540796337585,0.2884293163623807,0.3002897517708091,14.12180425531915,5.0,1.0,1.5,0.5,1.0,0.5,0,0,0,0,0,0.0
H2_15,D,False,4-2-3-1,10,1,1,1,1,0,4,2,3,1,59,31,3,0.0,52.30262293087691,2.0,1.0,0.0,7,16,1,14,2,7,2.0,0.48936170212765956,0.3191489361702128,0.19148936170212766,0.7,0.43243243243243246,0.2,12.721140293980147,44.52399102893052,0.5873532641861782,0.0,0.0,3.5,0.0,2.0,1.0,0.0,0.5,1,0,0,0,1,1.0
H1_15,G,False,4-2-3-1,0,0,0,0,0,0,4,2,3,1,14,1,0,0.0,0.0,0.0,0.0,0.0,0,0,0,1,0,0,1.0,0.0,1.0,0.0,0.0,0.0,0.0,5.0508173913043475,5.0508173913043475,0.0,0.0,0.0,1.0,0.0,0.0,0.0,0.0,0.0,0,0,0,0,0,0.0
H1_30,G,False,4-2-3-1,0,0,0,0,0,0,4,2,3,1,29,2,0,0.0,0.0,0.0,0.0,0.0,0,0,0,1,0,0,1.0,0.0,1.0,0.0,0.0,0.0,0.0,0.0,0.0,0.0,0.0,0.0,0.0,0.0,0.0,0.0,0.0,0.0,0,0,0,0,0,0.0
H1_45,G,False,4-2-3-1,0,0,0,0,0,0,4,2,3,1,44,3,0,0.0,0.0,0.0,0.0,0.0,0,0,0,1,0,1,1.0,0.0,0.5,0.5,0.0,0.0,0.0,6.112799999999998,6.112799999999998,0.0,0.0,0.0,1.0,0.0,0.0,0.0,0.0,0.0,0,0,0,0,0,0.0
H2_15,G,False,4-2-3-1,0,0,0,0,0,0,4,2,3,1,59,5,0,0.0,0.0,0.0,0.0,0.0,0,0,0,1,0,1,1.0,0.0,0.5,0.5,0.0,0.0,0.0,0.0,0.0,0.0,0.0,0.0,0.0,0.0,0.0,0.0,0.0,0.0,0,0,0,0,0,0.0
H2_30,G,False,4-2-3-1,0,0,0,0,0,0,4,2,3,1,74,7,0,0.0,0.0,0.0,0.0,0.0,0,0,0,1,0,2,2.0,0.0,0.3333333333333333,0.6666666666666666,0.0,0.0,0.0,9.02109,9.02109,0.0,0.0,0.0,1.0,0.0,0.0,0.0,0.0,0.0,0,0,0,0,0,0.0
H2_30,M,False,4-2-3-1,0,0,0,0,0,0,4,2,3,1,10,2,0,0.0,6.952645161290321,2.0,0.0,0.0,0,1,0,6,0,2,2.0,0.1111111111111111,0.6666666666666666,0.2222222222222222,0.0,0.1111111111111111,0.0,11.888371516317685,53.497671823429584,0.0649808199526673,0.0,0.0,4.5,0.0,0.5,0.5,0.0,0.0,0,0,0,0,0,0.0
H2_15,M,False,4-2-3-1,1,2,1,2,2,0,4,2,3,1,14,5,0,13.852851063829789,66.44435015651014,2.0,1.0,1.0,1,5,0,0,0,2,2.0,0.75,0.0,0.25,1.0,0.7142857142857143,0.0,13.745307593018683,54.981230372074734,0.7302237570616764,0.12597800167514736,13.852851063829789,4.0,0.5,3.0,1.0,0.5,0.5,2,0,0,1,2,1.0
H2_30,M,False,4-2-3-1,2,2,1,2,2,0,4,2,3,1,29,7,0,9.834742857142858,57.69639674881216,2.0,2.0,1.0,2,10,0,2,0,2,2.0,0.75,0.125,0.125,1.0,0.7142857142857143,0.0,10.537809756797234,42.151239027188936,0.8010575864969854,0.11666018703268871,9.834742857142858,4.0,0.5,3.0,1.0,0.5,1.0,2,0,0,1,2,1.0
H2_30,A,True,4-3-3,1,0,0,0,0,0,4,3,3,0,10,0,0,17.996574193548383,9.74087441860465,2.0,0.0,1.0,1,1,0,5,0,2,2.0,0.2222222222222222,0.5555555555555556,0.2222222222222222,1.0,0.125,0.0,14.63472494747741,65.85626226364835,0.21059082051384262,0.13663525361871484,17.996574193548383,4.5,0.5,1.0,1.0,0.5,0.0,0,0,0,0,0,0.0
H2_30,A,False,4-2-3-1,3,1,0,1,1,1,4,2,3,1,10,4,0,48.40126319648094,21.300275,2.0,2.0,2.0,2,2,1,0,0,0,2.0,0.8,0.2,0.0,0.6666666666666666,1.0,0.0,18.29948213204981,45.74870533012453,0.7617870024245692,0.7672035214297722,24.20063159824047,2.5,1.5,2.0,1.0,1.0,1.0,1,0,0,0,1,1.0
H1_15,G,True,4-2-3-1,0,0,0,0,0,0,4,2,3,1,14,0,0,0.0,0.0,0.0,0.0,0.0,0,0,0,0,0,0,0.0,0.0,0.0,0.0,0.0,0.0,0.0,0.0,0.0,0.0,0.0,0.0,0.0,0.0,0.0,0.0,0.0,0.0,0,0,0,0,0,0.0
H1_30,G,True,4-2-3-1,0,0,0,0,0,0,4,2,3,1,29,0,0,0.0,0.0,0.0,0.0,0.0,0,0,0,0,0,0,0.0,0.0,0.0,0.0,0.0,0.0,0.0,0.0,0.0,0.0,0.0,0.0,0.0,0.0,0.0,0.0,0.0,0.0,0,0,0,0,0,0.0
H1_45,G,True,4-2-3-1,0,0,0,0,0,0,4,2,3,1,44,0,2,0.0,0.0,0.0,0.0,0.0,0,0,0,0,0,1,1.0,0.0,0.0,1.0,0.0,0.0,0.0,14.016845283018863,14.016845283018863,0.0,0.0,0.0,1.0,0.0,0.0,0.0,0.0,0.0,0,0,0,0,0,0.0
H2_15,G,True,4-2-3-1,0,0,0,0,0,0,4,2,3,1,59,0,3,0.0,0.0,0.0,0.0,0.0,0,0,0,0,0,1,1.0,0.0,0.0,1.0,0.0,0.0,0.0,0.0,0.0,0.0,0.0,0.0,0.0,0.0,0.0,0.0,0.0,0.0,0,0,0,0,0,0.0
H2_30,G,True,4-2-3-1,0,0,0,0,0,0,4,2,3,1,74,0,3,0.0,0.0,0.0,0.0,0.0,0,0,0,0,0,1,1.0,0.0,0.0,1.0,0.0,0.0,0.0,0.0,0.0,0.0,0.0,0.0,0.0,0.0,0.0,0.0,0.0,0.0,0,0,0,0,0,0.0
H1_15,D,True,4-2-3-1,5,0,0,0,0,0,4,2,3,1,14,2,0,22.776,37.98900990273059,2.0,2.0,2.0,2,3,1,3,2,2,2.0,0.38461538461538464,0.3076923076923077,0.3076923076923077,0.4,0.375,0.4,12.331928758740391,80.15753693181254,0.3790349119286277,0.4883981116592638,11.388,6.5,2.5,2.5,1.0,1.0,1.0,0,0,0,0,0,0.0
H1_30,D,True,4-2-3-1,7,0,0,0,0,0,4,2,3,1,29,7,1,0.0,44.48778808250573,2.0,1.0,2.0,2,6,3,5,2,3,2.0,0.38095238095238093,0.38095238095238093,0.23809523809523808,0.2857142857142857,0.42857142857142855,0.2857142857142857,11.805483569260414,47.221934277041655,0.471050040236649,0.2138289211763674,0.0,4.0,1.0,1.5,1.0,1.0,0.5,0,0,0,0,0,0.0
H1_45,D,True,4-2-3-1,8,0,0,0,0,0,4,2,3,1,44,9,1,0.0,58.72951248843663,2.0,1.0,1.0,2,8,3,9,3,8,2.0,0.30303030303030304,0.36363636363636365,0.3333333333333333,0.25,0.32,0.375,19.351178754070983,116.10707252442589,0.2529110036603562,0.14770474222217156,0.0,6.0,0.5,1.0,0.5,0.5,0.5,0,0,0,0,0,0.0
H2_15,D,True,4-2-3-1,9,0,0,0,0,0,4,2,3,1,59,13,3,0.0,14.138358620689658,2.0,0.0,1.0,2,9,4,14,3,11,2.0,0.2558139534883721,0.4186046511627907,0.32558139534883723,0.2222222222222222,0.2647058823529412,0.3333333333333333,13.742840877893105,68.71420438946552,0.10287799113961064,0.16660552698651832,0.0,5.0,0.5,0.5,0.5,0.5,0.0,0,0,0,0,0,0.0
H2_30,D,True,4-2-3-1,13,0,0,0,0,0,4,2,3,1,74,17,3,55.97462983425414,24.76732607392607,2.0,1.0,2.0,3,11,5,18,5,13,2.0,0.2545454545454545,0.41818181818181815,0.32727272727272727,0.23076923076923078,0.2619047619047619,0.38461538461538464,14.744763153224769,88.46857891934862,0.4563312584787177,0.5614408800479742,55.97462983425414,6.0,2.0,1.5,0.5,1.0,0.5,0,0,0,0,0,0.0
H1_15,M,True,4-2-3-1,1,0,0,0,0,0,4,2,3,1,14,5,0,13.17913043478261,46.980122427469006,2.0,1.0,1.0,1,4,0,3,0,5,2.0,0.38461538461538464,0.23076923076923078,0.38461538461538464,1.0,0.3333333333333333,0.0,12.453424848638033,80.94726151614721,0.37159535563937,0.0814056596105704,13.17913043478261,6.5,0.5,2.5,0.5,0.5,0.5,0,0,0,0,0,0.0
H1_30,M,True,4-2-3-1,2,0,0,0,0,0,4,2,3,1,29,10,0,0.0,36.338434462095876,1.0,1.0,1.0,1,7,0,4,1,8,2.0,0.38095238095238093,0.19047619047619047,0.42857142857142855,0.5,0.3684210526315789,0.5,12.839125658217085,51.35650263286834,0.3537861088581911,0.06373649227504874,0.0,4.0,0.5,1.5,0.5,0.5,0.5,0,0,0,0,0,0.0
H1_45,M,True,4-2-3-1,3,0,0,0,0,0,4,2,3,1,44,19,1,0.0,0.0,1.0,0.0,1.0,1,7,0,5,2,12,2.0,0.2962962962962963,0.18518518518518517,0.5185185185185185,0.3333333333333333,0.2916666666666667,0.6666666666666666,12.256440934502004,73.53864560701203,0.0,0.18684253463413478,0.0,6.0,1.0,0.0,0.0,1.0,0.0,0,0,0,0,0,0.0
H2_15,M,True,4-2-3-1,4,0,0,0,0,0,4,2,3,1,59,23,2,11.018210526315787,0.0,1.0,0.0,0.0,2,7,0,12,2,12,2.0,0.2571428571428571,0.34285714285714286,0.4,0.5,0.22580645161290322,0.5,12.645787237692325,50.5831489507693,0.10891186842716537,0.10891186842716537,11.018210526315787,4.0,0.5,0.5,0.5,0.5,0.0,0,0,0,0,0,0.0
H2_30,M,True,4-2-3-1,4,0,0,0,0,0,4,2,3,1,74,24,3,0.0,0.0,1.0,0.0,0.0,2,7,0,14,2,13,2.0,0.23684210526315788,0.3684210526315789,0.39473684210526316,0.5,0.20588235294117646,0.5,16.869387979797978,50.60816393939393,0.0,0.0,0.0,3.0,0.0,0.0,0.0,0.0,0.0,0,0,0,0,0,0.0
H1_15,M,True,4-2-3-1,1,1,0,1,1,0,4,2,3,1,14,6,1,0.0,33.114351306471306,1.0,1.0,1.0,0,3,1,7,0,4,2.0,0.2,0.5333333333333333,0.26666666666666666,0.0,0.21428571428571427,0.0,12.197738667557296,91.48304000667972,0.18098628611408973,0.13322425143414146,0.0,7.5,0.5,1.5,1.0,0.5,0.5,1,0,0,1,1,1.0
H1_30,M,True,4-2-3-1,2,1,0,1,1,0,4,2,3,1,29,10,1,14.467775,50.10362880190797,2.0,1.0,1.0,1,6,1,9,0,9,2.0,0.2692307692307692,0.38461538461538464,0.34615384615384615,0.5,0.25,0.0,16.04601063994584,88.25305851970212,0.36583096883544647,0.08196755581434115,14.467775,5.5,0.5,2.0,1.0,0.5,0.5,1,0,0,1,1,1.0
H1_45,M,True,4-2-3-1,4,1,0,1,1,0,4,2,3,1,44,17,2,14.917559999999998,8.201082352941176,2.0,1.0,2.0,2,7,2,14,0,15,2.0,0.225,0.4,0.375,0.5,0.19444444444444445,0.0,16.876882288531643,118.1381760197215,0.09784577319477931,0.09110289630849992,14.917559999999998,7.0,1.0,1.0,0.5,1.0,0.5,1,0,0,1,1,1.0
H2_15,M,True,4-2-3-1,7,2,0,2,2,0,4,2,3,1,59,22,3,0.0,13.237221052631575,2.0,0.0,2.0,2,8,5,17,0,18,2.0,0.2,0.44,0.36,0.2857142857142857,0.18604651162790697,0.0,16.986298866030026,76.43834489713511,0.08658756982797847,0.204297872039816,0.0,5.0,1.5,0.5,0.5,1.0,0.0,2,0,0,2,2,1.0
H2_30,M,True,4-2-3-1,9,2,0,2,2,0,4,2,3,1,74,24,3,7.284230769230769,55.146592840782155,2.0,2.0,2.0,3,14,6,17,0,18,2.0,0.29310344827586204,0.39655172413793105,0.3103448275862069,0.3333333333333333,0.2857142857142857,0.0,11.183617657133968,44.734470628535874,0.6977932535339834,0.38362305325231183,7.284230769230769,4.0,1.0,3.5,1.0,1.0,1.0,2,0,0,2,2,1.0
H1_15,M,True,4-2-3-1,3,0,0,0,0,1,4,2,3,1,14,2,0,7.929899999999999,43.936640036698506,2.0,2.0,2.0,1,4,0,5,2,2,2.0,0.35714285714285715,0.35714285714285715,0.2857142857142857,0.3333333333333333,0.36363636363636365,0.6666666666666666,10.339611313345383,72.37727919341768,0.3583067822851752,0.25446728139200975,7.929899999999999,7.0,1.5,2.5,1.0,1.0,1.0,0,0,0,0,0,0.0
H1_30,M,True,4-2-3-1,5,1,1,1,1,0,4,2,3,1,29,4,0,49.3273566798419,47.64546475972739,2.0,1.0,1.0,3,10,0,7,2,4,2.0,0.5,0.2692307692307692,0.23076923076923078,0.6,0.47619047619047616,0.4,14.234961246368023,85.40976747820814,0.5676916370502437,0.28876882665924314,24.66367833992095,6.0,1.0,4.0,1.0,0.5,0.5,1,1,0,0,1,1.0
H1_45,M,True,4-2-3-1,9,1,1,1,1,0,4,2,3,1,44,4,0,21.876684057971016,27.155429232804234,2.0,1.0,1.0,4,13,3,13,2,7,2.0,0.40476190476190477,0.38095238095238093,0.21428571428571427,0.4444444444444444,0.3939393939393939,0.2222222222222222,15.325203155322392,122.60162524257913,0.19996518477532615,0.3942476858618835,21.876684057971016,8.0,2.0,2.0,1.0,0.5,0.5,1,1,0,0,1,1.0
H2_15,M,True,4-2-3-1,15,1,1,1,1,0,4,2,3,1,59,8,0,27.901434838709676,39.952280148312944,2.0,2.0,2.0,6,17,6,19,3,11,2.0,0.3709677419354839,0.4032258064516129,0.22580645161290322,0.4,0.3617021276595745,0.2,10.995197838931736,109.95197838931736,0.30856068249525515,0.4078295714351734,13.950717419354838,10.0,3.0,3.0,1.0,1.0,1.0,1,1,0,0,1,1.0
H2_15,M,True,4-2-3-1,0,0,0,0,0,0,4,2,3,1,5,1,1,0.0,0.0,2.0,0.0,0.0,0,0,0,4,0,4,2.0,0.0,0.5,0.5,0.0,0.0,0.0,16.83550817212985,67.3420326885194,0.0,0.0,0.0,4.0,0.0,0.0,0.0,0.0,0.0,0,0,0,0,0,0.0
H2_30,M,True,4-2-3-1,2,2,0,0,2,0,4,2,3,1,20,5,2,23.54578701298701,34.599046666666666,1.0,1.0,1.0,1,2,0,8,1,4,2.0,0.1875,0.5,0.3125,0.5,0.14285714285714285,0.5,15.898873702424057,127.19098961939245,0.4571458548569112,0.24901412140124896,23.54578701298701,8.0,2.0,3.0,1.0,1.0,1.0,2,1,1,0,0,0.0
H1_15,A,True,4-2-3-1,5,0,0,0,0,0,4,2,3,1,14,2,0,16.428696078431372,82.97742589044097,2.0,2.0,2.0,2,6,3,6,0,2,2.0,0.42105263157894735,0.47368421052631576,0.10526315789473684,0.4,0.42857142857142855,0.0,12.945974349503118,122.98675632027961,0.4041334406364899,0.30334619472379404,8.214348039215686,9.5,2.5,4.0,1.0,1.0,1.0,0,0,0,0,0,0.0
H1_30,A,True,4-2-3-1,7,1,0,1,1,0,4,2,3,1,29,4,1,47.74826103756709,68.48160424138186,2.0,2.0,1.0,4,12,3,8,0,2,2.0,0.5517241379310345,0.3793103448275862,0.06896551724137931,0.5714285714285714,0.5454545454545454,0.0,13.303389889239432,66.51694944619716,0.8736860773580915,0.35891800086374004,23.874130518783545,5.0,1.0,4.0,1.0,0.5,1.0,1,0,0,0,1,1.0
H1_45,A,True,4-2-3-1,9,1,0,1,1,0,4,2,3,1,44,5,1,11.256964102564105,29.739278169934643,2.0,2.0,1.0,5,15,4,14,0,2,2.0,0.5,0.45,0.05,0.5555555555555556,0.4838709677419355,0.0,12.454724216519478,68.50098319085713,0.2992383493115362,0.21904750047527743,11.256964102564105,5.5,1.0,2.0,1.0,0.5,1.0,1,0,0,0,1,1.0
H2_15,A,True,4-2-3-1,10,1,0,1,1,0,4,2,3,1,59,6,1,0.0,38.32966858415881,2.0,1.0,1.0,5,18,4,17,1,5,2.0,0.46,0.42,0.12,0.5,0.45,0.1,10.289870913902348,51.44935456951174,0.3724990226298437,0.10903488305951736,0.0,5.0,0.5,1.5,0.5,0.5,0.5,1,0,0,0,1,1.0
H2_30,A,True,4-2-3-1,12,1,0,1,1,0,4,2,3,1,74,7,1,34.25499099099099,13.254918181818184,1.0,1.0,1.0,6,20,5,22,1,5,2.0,0.4406779661016949,0.4576271186440678,0.1016949152542373,0.5,0.425531914893617,0.08333333333333333,13.334057820273586,60.003260191231135,0.395894398249316,0.4947923986019646,34.25499099099099,4.5,1.0,1.5,1.0,0.5,0.5,1,0,0,0,1,1.0
H2_30,D,True,4-2-3-1,1,0,0,0,0,0,4,2,3,1,11,9,0,16.763214285714284,0.0,1.0,0.0,1.0,1,0,0,4,0,0,1.0,0.2,0.8,0.0,1.0,0.0,0.0,16.4248216024531,82.12410801226551,0.2041205036066954,0.2041205036066954,16.763214285714284,5.0,1.0,1.0,1.0,1.0,0.0,0,0,0,0,0,0.0
H1_15,D,True,4-2-3-1,5,0,0,0,0,0,4,2,3,1,14,4,1,13.652017021276595,0.0,1.0,0.0,1.0,1,0,1,6,3,3,1.0,0.07142857142857142,0.5,0.42857142857142855,0.2,0.0,0.6,11.36998294176639,159.17976118472944,0.085764778886892,0.5113014560249146,13.652017021276595,14.0,5.0,1.0,1.0,1.0,0.0,0,0,0,0,0,0.0
H1_30,D,True,4-2-3-1,6,0,0,0,0,0,4,2,3,1,29,8,2,0.0,15.743212307692309,1.0,0.0,1.0,1,1,1,8,4,3,2.0,0.1111111111111111,0.5,0.3888888888888889,0.16666666666666666,0.08333333333333333,0.6666666666666666,12.170115132032148,24.340230264064296,0.3233990010960465,0.43082239995865423,0.0,2.0,0.5,0.5,0.5,0.5,0.0,0,0,0,0,0,0.0
H1_45,D,True,4-2-3-1,7,0,0,0,0,0,4,2,3,1,44,14,3,0.0,0.0,1.0,0.0,1.0,1,1,2,9,4,6,2.0,0.08695652173913043,0.4782608695652174,0.43478260869565216,0.14285714285714285,0.0625,0.5714285714285714,11.873807168345445,59.369035841727225,0.0,0.2561213902906734,0.0,5.0,1.0,0.0,0.0,1.0,0.0,0,0,0,0,0,0.0
H2_15,D,True,4-2-3-1,8,0,0,0,0,0,4,2,3,1,59,18,3,14.586449999999996,0.0,1.0,0.0,1.0,2,1,2,11,4,8,2.0,0.10714285714285714,0.4642857142857143,0.42857142857142855,0.25,0.05,0.5,18.880479116809116,47.20119779202279,0.15451355773078676,0.15451355773078676,14.586449999999996,2.5,0.5,0.5,0.5,0.5,0.0,0,0,0,0,0,0.0
H2_30,D,True,4-2-3-1,11,0,0,0,0,0,4,2,3,1,74,19,5,0.0,0.0,2.0,0.0,2.0,2,1,4,16,5,11,2.0,0.07692307692307693,0.5128205128205128,0.41025641025641024,0.18181818181818182,0.03571428571428571,0.45454545454545453,9.250405848968686,50.877232169327776,0.0,0.36442942236130654,0.0,5.5,1.5,0.0,0.0,1.0,0.0,0,0,0,0,0,0.0
H1_15,D,True,4-2-3-1,3,0,0,0,0,0,4,2,3,1,14,5,0,0.0,20.693480952380952,2.0,0.0,2.0,0,1,2,2,1,5,2.0,0.09090909090909091,0.36363636363636365,0.5454545454545454,0.0,0.125,0.3333333333333333,16.429669207951598,90.36318064373378,0.11450172960360452,0.21681548574530524,0.0,5.5,1.5,0.5,0.5,1.0,0.0,0,0,0,0,0,0.0
H1_30,D,True,4-2-3-1,3,0,0,0,0,0,4,2,3,1,29,8,0,0.0,0.0,1.0,0.0,0.0,0,1,2,3,1,8,2.0,0.06666666666666667,0.3333333333333333,0.6,0.0,0.08333333333333333,0.3333333333333333,16.452728653699243,32.905457307398486,0.0,0.0,0.0,2.0,0.0,0.0,0.0,0.0,0.0,0,0,0,0,0,0.0
H1_45,D,True,4-2-3-1,3,0,0,0,0,0,4,2,3,1,44,9,1,0.0,5.995792592592593,1.0,0.0,0.0,0,2,2,4,1,12,2.0,0.09523809523809523,0.2857142857142857,0.6190476190476191,0.0,0.1111111111111111,0.3333333333333333,14.334957280525012,43.00487184157504,0.06971062039994443,0.0,0.0,3.0,0.0,0.5,0.5,0.0,0.0,0,0,0,0,0,0.0
H1_15,D,True,4-2-3-1,3,0,0,0,0,0,4,2,3,1,14,8,0,8.8919625,12.909990857142857,1.0,1.0,1.0,1,2,1,4,1,4,2.0,0.23076923076923078,0.38461538461538464,0.38461538461538464,0.3333333333333333,0.2,0.3333333333333333,12.283798738287992,79.84469179887195,0.1365272560138486,0.25546208803651316,8.8919625,6.5,1.5,1.5,0.5,0.5,0.5,0,0,0,0,0,0.0
H1_30,D,True,4-2-3-1,3,0,0,0,0,0,4,2,3,1,29,18,0,0.0,10.569521739130431,1.0,0.0,0.0,1,3,1,5,1,6,2.0,0.23529411764705882,0.35294117647058826,0.4117647058823529,0.3333333333333333,0.21428571428571427,0.3333333333333333,11.237167713100686,44.94867085240274,0.2351464801670645,0.0,0.0,4.0,0.0,1.0,1.0,0.0,0.0,0,0,0,0,0,0.0
H1_45,D,True,4-2-3-1,4,0,0,0,0,0,4,2,3,1,44,23,0,0.0,0.0,2.0,0.0,1.0,1,3,2,5,1,11,2.0,0.17391304347826086,0.30434782608695654,0.5217391304347826,0.25,0.15789473684210525,0.25,14.207276342299744,42.621829026899235,0.0,0.17320076359638073,0.0,3.0,0.5,0.0,0.0,0.5,0.0,0,0,0,0,0,0.0
H2_15,D,True,4-2-3-1,4,0,0,0,0,0,4,2,3,1,59,32,0,0.0,0.0,1.0,0.0,0.0,1,3,2,7,1,14,2.0,0.14285714285714285,0.32142857142857145,0.5357142857142857,0.25,0.125,0.25,9.46157388429562,23.653934710739048,0.0,0.0,0.0,2.5,0.0,0.0,0.0,0.0,0.0,0,0,0,0,0,0.0
H2_30,D,True,4-2-3-1,5,0,0,0,0,0,4,2,3,1,74,39,4,0.0,0.0,1.0,0.0,1.0,1,3,3,10,1,16,2.0,0.11764705882352941,0.38235294117647056,0.5,0.2,0.10344827586206896,0.2,8.694801086483922,26.084403259451765,0.0,0.18106898684281053,0.0,3.0,0.5,0.0,0.0,0.5,0.0,0,0,0,0,0,0.0
H2_30,M,True,4-2-3-1,0,0,0,0,0,0,4,2,3,1,11,6,0,0.0,0.0,1.0,0.0,0.0,0,0,0,3,0,0,2.0,0.0,1.0,0.0,0.0,0.0,0.0,23.179220599442186,34.76883089916328,0.0,0.0,0.0,1.5,0.0,0.0,0.0,0.0,0.0,0,0,0,0,0,0.0
H1_15,M,True,4-2-3-1,2,0,0,0,0,1,4,2,3,1,14,2,0,0.0,43.46868107224583,2.0,1.0,1.0,0,4,1,6,1,4,2.0,0.25,0.4375,0.3125,0.0,0.2857142857142857,0.5,12.801208982969781,102.40967186375825,0.21222937385286633,0.18399701712955618,0.0,8.0,1.0,2.0,1.0,0.5,0.5,0,0,0,0,0,0.0
H1_30,M,True,4-2-3-1,3,0,0,0,0,1,4,2,3,1,29,5,0,0.0,65.32632026814144,2.0,1.0,1.0,0,9,1,11,2,5,2.0,0.32142857142857145,0.42857142857142855,0.25,0.0,0.36,0.6666666666666666,12.871158052246841,77.22694831348105,0.422950289340501,0.04300819518575838,0.0,6.0,0.5,2.5,1.0,0.5,0.5,0,0,0,0,0,0.0
H1_45,M,True,4-2-3-1,6,0,0,0,0,1,4,2,3,1,44,7,0,22.664810958904106,22.399544862155388,2.0,1.0,2.0,1,11,2,19,3,8,2.0,0.2727272727272727,0.4772727272727273,0.25,0.16666666666666666,0.2894736842105263,0.5,12.796773157916085,102.37418526332868,0.22009628552913102,0.26840483370797696,22.664810958904106,8.0,1.5,1.5,1.0,1.0,0.5,0,0,0,0,0,0.0
H2_15,M,True,4-2-3-1,7,0,0,0,0,1,4,2,3,1,59,11,0,0.0,12.40313725490196,2.0,0.0,1.0,1,12,3,23,3,10,2.0,0.25,0.5,0.25,0.14285714285714285,0.26666666666666666,0.42857142857142855,12.670603401128666,50.682413604514664,0.1223613515300021,0.11881929750779224,0.0,4.0,0.5,0.5,0.5,0.5,0.0,0,0,0,0,0,0.0
H2_30,M,True,4-2-3-1,8,0,0,0,0,1,4,2,3,1,74,13,0,16.62885818181818,11.21201632653061,2.0,0.0,1.0,2,13,3,25,3,12,2.0,0.25862068965517243,0.4827586206896552,0.25862068965517243,0.25,0.26,0.375,11.286306614255992,33.858919842767975,0.41113057707739314,0.2455609667856842,16.62885818181818,3.0,0.5,1.0,1.0,0.5,0.0,0,0,0,0,0,0.0
H1_15,M,True,4-2-3-1,1,0,0,0,0,0,4,2,3,1,14,1,0,0.0,72.8384899820658,1.0,1.0,1.0,0,5,1,2,0,2,2.0,0.5,0.3,0.2,0.0,0.5555555555555556,0.0,14.19651227870386,70.9825613935193,0.5130731305838446,0.08642314736470533,0.0,5.0,0.5,2.5,1.0,0.5,0.5,0,0,0,0,0,0.0
H1_30,M,True,4-2-3-1,2,0,0,0,0,0,4,2,3,1,29,5,0,0.0,23.202375515151513,2.0,1.0,1.0,0,7,2,5,0,5,2.0,0.3684210526315789,0.3684210526315789,0.2631578947368421,0.0,0.4117647058823529,0.0,13.233652147440706,59.55143466348318,0.19480954276135318,0.20195445166509257,0.0,4.5,0.5,1.0,0.5,0.5,0.5,0,0,0,0,0,0.0
H1_45,M,True,4-2-3-1,3,0,0,0,0,0,4,2,3,1,44,8,0,0.0,10.140260869565218,2.0,0.0,1.0,0,8,3,8,0,10,2.0,0.27586206896551724,0.3793103448275862,0.3448275862068966,0.0,0.3076923076923077,0.0,9.48773456245517,47.438672812275854,0.10687757760100311,0.06620025366941501,0.0,5.0,0.5,0.5,0.5,0.5,0.0,0,0,0,0,0,0.0
H2_15,M,True,4-2-3-1,4,0,0,0,0,0,4,2,3,1,59,16,0,20.45155,34.73428753019024,2.0,1.0,1.0,1,12,3,11,0,12,2.0,0.3333333333333333,0.358974358974359,0.3076923076923077,0.25,0.34285714285714286,0.0,10.845480139276443,54.22740069638222,0.5088372005803328,0.18857210319288295,20.45155,5.0,0.5,2.5,1.0,0.5,0.5,0,0,0,0,0,0.0
H1_15,G,False,4-1-4-1,0,0,0,0,0,0,4,1,4,1,14,1,4,0.0,0.0,0.0,0.0,0.0,0,0,0,1,0,1,2.0,0.0,0.5,0.5,0.0,0.0,0.0,9.059979487179488,9.059979487179488,0.0,0.0,0.0,1.0,0.0,0.0,0.0,0.0,0.0,0,0,0,0,0,0.0
H1_30,G,False,4-1-4-1,0,0,0,0,0,0,4,1,4,1,29,2,5,0.0,0.0,0.0,0.0,0.0,0,0,0,1,0,1,2.0,0.0,0.5,0.5,0.0,0.0,0.0,0.0,0.0,0.0,0.0,0.0,0.0,0.0,0.0,0.0,0.0,0.0,0,0,0,0,0,0.0
H1_45,G,False,4-1-4-1,0,0,0,0,0,0,4,1,4,1,44,3,5,0.0,0.0,0.0,0.0,0.0,0,0,0,1,0,1,2.0,0.0,0.5,0.5,0.0,0.0,0.0,0.0,0.0,0.0,0.0,0.0,0.0,0.0,0.0,0.0,0.0,0.0,0,0,0,0,0,0.0
H2_15,G,False,4-1-4-1,0,0,0,0,0,0,4,1,4,1,59,4,6,0.0,0.0,0.0,0.0,0.0,0,0,0,1,0,1,2.0,0.0,0.5,0.5,0.0,0.0,0.0,0.0,0.0,0.0,0.0,0.0,0.0,0.0,0.0,0.0,0.0,0.0,0,0,0,0,0,0.0
H2_30,G,False,4-1-4-1,0,0,0,0,0,0,4,1,4,1,74,4,6,0.0,0.0,0.0,0.0,0.0,0,0,0,1,0,2,2.0,0.0,0.3333333333333333,0.6666666666666666,0.0,0.0,0.0,5.3270608695652175,5.3270608695652175,0.0,0.0,0.0,1.0,0.0,0.0,0.0,0.0,0.0,0,0,0,0,0,0.0
H1_15,D,False,4-1-4-1,2,0,0,0,0,0,4,1,4,1,14,2,2,0.0,39.13030904761905,2.0,2.0,2.0,0,4,1,6,1,3,2.0,0.26666666666666666,0.4666666666666667,0.26666666666666666,0.0,0.3076923076923077,0.5,11.871599164853512,89.03699373640134,0.21974185900450754,0.13291042200235767,0.0,7.5,1.0,2.0,1.0,1.0,1.0,0,0,0,0,0,0.0
H1_30,D,False,4-1-4-1,4,1,0,1,1,0,4,1,4,1,29,2,3,0.0,0.0,2.0,0.0,2.0,0,4,2,7,2,6,2.0,0.19047619047619047,0.42857142857142855,0.38095238095238093,0.0,0.23529411764705882,0.5,13.290960390253106,39.87288117075932,0.0,0.49334353451623225,0.0,3.0,1.0,0.0,0.0,1.0,0.0,1,0,0,1,1,1.0
H1_45,D,False,4-1-4-1,7,2,0,2,2,0,4,1,4,1,44,5,4,31.944419417475725,22.411620300751878,2.0,1.0,2.0,1,6,3,13,3,8,2.0,0.20588235294117646,0.47058823529411764,0.3235294117647059,0.14285714285714285,0.2222222222222222,0.42857142857142855,14.19390055722661,92.26035362197297,0.29457961943732475,0.4448632550175695,31.944419417475725,6.5,1.5,1.5,0.5,1.0,0.5,2,0,1,1,2,1.0
H2_15,D,False,4-1-4-1,9,2,0,2,2,0,4,1,4,1,59,7,4,16.596851851851856,24.079653907496017,2.0,1.0,1.0,2,8,4,17,3,12,2.0,0.21739130434782608,0.45652173913043476,0.32608695652173914,0.2222222222222222,0.21621621621621623,0.3333333333333333,13.16079232677749,78.96475396066494,0.25756115050779643,0.14658154867033107,16.596851851851856,6.0,1.0,1.5,1.0,0.5,0.5,2,0,1,1,2,1.0
H2_30,D,False,4-1-4-1,14,2,0,2,2,0,4,1,4,1,74,12,5,18.319868852459017,22.047412474849096,2.0,1.0,2.0,3,10,7,19,4,15,2.0,0.22413793103448276,0.4482758620689655,0.3275862068965517,0.21428571428571427,0.22727272727272727,0.2857142857142857,15.617373770580722,93.70424262348433,0.2153972979084257,0.586036346424683,18.319868852459017,6.0,2.5,1.5,1.0,1.0,0.5,2,0,1,1,2,1.0
H1_15,D,False,4-1-4-1,1,0,0,0,0,0,4,1,4,1,14,5,1,0.0,12.58326923076923,1.0,0.0,1.0,0,1,0,5,1,3,2.0,0.1,0.5,0.4,0.0,0.1111111111111111,1.0,10.591123156720863,52.955615783604316,0.11880958274745584,0.1236983905769738,0.0,5.0,0.5,0.5,0.5,0.5,0.0,0,0,0,0,0,0.0
H1_30,D,False,4-1-4-1,2,0,0,0,0,0,4,1,4,1,29,8,1,0.0,0.0,1.0,0.0,1.0,0,1,0,8,2,6,2.0,0.058823529411764705,0.47058823529411764,0.47058823529411764,0.0,0.06666666666666667,1.0,10.470240242867863,73.29168170007505,0.0,0.2636220668868188,0.0,7.0,1.0,0.0,0.0,1.0,0.0,0,0,0,0,0,0.0
H1_45,D,False,4-1-4-1,4,0,0,0,0,0,4,1,4,1,44,14,1,0.0,6.572468965517242,1.0,0.0,1.0,0,2,1,11,3,8,2.0,0.08,0.48,0.44,0.0,0.09523809523809523,0.75,9.830519175997656,78.64415340798125,0.08357225147330827,0.3710849489693103,0.0,8.0,2.0,1.0,1.0,1.0,0.0,0,0,0,0,0,0.0
H2_15,D,False,4-1-4-1,4,0,0,0,0,0,4,1,4,1,59,19,5,0.0,0.0,1.0,0.0,0.0,0,2,1,14,3,10,2.0,0.06666666666666667,0.5,0.43333333333333335,0.0,0.07692307692307693,0.75,8.638633041120428,21.59658260280107,0.0,0.0,0.0,2.5,0.0,0.0,0.0,0.0,0.0,0,0,0,0,0,0.0
H2_30,D,False,4-1-4-1,5,0,0,0,0,0,4,1,4,1,74,22,6,0.0,18.461972222222222,1.0,0.0,1.0,0,3,2,19,3,13,2.0,0.075,0.525,0.4,0.0,0.08571428571428572,0.6,14.760083265856267,73.80041632928133,0.12508040699830836,0.15469074110576336,0.0,5.0,0.5,0.5,0.5,0.5,0.0,0,0,0,0,0,0.0
H1_15,D,False,4-1-4-1,3,0,0,0,0,0,4,1,4,1,14,7,1,0.0,5.8121,1.0,0.0,1.0,0,1,1,1,2,4,2.0,0.1111111111111111,0.2222222222222222,0.6666666666666666,0.0,0.16666666666666666,0.6666666666666666,10.691917158883756,48.1136272149769,0.06039972806488801,0.35875357192251595,0.0,4.5,1.5,0.5,0.5,0.5,0.0,0,0,0,0,0,0.0
H1_30,D,False,4-1-4-1,8,0,0,0,0,0,4,1,4,1,29,9,1,0.0,0.0,1.0,0.0,1.0,0,1,2,2,6,7,2.0,0.05555555555555555,0.2222222222222222,0.7222222222222222,0.0,0.1,0.75,11.577530181901588,104.1977716371143,0.0,0.6319719887263078,0.0,9.0,5.0,0.0,0.0,1.0,0.0,0,0,0,0,0,0.0
H1_45,D,False,4-1-4-1,11,0,0,0,0,0,4,1,4,1,44,13,1,0.0,16.144502857142854,2.0,0.0,1.0,0,3,4,7,7,9,2.0,0.1,0.36666666666666664,0.5333333333333333,0.0,0.15789473684210525,0.6363636363636364,8.319801765779097,49.91881059467458,0.1617076074611559,0.4077697428330981,0.0,6.0,1.5,1.0,1.0,0.5,0.0,0,0,0,0,0,0.0
H2_15,D,False,4-1-4-1,11,0,0,0,0,0,4,1,4,1,59,17,2,0.0,5.351716666666667,1.0,0.0,0.0,0,4,4,9,7,9,2.0,0.12121212121212122,0.3939393939393939,0.48484848484848486,0.0,0.18181818181818182,0.6363636363636364,12.676767966903073,19.01515195035461,0.1407224270581457,0.0,0.0,1.5,0.0,0.5,0.5,0.0,0.0,0,0,0,0,0,0.0
H2_30,D,False,4-1-4-1,12,0,0,0,0,0,4,1,4,1,74,18,3,0.0,15.452325,1.0,0.0,1.0,0,5,4,13,8,10,2.0,0.125,0.425,0.45,0.0,0.17857142857142858,0.6666666666666666,11.952415356699202,83.66690749689441,0.18468861180955645,0.36332816533380713,0.0,7.0,1.0,1.0,1.0,1.0,0.0,0,0,0,0,0,0.0
H1_15,M,False,4-1-4-1,1,0,0,0,0,0,4,1,4,1,14,5,0,0.0,0.0,2.0,0.0,1.0,0,0,0,6,1,4,2.0,0.0,0.5454545454545454,0.45454545454545453,0.0,0.0,1.0,9.979198900659945,54.8855939536297,0.0,0.11945798988368478,0.0,5.5,0.5,0.0,0.0,0.5,0.0,0,0,0,0,0,0.0
H1_30,M,False,4-1-4-1,3,0,0,0,0,0,4,1,4,1,29,7,0,0.0,17.77145507246377,1.0,0.0,1.0,0,1,1,8,2,11,2.0,0.043478260869565216,0.391304347826087,0.5652173913043478,0.0,0.05,0.6666666666666666,11.842997351213322,71.05798410727994,0.12504896737313345,0.15474245378400633,0.0,6.0,1.0,0.5,0.5,0.5,0.0,0,0,0,0,0,0.0
H1_45,M,False,4-1-4-1,3,0,0,0,0,0,4,1,4,1,44,20,0,0.0,21.867398449612402,1.0,0.0,0.0,0,3,1,14,2,12,2.0,0.09375,0.46875,0.4375,0.0,0.10344827586206896,0.6666666666666666,12.525099151960287,56.36294618382129,0.19398736164619915,0.0,0.0,4.5,0.0,1.0,1.0,0.0,0.0,0,0,0,0,0,0.0
H1_15,M,False,4-1-4-1,3,1,0,1,1,0,4,1,4,1,14,4,1,33.06130093457944,69.59123070750076,2.0,1.0,2.0,1,5,1,11,1,4,2.0,0.2608695652173913,0.5217391304347826,0.21739130434782608,0.3333333333333333,0.25,0.3333333333333333,13.131171140652041,151.00846811749847,0.3398899840577387,0.1748809583846106,33.06130093457944,11.5,1.5,3.0,1.0,1.0,0.5,1,0,0,0,1,1.0
H1_30,M,False,4-1-4-1,9,1,0,1,1,0,4,1,4,1,29,5,1,32.952039700928765,165.8138171681908,2.0,2.0,2.0,5,13,2,15,2,9,2.0,0.391304347826087,0.3695652173913043,0.2391304347826087,0.5555555555555556,0.35135135135135137,0.2222222222222222,14.739819103038043,169.5079196849375,0.5863025669790636,0.2098445991145585,8.238009925232191,11.5,3.0,6.0,1.0,1.0,1.0,1,0,0,0,1,1.0
H1_45,M,False,4-1-4-1,16,1,0,1,1,0,4,1,4,1,44,12,1,45.29990903010033,107.89380617893742,2.0,2.0,2.0,8,21,6,24,2,10,2.0,0.4084507042253521,0.4225352112676056,0.16901408450704225,0.5,0.38181818181818183,0.125,13.530096813979707,169.12621017474635,0.45289761726095956,0.2974974199624253,15.09996967670011,12.5,3.5,5.5,1.0,1.0,1.0,1,0,0,0,1,1.0
H2_15,M,False,4-1-4-1,17,1,0,1,1,0,4,1,4,1,59,12,1,0.0,69.22609812841965,2.0,2.0,1.0,8,26,6,29,3,15,2.0,0.39080459770114945,0.40229885057471265,0.20689655172413793,0.47058823529411764,0.37142857142857144,0.17647058823529413,13.161497533786784,105.29198027029427,0.32873395462175675,0.06329188265304758,0.0,8.0,0.5,2.5,1.0,0.5,1.0,1,0,0,0,1,1.0
H2_30,M,False,4-1-4-1,18,1,0,1,1,0,4,1,4,1,74,13,1,0.0,25.41083203661327,2.0,0.0,1.0,8,28,6,34,4,18,2.0,0.3673469387755102,0.40816326530612246,0.22448979591836735,0.4444444444444444,0.35,0.2222222222222222,17.10494544501051,94.07719994755782,0.13505308433275134,0.22052500920712143,0.0,5.5,0.5,1.0,1.0,0.5,0.0,1,0,0,0,1,1.0
H1_15,M,False,4-1-4-1,2,0,0,0,0,0,4,1,4,1,14,4,0,12.00675238095238,74.03568907017441,2.0,1.0,2.0,1,5,1,6,0,2,2.0,0.4,0.4666666666666667,0.13333333333333333,0.5,0.38461538461538464,0.0,16.222070516193515,121.66552887145137,0.35360238125474713,0.08431363388048277,12.00675238095238,7.5,1.0,3.0,1.0,1.0,0.5,0,0,0,0,0,0.0
H1_30,M,False,4-1-4-1,5,0,0,0,0,0,4,1,4,1,29,7,0,6.300034782608695,33.52382512637526,2.0,1.0,2.0,2,8,3,10,0,2,2.0,0.4,0.52,0.08,0.4,0.4,0.0,10.303452406322261,51.51726203161131,0.3865098642523722,0.26790546891661704,6.300034782608695,5.0,1.5,2.0,1.0,1.0,0.5,0,0,0,0,0,0.0
H1_45,M,False,4-1-4-1,7,0,0,0,0,0,4,1,4,1,44,14,0,10.82902564102564,69.4729062298301,2.0,1.0,2.0,3,13,4,10,0,2,2.0,0.5,0.4375,0.0625,0.42857142857142855,0.52,0.0,14.007283500347814,49.02549225121735,0.818981392979912,0.2914614107918005,10.82902564102564,3.5,1.0,3.0,1.0,1.0,0.5,0,0,0,0,0,0.0
H2_15,M,False,4-1-4-1,9,0,0,0,0,0,4,1,4,1,59,20,0,15.132,47.005729118041785,2.0,2.0,2.0,5,18,4,11,0,6,2.0,0.5227272727272727,0.3409090909090909,0.13636363636363635,0.5555555555555556,0.5142857142857142,0.0,11.821694693056086,70.93016815833651,0.43802045540997814,0.10666829356883116,7.566,6.0,1.0,3.5,1.0,1.0,1.0,0,0,0,0,0,0.0
H2_30,M,False,4-1-4-1,9,0,0,0,0,0,4,1,4,1,74,25,0,0.0,15.00966695727986,1.0,0.0,0.0,5,20,4,11,0,7,2.0,0.5319148936170213,0.3191489361702128,0.14893617021276595,0.5555555555555556,0.5263157894736842,0.0,9.14065165242662,13.71097747863993,0.5473594782233118,0.0,0.0,1.5,0.0,1.0,1.0,0.0,0.0,0,0,0,0,0,0.0
H1_15,M,False,4-1-4-1,5,0,0,0,0,1,4,1,4,1,14,2,1,28.97626666666667,20.76794759330759,2.0,1.0,1.0,1,3,1,7,3,1,2.0,0.25,0.5,0.25,0.2,0.2727272727272727,0.6,12.996445027345269,103.97156021876215,0.23922029329611658,0.5385258850389043,28.97626666666667,8.0,2.5,2.0,1.0,0.5,0.5,0,0,0,0,0,0.0
H1_30,M,False,4-1-4-1,6,0,0,0,0,1,4,1,4,1,29,2,1,0.0,32.03865563909774,2.0,1.0,1.0,1,5,1,9,4,3,2.0,0.2608695652173913,0.43478260869565216,0.30434782608695654,0.16666666666666666,0.29411764705882354,0.6666666666666666,14.122250330977224,49.42787615842028,0.3240950059882332,0.07430406873888402,0.0,3.5,0.5,1.0,0.5,0.5,0.5,0,0,0,0,0,0.0
H1_45,M,False,4-1-4-1,7,0,0,0,0,1,4,1,4,1,44,4,1,0.0,58.08740753708251,2.0,1.0,1.0,1,8,1,14,5,6,2.0,0.2571428571428571,0.42857142857142855,0.3142857142857143,0.14285714285714285,0.2857142857142857,0.7142857142857143,16.588137189550054,99.52882313730032,0.2918119882566619,0.10942398630280392,0.0,6.0,0.5,1.5,1.0,0.5,0.5,0,0,0,0,0,0.0
H2_15,M,False,4-1-4-1,9,0,0,0,0,1,4,1,4,1,59,8,1,0.0,44.69375309316971,2.0,1.0,1.0,1,11,3,19,5,10,2.0,0.24489795918367346,0.4489795918367347,0.30612244897959184,0.1111111111111111,0.275,0.5555555555555556,15.70049951333763,109.90349659336341,0.20333180689661773,0.1550080141037908,0.0,7.0,1.0,1.5,1.0,0.5,0.5,0,0,0,0,0,0.0
H2_30,M,False,4-1-4-1,10,0,0,0,0,1,4,1,4,1,74,11,1,8.9655875,58.66207561210719,2.0,2.0,1.0,2,18,3,20,5,12,2.0,0.3333333333333333,0.38333333333333336,0.2833333333333333,0.2,0.36,0.5,8.744473900634453,48.09460645348949,0.7030690975453494,0.09320782683470222,8.9655875,5.5,0.5,4.0,1.0,0.5,1.0,0,0,0,0,0,0.0
H2_30,A,False,4-1-4-1,1,0,0,0,0,1,4,1,4,1,4,0,0,0.0,9.42687619047619,2.0,0.0,1.0,0,1,1,1,0,1,2.0,0.25,0.5,0.25,0.0,0.3333333333333333,0.0,22.018414781736414,44.03682956347283,0.10703400181078758,0.7204637468460227,0.0,2.0,0.5,0.5,0.5,0.5,0.0,0,0,0,0,0,0.0
H1_15,A,False,4-1-4-1,4,1,0,1,1,0,4,1,4,1,14,5,0,16.56935849056604,106.8802212708888,2.0,1.0,2.0,1,8,3,6,0,1,2.0,0.47368421052631576,0.47368421052631576,0.05263157894736842,0.25,0.5333333333333333,0.0,14.421012104079278,136.99961498875314,0.4505471777113728,0.24862756685627618,16.56935849056604,9.5,2.0,4.5,1.0,1.0,0.5,1,0,0,0,1,1.0
H1_30,A,False,4-1-4-1,5,1,0,1,1,0,4,1,4,1,29,7,0,15.417509433962268,82.05321757733482,2.0,2.0,1.0,2,15,3,8,0,1,2.0,0.5862068965517241,0.3793103448275862,0.034482758620689655,0.4,0.625,0.0,12.377586365725984,61.88793182862992,0.7874776562351229,0.12455990189374844,15.417509433962268,5.0,0.5,4.0,1.0,0.5,1.0,1,0,0,0,1,1.0
H1_45,A,False,4-1-4-1,9,1,0,1,1,0,4,1,4,1,44,7,0,50.68828601880878,53.274072303605315,2.0,2.0,1.0,4,19,5,13,0,1,2.0,0.5476190476190477,0.42857142857142855,0.023809523809523808,0.4444444444444444,0.5757575757575758,0.0,14.589585544129513,94.83230603684183,0.5481378797328059,0.4982584144653831,25.34414300940439,6.5,2.0,3.0,1.0,0.5,1.0,1,0,0,0,1,1.0
H2_15,A,False,4-1-4-1,12,1,0,1,1,0,4,1,4,1,59,9,0,8.925287500000001,22.02477481123528,2.0,1.0,1.0,5,22,6,16,1,2,2.0,0.5192307692307693,0.4230769230769231,0.057692307692307696,0.4166666666666667,0.55,0.08333333333333333,9.477544170273237,47.38772085136619,0.32656204766960206,0.4124963728584906,8.925287500000001,5.0,1.5,2.0,1.0,0.5,0.5,1,0,0,0,1,1.0
H1_15,M,False,4-1-4-1,2,0,0,0,0,0,4,1,4,1,14,4,0,30.248395833333333,38.83826069703243,2.0,1.0,1.0,1,3,1,5,0,1,2.0,0.36363636363636365,0.5454545454545454,0.09090909090909091,0.5,0.3333333333333333,0.0,12.846957527857086,70.65826640321397,0.488878796828387,0.26179829846243236,30.248395833333333,5.5,1.0,2.0,1.0,0.5,0.5,0,0,0,0,0,0.0
H1_30,M,False,4-1-4-1,5,0,0,0,0,0,4,1,4,1,29,5,0,15.428105660377357,36.19657208704992,2.0,1.0,2.0,2,6,3,12,0,2,2.0,0.32,0.6,0.08,0.4,0.3,0.0,11.816846429676717,82.71792500773702,0.31205254328247817,0.23248807175834207,15.428105660377357,7.0,1.5,2.0,1.0,1.0,0.5,0,0,0,0,0,0.0
H1_45,M,False,4-1-4-1,7,1,1,1,1,0,4,1,4,1,44,9,2,7.1207692307692305,76.63272596629561,2.0,2.0,2.0,3,13,4,13,0,2,2.0,0.45714285714285713,0.4857142857142857,0.05714285714285714,0.42857142857142855,0.4642857142857143,0.0,12.378190444510077,61.89095222255038,0.6766214784989905,0.27400944716536324,7.1207692307692305,5.0,1.0,4.0,1.0,1.0,1.0,1,0,0,0,1,1.0
H1_15,D,False,4-1-4-1,1,0,0,0,0,0,4,1,4,1,14,1,0,0.0,13.925148583877997,2.0,0.0,1.0,0,2,1,0,0,2,2.0,0.4,0.2,0.4,0.0,0.5,0.0,7.798205145347029,19.495512863367573,0.35713727259885547,0.2862197080480465,0.0,2.5,0.5,1.0,1.0,0.5,0.0,0,0,0,0,0,0.0
H1_30,D,False,4-1-4-1,4,0,0,0,0,0,4,1,4,1,29,2,1,19.75133333333333,11.202119047619046,2.0,1.0,2.0,1,4,2,3,1,5,2.0,0.3125,0.3125,0.375,0.25,0.3333333333333333,0.25,11.933239385046193,65.63281661775406,0.2358077405181731,0.30350876975603325,19.75133333333333,5.5,1.5,1.5,0.5,1.0,0.5,0,0,0,0,0,0.0
H1_45,D,False,4-1-4-1,6,0,0,0,0,0,4,1,4,1,44,6,3,0.0,32.48697425871619,1.0,0.0,1.0,1,6,3,5,2,5,2.0,0.3181818181818182,0.36363636363636365,0.3181818181818182,0.16666666666666666,0.375,0.3333333333333333,18.96881269649904,56.906438089497115,0.28544199346674726,0.5611130122993271,0.0,3.0,1.0,1.0,1.0,0.5,0.0,0,0,0,0,0,0.0
H2_15,D,False,4-1-4-1,8,0,0,0,0,0,4,1,4,1,59,10,3,0.0,13.94183859649123,2.0,0.0,2.0,1,7,4,7,3,7,2.0,0.27586206896551724,0.3793103448275862,0.3448275862068966,0.125,0.3333333333333333,0.375,11.188147569910557,39.15851649468695,0.17801796192129582,0.3682805130864089,0.0,3.5,1.0,0.5,0.5,1.0,0.0,0,0,0,0,0,0.0
H2_30,D,False,4-1-4-1,9,0,0,0,0,0,4,1,4,1,74,10,4,0.0,21.46634118918919,1.0,0.0,1.0,1,9,4,9,4,8,2.0,0.2857142857142857,0.37142857142857144,0.34285714285714286,0.1111111111111111,0.34615384615384615,0.4444444444444444,15.693893249948578,47.08167974984573,0.22796915172997334,0.42093357979788165,0.0,3.0,0.5,1.0,1.0,0.5,0.0,0,0,0,0,0,0.0
H2_15,M,False,4-1-4-1,1,0,0,0,0,0,4,1,4,1,3,4,0,0.0,34.222283996003995,2.0,1.0,1.0,0,3,1,1,0,0,2.0,0.6,0.4,0.0,0.0,0.75,0.0,11.694239987606597,29.23559996901649,0.5852844482800478,0.10750383552126959,0.0,2.5,0.5,1.5,1.0,0.5,0.5,0,0,0,0,0,0.0
H2_30,M,False,4-1-4-1,2,2,0,1,2,0,4,1,4,1,18,7,1,0.0,8.295,1.0,0.0,1.0,0,4,2,3,0,2,2.0,0.36363636363636365,0.45454545454545453,0.18181818181818182,0.0,0.4444444444444444,0.0,12.328512211503025,73.97107326901815,0.1121384297052542,0.3461939605823611,0.0,6.0,1.0,1.0,1.0,1.0,0.0,2,0,0,2,1,0.5
H2_15,M,False,4-1-4-1,0,0,0,0,0,1,4,1,4,1,3,4,0,0.0,7.958222222222222,0.0,0.0,0.0,0,1,0,1,0,0,2.0,0.5,0.5,0.0,0.0,0.5,0.0,9.119520413436693,9.119520413436693,0.43632898778846885,0.0,0.0,1.0,0.0,0.5,0.5,0.0,0.0,0,0,0,0,0,0.0
H2_30,M,False,4-1-4-1,4,1,1,1,1,0,4,1,4,1,18,7,0,20.80638961038961,49.571919977516245,2.0,2.0,2.0,2,6,2,6,0,0,2.0,0.5,0.5,0.0,0.5,0.5,0.0,10.16930545748019,71.18513820236133,0.4943328858043243,0.4144034924313926,10.403194805194804,7.0,2.0,3.5,1.0,1.0,1.0,1,0,0,0,1,1.0
H1_15,G,True,4-4-2,0,0,0,0,0,0,4,4,2,0,14,0,0,0.0,0.0,0.0,0.0,0.0,0,0,0,0,0,0,0.0,0.0,0.0,0.0,0.0,0.0,0.0,0.0,0.0,0.0,0.0,0.0,0.0,0.0,0.0,0.0,0.0,0.0,0,0,0,0,0,0.0
H1_30,G,True,4-4-2,1,0,0,0,0,0,4,4,2,0,29,1,2,0.0,0.0,0.0,0.0,0.0,0,0,1,0,0,0,1.0,0.0,1.0,0.0,0.0,0.0,0.0,15.087673469387752,15.087673469387752,0.0,1.0,0.0,1.0,1.0,0.0,0.0,1.0,0.0,0,0,0,0,0,0.0
H1_45,G,True,4-4-2,2,0,0,0,0,0,4,4,2,0,44,1,2,0.0,0.0,0.0,0.0,0.0,0,0,2,0,0,0,1.0,0.0,1.0,0.0,0.0,0.0,0.0,10.723611111111111,10.723611111111111,0.0,1.0,0.0,1.0,1.0,0.0,0.0,1.0,0.0,0,0,0,0,0,0.0
H2_15,G,True,4-4-2,2,0,0,0,0,0,4,4,2,0,59,4,4,0.0,0.0,0.0,0.0,0.0,0,0,2,0,0,0,1.0,0.0,1.0,0.0,0.0,0.0,0.0,0.0,0.0,0.0,0.0,0.0,0.0,0.0,0.0,0.0,0.0,0.0,0,0,0,0,0,0.0
H2_30,G,True,4-4-2,2,0,0,0,0,0,4,4,2,0,74,5,4,0.0,0.0,0.0,0.0,0.0,0,0,2,0,0,0,1.0,0.0,1.0,0.0,0.0,0.0,0.0,0.0,0.0,0.0,0.0,0.0,0.0,0.0,0.0,0.0,0.0,0.0,0,0,0,0,0,0.0
H1_15,D,True,4-4-2,4,0,0,0,0,0,4,4,2,0,14,5,1,0.0,16.7160303030303,2.0,0.0,2.0,0,1,3,4,1,1,2.0,0.1,0.7,0.2,0.0,0.16666666666666666,0.25,12.764485734798862,63.82242867399431,0.13095733467317558,0.4774324352093722,0.0,5.0,2.0,0.5,0.5,1.0,0.0,0,0,0,0,0,0.0
H1_30,D,True,4-4-2,5,0,0,0,0,0,4,4,2,0,29,9,3,31.016865384615382,34.60018603706524,2.0,1.0,1.0,1,3,3,9,1,4,2.0,0.19047619047619047,0.5714285714285714,0.23809523809523808,0.2,0.1875,0.2,13.870160320780686,76.28588176429378,0.43007336288267967,0.2032936151963906,31.016865384615382,5.5,0.5,1.5,1.0,0.5,0.5,0,0,0,0,0,0.0
H1_45,D,True,4-4-2,5,0,0,0,0,0,4,4,2,0,44,10,3,0.0,15.562083870967742,1.0,0.0,0.0,1,4,3,9,1,5,2.0,0.21739130434782608,0.5217391304347826,0.2608695652173913,0.2,0.2222222222222222,0.2,11.961403046594981,23.922806093189962,0.6505124779403598,0.0,0.0,2.0,0.0,1.0,1.0,0.0,0.0,0,0,0,0,0,0.0
H2_15,D,True,4-4-2,7,0,0,0,0,0,4,4,2,0,59,10,5,0.0,5.3298000000000005,2.0,0.0,2.0,1,5,4,12,2,7,2.0,0.1935483870967742,0.5161290322580645,0.2903225806451613,0.14285714285714285,0.20833333333333334,0.2857142857142857,10.60675858100233,37.12365503350816,0.07178441879159357,0.12043466614384966,0.0,4.0,1.0,0.5,0.5,1.0,0.0,0,0,0,0,0,0.0
H1_15,D,True,4-4-2,0,1,1,1,1,0,4,4,2,0,14,4,0,0.0,45.61150293400708,2.0,1.0,0.0,0,3,0,0,0,3,2.0,0.5,0.0,0.5,0.0,0.5,0.0,13.913592857313212,41.740778571939636,0.5463662214085957,0.0,0.0,3.0,0.0,1.5,1.0,0.0,0.5,1,0,0,0,1,1.0
H1_30,D,True,4-4-2,3,1,1,1,1,0,4,4,2,0,29,6,1,16.01188363636364,18.233997932816536,2.0,1.0,2.0,1,5,0,3,2,8,2.0,0.3157894736842105,0.15789473684210525,0.5263157894736842,0.3333333333333333,0.3125,0.6666666666666666,12.437933367054926,80.84656688585702,0.21179552137031443,0.3713626167505798,16.01188363636364,6.5,1.5,1.5,1.0,1.0,0.5,1,0,0,0,1,1.0
H1_45,D,True,4-4-2,3,1,1,1,1,0,4,4,2,0,44,7,2,0.0,0.0,0.0,0.0,0.0,1,5,0,3,2,8,2.0,0.3157894736842105,0.15789473684210525,0.5263157894736842,0.3333333333333333,0.3125,0.6666666666666666,0.0,0.0,0.0,0.0,0.0,0.0,0.0,0.0,0.0,0.0,0.0,1,0,0,0,1,1.0
H2_15,D,True,4-4-2,6,1,1,1,1,0,4,4,2,0,59,11,2,6.070527272727272,31.803957792207793,2.0,1.0,1.0,2,7,2,6,2,10,2.0,0.3103448275862069,0.27586206896551724,0.41379310344827586,0.3333333333333333,0.30434782608695654,0.3333333333333333,16.420859397424984,82.10429698712493,0.23064861678843862,0.3996654870385745,6.070527272727272,5.0,1.5,1.5,1.0,0.5,0.5,1,0,0,0,1,1.0
H2_30,D,True,4-4-2,7,1,1,1,1,0,4,4,2,0,74,13,3,25.91271529411765,10.04487804878049,2.0,1.0,1.0,3,8,2,9,2,12,2.0,0.3055555555555556,0.3055555555555556,0.3888888888888889,0.42857142857142855,0.27586206896551724,0.2857142857142857,14.267332172217229,49.9356626027603,0.3600392131465429,0.2594610138675247,25.91271529411765,3.5,0.5,1.0,0.5,0.5,0.5,1,0,0,0,1,1.0
H1_15,D,True,4-4-2,0,0,0,0,0,0,4,4,2,0,14,3,0,0.0,17.537122222222223,1.0,0.0,0.0,0,2,0,3,0,0,2.0,0.4,0.6,0.0,0.0,0.4,0.0,8.971385871423262,22.428464678558157,0.39095681477894234,0.0,0.0,2.5,0.0,1.0,1.0,0.0,0.0,0,0,0,0,0,0.0
H1_30,D,True,4-4-2,1,0,0,0,0,0,4,4,2,0,29,7,0,0.0,5.284745454545455,1.0,0.0,1.0,0,3,1,4,0,3,2.0,0.2727272727272727,0.45454545454545453,0.2727272727272727,0.0,0.3,0.0,15.523193906024531,93.13916343614719,0.05674031481041252,0.6864572741608553,0.0,6.0,1.0,1.0,1.0,1.0,0.0,0,0,0,0,0,0.0
H1_45,D,True,4-4-2,1,0,0,0,0,0,4,4,2,0,44,9,0,0.0,0.0,0.0,0.0,0.0,0,3,1,4,0,4,2.0,0.25,0.4166666666666667,0.3333333333333333,0.0,0.2727272727272727,0.0,11.441758333333333,11.441758333333333,0.0,0.0,0.0,1.0,0.0,0.0,0.0,0.0,0.0,0,0,0,0,0,0.0
H2_15,D,True,4-4-2,3,0,0,0,0,0,4,4,2,0,59,9,0,0.0,0.0,2.0,0.0,2.0,0,3,1,6,2,7,2.0,0.15789473684210525,0.3684210526315789,0.47368421052631576,0.0,0.1875,0.6666666666666666,10.718892601999105,37.51612410699687,0.0,0.3463104974770696,0.0,3.5,1.0,0.0,0.0,1.0,0.0,0,0,0,0,0,0.0
H2_30,D,True,4-4-2,4,0,0,0,0,0,4,4,2,0,74,9,0,0.0,0.0,1.0,0.0,1.0,0,3,1,7,3,7,2.0,0.14285714285714285,0.38095238095238093,0.47619047619047616,0.0,0.17647058823529413,0.75,7.855525,15.71105,0.0,0.6666857615075589,0.0,2.0,1.0,0.0,0.0,1.0,0.0,0,0,0,0,0,0.0
H1_15,D,True,4-4-2,2,0,0,0,0,0,4,4,2,0,14,5,0,16.101554716981134,35.03719163235829,1.0,1.0,1.0,1,3,0,2,1,1,1.0,0.5,0.25,0.25,0.5,0.5,0.5,12.458738007644802,99.66990406115842,0.5130811234448485,0.22226742473039596,16.101554716981134,8.0,2.0,4.0,1.0,1.0,1.0,0,0,0,0,0,0.0
H1_30,D,True,4-4-2,3,0,0,0,0,0,4,4,2,0,29,8,0,0.0,0.0,1.0,0.0,1.0,1,3,0,4,2,4,2.0,0.2857142857142857,0.2857142857142857,0.42857142857142855,0.3333333333333333,0.2727272727272727,0.6666666666666666,12.589803831838383,37.76941149551515,0.0,0.2999056819420165,0.0,3.0,0.5,0.0,0.0,0.5,0.0,0,0,0,0,0,0.0
H1_45,D,True,4-4-2,6,0,0,0,0,0,4,4,2,0,44,10,1,22.725886486486484,7.45270303030303,2.0,0.0,1.0,2,4,0,6,4,5,2.0,0.2857142857142857,0.2857142857142857,0.42857142857142855,0.3333333333333333,0.26666666666666666,0.6666666666666666,12.386144860067608,43.35150701023663,0.34806851708365544,0.571852331728122,22.725886486486484,3.5,1.5,1.0,1.0,0.5,0.0,0,0,0,0,0,0.0
H2_15,D,True,4-4-2,6,1,0,0,0,0,4,4,2,0,59,11,2,0.0,9.498146341463416,1.0,0.0,0.0,2,5,0,8,4,6,2.0,0.28,0.32,0.4,0.3333333333333333,0.2631578947368421,0.6666666666666666,14.436815418364326,28.87363083672865,0.16447786555096694,0.0,0.0,2.0,0.0,0.5,0.5,0.0,0.0,0,0,0,0,0,0.0
H2_30,D,True,4-4-2,7,1,0,0,0,0,4,4,2,0,74,11,3,0.0,0.0,0.0,0.0,0.0,2,5,0,8,5,6,2.0,0.2692307692307692,0.3076923076923077,0.4230769230769231,0.2857142857142857,0.2631578947368421,0.7142857142857143,35.119260000000004,35.119260000000004,0.0,1.0,0.0,1.0,1.0,0.0,0.0,1.0,0.0,0,0,0,0,0,0.0
H1_15,M,True,4-4-2,0,0,0,0,0,0,4,4,2,0,14,6,0,0.0,50.907997777873675,2.0,1.0,0.0,0,4,0,6,0,2,2.0,0.3333333333333333,0.5,0.16666666666666666,0.0,0.3333333333333333,0.0,12.144011165579919,72.86406699347951,0.3493354123537281,0.0,0.0,6.0,0.0,2.0,1.0,0.0,0.5,0,0,0,0,0,0.0
H1_30,M,True,4-4-2,1,0,0,0,0,0,4,4,2,0,29,10,0,11.67055238095238,88.47599038149508,2.0,1.0,1.0,1,8,0,9,0,4,2.0,0.4090909090909091,0.4090909090909091,0.18181818181818182,1.0,0.38095238095238093,0.0,25.1115312136894,125.557656068447,0.39880699392736824,0.0464748735616339,11.67055238095238,5.0,0.5,2.5,1.0,0.5,0.5,0,0,0,0,0,0.0
H1_45,M,True,4-4-2,1,0,0,0,0,0,4,4,2,0,44,12,1,0.0,0.0,1.0,0.0,0.0,1,8,0,10,0,5,2.0,0.375,0.4166666666666667,0.20833333333333334,1.0,0.34782608695652173,0.0,21.08351179005092,42.16702358010184,0.0,0.0,0.0,2.0,0.0,0.0,0.0,0.0,0.0,0,0,0,0,0,0.0
H2_15,M,True,4-4-2,1,0,0,0,0,0,4,4,2,0,59,14,1,0.0,0.0,1.0,0.0,0.0,1,8,0,11,0,7,2.0,0.3333333333333333,0.4074074074074074,0.25925925925925924,1.0,0.3076923076923077,0.0,19.832862202491842,29.749293303737765,0.0,0.0,0.0,1.5,0.0,0.0,0.0,0.0,0.0,0,0,0,0,0,0.0
H2_30,M,True,4-4-2,1,0,0,0,0,0,4,4,2,0,74,16,2,0.0,7.976500000000001,2.0,0.0,0.0,1,9,0,15,0,9,2.0,0.29411764705882354,0.4411764705882353,0.2647058823529412,1.0,0.2727272727272727,0.0,11.332808680730793,39.664830382557774,0.10054877233897853,0.0,0.0,3.5,0.0,0.5,0.5,0.0,0.0,0,0,0,0,0,0.0
H2_30,M,True,4-4-2,2,0,0,0,0,0,4,4,2,0,11,1,0,33.04404363636364,31.946898636363635,1.0,1.0,1.0,1,3,1,2,0,1,2.0,0.5,0.375,0.125,0.5,0.5,0.0,16.159902731494125,64.6396109259765,0.5027176165026203,0.5057540299922506,33.04404363636364,4.0,1.0,2.0,1.0,0.5,0.5,0,0,0,0,0,0.0
H1_15,A,True,4-4-2,2,1,1,1,1,0,4,4,2,0,14,2,1,30.864785,30.013447619047618,2.0,1.0,2.0,2,2,0,2,0,0,2.0,0.6666666666666666,0.3333333333333333,0.0,1.0,0.5,0.0,14.569766042568544,43.70929812770563,0.6963991098779423,0.35306887003564136,15.4323925,3.0,1.0,2.0,1.0,1.0,0.5,1,1,0,0,1,1.0
H1_30,A,True,4-4-2,3,2,2,2,2,0,4,4,2,0,29,4,1,0.0,5.683846153846156,2.0,0.0,1.0,2,3,1,5,0,1,2.0,0.4166666666666667,0.5,0.08333333333333333,0.6666666666666666,0.3333333333333333,0.0,9.637045827324723,28.91113748197417,0.09829855635029895,0.31595715344820924,0.0,3.0,0.5,0.5,0.5,0.5,0.0,2,1,0,0,2,1.0
H1_45,A,True,4-4-2,3,2,2,2,2,0,4,4,2,0,44,6,1,0.0,0.0,0.0,0.0,0.0,2,3,1,6,0,1,2.0,0.38461538461538464,0.5384615384615384,0.07692307692307693,0.6666666666666666,0.3,0.0,5.132066666666667,5.132066666666667,0.0,0.0,0.0,1.0,0.0,0.0,0.0,0.0,0.0,2,1,0,0,2,1.0
H2_15,A,True,4-4-2,6,3,2,3,3,0,4,4,2,0,59,8,1,26.264817021276592,20.505259090909092,2.0,1.0,1.0,4,5,2,12,0,2,2.0,0.36,0.56,0.08,0.6666666666666666,0.2631578947368421,0.0,8.97184647188763,53.83107883132578,0.4344151847553991,0.3137715373569851,13.132408510638296,6.0,1.5,2.0,1.0,0.5,0.5,3,1,0,1,3,1.0
H1_15,A,True,4-4-2,0,0,0,0,0,1,4,4,2,0,14,3,0,0.0,31.852408307692308,1.0,0.0,0.0,0,2,0,2,0,0,2.0,0.5,0.5,0.0,0.0,0.5,0.0,13.038993591423614,26.077987182847227,0.6107144712580271,0.0,0.0,2.0,0.0,1.0,1.0,0.0,0.0,0,0,0,0,0,0.0
H1_30,A,True,4-4-2,1,1,1,1,1,1,4,4,2,0,29,7,1,11.56292682926829,13.751964285714289,1.0,1.0,1.0,1,3,0,6,0,0,2.0,0.4,0.6,0.0,1.0,0.3333333333333333,0.0,10.326638524637216,30.97991557391165,0.40856940127203545,0.18661972789566753,11.56292682926829,3.0,0.5,1.0,0.5,0.5,0.5,1,1,1,0,1,1.0
H1_45,A,True,4-4-2,2,2,2,2,1,1,4,4,2,0,44,10,2,0.0,27.591655211188424,2.0,1.0,1.0,1,6,1,8,0,1,2.0,0.4117647058823529,0.5294117647058824,0.058823529411764705,0.5,0.4,0.0,11.300605862510125,39.552120518785436,0.3488012127957041,0.07224222863035198,0.0,3.5,0.5,1.5,1.0,0.5,0.5,2,1,1,0,2,1.0
H2_15,A,True,4-4-2,3,3,2,3,2,1,4,4,2,0,59,14,2,0.0,40.07801234649851,1.0,1.0,1.0,1,8,2,10,0,1,2.0,0.4090909090909091,0.5454545454545454,0.045454545454545456,0.3333333333333333,0.42105263157894735,0.0,13.617130079145571,34.04282519786393,0.5886411029865593,0.14507441225685186,0.0,2.5,0.5,1.0,0.5,0.5,0.5,3,1,1,1,3,1.0
H2_30,A,True,4-4-2,4,3,2,3,2,1,4,4,2,0,74,14,2,20.636914285714283,37.114402097998614,2.0,2.0,1.0,2,11,2,15,0,1,2.0,0.41935483870967744,0.5483870967741935,0.03225806451612903,0.5,0.4074074074074074,0.0,14.018696551500016,63.08413448175007,0.45773249374151337,0.1635665960645338,20.636914285714283,4.5,0.5,2.0,1.0,0.5,1.0,3,1,1,1,3,1.0
H2_30,M,True,4-4-2,1,0,0,0,0,0,4,4,2,0,1,0,0,0.0,0.0,1.0,0.0,1.0,0,0,1,1,0,1,2.0,0.0,0.6666666666666666,0.3333333333333333,0.0,0.0,0.0,12.229985440613026,18.34497816091954,0.0,0.4802210583359247,0.0,1.5,0.5,0.0,0.0,0.5,0.0,0,0,0,0,0,0.0
H2_30,D,True,4-4-2,0,0,0,0,0,0,4,4,2,0,1,0,0,0.0,0.0,0.0,0.0,0.0,0,0,0,0,0,0,0.0,0.0,0.0,0.0,0.0,0.0,0.0,0.0,0.0,0.0,0.0,0.0,0.0,0.0,0.0,0.0,0.0,0.0,0,0,0,0,0,0.0
H1_15,M,True,4-4-2,2,0,0,0,0,0,4,4,2,0,14,8,0,14.537883333333331,49.93534668269231,2.0,2.0,1.0,1,3,0,1,1,2,2.0,0.5,0.125,0.375,0.5,0.5,0.5,13.608305084367545,54.43322033747018,0.5922231829782466,0.28323129829696914,14.537883333333331,4.0,1.0,2.0,1.0,0.5,1.0,0,0,0,0,0,0.0
H1_30,M,True,4-4-2,5,1,0,1,1,0,4,4,2,0,29,11,0,0.0,44.03075738880918,2.0,2.0,2.0,1,7,2,3,2,4,2.0,0.42105263157894735,0.2631578947368421,0.3157894736842105,0.2,0.5,0.4,15.687843321767463,86.28313826972105,0.25515273477402417,0.3601930852778614,0.0,5.5,1.5,2.0,1.0,1.0,1.0,1,1,1,1,1,1.0
H1_45,M,True,4-4-2,6,1,0,1,1,0,4,4,2,0,44,11,0,0.0,40.55352255744482,1.0,1.0,1.0,1,10,2,4,3,6,2.0,0.4230769230769231,0.23076923076923078,0.34615384615384615,0.16666666666666666,0.5,0.5,11.557498555127225,40.45124494294529,0.5012642084890563,0.10780480837680503,0.0,3.5,0.5,1.5,1.0,0.5,0.5,1,1,1,1,1,1.0
H2_15,M,True,4-4-2,10,1,0,1,1,0,4,4,2,0,59,15,0,29.664043843843842,28.14930952380952,2.0,1.0,2.0,3,14,3,10,4,7,2.0,0.4146341463414634,0.3170731707317073,0.2682926829268293,0.3,0.45161290322580644,0.4,13.19946811210773,98.99601084080798,0.29199839911034897,0.2349849666193321,14.832021921921921,7.5,2.0,3.0,1.0,1.0,0.5,1,1,1,1,1,1.0
H1_15,M,True,4-4-2,0,0,0,0,0,0,4,4,2,0,14,7,1,0.0,99.28914748187702,2.0,1.0,0.0,0,7,0,2,0,0,2.0,0.7777777777777778,0.2222222222222222,0.0,0.0,0.7777777777777778,0.0,13.83055197129081,62.23748387080864,0.7976635727110973,0.0,0.0,4.5,0.0,3.5,1.0,0.0,0.5,0,0,0,0,0,0.0
H1_30,M,True,4-4-2,1,0,0,0,0,0,4,4,2,0,29,13,2,0.0,36.90263553793575,2.0,1.0,1.0,0,11,0,5,1,7,2.0,0.4583333333333333,0.20833333333333334,0.3333333333333333,0.0,0.4782608695652174,1.0,12.942718851909376,97.07039138932032,0.19008183138940027,0.16820656318970315,0.0,7.5,0.5,2.0,1.0,0.5,0.5,0,0,0,0,0,0.0
H1_45,M,True,4-4-2,1,0,0,0,0,0,4,4,2,0,44,13,2,0.0,0.0,1.0,0.0,0.0,0,11,0,8,1,10,2.0,0.36666666666666664,0.26666666666666666,0.36666666666666664,0.0,0.3793103448275862,1.0,8.23017280167163,24.690518405014892,0.0,0.0,0.0,3.0,0.0,0.0,0.0,0.0,0.0,0,0,0,0,0,0.0
H2_15,M,True,4-4-2,5,0,0,0,0,0,4,4,2,0,59,18,5,0.0,26.418824540976267,2.0,0.0,1.0,0,13,3,16,2,12,2.0,0.2826086956521739,0.41304347826086957,0.30434782608695654,0.0,0.3170731707317073,0.4,12.114037704075942,96.91230163260754,0.13630274018838942,0.39271596714750534,0.0,8.0,2.0,1.0,1.0,0.5,0.0,0,0,0,0,0,0.0
H2_30,M,True,4-4-2,6,0,0,0,0,0,4,4,2,0,74,19,6,0.0,13.854596491228072,2.0,0.0,1.0,0,14,4,21,2,17,2.0,0.2413793103448276,0.43103448275862066,0.3275862068965517,0.0,0.2692307692307692,0.3333333333333333,12.669262271456438,76.01557362873862,0.09112998711878544,0.09306029886125301,0.0,6.0,0.5,0.5,0.5,0.5,0.0,0,0,0,0,0,0.0
H2_30,M,True,4-4-2,5,1,1,1,1,0,4,4,2,0,11,0,2,30.716531999999997,41.87368929736271,2.0,1.0,2.0,1,5,3,5,1,2,2.0,0.35294117647058826,0.47058823529411764,0.17647058823529413,0.2,0.4166666666666667,0.2,12.704973855830264,107.99227777455725,0.33608987046694555,0.4536425243221061,30.716531999999997,8.5,2.5,3.0,1.0,1.0,0.5,1,0,0,0,1,1.0
H1_15,M,True,4-4-2,2,1,0,1,1,0,4,4,2,0,14,3,0,16.338825552825554,59.29360995764934,2.0,2.0,2.0,2,5,0,5,0,1,2.0,0.5384615384615384,0.38461538461538464,0.07692307692307693,1.0,0.45454545454545453,0.0,11.801819358448455,76.71182582991496,0.49296464197167406,0.10649482903100174,8.169412776412777,6.5,1.0,3.5,1.0,1.0,1.0,1,0,1,1,1,1.0
H1_30,M,True,4-4-2,4,2,0,2,2,0,4,4,2,0,29,7,0,0.0,7.351235294117647,2.0,0.0,1.0,2,6,0,6,2,7,2.0,0.34782608695652173,0.2608695652173913,0.391304347826087,0.5,0.3157894736842105,0.5,10.644013979227278,53.220069896136394,0.06906450243737206,0.3054736689059606,0.0,5.0,1.0,0.5,0.5,0.5,0.0,2,0,1,1,2,1.0
H1_45,M,True,4-4-2,5,3,0,2,3,0,4,4,2,0,44,7,1,0.0,32.453410416666664,1.0,1.0,1.0,2,8,0,7,3,9,2.0,0.3448275862068966,0.2413793103448276,0.41379310344827586,0.4,0.3333333333333333,0.6,12.474116972884753,37.42235091865426,0.4336099900192176,0.17938124998341992,0.0,3.0,0.5,1.0,0.5,0.5,0.5,3,0,2,1,2,0.6666666666666666
H2_15,M,True,4-4-2,8,3,0,2,3,0,4,4,2,0,59,11,1,0.0,31.08202064372919,2.0,1.0,2.0,2,11,3,13,3,11,2.0,0.3023255813953488,0.37209302325581395,0.32558139534883723,0.25,0.3142857142857143,0.375,12.810501728603649,89.67351210022554,0.17330658694949796,0.2896603159476026,0.0,7.0,1.5,1.5,1.0,1.0,0.5,3,0,2,1,2,0.6666666666666666
H1_15,G,False,3-4-3,0,0,0,0,0,0,3,4,3,0,14,0,2,0.0,0.0,0.0,0.0,0.0,0,0,0,0,0,1,1.0,0.0,0.0,1.0,0.0,0.0,0.0,12.901038461538455,12.901038461538455,0.0,0.0,0.0,1.0,0.0,0.0,0.0,0.0,0.0,0,0,0,0,0,0.0
H1_30,G,False,3-4-3,0,0,0,0,0,0,3,4,3,0,29,1,2,0.0,0.0,0.0,0.0,0.0,0,0,0,0,0,1,1.0,0.0,0.0,1.0,0.0,0.0,0.0,0.0,0.0,0.0,0.0,0.0,0.0,0.0,0.0,0.0,0.0,0.0,0,0,0,0,0,0.0
H1_45,G,False,3-4-3,0,0,0,0,0,0,3,4,3,0,44,2,2,0.0,0.0,0.0,0.0,0.0,0,0,0,0,0,1,1.0,0.0,0.0,1.0,0.0,0.0,0.0,0.0,0.0,0.0,0.0,0.0,0.0,0.0,0.0,0.0,0.0,0.0,0,0,0,0,0,0.0
H2_15,G,False,3-4-3,0,0,0,0,0,0,3,4,3,0,59,2,2,0.0,0.0,0.0,0.0,0.0,0,0,0,0,0,1,1.0,0.0,0.0,1.0,0.0,0.0,0.0,0.0,0.0,0.0,0.0,0.0,0.0,0.0,0.0,0.0,0.0,0.0,0,0,0,0,0,0.0
H2_30,G,False,3-4-3,0,0,0,0,0,0,3,4,3,0,74,4,2,0.0,0.0,0.0,0.0,0.0,0,0,0,0,0,1,1.0,0.0,0.0,1.0,0.0,0.0,0.0,0.0,0.0,0.0,0.0,0.0,0.0,0.0,0.0,0.0,0.0,0.0,0,0,0,0,0,0.0
H1_15,M,False,3-4-3,1,0,0,0,0,0,3,4,3,0,14,2,1,0.0,8.97891282051282,1.0,0.0,1.0,0,1,0,3,1,3,2.0,0.125,0.375,0.5,0.0,0.14285714285714285,1.0,12.064891768401733,48.25956707360693,0.09302728313764103,0.08161912637334623,0.0,4.0,0.5,0.5,0.5,0.5,0.0,0,0,0,0,0,0.0
H1_30,M,False,3-4-3,3,0,0,0,0,0,3,4,3,0,29,5,3,0.0,41.94404852556924,2.0,1.0,2.0,0,3,0,5,3,6,2.0,0.17647058823529413,0.29411764705882354,0.5294117647058824,0.0,0.21428571428571427,1.0,10.476639100105793,47.14487595047607,0.44484207116834806,0.16143378273750253,0.0,4.5,1.0,1.0,0.5,1.0,0.5,0,0,0,0,0,0.0
H1_45,M,False,3-4-3,3,0,0,0,0,0,3,4,3,0,44,8,3,0.0,0.0,2.0,0.0,0.0,0,3,0,8,3,9,2.0,0.13043478260869565,0.34782608695652173,0.5217391304347826,0.0,0.15,1.0,9.091270483405482,27.27381145021645,0.0,0.0,0.0,3.0,0.0,0.0,0.0,0.0,0.0,0,0,0,0,0,0.0
H2_15,M,False,3-4-3,4,0,0,0,0,0,3,4,3,0,59,16,4,0.0,46.82444881533101,2.0,1.0,1.0,0,7,0,12,4,12,2.0,0.2,0.34285714285714286,0.45714285714285713,0.0,0.22580645161290322,1.0,15.180063148945825,91.08037889367495,0.25705014287431077,0.12393905883432906,0.0,6.0,0.5,2.0,1.0,0.5,0.5,0,0,0,0,0,0.0
H2_30,M,False,3-4-3,6,0,0,0,0,0,3,4,3,0,74,20,5,0.0,6.589573333333331,1.0,0.0,1.0,0,8,1,13,5,15,2.0,0.19047619047619047,0.3333333333333333,0.47619047619047616,0.0,0.2222222222222222,0.8333333333333334,12.325950486873529,43.14082670405735,0.07637282171870838,0.4703984587338542,0.0,3.5,1.0,0.5,0.5,0.5,0.0,0,0,0,0,0,0.0
H1_15,D,False,3-4-3,1,0,0,0,0,0,3,4,3,0,14,1,2,0.0,0.0,1.0,0.0,1.0,0,0,0,3,1,3,1.0,0.0,0.42857142857142855,0.5714285714285714,0.0,0.0,1.0,8.225139106839583,57.575973747877086,0.0,0.09991601583592877,0.0,7.0,1.0,0.0,0.0,1.0,0.0,0,0,0,0,0,0.0
H1_30,D,False,3-4-3,2,0,0,0,0,0,3,4,3,0,29,10,3,0.0,35.18816778711484,2.0,1.0,1.0,0,3,1,4,1,4,2.0,0.23076923076923078,0.38461538461538464,0.38461538461538464,0.0,0.2727272727272727,0.5,15.071506993600359,45.214520980801076,0.3891246332351546,0.48554700362309994,0.0,3.0,0.5,1.5,0.5,0.5,0.5,0,0,0,0,0,0.0
H1_45,D,False,3-4-3,3,0,0,0,0,0,3,4,3,0,44,18,4,6.925824,0.0,1.0,0.0,1.0,1,3,1,5,1,4,2.0,0.26666666666666666,0.4,0.3333333333333333,0.3333333333333333,0.25,0.3333333333333333,5.822739272727273,11.645478545454546,0.5947221467084565,0.5947221467084565,6.925824,2.0,1.0,1.0,1.0,1.0,0.0,0,0,0,0,0,0.0
H2_15,D,False,3-4-3,6,0,0,0,0,0,3,4,3,0,59,29,4,6.737466666666666,23.60726369075011,1.0,1.0,1.0,2,5,3,10,1,6,2.0,0.25925925925925924,0.48148148148148145,0.25925925925925924,0.3333333333333333,0.23809523809523808,0.16666666666666666,10.62956834863109,127.55482018357307,0.23789559903534457,0.3420539162297896,6.737466666666666,12.0,3.0,3.0,1.0,1.0,1.0,0,0,0,0,0,0.0
H2_30,D,False,3-4-3,8,0,0,0,0,0,3,4,3,0,74,35,4,0.0,8.157988235294118,1.0,0.0,1.0,2,6,5,12,1,8,2.0,0.23529411764705882,0.5,0.2647058823529412,0.25,0.23076923076923078,0.125,10.755940279260512,75.29158195482358,0.10835193023556165,0.4836178302396982,0.0,7.0,2.0,1.0,1.0,1.0,0.0,0,0,0,0,0,0.0
H1_15,D,False,3-4-3,3,0,0,0,0,0,3,4,3,0,14,1,2,0.0,8.32338888888889,1.0,0.0,1.0,0,1,1,2,2,4,1.0,0.1,0.3,0.6,0.0,0.14285714285714285,0.6666666666666666,9.433785592007528,94.33785592007527,0.08822957451927478,0.3870372203261308,0.0,10.0,3.0,1.0,1.0,1.0,0.0,0,0,0,0,0,0.0
H1_30,D,False,3-4-3,4,0,0,0,0,0,3,4,3,0,29,13,3,7.948137931034482,27.025476747967478,1.0,1.0,1.0,1,4,1,3,2,5,2.0,0.3125,0.25,0.4375,0.25,0.3333333333333333,0.5,10.02843298738083,30.085298962142488,0.5812409363624844,0.1320933845636026,7.948137931034482,3.0,0.5,2.0,0.5,0.5,0.5,0,0,0,0,0,0.0
H1_45,D,False,3-4-3,5,0,0,0,0,0,3,4,3,0,44,18,4,0.0,0.0,1.0,0.0,1.0,1,4,1,5,3,6,2.0,0.25,0.3,0.45,0.2,0.26666666666666666,0.6,10.581594190824152,42.32637676329661,0.0,0.22166140490595362,0.0,4.0,1.0,0.0,0.0,1.0,0.0,0,0,0,0,0,0.0
H2_15,D,False,3-4-3,7,0,0,0,0,0,3,4,3,0,59,25,4,0.0,0.0,1.0,0.0,1.0,1,4,1,8,5,7,2.0,0.19230769230769232,0.34615384615384615,0.46153846153846156,0.14285714285714285,0.21052631578947367,0.7142857142857143,11.095439871575442,66.57263922945265,0.0,0.3873430365885202,0.0,6.0,2.0,0.0,0.0,1.0,0.0,0,0,0,0,0,0.0
H2_30,D,False,3-4-3,8,0,0,0,0,0,3,4,3,0,74,32,6,0.0,0.0,1.0,0.0,1.0,1,4,2,11,5,8,2.0,0.16129032258064516,0.41935483870967744,0.41935483870967744,0.125,0.17391304347826086,0.625,12.872403291866027,32.18100822966507,0.0,0.3046997590804664,0.0,2.5,0.5,0.0,0.0,0.5,0.0,0,0,0,0,0,0.0
H1_15,D,False,3-4-3,0,0,0,0,0,0,3,4,3,0,14,1,3,0.0,0.0,0.0,0.0,0.0,0,0,0,0,0,1,1.0,0.0,0.0,1.0,0.0,0.0,0.0,6.342289655172415,6.342289655172415,0.0,0.0,0.0,1.0,0.0,0.0,0.0,0.0,0.0,0,0,0,0,0,0.0
H1_30,D,False,3-4-3,1,0,0,0,0,0,3,4,3,0,29,15,3,0.0,7.327030303030302,1.0,0.0,1.0,0,1,0,2,1,4,2.0,0.125,0.25,0.625,0.0,0.14285714285714285,1.0,9.834436169162894,24.586090422907233,0.14900763352362026,0.0,0.0,3.5,0.5,0.5,0.5,0.5,0.0,0,0,0,0,0,0.0
H1_45,D,False,3-4-3,1,0,0,0,0,0,3,4,3,0,44,19,3,0.0,0.0,1.0,0.0,0.0,0,1,0,4,1,6,2.0,0.08333333333333333,0.3333333333333333,0.5833333333333334,0.0,0.09090909090909091,1.0,12.112476030943473,24.224952061886945,0.0,0.0,0.0,2.0,0.0,0.0,0.0,0.0,0.0,0,0,0,0,0,0.0
H2_15,D,False,3-4-3,2,0,0,0,0,0,3,4,3,0,59,26,3,0.0,0.0,1.0,0.0,1.0,0,1,0,8,2,6,2.0,0.058823529411764705,0.47058823529411764,0.47058823529411764,0.0,0.06666666666666667,1.0,14.080166752397929,70.40083376198965,0.0,0.26818261029279294,0.0,5.0,1.0,0.0,0.0,1.0,0.0,0,0,0,0,0,0.0
H2_30,D,False,3-4-3,3,0,0,0,0,0,3,4,3,0,74,31,4,6.825216,15.256908403361345,1.0,1.0,1.0,1,3,0,11,2,7,2.0,0.16666666666666666,0.4583333333333333,0.375,0.3333333333333333,0.14285714285714285,0.6666666666666666,11.766568287503501,41.182989006262254,0.26809764099448385,0.0828645050382594,6.825216,3.5,0.5,1.5,0.5,0.5,0.5,0,0,0,0,0,0.0
H1_15,A,False,3-4-3,2,0,0,0,0,0,3,4,3,0,14,1,1,17.619368421052634,0.0,2.0,0.0,1.0,1,0,0,5,1,2,2.0,0.1111111111111111,0.5555555555555556,0.3333333333333333,0.5,0.0,0.5,14.817083277308067,66.6768747478863,0.13212503201202588,0.1888916731681069,17.619368421052634,4.5,1.0,0.5,0.5,0.5,0.0,0,0,0,0,0,0.0
H1_30,A,False,3-4-3,3,1,1,1,1,0,3,4,3,0,29,9,1,0.0,36.82325505178366,2.0,2.0,1.0,1,4,1,8,1,2,2.0,0.29411764705882354,0.5294117647058824,0.17647058823529413,0.3333333333333333,0.2857142857142857,0.3333333333333333,13.43916618899883,53.75666475599532,0.3424994390828244,0.052979477296949865,0.0,4.0,0.5,2.0,1.0,0.5,1.0,1,0,0,0,1,1.0
H1_45,A,False,3-4-3,3,1,1,1,1,0,3,4,3,0,44,12,1,0.0,20.42513012318029,1.0,0.0,0.0,1,6,1,8,1,3,2.0,0.35,0.45,0.2,0.3333333333333333,0.35294117647058826,0.3333333333333333,9.024303144508373,13.53645471676256,0.7544490248945056,0.0,0.0,1.5,0.0,1.0,1.0,0.0,0.0,1,0,0,0,1,1.0
H2_15,A,False,3-4-3,5,1,1,1,1,0,3,4,3,0,59,14,1,7.715057142857143,83.0053547052767,2.0,2.0,1.0,2,12,2,12,1,4,2.0,0.42424242424242425,0.42424242424242425,0.15151515151515152,0.4,0.42857142857142855,0.2,13.11541389175727,85.25019029642225,0.5320833392435323,0.11517739011427383,7.715057142857143,6.5,1.0,3.5,1.0,0.5,1.0,1,0,0,0,1,1.0
H1_15,M,False,3-4-3,0,0,0,0,0,0,3,4,3,0,14,3,0,0.0,0.0,2.0,0.0,0.0,0,0,0,5,0,2,2.0,0.0,0.7142857142857143,0.2857142857142857,0.0,0.0,0.0,15.32129268662471,53.624524403186484,0.0,0.0,0.0,3.5,0.0,0.0,0.0,0.0,0.0,0,0,0,0,0,0.0
H1_30,M,False,3-4-3,2,0,0,0,0,0,3,4,3,0,29,16,0,0.0,29.316477882270984,2.0,1.0,2.0,0,2,1,11,1,4,2.0,0.10526315789473684,0.631578947368421,0.2631578947368421,0.0,0.11764705882352941,0.5,11.86153760070862,71.16922560425172,0.20596316479042584,0.1203780787632613,0.0,6.0,1.0,1.0,0.5,1.0,0.5,0,0,0,0,0,0.0
H1_45,M,False,3-4-3,2,0,0,0,0,0,3,4,3,0,44,20,0,0.0,4.890504347826088,1.0,0.0,0.0,0,3,1,13,1,6,2.0,0.125,0.5833333333333334,0.2916666666666667,0.0,0.13636363636363635,0.5,11.70997774241745,58.54988871208725,0.0835271331065139,0.0,0.0,5.0,0.0,1.0,1.0,0.0,0.0,0,0,0,0,0,0.0
H2_15,M,False,3-4-3,3,0,0,0,0,0,3,4,3,0,59,33,1,0.0,0.0,2.0,0.0,1.0,0,3,2,19,1,10,2.0,0.08571428571428572,0.6,0.3142857142857143,0.0,0.09375,0.3333333333333333,13.009159388517139,71.55037663684426,0.0,0.1333509114135777,0.0,5.5,0.5,0.0,0.0,0.5,0.0,0,0,0,0,0,0.0
H2_30,M,False,3-4-3,6,0,0,0,0,0,3,4,3,0,74,37,1,0.0,16.609540298507465,2.0,0.0,2.0,0,4,3,25,3,13,2.0,0.08333333333333333,0.5833333333333334,0.3333333333333333,0.0,0.09523809523809523,0.5,11.796676278329203,76.67839580913981,0.10830651921729212,0.351999365225627,0.0,6.5,1.5,0.5,0.5,1.0,0.0,0,0,0,0,0,0.0
H1_15,A,False,3-4-3,4,0,0,0,0,0,3,4,3,0,14,1,0,22.311149019607843,33.155446171986576,2.0,2.0,2.0,2,5,0,5,2,4,2.0,0.3888888888888889,0.2777777777777778,0.3333333333333333,0.5,0.35714285714285715,0.5,9.593788506487204,86.34409655838483,0.32119506371862133,0.35301299927160296,11.155574509803921,9.0,2.0,3.5,1.0,1.0,1.0,0,0,0,0,0,0.0
H1_30,A,False,3-4-3,4,2,1,2,1,0,3,4,3,0,29,3,0,0.0,75.79261313772817,2.0,2.0,0.0,2,11,0,5,2,5,2.0,0.52,0.2,0.28,0.5,0.5238095238095238,0.5,11.622139765017067,40.677489177559735,0.9316284592552992,0.0,0.0,3.5,0.0,3.0,1.0,0.0,1.0,2,0,0,1,2,1.0
H1_45,A,False,3-4-3,6,3,1,3,2,0,3,4,3,0,44,6,0,19.31606557377049,13.291592452830187,1.0,0.0,1.0,3,12,1,5,2,6,2.0,0.5172413793103449,0.20689655172413793,0.27586206896551724,0.5,0.5217391304347826,0.3333333333333333,14.951670717830293,29.903341435660586,0.5452176322294724,0.590809414460937,19.31606557377049,2.0,1.0,1.0,1.0,1.0,0.0,3,0,0,1,3,1.0
H2_15,A,False,3-4-3,7,3,1,3,2,0,3,4,3,0,59,7,0,8.656645161290323,90.26844007464403,2.0,1.0,1.0,4,17,1,6,2,7,2.0,0.5675675675675675,0.1891891891891892,0.24324324324324326,0.5714285714285714,0.5666666666666667,0.2857142857142857,16.035973449889802,64.14389379955921,0.7711184913801893,0.06747832606125488,8.656645161290323,4.0,0.5,3.0,1.0,0.5,0.5,3,0,0,1,3,1.0
H2_30,A,False,3-4-3,8,3,1,3,2,0,3,4,3,0,74,8,0,30.31906516853933,22.45880260465116,2.0,1.0,1.0,5,19,1,8,2,8,2.0,0.5581395348837209,0.20930232558139536,0.23255813953488372,0.625,0.5428571428571428,0.25,14.555474689471142,43.66642406841343,0.6043300876950893,0.347166797091486,30.31906516853933,3.0,0.5,1.5,1.0,0.5,0.5,3,0,0,1,3,1.0
H1_15,A,False,3-4-3,2,0,0,0,0,0,3,4,3,0,14,4,0,0.0,22.978468078241583,2.0,1.0,1.0,0,3,0,2,2,5,2.0,0.25,0.16666666666666666,0.5833333333333334,0.0,0.3,1.0,10.721460181279467,58.96803099703706,0.1948383530000872,0.07245259888343339,0.0,6.0,1.0,1.5,1.0,0.5,0.5,0,0,0,0,0,0.0
H1_30,A,False,3-4-3,3,0,0,0,0,0,3,4,3,0,29,11,0,0.0,101.29451716673424,2.0,2.0,1.0,0,8,1,4,2,5,2.0,0.4,0.25,0.35,0.0,0.47058823529411764,0.6666666666666666,19.2835055806343,77.1340223225372,0.6566137361744829,0.08039706280684103,0.0,4.0,0.5,2.5,1.0,0.5,1.0,0,0,0,0,0,0.0
H1_45,A,False,3-4-3,4,1,1,0,1,0,3,4,3,0,44,17,0,0.0,71.85277167192413,2.0,2.0,1.0,0,14,1,8,3,6,2.0,0.4375,0.28125,0.28125,0.0,0.5,0.75,11.339375628964797,68.03625377378879,0.5280476781601229,0.07141049936842074,0.0,6.0,0.5,3.0,1.0,0.5,1.0,1,0,1,0,0,0.0
H2_15,A,False,3-4-3,5,1,1,0,1,0,3,4,3,0,59,25,0,0.0,46.61241068524971,2.0,1.0,1.0,0,17,2,10,3,9,2.0,0.4146341463414634,0.2926829268292683,0.2926829268292683,0.0,0.4722222222222222,0.6,10.749547125375226,48.37296206418852,0.4818023198930568,0.11201211717295605,0.0,4.5,0.5,1.5,1.0,0.5,0.5,1,0,1,0,0,0.0
H2_30,A,False,3-4-3,5,1,1,0,1,0,3,4,3,0,74,30,0,0.0,32.66887876190476,2.0,1.0,0.0,0,20,2,14,3,12,2.0,0.39215686274509803,0.3137254901960784,0.29411764705882354,0.0,0.43478260869565216,0.6,15.348378941542483,76.74189470771242,0.21284904996371945,0.0,0.0,5.0,0.0,1.5,1.0,0.0,0.5,1,0,1,0,0,0.0
H2_30,A,False,3-4-3,1,0,0,0,0,0,3,4,3,0,7,1,0,17.750880000000006,47.50570359570661,1.0,1.0,1.0,1,3,0,1,0,1,2.0,0.6666666666666666,0.16666666666666666,0.16666666666666666,1.0,0.6,0.0,15.215603395319908,45.64681018595972,0.7147989457517293,0.19443724465833442,17.750880000000006,3.0,0.5,2.0,1.0,0.5,0.5,0,0,0,0,0,0.0
H1_15,M,False,3-4-3,1,0,0,0,0,0,3,4,3,0,14,0,0,0.0,10.353521739130434,2.0,0.0,1.0,0,1,1,2,0,4,2.0,0.125,0.375,0.5,0.0,0.14285714285714285,0.0,10.150740155945256,40.60296062378102,0.12749712804275667,0.16380681995316426,0.0,4.0,0.5,0.5,0.5,0.5,0.0,0,0,0,0,0,0.0
H1_30,M,False,3-4-3,5,0,0,0,0,0,3,4,3,0,29,6,1,30.566382398619496,67.00361045129164,2.0,1.0,2.0,2,5,2,4,1,5,2.0,0.3684210526315789,0.3157894736842105,0.3157894736842105,0.4,0.35714285714285715,0.2,14.537932256479372,79.95862741063655,0.610127987495517,0.3916765744996237,15.283191199309748,5.5,2.0,3.0,1.0,1.0,0.5,0,0,0,0,0,0.0
H1_45,M,False,3-4-3,5,1,0,0,1,0,3,4,3,0,44,12,1,0.0,5.69,0.0,0.0,0.0,2,6,2,4,1,5,2.0,0.4,0.3,0.3,0.4,0.4,0.2,5.69,5.69,1.0,0.0,0.0,1.0,0.0,1.0,1.0,0.0,0.0,1,0,1,1,0,0.0
H2_15,M,False,3-4-3,8,1,0,0,1,0,3,4,3,0,59,16,1,6.594866666666666,25.999223172413792,2.0,1.0,2.0,3,8,3,6,2,8,2.0,0.36666666666666664,0.3,0.3333333333333333,0.375,0.36363636363636365,0.25,11.222241156830474,56.11120578415237,0.29044189465882136,0.37824304665068803,6.594866666666666,5.0,1.5,1.5,1.0,1.0,0.5,1,0,1,1,0,0.0
H2_30,M,False,3-4-3,13,1,0,0,1,0,3,4,3,0,74,19,1,0.0,32.7862559139785,2.0,1.0,2.0,3,10,7,11,3,12,2.0,0.2826086956521739,0.391304347826087,0.32608695652173914,0.23076923076923078,0.30303030303030304,0.23076923076923078,11.19568830483236,89.56550643865889,0.1830294787448836,0.38434733027114,0.0,8.0,2.5,1.0,0.5,1.0,0.5,1,0,1,1,0,0.0
H1_15,M,False,3-4-3,0,0,0,0,0,0,3,4,3,0,14,0,0,0.0,6.609679999999998,2.0,0.0,0.0,0,1,0,4,0,0,2.0,0.2,0.8,0.0,0.0,0.2,0.0,18.432039719661265,46.08009929915316,0.0717194635051651,0.0,0.0,2.5,0.0,0.5,0.5,0.0,0.0,0,0,0,0,0,0.0
H1_30,M,False,3-4-3,1,0,0,0,0,0,3,4,3,0,29,6,1,0.0,49.34892314465408,2.0,1.0,1.0,0,4,0,8,1,2,2.0,0.26666666666666666,0.5333333333333333,0.2,0.0,0.2857142857142857,1.0,16.876514833206272,84.38257416603136,0.2924118138868045,0.0903455781975789,0.0,5.0,0.5,1.5,1.0,0.5,0.5,0,0,0,0,0,0.0
H1_45,M,False,3-4-3,1,0,0,0,0,0,3,4,3,0,44,12,2,0.0,26.733421258503405,2.0,1.0,0.0,0,7,0,10,1,3,2.0,0.3333333333333333,0.47619047619047616,0.19047619047619047,0.0,0.35,1.0,11.783420087076772,35.35026026123032,0.37812198638637384,0.0,0.0,3.0,0.0,1.5,1.0,0.0,0.5,0,0,0,0,0,0.0
H2_15,M,False,3-4-3,2,0,0,0,0,0,3,4,3,0,59,15,4,0.0,12.1848962962963,1.0,0.0,1.0,0,8,0,14,2,6,2.0,0.26666666666666666,0.4666666666666667,0.26666666666666666,0.0,0.2857142857142857,1.0,16.99876870292998,76.4944591631849,0.07964561374505817,0.18317531658472283,0.0,4.5,0.5,0.5,0.5,0.5,0.0,0,0,0,0,0,0.0
H2_30,M,False,3-4-3,3,0,0,0,0,0,3,4,3,0,74,16,4,0.0,44.82472796021439,2.0,2.0,1.0,0,12,0,19,3,7,2.0,0.2926829268292683,0.4634146341463415,0.24390243902439024,0.0,0.3157894736842105,1.0,14.462306639461389,79.54268651703764,0.2817652377796742,0.1314927439478774,0.0,5.5,0.5,2.0,1.0,0.5,1.0,0,0,0,0,0,0.0
H1_15,M,True,3-4-3,2,0,0,0,0,0,3,4,3,0,14,3,0,10.26822222222222,9.401365853658536,2.0,1.0,2.0,1,1,0,4,1,2,2.0,0.2222222222222222,0.4444444444444444,0.3333333333333333,0.5,0.14285714285714285,0.5,17.5883059300209,79.14737668509406,0.12425925469482528,0.32968413206989383,10.26822222222222,4.5,1.0,1.0,0.5,1.0,0.5,0,0,0,0,0,0.0
H1_30,M,True,3-4-3,4,0,0,0,0,0,3,4,3,0,29,6,0,23.041164102564107,38.5636957150639,2.0,1.0,2.0,2,4,0,8,2,3,2.0,0.3157894736842105,0.42105263157894735,0.2631578947368421,0.5,0.26666666666666666,0.5,15.553782493971067,77.76891246985534,0.3960763874736399,0.36000274611187627,23.041164102564107,5.0,1.0,2.0,1.0,1.0,0.5,0,0,0,0,0,0.0
H1_45,M,True,3-4-3,4,0,0,0,0,0,3,4,3,0,44,7,1,0.0,20.35141204819277,1.0,0.0,0.0,2,5,0,10,2,6,2.0,0.28,0.4,0.32,0.5,0.23809523809523808,0.5,14.926698138857164,89.56018883314299,0.22723726148131398,0.0,0.0,6.0,0.0,1.0,1.0,0.0,0.0,0,0,0,0,0,0.0
H2_15,M,True,3-4-3,9,0,0,0,0,0,3,4,3,0,59,9,3,11.76084,59.73038030364498,2.0,2.0,2.0,3,9,3,17,3,8,2.0,0.27906976744186046,0.46511627906976744,0.2558139534883721,0.3333333333333333,0.2647058823529412,0.3333333333333333,15.68784099833723,141.19056898503507,0.25317278915145675,0.4086402807779748,11.76084,9.0,2.5,2.5,1.0,1.0,1.0,0,0,0,0,0,0.0
H2_30,M,True,3-4-3,10,0,0,0,0,0,3,4,3,0,74,10,3,0.0,0.0,2.0,0.0,1.0,3,9,3,18,4,11,2.0,0.25,0.4375,0.3125,0.3,0.23684210526315788,0.4,12.349775515100493,30.87443878775123,0.0,0.16856986569954346,0.0,2.5,0.5,0.0,0.0,0.5,0.0,0,0,0,0,0,0.0
H1_15,D,True,3-4-3,0,0,0,0,0,0,3,4,3,0,14,1,0,0.0,5.11088695652174,1.0,0.0,0.0,0,1,0,0,0,3,2.0,0.25,0.0,0.75,0.0,0.25,0.0,10.187514232256907,20.375028464513814,0.12542036359416922,0.0,0.0,2.0,0.0,0.5,0.5,0.0,0.0,0,0,0,0,0,0.0
H1_30,D,True,3-4-3,1,1,1,1,1,0,3,4,3,0,29,4,0,0.0,0.0,1.0,0.0,1.0,0,1,0,1,1,3,2.0,0.16666666666666666,0.16666666666666666,0.6666666666666666,0.0,0.2,1.0,33.00803277230867,66.01606554461733,0.0,0.6797346312591335,0.0,2.0,1.0,0.0,0.0,1.0,0.0,1,1,1,0,1,1.0
H1_45,D,True,3-4-3,2,1,1,1,1,0,3,4,3,0,44,5,2,22.03736842105263,11.367782608695652,1.0,1.0,1.0,1,2,0,2,1,5,2.0,0.2727272727272727,0.18181818181818182,0.5454545454545454,0.5,0.2222222222222222,0.5,14.412362488000937,72.06181244000469,0.46356245976410676,0.30581201991554013,22.03736842105263,5.0,1.0,2.0,1.0,1.0,1.0,1,1,1,0,1,1.0
H2_15,D,True,3-4-3,4,1,1,1,1,0,3,4,3,0,59,7,2,0.0,0.0,1.0,0.0,1.0,1,2,0,6,3,8,2.0,0.15,0.3,0.55,0.25,0.125,0.75,10.829124673895901,97.46212206506311,0.0,0.26704274265214284,0.0,9.0,2.0,0.0,0.0,1.0,0.0,1,1,1,0,1,1.0
H2_30,D,True,3-4-3,7,1,1,1,1,0,3,4,3,0,74,8,5,0.0,0.0,1.0,0.0,1.0,1,2,1,8,5,10,2.0,0.1111111111111111,0.3333333333333333,0.5555555555555556,0.14285714285714285,0.1,0.7142857142857143,14.737103046279117,103.15972132395382,0.0,0.4605475399263609,0.0,7.0,3.0,0.0,0.0,1.0,0.0,1,1,1,0,1,1.0
H1_15,M,True,3-4-3,1,0,0,0,0,0,3,4,3,0,14,5,0,0.0,11.525490196078431,1.0,0.0,1.0,0,1,0,1,1,2,2.0,0.2,0.2,0.6,0.0,0.25,1.0,18.35204879251069,45.88012198127672,0.1256043979218482,0.2524485097441392,0.0,2.5,0.5,0.5,0.5,0.5,0.0,0,0,0,0,0,0.0
H1_30,M,True,3-4-3,2,1,0,1,1,0,3,4,3,0,29,7,0,0.0,5.33568,1.0,0.0,1.0,0,2,0,3,2,3,2.0,0.2,0.3,0.5,0.0,0.25,1.0,10.777824142481203,53.88912071240601,0.09901219261815963,0.1960626183093539,0.0,5.0,1.0,1.0,1.0,1.0,0.0,1,0,0,1,1,1.0
H1_45,M,True,3-4-3,4,1,0,1,1,0,3,4,3,0,44,8,0,16.79975,20.403771428571428,1.0,1.0,1.0,1,3,0,6,3,6,2.0,0.21052631578947367,0.3157894736842105,0.47368421052631576,0.25,0.2,0.75,12.12614642218654,109.13531779967886,0.3408935088901249,0.23435344319009496,16.79975,9.0,2.0,2.0,1.0,1.0,1.0,1,0,0,1,1,1.0
H2_15,M,True,3-4-3,7,1,0,1,1,0,3,4,3,0,59,10,1,33.04808533950617,28.956550657108725,2.0,1.0,2.0,3,7,0,11,4,9,2.0,0.29411764705882354,0.3235294117647059,0.38235294117647056,0.42857142857142855,0.25925925925925924,0.5714285714285714,10.548695501150402,79.11521625862801,0.39186289900239574,0.27168300649454574,16.524042669753086,7.5,1.5,3.0,1.0,1.0,0.5,1,0,0,1,1,1.0
H2_30,M,True,3-4-3,9,1,0,1,1,0,3,4,3,0,74,11,2,7.703485714285714,6.616325925925924,1.0,1.0,1.0,4,8,1,13,4,12,2.0,0.2857142857142857,0.3333333333333333,0.38095238095238093,0.4444444444444444,0.24242424242424243,0.4444444444444444,12.737999491870992,101.90399593496794,0.14052257233710552,0.2661608877367971,7.703485714285714,8.0,2.0,2.0,1.0,1.0,1.0,1,0,0,1,1,1.0
H1_15,A,True,3-4-3,1,0,0,0,0,1,3,4,3,0,14,1,0,0.0,27.723511111111108,1.0,1.0,0.0,0,2,1,1,0,0,2.0,0.5,0.5,0.0,0.0,0.6666666666666666,0.0,12.905322153422773,25.810644306845546,0.5370557739962777,0.18720867302435723,0.0,2.0,0.5,1.0,0.5,0.5,0.5,0,0,0,0,0,0.0
H1_30,A,True,3-4-3,2,0,0,0,0,1,3,4,3,0,29,2,1,16.54816603773585,0.0,1.0,0.0,1.0,1,2,1,5,0,0,2.0,0.3333333333333333,0.6666666666666666,0.0,0.5,0.2857142857142857,0.0,13.095432513976045,32.73858128494011,0.2527318745688604,0.2527318745688604,16.54816603773585,2.5,0.5,0.5,0.5,0.5,0.0,0,0,0,0,0,0.0
H1_45,A,True,3-4-3,4,0,0,0,0,1,3,4,3,0,44,3,1,14.048691666666668,62.48978532093591,2.0,1.0,1.0,2,7,2,13,0,1,2.0,0.36,0.6,0.04,0.5,0.3333333333333333,0.0,11.09428324980009,88.75426599840073,0.431181961377393,0.11761329684729104,14.048691666666668,8.0,1.0,3.0,0.5,0.5,0.5,0,0,0,0,0,0.0
H2_15,A,True,3-4-3,8,1,1,1,1,0,3,4,3,0,59,5,1,51.10328833940907,75.12590192028661,2.0,2.0,2.0,6,14,2,17,0,2,2.0,0.4878048780487805,0.4634146341463415,0.04878048780487805,0.75,0.42424242424242425,0.0,10.7271876664565,85.817501331652,0.7354513257841655,0.2977439773148038,12.775822084852267,8.0,2.0,5.5,1.0,1.0,1.0,1,0,0,0,1,1.0
H1_15,A,True,3-4-3,1,0,0,0,0,0,3,4,3,0,14,1,0,0.0,82.70291610978573,2.0,1.0,1.0,0,6,1,6,0,0,2.0,0.46153846153846156,0.5384615384615384,0.0,0.0,0.5,0.0,11.991775793320015,77.94654265658009,0.530510483795038,0.06566252321435838,0.0,6.5,0.5,3.0,1.0,0.5,0.5,0,0,0,0,0,0.0
H1_30,A,True,3-4-3,4,1,0,1,1,0,3,4,3,0,29,4,0,0.0,23.775697142857148,2.0,0.0,2.0,0,8,4,9,0,1,2.0,0.36363636363636365,0.5909090909090909,0.045454545454545456,0.0,0.4444444444444444,0.0,11.89621725921301,47.58486903685204,0.24982413132674683,0.4012338059883032,0.0,4.5,1.5,1.0,1.0,1.0,0.0,1,0,0,1,1,1.0
H1_45,A,True,3-4-3,6,1,0,1,1,0,3,4,3,0,44,4,0,43.75455599719429,26.90248262591963,2.0,1.0,2.0,2,10,4,14,0,3,2.0,0.36363636363636365,0.5454545454545454,0.09090909090909091,0.3333333333333333,0.37037037037037035,0.0,16.49864876314601,90.74256819730306,0.3893268618399865,0.2410916776239903,21.877277998597144,5.5,1.0,2.0,1.0,1.0,0.5,1,0,0,1,1,1.0
H2_15,A,True,3-4-3,13,2,1,1,2,0,3,4,3,0,59,8,0,52.731356851119884,25.352176860215057,2.0,2.0,2.0,5,14,8,20,0,4,2.0,0.37254901960784315,0.5490196078431373,0.0784313725490196,0.38461538461538464,0.3684210526315789,0.0,13.565966078614824,122.09369470753342,0.3197689032934026,0.5994198933388243,17.577118950373293,9.0,3.5,3.5,1.0,1.0,1.0,2,0,0,1,1,0.5
H2_30,A,True,3-4-3,15,2,1,1,2,0,3,4,3,0,74,8,0,33.95902962162162,13.705114351851853,2.0,1.0,2.0,7,16,8,24,0,5,2.0,0.38333333333333336,0.5333333333333333,0.08333333333333333,0.4666666666666667,0.35555555555555557,0.0,9.441405712152324,42.486325704685456,0.5609351148035026,0.39964658108663614,16.97951481081081,4.5,1.0,2.0,1.0,1.0,0.5,2,0,0,1,1,0.5
H2_30,M,True,3-4-3,0,0,0,0,0,0,3,4,3,0,11,0,0,0.0,36.70993662232076,1.0,1.0,0.0,0,3,0,3,0,0,1.0,0.5,0.5,0.0,0.0,0.5,0.0,13.553910848862655,81.32346509317593,0.45140644929800455,0.0,0.0,6.0,0.0,3.0,1.0,0.0,1.0,0,0,0,0,0,0.0
H1_15,A,True,3-4-3,2,0,0,0,0,0,3,4,3,0,14,5,0,0.0,32.03225402745402,2.0,1.0,1.0,0,3,1,6,1,3,2.0,0.21428571428571427,0.5,0.2857142857142857,0.0,0.25,0.5,12.029459273866804,84.20621491706763,0.19020124618474837,0.13434538401009177,0.0,7.0,1.0,1.5,1.0,0.5,0.5,0,0,0,0,0,0.0
H1_30,A,True,3-4-3,5,0,0,0,0,0,3,4,3,0,29,8,0,0.0,11.253689333333332,2.0,0.0,2.0,0,5,3,10,2,3,2.0,0.21739130434782608,0.5652173913043478,0.21739130434782608,0.0,0.2777777777777778,0.4,13.3426424043024,60.041890819360795,0.09371531425609707,0.5334726972219079,0.0,4.5,1.5,1.0,1.0,1.0,0.0,0,0,0,0,0,0.0
H1_45,A,True,3-4-3,9,0,0,0,0,0,3,4,3,0,44,9,0,50.830249769585244,40.37687948051948,2.0,2.0,2.0,2,9,5,14,2,7,2.0,0.28205128205128205,0.48717948717948717,0.23076923076923078,0.2222222222222222,0.3,0.2222222222222222,18.268505806717027,146.1480464537362,0.3120367718325155,0.3969336265747497,25.415124884792622,8.0,2.0,3.0,1.0,1.0,1.0,0,0,0,0,0,0.0
H2_15,A,True,3-4-3,13,0,0,0,0,0,3,4,3,0,59,11,1,61.94832875213675,83.59656006183161,2.0,2.0,2.0,5,17,6,18,2,10,2.0,0.3793103448275862,0.41379310344827586,0.20689655172413793,0.38461538461538464,0.37777777777777777,0.15384615384615385,13.820071406543018,131.29067836215867,0.5542849295533769,0.33884034562747656,20.649442917378916,9.5,2.0,5.5,1.0,1.0,1.0,0,0,0,0,0,0.0
H2_30,A,True,3-4-3,16,0,0,0,0,0,3,4,3,0,74,12,1,43.30624382284382,17.14901408450704,2.0,1.0,2.0,7,18,7,24,2,11,2.0,0.36231884057971014,0.4492753623188406,0.18840579710144928,0.4375,0.33962264150943394,0.125,15.728064698636127,86.5043558424987,0.34943476151318736,0.3053852831831745,21.65312191142191,5.5,1.5,1.5,1.0,1.0,0.5,0,0,0,0,0,0.0
H1_15,M,True,3-4-3,2,0,0,0,0,0,3,4,3,0,14,2,0,0.0,25.73531125110914,2.0,1.0,1.0,0,3,0,5,2,3,2.0,0.23076923076923078,0.38461538461538464,0.38461538461538464,0.0,0.2727272727272727,1.0,12.622302089653466,82.04496358274753,0.15683663035058487,0.20976588251733289,0.0,6.5,1.0,1.5,1.0,0.5,0.5,0,0,0,0,0,0.0
H1_30,M,True,3-4-3,5,0,0,0,0,0,3,4,3,0,29,2,0,0.0,21.581534685799106,1.0,1.0,1.0,0,5,1,8,4,6,2.0,0.20833333333333334,0.375,0.4166666666666667,0.0,0.2631578947368421,0.8,15.55464016605413,85.55052091329772,0.12613327455756343,0.1616582959510857,0.0,5.5,1.5,1.0,0.5,0.5,0.5,0,0,0,0,0,0.0
H1_45,M,True,3-4-3,9,0,0,0,0,0,3,4,3,0,44,2,0,0.0,47.831275044699865,1.0,1.0,1.0,0,7,3,12,6,11,2.0,0.1794871794871795,0.38461538461538464,0.4358974358974359,0.0,0.23333333333333334,0.6666666666666666,12.473931463624107,93.5544859771808,0.25563325235075607,0.3437661684941153,0.0,7.5,2.0,1.0,0.5,0.5,0.5,0,0,0,0,0,0.0
H2_15,M,True,3-4-3,10,0,0,0,0,0,3,4,3,0,59,3,1,0.0,19.46581204819277,2.0,0.0,1.0,0,8,4,14,6,16,2.0,0.16666666666666666,0.375,0.4583333333333333,0.0,0.21052631578947367,0.6,17.194040638282683,77.37318287227207,0.12579172347302167,0.08451309052782952,0.0,4.5,0.5,0.5,0.5,0.5,0.0,0,0,0,0,0,0.0
H2_30,M,True,3-4-3,10,0,0,0,0,0,3,4,3,0,74,3,2,0.0,14.570360655737709,1.0,0.0,0.0,0,9,4,17,6,20,2.0,0.16071428571428573,0.375,0.4642857142857143,0.0,0.1956521739130435,0.6,18.902439939849444,151.21951951879555,0.09635238031507376,0.0,0.0,8.0,0.0,1.0,1.0,0.0,0.0,0,0,0,0,0,0.0
H1_15,G,True,3-4-3,0,0,0,0,0,0,3,4,3,0,14,1,0,0.0,0.0,0.0,0.0,0.0,0,0,0,0,0,0,0.0,0.0,0.0,0.0,0.0,0.0,0.0,0.0,0.0,0.0,0.0,0.0,0.0,0.0,0.0,0.0,0.0,0.0,0,0,0,0,0,0.0
H1_30,G,True,3-4-3,0,0,0,0,0,0,3,4,3,0,29,1,0,0.0,0.0,0.0,0.0,0.0,0,0,0,0,0,0,0.0,0.0,0.0,0.0,0.0,0.0,0.0,0.0,0.0,0.0,0.0,0.0,0.0,0.0,0.0,0.0,0.0,0.0,0,0,0,0,0,0.0
H1_45,G,True,3-4-3,0,0,0,0,0,0,3,4,3,0,44,1,2,0.0,0.0,0.0,0.0,0.0,0,0,0,0,0,1,1.0,0.0,0.0,1.0,0.0,0.0,0.0,10.02261,10.02261,0.0,0.0,0.0,1.0,0.0,0.0,0.0,0.0,0.0,0,0,0,0,0,0.0
H2_15,G,True,3-4-3,0,0,0,0,0,0,3,4,3,0,59,1,2,0.0,0.0,0.0,0.0,0.0,0,0,0,0,0,1,1.0,0.0,0.0,1.0,0.0,0.0,0.0,0.0,0.0,0.0,0.0,0.0,0.0,0.0,0.0,0.0,0.0,0.0,0,0,0,0,0,0.0
H2_30,G,True,3-4-3,0,0,0,0,0,0,3,4,3,0,74,1,3,0.0,0.0,0.0,0.0,0.0,0,0,0,0,0,1,1.0,0.0,0.0,1.0,0.0,0.0,0.0,0.0,0.0,0.0,0.0,0.0,0.0,0.0,0.0,0.0,0.0,0.0,0,0,0,0,0,0.0
H1_15,D,True,3-4-3,1,0,0,0,0,0,3,4,3,0,14,3,1,0.0,52.42929597147949,2.0,0.0,1.0,0,2,0,2,1,2,2.0,0.2857142857142857,0.2857142857142857,0.42857142857142855,0.0,0.3333333333333333,1.0,16.052506831096075,56.18377390883626,0.4665875245097563,0.08577848172586804,0.0,3.5,0.5,1.0,1.0,0.5,0.0,0,0,0,0,0,0.0
H1_30,D,True,3-4-3,2,0,0,0,0,0,3,4,3,0,29,4,1,0.0,0.0,1.0,0.0,1.0,0,2,1,6,1,3,2.0,0.15384615384615385,0.5384615384615384,0.3076923076923077,0.0,0.18181818181818182,0.5,13.01882922317189,78.11297533903134,0.0,0.1971231284846488,0.0,6.0,1.0,0.0,0.0,1.0,0.0,0,0,0,0,0,0.0
H1_45,D,True,3-4-3,4,0,0,0,0,0,3,4,3,0,44,5,1,0.0,7.16068,1.0,0.0,1.0,0,3,2,9,2,4,2.0,0.15,0.55,0.3,0.0,0.1875,0.5,11.359108857656283,79.51376200359398,0.09005585724489229,0.3854090968299193,0.0,7.0,2.0,1.0,1.0,1.0,0.0,0,0,0,0,0,0.0
H2_15,D,True,3-4-3,4,0,0,0,0,0,3,4,3,0,59,9,2,0.0,0.0,1.0,0.0,0.0,0,3,2,12,2,4,2.0,0.13043478260869565,0.6086956521739131,0.2608695652173913,0.0,0.15789473684210525,0.5,17.883254578799196,26.824881868198794,0.0,0.0,0.0,1.5,0.0,0.0,0.0,0.0,0.0,0,0,0,0,0,0.0
H2_30,D,True,3-4-3,5,1,1,1,1,0,3,4,3,0,74,11,2,0.0,8.292317647058823,1.0,0.0,1.0,0,4,3,14,2,9,2.0,0.125,0.53125,0.34375,0.0,0.14814814814814814,0.4,10.226758985411884,81.81407188329507,0.10135564037061406,0.271506153998619,0.0,4.5,0.5,0.5,0.5,0.5,0.0,1,0,1,0,1,1.0
H1_15,D,True,3-4-3,2,0,0,0,0,0,3,4,3,0,14,7,1,0.0,8.179589189189189,2.0,0.0,1.0,0,1,0,3,2,3,2.0,0.1111111111111111,0.3333333333333333,0.5555555555555556,0.0,0.14285714285714285,1.0,10.019375648656428,45.08719041895393,0.09070857058494623,0.24967192598347077,0.0,4.5,1.0,0.5,0.5,0.5,0.0,0,0,0,0,0,0.0
H1_30,D,True,3-4-3,2,0,0,0,0,0,3,4,3,0,29,11,1,0.0,8.787938461538461,1.0,0.0,0.0,0,2,0,4,2,5,2.0,0.15384615384615385,0.3076923076923077,0.5384615384615384,0.0,0.18181818181818182,1.0,19.068383302697182,76.27353321078873,0.11521609255011443,0.0,0.0,4.0,0.0,1.0,1.0,0.0,0.0,0,0,0,0,0,0.0
H1_45,D,True,3-4-3,4,0,0,0,0,0,3,4,3,0,44,11,1,0.0,30.130258823529417,2.0,0.0,2.0,0,3,1,5,3,8,2.0,0.15,0.3,0.55,0.0,0.1875,0.75,17.450981856653186,61.07843649828615,0.24665217833772535,0.19469000627609148,0.0,3.5,1.0,0.5,0.5,1.0,0.0,0,0,0,0,0,0.0
H2_15,D,True,3-4-3,6,0,0,0,0,0,3,4,3,0,59,13,2,0.0,8.017394285714285,2.0,0.0,1.0,0,4,2,11,4,11,2.0,0.125,0.40625,0.46875,0.0,0.15384615384615385,0.6666666666666666,10.471734594039473,62.83040756423684,0.06380186438801487,0.271816253245936,0.0,6.0,1.0,0.5,0.5,0.5,0.0,0,0,0,0,0,0.0
H2_30,D,True,3-4-3,6,0,0,0,0,0,3,4,3,0,74,14,4,0.0,38.7754358974359,1.0,0.0,0.0,0,5,2,13,4,14,2.0,0.13157894736842105,0.39473684210526316,0.47368421052631576,0.0,0.15625,0.6666666666666666,16.414795283240228,49.24438584972068,0.39370412716453684,0.0,0.0,3.0,0.0,0.5,0.5,0.0,0.0,0,0,0,0,0,0.0
H1_15,M,True,3-4-3,3,0,0,0,0,0,3,4,3,0,14,3,1,11.43141463414634,12.159486376811593,2.0,1.0,2.0,1,2,1,4,1,2,2.0,0.2727272727272727,0.45454545454545453,0.2727272727272727,0.3333333333333333,0.25,0.3333333333333333,11.695372544342872,64.3245489938858,0.18337401023363803,0.3730368394056903,11.43141463414634,5.5,1.5,1.5,0.5,1.0,0.5,0,0,0,0,0,0.0
H1_30,M,True,3-4-3,4,0,0,0,0,0,3,4,3,0,29,4,2,0.0,57.47390319189341,2.0,2.0,1.0,1,6,1,8,2,4,2.0,0.3181818181818182,0.4090909090909091,0.2727272727272727,0.25,0.3333333333333333,0.5,14.861671466382345,81.7391930651029,0.351568819294051,0.1382306469487939,0.0,5.5,0.5,2.0,1.0,0.5,1.0,0,0,0,0,0,0.0
H1_45,M,True,3-4-3,5,0,0,0,0,0,3,4,3,0,44,4,2,0.0,52.13029292356591,2.0,1.0,1.0,1,9,1,11,3,6,2.0,0.3225806451612903,0.3870967741935484,0.2903225806451613,0.2,0.34615384615384615,0.6,15.736137004696047,70.81261652113221,0.3680861934257786,0.14586250617082222,0.0,4.5,0.5,1.5,1.0,0.5,0.5,0,0,0,0,0,0.0
H2_15,M,True,3-4-3,6,0,0,0,0,0,3,4,3,0,59,4,4,24.764395180722897,65.26590205243446,2.0,1.0,1.0,2,13,1,15,3,10,2.0,0.3409090909090909,0.36363636363636365,0.29545454545454547,0.3333333333333333,0.34210526315789475,0.5,14.213238194521024,92.38604826438666,0.4872505044025278,0.13402670449683673,24.764395180722897,6.5,0.5,2.5,0.5,0.5,0.5,0,0,0,0,0,0.0
H2_30,M,True,3-4-3,10,0,0,0,0,0,3,4,3,0,74,6,6,5.6929523809523825,25.207073684210528,2.0,1.0,2.0,3,15,2,18,5,14,2.0,0.3157894736842105,0.3508771929824561,0.3333333333333333,0.3,0.3191489361702128,0.5,13.92272480710835,90.49771124620428,0.17072269364413867,0.31704742161269306,5.6929523809523825,6.5,2.0,1.5,0.5,1.0,0.5,0,0,0,0,0,0.0
H1_15,G,False,4-2-3-1,0,0,0,0,0,0,4,2,3,1,14,0,0,0.0,0.0,0.0,0.0,0.0,0,0,0,0,0,0,0.0,0.0,0.0,0.0,0.0,0.0,0.0,0.0,0.0,0.0,0.0,0.0,0.0,0.0,0.0,0.0,0.0,0.0,0,0,0,0,0,0.0
H1_30,G,False,4-2-3-1,0,0,0,0,0,0,4,2,3,1,29,1,1,0.0,0.0,0.0,0.0,0.0,0,0,0,0,0,0,0.0,0.0,0.0,0.0,0.0,0.0,0.0,0.0,0.0,0.0,0.0,0.0,0.0,0.0,0.0,0.0,0.0,0.0,0,0,0,0,0,0.0
H1_45,G,False,4-2-3-1,0,0,0,0,0,0,4,2,3,1,44,1,1,0.0,0.0,0.0,0.0,0.0,0,0,0,0,0,0,0.0,0.0,0.0,0.0,0.0,0.0,0.0,0.0,0.0,0.0,0.0,0.0,0.0,0.0,0.0,0.0,0.0,0.0,0,0,0,0,0,0.0
H2_15,G,False,4-2-3-1,0,0,0,0,0,0,4,2,3,1,59,3,2,0.0,0.0,0.0,0.0,0.0,0,0,0,0,0,0,0.0,0.0,0.0,0.0,0.0,0.0,0.0,0.0,0.0,0.0,0.0,0.0,0.0,0.0,0.0,0.0,0.0,0.0,0,0,0,0,0,0.0
H2_30,G,False,4-2-3-1,0,0,0,0,0,0,4,2,3,1,74,3,2,0.0,0.0,0.0,0.0,0.0,0,0,0,0,0,0,0.0,0.0,0.0,0.0,0.0,0.0,0.0,0.0,0.0,0.0,0.0,0.0,0.0,0.0,0.0,0.0,0.0,0.0,0,0,0,0,0,0.0
H1_15,D,False,4-2-3-1,2,1,1,1,1,0,4,2,3,1,14,7,0,0.0,24.217777551020404,2.0,1.0,2.0,0,2,2,6,0,6,2.0,0.125,0.5,0.375,0.0,0.14285714285714285,0.0,10.788371289716599,86.30697031773279,0.14030024146291098,0.20087836014682273,0.0,8.0,1.0,1.0,0.5,1.0,0.5,1,0,0,0,1,1.0
H1_30,D,False,4-2-3-1,5,1,1,1,1,0,4,2,3,1,29,16,0,27.06685714285714,50.32761989948749,1.0,1.0,1.0,2,6,3,9,0,7,2.0,0.2962962962962963,0.4444444444444444,0.25925925925925924,0.4,0.2727272727272727,0.0,13.721021868026776,75.46562027414727,0.5127797052564486,0.266656113391203,13.53342857142857,5.5,1.5,3.0,0.5,0.5,0.5,1,0,0,0,1,1.0
H1_45,D,False,4-2-3-1,10,1,1,1,1,0,4,2,3,1,44,24,0,31.308216032243614,80.97698365491297,2.0,1.0,2.0,4,13,5,16,1,9,2.0,0.3541666666666667,0.4375,0.20833333333333334,0.4,0.34210526315789475,0.1,13.174419285924165,138.33140250220373,0.4058557842112813,0.3552652645130464,15.654108016121807,10.5,2.5,4.5,1.0,1.0,0.5,1,0,0,0,1,1.0
H2_15,D,False,4-2-3-1,14,1,1,1,1,0,4,2,3,1,59,39,1,9.323442424242426,46.25997745247462,2.0,1.0,2.0,5,19,7,21,2,15,2.0,0.34782608695652173,0.4057971014492754,0.2463768115942029,0.35714285714285715,0.34545454545454546,0.14285714285714285,12.072996876278026,126.76646720091928,0.21923550093345964,0.3813343891053751,9.323442424242426,10.5,2.0,3.5,0.5,1.0,0.5,1,0,0,0,1,1.0
H2_30,D,False,4-2-3-1,17,2,1,2,2,0,4,2,3,1,74,46,1,36.82622962962962,9.48246153846154,2.0,1.0,2.0,6,20,8,30,3,16,2.0,0.3132530120481928,0.4578313253012048,0.2289156626506024,0.35294117647058826,0.30303030303030304,0.17647058823529413,13.082196743681838,91.57537720577287,0.25284466513325965,0.36785528240513393,36.82622962962962,7.0,1.5,1.0,0.5,1.0,0.5,2,0,0,1,2,1.0
H1_15,D,False,4-2-3-1,0,0,0,0,0,0,4,2,3,1,14,6,0,0.0,0.0,1.0,0.0,0.0,0,0,0,3,0,1,2.0,0.0,0.75,0.25,0.0,0.0,0.0,16.05368427037144,32.10736854074288,0.0,0.0,0.0,2.0,0.0,0.0,0.0,0.0,0.0,0,0,0,0,0,0.0
H1_30,D,False,4-2-3-1,1,0,0,0,0,0,4,2,3,1,29,14,0,0.0,0.0,1.0,0.0,0.0,0,0,1,5,0,2,2.0,0.0,0.75,0.25,0.0,0.0,0.0,10.269452201971268,20.538904403942535,0.0,0.29324954592455077,0.0,2.0,0.5,0.0,0.0,0.5,0.0,0,0,0,0,0,0.0
H1_45,D,False,4-2-3-1,3,0,0,0,0,0,4,2,3,1,44,20,0,0.0,0.0,2.0,0.0,1.0,0,0,2,10,1,7,2.0,0.0,0.6,0.4,0.0,0.0,0.3333333333333333,12.406586038355249,74.43951623013149,0.0,0.17578164647438752,0.0,6.0,1.0,0.0,0.0,0.5,0.0,0,0,0,0,0,0.0
H2_15,D,False,4-2-3-1,6,0,0,0,0,0,4,2,3,1,59,28,0,0.0,7.6505212121212125,2.0,0.0,1.0,0,1,3,14,3,11,2.0,0.03125,0.53125,0.4375,0.0,0.038461538461538464,0.5,15.396002109566789,92.37601265740074,0.04140967439510006,0.30904254110240736,0.0,6.0,1.5,0.5,0.5,0.5,0.0,0,0,0,0,0,0.0
H2_30,D,False,4-2-3-1,7,0,0,0,0,0,4,2,3,1,74,35,1,0.0,0.0,1.0,0.0,1.0,0,1,3,16,4,12,2.0,0.027777777777777776,0.5277777777777778,0.4444444444444444,0.0,0.034482758620689655,0.5714285714285714,14.702703078722449,29.405406157444897,0.0,0.28441219602856793,0.0,2.0,0.5,0.0,0.0,0.5,0.0,0,0,0,0,0,0.0
H1_15,D,False,4-2-3-1,0,0,0,0,0,1,4,2,3,1,14,6,0,0.0,0.0,0.0,0.0,0.0,0,0,0,1,0,1,2.0,0.0,0.5,0.5,0.0,0.0,0.0,8.483698430141288,8.483698430141288,0.0,0.0,0.0,1.0,0.0,0.0,0.0,0.0,0.0,0,0,0,0,0,0.0
H1_30,D,False,4-2-3-1,0,0,0,0,0,1,4,2,3,1,29,20,2,0.0,4.934121739130435,1.0,0.0,0.0,0,1,0,2,0,2,2.0,0.2,0.4,0.4,0.0,0.2,0.0,9.513528056611353,28.54058416983406,0.1728808951410865,0.0,0.0,3.0,0.0,1.0,1.0,0.0,0.0,0,0,0,0,0,0.0
H1_45,D,False,4-2-3-1,2,0,0,0,0,1,4,2,3,1,44,33,3,0.0,10.610608695652177,1.0,0.0,1.0,0,2,1,4,1,3,2.0,0.18181818181818182,0.45454545454545453,0.36363636363636365,0.0,0.2222222222222222,0.5,12.122305254023674,72.73383152414205,0.1458827133578171,0.40809622006712837,0.0,6.0,2.0,1.0,1.0,1.0,0.0,0,0,0,0,0,0.0
H2_15,D,False,4-2-3-1,3,0,0,0,0,1,4,2,3,1,59,43,3,0.0,7.34855,2.0,0.0,1.0,0,3,1,7,2,8,2.0,0.14285714285714285,0.38095238095238093,0.47619047619047616,0.0,0.16666666666666666,0.6666666666666666,11.877949452598166,59.38974726299083,0.06186716006265365,0.11350866731218853,0.0,5.0,0.5,0.5,0.5,0.5,0.0,0,0,0,0,0,0.0
H2_30,D,False,4-2-3-1,3,0,0,0,0,1,4,2,3,1,74,55,4,0.0,0.0,1.0,0.0,0.0,0,3,1,9,2,8,2.0,0.13043478260869565,0.43478260869565216,0.43478260869565216,0.0,0.15,0.6666666666666666,15.639788428158148,31.279576856316297,0.0,0.0,0.0,2.0,0.0,0.0,0.0,0.0,0.0,0,0,0,0,0,0.0
H1_15,M,False,4-2-3-1,1,0,0,0,0,0,4,2,3,1,14,8,0,0.0,47.61689151086357,2.0,1.0,1.0,0,3,1,3,0,2,2.0,0.3333333333333333,0.4444444444444444,0.2222222222222222,0.0,0.375,0.0,13.916400352629173,62.62380158683128,0.38018205781423364,0.1346551523571652,0.0,4.5,0.5,1.5,1.0,0.5,0.5,0,0,0,0,0,0.0
H1_30,M,False,4-2-3-1,1,0,0,0,0,0,4,2,3,1,29,17,0,0.0,0.0,2.0,0.0,0.0,0,3,1,7,0,4,2.0,0.2,0.5333333333333333,0.26666666666666666,0.0,0.21428571428571427,0.0,12.843093943707187,38.52928183112156,0.0,0.0,0.0,3.0,0.0,0.0,0.0,0.0,0.0,0,0,0,0,0,0.0
H1_45,M,False,4-2-3-1,3,0,0,0,0,0,4,2,3,1,44,29,0,11.27411282051282,28.278652017393917,2.0,1.0,2.0,1,7,1,13,1,6,2.0,0.27586206896551724,0.4827586206896552,0.2413793103448276,0.3333333333333333,0.2692307692307692,0.3333333333333333,12.482550156519157,87.3778510956341,0.22633175537022918,0.12471955471414876,11.27411282051282,7.0,1.0,2.5,1.0,1.0,0.5,0,0,0,0,0,0.0
H2_15,M,False,4-2-3-1,4,0,0,0,0,0,4,2,3,1,59,47,0,0.0,0.0,1.0,0.0,1.0,1,7,1,17,2,8,2.0,0.2222222222222222,0.5,0.2777777777777778,0.25,0.21875,0.5,17.27146927135244,60.45014244973355,0.0,0.10367816759425394,0.0,3.5,0.5,0.0,0.0,0.5,0.0,0,0,0,0,0,0.0
H2_30,M,False,4-2-3-1,4,0,0,0,0,0,4,2,3,1,74,65,1,0.0,8.13711111111111,2.0,0.0,0.0,1,8,1,22,2,10,2.0,0.20454545454545456,0.5227272727272727,0.2727272727272727,0.25,0.2,0.5,16.858690627117667,67.43476250847067,0.06033320804005935,0.0,0.0,4.0,0.0,0.5,0.5,0.0,0.0,0,0,0,0,0,0.0
H1_15,A,False,4-2-3-1,3,0,0,0,0,1,4,2,3,1,14,2,0,24.29202592592592,149.27540818566254,2.0,2.0,2.0,3,11,0,3,0,0,2.0,0.8235294117647058,0.17647058823529413,0.0,1.0,0.7857142857142857,0.0,11.30658907405933,96.1060071295043,0.902999923187443,0.1263814128350585,8.09734197530864,8.5,1.5,7.0,1.0,1.0,1.0,0,0,0,0,0,0.0
H1_30,A,False,4-2-3-1,8,0,0,0,0,1,4,2,3,1,29,8,0,43.789726909210096,7.29872,2.0,1.0,2.0,5,12,2,8,1,2,2.0,0.5666666666666667,0.3333333333333333,0.1,0.625,0.5454545454545454,0.125,11.131775006857536,72.35653754457398,0.3530326950604702,0.49341885525132595,21.894863454605048,6.5,2.5,1.5,1.0,1.0,0.5,0,0,0,0,0,0.0
H1_45,A,False,4-2-3-1,9,0,0,0,0,1,4,2,3,1,44,11,0,6.254504347826087,67.13866616450215,2.0,2.0,1.0,6,18,2,12,1,3,2.0,0.5714285714285714,0.3333333333333333,0.09523809523809523,0.6666666666666666,0.5454545454545454,0.1111111111111111,11.08961748556417,66.53770491338503,0.5515156452109917,0.0469997000645562,6.254504347826087,6.0,0.5,3.5,1.0,0.5,1.0,0,0,0,0,0,0.0
H2_15,A,False,4-2-3-1,11,1,1,1,1,0,4,2,3,1,59,13,0,21.337746436609148,59.79436257476604,2.0,2.0,1.0,8,25,2,15,1,4,2.0,0.6,0.3090909090909091,0.09090909090909091,0.7272727272727273,0.5681818181818182,0.09090909090909091,9.651063113478461,62.731910237609995,0.6466574085188117,0.17007091252113996,10.668873218304574,6.5,1.0,4.5,1.0,0.5,1.0,1,0,0,0,1,1.0
H1_15,M,False,4-2-3-1,2,0,0,0,0,0,4,2,3,1,14,5,0,50.31118648838846,29.077329601990048,1.0,1.0,1.0,2,2,0,2,0,0,2.0,0.6666666666666666,0.3333333333333333,0.0,1.0,0.5,0.0,21.813709222506983,65.44112766752095,0.6065643955107132,0.3844003632088875,25.15559324419423,3.0,1.0,2.0,1.0,0.5,0.5,0,0,0,0,0,0.0
H1_30,M,False,4-2-3-1,3,0,0,0,0,0,4,2,3,1,29,12,1,11.752942857142855,36.70375135869755,2.0,2.0,1.0,3,6,0,6,0,0,2.0,0.6,0.4,0.0,1.0,0.5,0.0,11.092710001327179,49.9171950059723,0.48537076462372186,0.11772439192283024,11.752942857142855,4.5,0.5,2.5,1.0,0.5,1.0,0,0,0,0,0,0.0
H1_45,M,False,4-2-3-1,6,0,0,0,0,0,4,2,3,1,44,17,1,27.046494545454543,70.52676670798898,1.0,1.0,1.0,5,10,1,8,0,0,2.0,0.625,0.375,0.0,0.8333333333333334,0.5555555555555556,0.0,17.77943032967374,80.00743648353183,0.6097762004506125,0.449712218097226,13.523247272727271,4.5,1.5,3.0,1.0,0.5,0.5,0,0,0,0,0,0.0
H2_15,M,False,4-2-3-1,10,1,0,1,1,0,4,2,3,1,59,23,1,27.216537777777777,36.78880925773414,2.0,2.0,2.0,7,14,3,13,0,0,2.0,0.5675675675675675,0.43243243243243246,0.0,0.7,0.5185185185185185,0.0,11.551390883849347,75.08404074502076,0.42622471034070225,0.4108604003004182,13.608268888888889,6.5,2.0,3.0,1.0,1.0,1.0,1,0,0,1,1,1.0
H1_15,M,False,4-2-3-1,4,1,1,1,1,0,4,2,3,1,14,5,1,44.29283953242836,24.41156626728111,2.0,1.0,2.0,3,2,1,6,0,3,2.0,0.3333333333333333,0.4666666666666667,0.2,0.75,0.18181818181818182,0.0,12.845893490092745,96.34420117569559,0.3565570369638463,0.30529296944997814,14.764279844142786,7.5,2.0,2.5,0.5,1.0,0.5,1,0,0,0,1,1.0
H1_30,M,False,4-2-3-1,6,1,1,1,1,0,4,2,3,1,29,14,1,0.0,7.2009125,2.0,0.0,1.0,3,3,3,12,0,4,2.0,0.24,0.6,0.16,0.5,0.15789473684210525,0.0,12.169375997084746,60.846879985423726,0.05917240540291488,0.17290929272825678,0.0,5.0,1.0,0.5,0.5,0.5,0.0,1,0,0,0,1,1.0
H1_45,M,False,4-2-3-1,9,1,1,1,1,0,4,2,3,1,44,20,1,33.01300197849463,54.423570409982176,2.0,1.0,1.0,5,6,4,14,0,5,2.0,0.3235294117647059,0.5294117647058824,0.14705882352941177,0.5555555555555556,0.24,0.0,15.919235420890248,71.63655939400611,0.6102789771600385,0.375934117039495,16.506500989247314,4.5,1.5,2.5,1.0,0.5,0.5,1,0,0,0,1,1.0
H2_15,M,False,4-2-3-1,12,3,1,3,3,0,4,2,3,1,59,37,1,13.55245,32.060584309040216,2.0,1.0,2.0,6,9,5,22,1,7,2.0,0.3,0.54,0.16,0.5,0.23684210526315788,0.08333333333333333,15.05719266078087,120.45754128624696,0.18933241464994108,0.2688443419399334,13.55245,8.0,1.5,2.0,0.5,1.0,0.5,3,0,0,2,3,1.0
H2_30,M,False,4-2-3-1,13,4,1,4,4,0,4,2,3,1,74,45,1,0.0,54.013629793401165,2.0,2.0,1.0,6,13,6,26,1,7,2.0,0.3220338983050847,0.5423728813559322,0.13559322033898305,0.46153846153846156,0.2826086956521739,0.07692307692307693,17.22981597670146,77.53417189515658,0.34832144635812706,0.21992573833196755,0.0,4.5,0.5,2.0,1.0,0.5,1.0,4,0,0,3,4,1.0
H1_15,D,False,4-2-3-1,1,0,0,0,0,0,4,2,3,1,14,1,0,0.0,0.0,2.0,0.0,1.0,0,0,0,4,1,0,2.0,0.0,0.8,0.2,0.0,0.0,1.0,8.991903385034448,22.47975846258612,0.0,0.3229368179711088,0.0,2.5,0.5,0.0,0.0,0.5,0.0,0,0,0,0,0,0.0
H1_30,D,False,4-2-3-1,5,0,0,0,0,0,4,2,3,1,29,10,1,13.712697872340428,0.0,2.0,0.0,2.0,1,0,1,8,3,3,2.0,0.0625,0.5625,0.375,0.2,0.0,0.6,12.477662900114574,68.62714595063015,0.09990724284385394,0.4421472355351975,13.712697872340428,5.5,2.0,0.5,0.5,1.0,0.0,0,0,0,0,0,0.0
H1_45,D,False,4-2-3-1,8,0,0,0,0,0,4,2,3,1,44,21,1,11.390340000000004,63.17632618642465,2.0,2.0,2.0,2,5,2,11,4,4,2.0,0.25,0.4642857142857143,0.2857142857142857,0.25,0.25,0.5,17.417922175778187,104.50753305466912,0.3567525900138603,0.25673394537881783,11.390340000000004,6.0,1.5,3.0,1.0,1.0,1.0,0,0,0,0,0,0.0
H2_15,D,False,4-2-3-1,13,0,0,0,0,0,4,2,3,1,59,28,4,0.0,59.05549703342207,2.0,2.0,2.0,2,10,5,18,6,7,2.0,0.25,0.4791666666666667,0.2708333333333333,0.15384615384615385,0.2857142857142857,0.46153846153846156,12.910221413185559,129.1022141318556,0.22871605041996837,0.3825163465551601,0.0,10.0,2.5,2.5,1.0,1.0,1.0,0,0,0,0,0,0.0
H2_30,D,False,4-2-3-1,16,0,0,0,0,0,4,2,3,1,74,42,5,0.0,13.252934313725492,1.0,1.0,1.0,2,12,8,21,6,9,2.0,0.2413793103448276,0.5,0.25862068965517243,0.125,0.2857142857142857,0.375,15.122974536347538,75.6148726817377,0.08763444176853256,0.6116800492592809,0.0,5.0,1.5,1.0,0.5,0.5,0.5,0,0,0,0,0,0.0
H2_30,A,False,4-2-3-1,2,0,0,0,0,0,4,2,3,1,6,0,0,8.715096774193547,14.645008194905866,2.0,1.0,2.0,1,2,1,1,0,0,2.0,0.6,0.4,0.0,0.5,0.6666666666666666,0.0,7.683516993819883,19.208792484549708,0.608057611843346,0.4616661039068255,8.715096774193547,2.5,1.0,1.5,0.5,1.0,0.5,0,0,0,0,0,0.0
H1_15,M,False,4-2-3-1,4,0,0,0,0,1,4,2,3,1,14,6,0,18.400212307692307,40.63361411170822,2.0,1.0,1.0,2,5,1,4,1,1,2.0,0.5,0.35714285714285715,0.14285714285714285,0.5,0.5,0.25,9.231433578372279,64.62003504860596,0.45677649644569535,0.34781514750934955,9.200106153846153,7.0,2.0,3.5,1.0,0.5,0.5,0,0,0,0,0,0.0
H1_30,M,False,4-2-3-1,6,0,0,0,0,1,4,2,3,1,29,18,0,39.07316239316239,9.071282051282052,2.0,1.0,2.0,3,6,2,6,1,3,2.0,0.42857142857142855,0.38095238095238093,0.19047619047619047,0.5,0.4,0.16666666666666666,15.526442323866608,54.34254813353313,0.44297190781467954,0.5214014387816048,39.07316239316239,3.5,1.0,1.0,0.5,1.0,0.5,0,0,0,0,0,0.0
H1_45,M,False,4-2-3-1,7,1,1,0,1,0,4,2,3,1,44,26,0,0.0,47.33726500638569,1.0,1.0,1.0,3,8,2,7,2,5,2.0,0.4074074074074074,0.3333333333333333,0.25925925925925924,0.42857142857142855,0.4,0.2857142857142857,15.806934713286024,94.84160827971614,0.49911917211245516,0.1036186561811161,0.0,6.0,1.0,2.0,1.0,1.0,1.0,1,0,0,0,0,0.0
H2_15,M,False,4-2-3-1,9,2,1,1,2,0,4,2,3,1,59,32,0,0.0,34.956658903792786,2.0,1.0,2.0,3,11,4,11,2,5,2.0,0.3888888888888889,0.4166666666666667,0.19444444444444445,0.3333333333333333,0.4074074074074074,0.2222222222222222,15.746190266106892,70.85785619748101,0.2466674888269869,0.31199338622542755,0.0,4.5,1.0,1.5,0.5,1.0,0.5,2,0,0,1,1,0.5
H2_30,M,False,4-2-3-1,10,2,1,1,2,0,4,2,3,1,74,44,1,0.0,46.25252926035105,1.0,1.0,1.0,3,14,5,14,2,6,2.0,0.38636363636363635,0.4318181818181818,0.18181818181818182,0.3,0.4117647058823529,0.2,13.783339946691074,110.26671957352859,0.41946046313193086,0.09668432324030167,0.0,8.0,1.0,3.0,1.0,1.0,1.0,2,0,0,1,1,0.5
H1_15,M,False,4-2-3-1,3,0,0,0,0,0,4,2,3,1,14,5,3,26.017471264367813,63.30791675331593,2.0,1.0,2.0,1,4,1,9,1,2,2.0,0.2777777777777778,0.5555555555555556,0.16666666666666666,0.3333333333333333,0.26666666666666666,0.3333333333333333,14.229510513477383,128.06559462129644,0.3487485779526827,0.1537478712646101,26.017471264367813,9.0,1.5,2.5,0.5,1.0,0.5,0,0,0,0,0,0.0
H1_30,M,False,4-2-3-1,3,0,0,0,0,0,4,2,3,1,29,16,3,0.0,47.986784844517175,2.0,1.0,0.0,1,7,1,15,1,4,2.0,0.27586206896551724,0.5517241379310345,0.1724137931034483,0.3333333333333333,0.2692307692307692,0.3333333333333333,14.998709623602728,82.492902929815,0.2908540198018268,0.0,0.0,5.5,0.0,1.5,1.0,0.0,0.5,0,0,0,0,0,0.0
H1_45,M,False,4-2-3-1,3,1,1,1,1,0,4,2,3,1,44,22,3,0.0,23.5101701754386,2.0,1.0,0.0,1,9,1,20,1,5,2.0,0.2702702702702703,0.5675675675675675,0.16216216216216217,0.3333333333333333,0.2647058823529412,0.3333333333333333,17.384310147546685,69.53724059018674,0.16904733331305363,0.0,0.0,4.0,0.0,1.0,0.5,0.0,0.5,1,0,0,0,1,1.0
H2_15,M,False,4-2-3-1,7,1,1,1,1,0,4,2,3,1,59,32,3,0.0,47.380214526516966,2.0,1.0,1.0,1,13,3,24,3,7,2.0,0.27450980392156865,0.5294117647058824,0.19607843137254902,0.14285714285714285,0.29545454545454547,0.42857142857142855,17.851763380639813,124.96234366447868,0.18957796859881193,0.35030912012716975,0.0,7.0,2.0,2.0,1.0,0.5,0.5,1,0,0,0,1,1.0
H2_30,M,False,4-2-3-1,7,1,1,1,1,0,4,2,3,1,74,44,3,0.0,15.41018432055749,2.0,1.0,0.0,1,15,3,28,3,7,2.0,0.2807017543859649,0.543859649122807,0.17543859649122806,0.14285714285714285,0.3,0.42857142857142855,12.912548648679012,38.737645946037034,0.198904501605808,0.0,0.0,3.0,0.0,1.0,0.5,0.0,0.5,1,0,0,0,1,1.0
H2_30,M,False,4-2-3-1,1,1,0,1,1,0,4,2,3,1,6,3,0,14.25275,19.04458487394958,1.0,1.0,1.0,1,3,0,0,0,0,1.0,1.0,0.0,0.0,1.0,1.0,0.0,8.324333718487395,33.29733487394958,1.0000000000000002,0.42804476856647006,14.25275,4.0,1.0,4.0,1.0,1.0,1.0,1,0,0,0,1,1.0
H1_15,G,True,4-3-3,0,0,0,0,0,0,4,3,3,0,14,1,0,0.0,0.0,0.0,0.0,0.0,0,0,0,0,0,0,0.0,0.0,0.0,0.0,0.0,0.0,0.0,0.0,0.0,0.0,0.0,0.0,0.0,0.0,0.0,0.0,0.0,0.0,0,0,0,0,0,0.0
H1_30,G,True,4-3-3,0,0,0,0,0,0,4,3,3,0,29,1,0,0.0,0.0,0.0,0.0,0.0,0,0,0,0,0,1,1.0,0.0,0.0,1.0,0.0,0.0,0.0,170.9048,170.9048,0.0,0.0,0.0,1.0,0.0,0.0,0.0,0.0,0.0,0,0,0,0,0,0.0
H1_45,G,True,4-3-3,0,0,0,0,0,0,4,3,3,0,44,1,0,0.0,0.0,0.0,0.0,0.0,0,0,0,0,0,1,1.0,0.0,0.0,1.0,0.0,0.0,0.0,0.0,0.0,0.0,0.0,0.0,0.0,0.0,0.0,0.0,0.0,0.0,0,0,0,0,0,0.0
H2_15,G,True,4-3-3,0,0,0,0,0,0,4,3,3,0,59,1,1,0.0,0.0,0.0,0.0,0.0,0,0,0,0,0,1,1.0,0.0,0.0,1.0,0.0,0.0,0.0,0.0,0.0,0.0,0.0,0.0,0.0,0.0,0.0,0.0,0.0,0.0,0,0,0,0,0,0.0
H2_30,G,True,4-3-3,0,0,0,0,0,0,4,3,3,0,74,1,1,0.0,0.0,0.0,0.0,0.0,0,0,0,0,0,1,1.0,0.0,0.0,1.0,0.0,0.0,0.0,0.0,0.0,0.0,0.0,0.0,0.0,0.0,0.0,0.0,0.0,0.0,0,0,0,0,0,0.0
H1_15,D,True,4-3-3,1,0,0,0,0,0,4,3,3,0,14,11,0,0.0,0.0,1.0,0.0,1.0,0,0,0,1,1,1,1.0,0.0,0.3333333333333333,0.6666666666666666,0.0,0.0,1.0,190.68359999999998,572.0508,0.0,0.3889332905399311,0.0,3.0,1.0,0.0,0.0,1.0,0.0,0,0,0,0,0,0.0
H1_45,D,True,4-3-3,4,0,0,0,0,0,4,3,3,0,44,17,0,0.0,0.0,1.0,0.0,1.0,0,0,1,3,3,9,1.0,0.0,0.25,0.75,0.0,0.0,0.75,200.44779999999997,801.7911999999999,0.0,0.27353106394782084,0.0,4.0,1.0,0.0,0.0,1.0,0.0,0,0,0,0,0,0.0
H2_15,D,True,4-3-3,4,0,0,0,0,0,4,3,3,0,59,24,1,0.0,431.0004,1.0,0.0,0.0,0,1,1,3,3,11,2.0,0.05263157894736842,0.21052631578947367,0.7368421052631579,0.0,0.06666666666666667,0.75,298.63413333333335,447.95120000000003,0.4810796354602912,0.0,0.0,1.5,0.0,0.5,0.5,0.0,0.0,0,0,0,0,0,0.0
H1_15,D,True,4-3-3,0,0,0,0,0,0,4,3,3,0,14,10,1,0.0,316.1752,1.0,0.0,0.0,0,1,0,1,0,1,2.0,0.3333333333333333,0.3333333333333333,0.3333333333333333,0.0,0.3333333333333333,0.0,287.54266666666666,431.31399999999996,0.36652554751294886,0.0,0.0,1.5,0.0,0.5,0.5,0.0,0.0,0,0,0,0,0,0.0
H1_15,G,False,5-4-1,0,0,0,0,0,0,5,4,1,0,14,0,0,0.0,0.0,0.0,0.0,0.0,0,0,0,0,0,0,0.0,0.0,0.0,0.0,0.0,0.0,0.0,0.0,0.0,0.0,0.0,0.0,0.0,0.0,0.0,0.0,0.0,0.0,0,0,0,0,0,0.0
H1_30,G,False,5-4-1,1,0,0,0,0,0,5,4,1,0,29,2,1,0.0,0.0,1.0,0.0,1.0,0,0,0,0,1,1,1.0,0.0,0.0,1.0,0.0,0.0,1.0,194.96460000000002,389.92920000000004,0.0,0.6652612833304097,0.0,2.0,1.0,0.0,0.0,1.0,0.0,0,0,0,0,0,0.0
H1_45,G,False,5-4-1,2,0,0,0,0,0,5,4,1,0,44,3,3,0.0,0.0,1.0,0.0,1.0,0,0,1,1,1,1,1.0,0.0,0.5,0.5,0.0,0.0,0.5,244.9814,489.9628,0.0,0.5371664950890149,0.0,2.0,1.0,0.0,0.0,1.0,0.0,0,0,0,0,0,0.0
H2_15,G,False,5-4-1,2,0,0,0,0,0,5,4,1,0,59,3,3,0.0,0.0,0.0,0.0,0.0,0,0,1,1,1,1,1.0,0.0,0.5,0.5,0.0,0.0,0.5,0.0,0.0,0.0,0.0,0.0,0.0,0.0,0.0,0.0,0.0,0.0,0,0,0,0,0,0.0
H2_30,G,False,5-4-1,2,0,0,0,0,0,5,4,1,0,74,4,3,0.0,0.0,0.0,0.0,0.0,0,0,1,2,1,1,1.0,0.0,0.6,0.4,0.0,0.0,0.5,125.7136,125.7136,0.0,0.0,0.0,1.0,0.0,0.0,0.0,0.0,0.0,0,0,0,0,0,0.0
H1_15,D,False,5-4-1,1,0,0,0,0,0,5,4,1,0,14,2,2,0.0,0.0,0.0,0.0,0.0,0,0,0,0,1,0,1.0,0.0,0.0,1.0,0.0,0.0,1.0,467.3156,467.3156,0.0,1.0,0.0,1.0,1.0,0.0,0.0,1.0,0.0,0,0,0,0,0,0.0
H2_15,D,False,5-4-1,1,0,0,0,0,0,5,4,1,0,4,0,0,0.0,0.0,0.0,0.0,0.0,0,0,0,1,1,0,2.0,0.0,0.5,0.5,0.0,0.0,1.0,273.7918,273.7918,0.0,0.507964811217867,0.0,1.0,0.5,0.0,0.0,0.5,0.0,0,0,0,0,0,0.0
H1_15,D,False,5-4-1,0,0,0,0,0,0,5,4,1,0,14,4,0,0.0,142.6148,1.0,0.0,0.0,0,1,0,1,0,1,2.0,0.3333333333333333,0.3333333333333333,0.3333333333333333,0.0,0.3333333333333333,0.0,212.63559999999998,318.9534,0.22356682825767024,0.0,0.0,1.5,0.0,0.5,0.5,0.0,0.0,0,0,0,0,0,0.0
H1_15,G,True,4-3-3,0,0,0,0,0,0,4,3,3,0,14,3,1,0.0,0.0,0.0,0.0,0.0,0,0,0,0,0,0,0.0,0.0,0.0,0.0,0.0,0.0,0.0,0.0,0.0,0.0,0.0,0.0,0.0,0.0,0.0,0.0,0.0,0.0,0,0,0,0,0,0.0
H1_30,G,True,4-3-3,0,0,0,0,0,0,4,3,3,0,29,5,2,0.0,0.0,1.0,0.0,0.0,0,0,0,0,0,3,2.0,0.0,0.0,1.0,0.0,0.0,0.0,7.39181130952381,11.087716964285715,0.0,0.0,0.0,1.5,0.0,0.0,0.0,0.0,0.0,0,0,0,0,0,0.0
H1_45,G,True,4-3-3,1,0,0,0,0,0,4,3,3,0,44,5,3,0.0,0.0,1.0,0.0,1.0,0,0,0,1,1,3,2.0,0.0,0.2,0.8,0.0,0.0,1.0,6.649305989110708,13.298611978221416,0.0,0.6663490337105443,0.0,2.0,1.0,0.0,0.0,1.0,0.0,0,0,0,0,0,0.0
H2_15,G,True,4-3-3,1,0,0,0,0,0,4,3,3,0,59,9,3,0.0,0.0,0.0,0.0,0.0,0,0,0,1,1,4,2.0,0.0,0.16666666666666666,0.8333333333333334,0.0,0.0,1.0,6.191216666666667,6.191216666666667,0.0,0.0,0.0,1.0,0.0,0.0,0.0,0.0,0.0,0,0,0,0,0,0.0
H2_30,G,True,4-3-3,1,0,0,0,0,0,4,3,3,0,74,10,3,0.0,0.0,0.0,0.0,0.0,0,0,0,1,1,4,2.0,0.0,0.16666666666666666,0.8333333333333334,0.0,0.0,1.0,0.0,0.0,0.0,0.0,0.0,0.0,0.0,0.0,0.0,0.0,0.0,0,0,0,0,0,0.0
H1_15,D,True,4-3-3,2,0,0,0,0,0,4,3,3,0,14,5,0,0.0,0.0,2.0,0.0,1.0,0,0,0,2,2,3,2.0,0.0,0.2857142857142857,0.7142857142857143,0.0,0.0,1.0,6.912724065943037,24.194534230800627,0.0,0.3426176043792304,0.0,3.5,1.0,0.0,0.0,0.5,0.0,0,0,0,0,0,0.0
H1_30,D,True,4-3-3,2,0,0,0,0,0,4,3,3,0,29,7,1,0.0,0.0,2.0,0.0,0.0,0,0,0,5,2,5,2.0,0.0,0.4166666666666667,0.5833333333333334,0.0,0.0,1.0,13.572919157093517,33.93229789273379,0.0,0.0,0.0,2.5,0.0,0.0,0.0,0.0,0.0,0,0,0,0,0,0.0
H1_45,D,True,4-3-3,2,0,0,0,0,0,4,3,3,0,44,7,1,0.0,14.736812903225808,1.0,0.0,0.0,0,1,0,5,2,8,2.0,0.0625,0.3125,0.625,0.0,0.07142857142857142,1.0,10.757504458746899,21.515008917493798,0.3424774993061551,0.0,0.0,2.0,0.0,0.5,0.5,0.0,0.0,0,0,0,0,0,0.0
H2_15,D,True,4-3-3,2,0,0,0,0,0,4,3,3,0,59,14,1,0.0,0.0,0.0,0.0,0.0,0,1,0,5,2,10,2.0,0.05555555555555555,0.2777777777777778,0.6666666666666666,0.0,0.0625,1.0,9.798606084656084,9.798606084656084,0.0,0.0,0.0,1.0,0.0,0.0,0.0,0.0,0.0,0,0,0,0,0,0.0
H2_30,D,True,4-3-3,2,0,0,0,0,0,4,3,3,0,74,15,1,0.0,0.0,2.0,0.0,0.0,0,1,0,8,2,13,2.0,0.041666666666666664,0.3333333333333333,0.625,0.0,0.045454545454545456,1.0,11.445446306076638,34.33633891822991,0.0,0.0,0.0,3.0,0.0,0.0,0.0,0.0,0.0,0,0,0,0,0,0.0
H1_15,D,True,4-3-3,0,1,0,1,1,0,4,3,3,0,14,9,1,0.0,11.955330612244898,1.0,0.0,0.0,0,1,0,4,0,1,1.0,0.16666666666666666,0.6666666666666666,0.16666666666666666,0.0,0.16666666666666666,0.0,9.918515018558155,59.51109011134893,0.20089248222265355,0.0,0.0,6.0,0.0,1.0,1.0,0.0,0.0,1,0,1,0,1,1.0
H1_30,D,True,4-3-3,1,1,0,1,1,0,4,3,3,0,29,18,3,7.4776,10.648527272727273,2.0,1.0,1.0,1,3,0,7,0,2,2.0,0.3076923076923077,0.5384615384615384,0.15384615384615385,1.0,0.25,0.0,9.995686615596384,34.98490315458734,0.25905641631525445,0.10686895383072556,7.4776,3.5,0.5,1.5,0.5,0.5,0.5,1,0,1,0,1,1.0
H1_45,D,True,4-3-3,1,1,0,1,1,0,4,3,3,0,44,21,3,0.0,0.0,2.0,0.0,0.0,1,3,0,10,0,6,2.0,0.2,0.5,0.3,1.0,0.15789473684210525,0.0,11.173695299050962,39.10793354667837,0.0,0.0,0.0,3.5,0.0,0.0,0.0,0.0,0.0,1,0,1,0,1,1.0
H2_15,D,True,4-3-3,1,2,0,2,2,0,4,3,3,0,59,30,4,0.0,0.0,0.0,0.0,0.0,1,3,0,12,0,6,2.0,0.18181818181818182,0.5454545454545454,0.2727272727272727,1.0,0.14285714285714285,0.0,20.644758857142854,20.644758857142854,0.0,0.0,0.0,1.0,0.0,0.0,0.0,0.0,0.0,2,0,2,0,2,1.0
H2_30,D,True,4-3-3,1,2,0,2,2,0,4,3,3,0,74,31,6,0.0,4.428571428571428,1.0,0.0,0.0,1,4,0,14,0,9,2.0,0.17857142857142858,0.5,0.32142857142857145,1.0,0.14814814814814814,0.0,10.271780179790612,30.815340539371835,0.07185660374113301,0.0,0.0,3.0,0.0,0.5,0.5,0.0,0.0,2,0,2,0,2,1.0
H1_15,D,True,4-3-3,1,0,0,0,0,0,4,3,3,0,14,6,0,0.0,52.435124444444455,2.0,0.0,1.0,0,2,1,3,0,3,2.0,0.2222222222222222,0.4444444444444444,0.3333333333333333,0.0,0.25,0.0,21.762017454729445,97.9290785462825,0.26771989087828985,0.15175967141960678,0.0,4.5,0.5,1.0,1.0,0.5,0.0,0,0,0,0,0,0.0
H1_30,D,True,4-3-3,4,0,0,0,0,0,4,3,3,0,29,14,1,36.843258934707904,35.05839234234234,2.0,1.0,1.0,2,4,2,5,0,6,2.0,0.3157894736842105,0.3684210526315789,0.3157894736842105,0.5,0.26666666666666666,0.0,16.862697777414393,84.31348888707197,0.4263947099458431,0.25419735458576886,18.421629467353952,5.0,1.5,2.0,0.5,0.5,0.5,0,0,0,0,0,0.0
H1_45,D,True,4-3-3,6,0,0,0,0,0,4,3,3,0,44,18,2,0.0,0.0,2.0,0.0,1.0,2,4,4,5,0,10,2.0,0.24,0.36,0.4,0.3333333333333333,0.21052631578947367,0.0,22.855408887004888,68.56622666101467,0.0,0.5972942828785687,0.0,3.0,1.0,0.0,0.0,0.5,0.0,0,0,0,0,0,0.0
H2_15,D,True,4-3-3,9,0,0,0,0,0,4,3,3,0,59,23,5,25.328375555555553,16.264594137931034,2.0,1.0,2.0,4,6,5,8,0,10,2.0,0.30303030303030304,0.3939393939393939,0.30303030303030304,0.4444444444444444,0.25,0.0,10.930714427087926,43.722857708351704,0.47564331191396175,0.3629301727111452,12.664187777777776,4.0,1.5,2.0,1.0,1.0,0.5,0,0,0,0,0,0.0
H2_30,D,True,4-3-3,13,0,0,0,0,0,4,3,3,0,74,24,5,13.16113043478261,19.85723574468085,2.0,1.0,1.0,5,8,7,9,1,13,2.0,0.3023255813953488,0.37209302325581395,0.32558139534883723,0.38461538461538464,0.26666666666666666,0.07692307692307693,11.681098782759559,58.4054939137978,0.2826648998825019,0.4402540202195824,13.16113043478261,5.0,2.0,1.5,1.0,0.5,0.5,0,0,0,0,0,0.0
H1_15,A,True,4-3-3,0,1,0,1,1,0,4,3,3,0,14,5,0,0.0,72.41029273809522,2.0,2.0,0.0,0,6,0,6,0,0,2.0,0.5,0.5,0.0,0.0,0.5,0.0,11.279324420085123,67.67594652051073,0.5349780569094046,0.0,0.0,6.0,0.0,3.0,1.0,0.0,1.0,1,0,0,1,1,1.0
H1_30,A,True,4-3-3,2,2,0,2,2,0,4,3,3,0,29,10,0,8.852825000000001,45.5277351741468,2.0,1.0,2.0,1,9,1,11,0,1,2.0,0.43478260869565216,0.5217391304347826,0.043478260869565216,0.5,0.42857142857142855,0.0,14.853231821043545,81.6927750157395,0.3328357995163554,0.10727319222998716,8.852825000000001,5.5,1.0,2.0,0.5,1.0,0.5,2,0,0,2,2,1.0
H1_45,A,True,4-3-3,5,2,0,2,2,0,4,3,3,0,44,13,0,25.953185185185184,5.8332444444444445,2.0,1.0,2.0,2,10,2,16,1,4,2.0,0.34285714285714286,0.5142857142857142,0.14285714285714285,0.4,0.3333333333333333,0.2,14.790986157392483,88.7459169443549,0.17908671589680134,0.4373233101980621,25.953185185185184,6.0,1.5,1.0,0.5,1.0,0.5,2,0,0,2,2,1.0
H2_15,A,True,4-3-3,7,2,0,2,2,0,4,3,3,0,59,22,0,21.55517023809524,84.50923658856154,2.0,2.0,1.0,4,17,2,18,1,6,2.0,0.4375,0.4166666666666667,0.14583333333333334,0.5714285714285714,0.4146341463414634,0.14285714285714285,13.097699715446929,85.13504815040504,0.6229185813067057,0.1265939862981841,10.77758511904762,6.5,1.0,4.5,1.0,0.5,1.0,2,0,0,2,2,1.0
H2_30,A,True,4-3-3,7,2,0,2,2,0,4,3,3,0,74,26,0,0.0,0.0,2.0,0.0,0.0,4,17,2,23,1,8,2.0,0.38181818181818183,0.45454545454545453,0.16363636363636364,0.5714285714285714,0.3541666666666667,0.14285714285714285,10.03440290560025,35.12041016960088,0.0,0.0,0.0,3.5,0.0,0.0,0.0,0.0,0.0,2,0,0,2,2,1.0
H1_15,M,True,4-3-3,0,0,0,0,0,0,4,3,3,0,14,5,0,0.0,7.753942857142858,2.0,0.0,0.0,0,1,0,4,0,1,2.0,0.16666666666666666,0.6666666666666666,0.16666666666666666,0.0,0.16666666666666666,0.0,10.505787119643642,31.517361358930927,0.12301066020150288,0.0,0.0,3.0,0.0,0.5,0.5,0.0,0.0,0,0,0,0,0,0.0
H1_30,M,True,4-3-3,1,0,0,0,0,0,4,3,3,0,29,9,0,0.0,0.0,1.0,0.0,1.0,0,1,0,4,1,4,2.0,0.1,0.4,0.5,0.0,0.1111111111111111,1.0,11.91285913797443,47.65143655189772,0.0,0.23621092698309717,0.0,4.0,1.0,0.0,0.0,1.0,0.0,0,0,0,0,0,0.0
H1_45,M,True,4-3-3,1,0,0,0,0,0,4,3,3,0,44,10,1,0.0,8.409722222222223,2.0,0.0,0.0,0,2,0,8,1,8,2.0,0.10526315789473684,0.42105263157894735,0.47368421052631576,0.0,0.1111111111111111,1.0,15.871607438591916,71.42223347366362,0.05887327946222265,0.0,0.0,4.5,0.0,0.5,0.5,0.0,0.0,0,0,0,0,0,0.0
H2_15,M,True,4-3-3,2,0,0,0,0,0,4,3,3,0,59,14,4,0.0,42.2384189770462,2.0,2.0,1.0,0,7,0,9,2,8,2.0,0.2692307692307692,0.34615384615384615,0.38461538461538464,0.0,0.2916666666666667,1.0,9.276175305758786,32.46661357015575,0.6504900624417598,0.23033520467027804,0.0,3.5,0.5,2.5,1.0,0.5,1.0,0,0,0,0,0,0.0
H2_30,M,True,4-3-3,4,0,0,0,0,0,4,3,3,0,74,14,4,0.0,13.613025339366516,2.0,1.0,1.0,0,9,2,12,2,8,2.0,0.2727272727272727,0.42424242424242425,0.30303030303030304,0.0,0.3103448275862069,0.5,8.208543219488904,28.729901268211165,0.2369138900318629,0.3886108616970839,0.0,3.5,1.0,1.0,0.5,0.5,0.5,0,0,0,0,0,0.0
H2_30,M,True,4-3-3,1,0,0,0,0,0,4,3,3,0,9,2,0,7.193461538461538,43.21521417032484,2.0,2.0,1.0,1,3,0,2,0,0,2.0,0.6666666666666666,0.3333333333333333,0.0,1.0,0.6,0.0,12.487480620616308,37.46244186184892,0.6727895086855199,0.09600897833874558,7.193461538461538,3.0,0.5,2.0,1.0,0.5,1.0,0,0,0,0,0,0.0
H1_15,M,True,4-3-3,3,0,0,0,0,0,4,3,3,0,14,1,0,33.35046547700755,26.288483186446477,2.0,2.0,1.0,2,3,1,7,0,1,2.0,0.35714285714285715,0.5714285714285714,0.07142857142857142,0.6666666666666666,0.2727272727272727,0.0,10.116711515320711,70.81698060724497,0.42107802501645086,0.3520362381877518,16.675232738503777,7.0,1.5,2.5,1.0,0.5,1.0,0,0,0,0,0,0.0
H1_30,M,True,4-3-3,6,0,0,0,0,0,4,3,3,0,29,5,0,47.95131069182389,25.26881478492239,2.0,2.0,2.0,3,6,2,12,1,4,2.0,0.32142857142857145,0.5,0.17857142857142858,0.5,0.2727272727272727,0.16666666666666666,13.999572790280022,97.99700953196015,0.3735834686509833,0.4221572404673393,47.95131069182389,7.0,1.5,2.0,1.0,1.0,1.0,0,0,0,0,0,0.0
H1_45,M,True,4-3-3,7,1,0,1,1,0,4,3,3,0,44,8,1,0.0,38.71449582724674,2.0,1.0,1.0,3,9,3,18,1,6,2.0,0.3,0.525,0.175,0.42857142857142855,0.2727272727272727,0.14285714285714285,13.76018733473371,82.56112400840226,0.23445959761465193,0.20458335985273388,0.0,6.0,0.5,1.5,0.5,0.5,0.5,1,0,0,0,1,1.0
H2_15,M,True,4-3-3,10,1,0,1,1,0,4,3,3,0,59,13,2,35.31405193687231,102.71659180225554,2.0,2.0,2.0,5,18,4,21,1,8,2.0,0.40350877192982454,0.43859649122807015,0.15789473684210525,0.5,0.3829787234042553,0.1,12.495063393852691,106.20803884774787,0.6498126000471517,0.22554320542846237,17.657025968436155,8.5,1.5,5.5,1.0,1.0,1.0,1,0,0,0,1,1.0
H1_15,A,True,4-3-3,4,0,0,0,0,0,4,3,3,0,14,2,1,65.83000965367967,54.83172794346979,2.0,2.0,2.0,3,4,1,2,0,0,2.0,0.7,0.3,0.0,0.75,0.6666666666666666,0.0,15.361513798999331,76.80756899499666,0.7854807747203242,0.5030975822871628,21.943336551226555,5.0,2.0,3.5,1.0,1.0,1.0,0,0,0,0,0,0.0
H1_30,A,True,4-3-3,7,0,0,0,0,0,4,3,3,0,29,9,1,24.166397120708748,33.61315351545007,1.0,1.0,1.0,5,7,2,7,0,0,2.0,0.5714285714285714,0.42857142857142855,0.0,0.7142857142857143,0.5,0.0,11.213145694061616,61.672301317338885,0.4684400403582343,0.3425984997040542,12.083198560354374,5.5,1.5,2.5,1.0,0.5,0.5,0,0,0,0,0,0.0
H1_45,A,True,4-3-3,9,0,0,0,0,0,4,3,3,0,44,12,1,15.822946153846154,0.0,1.0,0.0,1.0,6,7,3,10,0,1,2.0,0.48148148148148145,0.48148148148148145,0.037037037037037035,0.6666666666666666,0.3888888888888889,0.0,23.142163244754006,69.42648973426202,0.1139546750412582,0.46846574132613955,15.822946153846154,3.0,1.0,0.5,0.5,0.5,0.0,0,0,0,0,0,0.0
H2_15,A,True,4-3-3,10,0,0,0,0,0,4,3,3,0,59,13,3,13.195697777777776,41.554663943191315,2.0,2.0,1.0,7,11,3,12,0,2,2.0,0.5142857142857142,0.42857142857142855,0.05714285714285714,0.7,0.44,0.0,11.935895428135636,47.74358171254254,0.5733792874046757,0.1381934210259636,13.195697777777776,4.0,0.5,2.5,1.0,0.5,1.0,0,0,0,0,0,0.0
H2_30,A,True,4-3-3,10,1,0,0,1,0,4,3,3,0,74,14,3,0.0,21.92802325581395,1.0,0.0,0.0,7,12,3,13,0,4,2.0,0.48717948717948717,0.41025641025641024,0.10256410256410256,0.7,0.41379310344827586,0.0,15.307631523416896,30.615263046833793,0.3581224048650095,0.0,0.0,2.0,0.0,0.5,0.5,0.0,0.0,1,0,1,0,0,0.0
H2_15,A,True,4-3-3,0,0,0,0,0,0,4,3,3,0,3,1,0,0.0,20.790673076923078,1.0,1.0,0.0,0,2,0,0,0,0,1.0,1.0,0.0,0.0,0.0,1.0,0.0,10.395336538461539,20.790673076923078,1.0,0.0,0.0,2.0,0.0,2.0,1.0,0.0,1.0,0,0,0,0,0,0.0
H2_30,A,True,4-3-3,1,0,0,0,0,0,4,3,3,0,18,2,0,0.0,59.281713495934966,2.0,2.0,1.0,0,6,1,3,0,3,2.0,0.46153846153846156,0.3076923076923077,0.23076923076923078,0.0,0.5,0.0,13.824271579145966,76.03349368530282,0.38983946825656685,0.11039452416421962,0.0,5.5,0.5,2.0,1.0,0.5,1.0,0,0,0,0,0,0.0
H1_15,A,True,4-3-3,2,0,0,0,0,0,4,3,3,0,14,4,0,34.93407646702964,46.814300339642784,2.0,2.0,1.0,2,4,0,4,0,0,2.0,0.6,0.4,0.0,1.0,0.5,0.0,11.747107951914153,58.73553975957076,0.69590215005517,0.29738448484537205,17.46703823351482,5.0,1.0,3.0,1.0,0.5,1.0,0,0,0,0,0,0.0
H1_30,A,True,4-3-3,2,0,0,0,0,0,4,3,3,0,29,5,0,0.0,51.24535701969886,2.0,1.0,0.0,2,7,0,7,0,0,2.0,0.5625,0.4375,0.0,1.0,0.5,0.0,15.153814594858234,45.461443784574705,0.5636133914106646,0.0,0.0,3.0,0.0,1.5,1.0,0.0,0.5,0,0,0,0,0,0.0
H1_45,A,True,4-3-3,4,1,0,1,1,0,4,3,3,0,44,5,0,13.950383333333331,61.66242521373698,2.0,1.0,2.0,3,12,1,9,0,1,2.0,0.5769230769230769,0.38461538461538464,0.038461538461538464,0.75,0.5454545454545454,0.0,14.74503218347267,73.72516091736335,0.5128019227507877,0.304657186208891,13.950383333333331,5.0,1.0,3.0,1.0,1.0,0.5,1,0,0,1,1,1.0
H1_15,D,True,4-3-3,1,0,0,0,0,0,4,3,3,0,14,5,2,17.902142372881357,37.79760235690236,2.0,2.0,1.0,1,5,0,6,0,2,2.0,0.42857142857142855,0.42857142857142855,0.14285714285714285,1.0,0.38461538461538464,0.0,11.242535839666461,78.69775087766523,0.3538839681477578,0.11373986024524409,17.902142372881357,7.0,0.5,3.0,1.0,0.5,1.0,0,0,0,0,0,0.0
H1_30,D,True,4-3-3,3,0,0,0,0,0,4,3,3,0,29,10,2,0.0,49.795630129870126,2.0,1.0,2.0,1,7,1,14,1,5,2.0,0.27586206896551724,0.5172413793103449,0.20689655172413793,0.3333333333333333,0.2692307692307692,0.3333333333333333,16.186993122999123,121.40244842249344,0.20508495000272167,0.1716582378307207,0.0,7.5,1.0,1.0,0.5,1.0,0.5,0,0,0,0,0,0.0
H1_45,D,True,4-3-3,5,0,0,0,0,0,4,3,3,0,44,12,3,18.136918032786884,14.686599999999999,2.0,1.0,2.0,2,9,1,18,2,5,2.0,0.2972972972972973,0.5135135135135135,0.1891891891891892,0.4,0.28125,0.4,12.908668228713143,51.63467291485257,0.3178437683425829,0.4709857889644536,18.136918032786884,4.0,1.0,1.5,1.0,1.0,0.5,0,0,0,0,0,0.0
H2_15,D,True,4-3-3,10,0,0,0,0,0,4,3,3,0,59,19,4,20.991961454545457,29.66446827838828,2.0,2.0,2.0,4,12,2,23,4,8,2.0,0.3018867924528302,0.4716981132075472,0.22641509433962265,0.4,0.27906976744186046,0.4,12.261332601116091,98.09066080892873,0.25821229725227174,0.2899963608198301,10.495980727272729,8.0,2.5,2.5,1.0,1.0,1.0,0,0,0,0,0,0.0
H2_30,D,True,4-3-3,11,0,0,0,0,0,4,3,3,0,74,21,6,0.0,12.161408000000002,2.0,0.0,1.0,4,13,3,27,4,11,2.0,0.27419354838709675,0.4838709677419355,0.24193548387096775,0.36363636363636365,0.2549019607843137,0.36363636363636365,15.260718328724193,68.67323247925887,0.08854547515054768,0.14948264235414344,0.0,4.5,0.5,0.5,0.5,0.5,0.0,0,0,0,0,0,0.0
H1_15,M,True,4-3-3,1,0,0,0,0,0,4,3,3,0,14,8,2,0.0,52.21488213345213,2.0,2.0,1.0,0,6,0,4,1,2,2.0,0.46153846153846156,0.3076923076923077,0.23076923076923078,0.0,0.5,1.0,9.996418451264951,64.97671993322218,0.401796844986284,0.07091472246277729,0.0,6.5,0.5,3.0,1.0,0.5,1.0,0,0,0,0,0,0.0
H1_30,M,True,4-3-3,1,0,0,0,0,0,4,3,3,0,29,15,4,0.0,8.303578947368422,2.0,0.0,0.0,0,7,0,10,1,4,2.0,0.3181818181818182,0.45454545454545453,0.22727272727272727,0.0,0.3333333333333333,1.0,15.377895127521596,69.20052807384718,0.059996499871411944,0.0,0.0,4.5,0.0,0.5,0.5,0.0,0.0,0,0,0,0,0,0.0
H1_45,M,True,4-3-3,3,0,0,0,0,0,4,3,3,0,44,20,4,0.0,0.0,1.0,0.0,1.0,0,7,1,12,2,4,2.0,0.2692307692307692,0.5,0.23076923076923078,0.0,0.30434782608695654,0.6666666666666666,19.479693971607638,38.959387943215276,0.0,0.4758529219453504,0.0,2.0,1.0,0.0,0.0,1.0,0.0,0,0,0,0,0,0.0
H2_15,M,True,4-3-3,4,0,0,0,0,0,4,3,3,0,59,23,4,11.231241025641028,34.81788218793828,2.0,2.0,1.0,1,11,1,14,2,4,2.0,0.36363636363636365,0.45454545454545453,0.18181818181818182,0.25,0.3793103448275862,0.5,8.921191817967777,31.22417136288722,0.737395440833266,0.17984850414622025,11.231241025641028,3.5,0.5,2.5,1.0,0.5,1.0,0,0,0,0,0,0.0
H2_30,M,True,4-3-3,4,0,0,0,0,0,4,3,3,0,74,26,5,0.0,0.0,1.0,0.0,0.0,1,11,1,16,2,5,2.0,0.3333333333333333,0.4722222222222222,0.19444444444444445,0.25,0.34375,0.5,12.90365457318223,38.71096371954669,0.0,0.0,0.0,3.0,0.0,0.0,0.0,0.0,0.0,0,0,0,0,0,0.0
H1_15,G,False,4-1-3-2,0,0,0,0,0,0,4,1,3,2,14,2,1,0.0,0.0,0.0,0.0,0.0,0,0,0,0,0,0,0.0,0.0,0.0,0.0,0.0,0.0,0.0,0.0,0.0,0.0,0.0,0.0,0.0,0.0,0.0,0.0,0.0,0.0,0,0,0,0,0,0.0
H1_30,G,False,4-1-3-2,0,0,0,0,0,0,4,1,3,2,29,3,1,0.0,7.709360000000001,0.0,0.0,0.0,0,1,0,0,0,0,1.0,1.0,0.0,0.0,0.0,1.0,0.0,7.709360000000001,7.709360000000001,1.0,0.0,0.0,1.0,0.0,1.0,1.0,0.0,0.0,0,0,0,0,0,0.0
H1_45,G,False,4-1-3-2,0,0,0,0,0,0,4,1,3,2,44,6,1,0.0,0.0,0.0,0.0,0.0,0,1,0,0,0,0,1.0,1.0,0.0,0.0,0.0,1.0,0.0,0.0,0.0,0.0,0.0,0.0,0.0,0.0,0.0,0.0,0.0,0.0,0,0,0,0,0,0.0
H2_15,G,False,4-1-3-2,0,0,0,0,0,0,4,1,3,2,59,6,2,0.0,0.0,0.0,0.0,0.0,0,1,0,0,0,0,1.0,1.0,0.0,0.0,0.0,1.0,0.0,0.0,0.0,0.0,0.0,0.0,0.0,0.0,0.0,0.0,0.0,0.0,0,0,0,0,0,0.0
H2_30,G,False,4-1-3-2,0,0,0,0,0,0,4,1,3,2,74,6,3,0.0,0.0,0.0,0.0,0.0,0,1,0,0,0,0,1.0,1.0,0.0,0.0,0.0,1.0,0.0,0.0,0.0,0.0,0.0,0.0,0.0,0.0,0.0,0.0,0.0,0.0,0,0,0,0,0,0.0
H1_15,D,False,4-1-3-2,2,0,0,0,0,0,4,1,3,2,14,2,1,0.0,0.0,2.0,0.0,1.0,0,0,1,4,1,3,2.0,0.0,0.5555555555555556,0.4444444444444444,0.0,0.0,0.5,9.652163461627376,43.434735577323195,0.0,0.2983454772465367,0.0,4.5,1.0,0.0,0.0,0.5,0.0,0,0,0,0,0,0.0
H1_30,D,False,4-1-3-2,3,0,0,0,0,0,4,1,3,2,29,3,2,0.0,26.659039098837212,2.0,1.0,1.0,0,2,1,9,2,5,2.0,0.10526315789473684,0.5263157894736842,0.3684210526315789,0.0,0.125,0.6666666666666666,15.24348368165206,76.2174184082603,0.17488810074907993,0.056880571569067936,0.0,5.0,0.5,1.0,0.5,0.5,0.5,0,0,0,0,0,0.0
H1_45,D,False,4-1-3-2,6,0,0,0,0,0,4,1,3,2,44,6,4,14.48636,13.012180748663102,2.0,1.0,2.0,1,4,2,12,3,7,2.0,0.1724137931034483,0.4827586206896552,0.3448275862068966,0.16666666666666666,0.17391304347826086,0.5,8.725791152928867,43.62895576464433,0.31514094557985206,0.4455776335370118,14.48636,5.0,1.5,1.5,0.5,1.0,0.5,0,0,0,0,0,0.0
H2_15,D,False,4-1-3-2,8,0,0,0,0,0,4,1,3,2,59,10,7,0.0,40.30171428571427,2.0,0.0,1.0,1,5,2,15,5,12,2.0,0.15,0.425,0.425,0.125,0.15625,0.625,12.889761925630326,70.8936905909668,0.284240487057176,0.19012792594447606,0.0,5.5,1.0,0.5,0.5,0.5,0.0,0,0,0,0,0,0.0
H2_30,D,False,4-1-3-2,9,0,0,0,0,0,4,1,3,2,74,12,7,10.688691891891894,64.94776915621074,2.0,1.0,1.0,2,9,2,17,5,14,2.0,0.22448979591836735,0.3877551020408163,0.3877551020408163,0.2222222222222222,0.225,0.5555555555555556,12.847317427423748,57.812928423406866,0.6541483290221942,0.09244205563858218,10.688691891891894,4.5,0.5,2.5,0.5,0.5,0.5,0,0,0,0,0,0.0
H1_15,D,False,4-1-3-2,5,0,0,0,0,0,4,1,3,2,14,5,3,0.0,4.8317000000000005,2.0,0.0,2.0,0,1,4,5,1,4,2.0,0.06666666666666667,0.6,0.3333333333333333,0.0,0.1,0.2,9.588057442576211,71.91043081932159,0.033595265283140066,0.3535662455631315,0.0,7.5,2.5,0.5,0.5,1.0,0.0,0,0,0,0,0,0.0
H1_30,D,False,4-1-3-2,8,0,0,0,0,0,4,1,3,2,29,6,3,29.193652,47.16831434249631,2.0,2.0,2.0,2,6,5,9,1,6,2.0,0.27586206896551724,0.4827586206896552,0.2413793103448276,0.25,0.2857142857142857,0.125,16.47566840859015,115.32967886013105,0.33105947704539335,0.18943104926986656,14.596826,7.0,1.5,3.5,1.0,1.0,1.0,0,0,0,0,0,0.0
H1_45,D,False,4-1-3-2,12,0,0,0,0,0,4,1,3,2,44,10,6,40.27784722222223,29.034598901098903,2.0,1.0,2.0,4,9,6,13,2,8,2.0,0.30952380952380953,0.4523809523809524,0.23809523809523808,0.3333333333333333,0.3,0.16666666666666666,12.111747790874663,78.72636064068531,0.4402111666235265,0.4979897125050048,20.138923611111114,6.5,2.0,2.5,1.0,1.0,0.5,0,0,0,0,0,0.0
H2_15,D,False,4-1-3-2,17,0,0,0,0,0,4,1,3,2,59,13,7,30.051630899830222,21.723979150197632,2.0,2.0,2.0,6,13,8,15,3,12,2.0,0.3333333333333333,0.40350877192982454,0.2631578947368421,0.35294117647058826,0.325,0.17647058823529413,10.402673526837855,78.02005145128392,0.331809637951577,0.5033134631327615,15.025815449915111,7.5,2.5,3.0,1.0,1.0,1.0,0,0,0,0,0,0.0
H2_30,D,False,4-1-3-2,19,1,0,0,1,0,4,1,3,2,74,18,9,0.0,34.58703262574106,2.0,1.0,2.0,6,15,9,20,4,13,2.0,0.31343283582089554,0.43283582089552236,0.2537313432835821,0.3157894736842105,0.3125,0.21052631578947367,13.072117071230062,65.36058535615031,0.2645863132748587,0.17555658567748417,0.0,5.0,1.0,1.0,0.5,1.0,0.5,1,0,1,1,0,0.0
H1_15,M,False,4-1-3-2,2,0,0,0,0,0,4,1,3,2,14,2,4,0.0,26.725033333333332,2.0,0.0,2.0,0,1,0,3,2,6,2.0,0.08333333333333333,0.25,0.6666666666666666,0.0,0.1,1.0,11.380628716180203,68.28377229708121,0.1956909558032406,0.18680575972410887,0.0,6.0,1.0,0.5,0.5,1.0,0.0,0,0,0,0,0,0.0
H1_30,M,False,4-1-3-2,4,0,0,0,0,0,4,1,3,2,29,3,6,0.0,0.0,1.0,0.0,1.0,0,1,1,8,3,9,2.0,0.045454545454545456,0.4090909090909091,0.5454545454545454,0.0,0.05555555555555555,0.75,12.225558093972666,122.25558093972666,0.0,0.11238346997860278,0.0,10.0,2.0,0.0,0.0,1.0,0.0,0,0,0,0,0,0.0
H1_45,M,False,4-1-3-2,5,0,0,0,0,0,4,1,3,2,44,12,6,0.0,37.02086264189887,2.0,1.0,1.0,0,4,2,10,3,10,2.0,0.13793103448275862,0.41379310344827586,0.4482758620689655,0.0,0.16666666666666666,0.6,16.781400333931924,58.73490116876174,0.31515216596285417,0.23746734522556143,0.0,3.5,0.5,1.5,1.0,0.5,0.5,0,0,0,0,0,0.0
H2_15,M,False,4-1-3-2,6,0,0,0,0,0,4,1,3,2,59,13,10,0.0,10.082734883720931,2.0,0.0,1.0,0,5,2,11,4,15,2.0,0.13513513513513514,0.35135135135135137,0.5135135135135135,0.0,0.16129032258064516,0.6666666666666666,17.631351794737053,70.52540717894821,0.07148299660388648,0.11499189192091307,0.0,4.0,0.5,0.5,0.5,0.5,0.0,0,0,0,0,0,0.0
H2_30,M,False,4-1-3-2,6,0,0,0,0,0,4,1,3,2,74,14,10,0.0,11.956470588235293,1.0,0.0,0.0,0,6,2,13,4,16,2.0,0.14634146341463414,0.36585365853658536,0.4878048780487805,0.0,0.17142857142857143,0.6666666666666666,10.89104718966534,21.78209437933068,0.2744564039622597,0.0,0.0,2.0,0.0,0.5,0.5,0.0,0.0,0,0,0,0,0,0.0
H1_15,D,False,4-1-3-2,1,0,0,0,0,0,4,1,3,2,14,5,2,0.0,20.3749,1.0,0.0,1.0,0,1,0,1,1,2,1.0,0.2,0.2,0.6,0.0,0.25,1.0,12.284841303391444,61.42420651695722,0.3317079886799214,0.11814435201404966,0.0,5.0,1.0,1.0,1.0,1.0,0.0,0,0,0,0,0,0.0
H1_30,D,False,4-1-3-2,1,0,0,0,0,0,4,1,3,2,29,6,4,0.0,0.0,0.0,0.0,0.0,0,1,0,1,1,3,1.0,0.16666666666666666,0.16666666666666666,0.6666666666666666,0.0,0.2,1.0,10.112478260869567,10.112478260869567,0.0,0.0,0.0,1.0,0.0,0.0,0.0,0.0,0.0,0,0,0,0,0,0.0
H1_45,D,False,4-1-3-2,2,0,0,0,0,0,4,1,3,2,44,15,5,0.0,10.84577272727273,1.0,0.0,1.0,0,2,1,2,1,3,1.0,0.2222222222222222,0.3333333333333333,0.4444444444444444,0.0,0.2857142857142857,0.5,15.34045392236179,46.021361767085374,0.23566822690217873,0.43828503788734635,0.0,3.0,1.0,1.0,1.0,1.0,0.0,0,0,0,0,0,0.0
H2_15,D,False,4-1-3-2,3,0,0,0,0,0,4,1,3,2,59,17,6,0.0,0.0,1.0,0.0,0.0,0,2,1,2,2,5,2.0,0.16666666666666666,0.25,0.5833333333333334,0.0,0.2222222222222222,0.6666666666666666,19.764283748368836,29.646425622553256,0.0,0.2679063400672904,0.0,1.5,0.5,0.0,0.0,0.5,0.0,0,0,0,0,0,0.0
H2_30,D,False,4-1-3-2,4,1,0,1,1,0,4,1,3,2,74,19,7,0.0,0.0,1.0,0.0,1.0,0,2,2,4,2,5,2.0,0.13333333333333333,0.4,0.4666666666666667,0.0,0.18181818181818182,0.5,10.483155050505049,31.44946515151515,0.0,0.4585753662429197,0.0,3.0,1.0,0.0,0.0,1.0,0.0,1,0,1,0,1,1.0
H1_15,M,False,4-1-3-2,2,0,0,0,0,0,4,1,3,2,14,7,1,8.065544827586205,7.54916129032258,2.0,1.0,1.0,1,1,1,4,0,2,2.0,0.2222222222222222,0.5555555555555556,0.2222222222222222,0.5,0.14285714285714285,0.0,12.669048416477642,57.010717874149385,0.13694535606776695,0.31570676031020123,8.065544827586205,4.5,1.0,1.0,0.5,0.5,0.5,0,0,0,0,0,0.0
H1_30,M,False,4-1-3-2,6,0,0,0,0,0,4,1,3,2,29,8,2,33.504717757009345,0.0,1.0,0.0,1.0,2,1,3,9,1,4,2.0,0.15,0.6,0.25,0.3333333333333333,0.07142857142857142,0.16666666666666666,19.11572417333615,105.13648295334883,0.15933915999394835,0.417037609104827,33.504717757009345,5.5,2.0,0.5,0.5,1.0,0.0,0,0,0,0,0,0.0
H1_45,M,False,4-1-3-2,8,0,0,0,0,0,4,1,3,2,44,12,3,22.910940259740265,37.982354723253756,1.0,1.0,1.0,3,4,4,11,1,5,2.0,0.25,0.5357142857142857,0.21428571428571427,0.375,0.2,0.125,15.713582652585506,62.854330610342025,0.4844001550226888,0.27850968994314257,22.910940259740265,4.0,1.0,2.0,0.5,0.5,0.5,0,0,0,0,0,0.0
H2_15,M,False,4-1-3-2,9,0,0,0,0,0,4,1,3,2,59,14,3,0.0,72.77831392073688,2.0,1.0,1.0,3,7,5,15,1,9,2.0,0.25,0.5,0.25,0.3333333333333333,0.22580645161290322,0.1111111111111111,13.155717504498599,78.9343050269916,0.46100560393766893,0.057086000167597066,0.0,6.0,0.5,1.5,1.0,0.5,0.5,0,0,0,0,0,0.0
H2_30,M,False,4-1-3-2,11,0,0,0,0,0,4,1,3,2,74,18,3,0.0,27.043410317460314,2.0,0.0,1.0,3,9,6,19,2,10,2.0,0.24489795918367346,0.5102040816326531,0.24489795918367346,0.2727272727272727,0.23684210526315788,0.18181818181818182,13.277397187512817,59.748287343807675,0.22631117576513343,0.2047240457408497,0.0,4.5,1.0,1.0,1.0,0.5,0.0,0,0,0,0,0,0.0
H1_15,M,False,4-1-3-2,1,1,1,1,1,0,4,1,3,2,14,4,0,16.34728421052632,11.212666,2.0,1.0,1.0,1,2,0,5,0,2,2.0,0.3,0.5,0.2,1.0,0.2222222222222222,0.0,10.881141998403656,54.40570999201828,0.25328178066759505,0.15023500486368604,16.34728421052632,5.0,0.5,1.5,1.0,0.5,0.5,1,0,0,0,1,1.0
H1_30,M,False,4-1-3-2,2,1,1,1,1,0,4,1,3,2,29,6,1,15.516862745098038,20.167912179487182,2.0,1.0,1.0,2,4,0,7,0,3,2.0,0.375,0.4375,0.1875,1.0,0.2857142857142857,0.0,11.018935212298596,33.05680563689579,0.539749292725917,0.2346999724586086,15.516862745098038,3.0,0.5,1.5,1.0,0.5,0.5,1,0,0,0,1,1.0
H1_45,M,False,4-1-3-2,3,1,1,1,1,0,4,1,3,2,44,11,1,0.0,37.8236886631016,2.0,1.0,1.0,2,7,1,9,0,3,2.0,0.4090909090909091,0.45454545454545453,0.13636363636363635,0.6666666666666666,0.3684210526315789,0.0,18.983168145565912,56.94950443669774,0.33208092886167734,0.25140622267800444,0.0,3.0,0.5,1.5,1.0,0.5,0.5,1,0,0,0,1,1.0
H2_15,M,False,4-1-3-2,4,1,1,1,1,0,4,1,3,2,59,15,2,0.0,19.74302337662338,1.0,0.0,1.0,2,8,1,9,1,6,2.0,0.37037037037037035,0.37037037037037035,0.25925925925925924,0.5,0.34782608695652173,0.25,10.405761690232392,52.028808451161964,0.3794633005127462,0.15336543209797396,0.0,5.0,1.0,1.0,1.0,1.0,0.0,1,0,0,0,1,1.0
H2_15,A,False,4-1-3-2,0,0,0,0,0,0,4,1,3,2,2,1,0,0.0,0.0,0.0,0.0,0.0,0,0,0,0,0,1,1.0,0.0,0.0,1.0,0.0,0.0,0.0,14.704867796610172,14.704867796610172,0.0,0.0,0.0,1.0,0.0,0.0,0.0,0.0,0.0,0,0,0,0,0,0.0
H2_30,A,False,4-1-3-2,4,0,0,0,0,0,4,1,3,2,17,5,0,28.156351648351645,60.472285908542425,2.0,2.0,2.0,1,5,3,4,0,2,2.0,0.4,0.4666666666666667,0.13333333333333333,0.25,0.45454545454545453,0.0,12.757758351415713,89.30430845990999,0.49621703076442697,0.3638142332488227,28.156351648351645,7.0,2.0,3.0,1.0,1.0,1.0,0,0,0,0,0,0.0
H1_15,A,False,4-1-3-2,4,0,0,0,0,0,4,1,3,2,14,1,0,0.0,16.540851111111117,2.0,1.0,2.0,0,2,3,7,1,2,2.0,0.13333333333333333,0.6666666666666666,0.2,0.0,0.18181818181818182,0.25,9.876484086410073,74.07363064807555,0.11165141337338277,0.41875377323949814,0.0,7.5,2.0,1.0,0.5,1.0,0.5,0,0,0,0,0,0.0
H1_30,A,False,4-1-3-2,7,0,0,0,0,0,4,1,3,2,29,3,0,37.114061813633526,22.703614236509758,2.0,2.0,2.0,3,4,3,9,1,3,2.0,0.30434782608695654,0.5217391304347826,0.17391304347826086,0.42857142857142855,0.25,0.14285714285714285,10.717535191527638,42.87014076611055,0.6976612973642252,0.4328661062266993,12.371353937877842,4.0,1.5,2.5,1.0,1.0,1.0,0,0,0,0,0,0.0
H1_45,A,False,4-1-3-2,8,0,0,0,0,0,4,1,3,2,44,7,1,11.19811282051282,42.109920178628386,2.0,2.0,1.0,4,8,3,13,1,4,2.0,0.36363636363636365,0.48484848484848486,0.15151515151515152,0.5,0.32,0.125,10.330669201877743,51.65334600938871,0.516017229449683,0.10839678051521975,11.19811282051282,5.0,0.5,2.5,1.0,0.5,1.0,0,0,0,0,0,0.0
H1_15,A,False,4-1-3-2,0,0,0,0,0,0,4,1,3,2,14,3,1,0.0,46.548811769991005,1.0,0.0,0.0,0,2,0,0,0,1,2.0,0.6666666666666666,0.0,0.3333333333333333,0.0,0.6666666666666666,0.0,17.310958589997004,25.966437884995507,0.8963264806700509,0.0,0.0,1.5,0.0,1.0,1.0,0.0,0.0,0,0,0,0,0,0.0
H1_30,A,False,4-1-3-2,1,1,0,0,1,0,4,1,3,2,29,6,1,11.676989999999998,53.28690576659609,2.0,2.0,1.0,1,6,0,0,0,1,2.0,0.875,0.0,0.125,1.0,0.8571428571428571,0.0,12.992779153319216,32.48194788329804,1.0000000000000002,0.17974583978081274,11.676989999999998,2.5,0.5,2.5,1.0,0.5,1.0,1,0,1,0,0,0.0
H1_45,A,False,4-1-3-2,2,1,0,0,1,0,4,1,3,2,44,9,1,0.0,24.204458188153307,2.0,1.0,1.0,1,9,1,2,0,1,2.0,0.7142857142857143,0.21428571428571427,0.07142857142857142,0.5,0.75,0.0,12.590045927493357,37.77013778248007,0.3204179228514849,0.25796498785471433,0.0,3.0,0.5,1.5,1.0,0.5,0.5,1,0,1,0,0,0.0
H2_15,A,False,4-1-3-2,3,1,0,0,1,0,4,1,3,2,59,12,1,17.05353571428572,27.4988398970399,2.0,1.0,1.0,2,11,1,4,0,2,2.0,0.65,0.25,0.1,0.6666666666666666,0.6470588235294118,0.0,14.799044385635929,44.397133156907785,0.5017483387257142,0.19205672192859086,17.05353571428572,3.0,0.5,1.5,1.0,0.5,0.5,1,0,1,0,0,0.0
H1_15,M,False,4-1-3-2,4,0,0,0,0,0,4,1,3,2,14,3,1,7.390933333333334,22.685813001616417,1.0,1.0,1.0,1,3,2,6,1,2,2.0,0.26666666666666666,0.5333333333333333,0.2,0.25,0.2727272727272727,0.25,8.655686424808342,64.91764818606256,0.23165308028986062,0.38170706959967365,7.390933333333334,7.5,2.0,2.0,0.5,0.5,0.5,0,0,0,0,0,0.0
H1_30,M,False,4-1-3-2,8,0,0,0,0,0,4,1,3,2,29,7,3,28.06294406926407,48.52349857262955,2.0,2.0,2.0,3,7,3,13,2,3,2.0,0.3225806451612903,0.5161290322580645,0.16129032258064516,0.375,0.30434782608695654,0.25,13.680352186900748,109.44281749520599,0.34989250274577594,0.3252369979303598,14.031472034632035,8.0,2.0,3.0,1.0,1.0,1.0,0,0,0,0,0,0.0
H1_45,M,False,4-1-3-2,9,0,0,0,0,0,4,1,3,2,44,13,3,0.0,31.60568631211857,1.0,1.0,1.0,3,10,4,14,2,3,2.0,0.3611111111111111,0.5,0.1388888888888889,0.3333333333333333,0.37037037037037035,0.2222222222222222,16.50669375915574,41.26673439788935,0.3829438744459398,0.3193163310469312,0.0,2.5,0.5,1.5,0.5,0.5,0.5,0,0,0,0,0,0.0
H2_15,M,False,4-1-3-2,10,0,0,0,0,0,4,1,3,2,59,17,4,0.0,0.0,2.0,0.0,1.0,3,10,5,17,2,8,2.0,0.28888888888888886,0.4888888888888889,0.2222222222222222,0.3,0.2857142857142857,0.2,16.216804651788888,72.97562093305,0.0,0.09983761572490256,0.0,4.5,0.5,0.0,0.0,0.5,0.0,0,0,0,0,0,0.0
H2_30,M,False,4-1-3-2,12,0,0,0,0,0,4,1,3,2,74,19,5,12.686734883720932,27.304725395147486,2.0,2.0,2.0,4,14,6,19,2,9,2.0,0.3333333333333333,0.46296296296296297,0.2037037037037037,0.3333333333333333,0.3333333333333333,0.16666666666666666,9.37838984232544,42.20275429046448,0.473801543894782,0.24138716364414944,12.686734883720932,4.5,1.0,2.5,1.0,1.0,1.0,0,0,0,0,0,0.0
H1_15,D,False,4-1-3-2,1,0,0,0,0,0,4,1,3,2,14,4,2,0.0,0.0,1.0,0.0,1.0,0,0,0,3,1,1,2.0,0.0,0.6,0.4,0.0,0.0,1.0,9.685760144673255,24.214400361683136,0.0,0.303436237150806,0.0,2.5,0.5,0.0,0.0,0.5,0.0,0,0,0,0,0,0.0
H1_30,D,False,4-1-3-2,1,0,0,0,0,0,4,1,3,2,29,6,3,0.0,0.0,1.0,0.0,0.0,0,0,0,6,1,3,2.0,0.0,0.6,0.4,0.0,0.0,1.0,13.410455734484936,67.05227867242468,0.0,0.0,0.0,5.0,0.0,0.0,0.0,0.0,0.0,0,0,0,0,0,0.0
H1_45,D,False,4-1-3-2,3,1,1,1,1,0,4,1,3,2,44,14,4,38.26804285714285,18.711789743589744,1.0,1.0,1.0,1,1,0,7,2,3,2.0,0.14285714285714285,0.5,0.35714285714285715,0.3333333333333333,0.09090909090909091,0.6666666666666666,22.659355939298795,90.63742375719518,0.6286567980283011,0.5373741607471827,38.26804285714285,4.0,2.0,2.0,1.0,1.0,1.0,1,0,1,0,1,1.0
H2_15,D,False,4-1-3-2,6,1,1,1,1,0,4,1,3,2,59,19,6,8.8198875,20.129723142857145,1.0,1.0,1.0,2,3,0,9,4,5,2.0,0.21739130434782608,0.391304347826087,0.391304347826087,0.3333333333333333,0.17647058823529413,0.6666666666666666,10.479327636210376,47.15697436294669,0.30694940710195484,0.42941834944615154,8.8198875,4.5,1.5,1.5,0.5,0.5,0.5,1,0,1,0,1,1.0
H2_30,D,False,4-1-3-2,6,2,1,2,2,0,4,1,3,2,74,23,6,0.0,0.0,0.0,0.0,0.0,2,3,0,9,4,6,2.0,0.20833333333333334,0.375,0.4166666666666667,0.3333333333333333,0.16666666666666666,0.6666666666666666,8.599578947368421,8.599578947368421,0.0,0.0,0.0,1.0,0.0,0.0,0.0,0.0,0.0,2,0,2,1,2,1.0
H2_30,A,False,4-1-3-2,3,1,0,1,1,0,4,1,3,2,11,5,0,12.680323809523806,28.446566956521742,2.0,1.0,2.0,1,2,2,3,0,0,2.0,0.375,0.625,0.0,0.3333333333333333,0.4,0.0,12.609271783810028,50.43708713524011,0.40770485670365386,0.47296908923504594,12.680323809523806,4.0,1.5,1.5,1.0,1.0,0.5,1,0,1,0,1,1.0
H2_30,M,False,4-1-3-2,1,0,0,0,0,0,4,1,3,2,11,0,0,0.0,0.0,1.0,0.0,1.0,0,0,1,2,0,0,1.0,0.0,1.0,0.0,0.0,0.0,0.0,17.088915564839738,51.26674669451921,0.0,0.4389252282231582,0.0,3.0,1.0,0.0,0.0,1.0,0.0,0,0,0,0,0,0.0
H1_15,D,True,4-2-3-1,1,0,0,0,0,0,4,2,3,1,14,14,1,0.0,0.0,1.0,0.0,1.0,0,0,1,2,0,2,1.0,0.0,0.6,0.4,0.0,0.0,0.0,9.565319233037384,47.82659616518692,0.0,0.28927907153476307,0.0,5.0,1.0,0.0,0.0,1.0,0.0,0,0,0,0,0,0.0
H1_30,D,True,4-2-3-1,2,0,0,0,0,0,4,2,3,1,29,18,1,0.0,22.750021538461535,1.0,0.0,1.0,0,2,1,3,1,4,2.0,0.18181818181818182,0.36363636363636365,0.45454545454545453,0.0,0.2222222222222222,0.5,20.190297510351968,60.570892531055904,0.18779665106302623,0.16306223314995655,0.0,3.0,0.5,1.0,1.0,0.5,0.0,0,0,0,0,0,0.0
H1_45,D,True,4-2-3-1,3,0,0,0,0,0,4,2,3,1,44,23,2,0.0,18.96157894736842,1.0,0.0,1.0,0,3,1,4,2,4,2.0,0.21428571428571427,0.35714285714285715,0.42857142857142855,0.0,0.2727272727272727,0.6666666666666666,16.005835839598998,24.008753759398495,0.3948888629828547,0.297068730492019,0.0,1.5,0.5,0.5,0.5,0.5,0.0,0,0,0,0,0,0.0
H2_15,D,True,4-2-3-1,4,0,0,0,0,0,4,2,3,1,59,32,4,0.0,6.345384615384616,2.0,0.0,1.0,0,4,2,9,2,7,2.0,0.16666666666666666,0.4583333333333333,0.375,0.0,0.2,0.5,13.163024262770554,65.81512131385277,0.048206130207717475,0.0834824907517688,0.0,5.0,0.5,0.5,0.5,0.5,0.0,0,0,0,0,0,0.0
H2_30,D,True,4-2-3-1,5,0,0,0,0,0,4,2,3,1,74,34,4,7.265,13.145656140350876,1.0,1.0,1.0,1,5,2,11,2,9,2.0,0.2,0.43333333333333335,0.36666666666666664,0.2,0.2,0.4,12.015913484641532,72.0954809078492,0.28310590183092493,0.10076914542377431,7.265,6.0,1.0,2.0,1.0,1.0,1.0,0,0,0,0,0,0.0
H1_15,D,True,4-2-3-1,4,0,0,0,0,0,4,2,3,1,14,10,0,31.369886186020913,74.00185096874135,2.0,2.0,2.0,2,6,2,3,0,1,2.0,0.5714285714285714,0.35714285714285715,0.07142857142857142,0.5,0.6,0.0,12.584396263365198,88.09077384355639,0.5980861136598468,0.2629722838289476,15.684943093010457,7.0,2.0,4.0,1.0,1.0,1.0,0,0,0,0,0,0.0
H1_30,D,True,4-2-3-1,6,0,0,0,0,0,4,2,3,1,29,21,0,20.114116923076924,25.02187230046949,2.0,1.0,2.0,3,8,2,7,1,5,2.0,0.4230769230769231,0.34615384615384615,0.23076923076923078,0.5,0.4,0.16666666666666666,15.184420877425046,91.10652526455027,0.24770996968923428,0.3115443579223856,20.114116923076924,6.0,1.0,1.5,0.5,1.0,0.5,0,0,0,0,0,0.0
H1_45,D,True,4-2-3-1,8,0,0,0,0,0,4,2,3,1,44,25,0,18.00286666666667,49.41583231172835,2.0,2.0,2.0,4,12,3,8,1,6,2.0,0.47058823529411764,0.3235294117647059,0.20588235294117646,0.5,0.46153846153846156,0.125,13.787226758663014,55.148907034652055,0.6112423854205615,0.4077080579992432,18.00286666666667,4.0,1.0,2.5,1.0,1.0,1.0,0,0,0,0,0,0.0
H2_15,D,True,4-2-3-1,9,0,0,0,0,0,4,2,3,1,59,32,0,0.0,69.49808528533802,2.0,2.0,1.0,4,16,4,11,1,10,2.0,0.43478260869565216,0.32608695652173914,0.2391304347826087,0.4444444444444444,0.43243243243243246,0.1111111111111111,15.375109003760755,92.25065402256453,0.37668071853636276,0.07925550909624168,0.0,6.0,0.5,2.0,1.0,0.5,1.0,0,0,0,0,0,0.0
H2_30,D,True,4-2-3-1,13,0,0,0,0,0,4,2,3,1,74,39,1,23.78661818181817,47.14748261662041,2.0,2.0,2.0,5,23,7,17,1,12,2.0,0.4307692307692308,0.36923076923076925,0.2,0.38461538461538464,0.4423076923076923,0.07692307692307693,15.350811191269573,145.83270631706094,0.2432036769729069,0.4495427501044816,23.78661818181817,9.5,2.0,4.0,1.0,1.0,1.0,0,0,0,0,0,0.0
H1_15,D,True,4-2-3-1,1,0,0,0,0,0,4,2,3,1,14,13,1,0.0,0.0,1.0,0.0,1.0,0,0,0,5,1,1,2.0,0.0,0.7142857142857143,0.2857142857142857,0.0,0.0,1.0,13.381145940701481,46.83401079245518,0.0,0.09664667703157076,0.0,3.5,0.5,0.0,0.0,0.5,0.0,0,0,0,0,0,0.0
H1_30,D,True,4-2-3-1,3,0,0,0,0,0,4,2,3,1,29,17,1,10.613555555555555,0.0,2.0,0.0,2.0,1,0,0,7,2,5,2.0,0.06666666666666667,0.4666666666666667,0.4666666666666667,0.3333333333333333,0.0,0.6666666666666666,12.855610770389749,51.422443081558995,0.1031996431861652,0.1989928359014005,10.613555555555555,4.0,1.0,0.5,0.5,1.0,0.0,0,0,0,0,0,0.0
H1_45,D,True,4-2-3-1,5,0,0,0,0,0,4,2,3,1,44,21,1,0.0,13.999071428571428,1.0,0.0,1.0,1,1,2,9,2,6,2.0,0.09523809523809523,0.5238095238095238,0.38095238095238093,0.2,0.0625,0.4,12.914535399538734,38.7436061986162,0.18066298935631128,0.40239731420457997,0.0,3.0,1.0,0.5,0.5,0.5,0.0,0,0,0,0,0,0.0
H2_15,D,True,4-2-3-1,8,0,0,0,0,0,4,2,3,1,59,27,3,9.59678823529412,10.574786153846155,2.0,1.0,2.0,2,3,3,14,3,8,2.0,0.15151515151515152,0.5151515151515151,0.3333333333333333,0.25,0.12,0.375,10.410037754282474,62.46022652569484,0.16147535408666913,0.2820041910477086,9.59678823529412,6.0,1.5,1.5,1.0,1.0,0.5,0,0,0,0,0,0.0
H2_30,D,True,4-2-3-1,8,0,0,0,0,0,4,2,3,1,74,32,4,0.0,13.289651851851852,1.0,0.0,0.0,2,4,3,18,3,9,2.0,0.15384615384615385,0.5384615384615384,0.3076923076923077,0.25,0.12903225806451613,0.375,14.717265502229393,88.30359301337636,0.1504995595121335,0.0,0.0,6.0,0.0,1.0,1.0,0.0,0.0,0,0,0,0,0,0.0
H1_15,D,True,4-2-3-1,2,0,0,0,0,0,4,2,3,1,14,14,1,0.0,9.985557333333333,2.0,0.0,1.0,0,2,2,5,0,1,2.0,0.2,0.7,0.1,0.0,0.25,0.0,10.578468942112895,52.89234471056447,0.09439510942439713,0.35117883164048497,0.0,5.0,1.0,1.0,1.0,0.5,0.0,0,0,0,0,0,0.0
H1_30,D,True,4-2-3-1,3,0,0,0,0,0,4,2,3,1,29,20,1,0.0,15.622902857142854,1.0,0.0,1.0,0,4,2,6,1,4,2.0,0.23529411764705882,0.47058823529411764,0.29411764705882354,0.0,0.2857142857142857,0.3333333333333333,14.579919364372492,51.02971777530372,0.1530765163735992,0.14964894436320375,0.0,3.5,0.5,1.0,1.0,0.5,0.0,0,0,0,0,0,0.0
H1_45,D,True,4-2-3-1,4,1,0,1,1,0,4,2,3,1,44,25,2,0.0,56.22530117647059,2.0,1.0,1.0,0,8,3,7,1,6,2.0,0.32,0.4,0.28,0.0,0.38095238095238093,0.25,14.403202122997484,57.61280849198994,0.4879583433628977,0.25443483034987285,0.0,4.0,0.5,2.0,1.0,0.5,0.5,1,0,1,0,1,1.0
H2_15,D,True,4-2-3-1,6,1,0,1,1,0,4,2,3,1,59,31,2,18.14092666666667,16.710357333333334,2.0,1.0,1.0,1,10,4,12,1,9,2.0,0.2972972972972973,0.43243243243243246,0.2702702702702703,0.16666666666666666,0.3225806451612903,0.16666666666666666,13.34189905177007,80.05139431062042,0.2176806806435368,0.26612003680207846,18.14092666666667,6.0,1.0,1.5,0.5,0.5,0.5,1,0,1,0,1,1.0
H2_30,D,True,4-2-3-1,7,1,0,1,1,0,4,2,3,1,74,32,3,0.0,47.83049500809268,1.0,1.0,1.0,1,14,5,13,1,9,2.0,0.3488372093023256,0.4186046511627907,0.23255813953488372,0.14285714285714285,0.3888888888888889,0.14285714285714285,15.96589549280177,47.89768647840531,0.4992985937813205,0.4005471122002873,0.0,3.0,0.5,2.0,1.0,0.5,0.5,1,0,1,0,1,1.0
H1_15,M,True,4-2-3-1,1,0,0,0,0,0,4,2,3,1,14,10,1,0.0,49.57615158758699,2.0,1.0,1.0,0,5,1,3,0,2,2.0,0.45454545454545453,0.36363636363636365,0.18181818181818182,0.0,0.5,0.0,14.221298635915725,78.21714249753649,0.31691359467106867,0.04192708352609474,0.0,5.5,0.5,2.5,1.0,0.5,0.5,0,0,0,0,0,0.0
H1_30,M,True,4-2-3-1,1,1,1,1,1,0,4,2,3,1,29,20,2,0.0,38.716839126984134,2.0,2.0,0.0,0,10,1,3,0,6,2.0,0.5,0.2,0.3,0.0,0.5263157894736842,0.0,11.985689520047082,53.935602840211864,0.3589172743807609,0.0,0.0,4.5,0.0,2.5,1.0,0.0,1.0,1,0,1,0,1,1.0
H1_45,M,True,4-2-3-1,2,2,1,2,2,0,4,2,3,1,44,31,3,0.0,10.768304347826083,2.0,0.0,1.0,0,11,2,7,0,6,2.0,0.4230769230769231,0.34615384615384615,0.23076923076923078,0.0,0.4583333333333333,0.0,9.66935642941687,29.00806928825061,0.18560877390395064,0.1290077815755366,0.0,3.0,0.5,0.5,0.5,0.5,0.0,2,0,2,1,2,1.0
H2_15,M,True,4-2-3-1,3,2,1,2,2,0,4,2,3,1,59,38,3,14.273503999999996,23.3423055028463,2.0,1.0,1.0,1,13,2,12,0,7,2.0,0.4,0.4,0.2,0.3333333333333333,0.40625,0.0,13.13473814527341,59.10632165373034,0.31820462219942824,0.12074430958180901,14.273503999999996,4.5,0.5,1.5,0.5,0.5,0.5,2,0,2,1,2,1.0
H2_30,M,True,4-2-3-1,3,3,1,3,3,0,4,2,3,1,74,44,4,0.0,5.062678260869564,1.0,0.0,0.0,1,14,2,14,0,7,2.0,0.39473684210526316,0.42105263157894735,0.18421052631578946,0.3333333333333333,0.4,0.0,22.455006320056754,67.36501896017026,0.07515292564324647,0.0,0.0,3.0,0.0,1.0,1.0,0.0,0.0,3,0,3,1,3,1.0
H1_15,A,True,4-2-3-1,3,1,1,1,1,1,4,2,3,1,14,4,0,53.59666769230769,59.10096048962532,2.0,2.0,2.0,3,4,0,2,0,0,2.0,0.7777777777777778,0.2222222222222222,0.0,1.0,0.6666666666666666,0.0,14.853397134853228,66.84028710683953,0.8430366853585902,0.4009308608043317,17.865555897435897,4.5,1.5,3.5,1.0,1.0,1.0,1,1,0,0,1,1.0
H1_30,A,True,4-2-3-1,3,2,2,1,2,1,4,2,3,1,29,9,0,0.0,62.01710147024425,2.0,2.0,0.0,3,9,0,3,0,0,2.0,0.8,0.2,0.0,1.0,0.75,0.0,12.729512233344801,38.188536700034405,0.8119858317350555,0.0,0.0,3.0,0.0,2.5,1.0,0.0,1.0,2,1,1,0,1,0.5
H1_45,A,True,4-2-3-1,6,4,4,2,4,0,4,2,3,1,44,15,0,55.61409204287933,60.953147305683565,2.0,2.0,2.0,6,14,0,7,0,0,2.0,0.7407407407407407,0.25925925925925924,0.0,1.0,0.6666666666666666,0.0,13.976604276863737,83.85962566118242,0.6950140692228277,0.33159039051507716,18.538030680959775,6.0,1.5,4.0,1.0,1.0,1.0,4,1,2,0,2,0.5
H2_15,A,True,4-2-3-1,11,6,4,4,5,0,4,2,3,1,59,19,1,8.541677419354839,102.97345605148806,2.0,2.0,2.0,7,23,4,11,0,1,2.0,0.6521739130434783,0.32608695652173914,0.021739130434782608,0.6363636363636364,0.6571428571428571,0.0,13.165270385955305,125.0700686665754,0.44581063502943846,0.28376599399637836,8.541677419354839,9.5,2.5,5.0,1.0,1.0,1.0,6,2,2,1,4,0.6666666666666666
H1_15,M,True,4-2-3-1,1,0,0,0,0,1,4,2,3,1,14,2,0,24.172499999999996,29.076752036613268,2.0,1.0,1.0,1,2,0,4,0,1,2.0,0.375,0.5,0.125,1.0,0.2857142857142857,0.0,18.230281096131744,72.92112438452698,0.3651154071337396,0.1657441530422227,24.172499999999996,4.0,0.5,1.5,1.0,0.5,0.5,0,0,0,0,0,0.0
H1_30,M,True,4-2-3-1,2,1,0,0,1,1,4,2,3,1,29,8,1,8.539354838709677,87.96682023364157,2.0,2.0,1.0,2,11,0,6,0,2,2.0,0.6190476190476191,0.2857142857142857,0.09523809523809523,1.0,0.5789473684210527,0.0,9.958494337344813,64.73021319274129,0.74544922928798,0.06596112091646303,8.539354838709677,6.5,0.5,5.0,1.0,0.5,1.0,1,1,1,0,0,0.0
H1_45,M,True,4-2-3-1,3,1,0,0,1,1,4,2,3,1,44,11,1,18.28206206896552,49.487263685567015,2.0,1.0,1.0,3,14,0,10,0,2,2.0,0.5862068965517241,0.3448275862068966,0.06896551724137931,1.0,0.5384615384615384,0.0,13.256913562453821,53.027654249815285,0.6389998455831053,0.17238233830633007,18.28206206896552,4.0,0.5,2.0,1.0,0.5,0.5,1,1,1,0,0,0.0
H2_15,M,True,4-2-3-1,5,2,1,0,2,1,4,2,3,1,59,13,1,27.68678,108.05434815600145,2.0,2.0,1.0,5,22,0,17,0,3,2.0,0.574468085106383,0.3617021276595745,0.06382978723404255,1.0,0.5238095238095238,0.0,14.021113270987843,126.19001943889059,0.5378441526500285,0.10970273292258163,13.84339,9.0,1.0,5.0,1.0,0.5,1.0,2,1,1,0,0,0.0
H2_30,M,True,4-2-3-1,7,2,1,0,2,1,4,2,3,1,74,18,1,18.893833393829404,64.15316502454596,2.0,1.0,1.0,7,29,0,19,0,4,2.0,0.6101694915254238,0.3220338983050847,0.06779661016949153,1.0,0.5576923076923077,0.0,12.456827236321494,74.74096341792897,0.5555654798962221,0.12639543651705942,9.446916696914702,6.0,1.0,4.5,1.0,0.5,0.5,2,1,1,0,0,0.0
H2_30,A,True,4-2-3-1,2,1,1,1,1,0,4,2,3,1,2,1,0,24.43678095238095,28.656210248840765,2.0,2.0,2.0,2,4,0,2,0,0,2.0,0.75,0.25,0.0,1.0,0.6666666666666666,0.0,9.145668005724561,36.582672022898244,0.7256576442528465,0.33399393211470724,12.218390476190475,4.0,1.0,3.0,1.0,1.0,1.0,1,0,0,0,1,1.0
H1_15,M,True,4-2-3-1,3,1,0,1,1,0,4,2,3,1,14,11,0,53.15469125784702,63.91333799606148,2.0,2.0,1.0,3,6,0,4,0,0,2.0,0.6923076923076923,0.3076923076923077,0.0,1.0,0.6,0.0,11.101449170738995,72.15941960980346,0.8111763501351928,0.36831429316696934,17.71823041928234,6.5,1.5,4.5,1.0,0.5,1.0,1,0,0,1,1,1.0
H1_30,M,True,4-2-3-1,5,1,0,1,1,0,4,2,3,1,29,13,0,0.0,36.28273772005771,2.0,1.0,1.0,3,9,2,9,0,1,2.0,0.5,0.4583333333333333,0.041666666666666664,0.6,0.47368421052631576,0.0,9.669927862132061,53.184603241726336,0.34110189329749335,0.2547826731550051,0.0,5.5,1.0,1.5,1.0,0.5,0.5,1,0,0,1,1,1.0
H1_45,M,True,4-2-3-1,6,1,0,1,1,0,4,2,3,1,44,18,0,46.75024817518248,28.06935512820513,1.0,1.0,1.0,4,11,2,12,0,1,2.0,0.5,0.4666666666666667,0.03333333333333333,0.6666666666666666,0.4583333333333333,0.0,18.69751942558936,112.18511655353615,0.6669298531029537,0.41672415745873626,46.75024817518248,6.0,1.0,3.0,1.0,1.0,1.0,1,0,0,1,1,1.0
H2_15,M,True,4-2-3-1,9,3,0,3,3,0,4,2,3,1,59,21,3,38.899385347985344,137.9408097768163,2.0,2.0,1.0,6,20,3,17,0,2,2.0,0.5416666666666666,0.4166666666666667,0.041666666666666664,0.6666666666666666,0.5128205128205128,0.0,15.35806722584873,138.22260503263857,0.6396934679499215,0.2571528710837356,19.449692673992672,9.0,1.5,5.5,1.0,0.5,1.0,3,0,0,3,3,1.0
H2_30,M,True,4-2-3-1,3,0,0,0,0,0,4,2,3,1,14,5,1,0.0,87.18401666969076,2.0,1.0,2.0,0,7,2,5,1,1,2.0,0.4375,0.4375,0.125,0.0,0.5384615384615384,0.3333333333333333,14.856846191131666,118.85476952905333,0.3667670090781639,0.31082093112218734,0.0,8.0,1.5,3.5,1.0,1.0,0.5,0,0,0,0,0,0.0
H1_15,G,True,4-2-3-1,0,0,0,0,0,0,4,2,3,1,14,3,0,0.0,0.0,0.0,0.0,0.0,0,0,0,0,0,0,0.0,0.0,0.0,0.0,0.0,0.0,0.0,0.0,0.0,0.0,0.0,0.0,0.0,0.0,0.0,0.0,0.0,0.0,0,0,0,0,0,0.0
H1_30,G,True,4-2-3-1,0,0,0,0,0,0,4,2,3,1,29,3,0,0.0,0.0,0.0,0.0,0.0,0,0,0,0,0,0,0.0,0.0,0.0,0.0,0.0,0.0,0.0,0.0,0.0,0.0,0.0,0.0,0.0,0.0,0.0,0.0,0.0,0.0,0,0,0,0,0,0.0
H1_45,G,True,4-2-3-1,0,0,0,0,0,0,4,2,3,1,44,5,1,0.0,0.0,0.0,0.0,0.0,0,0,0,0,0,0,0.0,0.0,0.0,0.0,0.0,0.0,0.0,0.0,0.0,0.0,0.0,0.0,0.0,0.0,0.0,0.0,0.0,0.0,0,0,0,0,0,0.0
H2_15,G,True,4-2-3-1,0,0,0,0,0,0,4,2,3,1,59,6,3,0.0,0.0,0.0,0.0,0.0,0,0,0,0,0,0,0.0,0.0,0.0,0.0,0.0,0.0,0.0,0.0,0.0,0.0,0.0,0.0,0.0,0.0,0.0,0.0,0.0,0.0,0,0,0,0,0,0.0
H2_30,G,True,4-2-3-1,0,0,0,0,0,0,4,2,3,1,74,7,3,0.0,0.0,0.0,0.0,0.0,0,0,0,0,0,0,0.0,0.0,0.0,0.0,0.0,0.0,0.0,0.0,0.0,0.0,0.0,0.0,0.0,0.0,0.0,0.0,0.0,0.0,0,0,0,0,0,0.0
H1_15,M,True,4-2-3-1,2,0,0,0,0,0,4,2,3,1,14,7,0,0.0,20.90592,2.0,0.0,1.0,0,1,1,3,1,1,2.0,0.14285714285714285,0.5714285714285714,0.2857142857142857,0.0,0.2,0.5,10.902295477282355,38.15803417048824,0.27393864037378557,0.3448441840454694,0.0,3.5,1.0,0.5,0.5,0.5,0.0,0,0,0,0,0,0.0
H1_30,M,True,4-2-3-1,3,0,0,0,0,0,4,2,3,1,29,15,2,0.0,0.0,1.0,0.0,1.0,0,1,1,4,2,4,2.0,0.08333333333333333,0.4166666666666667,0.5,0.0,0.1111111111111111,0.6666666666666666,20.045896501601185,100.22948250800593,0.0,0.05627846980364629,0.0,5.0,1.0,0.0,0.0,1.0,0.0,0,0,0,0,0,0.0
H1_45,M,True,4-2-3-1,3,0,0,0,0,0,4,2,3,1,44,19,2,0.0,0.0,0.0,0.0,0.0,0,1,1,5,2,4,2.0,0.07692307692307693,0.46153846153846156,0.46153846153846156,0.0,0.1,0.6666666666666666,5.185733333333334,5.185733333333334,0.0,0.0,0.0,1.0,0.0,0.0,0.0,0.0,0.0,0,0,0,0,0,0.0
H2_15,M,True,4-2-3-1,4,1,0,0,1,0,4,2,3,1,59,26,3,9.20855,35.5763228258317,2.0,2.0,1.0,1,4,1,10,2,8,2.0,0.19230769230769232,0.4230769230769231,0.38461538461538464,0.25,0.18181818181818182,0.5,12.754624485667108,82.9050591568362,0.27009734557398735,0.05553671931274824,9.20855,6.5,0.5,2.0,1.0,0.5,1.0,1,0,0,0,0,0.0
H2_30,M,True,4-2-3-1,6,1,0,0,1,0,4,2,3,1,74,34,4,0.0,30.82312473658417,2.0,1.0,2.0,1,7,3,14,2,9,2.0,0.2222222222222222,0.4722222222222222,0.3055555555555556,0.16666666666666666,0.23333333333333334,0.3333333333333333,11.88140412315427,59.40702061577135,0.2594232501234144,0.359337357721565,0.0,5.0,1.0,1.5,1.0,1.0,0.5,1,0,0,0,0,0.0
H1_15,M,True,4-2-3-1,4,0,0,0,0,0,4,2,3,1,14,2,0,46.63648246855346,11.871593979933113,2.0,1.0,2.0,2,2,1,4,1,1,2.0,0.36363636363636365,0.45454545454545453,0.18181818181818182,0.5,0.2857142857142857,0.25,13.958872854841298,76.77380070162714,0.38104194343505104,0.6605376896248804,23.31824123427673,5.5,2.0,2.0,0.5,1.0,0.5,0,0,0,0,0,0.0
H1_30,M,True,4-2-3-1,5,0,0,0,0,0,4,2,3,1,29,12,0,17.437876363636363,36.327400649616706,2.0,1.0,1.0,3,6,1,8,1,2,2.0,0.42857142857142855,0.42857142857142855,0.14285714285714285,0.6,0.375,0.2,10.232009062349107,51.160045311745534,0.5254615851650685,0.170424754878324,17.437876363636363,5.0,0.5,2.5,1.0,0.5,0.5,0,0,0,0,0,0.0
H1_45,M,True,4-2-3-1,6,0,0,0,0,0,4,2,3,1,44,17,0,52.90939877300613,52.759884829545456,2.0,2.0,1.0,4,9,1,9,1,2,2.0,0.5,0.38461538461538464,0.11538461538461539,0.6666666666666666,0.45,0.16666666666666666,22.813968299457688,57.03492074864422,0.9263560132593283,0.46383336803587866,52.90939877300613,2.5,0.5,2.0,1.0,0.5,1.0,0,0,0,0,0,0.0
H2_15,M,True,4-2-3-1,12,0,0,0,0,0,4,2,3,1,59,18,0,64.30254392262565,47.83838247823868,2.0,1.0,2.0,7,14,4,17,1,6,2.0,0.42857142857142855,0.42857142857142855,0.14285714285714285,0.5833333333333334,0.3783783783783784,0.08333333333333333,13.348650534444165,153.5094811461079,0.3652573299173956,0.36811602957431083,21.43418130754188,11.5,3.0,4.0,1.0,1.0,0.5,0,0,0,0,0,0.0
H2_30,A,True,4-2-3-1,2,0,0,0,0,1,4,2,3,1,2,1,0,8.301733333333335,76.12456266159197,2.0,1.0,2.0,1,5,1,1,0,0,2.0,0.75,0.25,0.0,0.5,0.8333333333333334,0.0,13.035913086322184,52.143652345288736,0.8095548757868449,0.2167640001858807,8.301733333333335,4.0,1.0,3.0,1.0,1.0,0.5,0,0,0,0,0,0.0
H1_15,D,False,4-3-3,2,0,0,0,0,0,4,3,3,0,14,5,2,0.0,0.0,1.0,0.0,1.0,0,0,0,1,2,3,2.0,0.0,0.16666666666666666,0.8333333333333334,0.0,0.0,1.0,9.57777793070432,28.733333792112962,0.0,0.40393604009033834,0.0,3.0,1.0,0.0,0.0,0.5,0.0,0,0,0,0,0,0.0
H1_30,D,False,4-3-3,2,0,0,0,0,0,4,3,3,0,29,7,4,0.0,0.0,0.0,0.0,0.0,0,0,0,1,2,4,2.0,0.0,0.14285714285714285,0.8571428571428571,0.0,0.0,1.0,33.19410724637682,33.19410724637682,0.0,0.0,0.0,1.0,0.0,0.0,0.0,0.0,0.0,0,0,0,0,0,0.0
H1_45,D,False,4-3-3,4,0,0,0,0,0,4,3,3,0,44,9,4,0.0,0.0,1.0,0.0,1.0,0,0,0,3,4,5,2.0,0.0,0.25,0.75,0.0,0.0,1.0,15.593627257898095,77.96813628949047,0.0,0.5884431845946098,0.0,5.0,2.0,0.0,0.0,1.0,0.0,0,0,0,0,0,0.0
H2_15,D,False,4-3-3,5,0,0,0,0,0,4,3,3,0,59,12,8,0.0,0.0,2.0,0.0,1.0,0,0,1,4,4,10,2.0,0.0,0.2631578947368421,0.7368421052631579,0.0,0.0,0.8,13.422448013745145,46.97856804810801,0.0,0.17991030639276712,0.0,3.5,0.5,0.0,0.0,0.5,0.0,0,0,0,0,0,0.0
H2_30,D,False,4-3-3,6,0,0,0,0,0,4,3,3,0,74,16,8,0.0,0.0,2.0,0.0,1.0,0,0,2,5,4,15,2.0,0.0,0.2692307692307692,0.7307692307692307,0.0,0.0,0.6666666666666666,14.08120343197452,49.284212011910824,0.0,0.29253663417639,0.0,3.5,0.5,0.0,0.0,0.5,0.0,0,0,0,0,0,0.0
H1_15,M,False,4-3-3,2,0,0,0,0,0,4,3,3,0,14,3,0,0.0,36.70817661900757,2.0,1.0,2.0,0,2,1,2,1,4,2.0,0.2,0.3,0.5,0.0,0.25,0.5,12.327174089756582,61.63587044878291,0.2977825765396684,0.19802662549376635,0.0,5.0,1.0,1.0,0.5,1.0,0.5,0,0,0,0,0,0.0
H1_30,M,False,4-3-3,4,0,0,0,0,0,4,3,3,0,29,3,0,0.0,6.270455172413794,2.0,0.0,2.0,0,3,3,5,1,7,2.0,0.15789473684210525,0.42105263157894735,0.42105263157894735,0.0,0.2,0.25,10.448821867905934,47.019698405576705,0.06667902373944294,0.2799823070494697,0.0,4.5,1.0,0.5,0.5,1.0,0.0,0,0,0,0,0,0.0
H1_45,M,False,4-3-3,5,0,0,0,0,0,4,3,3,0,44,5,1,0.0,0.0,2.0,0.0,1.0,0,3,3,9,2,11,2.0,0.10714285714285714,0.42857142857142855,0.4642857142857143,0.0,0.13043478260869565,0.4,10.339783784735523,46.52902703130985,0.0,0.09835137829799392,0.0,4.5,0.5,0.0,0.0,0.5,0.0,0,0,0,0,0,0.0
H2_15,M,False,4-3-3,6,0,0,0,0,0,4,3,3,0,59,6,3,0.0,20.864930232558144,2.0,0.0,1.0,0,4,4,12,2,17,2.0,0.10256410256410256,0.41025641025641024,0.48717948717948717,0.0,0.12121212121212122,0.3333333333333333,13.529903213194773,74.41446767257125,0.1401940434779784,0.09326691946253754,0.0,5.5,0.5,0.5,0.5,0.5,0.0,0,0,0,0,0,0.0
H2_30,M,False,4-3-3,7,0,0,0,0,0,4,3,3,0,74,7,4,0.0,0.0,2.0,0.0,1.0,0,4,4,17,3,19,2.0,0.0851063829787234,0.44680851063829785,0.46808510638297873,0.0,0.1,0.42857142857142855,15.179954623495519,60.719818493982075,0.0,0.0689245582491563,0.0,4.0,0.5,0.0,0.0,0.5,0.0,0,0,0,0,0,0.0
H1_15,A,False,4-3-3,3,1,0,1,1,0,4,3,3,0,14,0,0,0.0,9.640697435897437,2.0,0.0,2.0,0,1,1,2,2,2,2.0,0.125,0.375,0.5,0.0,0.2,0.6666666666666666,13.479887990310875,53.9195519612435,0.0893989015601151,0.44374780724890217,0.0,4.0,1.5,0.5,0.5,1.0,0.0,1,0,0,1,1,1.0
H1_30,A,False,4-3-3,6,1,0,1,1,0,4,3,3,0,29,2,0,31.20029118589744,15.809772307692306,2.0,1.0,1.0,3,2,1,5,2,2,2.0,0.3333333333333333,0.4,0.26666666666666666,0.5,0.2222222222222222,0.3333333333333333,12.567586101190477,37.70275830357143,0.6234300301728412,0.41376669227595964,15.60014559294872,3.5,1.5,2.0,0.5,0.5,0.5,1,0,0,1,1,1.0
H1_45,A,False,4-3-3,8,1,0,1,1,0,4,3,3,0,44,2,0,0.0,7.984754285714286,2.0,0.0,2.0,3,3,2,7,3,3,2.0,0.2857142857142857,0.42857142857142855,0.2857142857142857,0.375,0.23076923076923078,0.375,9.494295924371343,28.48288777311403,0.14016756919660667,0.3089852567411271,0.0,3.0,1.0,0.5,0.5,1.0,0.0,1,0,0,1,1,1.0
H2_15,A,False,4-3-3,13,1,0,1,1,0,4,3,3,0,59,5,0,26.146309606769535,31.383992513368977,2.0,1.0,2.0,5,6,3,11,5,3,2.0,0.3333333333333333,0.42424242424242425,0.24242424242424243,0.38461538461538464,0.3,0.38461538461538464,13.634409283685905,81.80645570211543,0.3516244630474245,0.4727446422211287,13.073154803384767,6.0,2.5,2.5,1.0,1.0,0.5,1,0,0,1,1,1.0
H2_15,M,False,4-3-3,3,0,0,0,0,0,4,3,3,0,5,1,0,13.258956521739128,25.102737486338796,2.0,1.0,2.0,1,2,0,0,2,2,2.0,0.42857142857142855,0.0,0.5714285714285714,0.3333333333333333,0.5,0.6666666666666666,13.115518735123853,45.904315572933484,0.4178440907928175,0.5601910859531934,13.258956521739128,3.5,1.5,1.5,1.0,1.0,0.5,0,0,0,0,0,0.0
H2_30,M,False,4-3-3,5,0,0,0,0,0,4,3,3,0,20,2,0,0.0,48.95364612356787,2.0,1.0,2.0,1,6,2,7,2,5,2.0,0.30434782608695654,0.391304347826087,0.30434782608695654,0.2,0.3333333333333333,0.4,14.625710697000837,117.0056855760067,0.20919345022668862,0.1176138217106821,0.0,8.0,1.0,2.0,1.0,1.0,0.5,0,0,0,0,0,0.0
H1_15,A,False,4-3-3,1,0,0,0,0,0,4,3,3,0,14,0,0,0.0,38.96424544205222,2.0,0.0,1.0,0,2,1,7,0,0,2.0,0.2,0.8,0.0,0.0,0.2222222222222222,0.0,14.944377642776647,74.72188821388323,0.2607284583770242,0.18667247172998733,0.0,5.0,0.5,1.0,1.0,0.5,0.0,0,0,0,0,0,0.0
H1_30,A,False,4-3-3,4,1,0,1,1,0,4,3,3,0,29,1,0,0.0,13.203817543859648,2.0,0.0,2.0,0,3,3,12,1,5,2.0,0.125,0.625,0.25,0.0,0.15,0.25,13.034849613697242,91.24394729588069,0.07235448451743905,0.2481855485228118,0.0,7.0,1.5,0.5,0.5,1.0,0.0,1,0,0,1,1,1.0
H1_45,A,False,4-3-3,7,1,0,1,1,0,4,3,3,0,44,1,0,13.551217777777776,11.124508333333331,2.0,0.0,2.0,1,4,5,13,1,6,2.0,0.16666666666666666,0.6,0.23333333333333334,0.14285714285714285,0.17391304347826086,0.14285714285714285,17.320008596261776,51.96002578878533,0.2374491326410863,0.5945853472766329,13.551217777777776,3.0,1.5,1.0,1.0,1.0,0.0,1,0,0,1,1,1.0
H2_15,A,False,4-3-3,9,1,0,1,1,0,4,3,3,0,59,1,0,19.371969696969696,75.2513605006105,2.0,2.0,2.0,2,11,6,20,1,8,2.0,0.2708333333333333,0.5416666666666666,0.1875,0.2222222222222222,0.28205128205128205,0.1111111111111111,14.576198485504868,131.18578636954382,0.3606462743266675,0.1074870436707501,19.371969696969696,9.0,1.0,4.0,1.0,1.0,1.0,1,0,0,1,1,1.0
H2_30,A,False,4-3-3,11,1,0,1,1,0,4,3,3,0,74,3,0,0.0,22.481683420241097,2.0,1.0,2.0,2,14,8,24,1,13,2.0,0.25806451612903225,0.5161290322580645,0.22580645161290322,0.18181818181818182,0.27450980392156865,0.09090909090909091,13.782506533841115,96.4775457368878,0.11651251723148527,0.19856880460123774,0.0,7.0,1.0,1.5,0.5,1.0,0.5,1,0,0,1,1,1.0
H1_15,M,False,4-3-3,2,0,0,0,0,0,4,3,3,0,14,4,3,0.0,24.9282,2.0,0.0,2.0,0,1,0,2,2,2,2.0,0.14285714285714285,0.2857142857142857,0.5714285714285714,0.0,0.2,1.0,13.823143465002724,48.38100212750953,0.25762384927766696,0.41849864189264424,0.0,3.5,1.0,0.5,0.5,1.0,0.0,0,0,0,0,0,0.0
H1_30,M,False,4-3-3,2,1,0,0,1,0,4,3,3,0,29,5,4,0.0,10.434521739130435,1.0,0.0,0.0,0,2,0,4,2,4,2.0,0.16666666666666666,0.3333333333333333,0.5,0.0,0.2,1.0,12.471402543349592,31.17850635837398,0.1673351766629435,0.0,0.0,2.5,0.0,0.5,0.5,0.0,0.0,1,0,1,1,0,0.0
H1_45,M,False,4-3-3,3,1,0,0,1,0,4,3,3,0,44,6,5,0.0,0.0,1.0,0.0,1.0,0,2,1,4,2,6,2.0,0.13333333333333333,0.3333333333333333,0.5333333333333333,0.0,0.16666666666666666,0.6666666666666666,13.595246532385232,40.7857395971557,0.0,0.44889363775740476,0.0,3.0,1.0,0.0,0.0,1.0,0.0,1,0,1,1,0,0.0
H1_15,A,False,4-3-3,2,0,0,0,0,0,4,3,3,0,14,1,0,7.642928571428571,43.233377385902386,2.0,1.0,1.0,1,3,1,7,0,3,2.0,0.26666666666666666,0.5333333333333333,0.2,0.5,0.23076923076923078,0.0,9.88211090621171,74.11583179658781,0.34322158116609863,0.1287152697941317,7.642928571428571,7.5,1.0,2.0,1.0,0.5,0.5,0,0,0,0,0,0.0
H1_30,A,False,4-3-3,6,1,0,1,1,0,4,3,3,0,29,2,0,23.755443037974683,15.1785975,2.0,1.0,2.0,2,5,2,9,2,6,2.0,0.2692307692307692,0.4230769230769231,0.3076923076923077,0.3333333333333333,0.25,0.3333333333333333,13.882279839907481,76.35253911949114,0.2549623168198978,0.4505607825185429,23.755443037974683,5.5,2.0,1.5,1.0,1.0,0.5,1,1,0,1,1,1.0
H1_45,A,False,4-3-3,7,1,0,1,1,0,4,3,3,0,44,3,0,0.0,7.956,1.0,0.0,1.0,2,6,3,11,2,7,2.0,0.25806451612903225,0.45161290322580644,0.2903225806451613,0.2857142857142857,0.25,0.2857142857142857,10.737773871635612,26.84443467908903,0.14818713999958946,0.11648823701998459,0.0,2.5,0.5,0.5,0.5,0.5,0.0,1,1,0,1,1,1.0
H1_15,D,False,4-3-3,1,0,0,0,0,1,4,3,3,0,14,4,1,0.0,0.0,2.0,0.0,1.0,0,0,0,3,1,2,2.0,0.0,0.5,0.5,0.0,0.0,1.0,14.196144657146819,42.58843397144046,0.0,0.20577203608394193,0.0,3.0,0.5,0.0,0.0,0.5,0.0,0,0,0,0,0,0.0
H1_30,D,False,4-3-3,2,0,0,0,0,1,4,3,3,0,29,4,1,0.0,0.0,1.0,0.0,1.0,0,0,0,4,2,6,2.0,0.0,0.3333333333333333,0.6666666666666666,0.0,0.0,1.0,8.207229497390108,49.24337698434064,0.0,0.16262525352827187,0.0,6.0,1.0,0.0,0.0,1.0,0.0,0,0,0,0,0,0.0
H1_45,D,False,4-3-3,3,0,0,0,0,1,4,3,3,0,44,7,1,0.0,0.0,1.0,0.0,1.0,0,0,0,4,3,8,2.0,0.0,0.26666666666666666,0.7333333333333333,0.0,0.0,1.0,10.275597500166077,30.82679250049823,0.0,0.40162526167622087,0.0,3.0,1.0,0.0,0.0,1.0,0.0,0,0,0,0,0,0.0
H2_15,D,False,4-3-3,3,0,0,0,0,1,4,3,3,0,59,9,2,0.0,0.0,2.0,0.0,0.0,0,0,0,11,3,12,2.0,0.0,0.4230769230769231,0.5769230769230769,0.0,0.0,1.0,14.149563739816175,77.82260056898896,0.0,0.0,0.0,5.5,0.0,0.0,0.0,0.0,0.0,0,0,0,0,0,0.0
H2_30,D,False,4-3-3,4,0,0,0,0,1,4,3,3,0,74,12,3,0.0,0.0,1.0,0.0,1.0,0,0,1,17,3,14,2.0,0.0,0.5142857142857142,0.4857142857142857,0.0,0.0,0.75,11.081788956836057,99.7361006115245,0.0,0.1836187910890323,0.0,9.0,1.0,0.0,0.0,1.0,0.0,0,0,0,0,0,0.0
H1_15,D,False,4-3-3,1,0,0,0,0,0,4,3,3,0,14,4,2,0.0,0.0,1.0,0.0,1.0,0,0,0,2,1,2,1.0,0.0,0.4,0.6,0.0,0.0,1.0,19.872999648001247,99.36499824000623,0.0,0.37316027910179883,0.0,5.0,1.0,0.0,0.0,1.0,0.0,0,0,0,0,0,0.0
H1_30,D,False,4-3-3,1,0,0,0,0,0,4,3,3,0,29,8,2,0.0,0.0,2.0,0.0,0.0,0,0,0,5,1,4,2.0,0.0,0.5,0.5,0.0,0.0,1.0,14.86043484714294,37.15108711785735,0.0,0.0,0.0,2.5,0.0,0.0,0.0,0.0,0.0,0,0,0,0,0,0.0
H1_45,D,False,4-3-3,3,0,0,0,0,0,4,3,3,0,44,9,3,0.0,0.0,1.0,0.0,1.0,0,0,0,7,3,6,2.0,0.0,0.4375,0.5625,0.0,0.0,1.0,17.119118098097136,51.35735429429141,0.0,0.3207410767377688,0.0,3.0,1.0,0.0,0.0,0.5,0.0,0,0,0,0,0,0.0
H2_15,D,False,4-3-3,5,0,0,0,0,0,4,3,3,0,59,10,3,0.0,0.0,1.0,0.0,1.0,0,0,1,10,4,13,2.0,0.0,0.39285714285714285,0.6071428571428571,0.0,0.0,0.8,10.569760475299146,126.83712570358975,0.0,0.33735858922581086,0.0,12.0,2.0,0.0,0.0,1.0,0.0,0,0,0,0,0,0.0
H2_30,D,False,4-3-3,9,0,0,0,0,0,4,3,3,0,74,12,3,0.0,25.12249230769231,2.0,0.0,2.0,0,1,3,18,6,17,2.0,0.022222222222222223,0.4666666666666667,0.5111111111111111,0.0,0.027777777777777776,0.6666666666666666,14.164882699236472,120.40150294351001,0.1043279846742415,0.45822358348037545,0.0,8.5,2.0,0.5,0.5,1.0,0.0,0,0,0,0,0,0.0
H2_30,M,False,4-3-3,1,0,0,0,0,0,4,3,3,0,9,2,0,0.0,0.0,2.0,0.0,1.0,0,0,1,6,0,1,2.0,0.0,0.875,0.125,0.0,0.0,0.0,18.134341522174104,72.53736608869642,0.0,0.10122977401043029,0.0,4.0,0.5,0.0,0.0,0.5,0.0,0,0,0,0,0,0.0
H1_15,D,False,4-3-3,2,0,0,0,0,0,4,3,3,0,14,2,3,0.0,10.201945454545454,2.0,0.0,2.0,0,1,1,2,1,3,2.0,0.125,0.375,0.5,0.0,0.16666666666666666,0.5,15.608971040345445,62.43588416138178,0.08169937521967234,0.46537886338210344,0.0,4.0,1.0,0.5,0.5,1.0,0.0,0,0,0,0,0,0.0
H1_30,D,False,4-3-3,2,0,0,0,0,0,4,3,3,0,29,5,5,0.0,15.307995362318843,2.0,1.0,0.0,0,3,1,5,1,8,2.0,0.16666666666666666,0.3333333333333333,0.5,0.0,0.1875,0.5,8.615577328654272,43.077886643271356,0.177678114633206,0.0,0.0,5.0,0.0,1.0,0.5,0.0,0.5,0,0,0,0,0,0.0
H1_45,D,False,4-3-3,3,0,0,0,0,0,4,3,3,0,44,6,6,0.0,0.0,1.0,0.0,1.0,0,3,1,6,2,13,2.0,0.12,0.28,0.6,0.0,0.13636363636363635,0.6666666666666666,14.620598166595473,51.172093583084155,0.0,0.06390625119445366,0.0,3.5,0.5,0.0,0.0,0.5,0.0,0,0,0,0,0,0.0
H2_15,D,False,4-3-3,4,0,0,0,0,0,4,3,3,0,59,8,6,0.0,0.0,2.0,0.0,1.0,0,3,2,10,2,17,2.0,0.08823529411764706,0.35294117647058826,0.5588235294117647,0.0,0.1,0.5,13.378586569125748,60.20363956106586,0.0,0.09417088470622069,0.0,4.5,0.5,0.0,0.0,0.5,0.0,0,0,0,0,0,0.0
H2_30,D,False,4-3-3,4,0,0,0,0,0,4,3,3,0,74,9,6,0.0,26.957771428571426,2.0,1.0,0.0,0,5,2,15,2,24,2.0,0.10416666666666667,0.3541666666666667,0.5416666666666666,0.0,0.11363636363636363,0.5,10.964030828688708,76.74821580082096,0.17562474350239596,0.0,0.0,7.0,0.0,1.0,0.5,0.0,0.5,0,0,0,0,0,0.0
H2_15,A,False,4-3-3,0,1,1,1,1,1,4,3,3,0,5,2,0,0.0,10.467782608695652,0.0,0.0,0.0,0,1,0,1,0,0,2.0,0.5,0.5,0.0,0.0,0.5,0.0,10.527414708603146,10.527414708603146,0.49716777093151077,0.0,0.0,1.0,0.0,0.5,0.5,0.0,0.0,1,0,0,0,1,1.0
H2_30,A,False,4-3-3,2,1,1,1,1,1,4,3,3,0,20,5,1,0.0,9.711219512195122,2.0,0.0,1.0,0,2,1,4,1,1,2.0,0.2222222222222222,0.5555555555555556,0.2222222222222222,0.0,0.2857142857142857,0.5,15.471083928846495,54.14879375096273,0.08967161444868255,0.3771191926921238,0.0,3.5,1.0,0.5,0.5,0.5,0.0,1,0,0,0,1,1.0
H1_15,M,False,4-3-3,3,0,0,0,0,0,4,3,3,0,14,2,1,10.209989189189187,16.8984,2.0,1.0,2.0,1,2,2,5,0,6,2.0,0.1875,0.4375,0.375,0.3333333333333333,0.15384615384615385,0.0,13.043108140644089,104.34486512515271,0.12989805083688113,0.20814759460725926,10.209989189189187,8.0,1.5,1.5,1.0,1.0,0.5,0,0,0,0,0,0.0
H1_30,M,False,4-3-3,4,0,0,0,0,0,4,3,3,0,29,4,3,0.0,78.88903961846393,2.0,1.0,1.0,1,7,2,6,1,10,2.0,0.2962962962962963,0.2962962962962963,0.4074074074074074,0.25,0.30434782608695654,0.25,14.674913560983862,80.71202458541124,0.48870685640515565,0.08943010838173986,0.0,5.5,0.5,2.5,1.0,0.5,0.5,0,0,0,0,0,0.0
H1_45,M,False,4-3-3,5,0,0,0,0,0,4,3,3,0,44,5,4,0.0,23.60259745845552,2.0,0.0,1.0,1,9,3,11,1,14,2.0,0.2564102564102564,0.358974358974359,0.38461538461538464,0.2,0.2647058823529412,0.2,11.894112381489895,71.36467428893937,0.16536611211097216,0.16613261558509673,0.0,6.0,0.5,1.0,1.0,0.5,0.0,0,0,0,0,0,0.0
H2_15,M,False,4-3-3,6,0,0,0,0,0,4,3,3,0,59,8,4,0.0,51.26753608946609,2.0,2.0,1.0,1,14,4,17,1,20,2.0,0.2631578947368421,0.3684210526315789,0.3684210526315789,0.16666666666666666,0.27450980392156865,0.16666666666666666,14.718003410170642,132.46203069153577,0.19351785497254215,0.10165999525647604,0.0,9.0,0.5,2.5,1.0,0.5,1.0,0,0,0,0,0,0.0
H2_30,A,False,4-3-3,4,0,0,0,0,0,4,3,3,0,9,2,0,0.0,28.01663515151515,2.0,1.0,1.0,0,2,2,2,2,2,2.0,0.2,0.4,0.4,0.0,0.3333333333333333,0.5,11.64744026536366,58.237201326818294,0.24053898979700333,0.3994719544988881,0.0,5.0,2.0,1.0,0.5,0.5,0.5,0,0,0,0,0,0.0
H1_15,G,False,4-3-3,0,0,0,0,0,0,4,3,3,0,14,0,0,0.0,0.0,0.0,0.0,0.0,0,0,0,0,0,0,0.0,0.0,0.0,0.0,0.0,0.0,0.0,0.0,0.0,0.0,0.0,0.0,0.0,0.0,0.0,0.0,0.0,0.0,0,0,0,0,0,0.0
H1_30,G,False,4-3-3,0,0,0,0,0,0,4,3,3,0,29,1,1,0.0,0.0,0.0,0.0,0.0,0,0,0,0,0,0,0.0,0.0,0.0,0.0,0.0,0.0,0.0,0.0,0.0,0.0,0.0,0.0,0.0,0.0,0.0,0.0,0.0,0.0,0,0,0,0,0,0.0
H1_45,G,False,4-3-3,0,0,0,0,0,0,4,3,3,0,44,1,1,0.0,0.0,0.0,0.0,0.0,0,0,0,0,0,0,0.0,0.0,0.0,0.0,0.0,0.0,0.0,0.0,0.0,0.0,0.0,0.0,0.0,0.0,0.0,0.0,0.0,0.0,0,0,0,0,0,0.0
H2_15,G,False,4-3-3,0,0,0,0,0,0,4,3,3,0,59,2,2,0.0,0.0,0.0,0.0,0.0,0,0,0,0,0,0,0.0,0.0,0.0,0.0,0.0,0.0,0.0,0.0,0.0,0.0,0.0,0.0,0.0,0.0,0.0,0.0,0.0,0.0,0,0,0,0,0,0.0
H2_30,G,False,4-3-3,0,0,0,0,0,0,4,3,3,0,74,3,2,0.0,0.0,0.0,0.0,0.0,0,0,0,0,0,0,0.0,0.0,0.0,0.0,0.0,0.0,0.0,0.0,0.0,0.0,0.0,0.0,0.0,0.0,0.0,0.0,0.0,0.0,0,0,0,0,0,0.0
H1_15,G,True,4-1-4-1,0,0,0,0,0,0,4,1,4,1,14,0,1,0.0,0.0,0.0,0.0,0.0,0,0,0,0,0,1,1.0,0.0,0.0,1.0,0.0,0.0,0.0,8.736129729729727,8.736129729729727,0.0,0.0,0.0,1.0,0.0,0.0,0.0,0.0,0.0,0,0,0,0,0,0.0
H1_30,G,True,4-1-4-1,0,0,0,0,0,0,4,1,4,1,29,0,1,0.0,0.0,0.0,0.0,0.0,0,0,0,0,0,1,1.0,0.0,0.0,1.0,0.0,0.0,0.0,0.0,0.0,0.0,0.0,0.0,0.0,0.0,0.0,0.0,0.0,0.0,0,0,0,0,0,0.0
H1_45,G,True,4-1-4-1,0,0,0,0,0,0,4,1,4,1,44,0,1,0.0,0.0,0.0,0.0,0.0,0,0,0,0,0,1,1.0,0.0,0.0,1.0,0.0,0.0,0.0,0.0,0.0,0.0,0.0,0.0,0.0,0.0,0.0,0.0,0.0,0.0,0,0,0,0,0,0.0
H2_15,G,True,4-1-4-1,0,0,0,0,0,0,4,1,4,1,59,2,1,0.0,0.0,0.0,0.0,0.0,0,0,0,0,0,1,1.0,0.0,0.0,1.0,0.0,0.0,0.0,0.0,0.0,0.0,0.0,0.0,0.0,0.0,0.0,0.0,0.0,0.0,0,0,0,0,0,0.0
H2_30,G,True,4-1-4-1,0,0,0,0,0,0,4,1,4,1,74,3,1,0.0,0.0,0.0,0.0,0.0,0,0,0,0,0,1,1.0,0.0,0.0,1.0,0.0,0.0,0.0,0.0,0.0,0.0,0.0,0.0,0.0,0.0,0.0,0.0,0.0,0.0,0,0,0,0,0,0.0
H1_15,D,True,4-1-4-1,4,0,0,0,0,0,4,1,4,1,14,6,1,19.287152372093022,71.32083415477628,2.0,1.0,2.0,2,7,1,5,1,3,2.0,0.47368421052631576,0.3157894736842105,0.21052631578947367,0.5,0.4666666666666667,0.25,9.664936540728116,91.8168971369171,0.4934167313003124,0.22998312348345307,9.643576186046511,9.5,2.0,4.5,1.0,1.0,0.5,0,0,0,0,0,0.0
H1_30,D,True,4-1-4-1,5,1,0,0,1,0,4,1,4,1,29,15,1,0.0,40.2849807997558,1.0,1.0,1.0,2,10,2,8,1,3,2.0,0.46153846153846156,0.38461538461538464,0.15384615384615385,0.4,0.47619047619047616,0.2,12.044308129093128,42.15507845182595,0.47781883321356805,0.11758515487608408,0.0,3.5,0.5,1.5,0.5,0.5,0.5,1,1,0,0,0,0.0
H1_45,D,True,4-1-4-1,6,3,0,2,3,0,4,1,4,1,44,21,1,0.0,15.452947692307692,1.0,0.0,1.0,2,11,3,10,1,4,2.0,0.41935483870967744,0.41935483870967744,0.16129032258064516,0.3333333333333333,0.44,0.16666666666666666,11.405978243628713,28.51494560907178,0.27096225088697823,0.13554470883403572,0.0,2.5,0.5,0.5,0.5,0.5,0.0,3,1,2,0,2,0.6666666666666666
H1_15,D,True,4-1-4-1,2,0,0,0,0,0,4,1,4,1,14,15,1,0.0,0.0,1.0,0.0,1.0,0,0,1,5,1,4,2.0,0.0,0.5454545454545454,0.45454545454545453,0.0,0.0,0.5,10.652143744457396,58.586790594515676,0.0,0.17727494994993978,0.0,5.5,1.0,0.0,0.0,0.5,0.0,0,0,0,0,0,0.0
H1_30,D,True,4-1-4-1,3,0,0,0,0,0,4,1,4,1,29,35,4,0.0,0.0,0.0,0.0,0.0,0,0,2,5,1,4,2.0,0.0,0.5833333333333334,0.4166666666666667,0.0,0.0,0.3333333333333333,30.39794042553191,30.39794042553191,0.0,1.0,0.0,1.0,1.0,0.0,0.0,1.0,0.0,0,0,0,0,0,0.0
H1_45,D,True,4-1-4-1,3,0,0,0,0,0,4,1,4,1,44,53,5,0.0,0.0,0.0,0.0,0.0,0,0,2,6,1,5,2.0,0.0,0.5714285714285714,0.42857142857142855,0.0,0.0,0.3333333333333333,10.802120000000002,10.802120000000002,0.0,0.0,0.0,1.0,0.0,0.0,0.0,0.0,0.0,0,0,0,0,0,0.0
H2_15,D,True,4-1-4-1,5,2,1,2,2,0,4,1,4,1,59,69,5,0.0,14.766545114345112,2.0,0.0,1.0,0,2,4,9,1,6,2.0,0.09090909090909091,0.5909090909090909,0.3181818181818182,0.0,0.11764705882352941,0.2,9.133968026263842,36.53587210505537,0.2020828334394939,0.3194183315884115,0.0,4.0,1.0,1.0,1.0,0.5,0.0,2,1,2,0,2,1.0
H2_30,D,True,4-1-4-1,8,2,1,2,2,0,4,1,4,1,74,71,6,0.0,8.702270270270269,2.0,0.0,1.0,0,3,6,12,2,9,2.0,0.09375,0.5625,0.34375,0.0,0.125,0.25,12.23058062917614,61.1529031458807,0.07115173460784796,0.16608419487462983,0.0,5.0,1.5,0.5,0.5,0.5,0.0,2,1,2,0,2,1.0
H1_15,D,True,4-1-4-1,3,0,0,0,0,0,4,1,4,1,14,10,0,0.0,0.0,2.0,0.0,1.0,0,0,2,5,1,5,2.0,0.0,0.5384615384615384,0.46153846153846156,0.0,0.0,0.3333333333333333,9.271134399139042,60.26237359440377,0.0,0.3318020518700663,0.0,6.5,1.5,0.0,0.0,0.5,0.0,0,0,0,0,0,0.0
H1_30,D,True,4-1-4-1,5,1,0,1,1,0,4,1,4,1,29,22,0,0.0,0.0,1.0,0.0,1.0,0,0,4,7,1,6,2.0,0.0,0.6111111111111112,0.3888888888888889,0.0,0.0,0.2,10.761404955544455,26.903512388861138,0.0,0.6603377855900315,0.0,2.5,1.0,0.0,0.0,0.5,0.0,1,0,0,0,1,1.0
H1_45,D,True,4-1-4-1,5,1,0,1,1,0,4,1,4,1,44,37,1,0.0,0.0,0.0,0.0,0.0,0,0,4,8,1,7,2.0,0.0,0.6,0.4,0.0,0.0,0.2,7.628111272727272,7.628111272727272,0.0,0.0,0.0,1.0,0.0,0.0,0.0,0.0,0.0,1,0,0,0,1,1.0
H2_15,D,True,4-1-4-1,6,1,0,1,1,0,4,1,4,1,59,54,2,0.0,0.0,2.0,0.0,1.0,0,0,5,13,1,9,2.0,0.0,0.6428571428571429,0.35714285714285715,0.0,0.0,0.16666666666666666,15.625804373049542,62.50321749219817,0.0,0.13376568518779586,0.0,4.0,0.5,0.0,0.0,0.5,0.0,1,0,0,0,1,1.0
H2_30,D,True,4-1-4-1,7,1,0,1,1,0,4,1,4,1,74,59,2,0.0,6.762413333333334,2.0,0.0,1.0,0,1,5,14,2,10,2.0,0.03125,0.59375,0.375,0.0,0.04,0.2857142857142857,7.590323390151516,15.180646780303032,0.22273139712688658,0.3162559386599378,0.0,2.0,0.5,0.5,0.5,0.5,0.0,1,0,0,0,1,1.0
H1_15,M,True,4-1-4-1,0,0,0,0,0,0,4,1,4,1,14,3,1,0.0,25.15739007936508,2.0,1.0,0.0,0,2,0,4,0,2,2.0,0.25,0.5,0.25,0.0,0.25,0.0,12.564177922257048,50.256711689028194,0.2502888592774497,0.0,0.0,4.0,0.0,1.0,0.5,0.0,0.5,0,0,0,0,0,0.0
H1_30,M,True,4-1-4-1,0,0,0,0,0,0,4,1,4,1,29,7,2,0.0,13.032654545454545,1.0,0.0,0.0,0,3,0,5,0,2,2.0,0.3,0.5,0.2,0.0,0.3,0.0,10.310939037433155,20.62187807486631,0.631981941612708,0.0,0.0,2.0,0.0,1.0,1.0,0.0,0.0,0,0,0,0,0,0.0
H1_45,M,True,4-1-4-1,0,0,0,0,0,0,4,1,4,1,44,10,3,0.0,0.0,1.0,0.0,0.0,0,3,0,7,0,2,2.0,0.25,0.5833333333333334,0.16666666666666666,0.0,0.25,0.0,12.506667102396513,25.013334204793026,0.0,0.0,0.0,2.0,0.0,0.0,0.0,0.0,0.0,0,0,0,0,0,0.0
H2_15,M,True,4-1-4-1,0,1,0,0,1,0,4,1,4,1,59,19,4,0.0,7.57449696969697,2.0,0.0,0.0,0,4,0,11,0,2,2.0,0.23529411764705882,0.6470588235294118,0.11764705882352941,0.0,0.23529411764705882,0.0,13.223203434545871,33.05800858636468,0.1145637213734223,0.0,0.0,2.5,0.0,0.5,0.5,0.0,0.0,1,0,1,0,0,0.0
H2_30,M,True,4-1-4-1,0,2,1,1,2,0,4,1,4,1,74,23,4,0.0,0.0,0.0,0.0,0.0,0,4,0,12,0,2,2.0,0.2222222222222222,0.6666666666666666,0.1111111111111111,0.0,0.2222222222222222,0.0,7.326642424242425,7.326642424242425,0.0,0.0,0.0,1.0,0.0,0.0,0.0,0.0,0.0,2,1,1,0,1,0.5
H1_15,M,True,4-1-4-1,4,1,0,1,1,0,4,1,4,1,14,6,0,47.305896286515924,12.662458770614695,2.0,1.0,2.0,2,2,0,2,2,3,2.0,0.36363636363636365,0.18181818181818182,0.45454545454545453,0.5,0.2857142857142857,0.5,11.989183187291143,65.94050753010129,0.4547156012543244,0.5823932723110375,23.652948143257962,5.5,2.0,2.0,1.0,1.0,0.5,1,0,0,0,1,1.0
H1_30,M,True,4-1-4-1,7,2,0,2,2,0,4,1,4,1,29,18,0,45.111872863978135,19.88134899068323,1.0,1.0,1.0,5,5,0,3,2,3,2.0,0.5555555555555556,0.16666666666666666,0.2777777777777778,0.7142857142857143,0.45454545454545453,0.2857142857142857,11.484770594621953,40.196697081176836,0.8084398293149333,0.5611390504657031,15.037290954659378,3.5,1.5,3.0,0.5,0.5,0.5,2,0,0,1,2,1.0
H1_45,M,True,4-1-4-1,9,2,0,2,2,0,4,1,4,1,44,26,0,0.0,17.98562710963455,2.0,0.0,2.0,5,7,2,5,2,3,2.0,0.5,0.2916666666666667,0.20833333333333334,0.5555555555555556,0.4666666666666667,0.2222222222222222,12.512718603372733,37.5381558101182,0.2395646072840188,0.38648337219506523,0.0,3.0,1.0,1.0,1.0,1.0,0.0,2,0,0,1,2,1.0
H2_15,M,True,4-1-4-1,11,2,0,2,2,0,4,1,4,1,59,35,0,13.427608695652175,26.720795279693487,1.0,1.0,1.0,6,11,3,5,2,3,2.0,0.5666666666666667,0.26666666666666666,0.16666666666666666,0.5454545454545454,0.5789473684210527,0.18181818181818182,8.698187964144912,26.094563892434735,0.7692867399670431,0.4880007309215789,13.427608695652175,3.0,1.0,2.5,1.0,0.5,0.5,2,0,0,1,2,1.0
H1_15,M,True,4-1-4-1,0,0,0,0,0,0,4,1,4,1,14,7,0,0.0,0.0,1.0,0.0,0.0,0,0,0,2,0,2,1.0,0.0,0.5,0.5,0.0,0.0,0.0,10.488748939393938,41.95499575757575,0.0,0.0,0.0,4.0,0.0,0.0,0.0,0.0,0.0,0,0,0,0,0,0.0
H1_30,M,True,4-1-4-1,0,0,0,0,0,0,4,1,4,1,29,24,0,0.0,0.0,1.0,0.0,0.0,0,0,0,3,0,3,1.0,0.0,0.5,0.5,0.0,0.0,0.0,12.45422857142857,24.90845714285714,0.0,0.0,0.0,2.0,0.0,0.0,0.0,0.0,0.0,0,0,0,0,0,0.0
H1_45,M,True,4-1-4-1,1,0,0,0,0,0,4,1,4,1,44,33,0,0.0,12.696241509433962,1.0,0.0,1.0,0,1,1,6,0,3,1.0,0.09090909090909091,0.6363636363636364,0.2727272727272727,0.0,0.1,0.0,12.819904229975815,64.09952114987908,0.19807076997887857,0.39218643933676856,0.0,5.0,1.0,1.0,1.0,1.0,0.0,0,0,0,0,0,0.0
H2_15,M,True,4-1-4-1,1,1,0,1,1,0,4,1,4,1,59,52,1,0.0,0.0,0.0,0.0,0.0,0,1,1,7,0,3,1.0,0.08333333333333333,0.6666666666666666,0.25,0.0,0.09090909090909091,0.0,28.25240366972477,28.25240366972477,0.0,0.0,0.0,1.0,0.0,0.0,0.0,0.0,0.0,1,0,0,0,1,1.0
H1_15,A,True,4-1-4-1,2,1,0,1,1,0,4,1,4,1,14,1,2,22.70016941176471,57.6227345828342,2.0,2.0,2.0,2,5,0,3,0,0,2.0,0.7,0.3,0.0,1.0,0.625,0.0,10.841453838915672,54.207269194578366,0.7408868329658687,0.2093830748998061,11.350084705882354,5.0,1.0,3.5,1.0,1.0,1.0,1,0,0,0,1,1.0
H1_30,A,True,4-1-4-1,2,2,0,1,2,0,4,1,4,1,29,4,2,0.0,50.2702607069813,2.0,1.0,0.0,2,8,0,5,0,0,2.0,0.6666666666666666,0.3333333333333333,0.0,1.0,0.6153846153846154,0.0,14.494862808062924,36.23715702015731,0.6936286513732013,0.0,0.0,2.5,0.0,1.5,1.0,0.0,0.5,2,0,1,0,1,0.5
H1_45,A,True,4-1-4-1,2,2,0,1,2,0,4,1,4,1,44,4,2,0.0,9.763650000000002,1.0,0.0,0.0,2,9,0,9,0,0,2.0,0.55,0.45,0.0,1.0,0.5,0.0,12.231435418286178,30.578588545715448,0.15964847405241087,0.0,0.0,2.5,0.0,0.5,0.5,0.0,0.0,2,0,1,0,1,0.5
H2_15,A,True,4-1-4-1,4,2,0,1,2,0,4,1,4,1,59,9,2,16.72429090909091,23.9746089693155,2.0,1.0,0.0,3,12,1,9,0,0,2.0,0.6,0.4,0.0,0.75,0.5714285714285714,0.0,12.37946115215187,30.948652880379676,0.6575229628848892,0.6126712031379801,16.72429090909091,2.5,1.0,2.0,1.0,0.5,0.5,2,0,1,0,1,0.5
H1_15,M,True,4-1-4-1,1,0,0,0,0,0,4,1,4,1,14,3,0,0.0,19.69136768086545,2.0,0.0,1.0,0,2,1,3,0,1,2.0,0.2857142857142857,0.5714285714285714,0.14285714285714285,0.0,0.3333333333333333,0.0,11.844768869166186,41.45669104208165,0.23749323915984075,0.12183427059238104,0.0,3.5,0.5,1.0,1.0,0.5,0.0,0,0,0,0,0,0.0
H1_30,M,True,4-1-4-1,1,0,0,0,0,0,4,1,4,1,29,12,0,0.0,32.946155109258555,1.0,1.0,0.0,0,5,1,4,0,1,2.0,0.45454545454545453,0.45454545454545453,0.09090909090909091,0.0,0.5,0.0,12.78903747861334,25.57807495722668,0.6440311705308797,0.0,0.0,2.0,0.0,1.5,0.5,0.0,0.5,0,0,0,0,0,0.0
H1_45,M,True,4-1-4-1,1,0,0,0,0,0,4,1,4,1,44,15,2,0.0,10.617018666666667,1.0,0.0,0.0,0,7,1,6,0,1,2.0,0.4666666666666667,0.4666666666666667,0.06666666666666667,0.0,0.5,0.0,7.820054797814208,15.640109595628417,0.3394163769042335,0.0,0.0,2.0,0.0,1.0,1.0,0.0,0.0,0,0,0,0,0,0.0
H2_15,M,True,4-1-4-1,4,0,0,0,0,0,4,1,4,1,14,9,0,42.18484009367681,13.000252631578949,2.0,1.0,2.0,3,1,1,4,0,1,2.0,0.4,0.5,0.1,0.75,0.16666666666666666,0.0,12.92376014972488,64.6188007486244,0.42700492802344797,0.5397293264657596,14.061613364558937,5.0,2.0,2.0,0.5,1.0,0.5,0,0,0,0,0,0.0
H2_30,M,True,4-1-4-1,6,1,1,1,1,0,4,1,4,1,29,15,0,0.0,19.813915834422655,2.0,1.0,1.0,3,4,3,6,0,1,2.0,0.4117647058823529,0.5294117647058824,0.058823529411764705,0.5,0.36363636363636365,0.0,7.0301978969078665,24.605692639177533,0.4026286950133372,0.32043964782836193,0.0,3.5,1.0,1.5,1.0,0.5,0.5,1,0,0,0,1,1.0
H2_30,M,True,4-1-4-1,0,0,0,0,0,1,4,1,4,1,10,8,0,0.0,0.0,0.0,0.0,0.0,0,0,0,1,0,0,1.0,0.0,1.0,0.0,0.0,0.0,0.0,45.93208042328041,45.93208042328041,0.0,0.0,0.0,1.0,0.0,0.0,0.0,0.0,0.0,0,0,0,0,0,0.0
H1_15,M,True,4-1-4-1,3,0,0,0,0,0,4,1,4,1,14,9,1,40.40686135189759,5.52984347826087,2.0,1.0,2.0,2,1,0,4,1,3,2.0,0.2727272727272727,0.36363636363636365,0.36363636363636365,0.6666666666666666,0.125,0.3333333333333333,11.437587379970179,62.90673058983598,0.36511756690770214,0.39721132756029304,20.203430675948795,5.5,1.5,1.5,0.5,1.0,0.5,0,0,0,0,0,0.0
H1_30,M,True,4-1-4-1,4,0,0,0,0,0,4,1,4,1,29,18,1,0.0,16.31487536231884,2.0,0.0,1.0,2,2,1,7,1,3,2.0,0.25,0.5,0.25,0.5,0.16666666666666666,0.25,9.783505623188406,24.458764057971013,0.3335179840577817,0.19819889461749615,0.0,2.5,0.5,0.5,0.5,0.5,0.0,0,0,0,0,0,0.0
H1_45,M,True,4-1-4-1,4,0,0,0,0,0,4,1,4,1,44,24,1,0.0,18.69391891891892,1.0,0.0,0.0,2,3,1,9,1,4,2.0,0.25,0.5,0.25,0.5,0.1875,0.25,11.18083279345522,44.72333117382088,0.41799030681018545,0.0,0.0,4.0,0.0,1.0,1.0,0.0,0.0,0,0,0,0,0,0.0
H2_15,M,True,4-1-4-1,7,0,0,0,0,0,4,1,4,1,59,37,1,8.907483870967738,10.905742222222225,2.0,1.0,2.0,3,4,2,10,2,7,2.0,0.25,0.42857142857142855,0.32142857142857145,0.42857142857142855,0.19047619047619047,0.2857142857142857,10.041171707805537,40.16468683122215,0.24664982670533467,0.4156808676682736,8.907483870967738,4.0,1.5,1.0,0.5,1.0,0.5,0,0,0,0,0,0.0
H2_30,M,True,4-1-4-1,8,0,0,0,0,0,4,1,4,1,74,43,2,31.391575510204085,43.37776388323858,1.0,1.0,1.0,4,7,2,10,2,7,2.0,0.34375,0.375,0.28125,0.5,0.2916666666666667,0.25,18.692334848360666,74.76933939344266,1.0,0.41984556457051103,31.391575510204085,4.0,1.0,4.0,1.0,1.0,1.0,0,0,0,0,0,0.0
H2_30,M,True,4-1-4-1,0,1,0,1,1,0,4,1,4,1,10,7,0,0.0,24.589017121212123,1.0,1.0,0.0,0,2,0,1,0,0,1.0,0.6666666666666666,0.3333333333333333,0.0,0.0,0.6666666666666666,0.0,11.988534958771387,35.96560487631416,0.6836814563740506,0.0,0.0,3.0,0.0,2.0,1.0,0.0,1.0,1,0,0,1,1,1.0
H2_15,A,True,4-1-4-1,1,1,0,1,1,1,4,1,4,1,14,3,0,20.952618750000006,38.11436794871795,2.0,2.0,1.0,1,3,0,3,0,0,2.0,0.5714285714285714,0.42857142857142855,0.0,1.0,0.5,0.0,13.508549597862878,47.27992359252007,0.6246518840405091,0.2215805056135372,20.952618750000006,3.5,0.5,2.0,1.0,0.5,1.0,1,0,0,0,1,1.0
H2_30,A,True,4-1-4-1,1,1,0,1,1,1,4,1,4,1,29,4,0,0.0,8.45911111111111,1.0,0.0,0.0,1,4,0,4,0,1,2.0,0.5,0.4,0.1,1.0,0.4444444444444444,0.0,12.214971793262189,36.64491537978657,0.2308399684769685,0.0,0.0,3.0,0.0,1.0,1.0,0.0,0.0,1,0,0,0,1,1.0
H2_30,M,True,4-1-4-1,0,0,0,0,0,0,4,1,4,1,1,0,0,0.0,0.0,0.0,0.0,0.0,0,0,0,0,0,0,0.0,0.0,0.0,0.0,0.0,0.0,0.0,0.0,0.0,0.0,0.0,0.0,0.0,0.0,0.0,0.0,0.0,0.0,0,0,0,0,0,0.0
H1_15,D,True,4-1-4-1,2,0,0,0,0,0,4,1,4,1,14,7,1,0.0,45.55757090633423,2.0,1.0,1.0,0,3,0,7,2,4,2.0,0.1875,0.4375,0.375,0.0,0.21428571428571427,1.0,11.295620570309936,90.36496456247949,0.25207540957333713,0.16989164824917236,0.0,8.0,1.0,1.5,0.5,0.5,0.5,0,0,0,0,0,0.0
H1_30,D,True,4-1-4-1,2,0,0,0,0,0,4,1,4,1,29,14,1,0.0,35.432121417281806,1.0,1.0,0.0,0,6,0,9,2,4,2.0,0.2857142857142857,0.42857142857142855,0.2857142857142857,0.0,0.3157894736842105,1.0,14.087616589144593,35.219041472861484,0.5030250673429673,0.0,0.0,2.5,0.0,1.5,0.5,0.0,0.5,0,0,0,0,0,0.0
H1_45,D,True,4-1-4-1,2,0,0,0,0,0,4,1,4,1,44,19,1,0.0,11.90504,1.0,0.0,0.0,0,7,0,11,2,4,2.0,0.2916666666666667,0.4583333333333333,0.25,0.0,0.3181818181818182,1.0,15.21127791219791,22.816916868296865,0.2608818726192921,0.0,0.0,1.5,0.0,0.5,0.5,0.0,0.0,0,0,0,0,0,0.0
H2_15,D,True,4-1-4-1,2,0,0,0,0,0,4,1,4,1,59,30,1,0.0,85.62367655433495,2.0,1.0,0.0,0,13,0,13,2,4,2.0,0.40625,0.40625,0.1875,0.0,0.43333333333333335,1.0,15.803488976057123,63.21395590422849,0.6772529525288531,0.0,0.0,4.0,0.0,3.0,1.0,0.0,0.5,0,0,0,0,0,0.0
H2_30,D,True,4-1-4-1,4,1,0,1,1,0,4,1,4,1,74,33,1,0.0,24.150049593495936,2.0,1.0,1.0,0,15,1,16,3,6,2.0,0.36585365853658536,0.4146341463414634,0.21951219512195122,0.0,0.40540540540540543,0.75,14.484505146288809,65.18027315829964,0.1852558176217218,0.26190896934094016,0.0,4.5,1.0,1.0,0.5,0.5,0.5,1,0,0,0,1,1.0
H1_15,G,False,4-1-4-1,0,0,0,0,0,0,4,1,4,1,14,1,1,0.0,0.0,0.0,0.0,0.0,0,0,0,0,0,0,0.0,0.0,0.0,0.0,0.0,0.0,0.0,0.0,0.0,0.0,0.0,0.0,0.0,0.0,0.0,0.0,0.0,0.0,0,0,0,0,0,0.0
H1_30,G,False,4-1-4-1,0,0,0,0,0,0,4,1,4,1,29,1,3,0.0,0.0,0.0,0.0,0.0,0,0,0,0,0,0,0.0,0.0,0.0,0.0,0.0,0.0,0.0,0.0,0.0,0.0,0.0,0.0,0.0,0.0,0.0,0.0,0.0,0.0,0,0,0,0,0,0.0
H1_45,G,False,4-1-4-1,0,0,0,0,0,0,4,1,4,1,44,1,3,0.0,0.0,0.0,0.0,0.0,0,0,0,0,0,0,0.0,0.0,0.0,0.0,0.0,0.0,0.0,0.0,0.0,0.0,0.0,0.0,0.0,0.0,0.0,0.0,0.0,0.0,0,0,0,0,0,0.0
H2_15,G,False,4-1-4-1,0,0,0,0,0,0,4,1,4,1,59,1,3,0.0,0.0,0.0,0.0,0.0,0,0,0,0,0,0,0.0,0.0,0.0,0.0,0.0,0.0,0.0,0.0,0.0,0.0,0.0,0.0,0.0,0.0,0.0,0.0,0.0,0.0,0,0,0,0,0,0.0
H2_30,G,False,4-1-4-1,0,0,0,0,0,0,4,1,4,1,74,1,3,0.0,0.0,0.0,0.0,0.0,0,0,0,0,0,0,0.0,0.0,0.0,0.0,0.0,0.0,0.0,0.0,0.0,0.0,0.0,0.0,0.0,0.0,0.0,0.0,0.0,0.0,0,0,0,0,0,0.0
H1_15,D,False,4-1-4-1,1,0,0,0,0,0,4,1,4,1,14,6,0,0.0,6.868028571428571,2.0,0.0,1.0,0,1,1,2,0,2,2.0,0.16666666666666666,0.5,0.3333333333333333,0.0,0.2,0.0,11.466526901488564,34.39958070446569,0.09982721345404329,0.13771234886617525,0.0,3.0,0.5,0.5,0.5,0.5,0.0,0,0,0,0,0,0.0
H1_30,D,False,4-1-4-1,2,0,0,0,0,0,4,1,4,1,29,9,0,0.0,0.0,2.0,0.0,1.0,0,1,1,4,1,4,2.0,0.09090909090909091,0.45454545454545453,0.45454545454545453,0.0,0.1111111111111111,0.5,8.681580607459265,21.703951518648164,0.0,0.22157580770963814,0.0,2.5,0.5,0.0,0.0,0.5,0.0,0,0,0,0,0,0.0
H1_45,D,False,4-1-4-1,2,0,0,0,0,0,4,1,4,1,44,10,2,0.0,7.498860606060606,1.0,0.0,0.0,0,2,1,4,1,5,2.0,0.15384615384615385,0.38461538461538464,0.46153846153846156,0.0,0.18181818181818182,0.5,6.61558414918415,13.2311682983683,0.5667572535514784,0.0,0.0,2.0,0.0,1.0,1.0,0.0,0.0,0,0,0,0,0,0.0
H2_15,D,False,4-1-4-1,4,0,0,0,0,0,4,1,4,1,59,11,4,0.0,0.0,2.0,0.0,1.0,0,2,1,7,3,6,2.0,0.10526315789473684,0.42105263157894735,0.47368421052631576,0.0,0.13333333333333333,0.75,13.93491570226518,41.80474710679554,0.0,0.42441666021180396,0.0,3.0,1.0,0.0,0.0,0.5,0.0,0,0,0,0,0,0.0
H2_30,D,False,4-1-4-1,4,0,0,0,0,0,4,1,4,1,74,11,8,0.0,0.0,1.0,0.0,0.0,0,2,1,9,3,6,2.0,0.09523809523809523,0.47619047619047616,0.42857142857142855,0.0,0.11764705882352941,0.75,11.551931348837208,23.103862697674415,0.0,0.0,0.0,2.0,0.0,0.0,0.0,0.0,0.0,0,0,0,0,0,0.0
H1_15,D,False,4-1-4-1,0,0,0,0,0,0,4,1,4,1,14,6,1,0.0,0.0,1.0,0.0,0.0,0,0,0,0,0,3,1.0,0.0,0.0,1.0,0.0,0.0,0.0,14.496714750484173,43.49014425145252,0.0,0.0,0.0,3.0,0.0,0.0,0.0,0.0,0.0,0,0,0,0,0,0.0
H1_30,D,False,4-1-4-1,1,0,0,0,0,0,4,1,4,1,29,7,1,0.0,0.0,1.0,0.0,1.0,0,0,0,0,1,6,1.0,0.0,0.0,1.0,0.0,0.0,1.0,7.582332087386926,30.329328349547705,0.0,0.322215227318648,0.0,4.0,1.0,0.0,0.0,1.0,0.0,0,0,0,0,0,0.0
H1_45,D,False,4-1-4-1,1,0,0,0,0,0,4,1,4,1,44,9,2,0.0,0.0,0.0,0.0,0.0,0,0,0,2,1,6,2.0,0.0,0.2222222222222222,0.7777777777777778,0.0,0.0,1.0,11.446041515151514,11.446041515151514,0.0,0.0,0.0,1.0,0.0,0.0,0.0,0.0,0.0,0,0,0,0,0,0.0
H2_15,D,False,4-1-4-1,2,0,0,0,0,0,4,1,4,1,59,10,4,0.0,0.0,1.0,0.0,1.0,0,0,1,4,1,8,2.0,0.0,0.35714285714285715,0.6428571428571429,0.0,0.0,0.5,13.505688981891197,33.76422245472799,0.0,0.19636362798761559,0.0,2.5,0.5,0.0,0.0,0.5,0.0,0,0,0,0,0,0.0
H2_30,D,False,4-1-4-1,2,0,0,0,0,0,4,1,4,1,74,10,6,0.0,9.729885714285714,0.0,0.0,0.0,0,1,1,4,1,8,2.0,0.06666666666666667,0.3333333333333333,0.6,0.0,0.07692307692307693,0.5,9.729885714285714,9.729885714285714,1.0,0.0,0.0,1.0,0.0,1.0,1.0,0.0,0.0,0,0,0,0,0,0.0
H2_30,M,False,4-1-4-1,0,0,0,0,0,0,4,1,4,1,6,0,0,0.0,13.719366037735854,0.0,0.0,0.0,0,1,0,0,0,0,1.0,1.0,0.0,0.0,0.0,1.0,0.0,13.719366037735854,13.719366037735854,1.0,0.0,0.0,1.0,0.0,1.0,1.0,0.0,0.0,0,0,0,0,0,0.0
H1_15,M,False,4-1-4-1,0,0,0,0,0,0,4,1,4,1,14,7,1,0.0,63.62984573905103,2.0,2.0,0.0,0,6,0,2,0,0,2.0,0.75,0.25,0.0,0.0,0.75,0.0,10.119068763119424,40.476275052477696,0.7860140990809382,0.0,0.0,4.0,0.0,3.0,1.0,0.0,1.0,0,0,0,0,0,0.0
H1_30,M,False,4-1-4-1,2,0,0,0,0,0,4,1,4,1,29,7,1,0.0,0.0,2.0,0.0,1.0,0,6,0,6,2,2,2.0,0.375,0.375,0.25,0.0,0.42857142857142855,1.0,10.818701901783902,43.27480760713561,0.0,0.30748277116967604,0.0,4.0,1.0,0.0,0.0,0.5,0.0,0,0,0,0,0,0.0
H1_45,M,False,4-1-4-1,3,0,0,0,0,0,4,1,4,1,44,9,1,0.0,0.0,2.0,0.0,1.0,0,6,1,10,2,3,2.0,0.2727272727272727,0.5,0.22727272727272727,0.0,0.3157894736842105,0.6666666666666666,10.934756819773865,32.80427045932159,0.0,0.36454052806259774,0.0,3.0,0.5,0.0,0.0,0.5,0.0,0,0,0,0,0,0.0
H2_15,M,False,4-1-4-1,3,0,0,0,0,0,4,1,4,1,59,10,2,0.0,26.97749730848861,1.0,0.0,0.0,0,8,1,11,2,7,2.0,0.27586206896551724,0.41379310344827586,0.3103448275862069,0.0,0.3076923076923077,0.6666666666666666,11.434373164313056,40.0203060750957,0.3370476135023425,0.0,0.0,3.5,0.0,1.0,1.0,0.0,0.0,0,0,0,0,0,0.0
H2_30,M,False,4-1-4-1,3,0,0,0,0,0,4,1,4,1,74,10,2,0.0,13.728056140350878,2.0,0.0,0.0,0,9,1,14,2,8,2.0,0.2647058823529412,0.4411764705882353,0.29411764705882354,0.0,0.2903225806451613,0.6666666666666666,10.254688385357333,25.636720963393334,0.26774204392116224,0.0,0.0,2.5,0.0,0.5,0.5,0.0,0.0,0,0,0,0,0,0.0
H1_15,A,False,4-1-4-1,3,2,1,2,2,0,4,1,4,1,14,4,1,25.572322947368427,68.6933189308125,1.0,1.0,1.0,2,6,1,5,0,0,1.0,0.5714285714285714,0.42857142857142855,0.0,0.6666666666666666,0.5454545454545454,0.0,10.860931287658099,152.05303802721338,0.6199523738638483,0.23119289313118688,12.786161473684214,14.0,3.0,8.0,1.0,1.0,1.0,2,1,0,1,2,1.0
H1_30,A,False,4-1-4-1,4,2,1,2,2,0,4,1,4,1,29,4,1,0.0,5.296199999999999,1.0,0.0,1.0,2,7,2,7,0,1,2.0,0.47368421052631576,0.47368421052631576,0.05263157894736842,0.5,0.4666666666666667,0.0,12.621294004218758,31.553235010546892,0.08392483366966504,0.4957018820596323,0.0,2.5,0.5,0.5,0.5,0.5,0.0,2,1,0,1,2,1.0
H1_45,A,False,4-1-4-1,4,2,1,2,2,0,4,1,4,1,44,5,2,0.0,0.0,0.0,0.0,0.0,2,7,2,8,0,2,2.0,0.42857142857142855,0.47619047619047616,0.09523809523809523,0.5,0.4117647058823529,0.0,13.300059662447257,13.300059662447257,0.0,0.0,0.0,1.0,0.0,0.0,0.0,0.0,0.0,2,1,0,1,2,1.0
H2_15,A,False,4-1-4-1,5,2,1,2,2,0,4,1,4,1,59,8,2,0.0,0.0,1.0,0.0,1.0,2,7,2,8,1,5,2.0,0.36,0.4,0.24,0.4,0.35,0.2,8.169979047229047,32.67991618891619,0.0,0.28334926716155084,0.0,4.0,1.0,0.0,0.0,1.0,0.0,2,1,0,1,2,1.0
H2_30,A,False,4-1-4-1,6,2,1,2,2,0,4,1,4,1,74,10,3,8.343879999999999,21.999636465116282,2.0,1.0,1.0,3,9,2,12,1,6,2.0,0.36363636363636365,0.42424242424242425,0.21212121212121213,0.5,0.3333333333333333,0.16666666666666666,10.327164395657572,41.30865758263029,0.36727792962552364,0.10099432526111043,8.343879999999999,4.0,0.5,1.5,1.0,0.5,0.5,2,1,0,1,2,1.0
H1_15,M,False,4-1-4-1,1,1,0,1,1,0,4,1,4,1,14,7,1,0.0,46.24708841021507,2.0,2.0,1.0,0,6,1,5,0,3,2.0,0.4,0.4,0.2,0.0,0.42857142857142855,0.0,9.805513104308279,73.54134828231209,0.3144291578166392,0.18268983074681588,0.0,7.5,0.5,3.0,1.0,0.5,1.0,1,0,0,0,1,1.0
H1_30,M,False,4-1-4-1,2,1,0,1,1,0,4,1,4,1,29,8,2,0.0,17.613169090909086,1.0,0.0,1.0,0,8,2,6,0,4,2.0,0.4,0.4,0.2,0.0,0.4444444444444444,0.0,11.459952862253365,28.649882155633414,0.30738641428313546,0.33729180929057295,0.0,2.5,0.5,1.0,1.0,0.5,0.0,1,0,0,0,1,1.0
H1_45,M,False,4-1-4-1,3,1,0,1,1,0,4,1,4,1,44,11,5,0.0,0.0,1.0,0.0,1.0,0,8,2,6,1,6,2.0,0.34782608695652173,0.34782608695652173,0.30434782608695654,0.0,0.4,0.3333333333333333,11.650102680798904,17.475154021198357,0.0,0.3766383589723569,0.0,1.5,0.5,0.0,0.0,0.5,0.0,1,0,0,0,1,1.0
H2_15,M,False,4-1-4-1,5,1,0,1,1,0,4,1,4,1,59,11,5,0.0,0.0,2.0,0.0,1.0,0,8,4,10,1,7,2.0,0.26666666666666666,0.4666666666666667,0.26666666666666666,0.0,0.32,0.2,10.361617397686526,36.26566089190284,0.0,0.49125383046759713,0.0,3.5,1.0,0.0,0.0,0.5,0.0,1,0,0,0,1,1.0
H1_15,D,False,4-1-4-1,1,0,0,0,0,0,4,1,4,1,14,5,4,10.604237837837838,45.06485193675889,2.0,1.0,1.0,1,4,0,1,0,5,2.0,0.45454545454545453,0.09090909090909091,0.45454545454545453,1.0,0.4,0.0,10.551443540762355,58.03293947419295,0.47963355190161083,0.09136395583195907,10.604237837837838,5.5,0.5,2.5,1.0,0.5,0.5,0,0,0,0,0,0.0
H1_30,D,False,4-1-4-1,1,0,0,0,0,0,4,1,4,1,29,6,5,0.0,0.0,0.0,0.0,0.0,1,4,0,1,0,6,2.0,0.4166666666666667,0.08333333333333333,0.5,1.0,0.36363636363636365,0.0,15.808787878787877,15.808787878787877,0.0,0.0,0.0,1.0,0.0,0.0,0.0,0.0,0.0,0,0,0,0,0,0.0
H1_45,D,False,4-1-4-1,1,0,0,0,0,0,4,1,4,1,44,7,6,0.0,41.530434782608694,2.0,0.0,0.0,1,5,0,2,0,8,2.0,0.375,0.125,0.5,1.0,0.3333333333333333,0.0,18.06270713232414,36.12541426464828,0.5748091146908961,0.0,0.0,2.0,0.0,0.5,0.5,0.0,0.0,0,0,0,0,0,0.0
H2_15,D,False,4-1-4-1,3,0,0,0,0,0,4,1,4,1,59,9,10,0.0,0.0,2.0,0.0,2.0,1,5,1,4,1,14,2.0,0.23076923076923078,0.19230769230769232,0.5769230769230769,0.3333333333333333,0.21739130434782608,0.3333333333333333,9.720824207264407,48.604121036322034,0.0,0.27720567504449894,0.0,5.0,1.0,0.0,0.0,1.0,0.0,0,0,0,0,0,0.0
H2_30,D,False,4-1-4-1,3,0,0,0,0,0,4,1,4,1,74,9,12,0.0,14.99152542372881,0.0,0.0,0.0,1,6,1,4,1,14,2.0,0.25925925925925924,0.18518518518518517,0.5555555555555556,0.3333333333333333,0.25,0.3333333333333333,14.99152542372881,14.99152542372881,1.0,0.0,0.0,1.0,0.0,1.0,1.0,0.0,0.0,0,0,0,0,0,0.0
H1_15,M,False,4-1-4-1,2,0,0,0,0,0,4,1,4,1,14,0,0,0.0,43.834362563335425,2.0,1.0,1.0,0,4,1,3,1,1,2.0,0.4,0.4,0.2,0.0,0.5,0.5,12.492286842103915,62.46143421051958,0.35089141898020143,0.1251328713215702,0.0,5.0,1.0,2.0,1.0,0.5,0.5,0,0,0,0,0,0.0
H1_30,M,False,4-1-4-1,3,0,0,0,0,0,4,1,4,1,29,0,1,0.0,27.848112727272724,2.0,0.0,1.0,0,5,1,6,2,4,2.0,0.2777777777777778,0.3888888888888889,0.3333333333333333,0.0,0.3333333333333333,0.6666666666666666,12.242893164738351,48.971572658953406,0.2843293692160128,0.1175696365746047,0.0,4.0,0.5,0.5,0.5,0.5,0.0,0,0,0,0,0,0.0
H1_45,M,False,4-1-4-1,4,0,0,0,0,0,4,1,4,1,44,2,1,0.0,14.9118127090301,2.0,0.0,1.0,0,7,2,10,2,8,2.0,0.2413793103448276,0.41379310344827586,0.3448275862068966,0.0,0.28,0.5,7.769906043143006,42.73448323728653,0.1744704929065259,0.1335607586105074,0.0,5.5,0.5,1.0,1.0,0.5,0.0,0,0,0,0,0,0.0
H2_15,M,False,4-1-4-1,4,0,0,0,0,0,4,1,4,1,59,3,1,0.0,0.0,1.0,0.0,0.0,0,7,2,13,2,10,2.0,0.20588235294117646,0.4411764705882353,0.35294117647058826,0.0,0.23333333333333334,0.5,13.930383772338772,34.82595943084693,0.0,0.0,0.0,2.5,0.0,0.0,0.0,0.0,0.0,0,0,0,0,0,0.0
H1_15,D,False,4-1-4-1,4,0,0,0,0,0,4,1,4,1,14,3,1,18.05209655172414,9.966293333333336,2.0,0.0,2.0,1,1,0,2,3,2,2.0,0.2222222222222222,0.2222222222222222,0.5555555555555556,0.25,0.2,0.75,12.557241264248866,56.50758568911989,0.24791706762347313,0.5457032524880338,18.05209655172414,4.5,2.0,1.0,1.0,1.0,0.0,0,0,0,0,0,0.0
H1_30,D,False,4-1-4-1,6,0,0,0,0,0,4,1,4,1,29,3,2,0.0,0.0,1.0,0.0,1.0,1,1,0,5,5,4,2.0,0.125,0.3125,0.5625,0.16666666666666666,0.1,0.8333333333333334,14.235792665739606,49.82527433008862,0.0,0.4378059148419715,0.0,3.5,1.0,0.0,0.0,0.5,0.0,0,0,0,0,0,0.0
H1_45,D,False,4-1-4-1,7,0,0,0,0,0,4,1,4,1,44,5,3,0.0,0.0,2.0,0.0,1.0,1,1,1,8,5,4,2.0,0.1,0.45,0.45,0.14285714285714285,0.07692307692307693,0.7142857142857143,12.085846737894235,24.17169347578847,0.0,0.13097533506889067,0.0,2.0,0.5,0.0,0.0,0.5,0.0,0,0,0,0,0,0.0
H2_15,D,False,4-1-4-1,9,0,0,0,0,0,4,1,4,1,59,5,5,0.0,0.0,1.0,0.0,1.0,1,1,1,9,7,5,2.0,0.08333333333333333,0.4166666666666667,0.5,0.1111111111111111,0.06666666666666667,0.7777777777777778,10.59870902837223,42.39483611348892,0.0,0.7337442643805724,0.0,4.0,2.0,0.0,0.0,1.0,0.0,0,0,0,0,0,0.0
H2_30,D,False,4-1-4-1,9,0,0,0,0,0,4,1,4,1,74,6,7,0.0,27.120942056074764,1.0,0.0,0.0,1,2,1,9,7,6,2.0,0.11538461538461539,0.38461538461538464,0.5,0.1111111111111111,0.11764705882352941,0.7777777777777778,22.019428774516257,44.038857549032514,0.6158411812994586,0.0,0.0,2.0,0.0,1.0,1.0,0.0,0.0,0,0,0,0,0,0.0
H2_30,M,False,4-1-4-1,0,0,0,0,0,0,4,1,4,1,10,0,2,0.0,8.246777777777776,2.0,0.0,0.0,0,1,0,2,0,2,2.0,0.2,0.4,0.4,0.0,0.2,0.0,11.531939835087954,28.829849587719885,0.14302498791548504,0.0,0.0,2.5,0.0,0.5,0.5,0.0,0.0,0,0,0,0,0,0.0
H1_15,M,False,4-1-4-1,2,0,0,0,0,0,4,1,4,1,14,2,1,14.356506122448977,61.52710727405627,2.0,1.0,2.0,1,6,0,4,1,2,2.0,0.5,0.2857142857142857,0.21428571428571427,0.5,0.5,0.5,14.16747457961163,99.1723220572814,0.38258463562381484,0.12449433162391987,14.356506122448977,7.0,1.0,3.5,1.0,1.0,0.5,0,0,0,0,0,0.0
H1_30,M,False,4-1-4-1,3,0,0,0,0,0,4,1,4,1,29,2,1,0.0,0.0,1.0,0.0,1.0,1,6,1,6,1,3,2.0,0.3888888888888889,0.3888888888888889,0.2222222222222222,0.3333333333333333,0.4,0.3333333333333333,16.803545833333335,33.60709166666667,0.0,0.2363294188982765,0.0,2.0,0.5,0.0,0.0,0.5,0.0,0,0,0,0,0,0.0
H1_45,M,False,4-1-4-1,4,0,0,0,0,0,4,1,4,1,44,3,2,0.0,0.0,2.0,0.0,1.0,1,6,2,10,1,5,2.0,0.28,0.48,0.24,0.25,0.2857142857142857,0.25,9.269214096322303,32.44224933712806,0.0,0.15763052788810095,0.0,3.5,0.5,0.0,0.0,0.5,0.0,0,0,0,0,0,0.0
H2_15,M,False,4-1-4-1,5,0,0,0,0,0,4,1,4,1,59,4,2,0.0,5.795233333333334,2.0,0.0,1.0,1,7,3,11,1,8,2.0,0.25806451612903225,0.45161290322580644,0.2903225806451613,0.2,0.2692307692307692,0.2,13.512641598215668,40.537924794647004,0.0714791564034204,0.4010860496404065,0.0,3.0,0.5,0.5,0.5,0.5,0.0,0,0,0,0,0,0.0
H2_30,M,False,4-1-4-1,8,0,0,0,0,0,4,1,4,1,74,5,2,35.29728489795919,27.827171941391942,2.0,1.0,1.0,3,11,4,13,1,9,2.0,0.34146341463414637,0.4146341463414634,0.24390243902439024,0.375,0.3333333333333333,0.125,11.322927874312906,56.614639371564536,0.5574923512721007,0.38496697724895057,17.648642448979594,5.0,1.5,3.0,1.0,0.5,0.5,0,0,0,0,0,0.0
H1_15,M,False,4-1-4-1,3,0,0,0,0,0,4,1,4,1,14,1,0,25.032074531155473,52.06251453980886,2.0,2.0,1.0,2,7,1,7,0,1,2.0,0.5,0.4444444444444444,0.05555555555555555,0.6666666666666666,0.4666666666666667,0.0,11.094676706138168,99.85209035524352,0.38604394157741273,0.21847958853110264,12.516037265577737,9.0,1.5,4.5,1.0,0.5,1.0,0,0,0,0,0,0.0
H1_30,M,False,4-1-4-1,6,0,0,0,0,0,4,1,4,1,29,1,1,0.0,0.0,2.0,0.0,2.0,2,7,2,9,2,3,2.0,0.36,0.44,0.2,0.3333333333333333,0.3684210526315789,0.3333333333333333,13.546505204681997,47.41276821638699,0.0,0.26609794376930407,0.0,3.5,1.5,0.0,0.0,1.0,0.0,0,0,0,0,0,0.0
H1_45,M,False,4-1-4-1,7,0,0,0,0,0,4,1,4,1,44,3,1,0.0,17.464723100303953,2.0,1.0,1.0,2,9,3,11,2,3,2.0,0.36666666666666664,0.4666666666666667,0.16666666666666666,0.2857142857142857,0.391304347826087,0.2857142857142857,14.482678322802494,36.206695807006234,0.2411808466781497,0.55482261507294,0.0,2.5,0.5,1.0,0.5,0.5,0.5,0,0,0,0,0,0.0
H2_15,M,False,4-1-4-1,7,0,0,0,0,0,4,1,4,1,59,3,1,0.0,0.0,1.0,0.0,0.0,2,9,3,12,2,5,2.0,0.3333333333333333,0.45454545454545453,0.21212121212121213,0.2857142857142857,0.34615384615384615,0.2857142857142857,9.70048412121212,14.550726181818181,0.0,0.0,0.0,1.5,0.0,0.0,0.0,0.0,0.0,0,0,0,0,0,0.0
H2_30,M,False,4-1-4-1,8,2,1,2,2,0,4,1,4,1,74,5,4,14.59591836734694,10.082876190476192,2.0,1.0,1.0,3,10,3,14,2,7,2.0,0.3333333333333333,0.4358974358974359,0.23076923076923078,0.375,0.3225806451612903,0.25,12.21117476644307,36.63352429932921,0.33683347466346586,0.19921531775219076,14.59591836734694,3.0,0.5,1.0,0.5,0.5,0.5,2,1,0,1,2,1.0
H1_15,G,True,4-2-3-1,0,0,0,0,0,0,4,2,3,1,14,0,1,0.0,0.0,0.0,0.0,0.0,0,0,0,1,0,0,1.0,0.0,1.0,0.0,0.0,0.0,0.0,7.2321290322580625,7.2321290322580625,0.0,0.0,0.0,1.0,0.0,0.0,0.0,0.0,0.0,0,0,0,0,0,0.0
H1_30,G,True,4-2-3-1,0,0,0,0,0,0,4,2,3,1,29,0,1,0.0,0.0,0.0,0.0,0.0,0,0,0,2,0,0,1.0,0.0,1.0,0.0,0.0,0.0,0.0,5.342516666666667,5.342516666666667,0.0,0.0,0.0,1.0,0.0,0.0,0.0,0.0,0.0,0,0,0,0,0,0.0
H1_45,G,True,4-2-3-1,0,0,0,0,0,0,4,2,3,1,44,1,1,0.0,0.0,0.0,0.0,0.0,0,0,0,2,0,0,1.0,0.0,1.0,0.0,0.0,0.0,0.0,0.0,0.0,0.0,0.0,0.0,0.0,0.0,0.0,0.0,0.0,0.0,0,0,0,0,0,0.0
H2_15,G,True,4-2-3-1,0,0,0,0,0,0,4,2,3,1,59,1,1,0.0,0.0,0.0,0.0,0.0,0,0,0,2,0,0,1.0,0.0,1.0,0.0,0.0,0.0,0.0,0.0,0.0,0.0,0.0,0.0,0.0,0.0,0.0,0.0,0.0,0.0,0,0,0,0,0,0.0
H2_30,G,True,4-2-3-1,0,0,0,0,0,0,4,2,3,1,74,1,2,0.0,0.0,0.0,0.0,0.0,0,0,0,2,0,0,1.0,0.0,1.0,0.0,0.0,0.0,0.0,0.0,0.0,0.0,0.0,0.0,0.0,0.0,0.0,0.0,0.0,0.0,0,0,0,0,0,0.0
H1_15,D,True,4-2-3-1,1,0,0,0,0,0,4,2,3,1,14,3,0,0.0,0.0,2.0,0.0,1.0,0,0,1,5,0,4,2.0,0.0,0.6,0.4,0.0,0.0,0.0,13.880083617130477,69.40041808565239,0.0,0.04888500809624637,0.0,5.0,0.5,0.0,0.0,0.5,0.0,0,0,0,0,0,0.0
H1_30,D,True,4-2-3-1,4,0,0,0,0,0,4,2,3,1,29,8,0,25.30062051282051,0.0,2.0,0.0,2.0,1,0,3,11,0,4,2.0,0.05263157894736842,0.7368421052631579,0.21052631578947367,0.25,0.0,0.0,18.31328548370324,82.40978467666457,0.15350495461241462,0.3904244651142114,25.30062051282051,4.5,1.5,0.5,0.5,1.0,0.0,0,0,0,0,0,0.0
H1_45,D,True,4-2-3-1,6,0,0,0,0,0,4,2,3,1,44,15,0,0.0,39.38978092575334,2.0,1.0,2.0,1,3,3,15,2,7,2.0,0.12903225806451613,0.5806451612903226,0.2903225806451613,0.16666666666666666,0.12,0.3333333333333333,13.287125713162789,79.72275427897674,0.24704227345128624,0.22581059135329323,0.0,6.0,1.0,1.5,1.0,1.0,0.5,0,0,0,0,0,0.0
H2_15,D,True,4-2-3-1,8,0,0,0,0,0,4,2,3,1,59,25,3,0.0,12.569479245283018,2.0,0.0,2.0,1,4,5,23,2,11,2.0,0.10869565217391304,0.6086956521739131,0.2826086956521739,0.125,0.10526315789473684,0.25,12.505467813610103,93.79100860207578,0.06700791169978329,0.260844613372847,0.0,7.5,1.0,0.5,0.5,1.0,0.0,0,0,0,0,0,0.0
H2_30,D,True,4-2-3-1,11,0,0,0,0,0,4,2,3,1,74,36,6,20.61485195195195,29.912441929824563,1.0,1.0,1.0,3,8,6,25,2,11,2.0,0.2,0.5636363636363636,0.23636363636363636,0.2727272727272727,0.18181818181818182,0.18181818181818182,8.917851793971979,40.1303330728739,0.6295399266936366,0.4178996056615305,10.307425975975976,4.5,1.5,3.0,0.5,0.5,0.5,0,0,0,0,0,0.0
H1_15,D,True,4-2-3-1,3,0,0,0,0,0,4,2,3,1,14,5,0,0.0,0.0,2.0,0.0,1.0,0,0,1,5,2,5,2.0,0.0,0.46153846153846156,0.5384615384615384,0.0,0.0,0.6666666666666666,12.839002770891197,83.45351801079278,0.0,0.3210735476635815,0.0,6.5,1.5,0.0,0.0,0.5,0.0,0,0,0,0,0,0.0
H1_30,D,True,4-2-3-1,4,0,0,0,0,0,4,2,3,1,29,16,0,0.0,23.072605356125354,2.0,0.0,1.0,0,2,1,8,3,5,2.0,0.10526315789473684,0.47368421052631576,0.42105263157894735,0.0,0.13333333333333333,0.75,12.68342279517104,38.05026838551312,0.3031858425065641,0.14061896803128307,0.0,3.0,0.5,1.0,1.0,0.5,0.0,0,0,0,0,0,0.0
H1_45,D,True,4-2-3-1,4,0,0,0,0,0,4,2,3,1,44,22,0,0.0,0.0,1.0,0.0,0.0,0,2,1,11,3,7,2.0,0.08333333333333333,0.5,0.4166666666666667,0.0,0.1,0.75,21.633431400419287,54.083578501048216,0.0,0.0,0.0,2.5,0.0,0.0,0.0,0.0,0.0,0,0,0,0,0,0.0
H2_15,D,True,4-2-3-1,4,0,0,0,0,0,4,2,3,1,59,27,2,0.0,0.0,1.0,0.0,0.0,0,2,1,16,3,7,2.0,0.06896551724137931,0.5862068965517241,0.3448275862068966,0.0,0.08,0.75,12.51976664285714,31.299416607142852,0.0,0.0,0.0,2.5,0.0,0.0,0.0,0.0,0.0,0,0,0,0,0,0.0
H2_30,D,True,4-2-3-1,4,0,0,0,0,0,4,2,3,1,74,40,2,0.0,0.0,0.0,0.0,0.0,0,2,1,16,3,7,2.0,0.06896551724137931,0.5862068965517241,0.3448275862068966,0.0,0.08,0.75,0.0,0.0,0.0,0.0,0.0,0.0,0.0,0.0,0.0,0.0,0.0,0,0,0,0,0,0.0
H1_15,D,True,4-2-3-1,0,0,0,0,0,0,4,2,3,1,14,3,0,0.0,0.0,1.0,0.0,0.0,0,0,0,5,0,1,2.0,0.0,0.8333333333333334,0.16666666666666666,0.0,0.0,0.0,10.538533220113221,31.61559966033966,0.0,0.0,0.0,3.0,0.0,0.0,0.0,0.0,0.0,0,0,0,0,0,0.0
H1_30,D,True,4-2-3-1,1,1,0,1,1,0,4,2,3,1,29,18,2,0.0,0.0,1.0,0.0,1.0,0,0,1,7,0,1,2.0,0.0,0.8888888888888888,0.1111111111111111,0.0,0.0,0.0,9.292246371519047,27.87673911455714,0.0,0.5784006680997357,0.0,3.0,1.0,0.0,0.0,1.0,0.0,1,0,1,0,1,1.0
H1_45,D,True,4-2-3-1,1,1,0,1,1,0,4,2,3,1,44,31,2,0.0,38.03706991559165,2.0,1.0,0.0,0,3,1,10,0,2,2.0,0.1875,0.6875,0.125,0.0,0.2,0.0,14.224216221029925,49.78475677360474,0.38201522293826323,0.0,0.0,3.5,0.0,1.5,1.0,0.0,0.5,1,0,1,0,1,1.0
H2_15,D,True,4-2-3-1,2,1,0,1,1,0,4,2,3,1,59,33,3,0.0,0.0,1.0,0.0,1.0,0,3,2,15,0,2,2.0,0.13636363636363635,0.7727272727272727,0.09090909090909091,0.0,0.15,0.0,8.839110091043425,53.03466054626055,0.0,0.14011577553345064,0.0,6.0,1.0,0.0,0.0,1.0,0.0,1,0,1,0,1,1.0
H2_30,D,True,4-2-3-1,2,1,0,1,1,0,4,2,3,1,74,39,3,0.0,0.0,0.0,0.0,0.0,0,3,2,15,0,2,2.0,0.13636363636363635,0.7727272727272727,0.09090909090909091,0.0,0.15,0.0,0.0,0.0,0.0,0.0,0.0,0.0,0.0,0.0,0.0,0.0,0.0,1,0,1,0,1,1.0
H1_15,M,True,4-2-3-1,0,0,0,0,0,0,4,2,3,1,14,4,1,0.0,10.591288888888888,2.0,0.0,0.0,0,1,0,6,0,1,2.0,0.125,0.75,0.125,0.0,0.125,0.0,19.494277756440233,77.97711102576093,0.06791280639641736,0.0,0.0,4.0,0.0,0.5,0.5,0.0,0.0,0,0,0,0,0,0.0
H1_30,M,True,4-2-3-1,1,0,0,0,0,0,4,2,3,1,29,14,1,0.0,4.967408695652174,1.0,0.0,0.0,0,2,0,7,1,3,2.0,0.15384615384615385,0.5384615384615384,0.3076923076923077,0.0,0.16666666666666666,1.0,9.134354058680241,22.835885146700605,0.10876321771065396,0.35467048872527474,0.0,2.5,0.5,0.5,0.5,0.5,0.0,0,0,0,0,0,0.0
H1_45,M,True,4-2-3-1,3,0,0,0,0,0,4,2,3,1,44,24,2,0.0,8.997664864864864,2.0,0.0,1.0,0,3,2,9,1,6,2.0,0.14285714285714285,0.5238095238095238,0.3333333333333333,0.0,0.16666666666666666,0.3333333333333333,11.916629934268762,47.66651973707505,0.09438139090597876,0.41265464144457215,0.0,4.0,1.0,0.5,0.5,0.5,0.0,0,0,0,0,0,0.0
H2_15,M,True,4-2-3-1,5,1,0,1,0,0,4,2,3,1,59,38,3,0.0,5.397119999999998,2.0,0.0,1.0,0,4,4,15,1,8,2.0,0.125,0.59375,0.28125,0.0,0.14814814814814814,0.2,10.43472138070541,57.39096759387975,0.047020639538542595,0.22853170722582658,0.0,5.5,1.0,0.5,0.5,0.5,0.0,0,0,0,0,0,0.0
H1_15,M,True,4-2-3-1,0,0,0,0,0,0,4,2,3,1,14,2,1,0.0,7.460717647058824,1.0,0.0,0.0,0,1,0,1,0,4,2.0,0.16666666666666666,0.16666666666666666,0.6666666666666666,0.0,0.16666666666666666,0.0,12.10099828495702,36.30299485487106,0.10275622819666297,0.0,0.0,3.0,0.0,0.5,0.5,0.0,0.0,0,0,0,0,0,0.0
H1_30,M,True,4-2-3-1,0,0,0,0,0,0,4,2,3,1,29,13,3,0.0,10.416780487804878,1.0,0.0,0.0,0,2,0,3,0,5,2.0,0.2,0.3,0.5,0.0,0.2,0.0,14.217524437524439,28.435048875048878,0.183167972272159,0.0,0.0,2.0,0.0,0.5,0.5,0.0,0.0,0,0,0,0,0,0.0
H1_45,M,True,4-2-3-1,5,1,0,1,1,0,4,2,3,1,44,26,3,37.40741835748792,14.454392857142857,2.0,1.0,2.0,2,3,2,10,1,5,2.0,0.21739130434782608,0.5217391304347826,0.2608695652173913,0.4,0.16666666666666666,0.2,19.70467196168663,128.0803677509631,0.20245808208276636,0.46723998525661453,18.70370917874396,6.5,2.5,1.5,1.0,1.0,0.5,1,0,1,0,1,1.0
H2_15,M,True,4-2-3-1,8,1,0,1,1,0,4,2,3,1,59,40,4,0.0,0.0,2.0,0.0,2.0,2,3,4,14,2,8,2.0,0.15151515151515152,0.5454545454545454,0.30303030303030304,0.25,0.12,0.25,13.08780056298392,65.4390028149196,0.0,0.21795694203927354,0.0,5.0,1.5,0.0,0.0,1.0,0.0,1,0,1,0,1,1.0
H1_15,A,True,4-2-3-1,0,0,0,0,0,0,4,2,3,1,14,0,0,0.0,54.069419815614424,2.0,1.0,0.0,0,3,0,4,0,1,2.0,0.375,0.5,0.125,0.0,0.375,0.0,12.578754689858307,50.31501875943323,0.5373089501777967,0.0,0.0,4.0,0.0,1.5,1.0,0.0,0.5,0,0,0,0,0,0.0
H1_30,A,True,4-2-3-1,1,0,0,0,0,0,4,2,3,1,29,4,0,25.877111688311683,39.616515261327685,2.0,2.0,1.0,1,6,0,6,0,2,2.0,0.4666666666666667,0.4,0.13333333333333333,1.0,0.42857142857142855,0.0,16.709067920814416,58.48173772285046,0.5599493918940884,0.2212409608187888,25.877111688311683,3.5,0.5,2.0,1.0,0.5,1.0,0,0,0,0,0,0.0
H1_45,A,True,4-2-3-1,1,0,0,0,0,0,4,2,3,1,44,6,0,0.0,47.844288766788765,2.0,2.0,0.0,1,10,0,9,0,2,2.0,0.5,0.4090909090909091,0.09090909090909091,1.0,0.47619047619047616,0.0,11.296469048226925,39.53764166879424,0.6050473263880922,0.0,0.0,3.5,0.0,2.0,1.0,0.0,1.0,0,0,0,0,0,0.0
H2_15,A,True,4-2-3-1,3,1,0,1,1,0,4,2,3,1,59,13,0,0.0,21.81287722473605,2.0,0.0,1.0,1,12,1,11,1,2,2.0,0.4642857142857143,0.42857142857142855,0.10714285714285714,0.3333333333333333,0.48,0.3333333333333333,19.065356674208147,57.19607002262444,0.19068510490412857,0.3843303729501288,0.0,3.0,1.0,1.0,1.0,0.5,0.0,1,0,0,1,1,1.0
H1_15,M,True,4-2-3-1,1,0,0,0,0,0,4,2,3,1,14,0,0,0.0,21.75606296296296,2.0,1.0,1.0,0,3,1,5,0,0,2.0,0.3333333333333333,0.6666666666666666,0.0,0.0,0.375,0.0,9.952110370231344,44.78449666604104,0.2428972589018739,0.06365297991231542,0.0,4.5,0.5,1.5,1.0,0.5,0.5,0,0,0,0,0,0.0
H1_30,M,True,4-2-3-1,2,1,0,1,1,0,4,2,3,1,29,0,0,0.0,34.567946774038916,2.0,1.0,1.0,0,6,2,6,0,0,2.0,0.42857142857142855,0.5714285714285714,0.0,0.0,0.5,0.0,11.22086740358827,28.052168508970677,0.6161368017410951,0.21806757259164164,0.0,2.5,0.5,1.5,1.0,0.5,0.5,1,0,0,0,1,1.0
H1_45,M,True,4-2-3-1,4,1,0,1,1,0,4,2,3,1,44,4,0,23.38249844155844,30.742396783625722,1.0,1.0,1.0,2,8,2,12,0,1,2.0,0.4,0.56,0.04,0.5,0.38095238095238093,0.0,11.498723767620818,63.2429807219145,0.42791227269296933,0.18486240033794063,11.69124922077922,5.5,1.0,2.0,1.0,0.5,0.5,1,0,0,0,1,1.0
H2_15,M,True,4-2-3-1,7,3,0,3,3,0,4,2,3,1,59,11,0,0.0,27.71754927131783,2.0,1.0,2.0,2,11,5,14,0,2,2.0,0.38235294117647056,0.5588235294117647,0.058823529411764705,0.2857142857142857,0.4074074074074074,0.0,15.737191251833561,70.81736063325103,0.19569741814342306,0.41431334525662283,0.0,4.5,1.5,1.5,1.0,1.0,0.5,3,1,0,1,3,1.0
H2_30,M,True,4-2-3-1,7,3,0,3,3,0,4,2,3,1,74,18,0,0.0,18.320632432432433,0.0,0.0,0.0,2,12,5,14,0,2,2.0,0.4,0.5428571428571428,0.05714285714285714,0.2857142857142857,0.42857142857142855,0.0,18.320632432432433,18.320632432432433,1.0,0.0,0.0,1.0,0.0,1.0,1.0,0.0,0.0,3,1,0,1,3,1.0
H2_30,M,True,4-2-3-1,1,0,0,0,0,0,4,2,3,1,11,10,0,15.191966666666666,40.31891325227963,1.0,1.0,1.0,1,5,0,1,0,0,1.0,0.8571428571428571,0.14285714285714285,0.0,1.0,0.8333333333333334,0.0,8.717643715128975,61.023506005902824,0.9096638910516991,0.24895270136063866,15.191966666666666,7.0,1.0,6.0,1.0,1.0,1.0,0,0,0,0,0,0.0
H2_30,D,True,4-2-3-1,3,0,0,0,0,0,4,2,3,1,11,5,0,36.87232939150402,6.262307692307693,1.0,1.0,1.0,2,1,1,3,0,0,2.0,0.42857142857142855,0.5714285714285714,0.0,0.6666666666666666,0.25,0.0,16.117313534874313,56.410597372060096,0.3823274268779158,0.5200472432718145,18.43616469575201,3.5,1.5,1.5,0.5,0.5,0.5,0,0,0,0,0,0.0
H1_15,D,True,4-2-3-1,3,0,0,0,0,0,4,2,3,1,14,3,0,12.510857142857144,16.816878787878792,2.0,0.0,2.0,1,1,2,2,0,3,2.0,0.2222222222222222,0.4444444444444444,0.3333333333333333,0.3333333333333333,0.16666666666666666,0.0,13.083642254725513,58.87639014626481,0.24906194026058615,0.2739748776316177,12.510857142857144,4.5,1.5,1.0,1.0,1.0,0.0,0,0,0,0,0,0.0
H1_30,D,True,4-2-3-1,4,0,0,0,0,0,4,2,3,1,29,11,0,0.0,0.0,1.0,0.0,1.0,1,1,3,6,0,5,2.0,0.125,0.5625,0.3125,0.25,0.08333333333333333,0.0,11.703750125656951,40.96312543979933,0.0,0.07937931896282398,0.0,3.5,0.5,0.0,0.0,0.5,0.0,0,0,0,0,0,0.0
H1_45,D,True,4-2-3-1,7,0,0,0,0,0,4,2,3,1,44,22,0,10.77556842105263,44.83478583996648,2.0,1.0,2.0,2,5,3,9,2,7,2.0,0.25,0.42857142857142855,0.32142857142857145,0.2857142857142857,0.23809523809523808,0.2857142857142857,14.749147057370314,88.49488234422188,0.31420096161442096,0.37831415243005506,10.77556842105263,6.0,1.5,2.5,0.5,1.0,0.5,0,0,0,0,0,0.0
H2_15,D,True,4-2-3-1,9,0,0,0,0,0,4,2,3,1,59,27,0,19.489572881355933,19.49195061728395,2.0,1.0,2.0,3,6,4,14,2,8,2.0,0.24324324324324326,0.4864864864864865,0.2702702702702703,0.3333333333333333,0.21428571428571427,0.2222222222222222,20.42879663512413,91.92958485805859,0.21201838101862563,0.24307285271852438,19.489572881355933,4.5,1.0,1.0,0.5,1.0,0.5,0,0,0,0,0,0.0
H2_30,M,True,4-2-3-1,0,0,0,0,0,0,4,2,3,1,11,9,0,0.0,12.962749090909083,1.0,0.0,0.0,0,1,0,2,0,0,2.0,0.3333333333333333,0.6666666666666666,0.0,0.0,0.3333333333333333,0.0,12.573057124505928,18.85958568675889,0.34366473649551293,0.0,0.0,1.5,0.0,0.5,0.5,0.0,0.0,0,0,0,0,0,0.0
H2_30,A,True,4-2-3-1,0,0,0,0,0,0,4,2,3,1,3,0,0,0.0,14.31250344827586,0.0,0.0,0.0,0,1,0,0,0,0,1.0,1.0,0.0,0.0,0.0,1.0,0.0,14.31250344827586,14.31250344827586,1.0,0.0,0.0,1.0,0.0,1.0,1.0,0.0,0.0,0,0,0,0,0,0.0
H1_15,M,True,4-2-3-1,0,0,0,0,0,0,4,2,3,1,14,2,1,0.0,0.0,1.0,0.0,0.0,0,0,0,3,0,0,2.0,0.0,1.0,0.0,0.0,0.0,0.0,8.4161079537456,12.624161930618401,0.0,0.0,0.0,1.5,0.0,0.0,0.0,0.0,0.0,0,0,0,0,0,0.0
H1_30,M,True,4-2-3-1,1,0,0,0,0,0,4,2,3,1,29,12,1,0.0,19.960891139240506,1.0,0.0,1.0,0,1,1,4,0,1,2.0,0.14285714285714285,0.7142857142857143,0.14285714285714285,0.0,0.16666666666666666,0.0,16.376804024142224,32.75360804828445,0.304712859569772,0.4332014070020073,0.0,2.0,0.5,0.5,0.5,0.5,0.0,0,0,0,0,0,0.0
H1_45,M,True,4-2-3-1,3,2,0,1,2,0,4,2,3,1,44,19,1,30.34743880597015,25.412695891210237,2.0,2.0,2.0,2,5,1,7,0,4,2.0,0.3684210526315789,0.42105263157894735,0.21052631578947367,0.6666666666666666,0.3125,0.0,15.785425899433356,94.71255539660014,0.29436506313070077,0.16020810904580196,15.173719402985075,6.0,1.0,3.0,1.0,1.0,1.0,2,0,0,0,1,0.5
H2_15,M,True,4-2-3-1,6,2,0,1,2,0,4,2,3,1,59,26,3,11.85209756097561,0.0,2.0,0.0,2.0,3,5,2,12,1,5,2.0,0.2857142857142857,0.5,0.21428571428571427,0.5,0.22727272727272727,0.16666666666666666,15.205141618188284,68.42313728184727,0.08660884338111155,0.3274877752303068,11.85209756097561,4.5,1.5,0.5,0.5,1.0,0.0,2,0,0,0,1,0.5
H2_30,M,True,4-2-3-1,6,3,0,2,3,0,4,2,3,1,74,34,3,0.0,9.766472727272728,0.0,0.0,0.0,3,6,2,12,1,5,2.0,0.3103448275862069,0.4827586206896552,0.20689655172413793,0.5,0.2608695652173913,0.16666666666666666,9.766472727272728,9.766472727272728,1.0,0.0,0.0,1.0,0.0,1.0,1.0,0.0,0.0,3,0,0,0,2,0.6666666666666666
H1_15,M,True,4-2-3-1,1,0,0,0,0,0,4,2,3,1,14,3,0,0.0,23.03893400083438,2.0,1.0,1.0,0,2,1,2,0,3,2.0,0.25,0.375,0.375,0.0,0.2857142857142857,0.0,13.524746675771032,54.09898670308413,0.2129331379835341,0.127894955555712,0.0,4.0,0.5,1.0,0.5,0.5,0.5,0,0,0,0,0,0.0
H1_30,M,True,4-2-3-1,1,0,0,0,0,0,4,2,3,1,29,8,0,0.0,21.45775058823529,1.0,0.0,0.0,0,3,1,4,0,4,2.0,0.25,0.4166666666666667,0.3333333333333333,0.0,0.2727272727272727,0.0,10.51245325681492,21.02490651362984,0.5102936028354002,0.0,0.0,2.0,0.0,0.5,0.5,0.0,0.0,0,0,0,0,0,0.0
H1_45,M,True,4-2-3-1,3,0,0,0,0,0,4,2,3,1,44,11,0,21.67942237762238,76.41804011227988,2.0,2.0,2.0,2,9,1,7,0,5,2.0,0.4583333333333333,0.3333333333333333,0.20833333333333334,0.6666666666666666,0.42857142857142855,0.0,12.003053672674483,72.0183220360469,0.6810590674467681,0.15051324277432698,10.83971118881119,6.0,1.0,4.0,1.0,1.0,1.0,0,0,0,0,0,0.0
H2_15,M,True,4-2-3-1,5,0,0,0,0,0,4,2,3,1,59,18,1,14.18844,51.080724124079076,2.0,1.0,1.0,3,13,2,13,0,5,2.0,0.4444444444444444,0.4166666666666667,0.1388888888888889,0.6,0.41935483870967744,0.0,14.406993998738935,86.44196399243361,0.37753170514376666,0.2174767237310426,14.18844,6.0,1.0,2.5,1.0,0.5,0.5,0,0,0,0,0,0.0
H2_30,M,True,4-2-3-1,0,0,0,0,0,0,4,2,3,1,3,2,1,0.0,0.0,0.0,0.0,0.0,0,0,0,1,0,0,1.0,0.0,1.0,0.0,0.0,0.0,0.0,12.349019607843136,12.349019607843136,0.0,0.0,0.0,1.0,0.0,0.0,0.0,0.0,0.0,0,0,0,0,0,0.0
H1_15,G,False,3-4-3,0,0,0,0,0,0,3,4,3,0,14,0,0,0.0,0.0,0.0,0.0,0.0,0,0,0,0,0,0,0.0,0.0,0.0,0.0,0.0,0.0,0.0,0.0,0.0,0.0,0.0,0.0,0.0,0.0,0.0,0.0,0.0,0.0,0,0,0,0,0,0.0
H1_30,G,False,3-4-3,0,0,0,0,0,0,3,4,3,0,29,0,0,0.0,0.0,0.0,0.0,0.0,0,0,0,0,0,0,0.0,0.0,0.0,0.0,0.0,0.0,0.0,0.0,0.0,0.0,0.0,0.0,0.0,0.0,0.0,0.0,0.0,0.0,0,0,0,0,0,0.0
H1_45,G,False,3-4-3,0,0,0,0,0,0,3,4,3,0,44,0,1,0.0,0.0,0.0,0.0,0.0,0,0,0,0,0,0,0.0,0.0,0.0,0.0,0.0,0.0,0.0,0.0,0.0,0.0,0.0,0.0,0.0,0.0,0.0,0.0,0.0,0.0,0,0,0,0,0,0.0
H2_15,G,False,3-4-3,0,0,0,0,0,0,3,4,3,0,59,0,2,0.0,0.0,0.0,0.0,0.0,0,0,0,1,0,0,1.0,0.0,1.0,0.0,0.0,0.0,0.0,6.42648275862069,6.42648275862069,0.0,0.0,0.0,1.0,0.0,0.0,0.0,0.0,0.0,0,0,0,0,0,0.0
H2_30,G,False,3-4-3,0,0,0,0,0,0,3,4,3,0,74,0,2,0.0,0.0,0.0,0.0,0.0,0,0,0,1,0,0,1.0,0.0,1.0,0.0,0.0,0.0,0.0,0.0,0.0,0.0,0.0,0.0,0.0,0.0,0.0,0.0,0.0,0.0,0,0,0,0,0,0.0
H1_15,M,False,3-4-3,1,2,0,1,2,0,3,4,3,0,14,4,0,9.84057142857143,56.54838429948228,2.0,1.0,1.0,1,5,0,3,0,1,2.0,0.6,0.3,0.1,1.0,0.5555555555555556,0.0,12.456980743076672,62.28490371538336,0.5329458004095519,0.07899644088348304,9.84057142857143,5.0,0.5,3.0,0.5,0.5,0.5,2,0,0,1,1,0.5
H1_30,M,False,3-4-3,2,2,0,1,2,0,3,4,3,0,29,4,0,0.0,0.0,2.0,0.0,1.0,1,5,1,7,0,4,2.0,0.3333333333333333,0.4444444444444444,0.2222222222222222,0.5,0.3125,0.0,13.894670348109631,55.578681392438526,0.0,0.10555020947677161,0.0,4.0,0.5,0.0,0.0,0.5,0.0,2,0,0,1,1,0.5
H1_45,M,False,3-4-3,6,2,0,1,2,0,3,4,3,0,44,7,0,7.126153846153846,19.559957366771158,2.0,1.0,1.0,2,8,2,12,2,6,2.0,0.3125,0.4375,0.25,0.3333333333333333,0.3076923076923077,0.3333333333333333,13.611716672400423,95.28201670680296,0.14003750201384887,0.3445569782966623,7.126153846153846,7.0,2.0,2.0,0.5,0.5,0.5,2,0,0,1,1,0.5
H2_15,M,False,3-4-3,10,2,0,1,2,0,3,4,3,0,59,11,1,0.0,39.27489781228712,2.0,1.0,2.0,2,12,6,18,2,8,2.0,0.2916666666666667,0.5,0.20833333333333334,0.2,0.3157894736842105,0.2,14.871141515925153,118.96913212740122,0.16506339547904142,0.41891028102497213,0.0,8.0,2.0,2.0,0.5,1.0,0.5,2,0,0,1,1,0.5
H2_30,M,False,3-4-3,12,2,0,1,2,0,3,4,3,0,74,11,1,5.705142857142857,18.41532394366197,1.0,1.0,1.0,3,13,6,19,3,11,2.0,0.2909090909090909,0.45454545454545453,0.2545454545454545,0.25,0.3023255813953488,0.25,16.51646851181246,115.61527958268722,0.20862698155354148,0.1039272337864541,5.705142857142857,7.0,2.0,2.0,1.0,1.0,1.0,2,0,0,1,1,0.5
H1_15,D,False,3-4-3,0,0,0,0,0,0,3,4,3,0,14,3,0,0.0,0.0,2.0,0.0,0.0,0,0,0,2,0,2,2.0,0.0,0.5,0.5,0.0,0.0,0.0,9.627999211681221,19.255998423362442,0.0,0.0,0.0,2.0,0.0,0.0,0.0,0.0,0.0,0,0,0,0,0,0.0
H1_30,D,False,3-4-3,0,0,0,0,0,0,3,4,3,0,29,8,1,0.0,0.0,2.0,0.0,0.0,0,0,0,3,0,7,2.0,0.0,0.3,0.7,0.0,0.0,0.0,8.622082476634908,25.866247429904725,0.0,0.0,0.0,3.0,0.0,0.0,0.0,0.0,0.0,0,0,0,0,0,0.0
H1_45,D,False,3-4-3,0,0,0,0,0,0,3,4,3,0,44,8,2,0.0,0.0,0.0,0.0,0.0,0,0,0,3,0,8,2.0,0.0,0.2727272727272727,0.7272727272727273,0.0,0.0,0.0,12.232546153846153,12.232546153846153,0.0,0.0,0.0,1.0,0.0,0.0,0.0,0.0,0.0,0,0,0,0,0,0.0
H2_15,D,False,3-4-3,2,0,0,0,0,0,3,4,3,0,59,10,3,11.859512195121953,7.067972413793104,2.0,1.0,2.0,1,1,1,5,0,11,2.0,0.10526315789473684,0.3157894736842105,0.5789473684210527,0.5,0.058823529411764705,0.0,12.816303432713918,51.26521373085567,0.18460358624744136,0.4799301588433831,11.859512195121953,4.0,1.0,1.0,0.5,1.0,0.5,0,0,0,0,0,0.0
H2_30,D,False,3-4-3,2,0,0,0,0,0,3,4,3,0,74,10,4,0.0,0.0,0.0,0.0,0.0,1,1,1,5,0,11,2.0,0.10526315789473684,0.3157894736842105,0.5789473684210527,0.5,0.058823529411764705,0.0,0.0,0.0,0.0,0.0,0.0,0.0,0.0,0.0,0.0,0.0,0.0,0,0,0,0,0,0.0
H1_15,D,False,3-4-3,0,0,0,0,0,0,3,4,3,0,14,3,2,0.0,0.0,1.0,0.0,0.0,0,0,0,1,0,2,2.0,0.0,0.3333333333333333,0.6666666666666666,0.0,0.0,0.0,6.415324979958314,9.62298746993747,0.0,0.0,0.0,1.5,0.0,0.0,0.0,0.0,0.0,0,0,0,0,0,0.0
H1_30,D,False,3-4-3,2,0,0,0,0,0,3,4,3,0,29,10,2,7.616450000000001,10.415657142857144,2.0,1.0,2.0,1,1,1,1,0,4,2.0,0.25,0.25,0.5,0.5,0.16666666666666666,0.0,8.305067965367964,20.762669913419913,0.43424345756231786,0.37315614463124197,7.616450000000001,2.5,1.0,1.0,0.5,1.0,0.5,0,0,0,0,0,0.0
H1_45,D,False,3-4-3,3,0,0,0,0,0,3,4,3,0,44,10,2,0.0,34.98445590171127,1.0,1.0,1.0,1,3,1,1,1,4,2.0,0.36363636363636365,0.18181818181818182,0.45454545454545453,0.3333333333333333,0.375,0.3333333333333333,14.886555888805717,44.65966766641715,0.7833568346953604,0.2166431653046397,0.0,3.0,1.0,2.0,1.0,1.0,1.0,0,0,0,0,0,0.0
H2_15,D,False,3-4-3,6,0,0,0,0,0,3,4,3,0,59,12,2,9.243882352941178,28.70170769230769,1.0,1.0,1.0,2,5,2,1,2,8,2.0,0.35,0.15,0.5,0.3333333333333333,0.35714285714285715,0.3333333333333333,14.48428892876436,65.17930017943962,0.29108620329448204,0.3642342237316997,9.243882352941178,4.5,1.5,1.5,1.0,0.5,0.5,0,0,0,0,0,0.0
H2_30,D,False,3-4-3,6,0,0,0,0,0,3,4,3,0,74,12,3,0.0,0.0,0.0,0.0,0.0,2,5,2,1,2,10,2.0,0.3181818181818182,0.13636363636363635,0.5454545454545454,0.3333333333333333,0.3125,0.3333333333333333,7.878161111111112,7.878161111111112,0.0,0.0,0.0,1.0,0.0,0.0,0.0,0.0,0.0,0,0,0,0,0,0.0
H1_15,D,False,3-4-3,0,0,0,0,0,0,3,4,3,0,14,3,0,0.0,0.0,0.0,0.0,0.0,0,0,0,0,0,1,1.0,0.0,0.0,1.0,0.0,0.0,0.0,5.911822222222222,5.911822222222222,0.0,0.0,0.0,1.0,0.0,0.0,0.0,0.0,0.0,0,0,0,0,0,0.0
H1_30,D,False,3-4-3,1,0,0,0,0,0,3,4,3,0,29,9,0,0.0,0.0,2.0,0.0,1.0,0,0,0,1,1,3,2.0,0.0,0.2,0.8,0.0,0.0,1.0,9.801092388291517,19.602184776583034,0.0,0.17250032952310337,0.0,2.0,0.5,0.0,0.0,0.5,0.0,0,0,0,0,0,0.0
H1_45,D,False,3-4-3,2,0,0,0,0,0,3,4,3,0,44,10,1,0.0,0.0,1.0,0.0,1.0,0,0,0,1,2,7,2.0,0.0,0.1,0.9,0.0,0.0,1.0,9.343993469073817,46.719967345369085,0.0,0.26957852746120115,0.0,5.0,1.0,0.0,0.0,1.0,0.0,0,0,0,0,0,0.0
H2_15,D,False,3-4-3,2,0,0,0,0,0,3,4,3,0,59,16,1,0.0,0.0,1.0,0.0,0.0,0,0,0,2,2,9,2.0,0.0,0.15384615384615385,0.8461538461538461,0.0,0.0,1.0,22.09072944537129,33.136094168056935,0.0,0.0,0.0,1.5,0.0,0.0,0.0,0.0,0.0,0,0,0,0,0,0.0
H2_30,D,False,3-4-3,2,0,0,0,0,0,3,4,3,0,74,18,2,0.0,0.0,1.0,0.0,0.0,0,0,0,3,2,10,2.0,0.0,0.2,0.8,0.0,0.0,1.0,9.187509019607845,18.37501803921569,0.0,0.0,0.0,2.0,0.0,0.0,0.0,0.0,0.0,0,0,0,0,0,0.0
H1_15,A,False,3-4-3,3,0,0,0,0,0,3,4,3,0,14,1,1,11.576553846153844,46.98127551540755,2.0,2.0,2.0,1,4,0,5,2,1,2.0,0.38461538461538464,0.38461538461538464,0.23076923076923078,0.3333333333333333,0.4,0.6666666666666666,11.742664492544467,76.32731920153904,0.3835967905995882,0.26940608612479217,11.576553846153844,6.5,1.5,2.5,1.0,1.0,1.0,0,0,0,0,0,0.0
H1_30,A,False,3-4-3,3,0,0,0,0,0,3,4,3,0,29,3,1,0.0,16.114616888888886,1.0,0.0,0.0,1,6,0,6,2,2,2.0,0.4117647058823529,0.35294117647058826,0.23529411764705882,0.3333333333333333,0.42857142857142855,0.6666666666666666,13.209424062013577,26.418848124027154,0.30498333638992237,0.0,0.0,2.0,0.0,1.0,1.0,0.0,0.0,0,0,0,0,0,0.0
H1_45,A,False,3-4-3,6,0,0,0,0,0,3,4,3,0,44,6,1,36.427004058338625,10.51296066252588,2.0,1.0,2.0,3,8,1,9,2,6,2.0,0.3793103448275862,0.3448275862068966,0.27586206896551724,0.5,0.34782608695652173,0.3333333333333333,11.441463415057527,68.64878049034516,0.3418849132175494,0.43690993849220733,18.213502029169312,6.0,1.5,2.0,1.0,1.0,0.5,0,0,0,0,0,0.0
H2_15,A,False,3-4-3,10,0,0,0,0,0,3,4,3,0,59,8,1,0.0,70.08036197227904,1.0,1.0,1.0,3,11,5,14,2,6,2.0,0.34146341463414637,0.4634146341463415,0.1951219512195122,0.3,0.3548387096774194,0.2,17.868028225121865,107.2081693507312,0.3268424523835089,0.40356719964317167,0.0,6.0,2.0,1.5,0.5,1.0,0.5,0,0,0,0,0,0.0
H2_30,A,False,3-4-3,10,0,0,0,0,0,3,4,3,0,74,8,1,0.0,5.435339130434784,1.0,0.0,0.0,3,12,5,17,2,8,2.0,0.3191489361702128,0.46808510638297873,0.2127659574468085,0.3,0.32432432432432434,0.2,10.893537606395215,32.68061281918565,0.08315846401821275,0.0,0.0,3.0,0.0,0.5,0.5,0.0,0.0,0,0,0,0,0,0.0
H1_15,M,False,3-4-3,0,0,0,0,0,0,3,4,3,0,14,2,0,0.0,30.80574593406594,2.0,1.0,0.0,0,2,0,5,0,2,2.0,0.2222222222222222,0.5555555555555556,0.2222222222222222,0.0,0.2222222222222222,0.0,14.29181582666085,64.31317121997382,0.23949795469344357,0.0,0.0,4.5,0.0,1.0,0.5,0.0,0.5,0,0,0,0,0,0.0
H1_30,M,False,3-4-3,0,0,0,0,0,0,3,4,3,0,29,8,0,0.0,23.46534653465346,2.0,0.0,0.0,0,3,0,8,0,3,2.0,0.21428571428571427,0.5714285714285714,0.21428571428571427,0.0,0.21428571428571427,0.0,12.327448046650092,30.81862011662523,0.38070079785945676,0.0,0.0,2.5,0.0,0.5,0.5,0.0,0.0,0,0,0,0,0,0.0
H1_45,M,False,3-4-3,1,0,0,0,0,0,3,4,3,0,44,11,0,0.0,16.559414634146343,2.0,0.0,1.0,0,5,1,13,0,8,2.0,0.18518518518518517,0.5185185185185185,0.2962962962962963,0.0,0.19230769230769232,0.0,12.71916784972578,82.67459102321757,0.10014814968661864,0.20561817064645244,0.0,6.5,0.5,1.0,1.0,0.5,0.0,0,0,0,0,0,0.0
H2_15,M,False,3-4-3,2,0,0,0,0,0,3,4,3,0,59,13,3,0.0,19.264149999999997,2.0,0.0,1.0,0,6,2,18,0,9,2.0,0.17142857142857143,0.5714285714285714,0.2571428571428571,0.0,0.18181818181818182,0.0,19.981453735124123,79.9258149404965,0.1205126905139588,0.3096451900336472,0.0,4.0,0.5,0.5,0.5,0.5,0.0,0,0,0,0,0,0.0
H2_30,M,False,3-4-3,2,0,0,0,0,0,3,4,3,0,74,14,7,0.0,0.0,1.0,0.0,0.0,0,6,2,20,0,10,2.0,0.15789473684210525,0.5789473684210527,0.2631578947368421,0.0,0.16666666666666666,0.0,8.192577558190601,24.577732674571806,0.0,0.0,0.0,3.0,0.0,0.0,0.0,0.0,0.0,0,0,0,0,0,0.0
H1_15,A,False,3-4-3,4,1,1,0,1,0,3,4,3,0,14,1,0,46.71861004329004,33.7378510527413,2.0,2.0,2.0,3,3,1,4,0,0,2.0,0.5454545454545454,0.45454545454545453,0.0,0.75,0.42857142857142855,0.0,13.498575073043144,74.24216290173729,0.5418515433239665,0.5515727706254165,15.572870014430015,5.5,2.0,3.0,1.0,1.0,1.0,1,0,1,0,0,0.0
H1_30,A,False,3-4-3,5,2,1,1,2,0,3,4,3,0,29,2,0,0.0,0.0,1.0,0.0,1.0,3,3,2,8,0,1,2.0,0.35294117647058826,0.5882352941176471,0.058823529411764705,0.6,0.25,0.0,12.739705357377398,76.43823214426439,0.0,0.273555253875256,0.0,6.0,1.0,0.0,0.0,1.0,0.0,2,0,1,0,1,0.5
H1_45,A,False,3-4-3,9,2,1,1,2,0,3,4,3,0,44,3,0,8.14935172413793,81.82292317764565,2.0,2.0,1.0,4,8,3,11,2,3,2.0,0.3870967741935484,0.45161290322580644,0.16129032258064516,0.4444444444444444,0.36363636363636365,0.2222222222222222,15.447534988796505,108.13274492157554,0.41602696281795565,0.39370651275073376,8.14935172413793,7.0,2.0,3.0,1.0,0.5,1.0,2,0,1,0,1,0.5
H2_15,A,False,3-4-3,12,2,1,1,2,0,3,4,3,0,59,5,0,0.0,15.032019047619048,2.0,0.0,1.0,4,10,6,16,2,3,2.0,0.34146341463414637,0.5365853658536586,0.12195121951219512,0.3333333333333333,0.3448275862068966,0.16666666666666666,10.518661711332033,52.59330855666016,0.14290809477620767,0.3859069853736165,0.0,5.0,1.5,1.0,1.0,0.5,0.0,2,0,1,0,1,0.5
H2_30,A,False,3-4-3,13,2,1,1,2,0,3,4,3,0,74,5,0,22.25151428571429,0.0,1.0,0.0,1.0,5,10,6,18,2,3,2.0,0.3409090909090909,0.5454545454545454,0.11363636363636363,0.38461538461538464,0.3225806451612903,0.15384615384615385,15.187995242154834,22.78199286323225,0.4883575027719788,0.4883575027719788,22.25151428571429,1.5,0.5,0.5,0.5,0.5,0.0,2,0,1,0,1,0.5
H1_15,A,False,3-4-3,4,0,0,0,0,0,3,4,3,0,14,3,0,32.983867924528305,25.859913046953043,2.0,1.0,1.0,1,3,3,7,0,0,2.0,0.2857142857142857,0.7142857142857143,0.0,0.25,0.3,0.0,14.511733701974652,101.58213591382257,0.2896364623667768,0.5278711496702309,32.983867924528305,7.0,2.0,2.0,1.0,0.5,0.5,0,0,0,0,0,0.0
H1_30,A,False,3-4-3,5,0,0,0,0,0,3,4,3,0,29,6,0,0.0,4.441142857142857,2.0,0.0,1.0,1,4,4,10,0,2,2.0,0.23809523809523808,0.6666666666666666,0.09523809523809523,0.2,0.25,0.0,16.88082048040404,50.64246144121212,0.04384801538821648,0.0,0.0,3.5,0.5,0.5,0.5,0.5,0.0,0,0,0,0,0,0.0
H1_45,A,False,3-4-3,9,2,1,0,1,0,3,4,3,0,44,9,0,0.0,16.38493714285714,2.0,0.0,1.0,1,5,6,18,2,4,2.0,0.16666666666666666,0.6666666666666666,0.16666666666666666,0.1111111111111111,0.18518518518518517,0.2222222222222222,11.324426170773943,84.93319628080458,0.09645779189026138,0.2662050584823012,0.0,7.5,2.0,0.5,0.5,0.5,0.0,2,0,1,0,0,0.0
H2_15,A,False,3-4-3,11,3,2,1,2,0,3,4,3,0,59,14,1,9.160921212121211,80.65210358728001,2.0,2.0,1.0,2,12,7,23,2,6,2.0,0.2692307692307692,0.5769230769230769,0.15384615384615385,0.18181818181818182,0.2926829268292683,0.18181818181818182,17.891121664788535,143.12897331830828,0.3137485818460518,0.13349187039558394,9.160921212121211,8.0,1.0,4.0,1.0,0.5,1.0,3,0,1,0,1,0.3333333333333333
H2_30,A,False,3-4-3,13,3,2,1,2,0,3,4,3,0,74,14,1,8.233931034482758,0.0,1.0,0.0,1.0,3,12,8,26,2,7,2.0,0.25862068965517243,0.5862068965517241,0.15517241379310345,0.23076923076923078,0.26666666666666666,0.15384615384615385,11.071518942735565,27.678797356838913,0.14874076587088975,0.14874076587088975,8.233931034482758,3.0,1.0,0.5,0.5,0.5,0.0,3,0,1,0,1,0.3333333333333333
H1_15,M,False,3-4-3,2,0,0,0,0,0,3,4,3,0,14,1,0,0.0,19.570185714285717,2.0,1.0,1.0,0,2,1,4,1,1,2.0,0.2222222222222222,0.5555555555555556,0.2222222222222222,0.0,0.2857142857142857,0.5,10.779199492066745,48.506397714300356,0.201727881645148,0.22333169025000507,0.0,4.5,1.0,1.0,0.5,0.5,0.5,0,0,0,0,0,0.0
H1_30,M,False,3-4-3,3,0,0,0,0,0,3,4,3,0,29,4,0,0.0,5.387519999999999,2.0,0.0,1.0,0,3,1,6,2,2,2.0,0.21428571428571427,0.5,0.2857142857142857,0.0,0.2727272727272727,0.6666666666666666,12.758743843371718,31.896859608429295,0.08445220103386376,0.31301281471023357,0.0,2.5,0.5,0.5,0.5,0.5,0.0,0,0,0,0,0,0.0
H1_45,M,False,3-4-3,6,0,0,0,0,0,3,4,3,0,44,5,0,12.203832558139531,16.533190909090912,2.0,1.0,2.0,1,5,1,10,4,5,2.0,0.23076923076923078,0.4230769230769231,0.34615384615384615,0.16666666666666666,0.25,0.6666666666666666,10.927534642264675,65.56520785358805,0.21914842038938043,0.4099782853990903,12.203832558139531,6.0,1.5,1.5,1.0,1.0,0.5,0,0,0,0,0,0.0
H2_15,M,False,3-4-3,9,0,0,0,0,0,3,4,3,0,59,10,0,13.93176888888889,23.94722814015929,2.0,2.0,1.0,2,8,3,15,4,8,2.0,0.25,0.45,0.3,0.2222222222222222,0.25806451612903225,0.4444444444444444,12.942764506436347,90.59935154505443,0.20904673368556737,0.393335382544864,13.93176888888889,7.0,1.5,2.0,1.0,0.5,1.0,0,0,0,0,0,0.0
H2_30,M,False,3-4-3,9,0,0,0,0,0,3,4,3,0,74,10,0,0.0,0.0,1.0,0.0,0.0,2,8,3,17,4,9,2.0,0.23255813953488372,0.46511627906976744,0.3023255813953488,0.2222222222222222,0.23529411764705882,0.4444444444444444,14.597742245989307,21.89661336898396,0.0,0.0,0.0,1.5,0.0,0.0,0.0,0.0,0.0,0,0,0,0,0,0.0
H1_15,M,False,3-4-3,1,0,0,0,0,0,3,4,3,0,14,4,0,0.0,43.050669758454106,2.0,0.0,1.0,0,2,1,5,0,0,2.0,0.25,0.75,0.0,0.0,0.2857142857142857,0.0,15.672449931551535,62.68979972620614,0.3433626359190432,0.05809128096015309,0.0,4.0,0.5,1.0,1.0,0.5,0.0,0,0,0,0,0,0.0
H1_30,M,False,3-4-3,1,0,0,0,0,0,3,4,3,0,29,6,2,0.0,0.0,1.0,0.0,0.0,0,2,1,6,0,2,2.0,0.18181818181818182,0.6363636363636364,0.18181818181818182,0.0,0.2,0.0,6.025155238095238,9.037732857142856,0.0,0.0,0.0,1.5,0.0,0.0,0.0,0.0,0.0,0,0,0,0,0,0.0
H1_45,M,False,3-4-3,3,0,0,0,0,0,3,4,3,0,44,7,2,12.124520930232556,19.00973650793651,2.0,1.0,2.0,1,4,2,11,0,3,2.0,0.23809523809523808,0.6190476190476191,0.14285714285714285,0.3333333333333333,0.2222222222222222,0.0,10.229933908692967,51.14966954346483,0.3043446586855511,0.3609772202480724,12.124520930232556,5.0,1.0,1.5,0.5,1.0,0.5,0,0,0,0,0,0.0
H2_15,M,False,3-4-3,4,0,0,0,0,0,3,4,3,0,59,8,2,0.0,0.0,2.0,0.0,1.0,1,4,2,15,1,6,2.0,0.1724137931034483,0.5862068965517241,0.2413793103448276,0.25,0.16,0.25,15.390276550004124,61.561106200016496,0.0,0.1503655363164595,0.0,4.0,0.5,0.0,0.0,0.5,0.0,0,0,0,0,0,0.0
H2_30,M,False,3-4-3,0,0,0,0,0,0,3,4,3,0,9,0,0,0.0,0.0,1.0,0.0,0.0,0,0,0,3,0,0,2.0,0.0,1.0,0.0,0.0,0.0,0.0,14.877335545119424,22.316003317679137,0.0,0.0,0.0,1.5,0.0,0.0,0.0,0.0,0.0,0,0,0,0,0,0.0
H1_15,G,True,4-3-3,0,0,0,0,0,0,4,3,3,0,14,0,1,0.0,0.0,0.0,0.0,0.0,0,0,0,0,0,0,0.0,0.0,0.0,0.0,0.0,0.0,0.0,0.0,0.0,0.0,0.0,0.0,0.0,0.0,0.0,0.0,0.0,0.0,0,0,0,0,0,0.0
H1_30,G,True,4-3-3,0,0,0,0,0,0,4,3,3,0,29,0,2,0.0,0.0,0.0,0.0,0.0,0,0,0,0,0,0,0.0,0.0,0.0,0.0,0.0,0.0,0.0,0.0,0.0,0.0,0.0,0.0,0.0,0.0,0.0,0.0,0.0,0.0,0,0,0,0,0,0.0
H1_45,G,True,4-3-3,0,0,0,0,0,0,4,3,3,0,44,0,2,0.0,0.0,0.0,0.0,0.0,0,0,0,0,0,0,0.0,0.0,0.0,0.0,0.0,0.0,0.0,0.0,0.0,0.0,0.0,0.0,0.0,0.0,0.0,0.0,0.0,0.0,0,0,0,0,0,0.0
H2_15,G,True,4-3-3,0,0,0,0,0,0,4,3,3,0,59,0,3,0.0,0.0,0.0,0.0,0.0,0,0,0,0,0,0,0.0,0.0,0.0,0.0,0.0,0.0,0.0,0.0,0.0,0.0,0.0,0.0,0.0,0.0,0.0,0.0,0.0,0.0,0,0,0,0,0,0.0
H2_30,G,True,4-3-3,0,0,0,0,0,0,4,3,3,0,74,1,4,0.0,5.133163636363636,1.0,0.0,0.0,0,1,0,1,0,0,1.0,0.5,0.5,0.0,0.0,0.5,0.0,11.480143582887703,22.960287165775405,0.2235670485870546,0.0,0.0,2.0,0.0,1.0,1.0,0.0,0.0,0,0,0,0,0,0.0
H1_15,D,True,4-3-3,1,0,0,0,0,0,4,3,3,0,14,6,0,0.0,33.302188107769425,2.0,1.0,1.0,0,3,1,4,0,0,2.0,0.375,0.625,0.0,0.0,0.42857142857142855,0.0,10.704624043733368,42.81849617493347,0.38887619933818435,0.14063837704438406,0.0,4.0,0.5,1.5,1.0,0.5,0.5,0,0,0,0,0,0.0
H1_30,D,True,4-3-3,1,0,0,0,0,0,4,3,3,0,29,8,0,0.0,13.93476129032258,1.0,0.0,0.0,0,4,1,6,0,0,2.0,0.36363636363636365,0.6363636363636364,0.0,0.0,0.4,0.0,11.928830290966568,17.893245436449853,0.3893860769923954,0.0,0.0,1.5,0.0,0.5,0.5,0.0,0.0,0,0,0,0,0,0.0
H1_45,D,True,4-3-3,1,0,0,0,0,0,4,3,3,0,44,13,0,0.0,10.749658536585365,1.0,0.0,0.0,0,5,1,9,0,2,2.0,0.29411764705882354,0.5882352941176471,0.11764705882352941,0.0,0.3125,0.0,12.29634314112589,73.77805884675534,0.145702647977138,0.0,0.0,6.0,0.0,1.0,1.0,0.0,0.0,0,0,0,0,0,0.0
H2_15,D,True,4-3-3,1,0,0,0,0,0,4,3,3,0,59,21,1,0.0,17.966944444444447,1.0,0.0,0.0,0,6,1,10,0,3,2.0,0.3,0.55,0.15,0.0,0.3157894736842105,0.0,15.449061862433865,46.347185587301595,0.38765988089182074,0.0,0.0,3.0,0.0,1.0,1.0,0.0,0.0,0,0,0,0,0,0.0
H2_30,D,True,4-3-3,2,0,0,0,0,0,4,3,3,0,74,27,1,0.0,32.7999829787234,1.0,1.0,1.0,0,8,1,14,1,5,2.0,0.27586206896551724,0.5172413793103449,0.20689655172413793,0.0,0.2962962962962963,0.5,21.097243789158295,94.93759705121232,0.17274496088746621,0.029695696781932557,0.0,4.5,0.5,1.0,0.5,0.5,0.5,0,0,0,0,0,0.0
H1_15,D,True,4-3-3,2,0,0,0,0,0,4,3,3,0,14,3,1,17.522607142857144,19.928765608465607,2.0,1.0,1.0,1,2,1,5,0,0,2.0,0.3333333333333333,0.6666666666666666,0.0,0.5,0.2857142857142857,0.0,11.4236507300221,51.40642828509945,0.3642674077998366,0.2681414157752896,17.522607142857144,4.5,1.0,1.5,0.5,0.5,0.5,0,0,0,0,0,0.0
H1_30,D,True,4-3-3,2,0,0,0,0,0,4,3,3,0,29,7,1,0.0,16.999372222222224,1.0,0.0,0.0,1,3,1,8,0,0,2.0,0.3076923076923077,0.6923076923076923,0.0,0.5,0.2727272727272727,0.0,17.62080740079365,35.2416148015873,0.24118321929812028,0.0,0.0,2.0,0.0,0.5,0.5,0.0,0.0,0,0,0,0,0,0.0
H1_45,D,True,4-3-3,3,0,0,0,0,0,4,3,3,0,44,11,1,0.0,16.4752875,2.0,0.0,1.0,1,4,2,12,0,2,2.0,0.23809523809523808,0.6666666666666666,0.09523809523809523,0.3333333333333333,0.2222222222222222,0.0,18.105191082130364,72.42076432852146,0.11374698715732513,0.3019413202111314,0.0,4.0,0.5,0.5,0.5,0.5,0.0,0,0,0,0,0,0.0
H2_15,D,True,4-3-3,4,0,0,0,0,0,4,3,3,0,59,16,2,0.0,19.961714780457637,2.0,0.0,1.0,1,6,3,14,0,4,2.0,0.25,0.6071428571428571,0.14285714285714285,0.25,0.25,0.0,15.528404793539165,54.34941677738708,0.18364240100514767,0.21392171687079817,0.0,3.5,0.5,1.0,1.0,0.5,0.0,0,0,0,0,0,0.0
H2_30,D,True,4-3-3,4,0,0,0,0,0,4,3,3,0,74,17,2,0.0,13.414103703703704,2.0,0.0,0.0,1,7,3,19,0,5,2.0,0.22857142857142856,0.6285714285714286,0.14285714285714285,0.25,0.22580645161290322,0.0,14.125916801679566,49.44070880587848,0.13565848900318328,0.0,0.0,3.5,0.0,0.5,0.5,0.0,0.0,0,0,0,0,0,0.0
H1_15,M,True,4-3-3,0,0,0,0,0,0,4,3,3,0,14,5,1,0.0,24.134426218487395,2.0,1.0,0.0,0,3,0,5,0,1,2.0,0.3333333333333333,0.5555555555555556,0.1111111111111111,0.0,0.3333333333333333,0.0,8.876554664722416,39.944495991250875,0.30209952109263827,0.0,0.0,4.5,0.0,1.5,1.0,0.0,0.5,0,0,0,0,0,0.0
H1_30,M,True,4-3-3,0,0,0,0,0,0,4,3,3,0,29,6,1,0.0,11.536078431372548,1.0,0.0,0.0,0,4,0,6,0,3,2.0,0.3076923076923077,0.46153846153846156,0.23076923076923078,0.0,0.3076923076923077,0.0,11.815322872715358,47.26129149086143,0.24409147671309817,0.0,0.0,4.0,0.0,1.0,1.0,0.0,0.0,0,0,0,0,0,0.0
H1_45,M,True,4-3-3,1,0,0,0,0,0,4,3,3,0,44,10,1,0.0,34.87537910447761,1.0,0.0,1.0,0,5,1,9,0,5,2.0,0.25,0.5,0.25,0.0,0.2631578947368421,0.0,18.2378305898046,127.6648141286322,0.27317925728022413,0.21172140575718287,0.0,7.0,1.0,1.0,1.0,1.0,0.0,0,0,0,0,0,0.0
H1_15,M,True,4-3-3,0,0,0,0,0,0,4,3,3,0,14,3,0,0.0,49.13427463203463,2.0,1.0,0.0,0,4,0,5,0,2,2.0,0.36363636363636365,0.45454545454545453,0.18181818181818182,0.0,0.36363636363636365,0.0,12.038381164174524,66.21109640295988,0.3710425993628324,0.0,0.0,5.5,0.0,2.0,1.0,0.0,0.5,0,0,0,0,0,0.0
H1_30,M,True,4-3-3,1,0,0,0,0,0,4,3,3,0,29,5,1,0.0,8.154375757575758,2.0,0.0,1.0,0,5,1,6,0,7,2.0,0.2631578947368421,0.3684210526315789,0.3684210526315789,0.0,0.2777777777777778,0.0,13.486684673831416,53.946738695325664,0.07557802338737404,0.23151672771787576,0.0,4.0,0.5,0.5,0.5,0.5,0.0,0,0,0,0,0,0.0
H1_45,M,True,4-3-3,7,0,0,0,0,0,4,3,3,0,44,9,2,41.03733223938224,32.30818141025641,2.0,1.0,2.0,3,9,3,10,1,9,2.0,0.34285714285714286,0.37142857142857144,0.2857142857142857,0.42857142857142855,0.32142857142857145,0.14285714285714285,12.107571517168475,96.8605721373478,0.3786138778203534,0.5029259233515597,13.679110746460745,8.0,3.0,3.5,1.0,1.0,0.5,0,0,0,0,0,0.0
H2_15,M,True,4-3-3,7,1,0,1,1,0,4,3,3,0,59,18,2,0.0,21.22350380487805,1.0,1.0,0.0,3,11,3,10,1,11,2.0,0.358974358974359,0.3333333333333333,0.3076923076923077,0.42857142857142855,0.34375,0.14285714285714285,19.28478425960275,38.5695685192055,0.2751327616526216,0.0,0.0,2.0,0.0,1.0,0.5,0.0,0.5,1,0,0,1,1,1.0
H2_30,M,True,4-3-3,7,1,0,1,1,0,4,3,3,0,74,25,2,0.0,12.298392857142856,2.0,0.0,0.0,3,12,3,15,1,13,2.0,0.3191489361702128,0.3829787234042553,0.2978723404255319,0.42857142857142855,0.3,0.14285714285714285,12.603381223175344,50.413524892701375,0.12197513349164123,0.0,0.0,4.0,0.0,0.5,0.5,0.0,0.0,1,0,0,1,1,1.0
H2_15,M,True,4-3-3,1,0,0,0,0,0,4,3,3,0,14,5,0,0.0,61.86286281969596,2.0,1.0,1.0,0,4,1,1,0,0,2.0,0.6666666666666666,0.3333333333333333,0.0,0.0,0.8,0.0,17.08148151079254,51.24444453237762,0.6036055555310912,0.12772861288497858,0.0,3.0,0.5,2.0,1.0,0.5,0.5,0,0,0,0,0,0.0
H2_30,M,True,4-3-3,3,0,0,0,0,0,4,3,3,0,29,6,1,15.785630188679242,21.152547016119108,2.0,1.0,1.0,1,7,2,4,0,0,2.0,0.5714285714285714,0.42857142857142855,0.0,0.3333333333333333,0.6363636363636364,0.0,9.763799342476544,39.055197369906175,0.47289707506715756,0.3626426881642031,15.785630188679242,4.0,1.0,2.0,1.0,0.5,0.5,0,0,0,0,0,0.0
H1_15,M,True,4-3-3,2,0,0,0,0,0,4,3,3,0,14,2,0,0.0,19.830515000000005,2.0,0.0,1.0,0,2,2,8,0,1,2.0,0.15384615384615385,0.7692307692307693,0.07692307692307693,0.0,0.18181818181818182,0.0,11.883813932018636,77.24479055812114,0.12836150410090744,0.2015492867937328,0.0,6.5,1.0,1.0,1.0,0.5,0.0,0,0,0,0,0,0.0
H1_30,M,True,4-3-3,4,0,0,0,0,0,4,3,3,0,29,3,1,6.491366666666667,27.66238088769093,2.0,1.0,2.0,1,5,2,10,1,6,2.0,0.24,0.48,0.28,0.25,0.23809523809523808,0.25,13.976497213568294,83.85898328140976,0.2036379778165576,0.08107462155268616,6.491366666666667,6.0,1.0,2.0,1.0,1.0,0.5,0,0,0,0,0,0.0
H1_45,M,True,4-3-3,6,1,0,0,1,0,4,3,3,0,44,8,1,8.89488,20.172420512820512,2.0,1.0,2.0,2,6,2,13,2,8,2.0,0.24242424242424243,0.45454545454545453,0.30303030303030304,0.3333333333333333,0.2222222222222222,0.3333333333333333,15.57405370377162,62.29621481508648,0.23329909047524658,0.19902139034475902,8.89488,4.0,1.0,1.0,0.5,1.0,0.5,1,0,0,0,0,0.0
H2_15,A,True,4-3-3,2,0,0,0,0,0,4,3,3,0,6,3,0,39.979923603603595,24.411635193798453,2.0,2.0,2.0,2,2,0,2,0,1,2.0,0.5714285714285714,0.2857142857142857,0.14285714285714285,1.0,0.4,0.0,12.524044078164541,43.8341542735759,0.7344907169364343,0.45603621498070385,19.989961801801797,3.5,1.0,2.0,1.0,1.0,1.0,0,0,0,0,0,0.0
H2_30,A,True,4-3-3,3,0,0,0,0,0,4,3,3,0,21,8,0,0.0,32.00014871794872,2.0,1.0,1.0,2,5,1,9,0,1,2.0,0.3888888888888889,0.5555555555555556,0.05555555555555555,0.6666666666666666,0.3333333333333333,0.0,9.236514373097082,50.80082905203395,0.31495695360770404,0.13856370361983947,0.0,5.5,0.5,1.5,1.0,0.5,0.5,0,0,0,0,0,0.0
H2_30,M,True,4-3-3,0,0,0,0,0,0,4,3,3,0,2,0,0,0.0,0.0,1.0,0.0,0.0,0,0,0,1,0,1,1.0,0.0,0.5,0.5,0.0,0.0,0.0,22.061038738508678,44.122077477017356,0.0,0.0,0.0,2.0,0.0,0.0,0.0,0.0,0.0,0,0,0,0,0,0.0
H1_15,D,True,4-3-3,4,0,0,0,0,0,4,3,3,0,14,1,0,8.210372413793102,70.3898753978396,2.0,2.0,2.0,1,8,2,4,1,2,2.0,0.5,0.3333333333333333,0.16666666666666666,0.25,0.5714285714285714,0.25,12.669967541680498,114.02970787512447,0.34464811528636435,0.3502929847008112,8.210372413793102,9.0,2.0,4.5,1.0,1.0,1.0,0,0,0,0,0,0.0
H1_30,D,True,4-3-3,9,0,0,0,0,0,4,3,3,0,29,1,1,15.105509433962265,5.789568,1.0,1.0,1.0,2,9,4,7,3,5,2.0,0.36666666666666664,0.36666666666666664,0.26666666666666666,0.2222222222222222,0.42857142857142855,0.3333333333333333,11.56136733601968,69.36820401611809,0.15060990644292288,0.5716819865837248,15.105509433962265,6.0,2.5,1.0,0.5,0.5,0.5,0,0,0,0,0,0.0
H1_45,D,True,4-3-3,10,0,0,0,0,0,4,3,3,0,44,3,1,10.393297297297297,25.908083492999264,2.0,1.0,1.0,3,12,4,11,3,5,2.0,0.39473684210526316,0.39473684210526316,0.21052631578947367,0.3,0.42857142857142855,0.3,11.065338003183918,44.26135201273567,0.41007989068941314,0.11740826731079916,10.393297297297297,4.0,0.5,2.0,1.0,0.5,0.5,0,0,0,0,0,0.0
H2_15,D,True,4-3-3,12,0,0,0,0,0,4,3,3,0,59,9,2,0.0,6.870342857142856,1.0,1.0,1.0,4,14,5,15,3,6,2.0,0.3829787234042553,0.425531914893617,0.19148936170212766,0.3333333333333333,0.4,0.25,10.290945706629477,36.01830997320317,0.09537292091514343,0.27156220744346105,0.0,4.5,1.0,1.5,0.5,0.5,0.5,0,0,0,0,0,0.0
H2_30,D,True,4-3-3,15,0,0,0,0,0,4,3,3,0,74,12,2,0.0,32.91075748069498,2.0,1.0,1.0,4,17,7,19,4,7,2.0,0.3620689655172414,0.4482758620689655,0.1896551724137931,0.26666666666666666,0.3953488372093023,0.26666666666666666,12.709388416339623,69.90163628986792,0.2354076329788672,0.42009938188994034,0.0,5.5,1.5,1.5,1.0,0.5,0.5,0,0,0,0,0,0.0
H2_15,M,True,4-3-3,1,0,0,0,0,0,4,3,3,0,6,3,0,11.982439024390244,0.0,0.0,0.0,0.0,1,0,0,0,0,1,2.0,0.5,0.0,0.5,1.0,0.0,0.0,11.78517551219512,11.78517551219512,0.5083691376505592,0.5083691376505592,11.982439024390244,1.0,0.5,0.5,0.5,0.5,0.0,0,0,0,0,0,0.0
H2_30,M,True,4-3-3,3,1,1,1,1,0,4,3,3,0,21,7,0,5.799999999999999,48.76142070344767,2.0,2.0,2.0,2,3,0,3,1,1,2.0,0.5,0.3,0.2,0.6666666666666666,0.42857142857142855,0.3333333333333333,16.408403960148,65.633615840592,0.41565149203392976,0.26921494860772155,5.799999999999999,4.0,1.0,2.0,1.0,1.0,1.0,1,0,1,0,1,1.0
H1_15,M,True,4-3-3,4,0,0,0,0,0,4,3,3,0,14,4,1,8.97174193548387,37.115759554137526,2.0,1.0,2.0,3,3,0,7,1,2,2.0,0.375,0.4375,0.1875,0.75,0.25,0.25,13.867977542245983,97.07584279572188,0.23737883783612365,0.18331656553962947,8.97174193548387,8.0,2.0,3.0,1.0,1.0,0.5,0,0,0,0,0,0.0
H1_30,M,True,4-3-3,6,0,0,0,0,0,4,3,3,0,29,4,1,0.0,45.08614021243191,2.0,1.0,1.0,3,7,2,12,1,4,2.0,0.3448275862068966,0.4827586206896552,0.1724137931034483,0.5,0.30434782608695654,0.16666666666666666,12.298117579905558,79.93776426938612,0.2820077633175601,0.273229576210578,0.0,6.5,1.0,2.0,1.0,0.5,0.5,0,0,0,0,0,0.0
H1_45,M,True,4-3-3,10,0,0,0,0,0,4,3,3,0,44,6,2,0.0,49.30200299850075,2.0,1.0,2.0,3,9,4,18,3,5,2.0,0.2857142857142857,0.5238095238095238,0.19047619047619047,0.3,0.28125,0.3,17.835760583305905,115.9324437914884,0.2126324667457775,0.29101366178529825,0.0,6.5,2.0,1.0,0.5,1.0,0.5,0,0,0,0,0,0.0
H1_15,M,True,4-3-3,2,0,0,0,0,0,4,3,3,0,14,7,0,0.0,29.72266224634911,2.0,1.0,1.0,0,3,2,6,0,2,2.0,0.23076923076923078,0.6153846153846154,0.15384615384615385,0.0,0.2727272727272727,0.0,14.63927819029309,95.15530823690509,0.15617973814109015,0.21217385609940728,0.0,6.5,1.0,1.5,0.5,0.5,0.5,0,0,0,0,0,0.0
H1_30,M,True,4-3-3,2,1,0,1,1,0,4,3,3,0,29,11,0,0.0,15.254077611940296,0.0,0.0,0.0,0,4,2,6,0,3,2.0,0.26666666666666666,0.5333333333333333,0.2,0.0,0.3076923076923077,0.0,29.493549675535363,29.493549675535363,0.2586002325890501,0.0,0.0,1.0,0.0,0.5,0.5,0.0,0.0,1,0,0,1,1,1.0
H1_45,M,True,4-3-3,4,1,0,1,1,0,4,3,3,0,44,12,0,0.0,42.36279333333333,2.0,1.0,1.0,0,7,4,6,0,9,2.0,0.2692307692307692,0.38461538461538464,0.34615384615384615,0.0,0.3181818181818182,0.0,19.146246605166382,105.30435632841511,0.20114454335210746,0.40024179145154815,0.0,5.5,1.0,1.5,1.0,0.5,0.5,1,0,0,1,1,1.0
H2_15,M,True,4-3-3,8,1,0,1,1,0,4,3,3,0,59,14,0,6.941951999999999,36.49443625784579,2.0,1.0,2.0,1,11,7,9,0,9,2.0,0.32432432432432434,0.43243243243243246,0.24324324324324326,0.125,0.3793103448275862,0.0,8.351065035672633,41.755325178363165,0.5201299244144518,0.3099545221306383,6.941951999999999,5.5,2.0,2.5,1.0,1.0,0.5,1,0,0,1,1,1.0
H2_30,M,True,4-3-3,10,1,0,1,1,0,4,3,3,0,74,17,0,17.528976271186437,46.87880932632427,1.0,1.0,1.0,2,15,8,11,0,9,2.0,0.37777777777777777,0.4222222222222222,0.2,0.2,0.42857142857142855,0.0,14.133182701925442,56.53273080770177,0.5696504014337839,0.3621158793413417,17.528976271186437,4.0,1.0,2.5,0.5,0.5,0.5,1,0,0,1,1,1.0
H1_15,A,True,4-3-3,2,0,0,0,0,0,4,3,3,0,14,4,0,25.34746829268293,66.49619874808941,2.0,1.0,1.0,1,5,1,8,0,1,2.0,0.375,0.5625,0.0625,0.5,0.35714285714285715,0.0,10.992594052839312,87.9407524227145,0.5221905914523979,0.18656821222419373,25.34746829268293,8.0,1.0,3.0,1.0,0.5,0.5,0,0,0,0,0,0.0
H1_30,A,True,4-3-3,3,0,0,0,0,0,4,3,3,0,29,4,0,0.0,50.79694938215104,2.0,1.0,1.0,1,7,1,11,1,2,2.0,0.34782608695652173,0.5217391304347826,0.13043478260869565,0.3333333333333333,0.35,0.3333333333333333,19.38894229105106,67.86129801867871,0.37427039317881355,0.094617569934247,0.0,3.5,0.5,1.0,0.5,0.5,0.5,0,0,0,0,0,0.0
H1_45,A,True,4-3-3,6,0,0,0,0,0,4,3,3,0,44,7,0,17.28467027027027,124.45184381451803,2.0,2.0,2.0,3,14,2,19,1,4,2.0,0.3953488372093023,0.4883720930232558,0.11627906976744186,0.5,0.3783783783783784,0.16666666666666666,13.00443218687648,130.0443218687648,0.5449546433400714,0.12413076511838256,8.642335135135134,10.0,1.5,4.5,1.0,1.0,1.0,0,0,0,0,0,0.0
H2_15,A,True,4-3-3,6,0,0,0,0,0,4,3,3,0,59,14,0,0.0,40.328246047619054,2.0,2.0,0.0,3,18,2,21,1,5,2.0,0.42,0.46,0.12,0.5,0.4090909090909091,0.16666666666666666,13.888999707952147,48.61149897783251,0.41480150679995764,0.0,0.0,3.5,0.0,2.0,1.0,0.0,1.0,0,0,0,0,0,0.0
H1_15,D,True,4-3-3,0,0,0,0,0,0,4,3,3,0,14,6,1,0.0,22.2164380861244,1.0,1.0,0.0,0,2,0,4,0,2,2.0,0.25,0.5,0.25,0.0,0.25,0.0,9.329539528026576,37.3181581121063,0.29766257513814987,0.0,0.0,4.0,0.0,1.0,0.5,0.0,0.5,0,0,0,0,0,0.0
H1_30,D,True,4-3-3,2,0,0,0,0,0,4,3,3,0,29,7,1,19.39574153846154,0.0,2.0,0.0,1.0,1,2,0,4,1,5,2.0,0.23076923076923078,0.3076923076923077,0.46153846153846156,0.5,0.18181818181818182,0.5,10.85176728559458,27.12941821398645,0.35746696419133217,0.49627432575213193,19.39574153846154,2.5,1.0,0.5,0.5,0.5,0.0,0,0,0,0,0,0.0
H1_45,D,True,4-3-3,2,0,0,0,0,0,4,3,3,0,44,10,1,0.0,8.609577142857145,1.0,0.0,0.0,1,3,0,8,1,6,2.0,0.21052631578947367,0.42105263157894735,0.3684210526315789,0.5,0.17647058823529413,0.5,11.172368581335233,33.5171057440057,0.12843556971497916,0.0,0.0,3.0,0.0,0.5,0.5,0.0,0.0,0,0,0,0,0,0.0
H2_15,D,True,4-3-3,2,0,0,0,0,0,4,3,3,0,59,20,2,0.0,0.0,2.0,0.0,0.0,1,3,0,11,1,7,2.0,0.17391304347826086,0.4782608695652174,0.34782608695652173,0.5,0.14285714285714285,0.5,9.094519197722311,18.189038395444623,0.0,0.0,0.0,2.0,0.0,0.0,0.0,0.0,0.0,0,0,0,0,0,0.0
H2_30,D,True,4-3-3,5,1,0,1,1,0,4,3,3,0,74,25,3,0.0,52.57081510307278,2.0,2.0,1.0,1,8,1,16,3,10,2.0,0.23076923076923078,0.4358974358974359,0.3333333333333333,0.2,0.23529411764705882,0.6,12.542941180489407,100.34352944391526,0.2619541857577177,0.3962730060990844,0.0,8.0,1.5,2.5,1.0,0.5,1.0,1,0,1,0,1,1.0
H1_15,G,False,4-3-3,0,0,0,0,0,0,4,3,3,0,14,1,0,0.0,0.0,0.0,0.0,0.0,0,0,0,0,0,0,0.0,0.0,0.0,0.0,0.0,0.0,0.0,0.0,0.0,0.0,0.0,0.0,0.0,0.0,0.0,0.0,0.0,0.0,0,0,0,0,0,0.0
H1_30,G,False,4-3-3,0,0,0,0,0,0,4,3,3,0,29,2,0,0.0,0.0,0.0,0.0,0.0,0,0,0,0,0,1,1.0,0.0,0.0,1.0,0.0,0.0,0.0,6.975483870967744,6.975483870967744,0.0,0.0,0.0,1.0,0.0,0.0,0.0,0.0,0.0,0,0,0,0,0,0.0
H1_45,G,False,4-3-3,0,0,0,0,0,0,4,3,3,0,44,2,0,0.0,0.0,0.0,0.0,0.0,0,0,0,1,0,1,2.0,0.0,0.5,0.5,0.0,0.0,0.0,6.090239999999999,6.090239999999999,0.0,0.0,0.0,1.0,0.0,0.0,0.0,0.0,0.0,0,0,0,0,0,0.0
H2_15,G,False,4-3-3,0,0,0,0,0,0,4,3,3,0,59,2,1,0.0,0.0,0.0,0.0,0.0,0,0,0,1,0,1,2.0,0.0,0.5,0.5,0.0,0.0,0.0,0.0,0.0,0.0,0.0,0.0,0.0,0.0,0.0,0.0,0.0,0.0,0,0,0,0,0,0.0
H2_30,G,False,4-3-3,0,0,0,0,0,0,4,3,3,0,74,2,2,0.0,0.0,0.0,0.0,0.0,0,0,0,1,0,1,2.0,0.0,0.5,0.5,0.0,0.0,0.0,0.0,0.0,0.0,0.0,0.0,0.0,0.0,0.0,0.0,0.0,0.0,0,0,0,0,0,0.0
H1_15,D,False,4-3-3,1,0,0,0,0,0,4,3,3,0,14,4,0,0.0,46.97812768328446,2.0,1.0,1.0,0,3,1,5,0,1,2.0,0.3,0.6,0.1,0.0,0.3333333333333333,0.0,18.690860799890146,93.45430399945073,0.25134277220426665,0.16758199015124264,0.0,5.0,0.5,1.5,1.0,0.5,0.5,0,0,0,0,0,0.0
H1_30,D,False,4-3-3,1,0,0,0,0,0,4,3,3,0,29,10,0,0.0,16.951459670164915,2.0,1.0,0.0,0,5,1,10,0,2,2.0,0.2777777777777778,0.6111111111111112,0.1111111111111111,0.0,0.29411764705882354,0.0,13.560630025236387,54.24252010094555,0.15625619568023555,0.0,0.0,4.0,0.0,1.0,0.5,0.0,0.5,0,0,0,0,0,0.0
H1_45,D,False,4-3-3,7,0,0,0,0,0,4,3,3,0,44,12,1,0.0,106.76144762374156,2.0,1.0,2.0,0,9,5,16,2,5,2.0,0.24324324324324326,0.5675675675675675,0.1891891891891892,0.0,0.3,0.2857142857142857,13.901119002037289,132.06063051935425,0.4042137584982038,0.2806649183407023,0.0,9.5,3.0,2.0,1.0,1.0,0.5,0,0,0,0,0,0.0
H2_15,D,False,4-3-3,8,0,0,0,0,0,4,3,3,0,59,15,1,0.0,0.0,1.0,0.0,1.0,0,9,6,17,2,6,2.0,0.225,0.575,0.2,0.0,0.28125,0.25,20.866704715447153,31.30005707317073,0.0,0.26389217056987524,0.0,1.5,0.5,0.0,0.0,0.5,0.0,0,0,0,0,0,0.0
H2_30,D,False,4-3-3,9,0,0,0,0,0,4,3,3,0,74,15,3,0.0,0.0,2.0,0.0,1.0,0,9,7,23,2,8,2.0,0.1836734693877551,0.6122448979591837,0.20408163265306123,0.0,0.225,0.2222222222222222,13.34944654429439,60.072509449324755,0.0,0.16148388202708167,0.0,4.5,0.5,0.0,0.0,0.5,0.0,0,0,0,0,0,0.0
H1_15,D,False,4-3-3,1,0,0,0,0,0,4,3,3,0,14,21,2,0.0,0.0,2.0,0.0,1.0,0,0,0,5,1,2,2.0,0.0,0.625,0.375,0.0,0.0,1.0,12.192262873238661,48.769051492954645,0.0,0.2876198044772603,0.0,4.0,0.5,0.0,0.0,0.5,0.0,0,0,0,0,0,0.0
H1_30,D,False,4-3-3,1,0,0,0,0,0,4,3,3,0,29,30,2,0.0,13.255723636363635,2.0,0.0,0.0,0,1,0,8,1,3,2.0,0.07692307692307693,0.6153846153846154,0.3076923076923077,0.0,0.08333333333333333,1.0,15.54772008425824,38.8693002106456,0.17051662320297103,0.0,0.0,2.5,0.0,0.5,0.5,0.0,0.0,0,0,0,0,0,0.0
H1_45,D,False,4-3-3,1,0,0,0,0,0,4,3,3,0,44,43,2,0.0,47.21189807249363,2.0,1.0,0.0,0,3,0,11,1,6,2.0,0.14285714285714285,0.5238095238095238,0.3333333333333333,0.0,0.15,1.0,16.71854504723984,66.87418018895936,0.35299048107275427,0.0,0.0,4.0,0.0,1.0,0.5,0.0,0.5,0,0,0,0,0,0.0
H2_15,D,False,4-3-3,1,0,0,0,0,0,4,3,3,0,59,48,2,0.0,0.0,1.0,0.0,0.0,0,3,0,15,1,7,2.0,0.11538461538461539,0.5769230769230769,0.3076923076923077,0.0,0.12,1.0,9.022129577948235,45.11064788974117,0.0,0.0,0.0,5.0,0.0,0.0,0.0,0.0,0.0,0,0,0,0,0,0.0
H2_30,D,False,4-3-3,1,0,0,0,0,0,4,3,3,0,74,49,3,0.0,8.559852631578948,1.0,0.0,0.0,0,4,0,16,1,8,2.0,0.13793103448275862,0.5517241379310345,0.3103448275862069,0.0,0.14285714285714285,1.0,12.688987931278136,19.033481896917205,0.22486302500871796,0.0,0.0,1.5,0.0,0.5,0.5,0.0,0.0,0,0,0,0,0,0.0
H1_15,M,False,4-3-3,2,0,0,0,0,0,4,3,3,0,14,7,1,0.0,0.0,2.0,0.0,1.0,0,0,2,8,0,4,2.0,0.0,0.7142857142857143,0.2857142857142857,0.0,0.0,0.0,12.238516385422642,85.6696146979585,0.0,0.22811559590029265,0.0,7.0,1.0,0.0,0.0,0.5,0.0,0,0,0,0,0,0.0
H1_30,M,False,4-3-3,2,2,0,0,2,0,4,3,3,0,29,13,1,0.0,53.53155807414308,2.0,1.0,0.0,0,3,2,12,0,5,2.0,0.13636363636363635,0.6363636363636364,0.22727272727272727,0.0,0.15,0.0,20.146648303661607,80.58659321464643,0.3321368725164935,0.0,0.0,4.0,0.0,1.5,1.0,0.0,0.5,2,0,1,2,0,0.0
H1_45,M,False,4-3-3,2,2,0,0,2,0,4,3,3,0,44,21,2,0.0,0.0,2.0,0.0,0.0,0,3,2,17,0,9,2.0,0.0967741935483871,0.6129032258064516,0.2903225806451613,0.0,0.10344827586206896,0.0,19.89574854169733,89.53086843763798,0.0,0.0,0.0,4.5,0.0,0.0,0.0,0.0,0.0,2,0,1,2,0,0.0
H2_15,M,False,4-3-3,2,2,0,0,2,0,4,3,3,0,59,24,2,0.0,15.22119375,1.0,0.0,0.0,0,4,2,21,0,9,2.0,0.1111111111111111,0.6388888888888888,0.25,0.0,0.11764705882352941,0.0,12.383761395502646,30.959403488756614,0.2458250488503083,0.0,0.0,2.5,0.0,0.5,0.5,0.0,0.0,2,0,1,2,0,0.0
H2_30,M,False,4-3-3,3,2,0,0,2,0,4,3,3,0,74,24,4,0.0,11.633889361702126,2.0,0.0,1.0,0,5,3,27,0,9,2.0,0.11363636363636363,0.6818181818181818,0.20454545454545456,0.0,0.12195121951219512,0.0,11.608278517277405,46.43311406910962,0.12527578211087245,0.07322222659758809,0.0,4.0,0.5,0.5,0.5,0.5,0.0,2,0,1,2,0,0.0
H1_15,M,False,4-3-3,2,0,0,0,0,0,4,3,3,0,14,4,0,0.0,0.0,2.0,0.0,2.0,0,0,2,6,0,3,2.0,0.0,0.7272727272727273,0.2727272727272727,0.0,0.0,0.0,12.981828503387675,71.40005676863221,0.0,0.13070307296125508,0.0,5.5,1.0,0.0,0.0,1.0,0.0,0,0,0,0,0,0.0
H1_30,M,False,4-3-3,3,1,0,0,1,0,4,3,3,0,29,10,0,0.0,13.03647816091954,2.0,0.0,1.0,0,2,3,11,0,4,2.0,0.1,0.7,0.2,0.0,0.11764705882352941,0.0,12.944454022852788,58.25004310283755,0.11190101729113132,0.0972929249711518,0.0,4.5,0.5,1.0,1.0,0.5,0.0,1,0,0,1,0,0.0
H1_45,M,False,4-3-3,6,2,0,0,2,0,4,3,3,0,44,18,0,0.0,0.0,2.0,0.0,2.0,0,2,5,14,1,7,2.0,0.06896551724137931,0.6551724137931034,0.27586206896551724,0.0,0.08695652173913043,0.16666666666666666,17.034418038493452,76.65488117322053,0.0,0.45603975725604673,0.0,4.5,1.5,0.0,0.0,1.0,0.0,2,0,0,1,0,0.0
H2_15,M,False,4-3-3,7,2,0,0,2,0,4,3,3,0,59,22,2,34.6163829059829,13.455413142174432,2.0,1.0,1.0,1,4,5,18,1,8,2.0,0.13513513513513514,0.6216216216216216,0.24324324324324326,0.14285714285714285,0.13333333333333333,0.14285714285714285,12.827124372569783,51.30849749027913,0.46845842696197626,0.3373357689195761,34.6163829059829,4.0,0.5,1.5,1.0,0.5,0.5,2,0,0,1,0,0.0
H2_30,M,False,4-3-3,3,0,0,0,0,0,4,3,3,0,13,3,0,28.82721739130435,13.379917460317458,1.0,1.0,1.0,1,2,2,2,0,1,2.0,0.375,0.5,0.125,0.3333333333333333,0.4,0.0,20.866137933620987,83.46455173448395,0.25284467462241006,0.6239314193622639,28.82721739130435,4.0,1.5,1.5,0.5,0.5,0.5,0,0,0,0,0,0.0
H2_30,A,False,4-3-3,1,0,0,0,0,0,4,3,3,0,6,0,0,24.888112941176473,27.150133333333333,1.0,1.0,1.0,1,1,0,2,0,0,2.0,0.5,0.5,0.0,1.0,0.3333333333333333,0.0,19.72859648420566,39.45719296841132,0.6594266134969439,0.31538118995314013,24.888112941176473,2.0,0.5,1.0,0.5,0.5,0.5,0,0,0,0,0,0.0
H1_15,A,False,4-3-3,2,0,0,0,0,1,4,3,3,0,14,0,0,15.47168148148148,30.513679963144963,2.0,1.0,2.0,1,3,1,3,0,0,2.0,0.5,0.5,0.0,0.5,0.5,0.0,9.94922827501148,39.79691310004592,0.5777503562779267,0.3156036869963196,15.47168148148148,4.0,1.0,2.0,1.0,1.0,0.5,0,0,0,0,0,0.0
H1_30,A,False,4-3-3,2,3,2,3,3,0,4,3,3,0,29,1,0,0.0,40.792415454545456,2.0,1.0,0.0,1,6,1,4,0,1,2.0,0.5384615384615384,0.38461538461538464,0.07692307692307693,0.5,0.5454545454545454,0.0,13.29197399207188,33.2299349801797,0.6137901786277413,0.0,0.0,2.5,0.0,1.5,0.5,0.0,0.5,3,0,0,1,3,1.0
H1_45,A,False,4-3-3,2,4,3,4,4,0,4,3,3,0,44,2,0,0.0,50.48458823529412,2.0,0.0,0.0,1,8,1,7,0,3,2.0,0.45,0.4,0.15,0.5,0.4444444444444444,0.0,13.853254951605761,48.48639233062016,0.5206057391427332,0.0,0.0,3.5,0.0,1.0,1.0,0.0,0.0,4,0,1,1,4,1.0
H2_15,A,False,4-3-3,4,4,3,4,4,0,4,3,3,0,59,3,0,19.253981249999995,42.33674712002973,1.0,1.0,1.0,2,11,2,8,0,5,2.0,0.4642857142857143,0.35714285714285715,0.17857142857142858,0.5,0.4583333333333333,0.0,15.805480764590934,63.221923058363735,0.48709945372249935,0.38592086623725286,19.253981249999995,4.0,1.0,2.0,0.5,0.5,0.5,4,0,1,1,4,1.0
H2_30,D,False,4-3-3,1,0,0,0,0,0,4,3,3,0,6,0,2,0.0,0.0,1.0,0.0,1.0,0,0,1,1,0,2,1.0,0.0,0.5,0.5,0.0,0.0,0.0,13.997807273236567,55.99122909294627,0.0,0.5297612586921545,0.0,4.0,1.0,0.0,0.0,1.0,0.0,0,0,0,0,0,0.0
H1_15,D,False,4-3-3,3,0,0,0,0,0,4,3,3,0,14,5,1,0.0,0.0,1.0,0.0,1.0,0,0,2,3,1,0,2.0,0.0,0.8333333333333334,0.16666666666666666,0.0,0.0,0.3333333333333333,17.254601722213334,51.76380516664,0.0,0.6860362647852356,0.0,3.0,1.5,0.0,0.0,0.5,0.0,0,0,0,0,0,0.0
H1_30,D,False,4-3-3,4,0,0,0,0,0,4,3,3,0,29,7,3,0.0,0.0,1.0,0.0,1.0,0,0,3,4,1,1,2.0,0.0,0.7777777777777778,0.2222222222222222,0.0,0.0,0.25,13.026617421136308,39.079852263408924,0.0,0.4107527519436143,0.0,3.0,1.0,0.0,0.0,1.0,0.0,0,0,0,0,0,0.0
H1_45,D,False,4-3-3,7,0,0,0,0,0,4,3,3,0,44,10,3,38.22033209908735,20.94050454545454,2.0,1.0,2.0,2,1,3,7,2,3,2.0,0.16666666666666666,0.5555555555555556,0.2777777777777778,0.2857142857142857,0.09090909090909091,0.2857142857142857,18.9073896030004,85.0832532135018,0.34766440168953067,0.42083569378627705,19.110166049543675,4.5,1.5,1.5,1.0,1.0,0.5,0,0,0,0,0,0.0
H2_15,D,False,4-3-3,7,0,0,0,0,0,4,3,3,0,59,11,5,0.0,0.0,1.0,0.0,0.0,2,1,3,9,2,4,2.0,0.14285714285714285,0.5714285714285714,0.2857142857142857,0.2857142857142857,0.07142857142857142,0.2857142857142857,16.551733439550144,24.827600159325215,0.0,0.0,0.0,1.5,0.0,0.0,0.0,0.0,0.0,0,0,0,0,0,0.0
H1_15,D,False,4-3-3,0,0,0,0,0,0,4,3,3,0,14,7,1,0.0,0.0,1.0,0.0,0.0,0,0,0,2,0,1,1.0,0.0,0.6666666666666666,0.3333333333333333,0.0,0.0,0.0,11.020953618357487,33.06286085507246,0.0,0.0,0.0,3.0,0.0,0.0,0.0,0.0,0.0,0,0,0,0,0,0.0
H1_30,D,False,4-3-3,0,0,0,0,0,0,4,3,3,0,29,20,1,0.0,0.0,0.0,0.0,0.0,0,0,0,3,0,1,1.0,0.0,0.75,0.25,0.0,0.0,0.0,9.023609756097562,9.023609756097562,0.0,0.0,0.0,1.0,0.0,0.0,0.0,0.0,0.0,0,0,0,0,0,0.0
H1_45,D,False,4-3-3,1,0,0,0,0,0,4,3,3,0,44,30,4,0.0,9.915018181818182,2.0,0.0,1.0,0,1,0,5,1,4,2.0,0.09090909090909091,0.45454545454545453,0.45454545454545453,0.0,0.1,1.0,10.187879911275214,35.65757968946325,0.13903100362064189,0.17488504062910343,0.0,3.5,0.5,0.5,0.5,0.5,0.0,0,0,0,0,0,0.0
H2_15,D,False,4-3-3,1,0,0,0,0,0,4,3,3,0,59,37,5,0.0,0.0,1.0,0.0,0.0,0,1,0,6,1,6,2.0,0.07142857142857142,0.42857142857142855,0.5,0.0,0.07692307692307693,1.0,14.27577896546864,21.41366844820296,0.0,0.0,0.0,1.5,0.0,0.0,0.0,0.0,0.0,0,0,0,0,0,0.0
H2_30,D,False,4-3-3,1,0,0,0,0,0,4,3,3,0,74,38,7,0.0,0.0,1.0,0.0,0.0,0,1,0,8,1,7,2.0,0.058823529411764705,0.47058823529411764,0.47058823529411764,0.0,0.0625,1.0,17.090969222481387,51.27290766744416,0.0,0.0,0.0,3.0,0.0,0.0,0.0,0.0,0.0,0,0,0,0,0,0.0
H1_15,M,False,4-3-3,2,0,0,0,0,0,4,3,3,0,14,6,1,0.0,10.38087111111111,2.0,0.0,1.0,0,1,1,5,1,2,2.0,0.1,0.6,0.3,0.0,0.125,0.5,13.441335704809712,67.20667852404856,0.077230948910803,0.12837363049013223,0.0,5.0,1.0,0.5,0.5,0.5,0.0,0,0,0,0,0,0.0
H1_30,M,False,4-3-3,2,0,0,0,0,0,4,3,3,0,29,14,1,0.0,45.68543382120525,2.0,2.0,0.0,0,7,1,8,1,2,2.0,0.3684210526315789,0.47368421052631576,0.15789473684210525,0.0,0.4117647058823529,0.5,9.577935980133919,43.100711910602634,0.5299846777004951,0.0,0.0,4.5,0.0,3.0,1.0,0.0,1.0,0,0,0,0,0,0.0
H1_45,M,False,4-3-3,3,0,0,0,0,0,4,3,3,0,44,20,1,0.0,14.303928571428573,2.0,0.0,1.0,0,8,2,15,1,5,2.0,0.25806451612903225,0.5483870967741935,0.1935483870967742,0.0,0.2857142857142857,0.3333333333333333,12.788558691019679,76.73135214611807,0.09320784901711279,0.12454062545434699,0.0,6.0,0.5,0.5,0.5,0.5,0.0,0,0,0,0,0,0.0
H2_15,M,False,4-3-3,3,0,0,0,0,0,4,3,3,0,59,21,1,0.0,18.042414536340853,1.0,1.0,0.0,0,10,2,16,1,5,2.0,0.29411764705882354,0.5294117647058824,0.17647058823529413,0.0,0.3225806451612903,0.3333333333333333,11.470959747407734,34.412879242223205,0.5242925013436116,0.0,0.0,3.0,0.0,2.0,1.0,0.0,1.0,0,0,0,0,0,0.0
H2_30,M,False,4-3-3,3,0,0,0,0,0,4,3,3,0,74,23,2,0.0,0.0,1.0,0.0,0.0,0,10,2,18,1,5,2.0,0.2777777777777778,0.5555555555555556,0.16666666666666666,0.0,0.30303030303030304,0.3333333333333333,15.284010310922138,30.568020621844276,0.0,0.0,0.0,2.0,0.0,0.0,0.0,0.0,0.0,0,0,0,0,0,0.0
H1_15,A,False,4-3-3,2,0,0,0,0,0,4,3,3,0,14,3,0,11.934829268292685,17.215079220779224,2.0,1.0,2.0,1,2,1,8,0,2,2.0,0.21428571428571427,0.6428571428571429,0.14285714285714285,0.5,0.16666666666666666,0.0,14.320532670086916,100.2437286906084,0.1453951726947428,0.12257562165652214,11.934829268292685,7.0,1.0,1.5,1.0,1.0,0.5,0,0,0,0,0,0.0
H1_30,A,False,4-3-3,3,0,0,0,0,0,4,3,3,0,29,8,0,23.95243636363636,16.47569411764706,1.0,1.0,1.0,2,3,1,10,0,2,2.0,0.2777777777777778,0.6111111111111112,0.1111111111111111,0.6666666666666666,0.2,0.0,13.374682620320854,53.49873048128342,0.7556839221713353,0.4477197149942865,23.95243636363636,4.0,1.0,2.0,1.0,1.0,1.0,0,0,0,0,0,0.0
H1_45,A,False,4-3-3,4,0,0,0,0,0,4,3,3,0,44,12,0,0.0,38.99418796296297,2.0,1.0,1.0,2,6,2,13,0,3,2.0,0.3076923076923077,0.5769230769230769,0.11538461538461539,0.5,0.2727272727272727,0.0,11.604371927608236,46.417487710432944,0.42003768284726134,0.10662853195124825,0.0,4.0,0.5,1.5,1.0,0.5,0.5,0,0,0,0,0,0.0
H2_15,A,False,4-3-3,6,0,0,0,0,0,4,3,3,0,59,17,0,0.0,17.2604776119403,2.0,0.0,1.0,2,7,4,17,0,6,2.0,0.25,0.5833333333333334,0.16666666666666666,0.3333333333333333,0.23333333333333334,0.0,13.524587474406786,67.62293737203393,0.12762295075249513,0.2942247739035417,0.0,5.0,1.0,0.5,0.5,0.5,0.0,0,0,0,0,0,0.0
H2_30,A,False,4-3-3,8,0,0,0,0,0,4,3,3,0,74,19,0,14.449019607843136,7.9022875,2.0,1.0,1.0,3,8,5,24,0,7,2.0,0.23404255319148937,0.6170212765957447,0.14893617021276595,0.375,0.20512820512820512,0.0,10.85260366042509,59.689320132338,0.18723037101350584,0.35940676733848,14.449019607843136,5.5,1.0,1.0,0.5,0.5,0.5,0,0,0,0,0,0.0
H1_15,A,False,4-3-3,0,0,0,0,0,1,4,3,3,0,14,2,0,0.0,11.82241212121212,2.0,0.0,0.0,0,2,0,4,0,4,2.0,0.2,0.4,0.4,0.0,0.2,0.0,13.167858915204528,65.83929457602264,0.08978234196875498,0.0,0.0,5.0,0.0,1.0,1.0,0.0,0.0,0,0,0,0,0,0.0
H1_30,A,False,4-3-3,2,1,0,1,1,1,4,3,3,0,29,7,0,0.0,8.471091891891891,2.0,0.0,2.0,0,3,2,9,0,6,2.0,0.15,0.55,0.3,0.0,0.16666666666666666,0.0,12.54863842812182,62.743192140609096,0.0675060640276953,0.2942499842298495,0.0,5.0,1.0,0.5,0.5,1.0,0.0,1,0,0,1,1,1.0
H1_45,A,False,4-3-3,4,1,0,1,1,1,4,3,3,0,44,9,0,0.0,24.848198018648016,2.0,1.0,2.0,0,6,3,12,1,9,2.0,0.1935483870967742,0.4838709677419355,0.3225806451612903,0.0,0.2222222222222222,0.25,16.815379771923723,92.48458874558048,0.13433696551867635,0.4127693921614876,0.0,5.5,1.0,1.5,0.5,1.0,0.5,1,0,0,1,1,1.0
H2_15,A,False,4-3-3,7,2,1,2,2,0,4,3,3,0,59,11,0,41.968068571428574,10.11946046511628,2.0,1.0,2.0,2,7,4,18,1,10,2.0,0.21428571428571427,0.5238095238095238,0.2619047619047619,0.2857142857142857,0.2,0.14285714285714285,13.947357928777842,76.71046860827813,0.3395073057272647,0.3908380194122841,20.984034285714287,5.5,1.5,1.5,1.0,1.0,0.5,2,0,0,1,2,1.0
H2_30,M,False,4-3-3,4,0,0,0,0,0,4,3,3,0,13,0,0,78.56355701578192,12.536616267942584,2.0,2.0,2.0,2,2,1,6,1,1,2.0,0.3076923076923077,0.5384615384615384,0.15384615384615385,0.5,0.2222222222222222,0.25,14.470791691693107,94.06014599600519,0.4842655320117918,0.5731293660070849,39.28177850789096,6.5,2.0,2.0,1.0,1.0,1.0,0,0,0,0,0,0.0
H1_15,D,True,4-3-3,2,0,0,0,0,0,4,3,3,0,14,6,3,0.0,9.645686128364389,2.0,0.0,2.0,0,2,1,1,1,5,2.0,0.2,0.2,0.6,0.0,0.25,0.5,12.308522449241881,61.54261224620941,0.07836591409035043,0.3701532946984766,0.0,5.0,1.0,1.0,1.0,1.0,0.0,0,0,0,0,0,0.0
H1_30,D,True,4-3-3,6,0,0,0,0,0,4,3,3,0,29,6,3,13.040035555555557,32.70445854545455,2.0,2.0,2.0,1,7,3,4,2,8,2.0,0.32,0.28,0.4,0.16666666666666666,0.3684210526315789,0.3333333333333333,10.969516575317357,82.27137431488018,0.2780097845815153,0.28941299863033515,13.040035555555557,7.5,2.0,3.0,1.0,1.0,1.0,0,0,0,0,0,0.0
H1_45,D,True,4-3-3,8,0,0,0,0,0,4,3,3,0,44,11,3,9.730217142857144,14.9662375,2.0,1.0,2.0,2,9,3,6,3,9,2.0,0.34375,0.28125,0.375,0.25,0.375,0.375,8.084121671824107,28.294425851384375,0.43641908078599184,0.31697256888680897,9.730217142857144,3.5,1.0,1.5,0.5,1.0,0.5,0,0,0,0,0,0.0
H2_15,D,True,4-3-3,11,0,0,0,0,0,4,3,3,0,59,15,3,0.0,33.234240170940176,2.0,1.0,2.0,2,12,4,9,5,13,2.0,0.3111111111111111,0.28888888888888886,0.4,0.18181818181818182,0.35294117647058826,0.45454545454545453,12.563363010185364,81.66185956620487,0.20348691756153633,0.3456500675459983,0.0,6.5,1.5,1.5,1.0,1.0,0.5,0,0,0,0,0,0.0
H2_30,D,True,4-3-3,11,1,0,0,1,0,4,3,3,0,74,19,4,0.0,22.647493999225706,2.0,1.0,0.0,2,15,4,12,5,14,2.0,0.3269230769230769,0.3076923076923077,0.36538461538461536,0.18181818181818182,0.36585365853658536,0.45454545454545453,18.040780066955424,63.142730234343986,0.1793357201626633,0.0,0.0,3.5,0.0,1.5,1.0,0.0,0.5,1,0,0,1,0,0.0
H1_15,D,True,4-3-3,1,0,0,0,0,0,4,3,3,0,14,11,2,0.0,4.973530434782608,2.0,0.0,1.0,0,1,0,2,1,4,2.0,0.125,0.25,0.625,0.0,0.14285714285714285,1.0,9.513137471516064,38.052549886064256,0.06535081682665414,0.25325560487579424,0.0,4.0,0.5,0.5,0.5,0.5,0.0,0,0,0,0,0,0.0
H1_30,D,True,4-3-3,1,0,0,0,0,0,4,3,3,0,29,13,3,0.0,10.361739130434785,2.0,0.0,0.0,0,2,0,3,1,10,2.0,0.125,0.1875,0.6875,0.0,0.13333333333333333,1.0,12.098767655642481,48.395070622569925,0.10705366266789162,0.0,0.0,4.0,0.0,0.5,0.5,0.0,0.0,0,0,0,0,0,0.0
H1_45,D,True,4-3-3,2,0,0,0,0,0,4,3,3,0,44,21,5,0.0,0.0,1.0,0.0,1.0,0,2,1,5,1,10,2.0,0.10526315789473684,0.3157894736842105,0.5789473684210527,0.0,0.11764705882352941,0.5,8.814850476190477,13.222275714285715,0.0,0.21687787409551537,0.0,1.5,0.5,0.0,0.0,0.5,0.0,0,0,0,0,0,0.0
H2_15,D,True,4-3-3,2,0,0,0,0,0,4,3,3,0,59,25,6,0.0,20.204020739106454,1.0,0.0,0.0,0,4,1,5,1,14,2.0,0.16,0.24,0.6,0.0,0.17391304347826086,0.5,13.314527559274888,39.943582677824665,0.2529069675855973,0.0,0.0,3.0,0.0,1.0,1.0,0.0,0.0,0,0,0,0,0,0.0
H2_30,D,True,4-3-3,2,0,0,0,0,0,4,3,3,0,74,28,6,0.0,8.48198918918919,1.0,0.0,0.0,0,5,1,6,1,15,2.0,0.17857142857142858,0.25,0.5714285714285714,0.0,0.19230769230769232,0.5,12.17116584084084,18.25674876126126,0.23229736302191448,0.0,0.0,1.5,0.0,0.5,0.5,0.0,0.0,0,0,0,0,0,0.0
H1_15,D,True,4-3-3,2,0,0,0,0,0,4,3,3,0,14,9,2,0.0,28.17466570829589,2.0,0.0,2.0,0,2,2,2,0,2,2.0,0.25,0.5,0.25,0.0,0.3333333333333333,0.0,12.4025865360142,49.6103461440568,0.283959575957032,0.341749201067636,0.0,4.0,1.0,1.0,1.0,1.0,0.0,0,0,0,0,0,0.0
H1_30,D,True,4-3-3,5,0,0,0,0,0,4,3,3,0,29,19,2,17.675647457627115,5.512626086956523,2.0,1.0,2.0,1,3,2,4,2,3,2.0,0.26666666666666666,0.4,0.3333333333333333,0.2,0.3,0.4,9.911446575442875,34.69006301405006,0.33422068929641313,0.46904995358965174,17.675647457627115,3.5,1.5,1.0,0.5,1.0,0.5,0,0,0,0,0,0.0
H1_45,D,True,4-3-3,5,0,0,0,0,0,4,3,3,0,44,24,4,0.0,0.0,0.0,0.0,0.0,1,3,2,4,2,4,2.0,0.25,0.375,0.375,0.2,0.2727272727272727,0.4,12.521960784313723,12.521960784313723,0.0,0.0,0.0,1.0,0.0,0.0,0.0,0.0,0.0,0,0,0,0,0,0.0
H2_15,D,True,4-3-3,6,0,0,0,0,0,4,3,3,0,59,35,5,12.858172727272729,12.31689230769231,1.0,1.0,1.0,2,4,2,6,2,7,2.0,0.2608695652173913,0.34782608695652173,0.391304347826087,0.3333333333333333,0.23529411764705882,0.3333333333333333,13.464030091894584,47.12410532163104,0.26711451456892815,0.13642882596405,12.858172727272729,3.5,0.5,1.0,0.5,0.5,0.5,0,0,0,0,0,0.0
H2_30,D,True,4-3-3,6,0,0,0,0,0,4,3,3,0,74,41,7,0.0,6.9394838709677416,0.0,0.0,0.0,2,5,2,6,2,8,2.0,0.28,0.32,0.4,0.3333333333333333,0.2631578947368421,0.3333333333333333,8.106841935483871,8.106841935483871,0.42800167600366235,0.0,0.0,1.0,0.0,0.5,0.5,0.0,0.0,0,0,0,0,0,0.0
H1_15,D,True,4-3-3,2,0,0,0,0,0,4,3,3,0,14,8,2,0.0,22.112357647058822,2.0,0.0,2.0,0,2,1,3,1,5,2.0,0.16666666666666666,0.3333333333333333,0.5,0.0,0.2,0.5,11.186919032269252,67.12151419361551,0.16471885290962426,0.24376809965641832,0.0,6.0,1.0,1.0,1.0,1.0,0.0,0,0,0,0,0,0.0
H1_30,D,True,4-3-3,5,0,0,0,0,0,4,3,3,0,29,16,2,8.483466666666665,5.879566666666667,2.0,1.0,2.0,1,3,2,7,2,8,2.0,0.17391304347826086,0.391304347826087,0.43478260869565216,0.2,0.16666666666666666,0.4,11.778397863041807,64.78118824672994,0.11085805711551114,0.3737391530077186,8.483466666666665,5.5,1.5,1.0,0.5,1.0,0.5,0,0,0,0,0,0.0
H1_45,D,True,4-3-3,6,0,0,0,0,0,4,3,3,0,44,19,2,30.994342268041237,20.41976744186046,2.0,0.0,1.0,2,4,2,10,2,10,2.0,0.2,0.4,0.4,0.3333333333333333,0.16666666666666666,0.3333333333333333,15.43561168808633,54.02464090830216,0.47583943961023817,0.28685375549880077,30.994342268041237,3.5,0.5,1.0,1.0,0.5,0.0,0,0,0,0,0,0.0
H2_15,D,True,4-3-3,12,0,0,0,0,0,4,3,3,0,59,26,2,54.292311454904535,49.96982992655097,2.0,2.0,2.0,5,10,3,15,4,14,2.0,0.29411764705882354,0.35294117647058826,0.35294117647058826,0.4166666666666667,0.2564102564102564,0.3333333333333333,11.39712873338375,119.66985170052938,0.43562409370393784,0.41870608397498504,18.097437151634846,10.5,3.0,4.5,1.0,1.0,1.0,0,0,0,0,0,0.0
H2_30,D,True,4-3-3,15,0,0,0,0,0,4,3,3,0,74,35,2,59.854499843014125,68.91854816921264,2.0,2.0,2.0,7,16,3,17,5,15,2.0,0.36507936507936506,0.31746031746031744,0.31746031746031744,0.4666666666666667,0.3333333333333333,0.3333333333333333,15.877849937480109,95.26709962488066,0.6758526737944032,0.3491291857574354,29.927249921507062,6.0,1.5,4.0,1.0,1.0,1.0,0,0,0,0,0,0.0
H2_30,A,True,4-3-3,1,0,0,0,0,0,4,3,3,0,9,8,0,17.8153962264151,36.003750368217055,1.0,1.0,1.0,1,3,0,1,0,1,2.0,0.6666666666666666,0.16666666666666666,0.16666666666666666,1.0,0.6,0.0,12.337392950957211,37.012178852871635,0.7270464515014162,0.2406693793579903,17.8153962264151,3.0,0.5,2.0,0.5,0.5,0.5,0,0,0,0,0,0.0
H1_15,M,True,4-3-3,3,0,0,0,0,0,4,3,3,0,14,11,1,15.084313725490192,17.398679487179486,2.0,1.0,2.0,1,2,1,6,1,6,2.0,0.17647058823529413,0.4117647058823529,0.4117647058823529,0.3333333333333333,0.14285714285714285,0.3333333333333333,13.724609338235036,116.6591793749978,0.13922176285954307,0.28455592646414574,15.084313725490192,8.5,1.5,1.5,1.0,1.0,0.5,0,0,0,0,0,0.0
H1_30,M,True,4-3-3,4,0,0,0,0,0,4,3,3,0,29,20,1,0.0,11.415521739130437,1.0,0.0,1.0,1,3,2,7,1,7,2.0,0.19047619047619047,0.42857142857142855,0.38095238095238093,0.25,0.17647058823529413,0.25,10.157277103154888,20.314554206309776,0.28096904375053267,0.2670229052019477,0.0,2.0,0.5,0.5,0.5,0.5,0.0,0,0,0,0,0,0.0
H1_45,M,True,4-3-3,4,0,0,0,0,0,4,3,3,0,44,25,3,0.0,0.0,1.0,0.0,0.0,1,3,2,7,1,9,2.0,0.17391304347826086,0.391304347826087,0.43478260869565216,0.25,0.15789473684210525,0.25,11.179911538461539,22.359823076923078,0.0,0.0,0.0,2.0,0.0,0.0,0.0,0.0,0.0,0,0,0,0,0,0.0
H2_15,M,True,4-3-3,7,0,0,0,0,0,4,3,3,0,59,34,3,0.0,28.812239656311963,2.0,0.0,1.0,1,5,3,11,3,15,2.0,0.15789473684210525,0.3684210526315789,0.47368421052631576,0.14285714285714285,0.16129032258064516,0.42857142857142855,13.681815079750344,102.61361309812757,0.14039189726590823,0.2905260907002669,0.0,7.5,1.5,1.0,1.0,0.5,0.0,0,0,0,0,0,0.0
H2_30,M,True,4-3-3,10,0,0,0,0,0,4,3,3,0,74,40,3,8.375081481481482,0.0,2.0,0.0,2.0,2,5,4,12,4,19,2.0,0.15217391304347827,0.34782608695652173,0.5,0.2,0.1388888888888889,0.4,13.439635859307472,53.75854343722989,0.07789535342657193,0.605095481461948,8.375081481481482,4.0,1.5,0.5,0.5,1.0,0.0,0,0,0,0,0,0.0
H1_15,A,True,4-3-3,2,1,0,1,1,0,4,3,3,0,14,8,0,0.0,89.64002897379848,2.0,2.0,2.0,0,7,2,7,0,0,2.0,0.4375,0.5625,0.0,0.0,0.5,0.0,12.13316985168858,97.06535881350864,0.4617508762627848,0.16156426479052816,0.0,8.0,1.0,3.5,1.0,1.0,1.0,1,0,0,1,1,1.0
H1_30,A,True,4-3-3,5,2,1,1,2,0,4,3,3,0,29,10,0,51.57821945117031,89.99692455428709,2.0,2.0,2.0,3,14,2,10,0,0,2.0,0.5862068965517241,0.41379310344827586,0.0,0.6,0.5833333333333334,0.0,13.620496770116365,88.53322900575637,0.7995593609053404,0.29129299829229505,17.192739817056772,6.5,1.5,5.0,1.0,1.0,1.0,2,0,0,1,1,0.5
H1_45,A,True,4-3-3,7,2,1,1,2,0,4,3,3,0,44,12,0,19.54299375,8.131634285714286,2.0,1.0,1.0,4,15,3,15,0,1,2.0,0.5,0.47368421052631576,0.02631578947368421,0.5714285714285714,0.4838709677419355,0.0,13.982951659222618,62.92328246650178,0.21990769514008837,0.4065369562651332,19.54299375,4.5,1.0,1.0,0.5,0.5,0.5,2,0,0,1,1,0.5
H2_15,A,True,4-3-3,9,5,1,4,5,0,4,3,3,0,59,16,0,8.799870967741937,99.11330458592847,2.0,2.0,2.0,5,23,4,17,0,1,2.0,0.56,0.42,0.02,0.5555555555555556,0.5609756097560976,0.0,14.650662947803932,87.9039776868236,0.6138128125335454,0.19799316437522263,8.799870967741937,6.0,1.0,4.5,1.0,1.0,1.0,5,1,0,2,4,0.8
H1_15,M,True,4-3-3,5,0,0,0,0,0,4,3,3,0,14,10,1,0.0,18.147738412698413,2.0,1.0,2.0,0,2,1,3,4,5,2.0,0.13333333333333333,0.26666666666666666,0.6,0.0,0.2,0.8,11.843723415361692,88.82792561521269,0.10215108754937775,0.2371676346545697,0.0,7.5,2.5,1.0,0.5,1.0,0.5,0,0,0,0,0,0.0
H1_30,M,True,4-3-3,7,1,0,1,1,0,4,3,3,0,29,16,1,0.0,34.95943993020159,2.0,1.0,1.0,0,5,3,7,4,9,2.0,0.17857142857142858,0.35714285714285715,0.4642857142857143,0.0,0.23809523809523808,0.5714285714285714,13.56037214075183,88.1424189148869,0.19831223354534624,0.1360440567949138,0.0,6.5,1.0,1.5,1.0,0.5,0.5,1,0,0,0,1,1.0
H1_45,M,True,4-3-3,9,1,0,1,1,0,4,3,3,0,44,18,1,0.0,5.016382608695651,1.0,0.0,1.0,0,6,5,11,4,9,2.0,0.17142857142857143,0.45714285714285713,0.37142857142857144,0.0,0.23076923076923078,0.4444444444444444,8.818368814139621,30.864290849488675,0.08126515255377652,0.4664185497725851,0.0,3.5,1.0,0.5,0.5,0.5,0.0,1,0,0,0,1,1.0
H2_15,M,True,4-3-3,9,3,1,2,3,0,4,3,3,0,59,24,2,0.0,0.0,1.0,0.0,0.0,0,6,5,12,4,11,2.0,0.15789473684210525,0.4473684210526316,0.39473684210526316,0.0,0.20689655172413793,0.4444444444444444,21.175176857023843,31.762765285535764,0.0,0.0,0.0,1.5,0.0,0.0,0.0,0.0,0.0,3,0,0,0,2,0.6666666666666666
H2_30,M,True,4-3-3,9,3,1,2,3,0,4,3,3,0,74,33,2,0.0,30.137208151147092,1.0,1.0,0.0,0,9,5,12,4,12,2.0,0.21428571428571427,0.40476190476190477,0.38095238095238093,0.0,0.2727272727272727,0.4444444444444444,14.272967827260457,28.545935654520914,0.5278721376640909,0.0,0.0,2.0,0.0,1.5,0.5,0.0,0.5,3,0,0,0,2,0.6666666666666666
H1_15,A,True,4-3-3,3,2,1,1,2,0,4,3,3,0,14,6,2,0.0,43.211875061434014,2.0,1.0,2.0,0,5,2,4,1,1,2.0,0.38461538461538464,0.46153846153846156,0.15384615384615385,0.0,0.5,0.3333333333333333,15.932674163729937,103.56238206424459,0.20862727469240552,0.33050061271189896,0.0,6.5,1.5,2.5,1.0,1.0,0.5,2,0,0,0,1,0.5
H1_30,A,True,4-3-3,6,2,1,1,2,0,4,3,3,0,29,15,2,17.698819999999998,44.24325274698201,2.0,1.0,2.0,1,8,3,7,2,2,2.0,0.391304347826087,0.43478260869565216,0.17391304347826086,0.16666666666666666,0.47058823529411764,0.3333333333333333,16.525294911397708,82.62647455698854,0.374831874886903,0.5488026995435334,17.698819999999998,5.0,1.5,2.0,0.5,1.0,0.5,2,0,0,0,1,0.5
H1_45,A,True,4-3-3,8,2,1,1,2,0,4,3,3,0,44,18,2,0.0,29.358224721485414,2.0,1.0,2.0,1,10,4,8,3,3,2.0,0.3793103448275862,0.41379310344827586,0.20689655172413793,0.125,0.47619047619047616,0.375,13.249709483254032,39.7491284497621,0.36929394261550313,0.40143569949027436,0.0,3.0,1.0,1.0,0.5,1.0,0.5,2,0,0,0,1,0.5
H2_15,A,True,4-3-3,11,4,2,1,4,0,4,3,3,0,59,26,3,60.474565048543695,96.72343648743575,2.0,2.0,1.0,3,18,5,12,3,3,2.0,0.4772727272727273,0.38636363636363635,0.13636363636363635,0.2727272727272727,0.5454545454545454,0.2727272727272727,14.936921854421787,112.0269139081634,0.7016081941918264,0.37643810509240044,30.237282524271848,7.5,1.5,5.0,1.0,0.5,1.0,4,0,1,0,1,0.25
H2_30,A,True,4-3-3,11,4,2,1,4,0,4,3,3,0,74,35,3,0.0,71.10842149118231,2.0,1.0,0.0,3,23,5,12,3,5,2.0,0.5098039215686274,0.3333333333333333,0.1568627450980392,0.2727272727272727,0.575,0.2727272727272727,13.608690473406059,47.630416656921206,0.7464602084354169,0.0,0.0,3.5,0.0,2.5,1.0,0.0,0.5,4,0,1,0,1,0.25
H1_15,G,True,4-3-3,0,0,0,0,0,0,4,3,3,0,14,1,0,0.0,0.0,0.0,0.0,0.0,0,0,0,0,0,0,0.0,0.0,0.0,0.0,0.0,0.0,0.0,0.0,0.0,0.0,0.0,0.0,0.0,0.0,0.0,0.0,0.0,0.0,0,0,0,0,0,0.0
H1_30,G,True,4-3-3,0,0,0,0,0,0,4,3,3,0,29,3,1,0.0,0.0,0.0,0.0,0.0,0,0,0,0,0,0,0.0,0.0,0.0,0.0,0.0,0.0,0.0,0.0,0.0,0.0,0.0,0.0,0.0,0.0,0.0,0.0,0.0,0.0,0,0,0,0,0,0.0
H1_45,G,True,4-3-3,0,0,0,0,0,0,4,3,3,0,44,4,2,0.0,0.0,0.0,0.0,0.0,0,0,0,0,0,0,0.0,0.0,0.0,0.0,0.0,0.0,0.0,0.0,0.0,0.0,0.0,0.0,0.0,0.0,0.0,0.0,0.0,0.0,0,0,0,0,0,0.0
H2_15,G,True,4-3-3,1,0,0,0,0,0,4,3,3,0,59,7,2,0.0,0.0,1.0,0.0,1.0,0,0,0,0,1,1,1.0,0.0,0.0,1.0,0.0,0.0,1.0,8.83928844720497,17.67857689440994,0.0,0.4141726255698162,0.0,2.0,1.0,0.0,0.0,1.0,0.0,0,0,0,0,0,0.0
H2_30,G,True,4-3-3,2,0,0,0,0,0,4,3,3,0,74,9,2,0.0,0.0,0.0,0.0,0.0,0,0,0,0,2,1,1.0,0.0,0.0,1.0,0.0,0.0,1.0,11.840691891891892,11.840691891891892,0.0,1.0,0.0,1.0,1.0,0.0,0.0,1.0,0.0,0,0,0,0,0,0.0
H1_15,A,True,4-3-3,2,0,0,0,0,0,4,3,3,0,14,9,0,20.766802434782612,64.22273377987354,2.0,2.0,1.0,2,6,0,1,0,2,2.0,0.7272727272727273,0.09090909090909091,0.18181818181818182,1.0,0.6666666666666666,0.0,16.06262609029484,88.34444349662162,0.4810123469616186,0.11753315552650889,10.383401217391306,5.5,1.0,4.0,1.0,0.5,1.0,0,0,0,0,0,0.0
H1_30,A,True,4-3-3,4,1,1,1,1,0,4,3,3,0,29,11,0,31.729521025641034,51.07684437559459,1.0,1.0,1.0,4,11,0,2,0,3,2.0,0.75,0.1,0.15,1.0,0.6875,0.0,13.889435444581737,62.50245950061782,0.6624248554604248,0.2538261796347982,15.864760512820517,4.5,1.0,3.5,0.5,0.5,0.5,1,0,0,0,1,1.0
H1_45,A,True,4-3-3,7,1,1,1,1,0,4,3,3,0,44,15,0,29.599667432321578,15.5814023715415,2.0,1.0,1.0,6,13,1,6,0,5,2.0,0.6129032258064516,0.22580645161290322,0.16129032258064516,0.8571428571428571,0.5416666666666666,0.0,17.487694850186358,96.18232167602497,0.23487200670851138,0.5097902385983164,14.799833716160789,5.5,1.5,2.0,0.5,0.5,0.5,1,0,0,0,1,1.0
H2_15,A,True,4-3-3,11,1,1,1,1,0,4,3,3,0,59,18,0,16.31831474654378,87.60193034714445,2.0,1.0,2.0,8,22,2,8,1,9,2.0,0.6,0.2,0.2,0.7272727272727273,0.5641025641025641,0.09090909090909091,10.784441624332043,102.45219543115441,0.5071645593164489,0.2033950508018822,8.15915737327189,9.5,2.0,5.5,1.0,1.0,0.5,1,0,0,0,1,1.0
H2_30,A,True,4-3-3,0,1,1,1,1,0,4,3,3,0,9,2,0,0.0,5.843461538461538,0.0,0.0,0.0,0,1,0,0,0,0,1.0,1.0,0.0,0.0,0.0,1.0,0.0,5.843461538461538,5.843461538461538,1.0,0.0,0.0,1.0,0.0,1.0,1.0,0.0,0.0,1,0,0,0,1,1.0
H2_30,M,True,4-3-3,2,0,0,0,0,0,4,3,3,0,9,5,0,13.375925581395352,13.165955776397514,2.0,1.0,1.0,1,2,0,2,1,1,2.0,0.42857142857142855,0.2857142857142857,0.2857142857142857,0.5,0.4,0.5,12.011509240703093,42.04028234246083,0.31567201596771244,0.2831216509225831,13.375925581395352,3.5,1.0,1.5,0.5,0.5,0.5,0,0,0,0,0,0.0
H1_15,M,True,4-3-3,3,0,0,0,0,0,4,3,3,0,14,2,0,29.36887422680412,93.82674990964591,2.0,2.0,2.0,1,7,1,3,1,2,2.0,0.5333333333333333,0.26666666666666666,0.2,0.3333333333333333,0.5833333333333334,0.3333333333333333,14.000000227479795,105.00000170609846,0.5866458196890427,0.2894613763265647,29.36887422680412,7.5,1.5,4.0,1.0,1.0,1.0,0,0,0,0,0,0.0
H1_30,M,True,4-3-3,6,1,1,1,1,0,4,3,3,0,29,4,0,20.27251515151515,110.2107170421379,2.0,1.0,2.0,2,13,2,6,2,2,2.0,0.5555555555555556,0.2962962962962963,0.14814814814814814,0.3333333333333333,0.6190476190476191,0.3333333333333333,15.920219637873094,95.52131782723856,0.6830058209082038,0.26762294075328397,20.27251515151515,6.0,1.5,3.5,0.5,1.0,0.5,1,0,0,0,1,1.0
H1_45,M,True,4-3-3,7,1,1,1,1,0,4,3,3,0,44,8,0,0.0,52.572273133333326,2.0,1.0,1.0,2,15,3,11,2,3,2.0,0.4722222222222222,0.3888888888888889,0.1388888888888889,0.2857142857142857,0.5172413793103449,0.2857142857142857,20.4460421057545,92.00718947589525,0.2856965495457647,0.08716050237839118,0.0,4.5,0.5,1.0,0.5,0.5,0.5,1,0,0,0,1,1.0
H2_15,M,True,4-3-3,9,1,1,1,1,0,4,3,3,0,59,10,0,9.08455,72.13820452670937,2.0,1.0,2.0,3,20,3,12,3,7,2.0,0.4791666666666667,0.3125,0.20833333333333334,0.3333333333333333,0.5128205128205128,0.3333333333333333,12.881076350400308,77.28645810240185,0.5254656282675813,0.14163616599161322,9.08455,6.0,1.0,3.0,1.0,1.0,0.5,1,0,0,0,1,1.0
H1_15,G,False,4-2-3-1,0,0,0,0,0,0,4,2,3,1,14,0,0,0.0,0.0,0.0,0.0,0.0,0,0,0,1,0,0,1.0,0.0,1.0,0.0,0.0,0.0,0.0,11.320711111111114,11.320711111111114,0.0,0.0,0.0,1.0,0.0,0.0,0.0,0.0,0.0,0,0,0,0,0,0.0
H1_30,G,False,4-2-3-1,0,0,0,0,0,0,4,2,3,1,29,1,0,0.0,0.0,0.0,0.0,0.0,0,0,0,1,0,0,1.0,0.0,1.0,0.0,0.0,0.0,0.0,0.0,0.0,0.0,0.0,0.0,0.0,0.0,0.0,0.0,0.0,0.0,0,0,0,0,0,0.0
H1_45,G,False,4-2-3-1,0,0,0,0,0,0,4,2,3,1,44,2,1,0.0,0.0,0.0,0.0,0.0,0,0,0,1,0,1,2.0,0.0,0.5,0.5,0.0,0.0,0.0,8.479213333333334,8.479213333333334,0.0,0.0,0.0,1.0,0.0,0.0,0.0,0.0,0.0,0,0,0,0,0,0.0
H2_15,G,False,4-2-3-1,0,0,0,0,0,0,4,2,3,1,59,2,2,0.0,0.0,0.0,0.0,0.0,0,0,0,1,0,1,2.0,0.0,0.5,0.5,0.0,0.0,0.0,0.0,0.0,0.0,0.0,0.0,0.0,0.0,0.0,0.0,0.0,0.0,0,0,0,0,0,0.0
H2_30,G,False,4-2-3-1,0,0,0,0,0,0,4,2,3,1,74,2,3,0.0,0.0,0.0,0.0,0.0,0,0,0,1,0,1,2.0,0.0,0.5,0.5,0.0,0.0,0.0,0.0,0.0,0.0,0.0,0.0,0.0,0.0,0.0,0.0,0.0,0.0,0,0,0,0,0,0.0
H1_15,D,False,4-2-3-1,4,1,0,1,1,0,4,2,3,1,14,3,0,15.02536,28.396333973273105,2.0,1.0,2.0,1,3,1,5,2,2,2.0,0.2857142857142857,0.42857142857142855,0.2857142857142857,0.25,0.3,0.5,14.687472815927965,102.81230971149576,0.21116972323216854,0.3603228087385184,15.02536,7.0,2.0,2.0,0.5,1.0,0.5,1,0,0,0,1,1.0
H1_30,D,False,4-2-3-1,7,1,0,1,1,0,4,2,3,1,29,7,0,0.0,5.8319230769230765,1.0,0.0,1.0,1,4,2,7,4,4,2.0,0.22727272727272727,0.4090909090909091,0.36363636363636365,0.14285714285714285,0.26666666666666666,0.5714285714285714,14.828749623398235,59.31499849359294,0.049160610511968794,0.5840587027985563,0.0,4.0,1.5,0.5,0.5,1.0,0.0,1,0,0,0,1,1.0
H1_45,D,False,4-2-3-1,9,2,0,1,2,0,4,2,3,1,44,13,1,8.886193548387094,65.34287919562419,2.0,1.0,1.0,2,8,3,12,4,7,2.0,0.2777777777777778,0.4166666666666667,0.3055555555555556,0.2222222222222222,0.2962962962962963,0.4444444444444444,13.526288262479868,94.68401783735908,0.39198311626105836,0.18574477818085752,8.886193548387094,7.0,1.0,2.5,1.0,0.5,0.5,2,0,1,1,1,0.5
H2_15,D,False,4-2-3-1,14,2,0,1,2,0,4,2,3,1,59,17,1,41.03906769230768,13.095936000000002,2.0,0.0,2.0,3,9,5,16,6,11,2.0,0.24,0.42,0.34,0.21428571428571427,0.25,0.42857142857142855,14.81057930561548,103.67405513930836,0.2610826962423997,0.5951469764613315,41.03906769230768,7.0,2.5,1.0,1.0,1.0,0.0,2,0,1,1,1,0.5
H2_30,D,False,4-2-3-1,15,3,0,1,3,0,4,2,3,1,74,18,1,0.0,11.245925,1.0,0.0,1.0,3,10,5,16,7,13,2.0,0.24074074074074073,0.3888888888888889,0.37037037037037035,0.2,0.2564102564102564,0.4666666666666667,10.053094963481437,20.106189926962873,0.2796632539743134,0.22450735402367986,0.0,2.0,0.5,0.5,0.5,0.5,0.0,3,0,1,2,1,0.3333333333333333
H1_15,D,False,4-2-3-1,1,0,0,0,0,0,4,2,3,1,14,9,1,0.0,17.936482970137206,2.0,0.0,1.0,0,2,1,0,0,4,2.0,0.2857142857142857,0.14285714285714285,0.5714285714285714,0.0,0.3333333333333333,0.0,13.48599688018462,47.200989080646174,0.19000113471659966,0.32721125208740365,0.0,3.5,0.5,1.0,1.0,0.5,0.0,0,0,0,0,0,0.0
H1_30,D,False,4-2-3-1,2,0,0,0,0,0,4,2,3,1,29,9,1,0.0,0.0,2.0,0.0,1.0,0,2,1,2,1,8,2.0,0.14285714285714285,0.21428571428571427,0.6428571428571429,0.0,0.16666666666666666,0.5,12.325436635309627,43.13902822358369,0.0,0.22484155423194163,0.0,3.5,0.5,0.0,0.0,0.5,0.0,0,0,0,0,0,0.0
H1_45,D,False,4-2-3-1,6,0,0,0,0,0,4,2,3,1,44,20,1,0.0,36.07273813291138,2.0,1.0,1.0,0,4,2,4,4,12,2.0,0.15384615384615385,0.23076923076923078,0.6153846153846154,0.0,0.2,0.6666666666666666,14.343914177859732,86.0634850671584,0.2095705170709886,0.5037332340062618,0.0,6.0,2.0,1.0,0.5,0.5,0.5,0,0,0,0,0,0.0
H2_15,D,False,4-2-3-1,7,0,0,0,0,0,4,2,3,1,59,23,3,0.0,12.713759999999995,1.0,0.0,1.0,0,5,3,4,4,19,2.0,0.14285714285714285,0.2,0.6571428571428571,0.0,0.17857142857142858,0.5714285714285714,12.66588669004983,56.99649010522423,0.11153107828682478,0.18573384296670625,0.0,4.5,0.5,0.5,0.5,0.5,0.0,0,0,0,0,0,0.0
H2_30,D,False,4-2-3-1,8,0,0,0,0,0,4,2,3,1,74,24,5,0.0,0.0,1.0,0.0,1.0,0,5,3,5,5,20,2.0,0.13157894736842105,0.21052631578947367,0.6578947368421053,0.0,0.16666666666666666,0.625,9.953886020036428,29.861658060109285,0.0,0.2220411423009376,0.0,3.0,1.0,0.0,0.0,1.0,0.0,0,0,0,0,0,0.0
H2_30,M,False,4-2-3-1,2,0,0,0,0,0,4,2,3,1,15,2,0,13.314130434782612,59.32960325154747,2.0,2.0,1.0,1,4,0,6,1,5,2.0,0.29411764705882354,0.35294117647058826,0.35294117647058826,0.5,0.26666666666666666,0.5,13.825336923566182,110.60269538852945,0.3283994726852919,0.11464715832686202,13.314130434782612,8.0,1.0,2.0,1.0,0.5,1.0,0,0,0,0,0,0.0
H1_15,M,False,4-2-3-1,4,0,0,0,0,0,4,2,3,1,14,4,1,45.142268635068625,68.28191581161056,2.0,2.0,2.0,3,7,1,6,0,4,2.0,0.47619047619047616,0.3333333333333333,0.19047619047619047,0.75,0.4117647058823529,0.0,15.344843645811032,161.12085828101584,0.3519847946963284,0.17369401585062397,15.047422878356208,10.5,2.0,5.0,1.0,1.0,1.0,0,0,0,0,0,0.0
H1_30,M,False,4-2-3-1,7,0,0,0,0,0,4,2,3,1,29,4,1,26.094682178741408,29.291243043240286,2.0,1.0,2.0,5,11,1,9,1,11,2.0,0.42105263157894735,0.2631578947368421,0.3157894736842105,0.7142857142857143,0.3548387096774194,0.14285714285714285,13.536716958292597,115.06209414548708,0.24067841643812987,0.1779755475046813,13.047341089370704,8.5,1.5,3.0,1.0,1.0,0.5,0,0,0,0,0,0.0
H1_45,M,False,4-2-3-1,10,0,0,0,0,0,4,2,3,1,44,8,1,12.452409090909091,32.64092727473742,2.0,2.0,1.0,6,14,2,18,2,16,2.0,0.3448275862068966,0.3448275862068966,0.3103448275862069,0.6,0.2916666666666667,0.2,12.821245919986586,128.21245919986586,0.17585395618748764,0.17122748527484713,12.452409090909091,10.0,1.5,2.0,1.0,0.5,1.0,0,0,0,0,0,0.0
H2_15,M,False,4-2-3-1,13,0,0,0,0,0,4,2,3,1,59,8,2,38.82601951466128,73.96472411952132,2.0,1.0,2.0,8,18,3,22,2,24,2.0,0.33766233766233766,0.3246753246753247,0.33766233766233766,0.6153846153846154,0.28125,0.15384615384615385,18.764172294328937,178.2596367961249,0.3163664687681965,0.13791592719770654,19.41300975733064,9.5,1.5,3.0,1.0,1.0,0.5,0,0,0,0,0,0.0
H1_15,M,False,4-2-3-1,2,0,0,0,0,0,4,2,3,1,14,5,0,25.593679012345675,91.9728456060721,2.0,2.0,2.0,1,5,1,3,0,1,2.0,0.5454545454545454,0.36363636363636365,0.09090909090909091,0.5,0.5555555555555556,0.0,15.18168888591972,83.49928887255845,0.7039971609689679,0.1947821080368262,25.593679012345675,5.5,1.0,3.0,1.0,1.0,1.0,0,0,0,0,0,0.0
H1_30,M,False,4-2-3-1,4,0,0,0,0,0,4,2,3,1,29,6,0,9.47294117647059,31.665665333333333,2.0,1.0,1.0,2,9,2,7,0,1,2.0,0.5238095238095238,0.42857142857142855,0.047619047619047616,0.5,0.5294117647058824,0.0,10.607122859393819,53.035614296969094,0.38783944576800095,0.24203727548733014,9.47294117647059,5.0,1.0,2.5,1.0,0.5,0.5,0,0,0,0,0,0.0
H1_45,M,False,4-2-3-1,6,0,0,0,0,0,4,2,3,1,44,11,0,8.157462068965517,33.473864826709395,2.0,2.0,1.0,3,12,3,12,0,3,2.0,0.45454545454545453,0.45454545454545453,0.09090909090909091,0.5,0.4444444444444444,0.0,9.789371328876525,58.73622797325915,0.35439224080433307,0.1277970222721854,8.157462068965517,6.0,1.0,2.0,1.0,0.5,1.0,0,0,0,0,0,0.0
H2_15,M,False,4-2-3-1,11,0,0,0,0,0,4,2,3,1,59,12,1,19.547856666666664,28.804706699889255,2.0,1.0,2.0,5,15,4,19,2,6,2.0,0.39215686274509803,0.45098039215686275,0.1568627450980392,0.45454545454545453,0.375,0.18181818181818182,10.484470841594554,94.36023757435099,0.2562125987042826,0.41893972665911267,9.773928333333332,9.0,2.5,2.5,0.5,1.0,0.5,0,0,0,0,0,0.0
H2_30,M,False,4-2-3-1,3,0,0,0,0,0,4,2,3,1,15,1,2,0.0,35.64561123321124,2.0,1.0,1.0,0,3,2,4,1,3,2.0,0.23076923076923078,0.46153846153846156,0.3076923076923077,0.0,0.3,0.3333333333333333,12.130636576958667,66.71850117327267,0.26713438256531774,0.35646175688054244,0.0,5.5,1.0,1.5,1.0,0.5,0.5,0,0,0,0,0,0.0
H1_15,A,False,4-2-3-1,5,0,0,0,0,1,4,2,3,1,14,2,0,49.69559167701864,111.59419327329785,2.0,2.0,2.0,3,7,1,3,1,2,2.0,0.5882352941176471,0.23529411764705882,0.17647058823529413,0.6,0.5833333333333334,0.2,14.522018652355925,123.43715854502535,0.6533275184371805,0.33891629160491143,16.56519722567288,8.5,2.5,5.0,1.0,1.0,1.0,0,0,0,0,0,0.0
H1_30,A,False,4-2-3-1,8,1,0,1,1,1,4,2,3,1,29,2,0,32.685832653061226,48.96962785823005,2.0,2.0,2.0,4,10,2,9,2,3,2.0,0.4666666666666667,0.36666666666666664,0.16666666666666666,0.5,0.45454545454545453,0.25,14.488608311715323,94.1759540261496,0.4335260595747095,0.30813172961045254,32.685832653061226,6.5,1.5,2.0,1.0,1.0,1.0,1,0,0,0,1,1.0
H1_45,A,False,4-2-3-1,9,3,1,3,3,1,4,2,3,1,44,5,0,21.194077611940298,20.254331677018634,2.0,1.0,1.0,5,12,2,12,2,3,2.0,0.4722222222222222,0.3888888888888889,0.1388888888888889,0.5555555555555556,0.4444444444444444,0.2222222222222222,11.61393213091649,34.84179639274947,0.5948087294601188,0.30414731452180166,21.194077611940298,3.0,0.5,1.5,1.0,0.5,0.5,3,1,0,1,3,1.0
H2_15,A,False,4-2-3-1,14,4,2,4,4,0,4,2,3,1,59,7,0,73.17746236744529,93.9218824607077,2.0,2.0,2.0,9,16,3,15,2,5,2.0,0.5,0.36,0.14,0.6428571428571429,0.4444444444444444,0.14285714285714285,17.120443983640506,119.84310788548355,0.6971587593832483,0.4022308098410988,18.29436559186132,7.0,2.5,4.0,1.0,1.0,1.0,4,1,0,1,4,1.0
H2_30,A,False,4-2-3-1,1,0,0,0,0,0,4,2,3,1,3,0,1,0.0,0.0,2.0,0.0,1.0,0,0,1,4,0,3,2.0,0.0,0.625,0.375,0.0,0.0,0.0,11.127841948474938,44.51136779389975,0.0,0.23692734064769214,0.0,4.0,0.5,0.0,0.0,0.5,0.0,0,0,0,0,0,0.0
H2_30,M,False,4-2-3-1,2,0,0,0,0,0,4,2,3,1,15,1,0,20.422815999999997,67.55751311866742,2.0,2.0,2.0,2,6,0,4,0,4,2.0,0.5,0.25,0.25,1.0,0.42857142857142855,0.0,10.701757127855453,80.2631784589159,0.548074040973232,0.12722406707612363,10.211407999999999,7.5,1.0,4.0,1.0,1.0,1.0,0,0,0,0,0,0.0
H1_15,D,False,4-2-3-1,1,0,0,0,0,0,4,2,3,1,14,8,0,0.0,31.989772600186395,2.0,1.0,1.0,0,2,1,0,0,1,2.0,0.5,0.25,0.25,0.0,0.6666666666666666,0.0,16.22199029412162,32.44398058824324,0.4930001192852791,0.3218179422856425,0.0,2.0,0.5,1.0,0.5,0.5,0.5,0,0,0,0,0,0.0
H1_30,D,False,4-2-3-1,2,0,0,0,0,0,4,2,3,1,29,11,1,0.0,0.0,1.0,0.0,1.0,0,2,1,1,1,5,2.0,0.2,0.2,0.6,0.0,0.25,0.5,13.955125054836737,83.73075032902042,0.0,0.2209453815706848,0.0,6.0,1.0,0.0,0.0,1.0,0.0,0,0,0,0,0,0.0
H1_45,D,False,4-2-3-1,4,0,0,0,0,0,4,2,3,1,44,25,2,0.0,27.808586206896557,1.0,0.0,1.0,0,3,2,2,2,8,2.0,0.17647058823529413,0.23529411764705882,0.5882352941176471,0.0,0.23076923076923078,0.5,20.231600638723354,141.62120447106346,0.19635891610128556,0.4514181893158826,0.0,7.0,2.0,1.0,1.0,1.0,0.0,0,0,0,0,0,0.0
H2_15,D,False,4-2-3-1,5,0,0,0,0,0,4,2,3,1,59,26,4,0.0,19.9117,2.0,0.0,1.0,0,4,3,7,2,12,2.0,0.14285714285714285,0.35714285714285715,0.5,0.0,0.17391304347826086,0.4,11.396936176511367,62.683148970812525,0.15882817253861628,0.0795452789672436,0.0,5.5,0.5,0.5,0.5,0.5,0.0,0,0,0,0,0,0.0
H2_30,D,False,4-2-3-1,6,0,0,0,0,0,4,2,3,1,74,29,8,0.0,0.0,0.0,0.0,0.0,0,4,4,7,2,12,2.0,0.13793103448275862,0.3793103448275862,0.4827586206896552,0.0,0.17391304347826086,0.3333333333333333,13.788391304347826,13.788391304347826,0.0,1.0,0.0,1.0,1.0,0.0,0.0,1.0,0.0,0,0,0,0,0,0.0
H1_15,M,False,4-2-3-1,2,0,0,0,0,0,4,2,3,1,14,6,4,0.0,12.626863427109974,2.0,0.0,2.0,0,2,0,4,2,4,2.0,0.16666666666666666,0.3333333333333333,0.5,0.0,0.2,1.0,13.437374867308842,80.62424920385305,0.07830685898968057,0.18966914516796576,0.0,6.0,1.0,1.0,1.0,1.0,0.0,0,0,0,0,0,0.0
H1_30,M,False,4-2-3-1,3,0,0,0,0,0,4,2,3,1,29,6,5,0.0,0.0,1.0,0.0,1.0,0,2,0,9,3,10,2.0,0.08333333333333333,0.375,0.5416666666666666,0.0,0.09523809523809523,1.0,13.28366351736461,79.70198110418767,0.0,0.18995403779891318,0.0,6.0,0.5,0.0,0.0,0.5,0.0,0,0,0,0,0,0.0
H1_45,M,False,4-2-3-1,5,0,0,0,0,0,4,2,3,1,44,15,5,0.0,0.0,1.0,0.0,1.0,0,2,1,13,4,13,2.0,0.06060606060606061,0.42424242424242425,0.5151515151515151,0.0,0.07142857142857142,0.8,16.561210453943158,149.0508940854884,0.0,0.16440176304100101,0.0,9.0,2.0,0.0,0.0,1.0,0.0,0,0,0,0,0,0.0
H2_15,M,False,4-2-3-1,7,0,0,0,0,0,4,2,3,1,59,17,6,15.097096,5.2446545454545435,1.0,1.0,1.0,1,3,2,14,4,16,2.0,0.1,0.4,0.5,0.14285714285714285,0.09090909090909091,0.5714285714285714,10.53797624640909,73.76583372486363,0.27576114195802987,0.5032435843621696,15.097096,7.0,2.0,2.0,1.0,1.0,1.0,0,0,0,0,0,0.0
H2_30,M,False,4-2-3-1,8,0,0,0,0,0,4,2,3,1,74,19,7,0.0,0.0,1.0,0.0,1.0,1,3,2,17,5,16,2.0,0.09090909090909091,0.4318181818181818,0.4772727272727273,0.125,0.08333333333333333,0.625,10.582326957313068,42.32930782925227,0.0,0.4781979417296189,0.0,4.0,1.0,0.0,0.0,1.0,0.0,0,0,0,0,0,0.0
H1_15,M,False,4-2-3-1,2,0,0,0,0,0,4,2,3,1,14,4,2,30.81029702970297,15.923557947855342,2.0,1.0,2.0,1,2,1,11,0,4,2.0,0.15789473684210525,0.631578947368421,0.21052631578947367,0.5,0.11764705882352941,0.0,15.028674621512545,142.77240890436917,0.16366556863539808,0.2821250806301919,30.81029702970297,9.5,1.0,1.5,0.5,1.0,0.5,0,0,0,0,0,0.0
H1_30,M,False,4-2-3-1,5,0,0,0,0,0,4,2,3,1,29,5,2,0.0,82.02571160835163,2.0,2.0,2.0,1,9,4,17,0,5,2.0,0.2777777777777778,0.5833333333333334,0.1388888888888889,0.2,0.2903225806451613,0.0,13.321311543362475,113.23114811858103,0.36220471562493745,0.24747282325015657,0.0,8.5,1.5,3.5,1.0,1.0,1.0,0,0,0,0,0,0.0
H1_45,M,False,4-2-3-1,7,0,0,0,0,0,4,2,3,1,44,7,2,18.15461052631579,85.75516851917855,2.0,2.0,2.0,2,15,4,24,1,8,2.0,0.3148148148148148,0.5185185185185185,0.16666666666666666,0.2857142857142857,0.3191489361702128,0.14285714285714285,11.888958712633075,107.00062841369767,0.48555686347816046,0.13705008541127994,18.15461052631579,9.0,1.0,3.5,1.0,1.0,1.0,0,0,0,0,0,0.0
H2_15,M,False,4-2-3-1,12,0,0,0,0,0,4,2,3,1,59,8,3,51.74537386696416,57.09474057344133,2.0,2.0,2.0,4,18,6,28,2,16,2.0,0.2972972972972973,0.4594594594594595,0.24324324324324326,0.3333333333333333,0.2903225806451613,0.16666666666666666,18.06598261940044,180.6598261940044,0.30122943416187564,0.29460303968731333,25.87268693348208,10.0,2.5,2.5,1.0,1.0,1.0,0,0,0,0,0,0.0
H1_15,D,False,4-2-3-1,3,0,0,0,0,0,4,2,3,1,14,4,3,0.0,21.50405297658863,2.0,0.0,1.0,0,2,0,2,3,5,2.0,0.16666666666666666,0.16666666666666666,0.6666666666666666,0.0,0.2222222222222222,1.0,13.284169534927285,79.7050172095637,0.13489773749153888,0.3337280275005918,0.0,6.0,1.5,1.0,1.0,0.5,0.0,0,0,0,0,0,0.0
H1_30,D,False,4-2-3-1,4,0,0,0,0,0,4,2,3,1,29,4,3,0.0,0.0,2.0,0.0,1.0,0,2,1,4,3,11,2.0,0.09523809523809523,0.23809523809523808,0.6666666666666666,0.0,0.11764705882352941,0.75,17.167521328978005,77.25384598040102,0.0,0.08132872950365608,0.0,4.5,0.5,0.0,0.0,0.5,0.0,0,0,0,0,0,0.0
H1_45,D,False,4-2-3-1,8,0,0,0,0,0,4,2,3,1,44,8,3,0.0,0.0,2.0,0.0,1.0,0,2,1,11,7,14,2.0,0.05714285714285714,0.34285714285714286,0.6,0.0,0.07407407407407407,0.875,14.428043999921796,100.99630799945257,0.0,0.3744204016978622,0.0,7.0,2.0,0.0,0.0,0.5,0.0,0,0,0,0,0,0.0
H2_15,D,False,4-2-3-1,9,0,0,0,0,0,4,2,3,1,59,10,3,0.0,44.204482758620685,1.0,0.0,1.0,0,3,1,11,8,17,2.0,0.075,0.3,0.625,0.0,0.0967741935483871,0.8888888888888888,19.152276038903626,47.88069009725906,0.46161075235997046,0.21696429142725923,0.0,2.5,0.5,0.5,0.5,0.5,0.0,0,0,0,0,0,0.0
H2_30,D,False,4-2-3-1,11,0,0,0,0,0,4,2,3,1,74,10,4,0.0,12.878068965517238,1.0,0.0,1.0,0,4,1,12,10,24,2.0,0.0784313725490196,0.2549019607843137,0.6666666666666666,0.0,0.1,0.9090909090909091,9.621729834138375,105.83902817552212,0.1216759940781052,0.29380589653337635,0.0,11.0,2.0,1.0,1.0,1.0,0.0,0,0,0,0,0,0.0
H1_15,M,False,4-2-3-1,2,0,0,0,0,0,4,2,3,1,14,7,0,15.794264150943397,76.753662001742,2.0,2.0,1.0,1,5,1,4,0,6,2.0,0.35294117647058826,0.29411764705882354,0.35294117647058826,0.5,0.3333333333333333,0.0,13.64985826888967,116.02379528556219,0.3988316617505181,0.11848839718654718,15.794264150943397,8.5,1.0,3.0,1.0,0.5,1.0,0,0,0,0,0,0.0
H1_30,M,False,4-2-3-1,4,0,0,0,0,0,4,2,3,1,29,7,0,31.820739860139856,49.662965363012276,2.0,2.0,2.0,3,9,1,7,0,10,2.0,0.4,0.26666666666666666,0.3333333333333333,0.75,0.34615384615384615,0.0,11.972138464696714,77.81890002052864,0.523547012368825,0.2044538014013661,15.910369930069928,6.5,1.0,3.0,1.0,1.0,1.0,0,0,0,0,0,0.0
H1_45,M,False,4-2-3-1,6,0,0,0,0,0,4,2,3,1,44,12,0,0.0,19.101749971247845,2.0,1.0,1.0,3,11,2,14,1,12,2.0,0.32558139534883723,0.37209302325581395,0.3023255813953488,0.5,0.2972972972972973,0.16666666666666666,12.011825185553676,78.07686370609889,0.1223265706672829,0.15851321104845476,0.0,6.5,1.0,1.0,0.5,0.5,0.5,0,0,0,0,0,0.0
H2_15,M,False,4-2-3-1,7,0,0,0,0,0,4,2,3,1,59,15,0,32.93075294117647,98.19209730380811,2.0,1.0,1.0,4,15,2,20,1,16,2.0,0.3275862068965517,0.3793103448275862,0.29310344827586204,0.5714285714285714,0.29411764705882354,0.14285714285714285,18.630221773949536,139.72666330462152,0.46921198554323323,0.1178399031449829,32.93075294117647,7.5,0.5,2.5,0.5,0.5,0.5,0,0,0,0,0,0.0
H2_30,M,False,4-2-3-1,9,1,0,1,1,0,4,2,3,1,74,18,1,0.0,34.60629843597263,2.0,1.0,1.0,4,18,4,28,1,17,2.0,0.3055555555555556,0.4444444444444444,0.25,0.4444444444444444,0.2857142857142857,0.1111111111111111,12.681521767257546,88.77065237080282,0.19491970325631428,0.3196390797164198,0.0,7.0,1.0,1.5,1.0,0.5,0.5,1,0,0,1,1,1.0
H1_15,M,True,3-4-3,3,0,0,0,0,0,3,4,3,0,14,0,0,23.080878333333334,34.60029364132036,2.0,1.0,2.0,2,4,0,4,1,3,2.0,0.42857142857142855,0.2857142857142857,0.2857142857142857,0.6666666666666666,0.36363636363636365,0.3333333333333333,9.834945058694297,68.84461541086007,0.4189229007266313,0.349532554507116,11.540439166666667,7.0,1.5,3.0,1.0,1.0,0.5,0,0,0,0,0,0.0
H1_30,M,True,3-4-3,4,0,0,0,0,0,3,4,3,0,29,0,0,22.594148571428573,33.84178486486487,2.0,1.0,1.0,3,6,0,7,1,4,2.0,0.42857142857142855,0.3333333333333333,0.23809523809523808,0.75,0.35294117647058826,0.25,13.064423308612334,45.72548158014317,0.6171168841314228,0.24706299190996764,22.594148571428573,3.5,0.5,1.5,1.0,0.5,0.5,0,0,0,0,0,0.0
H1_45,M,True,3-4-3,7,0,0,0,0,0,3,4,3,0,44,4,0,0.0,10.64817391304348,1.0,0.0,1.0,3,7,2,9,2,9,2.0,0.3125,0.34375,0.34375,0.42857142857142855,0.28,0.2857142857142857,11.433651276066302,62.885082018364656,0.08466375149144148,0.3993760787367354,0.0,5.5,1.5,0.5,0.5,0.5,0.0,0,0,0,0,0,0.0
H1_15,M,True,3-4-3,2,3,1,3,3,0,3,4,3,0,14,2,0,7.814185714285714,29.487614808959158,2.0,1.0,1.0,1,4,1,0,0,6,2.0,0.4166666666666667,0.08333333333333333,0.5,0.5,0.4,0.0,10.620514447294942,63.72308668376965,0.29268670480729936,0.19289429890408732,7.814185714285714,6.0,1.0,2.5,1.0,0.5,0.5,3,0,0,1,3,1.0
H1_30,M,True,3-4-3,3,3,1,3,3,0,3,4,3,0,29,4,1,0.0,5.1516166666666665,1.0,0.0,1.0,1,5,2,1,0,6,2.0,0.4,0.2,0.4,0.3333333333333333,0.4166666666666667,0.0,7.7754698412698415,11.663204761904762,0.2208491050201427,0.48728245075171284,0.0,1.5,0.5,0.5,0.5,0.5,0.0,3,0,0,1,3,1.0
H1_45,M,True,3-4-3,3,3,1,3,3,0,3,4,3,0,44,7,3,0.0,20.455345783814376,1.0,0.0,0.0,1,7,2,3,0,7,2.0,0.4,0.25,0.35,0.3333333333333333,0.4117647058823529,0.0,12.091422772639957,30.228556931599893,0.33834472863028175,0.0,0.0,2.5,0.0,1.0,1.0,0.0,0.0,3,0,0,1,3,1.0
H2_15,M,True,3-4-3,7,3,1,3,3,0,3,4,3,0,59,8,4,17.582454237288136,21.04266763191763,2.0,2.0,2.0,2,10,3,8,2,11,2.0,0.3333333333333333,0.3055555555555556,0.3611111111111111,0.2857142857142857,0.3448275862068966,0.2857142857142857,10.553620585639356,84.42896468511485,0.22874331109745047,0.2855706836138057,17.582454237288136,8.0,2.0,2.0,1.0,1.0,1.0,3,0,0,1,3,1.0
H2_30,M,True,3-4-3,9,3,1,3,3,0,3,4,3,0,74,9,8,0.0,0.0,1.0,0.0,1.0,2,10,3,11,4,13,2.0,0.27906976744186046,0.32558139534883723,0.3953488372093023,0.2222222222222222,0.29411764705882354,0.4444444444444444,10.865613456787798,38.029647098757295,0.0,0.23416757145823255,0.0,3.5,1.0,0.0,0.0,0.5,0.0,3,0,0,1,3,1.0
H1_15,D,True,3-4-3,2,0,0,0,0,0,3,4,3,0,14,2,3,0.0,0.0,1.0,0.0,1.0,0,0,0,0,2,3,2.0,0.0,0.0,1.0,0.0,0.0,1.0,13.22198320460634,33.05495801151585,0.0,0.3362453828445979,0.0,2.5,1.0,0.0,0.0,0.5,0.0,0,0,0,0,0,0.0
H1_30,D,True,3-4-3,3,0,0,0,0,0,3,4,3,0,29,3,3,0.0,0.0,1.0,0.0,1.0,0,0,1,0,2,5,2.0,0.0,0.125,0.875,0.0,0.0,0.6666666666666666,17.58809298915118,52.764278967453535,0.0,0.38984306500202787,0.0,3.0,1.0,0.0,0.0,1.0,0.0,0,0,0,0,0,0.0
H1_45,D,True,3-4-3,5,0,0,0,0,0,3,4,3,0,44,8,3,0.0,12.561893877551022,2.0,0.0,1.0,0,1,3,4,2,5,2.0,0.06666666666666667,0.4666666666666667,0.4666666666666667,0.0,0.1,0.4,11.733696997847586,41.06793949246655,0.15294039624090902,0.2320888760669463,0.0,3.5,1.0,0.5,0.5,0.5,0.0,0,0,0,0,0,0.0
H1_15,M,True,3-4-3,1,1,0,1,1,0,3,4,3,0,14,2,1,0.0,12.378484615384616,1.0,0.0,1.0,0,1,0,3,1,1,2.0,0.16666666666666666,0.5,0.3333333333333333,0.0,0.2,1.0,13.212731860377003,39.63819558113101,0.156143391921669,0.4126224075672471,0.0,3.0,0.5,0.5,0.5,0.5,0.0,1,1,1,1,1,1.0
H1_30,M,True,3-4-3,2,1,0,1,1,0,3,4,3,0,29,2,2,0.0,0.0,1.0,0.0,1.0,0,1,1,4,1,2,2.0,0.1111111111111111,0.5555555555555556,0.3333333333333333,0.0,0.14285714285714285,0.5,8.412334220901661,25.23700266270498,0.0,0.4200010480337869,0.0,3.0,1.0,0.0,0.0,1.0,0.0,1,1,1,1,1,1.0
H1_45,M,True,3-4-3,2,2,1,2,2,0,3,4,3,0,44,3,2,0.0,0.0,1.0,0.0,0.0,0,1,1,7,1,5,2.0,0.06666666666666667,0.5333333333333333,0.4,0.0,0.07692307692307693,0.5,14.843795685658428,44.531387056975284,0.0,0.0,0.0,3.0,0.0,0.0,0.0,0.0,0.0,2,1,2,1,2,1.0
H2_15,M,True,3-4-3,4,2,1,2,2,0,3,4,3,0,59,5,5,0.0,9.804948837209302,1.0,0.0,1.0,0,2,2,9,2,7,2.0,0.09090909090909091,0.5,0.4090909090909091,0.0,0.1111111111111111,0.5,13.17339891308101,92.21379239156707,0.10632844158035043,0.38542660753518143,0.0,7.0,2.0,1.0,1.0,1.0,0.0,2,1,2,1,2,1.0
H2_30,M,True,3-4-3,5,3,1,3,3,0,3,4,3,0,74,9,6,0.0,0.0,1.0,0.0,1.0,0,2,3,11,2,7,2.0,0.08,0.56,0.36,0.0,0.1,0.4,11.814244817204303,17.721367225806453,0.0,0.2439373424591808,0.0,1.5,0.5,0.0,0.0,0.5,0.0,3,1,2,2,3,1.0
H1_15,A,True,3-4-3,5,0,0,0,0,0,3,4,3,0,14,1,0,37.21602967032967,19.520693301997653,2.0,1.0,2.0,2,2,2,6,1,2,2.0,0.26666666666666666,0.5333333333333333,0.2,0.4,0.2,0.2,13.110869589631397,98.33152192223548,0.2884971261667088,0.49679582001399486,18.608014835164834,7.5,2.5,2.0,0.5,1.0,0.5,0,0,0,0,0,0.0
H1_30,A,True,3-4-3,9,0,0,0,0,0,3,4,3,0,29,3,0,7.0880769230769225,67.07091674466147,2.0,1.0,2.0,3,6,5,8,1,2,2.0,0.36,0.52,0.12,0.3333333333333333,0.375,0.1111111111111111,15.689282578046777,78.44641289023389,0.47267294281196354,0.5028465090271114,7.0880769230769225,5.0,2.0,2.5,1.0,1.0,0.5,0,0,0,0,0,0.0
H1_45,A,True,3-4-3,9,0,0,0,0,0,3,4,3,0,44,4,0,0.0,41.45783916094584,1.0,1.0,0.0,3,9,5,12,1,2,2.0,0.375,0.53125,0.09375,0.3333333333333333,0.391304347826087,0.1111111111111111,14.751098457165934,51.62884460008077,0.40149880829292256,0.0,0.0,3.5,0.0,1.5,0.5,0.0,0.5,0,0,0,0,0,0.0
H2_15,A,True,3-4-3,10,1,0,1,1,0,3,4,3,0,59,5,0,0.0,54.69242127365658,2.0,1.0,1.0,3,12,6,17,1,3,2.0,0.35714285714285715,0.5476190476190477,0.09523809523809523,0.3,0.375,0.1,14.609337256291983,73.04668628145991,0.374366203710586,0.04717815653842586,0.0,5.0,0.5,1.5,1.0,0.5,0.5,1,0,1,1,1,1.0
H2_30,A,True,3-4-3,10,1,0,1,1,0,3,4,3,0,74,5,0,0.0,102.44305262858646,2.0,2.0,0.0,3,18,6,19,1,3,2.0,0.42,0.5,0.08,0.3,0.45,0.1,15.249253681321218,60.99701472528487,0.8397382485844928,0.0,0.0,4.0,0.0,3.0,1.0,0.0,1.0,1,0,1,1,1,1.0
H2_15,D,True,3-4-3,1,0,0,0,0,0,3,4,3,0,14,1,2,0.0,8.786526315789473,1.0,0.0,1.0,0,1,0,3,1,1,1.0,0.16666666666666666,0.5,0.3333333333333333,0.0,0.2,1.0,15.923180634658744,95.53908380795247,0.09196787289117903,0.06222089469349155,0.0,6.0,1.0,1.0,1.0,1.0,0.0,0,0,0,0,0,0.0
H2_30,D,True,3-4-3,2,0,0,0,0,0,3,4,3,0,29,1,4,0.0,0.0,2.0,0.0,1.0,0,1,1,10,1,5,2.0,0.05555555555555555,0.6111111111111112,0.3333333333333333,0.0,0.0625,0.5,12.163853792463605,72.98312275478163,0.0,0.0631963458478417,0.0,6.0,0.5,0.0,0.0,0.5,0.0,0,0,0,0,0,0.0
H1_15,A,True,3-4-3,5,1,0,1,1,0,3,4,3,0,14,0,0,19.526166383701188,48.80513800446338,2.0,1.0,2.0,2,3,2,5,1,1,2.0,0.35714285714285715,0.5,0.14285714285714285,0.4,0.3333333333333333,0.2,11.899257429036496,83.29480200325547,0.41017748253662895,0.4409011527923894,9.763083191850594,7.0,2.5,2.5,1.0,1.0,0.5,1,0,0,1,1,1.0
H1_30,A,True,3-4-3,9,1,0,1,1,0,3,4,3,0,29,2,0,118.0200120140508,27.349008621585313,2.0,2.0,2.0,5,8,3,8,1,1,2.0,0.5,0.4230769230769231,0.07692307692307693,0.5555555555555556,0.47058823529411764,0.1111111111111111,18.357597993782885,110.14558796269732,0.659894886960283,0.5993727765014866,39.3400040046836,6.0,2.0,4.0,1.0,1.0,1.0,1,0,0,1,1,1.0
H1_45,A,True,3-4-3,10,1,0,1,1,0,3,4,3,0,44,4,0,0.0,31.248874404906275,2.0,2.0,1.0,5,12,4,14,1,2,2.0,0.4473684210526316,0.47368421052631576,0.07894736842105263,0.5,0.42857142857142855,0.1,10.734963799273993,64.40978279564396,0.24257863517449743,0.11362451936012193,0.0,6.0,0.5,2.0,1.0,0.5,1.0,1,0,0,1,1,1.0
H2_15,A,True,3-4-3,12,1,0,1,1,0,3,4,3,0,59,5,1,0.0,16.547871884057972,2.0,1.0,1.0,5,15,6,21,1,3,2.0,0.39215686274509803,0.5294117647058824,0.0784313725490196,0.4166666666666667,0.38461538461538464,0.08333333333333333,13.797186613679147,89.68171298891446,0.09225889722971423,0.2509442031424158,0.0,6.5,1.0,1.5,1.0,0.5,0.5,1,0,0,1,1,1.0
H2_30,A,True,3-4-3,16,1,0,1,1,0,3,4,3,0,74,7,1,34.918327027027026,71.19029221136731,2.0,2.0,2.0,7,21,8,22,1,3,2.0,0.45161290322580644,0.4838709677419355,0.06451612903225806,0.4375,0.45652173913043476,0.0625,13.565057991284561,74.60781895206509,0.7111092424948667,0.45369454739063336,17.459163513513513,5.5,2.0,4.0,1.0,1.0,1.0,1,0,0,1,1,1.0
H1_15,A,True,3-4-3,3,1,0,1,1,0,3,4,3,0,14,1,0,0.0,44.30202491787172,2.0,1.0,1.0,0,3,3,4,0,4,2.0,0.21428571428571427,0.5,0.2857142857142857,0.0,0.2727272727272727,0.0,12.6052066866325,88.2364468064275,0.2510415283100712,0.17202098288631887,0.0,7.0,1.5,1.5,1.0,0.5,0.5,1,0,0,1,1,1.0
H1_30,A,True,3-4-3,9,1,0,1,1,0,3,4,3,0,29,2,0,53.77843021514884,94.16423916184559,2.0,2.0,2.0,4,11,5,10,0,4,2.0,0.4411764705882353,0.4411764705882353,0.11764705882352941,0.4444444444444444,0.44,0.0,12.760308320513529,127.60308320513529,0.5796986470113779,0.30679744828478805,13.44460755378721,10.0,3.0,6.0,1.0,1.0,1.0,1,0,0,1,1,1.0
H1_45,A,True,3-4-3,10,1,0,1,1,0,3,4,3,0,44,3,0,0.0,19.299322730422734,2.0,1.0,1.0,4,14,6,16,0,6,2.0,0.391304347826087,0.4782608695652174,0.13043478260869565,0.4,0.3888888888888889,0.0,8.89040884678514,53.34245308071084,0.1809002175173826,0.12933543527359587,0.0,6.0,0.5,1.5,1.0,0.5,0.5,1,0,0,1,1,1.0
H2_15,M,True,3-4-3,0,0,0,0,0,0,3,4,3,0,1,2,0,0.0,5.445503999999999,1.0,0.0,0.0,0,1,0,2,0,0,1.0,0.3333333333333333,0.6666666666666666,0.0,0.0,0.3333333333333333,0.0,10.825916422260471,32.477749266781416,0.16766876162720173,0.0,0.0,3.0,0.0,1.0,1.0,0.0,0.0,0,0,0,0,0,0.0
H2_30,M,True,3-4-3,5,0,0,0,0,0,3,4,3,0,16,6,1,17.881180327868854,66.47550217017954,2.0,2.0,2.0,1,6,2,12,2,2,2.0,0.28,0.56,0.16,0.2,0.3,0.4,12.428254722538826,136.71080194792708,0.30852237458960896,0.24380542806928204,17.881180327868854,11.0,2.5,3.0,1.0,1.0,1.0,0,0,0,0,0,0.0
H2_15,M,True,3-4-3,0,0,0,0,0,0,3,4,3,0,1,0,0,0.0,0.0,0.0,0.0,0.0,0,0,0,0,0,0,0.0,0.0,0.0,0.0,0.0,0.0,0.0,0.0,0.0,0.0,0.0,0.0,0.0,0.0,0.0,0.0,0.0,0.0,0,0,0,0,0,0.0
H2_30,M,True,3-4-3,3,1,1,1,1,0,3,4,3,0,16,2,1,25.956657204301074,87.5729374587857,2.0,2.0,2.0,2,7,1,8,0,3,2.0,0.42857142857142855,0.42857142857142855,0.14285714285714285,0.6666666666666666,0.3888888888888889,0.0,11.424424035266007,119.95645237029308,0.4732117048303194,0.18127363310444944,12.978328602150537,10.5,1.5,4.5,1.0,1.0,1.0,1,0,1,0,1,1.0
H1_15,G,True,3-4-3,0,0,0,0,0,0,3,4,3,0,14,0,0,0.0,0.0,0.0,0.0,0.0,0,0,0,0,0,0,0.0,0.0,0.0,0.0,0.0,0.0,0.0,0.0,0.0,0.0,0.0,0.0,0.0,0.0,0.0,0.0,0.0,0.0,0,0,0,0,0,0.0
H1_30,G,True,3-4-3,0,0,0,0,0,0,3,4,3,0,29,0,0,0.0,0.0,0.0,0.0,0.0,0,0,0,0,0,0,0.0,0.0,0.0,0.0,0.0,0.0,0.0,0.0,0.0,0.0,0.0,0.0,0.0,0.0,0.0,0.0,0.0,0.0,0,0,0,0,0,0.0
H1_45,G,True,3-4-3,0,0,0,0,0,0,3,4,3,0,44,0,1,0.0,0.0,0.0,0.0,0.0,0,0,0,0,0,0,0.0,0.0,0.0,0.0,0.0,0.0,0.0,0.0,0.0,0.0,0.0,0.0,0.0,0.0,0.0,0.0,0.0,0.0,0,0,0,0,0,0.0
H2_15,G,True,3-4-3,0,0,0,0,0,0,3,4,3,0,59,1,2,0.0,0.0,0.0,0.0,0.0,0,0,0,0,0,0,0.0,0.0,0.0,0.0,0.0,0.0,0.0,0.0,0.0,0.0,0.0,0.0,0.0,0.0,0.0,0.0,0.0,0.0,0,0,0,0,0,0.0
H2_30,G,True,3-4-3,0,0,0,0,0,0,3,4,3,0,74,2,3,0.0,0.0,0.0,0.0,0.0,0,0,0,0,0,0,0.0,0.0,0.0,0.0,0.0,0.0,0.0,0.0,0.0,0.0,0.0,0.0,0.0,0.0,0.0,0.0,0.0,0.0,0,0,0,0,0,0.0
H1_15,D,True,3-4-3,1,0,0,0,0,0,3,4,3,0,14,0,1,0.0,44.916834352517995,2.0,1.0,1.0,0,2,0,4,1,5,2.0,0.16666666666666666,0.3333333333333333,0.5,0.0,0.18181818181818182,1.0,13.703991150233698,82.22394690140219,0.27313718232463013,0.03633181776262446,0.0,6.0,0.5,1.0,0.5,0.5,0.5,0,0,0,0,0,0.0
H1_30,D,True,3-4-3,1,0,0,0,0,0,3,4,3,0,29,1,3,0.0,0.0,1.0,0.0,0.0,0,2,0,5,1,7,2.0,0.13333333333333333,0.3333333333333333,0.5333333333333333,0.0,0.14285714285714285,1.0,12.791968496240601,38.375905488721806,0.0,0.0,0.0,3.0,0.0,0.0,0.0,0.0,0.0,0,0,0,0,0,0.0
H1_45,D,True,3-4-3,3,0,0,0,0,0,3,4,3,0,44,2,5,0.0,0.0,1.0,0.0,1.0,0,2,1,7,2,11,2.0,0.08695652173913043,0.34782608695652173,0.5652173913043478,0.0,0.1,0.6666666666666666,19.10199436222087,152.81595489776697,0.0,0.40441612837209595,0.0,8.0,2.0,0.0,0.0,1.0,0.0,0,0,0,0,0,0.0
H2_15,D,True,3-4-3,5,1,0,1,1,0,3,4,3,0,59,4,6,0.0,5.007545454545455,1.0,0.0,1.0,0,3,1,10,4,12,2.0,0.1,0.36666666666666664,0.5333333333333333,0.0,0.12,0.8,10.006039912289703,70.04227938602791,0.07149318238127418,0.30923184139869164,0.0,7.0,2.0,1.0,1.0,1.0,0.0,1,1,0,0,1,1.0
H2_30,D,True,3-4-3,6,1,0,1,1,0,3,4,3,0,74,6,8,0.0,19.061212252252254,2.0,1.0,1.0,0,5,2,13,4,13,2.0,0.13513513513513514,0.40540540540540543,0.4594594594594595,0.0,0.16129032258064516,0.6666666666666666,8.10596581431033,28.370880350086157,0.3359291642882412,0.1485151893305232,0.0,3.5,0.5,1.0,0.5,0.5,0.5,1,1,0,0,1,1.0
H1_15,D,True,3-4-3,0,0,0,0,0,1,3,4,3,0,14,1,3,0.0,16.346784012066365,1.0,0.0,0.0,0,2,0,0,0,4,2.0,0.3333333333333333,0.0,0.6666666666666666,0.0,0.3333333333333333,0.0,9.628421209642935,28.885263628928808,0.28296061656323157,0.0,0.0,3.0,0.0,1.0,1.0,0.0,0.0,0,0,0,0,0,0.0
H1_30,D,True,3-4-3,0,0,0,0,0,1,3,4,3,0,29,2,3,0.0,23.23302524271844,1.0,0.0,0.0,0,3,0,0,0,5,2.0,0.375,0.0,0.625,0.0,0.375,0.0,15.409941192787791,30.819882385575582,0.7538323784646249,0.0,0.0,2.0,0.0,1.0,1.0,0.0,0.0,0,0,0,0,0,0.0
H1_45,D,True,3-4-3,2,0,0,0,0,1,3,4,3,0,44,6,5,0.0,8.518178947368419,2.0,0.0,1.0,0,4,0,0,2,7,2.0,0.3076923076923077,0.0,0.6923076923076923,0.0,0.36363636363636365,1.0,13.035533068526465,32.58883267131616,0.13069168560409802,0.5968871535964806,0.0,2.5,1.0,0.5,0.5,0.5,0.0,0,0,0,0,0,0.0
H2_15,D,True,3-4-3,4,0,0,0,0,1,3,4,3,0,59,9,6,0.0,0.0,2.0,0.0,1.0,0,4,1,5,3,8,2.0,0.19047619047619047,0.2857142857142857,0.5238095238095238,0.0,0.23529411764705882,0.75,13.252856440330376,53.011425761321505,0.0,0.22220577173241038,0.0,4.0,1.0,0.0,0.0,0.5,0.0,0,0,0,0,0,0.0
H2_30,D,True,3-4-3,6,1,1,1,1,0,3,4,3,0,74,11,7,0.0,0.0,2.0,0.0,2.0,0,4,3,7,3,12,2.0,0.13793103448275862,0.3448275862068966,0.5172413793103449,0.0,0.17391304347826086,0.5,16.20980467732987,64.83921870931948,0.0,0.16024497025557136,0.0,4.0,1.0,0.0,0.0,1.0,0.0,1,1,1,0,1,1.0
H2_15,M,True,3-4-3,3,0,0,0,0,0,3,4,3,0,14,2,1,0.0,12.861464150943396,2.0,0.0,2.0,0,1,0,4,3,4,2.0,0.08333333333333333,0.3333333333333333,0.5833333333333334,0.0,0.1111111111111111,1.0,14.371444817746081,86.22866890647649,0.07457765679354812,0.43341086495842335,0.0,6.0,1.5,0.5,0.5,1.0,0.0,0,0,0,0,0,0.0
H2_30,M,True,3-4-3,6,0,0,0,0,0,3,4,3,0,29,4,1,8.911928571428572,40.30058669250646,2.0,1.0,2.0,1,3,0,8,5,8,2.0,0.16,0.32,0.52,0.16666666666666666,0.15789473684210525,0.8333333333333334,12.580321815963455,81.77209180376245,0.30091265967633407,0.26267961031625037,8.911928571428572,6.5,1.5,1.5,1.0,1.0,0.5,0,0,0,0,0,0.0
H1_15,M,True,3-4-3,3,0,0,0,0,0,3,4,3,0,14,0,0,19.64930625,31.577364124293787,2.0,1.0,2.0,1,2,1,6,1,2,2.0,0.23076923076923078,0.5384615384615384,0.23076923076923078,0.3333333333333333,0.2,0.3333333333333333,16.03404489513708,104.22129181839102,0.2457591413449275,0.37312362524562837,19.64930625,6.5,1.5,1.5,0.5,1.0,0.5,0,0,0,0,0,0.0
H1_30,M,True,3-4-3,6,0,0,0,0,0,3,4,3,0,29,1,0,28.97742795698925,24.09188688845401,2.0,1.0,2.0,2,4,2,9,2,6,2.0,0.24,0.44,0.32,0.3333333333333333,0.21052631578947367,0.3333333333333333,14.693574329301436,88.16144597580862,0.3009780196890453,0.5153933493468251,28.97742795698925,6.0,1.5,1.5,0.5,1.0,0.5,0,0,0,0,0,0.0
H1_45,M,True,3-4-3,10,0,0,0,0,0,3,4,3,0,44,7,0,0.0,37.23052796697627,2.0,1.0,2.0,2,7,5,13,3,8,2.0,0.23684210526315788,0.47368421052631576,0.2894736842105263,0.2,0.25,0.3,13.181347293530193,85.67875740794625,0.21726813677810958,0.4643010061874931,0.0,6.5,2.0,1.5,1.0,1.0,0.5,0,0,0,0,0,0.0
H1_15,G,False,4-4-2,0,0,0,0,0,0,4,4,2,0,14,1,0,0.0,0.0,0.0,0.0,0.0,0,0,0,0,0,1,1.0,0.0,0.0,1.0,0.0,0.0,0.0,10.692682926829267,10.692682926829267,0.0,0.0,0.0,1.0,0.0,0.0,0.0,0.0,0.0,0,0,0,0,0,0.0
H1_30,G,False,4-4-2,0,0,0,0,0,0,4,4,2,0,29,3,1,0.0,0.0,0.0,0.0,0.0,0,0,0,0,0,2,1.0,0.0,0.0,1.0,0.0,0.0,0.0,7.117212499999999,7.117212499999999,0.0,0.0,0.0,1.0,0.0,0.0,0.0,0.0,0.0,0,0,0,0,0,0.0
H1_45,G,False,4-4-2,0,0,0,0,0,0,4,4,2,0,44,3,1,0.0,0.0,0.0,0.0,0.0,0,0,0,1,0,2,1.0,0.0,0.3333333333333333,0.6666666666666666,0.0,0.0,0.0,5.073391304347826,5.073391304347826,0.0,0.0,0.0,1.0,0.0,0.0,0.0,0.0,0.0,0,0,0,0,0,0.0
H2_15,G,False,4-4-2,0,0,0,0,0,0,4,4,2,0,59,5,2,0.0,0.0,0.0,0.0,0.0,0,0,0,1,0,2,1.0,0.0,0.3333333333333333,0.6666666666666666,0.0,0.0,0.0,0.0,0.0,0.0,0.0,0.0,0.0,0.0,0.0,0.0,0.0,0.0,0,0,0,0,0,0.0
H2_30,G,False,4-4-2,0,0,0,0,0,0,4,4,2,0,74,8,2,0.0,0.0,0.0,0.0,0.0,0,0,0,1,0,2,1.0,0.0,0.3333333333333333,0.6666666666666666,0.0,0.0,0.0,0.0,0.0,0.0,0.0,0.0,0.0,0.0,0.0,0.0,0.0,0.0,0,0,0,0,0,0.0
H1_15,D,False,4-4-2,2,1,1,0,1,0,4,4,2,0,14,6,2,12.265638095238094,21.433761904761905,2.0,0.0,1.0,1,1,0,4,1,4,2.0,0.18181818181818182,0.36363636363636365,0.45454545454545453,0.5,0.1111111111111111,0.5,11.678055088556977,64.22930298706338,0.26233664723706795,0.17386123147770868,12.265638095238094,5.5,1.0,1.0,1.0,0.5,0.0,1,0,0,0,0,0.0
H1_30,D,False,4-4-2,3,1,1,0,1,0,4,4,2,0,29,9,3,0.0,0.0,2.0,0.0,1.0,1,1,0,7,2,7,2.0,0.1111111111111111,0.3888888888888889,0.5,0.3333333333333333,0.06666666666666667,0.6666666666666666,14.93346638269455,52.26713233943093,0.0,0.05967837246259585,0.0,3.5,0.5,0.0,0.0,0.5,0.0,1,0,0,0,0,0.0
H1_45,D,False,4-4-2,3,1,1,0,1,0,4,4,2,0,44,13,4,0.0,26.777722785223926,2.0,1.0,0.0,1,4,0,10,2,9,2.0,0.19230769230769232,0.38461538461538464,0.4230769230769231,0.3333333333333333,0.17391304347826086,0.6666666666666666,9.355728901772551,37.422915607090204,0.3577717335865538,0.0,0.0,4.0,0.0,1.5,1.0,0.0,0.5,1,0,0,0,0,0.0
H2_15,D,False,4-4-2,6,1,1,0,1,0,4,4,2,0,59,13,5,0.0,31.063188405797106,2.0,1.0,2.0,1,6,2,17,3,9,2.0,0.18421052631578946,0.5,0.3157894736842105,0.16666666666666666,0.1875,0.5,12.255489667410744,73.53293800446447,0.21121955173279722,0.2687917731567964,0.0,6.0,1.5,1.0,0.5,1.0,0.5,1,0,0,0,0,0.0
H2_30,D,False,4-4-2,7,1,1,0,1,0,4,4,2,0,74,16,7,16.759522807017547,6.0714239999999995,1.0,1.0,1.0,2,7,2,19,3,11,2.0,0.20454545454545456,0.4772727272727273,0.3181818181818182,0.2857142857142857,0.1891891891891892,0.42857142857142855,15.957512358929732,47.87253707678919,0.23845557600588332,0.17504318582629846,16.759522807017547,3.0,0.5,1.0,0.5,0.5,0.5,1,0,0,0,0,0.0
H1_15,D,False,4-4-2,2,1,0,0,1,0,4,4,2,0,14,3,0,0.0,71.79785826463322,2.0,2.0,2.0,0,6,1,2,1,4,2.0,0.42857142857142855,0.21428571428571427,0.35714285714285715,0.0,0.5,0.5,11.675480205845872,81.7283614409211,0.4392468966634897,0.0963551037994632,0.0,7.0,1.0,3.0,1.0,1.0,1.0,1,0,1,1,0,0.0
H1_30,D,False,4-4-2,4,1,0,0,1,0,4,4,2,0,29,8,1,0.0,24.497978888888888,2.0,1.0,2.0,0,8,2,3,2,7,2.0,0.36363636363636365,0.22727272727272727,0.4090909090909091,0.0,0.4444444444444444,0.5,14.109827345554525,56.4393093822181,0.21702939987255832,0.41643481416089917,0.0,4.0,1.0,1.0,0.5,1.0,0.5,1,0,1,1,0,0.0
H1_45,D,False,4-4-2,7,1,0,0,1,0,4,4,2,0,44,17,3,8.131200000000002,28.380569631093543,2.0,1.0,2.0,1,12,2,5,4,7,2.0,0.41935483870967744,0.22580645161290322,0.3548387096774194,0.14285714285714285,0.5,0.5714285714285714,8.820878246766,39.693952110447,0.4599160286370686,0.3779316294396332,8.131200000000002,4.5,1.5,2.5,0.5,1.0,0.5,1,0,1,1,0,0.0
H2_15,D,False,4-4-2,8,1,0,0,1,0,4,4,2,0,59,23,4,10.71865945945946,14.226301895206245,2.0,1.0,1.0,2,14,2,8,4,11,2.0,0.3902439024390244,0.24390243902439024,0.36585365853658536,0.25,0.42424242424242425,0.5,11.052779287475737,55.26389643737868,0.2256894913565464,0.09697705147885402,10.71865945945946,5.0,0.5,1.5,0.5,0.5,0.5,1,0,1,1,0,0.0
H1_15,D,False,4-4-2,2,0,0,0,0,0,4,4,2,0,14,6,1,0.0,31.391976642335763,1.0,0.0,1.0,0,1,0,3,2,3,2.0,0.1111111111111111,0.3333333333333333,0.5555555555555556,0.0,0.14285714285714285,1.0,15.682746354169938,70.57235859376472,0.222409858957933,0.2398433797208457,0.0,4.5,1.0,0.5,0.5,0.5,0.0,0,0,0,0,0,0.0
H1_30,D,False,4-4-2,4,0,0,0,0,0,4,4,2,0,29,10,2,0.0,0.0,2.0,0.0,1.0,0,1,1,6,3,6,2.0,0.058823529411764705,0.4117647058823529,0.5294117647058824,0.0,0.07692307692307693,0.75,14.762464033119084,59.049856132476336,0.0,0.31169991070643877,0.0,4.0,1.0,0.0,0.0,0.5,0.0,0,0,0,0,0,0.0
H1_45,D,False,4-4-2,5,0,0,0,0,0,4,4,2,0,44,13,3,0.0,0.0,1.0,0.0,1.0,0,1,1,7,4,9,2.0,0.045454545454545456,0.36363636363636365,0.5909090909090909,0.0,0.058823529411764705,0.8,13.17483239431228,65.87416197156139,0.0,0.09609045597577763,0.0,5.0,1.0,0.0,0.0,1.0,0.0,0,0,0,0,0,0.0
H2_15,D,False,4-4-2,5,0,0,0,0,0,4,4,2,0,59,20,5,0.0,0.0,2.0,0.0,0.0,0,1,1,9,4,11,2.0,0.038461538461538464,0.38461538461538464,0.5769230769230769,0.0,0.047619047619047616,0.8,13.484364784336673,26.968729568673346,0.0,0.0,0.0,2.0,0.0,0.0,0.0,0.0,0.0,0,0,0,0,0,0.0
H2_30,D,False,4-4-2,6,0,0,0,0,0,4,4,2,0,74,22,7,0.0,0.0,1.0,0.0,1.0,0,1,2,10,4,12,2.0,0.034482758620689655,0.41379310344827586,0.5517241379310345,0.0,0.043478260869565216,0.6666666666666666,11.929585849184056,17.894378773776083,0.0,0.4279578135961337,0.0,1.5,0.5,0.0,0.0,0.5,0.0,0,0,0,0,0,0.0
H1_15,D,False,4-4-2,2,0,0,0,0,0,4,4,2,0,14,11,1,8.360893333333333,32.126508688379126,1.0,1.0,1.0,1,3,1,3,0,3,1.0,0.36363636363636365,0.36363636363636365,0.2727272727272727,0.5,0.3333333333333333,0.0,13.134453397896209,144.4789873768583,0.2802303833712878,0.20686467809832862,8.360893333333333,11.0,2.0,4.0,1.0,1.0,1.0,0,0,0,0,0,0.0
H1_30,D,False,4-4-2,4,0,0,0,0,0,4,4,2,0,29,17,2,0.0,0.0,2.0,0.0,1.0,1,3,3,5,0,6,2.0,0.2222222222222222,0.4444444444444444,0.3333333333333333,0.25,0.21428571428571427,0.0,15.962196764686164,55.86768867640157,0.0,0.32297680680549495,0.0,3.5,1.0,0.0,0.0,0.5,0.0,0,0,0,0,0,0.0
H1_45,D,False,4-4-2,4,0,0,0,0,0,4,4,2,0,44,20,4,0.0,0.0,1.0,0.0,0.0,1,3,3,5,0,9,2.0,0.19047619047619047,0.38095238095238093,0.42857142857142855,0.25,0.17647058823529413,0.0,10.258119515151515,30.774358545454543,0.0,0.0,0.0,3.0,0.0,0.0,0.0,0.0,0.0,0,0,0,0,0,0.0
H2_15,D,False,4-4-2,6,0,0,0,0,0,4,4,2,0,59,23,4,0.0,0.0,1.0,0.0,1.0,1,3,4,6,1,11,2.0,0.15384615384615385,0.38461538461538464,0.46153846153846156,0.16666666666666666,0.15,0.16666666666666666,15.378828551832502,38.44707137958125,0.0,0.554487164145077,0.0,2.5,1.0,0.0,0.0,0.5,0.0,0,0,0,0,0,0.0
H2_30,D,False,4-4-2,6,0,0,0,0,0,4,4,2,0,74,25,6,0.0,0.0,2.0,0.0,0.0,1,3,4,8,1,15,2.0,0.125,0.375,0.5,0.16666666666666666,0.11538461538461539,0.16666666666666666,15.876723290841468,47.630169872524405,0.0,0.0,0.0,3.0,0.0,0.0,0.0,0.0,0.0,0,0,0,0,0,0.0
H1_15,M,False,4-4-2,1,0,0,0,0,1,4,4,2,0,14,8,0,0.0,27.49049719298246,2.0,1.0,1.0,0,3,0,0,1,7,2.0,0.2727272727272727,0.0,0.7272727272727273,0.0,0.3,1.0,11.22030512837937,61.71167820608654,0.2227333463625618,0.07990967258306754,0.0,5.5,0.5,1.5,1.0,0.5,0.5,0,0,0,0,0,0.0
H1_30,M,False,4-4-2,3,0,0,0,0,1,4,4,2,0,29,13,0,0.0,4.032376470588235,2.0,0.0,1.0,0,4,1,4,2,10,2.0,0.19047619047619047,0.23809523809523808,0.5714285714285714,0.0,0.2222222222222222,0.6666666666666666,15.147448092474175,75.73724046237088,0.02662083042616051,0.35076144743925153,0.0,5.0,1.0,0.5,0.5,0.5,0.0,0,0,0,0,0,0.0
H1_45,M,False,4-4-2,3,1,0,0,1,1,4,4,2,0,44,17,0,0.0,36.48473516339868,2.0,1.0,0.0,0,6,1,12,2,12,2.0,0.18181818181818182,0.3939393939393939,0.42424242424242425,0.0,0.2,0.6666666666666666,17.18687284996194,103.12123709977163,0.17690214057507403,0.0,0.0,6.0,0.0,1.0,0.5,0.0,0.5,1,0,0,0,0,0.0
H2_15,M,False,4-4-2,5,2,1,1,1,0,4,4,2,0,59,20,3,29.726687500000004,12.52167692307692,2.0,1.0,2.0,1,7,1,15,3,15,2.0,0.19047619047619047,0.38095238095238093,0.42857142857142855,0.2,0.1891891891891892,0.6,15.747306956131913,70.8628813025936,0.29809939736059404,0.280245623045273,29.726687500000004,4.5,1.0,1.0,0.5,1.0,0.5,2,1,0,0,1,0.5
H2_30,M,False,4-4-2,5,2,1,1,1,0,4,4,2,0,74,23,5,0.0,7.885500000000002,2.0,0.0,0.0,1,8,1,18,3,18,2.0,0.1836734693877551,0.3877551020408163,0.42857142857142855,0.2,0.18181818181818182,0.6,8.23049058547227,28.80671704915294,0.13686911956237433,0.0,0.0,3.5,0.0,0.5,0.5,0.0,0.0,2,1,0,0,1,0.5
H2_30,M,False,4-4-2,2,0,0,0,0,0,4,4,2,0,4,1,0,24.010915068493155,28.64052333333333,2.0,1.0,2.0,1,1,1,2,0,0,2.0,0.4,0.6,0.0,0.5,0.3333333333333333,0.0,26.218152473950635,65.54538118487659,0.40164110308031015,0.5015596021830696,24.010915068493155,2.5,1.0,1.0,0.5,1.0,0.5,0,0,0,0,0,0.0
H1_15,A,False,4-4-2,1,0,0,0,0,1,4,4,2,0,14,2,0,15.531461538461537,76.35322692219748,2.0,2.0,1.0,1,6,0,1,0,1,2.0,0.7777777777777778,0.1111111111111111,0.1111111111111111,1.0,0.75,0.0,12.290262820415105,55.306182691867974,0.8306909281063924,0.14041342922719224,15.531461538461537,4.5,0.5,3.5,1.0,0.5,1.0,0,0,0,0,0,0.0
H1_30,A,False,4-4-2,1,0,0,0,0,1,4,4,2,0,29,4,0,0.0,9.639036363636366,1.0,0.0,0.0,1,7,0,3,0,3,2.0,0.5714285714285714,0.21428571428571427,0.21428571428571427,1.0,0.5384615384615384,0.0,7.879607456219944,39.39803728109972,0.24465778066209576,0.0,0.0,5.0,0.0,1.0,1.0,0.0,0.0,0,0,0,0,0,0.0
H1_45,A,False,4-4-2,3,1,1,1,1,0,4,4,2,0,44,7,1,29.955221739130444,18.048523076923075,2.0,1.0,1.0,2,9,1,8,0,3,2.0,0.4782608695652174,0.391304347826087,0.13043478260869565,0.6666666666666666,0.45,0.0,13.06018269583689,58.770822131266,0.40839776504092484,0.3799431562145809,29.955221739130444,4.5,1.0,1.5,0.5,0.5,0.5,1,0,0,0,1,1.0
H2_15,A,False,4-4-2,5,2,1,2,2,0,4,4,2,0,59,8,1,21.90654246575343,29.42810344827586,2.0,1.0,1.0,3,10,2,12,0,3,2.0,0.43333333333333335,0.4666666666666667,0.1,0.6,0.4,0.0,13.629658555597796,47.703804944592285,0.5380560939913934,0.380541368848075,21.90654246575343,3.5,1.0,1.0,0.5,0.5,0.5,2,0,0,1,2,1.0
H1_15,A,False,4-4-2,2,0,0,0,0,1,4,4,2,0,14,4,0,12.219036363636365,27.66543274894811,2.0,1.0,2.0,1,4,0,2,1,2,2.0,0.5,0.2,0.3,0.5,0.5,0.5,8.840683963800231,44.203419819001155,0.4511468713947767,0.29275589653081,12.219036363636365,5.0,1.0,2.5,1.0,1.0,0.5,0,0,0,0,0,0.0
H1_30,A,False,4-4-2,2,0,0,0,0,1,4,4,2,0,29,8,1,0.0,9.25975238095238,1.0,0.0,0.0,1,5,0,3,1,3,2.0,0.46153846153846156,0.23076923076923078,0.3076923076923077,0.5,0.45454545454545453,0.5,11.086127763347761,16.629191645021642,0.2784185960032674,0.0,0.0,1.5,0.0,0.5,0.5,0.0,0.0,0,0,0,0,0,0.0
H1_45,A,False,4-4-2,4,1,0,1,1,1,4,4,2,0,44,14,2,18.63106875,26.7939307489503,2.0,1.0,2.0,2,8,1,5,1,5,2.0,0.45454545454545453,0.2727272727272727,0.2727272727272727,0.5,0.4444444444444444,0.25,13.829296203249744,62.231832914623844,0.3649659456541243,0.30536269810366545,18.63106875,4.5,1.0,2.0,0.5,1.0,0.5,1,0,0,1,1,1.0
H2_15,A,False,4-4-2,7,2,1,2,2,0,4,4,2,0,59,20,2,27.207457703081232,22.55981207198598,2.0,1.0,1.0,4,11,2,10,1,5,2.0,0.45454545454545453,0.36363636363636365,0.18181818181818182,0.5714285714285714,0.4230769230769231,0.14285714285714285,8.758552120169567,48.17203666093262,0.5165576673181054,0.4359042501359906,13.603728851540616,5.5,1.5,2.5,1.0,0.5,0.5,2,0,1,1,2,1.0
H2_30,A,False,4-4-2,8,2,1,2,2,0,4,4,2,0,74,22,2,0.0,9.04761,2.0,0.0,1.0,4,12,3,13,1,5,2.0,0.42105263157894735,0.42105263157894735,0.15789473684210525,0.5,0.4,0.125,10.722736658878059,26.80684164719515,0.16875561319523572,0.19778250620132545,0.0,2.5,0.5,0.5,0.5,0.5,0.0,2,0,1,1,2,1.0
H2_30,D,False,4-4-2,0,0,0,0,0,0,4,4,2,0,4,0,0,0.0,0.0,0.0,0.0,0.0,0,0,0,1,0,0,1.0,0.0,1.0,0.0,0.0,0.0,0.0,9.921767441860464,9.921767441860464,0.0,0.0,0.0,1.0,0.0,0.0,0.0,0.0,0.0,0,0,0,0,0,0.0
H1_15,M,False,4-4-2,5,1,0,0,1,0,4,4,2,0,14,4,0,23.857686666666662,50.129390911920325,2.0,2.0,2.0,2,5,1,1,2,2,2.0,0.5384615384615384,0.15384615384615385,0.3076923076923077,0.4,0.625,0.4,15.17594828017626,98.6436638211457,0.37502194622827256,0.4667869293043471,11.928843333333331,6.5,2.5,3.5,1.0,1.0,1.0,1,0,1,1,0,0.0
H1_30,M,False,4-4-2,6,1,0,0,1,0,4,4,2,0,29,11,1,0.0,7.630739393939394,2.0,0.0,1.0,2,6,2,4,2,4,2.0,0.4,0.3,0.3,0.3333333333333333,0.42857142857142855,0.3333333333333333,17.444760974959877,61.05666341235957,0.062488997657827464,0.21460411127475032,0.0,3.5,0.5,0.5,0.5,0.5,0.0,1,0,1,1,0,0.0
H1_45,M,False,4-4-2,8,1,0,0,1,0,4,4,2,0,44,19,1,21.745722222222227,28.117657894736844,2.0,1.0,2.0,3,8,3,8,2,5,2.0,0.3793103448275862,0.3793103448275862,0.2413793103448276,0.375,0.38095238095238093,0.25,12.274509315801026,55.23529192110462,0.4513724684227385,0.2819190289308731,21.745722222222227,4.5,1.0,1.5,0.5,1.0,0.5,1,0,1,1,0,0.0
H2_15,M,False,4-4-2,9,3,2,2,3,0,4,4,2,0,59,26,2,9.523023529411764,41.34015973138503,2.0,1.0,1.0,4,11,3,15,2,6,2.0,0.36585365853658536,0.43902439024390244,0.1951219512195122,0.4444444444444444,0.34375,0.2222222222222222,13.164518029243439,78.98710817546063,0.32197142315813215,0.06028213811966302,9.523023529411764,6.0,0.5,2.0,0.5,0.5,0.5,3,0,1,1,2,0.6666666666666666
H1_15,M,False,4-4-2,3,0,0,0,0,0,4,4,2,0,14,11,0,9.557721212121212,22.953784444444445,2.0,1.0,2.0,1,2,1,5,1,4,2.0,0.21428571428571427,0.42857142857142855,0.35714285714285715,0.3333333333333333,0.18181818181818182,0.3333333333333333,12.361611804044824,86.53128262831376,0.18785983906083709,0.245762513266977,9.557721212121212,7.0,1.5,1.5,1.0,1.0,0.5,0,0,0,0,0,0.0
H1_30,M,False,4-4-2,5,0,0,0,0,0,4,4,2,0,29,21,0,0.0,0.0,2.0,0.0,2.0,1,2,2,8,2,10,2.0,0.12,0.4,0.48,0.2,0.1,0.4,11.443098497591741,62.93704173675457,0.0,0.33242884660190775,0.0,5.5,1.0,0.0,0.0,1.0,0.0,0,0,0,0,0,0.0
H1_45,M,False,4-4-2,6,1,0,0,1,0,4,4,2,0,44,30,1,10.210277777777778,5.329036363636363,2.0,0.0,1.0,2,3,2,11,2,12,2.0,0.15625,0.40625,0.4375,0.3333333333333333,0.11538461538461539,0.3333333333333333,14.223118570679869,49.78091499737954,0.1560770241189031,0.10255213045315906,10.210277777777778,3.5,0.5,1.0,1.0,0.5,0.0,1,0,0,1,0,0.0
H2_15,M,False,4-4-2,7,1,0,0,1,0,4,4,2,0,59,37,1,0.0,21.73730625,2.0,0.0,1.0,2,5,3,13,2,12,2.0,0.1891891891891892,0.43243243243243246,0.3783783783783784,0.2857142857142857,0.16666666666666666,0.2857142857142857,13.506380693173151,33.765951732932876,0.3218820310756856,0.26408747435315266,0.0,2.5,0.5,1.0,1.0,0.5,0.0,1,0,0,1,0,0.0
H2_30,M,False,4-4-2,8,1,0,0,1,0,4,4,2,0,74,40,6,0.0,30.96199285714286,2.0,1.0,1.0,2,8,4,14,2,15,2.0,0.2222222222222222,0.4,0.37777777777777777,0.25,0.21621621621621623,0.25,13.819906137222477,55.279624548889906,0.28004887071691065,0.3302729763094762,0.0,4.0,0.5,1.5,1.0,0.5,0.5,1,0,0,1,0,0.0
H2_30,M,False,4-4-2,3,0,0,0,0,0,4,4,2,0,4,0,0,30.557767136150233,9.45245128205128,1.0,1.0,1.0,2,1,1,2,0,0,1.0,0.5,0.5,0.0,0.6666666666666666,0.3333333333333333,0.0,13.184356290988767,79.1061377459326,0.5057789390085439,0.5519660258186304,15.278883568075116,6.0,3.0,3.0,1.0,1.0,1.0,0,0,0,0,0,0.0
H1_15,M,False,4-4-2,4,2,0,1,2,1,4,4,2,0,14,12,0,22.001482666666664,71.92662261764,2.0,2.0,2.0,1,6,2,5,1,2,2.0,0.4117647058823529,0.4117647058823529,0.17647058823529413,0.25,0.46153846153846156,0.25,13.73945682850086,116.78538304225731,0.40213981766159884,0.3503002581689749,22.001482666666664,8.5,2.0,3.5,1.0,1.0,1.0,2,0,0,0,1,0.5
H1_30,M,False,4-4-2,6,2,0,1,2,1,4,4,2,0,29,17,1,20.301994029850743,29.139873205741626,2.0,1.0,1.0,2,8,2,8,2,4,2.0,0.38461538461538464,0.38461538461538464,0.23076923076923078,0.3333333333333333,0.4,0.3333333333333333,13.981559405930518,62.917017326687336,0.3929133113452658,0.29705349388861363,20.301994029850743,4.5,1.0,1.5,1.0,0.5,0.5,2,0,0,0,1,0.5
H1_45,M,False,4-4-2,9,3,1,2,3,0,4,4,2,0,44,25,2,17.79951186440678,26.92710687445887,2.0,1.0,2.0,3,11,3,12,3,8,2.0,0.35,0.375,0.275,0.3333333333333333,0.3548387096774194,0.3333333333333333,11.678840340052355,81.75188238036648,0.27355100235347724,0.25996466303953053,17.79951186440678,7.0,1.5,2.0,0.5,1.0,0.5,3,0,0,0,2,0.6666666666666666
H2_15,M,False,4-4-2,11,3,1,2,3,0,4,4,2,0,59,35,2,19.50014328358209,47.12515294204178,2.0,1.0,1.0,4,14,4,16,3,8,2.0,0.3673469387755102,0.40816326530612246,0.22448979591836735,0.36363636363636365,0.3684210526315789,0.2727272727272727,12.816793048366812,57.67556871765065,0.577586816280793,0.2457104682574687,19.50014328358209,4.5,1.0,2.0,1.0,0.5,0.5,3,0,0,0,2,0.6666666666666666
H2_30,M,False,4-4-2,15,4,1,3,4,0,4,4,2,0,74,38,2,36.32365516869096,88.81286666441287,2.0,2.0,2.0,6,20,6,22,3,12,2.0,0.37681159420289856,0.4057971014492754,0.21739130434782608,0.4,0.37037037037037035,0.2,13.55920863809178,135.5920863809178,0.4614447832949438,0.2677950387303432,18.16182758434548,10.0,2.0,4.0,1.0,1.0,1.0,4,1,1,0,3,0.75
H1_15,D,True,4-1-4-1,2,0,0,0,0,0,4,1,4,1,14,2,1,0.0,9.45789,2.0,0.0,1.0,0,1,0,2,2,5,2.0,0.1,0.2,0.7,0.0,0.125,1.0,11.142380357757602,55.71190178878801,0.08488213197115625,0.3047240168127066,0.0,5.0,1.0,0.5,0.5,0.5,0.0,0,0,0,0,0,0.0
H1_30,D,True,4-1-4-1,2,0,0,0,0,0,4,1,4,1,29,3,3,0.0,0.0,1.0,0.0,0.0,0,1,0,2,2,7,2.0,0.08333333333333333,0.16666666666666666,0.75,0.0,0.1,1.0,8.345455238095239,16.690910476190478,0.0,0.0,0.0,2.0,0.0,0.0,0.0,0.0,0.0,0,0,0,0,0,0.0
H1_45,D,True,4-1-4-1,2,1,0,1,1,0,4,1,4,1,44,5,5,0.0,0.0,1.0,0.0,0.0,0,1,0,5,2,8,2.0,0.0625,0.3125,0.625,0.0,0.07142857142857142,1.0,10.65591292335116,42.62365169340464,0.0,0.0,0.0,4.0,0.0,0.0,0.0,0.0,0.0,1,0,0,0,1,1.0
H2_15,D,True,4-1-4-1,2,1,0,1,1,0,4,1,4,1,59,11,6,0.0,22.909263829787232,2.0,0.0,0.0,0,2,0,7,2,12,2.0,0.08695652173913043,0.30434782608695654,0.6086956521739131,0.0,0.09523809523809523,1.0,11.977762847059736,41.92216996470908,0.2732356632430133,0.0,0.0,3.5,0.0,0.5,0.5,0.0,0.0,1,0,0,0,1,1.0
H2_30,D,True,4-1-4-1,4,1,0,1,1,0,4,1,4,1,74,12,6,0.0,0.0,1.0,0.0,1.0,0,2,0,9,4,17,2.0,0.0625,0.28125,0.65625,0.0,0.07142857142857142,1.0,9.061626657364199,40.7773199581389,0.0,0.27913743429615373,0.0,4.5,1.0,0.0,0.0,0.5,0.0,1,0,0,0,1,1.0
H1_15,D,True,4-1-4-1,2,0,0,0,0,0,4,1,4,1,14,2,0,0.0,0.0,1.0,0.0,1.0,0,0,0,0,2,2,2.0,0.0,0.0,1.0,0.0,0.0,1.0,22.05303611047301,44.10607222094602,0.0,0.7341666603176619,0.0,2.0,1.0,0.0,0.0,0.5,0.0,0,0,0,0,0,0.0
H1_30,D,True,4-1-4-1,2,0,0,0,0,0,4,1,4,1,29,2,2,0.0,0.0,0.0,0.0,0.0,0,0,0,0,2,3,2.0,0.0,0.0,1.0,0.0,0.0,1.0,10.659309090909092,10.659309090909092,0.0,0.0,0.0,1.0,0.0,0.0,0.0,0.0,0.0,0,0,0,0,0,0.0
H1_45,D,True,4-1-4-1,2,0,0,0,0,0,4,1,4,1,44,5,2,0.0,0.0,1.0,0.0,0.0,0,0,0,0,2,5,2.0,0.0,0.0,1.0,0.0,0.0,1.0,9.661898169336382,19.323796338672764,0.0,0.0,0.0,2.0,0.0,0.0,0.0,0.0,0.0,0,0,0,0,0,0.0
H2_15,D,True,4-1-4-1,3,0,0,0,0,0,4,1,4,1,59,8,2,0.0,12.27272727272727,2.0,0.0,1.0,0,1,1,4,2,7,2.0,0.06666666666666667,0.3333333333333333,0.6,0.0,0.08333333333333333,0.6666666666666666,9.301171235738837,37.204684942955346,0.16493523989713416,0.08653374902922858,0.0,4.0,0.5,0.5,0.5,0.5,0.0,0,0,0,0,0,0.0
H2_30,D,True,4-1-4-1,5,0,0,0,0,0,4,1,4,1,74,11,2,0.0,0.0,2.0,0.0,2.0,0,1,2,5,3,9,2.0,0.05,0.35,0.6,0.0,0.06666666666666667,0.6,15.707730486584996,39.26932621646249,0.0,0.5523276189110029,0.0,2.5,1.0,0.0,0.0,1.0,0.0,0,0,0,0,0,0.0
H1_15,M,True,4-1-4-1,1,0,0,0,0,0,4,1,4,1,14,1,0,0.0,31.466972850678733,2.0,0.0,1.0,0,2,0,2,1,3,2.0,0.25,0.25,0.5,0.0,0.2857142857142857,1.0,15.79884333412668,63.19537333650672,0.2489657959857394,0.21144578540084383,0.0,4.0,0.5,1.0,1.0,0.5,0.0,0,0,0,0,0,0.0
H1_30,M,True,4-1-4-1,1,0,0,0,0,0,4,1,4,1,29,2,2,0.0,0.0,1.0,0.0,0.0,0,2,0,3,1,5,2.0,0.18181818181818182,0.2727272727272727,0.5454545454545454,0.0,0.2,1.0,10.711054116638076,16.066581174957115,0.0,0.0,0.0,1.5,0.0,0.0,0.0,0.0,0.0,0,0,0,0,0,0.0
H1_45,M,True,4-1-4-1,2,0,0,0,0,0,4,1,4,1,44,5,3,0.0,9.61469523809524,1.0,0.0,1.0,0,3,1,5,1,6,2.0,0.1875,0.375,0.4375,0.0,0.21428571428571427,0.5,10.106818356996618,25.267045892491545,0.19026156201648373,0.1587959061517427,0.0,2.5,0.5,0.5,0.5,0.5,0.0,0,0,0,0,0,0.0
H2_15,M,True,4-1-4-1,3,0,0,0,0,0,4,1,4,1,59,8,4,0.0,0.0,1.0,0.0,1.0,0,3,2,7,1,7,2.0,0.15,0.45,0.4,0.0,0.17647058823529413,0.3333333333333333,13.046527433135083,26.093054866270165,0.0,0.345028790938985,0.0,2.0,0.5,0.0,0.0,0.5,0.0,0,0,0,0,0,0.0
H2_30,M,True,4-1-4-1,4,0,0,0,0,0,4,1,4,1,74,9,5,10.934473684210529,16.18825846153846,1.0,1.0,1.0,1,4,2,8,1,7,2.0,0.21739130434782608,0.43478260869565216,0.34782608695652173,0.25,0.21052631578947367,0.25,13.381196429535377,40.14358928860613,0.6756429264646542,0.27238405628352813,10.934473684210529,3.0,1.0,2.0,1.0,1.0,1.0,0,0,0,0,0,0.0
H1_15,M,True,4-1-4-1,1,0,0,0,0,0,4,1,4,1,14,1,1,0.0,11.508400644122382,2.0,1.0,1.0,0,2,0,7,1,1,2.0,0.18181818181818182,0.6363636363636364,0.18181818181818182,0.0,0.2,1.0,13.535584795973456,74.44571637785401,0.077293907588388,0.1393868993494492,0.0,5.5,0.5,1.0,0.5,0.5,0.5,0,0,0,0,0,0.0
H1_30,M,True,4-1-4-1,2,0,0,0,0,0,4,1,4,1,29,3,2,0.0,0.0,2.0,0.0,1.0,0,2,1,10,1,6,2.0,0.1,0.55,0.35,0.0,0.1111111111111111,0.5,9.109564620490573,40.99304079220758,0.0,0.2269638047857407,0.0,4.5,0.5,0.0,0.0,0.5,0.0,0,0,0,0,0,0.0
H1_45,M,True,4-1-4-1,3,0,0,0,0,0,4,1,4,1,44,6,4,0.0,0.0,1.0,0.0,1.0,0,2,2,14,1,9,2.0,0.07142857142857142,0.5714285714285714,0.35714285714285715,0.0,0.08,0.3333333333333333,12.61763289069506,50.47053156278024,0.0,0.30543129058709606,0.0,4.0,0.5,0.0,0.0,0.5,0.0,0,0,0,0,0,0.0
H2_15,M,True,4-1-4-1,5,0,0,0,0,0,4,1,4,1,59,9,8,0.0,13.80122181818182,2.0,0.0,2.0,0,3,3,20,2,12,2.0,0.075,0.575,0.35,0.0,0.08571428571428572,0.4,11.601647613555327,69.60988568133196,0.09913262809655096,0.16083910114584227,0.0,6.0,1.0,0.5,0.5,1.0,0.0,0,0,0,0,0,0.0
H2_30,M,True,4-1-4-1,6,0,0,0,0,0,4,1,4,1,74,10,9,0.0,0.0,1.0,0.0,1.0,0,3,3,24,3,13,2.0,0.06521739130434782,0.5869565217391305,0.34782608695652173,0.0,0.075,0.5,12.749872185745362,38.24961655723609,0.0,0.1748917788038672,0.0,3.0,0.5,0.0,0.0,0.5,0.0,0,0,0,0,0,0.0
H1_15,A,True,4-1-4-1,5,0,0,0,0,0,4,1,4,1,14,2,0,45.20436910039114,29.84200663659148,2.0,2.0,2.0,3,4,2,3,0,0,2.0,0.5833333333333334,0.4166666666666667,0.0,0.6,0.5714285714285714,0.0,10.113211766157681,60.67927059694608,0.6183856117476108,0.5685512105852518,15.068123033463714,6.0,2.5,3.5,1.0,1.0,1.0,0,0,0,0,0,0.0
H1_30,A,True,4-1-4-1,6,0,0,0,0,0,4,1,4,1,29,2,1,19.49319365079365,5.649615384615384,2.0,1.0,1.0,4,5,2,8,0,3,2.0,0.4090909090909091,0.45454545454545453,0.13636363636363635,0.6666666666666666,0.3125,0.0,10.29626215297731,51.48131076488655,0.24419355938930357,0.1893230121880387,19.49319365079365,5.0,0.5,1.0,0.5,0.5,0.5,0,0,0,0,0,0.0
H1_45,A,True,4-1-4-1,7,1,1,1,1,0,4,1,4,1,44,7,1,0.0,43.056620789126974,2.0,1.0,1.0,4,10,3,9,0,4,2.0,0.4666666666666667,0.4,0.13333333333333333,0.5714285714285714,0.43478260869565216,0.0,12.300969688291499,49.203878753165995,0.4375327909119006,0.09182711027043322,0.0,4.0,0.5,2.5,1.0,0.5,0.5,1,0,0,0,1,1.0
H2_15,A,True,4-1-4-1,10,1,1,1,1,0,4,1,4,1,59,13,2,7.490311111111112,47.07597635014936,1.0,1.0,1.0,5,15,4,10,1,7,2.0,0.47619047619047616,0.3333333333333333,0.19047619047619047,0.5,0.46875,0.1,11.314948540535168,67.889691243211,0.40187461794294965,0.33189543181648545,7.490311111111112,6.0,1.5,3.0,1.0,0.5,0.5,1,0,0,0,1,1.0
H2_30,A,True,4-1-4-1,10,1,1,1,1,0,4,1,4,1,74,15,3,0.0,14.928180000000005,2.0,0.0,0.0,5,16,4,15,1,8,2.0,0.42857142857142855,0.3877551020408163,0.1836734693877551,0.5,0.41025641025641024,0.1,11.100397712657713,38.851391994302,0.19211898510855663,0.0,0.0,3.5,0.0,0.5,0.5,0.0,0.0,1,0,0,0,1,1.0
H1_15,M,True,4-1-4-1,1,0,0,0,0,0,4,1,4,1,14,2,0,0.0,40.16749086419753,1.0,0.0,1.0,0,2,1,5,0,2,2.0,0.2,0.6,0.2,0.0,0.2222222222222222,0.0,18.837024315764186,94.18512157882093,0.2132369220895599,0.16279306411736139,0.0,5.0,0.5,1.0,1.0,0.5,0.0,0,0,0,0,0,0.0
H1_30,M,True,4-1-4-1,3,0,0,0,0,0,4,1,4,1,29,2,0,0.0,0.0,2.0,0.0,2.0,0,2,3,8,0,6,2.0,0.10526315789473684,0.5789473684210527,0.3157894736842105,0.0,0.125,0.0,8.627427986364555,38.8234259386405,0.0,0.3107520317099187,0.0,4.5,1.0,0.0,0.0,1.0,0.0,0,0,0,0,0,0.0
H1_45,M,True,4-1-4-1,5,0,0,0,0,0,4,1,4,1,44,3,0,0.0,51.86368011321518,2.0,1.0,2.0,0,5,5,12,0,6,2.0,0.17857142857142858,0.6071428571428571,0.21428571428571427,0.0,0.21739130434782608,0.0,14.140417428063394,63.631878426285276,0.4075290671585074,0.2602155828862312,0.0,4.5,1.0,1.5,1.0,1.0,0.5,0,0,0,0,0,0.0
H2_15,M,True,4-1-4-1,7,0,0,0,0,0,4,1,4,1,59,7,0,29.261160634920635,30.564390353086004,2.0,2.0,1.0,2,9,5,14,0,8,2.0,0.2894736842105263,0.5,0.21052631578947367,0.2857142857142857,0.2903225806451613,0.0,12.494416090668924,62.47208045334462,0.4788183021428712,0.23419390248075256,14.630580317460318,5.0,1.0,3.0,1.0,0.5,1.0,0,0,0,0,0,0.0
H2_30,D,True,4-1-4-1,0,0,0,0,0,0,4,1,4,1,8,0,2,0.0,0.0,0.0,0.0,0.0,0,0,0,0,0,1,1.0,0.0,0.0,1.0,0.0,0.0,0.0,19.180820779220777,19.180820779220777,0.0,0.0,0.0,1.0,0.0,0.0,0.0,0.0,0.0,0,0,0,0,0,0.0
H2_15,A,True,4-1-4-1,1,0,0,0,0,0,4,1,4,1,9,1,0,32.49465346534654,42.90065358255452,2.0,1.0,1.0,1,2,0,5,0,4,2.0,0.25,0.4166666666666667,0.3333333333333333,1.0,0.18181818181818182,0.0,18.18379620655807,109.10277723934843,0.34552423391798587,0.1489176274315187,32.49465346534654,6.0,0.5,1.5,1.0,0.5,0.5,0,0,0,0,0,0.0
H2_30,A,True,4-1-4-1,4,0,0,0,0,0,4,1,4,1,24,3,1,0.0,10.861089361702128,2.0,0.0,2.0,1,3,1,8,2,7,2.0,0.18181818181818182,0.4090909090909091,0.4090909090909091,0.25,0.16666666666666666,0.5,12.405815341179196,62.02907670589598,0.0875483719772163,0.4086086044443245,0.0,5.0,1.5,0.5,0.5,1.0,0.0,0,0,0,0,0,0.0
H1_15,D,True,4-1-4-1,3,1,1,0,1,0,4,1,4,1,14,1,1,11.23591794871795,12.755099999999995,1.0,1.0,1.0,1,1,0,1,2,2,2.0,0.2857142857142857,0.14285714285714285,0.5714285714285714,0.3333333333333333,0.25,0.6666666666666666,15.38190358589974,53.836662550649095,0.2228130126579391,0.430933439024228,11.23591794871795,3.5,1.5,1.0,0.5,0.5,0.5,1,0,0,0,0,0.0
H1_30,D,True,4-1-4-1,3,1,1,0,1,0,4,1,4,1,29,2,3,0.0,0.0,1.0,0.0,0.0,1,1,0,1,2,5,2.0,0.2,0.1,0.7,0.3333333333333333,0.14285714285714285,0.6666666666666666,7.679557912786401,11.519336869179602,0.0,0.0,0.0,1.5,0.0,0.0,0.0,0.0,0.0,1,0,0,0,0,0.0
H1_45,D,True,4-1-4-1,3,1,1,0,1,0,4,1,4,1,44,4,5,0.0,0.0,2.0,0.0,0.0,1,1,0,3,2,11,2.0,0.1111111111111111,0.16666666666666666,0.7222222222222222,0.3333333333333333,0.06666666666666667,0.6666666666666666,12.549681805437217,50.19872722174887,0.0,0.0,0.0,4.0,0.0,0.0,0.0,0.0,0.0,1,0,0,0,0,0.0
H2_15,D,True,4-1-4-1,6,1,1,0,1,0,4,1,4,1,59,6,9,6.903935999999999,21.729760233918128,2.0,1.0,2.0,2,3,0,5,4,12,2.0,0.19230769230769232,0.19230769230769232,0.6153846153846154,0.3333333333333333,0.15,0.6666666666666666,8.802798745313547,35.21119498125419,0.4065993251459116,0.41091930206769983,6.903935999999999,4.0,1.5,1.5,1.0,1.0,0.5,1,0,0,0,0,0.0
H1_15,D,True,4-1-4-1,1,0,0,0,0,0,4,1,4,1,14,0,1,0.0,8.339545945945947,1.0,0.0,1.0,0,1,0,3,1,2,2.0,0.14285714285714285,0.42857142857142855,0.42857142857142855,0.0,0.16666666666666666,1.0,14.953917645624282,52.33871175968498,0.07966900278552196,0.09020350588289036,0.0,3.5,0.5,0.5,0.5,0.5,0.0,0,0,0,0,0,0.0
H1_30,D,True,4-1-4-1,3,0,0,0,0,0,4,1,4,1,29,1,3,0.0,0.0,2.0,0.0,2.0,0,1,0,3,3,9,2.0,0.0625,0.1875,0.75,0.0,0.07692307692307693,1.0,8.682025508100564,39.06911478645254,0.0,0.20196702280213952,0.0,4.5,1.0,0.0,0.0,1.0,0.0,0,0,0,0,0,0.0
H1_45,D,True,4-1-4-1,8,0,0,0,0,0,4,1,4,1,44,3,4,63.482495238095254,0.0,2.0,1.0,2.0,2,1,1,6,5,11,2.0,0.11538461538461539,0.2692307692307692,0.6153846153846154,0.25,0.05555555555555555,0.625,15.584880444387986,77.92440222193993,0.40733386094697244,0.6915332522767091,31.741247619047627,5.0,2.5,1.0,0.5,1.0,0.5,0,0,0,0,0,0.0
H2_15,D,True,4-1-4-1,12,0,0,0,0,0,4,1,4,1,59,11,7,21.07615151515152,23.91593009708738,2.0,0.0,2.0,3,2,2,9,7,12,2.0,0.14285714285714285,0.3142857142857143,0.5428571428571428,0.25,0.08695652173913043,0.5833333333333334,13.552653833087218,60.98694224889248,0.36886651431566037,0.4239276369754728,21.07615151515152,4.5,2.0,1.0,1.0,1.0,0.0,0,0,0,0,0,0.0
H2_30,D,True,4-1-4-1,13,0,0,0,0,0,4,1,4,1,74,14,7,0.0,0.0,2.0,0.0,1.0,3,2,2,11,8,18,2.0,0.11363636363636363,0.29545454545454547,0.5909090909090909,0.23076923076923078,0.06451612903225806,0.6153846153846154,10.146241250039058,45.65808562517576,0.0,0.08790254812506867,0.0,4.5,0.5,0.0,0.0,0.5,0.0,0,0,0,0,0,0.0
H1_15,M,True,4-1-4-1,2,0,0,0,0,0,4,1,4,1,14,2,0,14.048204255319147,66.75683804904317,2.0,1.0,2.0,1,5,0,1,1,1,2.0,0.6666666666666666,0.1111111111111111,0.2222222222222222,0.5,0.7142857142857143,0.5,13.675451440647384,61.539531482913226,0.6565295539079483,0.31988972278066485,14.048204255319147,4.5,1.0,3.0,1.0,1.0,0.5,0,0,0,0,0,0.0
H1_30,M,True,4-1-4-1,3,0,0,0,0,0,4,1,4,1,29,2,0,0.0,4.958608695652173,2.0,0.0,1.0,1,6,1,5,1,2,2.0,0.4375,0.375,0.1875,0.3333333333333333,0.46153846153846156,0.3333333333333333,12.524470346244582,43.83564621185604,0.05655909201939676,0.2572933079745988,0.0,3.5,0.5,0.5,0.5,0.5,0.0,0,0,0,0,0,0.0
H1_45,M,True,4-1-4-1,5,0,0,0,0,0,4,1,4,1,44,2,0,0.0,38.27500206896552,2.0,1.0,2.0,1,8,3,10,1,4,2.0,0.3333333333333333,0.48148148148148145,0.18518518518518517,0.2,0.36363636363636365,0.2,13.547632087656433,74.51197648211038,0.25683791972794456,0.27238311597540293,0.0,5.5,1.0,1.0,0.5,1.0,0.5,0,0,0,0,0,0.0
H2_30,M,True,4-1-4-1,0,0,0,0,0,0,4,1,4,1,8,1,2,0.0,0.0,1.0,0.0,0.0,0,0,0,3,0,1,2.0,0.0,0.75,0.25,0.0,0.0,0.0,14.673620015151515,29.34724003030303,0.0,0.0,0.0,2.0,0.0,0.0,0.0,0.0,0.0,0,0,0,0,0,0.0
H1_15,G,True,4-1-4-1,0,0,0,0,0,0,4,1,4,1,14,0,2,0.0,0.0,0.0,0.0,0.0,0,0,0,1,0,0,1.0,0.0,1.0,0.0,0.0,0.0,0.0,17.950028985507245,17.950028985507245,0.0,0.0,0.0,1.0,0.0,0.0,0.0,0.0,0.0,0,0,0,0,0,0.0
H1_30,G,True,4-1-4-1,0,0,0,0,0,0,4,1,4,1,29,0,4,0.0,0.0,0.0,0.0,0.0,0,0,0,1,0,0,1.0,0.0,1.0,0.0,0.0,0.0,0.0,0.0,0.0,0.0,0.0,0.0,0.0,0.0,0.0,0.0,0.0,0.0,0,0,0,0,0,0.0
H1_45,G,True,4-1-4-1,0,0,0,0,0,0,4,1,4,1,44,1,5,0.0,0.0,0.0,0.0,0.0,0,0,0,1,0,0,1.0,0.0,1.0,0.0,0.0,0.0,0.0,0.0,0.0,0.0,0.0,0.0,0.0,0.0,0.0,0.0,0.0,0.0,0,0,0,0,0,0.0
H2_15,G,True,4-1-4-1,0,0,0,0,0,0,4,1,4,1,59,1,5,0.0,0.0,0.0,0.0,0.0,0,0,0,1,0,0,1.0,0.0,1.0,0.0,0.0,0.0,0.0,0.0,0.0,0.0,0.0,0.0,0.0,0.0,0.0,0.0,0.0,0.0,0,0,0,0,0,0.0
H2_30,G,True,4-1-4-1,0,0,0,0,0,0,4,1,4,1,74,1,6,0.0,0.0,0.0,0.0,0.0,0,0,0,1,0,0,1.0,0.0,1.0,0.0,0.0,0.0,0.0,0.0,0.0,0.0,0.0,0.0,0.0,0.0,0.0,0.0,0.0,0.0,0,0,0,0,0,0.0
H1_15,G,False,4-1-4-1,0,0,0,0,0,0,4,1,4,1,14,0,0,0.0,0.0,0.0,0.0,0.0,0,0,0,0,0,0,0.0,0.0,0.0,0.0,0.0,0.0,0.0,0.0,0.0,0.0,0.0,0.0,0.0,0.0,0.0,0.0,0.0,0.0,0,0,0,0,0,0.0
H1_30,G,False,4-1-4-1,0,0,0,0,0,0,4,1,4,1,29,0,0,0.0,0.0,0.0,0.0,0.0,0,0,0,0,0,0,0.0,0.0,0.0,0.0,0.0,0.0,0.0,0.0,0.0,0.0,0.0,0.0,0.0,0.0,0.0,0.0,0.0,0.0,0,0,0,0,0,0.0
H1_45,G,False,4-1-4-1,0,0,0,0,0,0,4,1,4,1,44,1,0,0.0,0.0,0.0,0.0,0.0,0,0,0,0,0,0,0.0,0.0,0.0,0.0,0.0,0.0,0.0,0.0,0.0,0.0,0.0,0.0,0.0,0.0,0.0,0.0,0.0,0.0,0,0,0,0,0,0.0
H2_15,G,False,4-1-4-1,0,0,0,0,0,0,4,1,4,1,59,1,1,0.0,0.0,0.0,0.0,0.0,0,0,0,0,0,0,0.0,0.0,0.0,0.0,0.0,0.0,0.0,0.0,0.0,0.0,0.0,0.0,0.0,0.0,0.0,0.0,0.0,0.0,0,0,0,0,0,0.0
H2_30,G,False,4-1-4-1,0,0,0,0,0,0,4,1,4,1,74,2,1,0.0,0.0,0.0,0.0,0.0,0,0,0,0,0,0,0.0,0.0,0.0,0.0,0.0,0.0,0.0,0.0,0.0,0.0,0.0,0.0,0.0,0.0,0.0,0.0,0.0,0.0,0,0,0,0,0,0.0
H1_15,D,False,4-1-4-1,0,0,0,0,0,1,4,1,4,1,14,5,0,0.0,9.806048780487805,1.0,0.0,0.0,0,1,0,1,0,2,1.0,0.25,0.25,0.5,0.0,0.25,0.0,17.403762897527656,69.61505159011062,0.14086104307190994,0.0,0.0,4.0,0.0,1.0,1.0,0.0,0.0,0,0,0,0,0,0.0
H1_30,D,False,4-1-4-1,0,1,1,1,1,0,4,1,4,1,29,26,0,0.0,46.11732272219009,2.0,2.0,0.0,0,5,0,2,0,2,2.0,0.5555555555555556,0.2222222222222222,0.2222222222222222,0.0,0.5555555555555556,0.0,13.263746449199923,33.159366122999806,0.6953890878240049,0.0,0.0,2.5,0.0,2.0,1.0,0.0,1.0,1,0,0,0,1,1.0
H1_45,D,False,4-1-4-1,1,1,1,1,1,0,4,1,4,1,44,36,0,0.0,42.71364702797202,2.0,2.0,1.0,0,9,1,2,0,3,2.0,0.6,0.2,0.2,0.0,0.6428571428571429,0.0,15.139956454992372,45.41986936497712,0.4702088273828035,0.18240427147081362,0.0,3.0,0.5,2.0,1.0,0.5,1.0,1,0,0,0,1,1.0
H2_15,D,False,4-1-4-1,2,1,1,1,1,0,4,1,4,1,59,47,0,0.0,0.0,1.0,0.0,1.0,0,9,2,6,0,4,2.0,0.42857142857142855,0.38095238095238093,0.19047619047619047,0.0,0.47368421052631576,0.0,10.378568397532002,31.135705192596006,0.0,0.11507318023542364,0.0,3.0,0.5,0.0,0.0,0.5,0.0,1,0,0,0,1,1.0
H2_30,D,False,4-1-4-1,3,1,1,1,1,0,4,1,4,1,74,56,3,0.0,9.103888888888887,2.0,0.0,1.0,0,10,3,9,0,4,2.0,0.38461538461538464,0.46153846153846156,0.15384615384615385,0.0,0.43478260869565216,0.0,16.91156392272478,42.27890980681195,0.10766465987992521,0.30237646109732463,0.0,2.5,0.5,0.5,0.5,0.5,0.0,1,0,0,0,1,1.0
H1_15,D,False,4-1-4-1,2,0,0,0,0,0,4,1,4,1,14,3,1,0.0,0.0,2.0,0.0,2.0,0,0,1,2,1,4,2.0,0.0,0.375,0.625,0.0,0.0,0.5,7.420520453320936,29.682081813283745,0.0,0.2766731688108431,0.0,4.0,1.0,0.0,0.0,1.0,0.0,0,0,0,0,0,0.0
H1_30,D,False,4-1-4-1,2,0,0,0,0,0,4,1,4,1,29,19,1,0.0,0.0,0.0,0.0,0.0,0,0,1,3,1,4,2.0,0.0,0.4444444444444444,0.5555555555555556,0.0,0.0,0.5,10.66651914893617,10.66651914893617,0.0,0.0,0.0,1.0,0.0,0.0,0.0,0.0,0.0,0,0,0,0,0,0.0
H1_45,D,False,4-1-4-1,2,0,0,0,0,0,4,1,4,1,44,31,2,0.0,0.0,0.0,0.0,0.0,0,0,1,3,1,5,2.0,0.0,0.4,0.6,0.0,0.0,0.5,20.652141176470582,20.652141176470582,0.0,0.0,0.0,1.0,0.0,0.0,0.0,0.0,0.0,0,0,0,0,0,0.0
H2_15,D,False,4-1-4-1,3,0,0,0,0,0,4,1,4,1,59,49,3,0.0,19.120070886075947,1.0,0.0,1.0,0,1,1,6,2,6,2.0,0.0625,0.4375,0.5,0.0,0.07692307692307693,0.6666666666666666,12.68017772547981,38.04053317643943,0.25131181518136614,0.25073341487213086,0.0,3.0,0.5,0.5,0.5,0.5,0.0,0,0,0,0,0,0.0
H2_30,D,False,4-1-4-1,3,0,0,0,0,0,4,1,4,1,74,58,3,0.0,0.0,0.0,0.0,0.0,0,1,1,8,2,6,2.0,0.05555555555555555,0.5,0.4444444444444444,0.0,0.06666666666666667,0.6666666666666666,8.188829268292682,8.188829268292682,0.0,0.0,0.0,1.0,0.0,0.0,0.0,0.0,0.0,0,0,0,0,0,0.0
H1_15,D,False,4-1-4-1,1,0,0,0,0,0,4,1,4,1,14,6,5,0.0,13.700154385964913,1.0,0.0,1.0,0,1,1,0,0,3,1.0,0.2,0.2,0.6,0.0,0.25,0.0,13.002432020050126,65.01216010025063,0.21073218248461334,0.34210320864792854,0.0,5.0,1.0,1.0,1.0,1.0,0.0,0,0,0,0,0,0.0
H1_30,D,False,4-1-4-1,2,0,0,0,0,0,4,1,4,1,29,20,6,0.0,18.785616774193546,1.0,1.0,1.0,0,3,1,1,1,3,1.0,0.3333333333333333,0.2222222222222222,0.4444444444444444,0.0,0.42857142857142855,0.5,9.906402160055563,39.625608640222254,0.47407768407436074,0.2821073055484512,0.0,4.0,1.0,2.0,1.0,1.0,1.0,0,0,0,0,0,0.0
H1_45,D,False,4-1-4-1,3,0,0,0,0,0,4,1,4,1,44,31,6,0.0,25.832437562724017,1.0,1.0,1.0,0,5,2,3,1,3,1.0,0.35714285714285715,0.35714285714285715,0.2857142857142857,0.0,0.45454545454545453,0.3333333333333333,12.315543007483901,61.57771503741951,0.41950951812723447,0.3307657161774886,0.0,5.0,1.0,2.0,1.0,1.0,1.0,0,0,0,0,0,0.0
H2_15,D,False,4-1-4-1,4,0,0,0,0,0,4,1,4,1,59,43,8,0.0,15.601045161290322,1.0,0.0,1.0,0,6,3,4,1,4,1.0,0.3333333333333333,0.3888888888888889,0.2777777777777778,0.0,0.42857142857142855,0.25,18.031538865786665,72.12615546314666,0.21630218692665215,0.3109080966577197,0.0,4.0,1.0,1.0,1.0,1.0,0.0,0,0,0,0,0,0.0
H2_30,D,False,4-1-4-1,4,0,0,0,0,0,4,1,4,1,74,50,9,0.0,0.0,0.0,0.0,0.0,0,6,3,4,1,4,1.0,0.3333333333333333,0.3888888888888889,0.2777777777777778,0.0,0.42857142857142855,0.25,0.0,0.0,0.0,0.0,0.0,0.0,0.0,0.0,0.0,0.0,0.0,0,0,0,0,0,0.0
H1_15,M,False,4-1-4-1,1,0,0,0,0,0,4,1,4,1,14,8,1,0.0,0.0,2.0,0.0,1.0,0,0,0,3,1,4,2.0,0.0,0.375,0.625,0.0,0.0,1.0,13.13566013472333,52.54264053889332,0.0,0.05905596844608995,0.0,4.0,0.5,0.0,0.0,0.5,0.0,0,0,0,0,0,0.0
H1_30,M,False,4-1-4-1,3,0,0,0,0,0,4,1,4,1,29,30,1,7.701007407407406,16.331602721088434,2.0,1.0,1.0,1,2,1,5,1,4,2.0,0.21428571428571427,0.42857142857142855,0.35714285714285715,0.3333333333333333,0.18181818181818182,0.3333333333333333,10.260355098376051,30.781065295128155,0.39037976590595097,0.39571881103070344,7.701007407407406,3.0,1.0,1.5,1.0,0.5,0.5,0,0,0,0,0,0.0
H1_45,M,False,4-1-4-1,4,1,0,1,1,0,4,1,4,1,44,55,1,0.0,8.104434285714285,1.0,0.0,1.0,1,3,2,6,1,6,2.0,0.21052631578947367,0.42105263157894735,0.3684210526315789,0.25,0.2,0.25,13.374331703703703,33.43582925925926,0.12119385798499308,0.54277745423911,0.0,2.5,0.5,0.5,0.5,0.5,0.0,1,0,0,0,1,1.0
H2_15,M,False,4-1-4-1,5,1,0,1,1,0,4,1,4,1,59,67,1,0.0,6.334179310344828,2.0,0.0,1.0,1,4,2,10,2,8,2.0,0.18518518518518517,0.4444444444444444,0.37037037037037035,0.2,0.18181818181818182,0.4,11.814881650018458,47.25952660007383,0.0670148408800918,0.1101218300300838,0.0,4.0,0.5,0.5,0.5,0.5,0.0,1,0,0,0,1,1.0
H2_30,M,False,4-1-4-1,5,1,0,1,1,0,4,1,4,1,74,81,1,0.0,12.400000000000002,1.0,0.0,0.0,1,5,2,12,2,8,2.0,0.2,0.4666666666666667,0.3333333333333333,0.2,0.2,0.4,15.53504753246753,23.302571298701295,0.26606505868069336,0.0,0.0,1.5,0.0,0.5,0.5,0.0,0.0,1,0,0,0,1,1.0
H1_15,M,False,4-1-4-1,1,0,0,0,0,0,4,1,4,1,14,7,0,0.0,33.51411221926152,1.0,1.0,1.0,0,3,1,1,0,1,1.0,0.5,0.3333333333333333,0.16666666666666666,0.0,0.6,0.0,16.57629754808949,99.45778528853694,0.3369682134187258,0.4090690562249419,0.0,6.0,1.0,3.0,1.0,1.0,1.0,0,0,0,0,0,0.0
H1_30,M,False,4-1-4-1,2,0,0,0,0,0,4,1,4,1,29,27,0,9.06595,25.042002005012527,2.0,1.0,1.0,1,6,1,2,0,1,2.0,0.6363636363636364,0.2727272727272727,0.09090909090909091,0.5,0.6666666666666666,0.0,9.488226115288219,23.72056528822055,0.7189531866247361,0.1910989449417144,9.06595,2.5,0.5,2.0,1.0,0.5,0.5,0,0,0,0,0,0.0
H1_45,M,False,4-1-4-1,3,0,0,0,0,0,4,1,4,1,44,47,1,24.46040506329114,17.953671720500992,2.0,1.0,1.0,2,8,1,3,0,3,2.0,0.5882352941176471,0.23529411764705882,0.17647058823529413,0.6666666666666666,0.5714285714285714,0.0,13.661534455004784,40.98460336501435,0.5174391515521902,0.29840968382008615,24.46040506329114,3.0,0.5,1.5,1.0,0.5,0.5,0,0,0,0,0,0.0
H2_15,M,False,4-1-4-1,4,0,0,0,0,0,4,1,4,1,59,58,1,0.0,0.0,1.0,0.0,0.0,2,8,2,5,0,5,2.0,0.45454545454545453,0.3181818181818182,0.22727272727272727,0.5,0.4444444444444444,0.0,8.731082815662612,21.82770703915653,0.0,0.2560483040383073,0.0,2.5,0.5,0.0,0.0,0.5,0.0,0,0,0,0,0,0.0
H1_15,M,False,4-1-4-1,2,0,0,0,0,0,4,1,4,1,14,3,1,18.275016393442623,13.25233861892583,2.0,1.0,2.0,1,2,1,5,0,2,2.0,0.2727272727272727,0.5454545454545454,0.18181818181818182,0.5,0.2222222222222222,0.0,11.284656663311685,62.065611648214265,0.25398408373919207,0.2423799617562702,18.275016393442623,5.5,1.0,1.5,0.5,1.0,0.5,0,0,0,0,0,0.0
H1_30,M,False,4-1-4-1,2,1,1,1,1,0,4,1,4,1,29,16,1,0.0,25.691109907052553,1.0,1.0,0.0,1,5,1,5,0,2,2.0,0.42857142857142855,0.42857142857142855,0.14285714285714285,0.5,0.4166666666666667,0.0,8.56370330235085,12.845554953526277,1.0,0.0,0.0,1.5,0.0,1.5,1.0,0.0,0.5,1,0,0,0,1,1.0
H1_45,M,False,4-1-4-1,2,1,1,1,1,0,4,1,4,1,44,30,2,0.0,32.669575594601476,2.0,1.0,0.0,1,8,1,6,0,4,2.0,0.45,0.35,0.2,0.5,0.4444444444444444,0.0,14.41937479045827,43.25812437137481,0.3776120216647662,0.0,0.0,3.0,0.0,1.5,1.0,0.0,0.5,1,0,0,0,1,1.0
H2_15,M,False,4-1-4-1,3,1,1,1,1,0,4,1,4,1,59,34,3,6.9024,12.354539130434784,2.0,1.0,1.0,2,10,1,8,0,7,2.0,0.42857142857142855,0.32142857142857145,0.25,0.6666666666666666,0.4,0.0,8.953770662532737,35.81508265013095,0.2688384013873604,0.09636163718269074,6.9024,4.0,0.5,1.5,0.5,0.5,0.5,1,0,0,0,1,1.0
H2_30,M,False,4-1-4-1,4,1,1,1,1,0,4,1,4,1,74,41,3,0.0,33.66521014223871,1.0,1.0,1.0,2,13,2,10,0,8,2.0,0.42857142857142855,0.34285714285714286,0.22857142857142856,0.5,0.41935483870967744,0.0,14.400356715846513,50.401248505462796,0.3339719862156775,0.12551826512872183,0.0,3.5,0.5,1.5,1.0,0.5,0.5,1,0,0,0,1,1.0
H2_30,A,False,4-1-4-1,2,0,0,0,0,1,4,1,4,1,8,2,0,23.33554544311754,29.0181095215833,1.0,1.0,1.0,2,3,0,1,0,0,2.0,0.8333333333333334,0.16666666666666666,0.0,1.0,0.75,0.0,10.04709739607759,30.141292188232768,0.8684706454811486,0.3871026049146591,11.66777272155877,3.0,1.0,2.5,1.0,0.5,0.5,0,0,0,0,0,0.0
H1_15,A,False,4-1-4-1,5,0,0,0,0,0,4,1,4,1,14,1,0,81.07765279005008,59.96335675400676,2.0,2.0,2.0,5,7,0,2,0,0,2.0,0.8571428571428571,0.14285714285714285,0.0,1.0,0.7777777777777778,0.0,11.42014258648025,79.94099810536174,0.8821569212718964,0.5071093350822955,16.215530558010016,7.0,2.5,6.0,1.0,1.0,1.0,0,0,0,0,0,0.0
H1_30,A,False,4-1-4-1,6,1,0,1,1,0,4,1,4,1,29,3,0,19.550666666666668,60.54588470899182,2.0,2.0,1.0,6,12,0,2,0,0,2.0,0.9,0.1,0.0,1.0,0.8571428571428571,0.0,13.349425229276415,40.048275687829246,1.0,0.24408874453249127,19.550666666666668,3.0,0.5,3.0,1.0,0.5,1.0,1,0,0,1,1,1.0
H1_45,A,False,4-1-4-1,7,2,0,2,2,0,4,1,4,1,44,10,0,9.789668571428573,41.26498907062825,2.0,2.0,1.0,7,17,0,5,0,0,2.0,0.8275862068965517,0.1724137931034483,0.0,1.0,0.7727272727272727,0.0,10.477699540797714,47.14964793358971,0.541410804529944,0.10381486395420515,9.789668571428573,4.5,0.5,3.0,1.0,0.5,1.0,2,0,0,2,2,1.0
H2_15,A,False,4-1-4-1,7,3,1,3,3,0,4,1,4,1,59,13,0,0.0,34.34507038124285,1.0,1.0,0.0,7,20,0,6,0,1,2.0,0.7941176470588235,0.17647058823529413,0.029411764705882353,1.0,0.7407407407407407,0.0,10.830160858857266,27.075402147143166,0.6342485735685875,0.0,0.0,2.5,0.0,1.5,0.5,0.0,0.5,3,0,0,2,3,1.0
H1_15,D,False,4-1-4-1,2,0,0,0,0,0,4,1,4,1,14,3,0,14.265208163265306,5.2836,2.0,1.0,2.0,1,1,1,2,0,4,2.0,0.2222222222222222,0.3333333333333333,0.4444444444444444,0.5,0.14285714285714285,0.0,11.105439856572701,49.974479354577156,0.19558791222779226,0.3020139425383677,14.265208163265306,4.5,1.0,1.0,0.5,1.0,0.5,0,0,0,0,0,0.0
H1_30,D,False,4-1-4-1,2,1,0,0,1,0,4,1,4,1,29,20,0,0.0,12.12538775510204,1.0,0.0,0.0,1,2,1,4,0,4,2.0,0.25,0.4166666666666667,0.3333333333333333,0.5,0.2,0.0,14.83338963402403,22.250084451036045,0.2724795894996578,0.0,0.0,1.5,0.0,0.5,0.5,0.0,0.0,1,0,0,1,0,0.0
H1_45,D,False,4-1-4-1,4,1,0,0,1,0,4,1,4,1,44,33,2,0.0,0.0,2.0,0.0,2.0,1,2,2,6,1,6,2.0,0.16666666666666666,0.4444444444444444,0.3888888888888889,0.25,0.14285714285714285,0.25,19.71855999028183,59.15567997084548,0.0,0.5934556584291351,0.0,3.0,1.0,0.0,0.0,1.0,0.0,1,0,0,1,0,0.0
H2_15,D,False,4-1-4-1,6,1,0,0,1,0,4,1,4,1,59,42,2,0.0,0.0,1.0,0.0,1.0,1,2,3,8,2,8,2.0,0.125,0.4583333333333333,0.4166666666666667,0.16666666666666666,0.1111111111111111,0.3333333333333333,14.376439199225112,86.25863519535068,0.0,0.21867041770253462,0.0,6.0,2.0,0.0,0.0,1.0,0.0,1,0,0,1,0,0.0
H2_30,D,False,4-1-4-1,7,2,0,0,2,0,4,1,4,1,74,47,3,16.301305263157897,13.48368817204301,1.0,1.0,1.0,2,4,3,11,2,8,2.0,0.2,0.4666666666666667,0.3333333333333333,0.2857142857142857,0.17391304347826086,0.2857142857142857,12.028153942496852,36.08446182749056,0.4127121748080157,0.22587707336595114,16.301305263157897,3.0,0.5,1.5,0.5,0.5,0.5,2,0,1,2,0,0.0
H2_15,M,False,4-1-4-1,1,0,0,0,0,0,4,1,4,1,14,14,0,8.312946666666665,75.33736946882237,2.0,2.0,1.0,1,7,0,3,0,2,2.0,0.6153846153846154,0.23076923076923078,0.15384615384615385,1.0,0.5833333333333334,0.0,11.327103823646716,73.62617485370366,0.5680745760709658,0.056453745445723735,8.312946666666665,6.5,0.5,4.0,1.0,0.5,1.0,0,0,0,0,0,0.0
H2_30,M,False,4-1-4-1,4,0,0,0,0,0,4,1,4,1,29,29,1,16.420673303167423,89.37183828975608,2.0,2.0,2.0,3,14,1,5,0,3,2.0,0.6538461538461539,0.23076923076923078,0.11538461538461539,0.75,0.6363636363636364,0.0,13.397633527133138,87.0846179263654,0.607412159070254,0.15459038668660202,8.210336651583711,6.5,1.5,4.5,1.0,1.0,1.0,0,0,0,0,0,0.0
H1_15,M,False,4-1-4-1,3,0,0,0,0,1,4,1,4,1,14,4,1,0.0,75.7855653557423,2.0,2.0,2.0,0,7,3,2,0,3,2.0,0.4666666666666667,0.3333333333333333,0.2,0.0,0.5833333333333334,0.0,13.750051384736826,103.1253853855262,0.36744379219735224,0.2717251858799202,0.0,7.5,1.5,3.5,1.0,1.0,1.0,0,0,0,0,0,0.0
H1_30,M,False,4-1-4-1,5,0,0,0,0,1,4,1,4,1,29,23,1,15.60884593837535,67.97432151456879,2.0,2.0,1.0,2,12,3,3,0,3,2.0,0.6086956521739131,0.2608695652173913,0.13043478260869565,0.4,0.6666666666666666,0.0,11.691709026856111,46.766836107424446,0.8936158013870318,0.16687943035660452,7.804422969187675,4.0,1.0,3.5,1.0,0.5,1.0,0,0,0,0,0,0.0
H1_45,M,False,4-1-4-1,8,1,0,1,1,1,4,1,4,1,44,33,1,0.0,63.1825091496799,2.0,2.0,2.0,2,17,6,8,0,4,2.0,0.5135135135135135,0.3783783783783784,0.10810810810810811,0.25,0.5862068965517241,0.0,11.488983585606345,80.42288509924441,0.3928142410690108,0.27427319004810713,0.0,7.0,1.5,2.5,1.0,1.0,1.0,1,0,0,0,1,1.0
H2_15,M,False,4-1-4-1,9,2,0,1,2,1,4,1,4,1,59,44,1,0.0,17.489272222222223,1.0,0.0,1.0,2,18,6,9,1,6,2.0,0.47619047619047616,0.35714285714285715,0.16666666666666666,0.2222222222222222,0.5454545454545454,0.1111111111111111,12.705458980905721,31.763647452264305,0.27530327316007724,0.16082063647372002,0.0,2.5,0.5,0.5,0.5,0.5,0.0,2,0,1,1,1,0.5
H2_30,M,False,4-1-4-1,10,3,1,2,3,0,4,1,4,1,74,54,1,0.0,61.601800280186744,2.0,1.0,1.0,2,23,7,12,1,6,2.0,0.49019607843137253,0.37254901960784315,0.13725490196078433,0.2,0.5609756097560976,0.1,15.61398900320138,70.26295051440621,0.4383661647368221,0.26979736094064105,0.0,4.5,0.5,2.5,0.5,0.5,0.5,3,0,1,1,2,0.6666666666666666
H2_30,M,False,4-1-4-1,2,0,0,0,0,0,4,1,4,1,14,8,0,32.18891089108911,75.10232774433923,2.0,2.0,1.0,1,6,1,6,0,1,2.0,0.4666666666666667,0.4666666666666667,0.06666666666666667,0.5,0.46153846153846156,0.0,11.899016174166414,89.24262130624811,0.6011210622514324,0.2648886906268727,32.18891089108911,7.5,1.0,3.5,1.0,0.5,1.0,0,0,0,0,0,0.0
H1_15,M,False,4-1-4-1,3,0,0,0,0,0,4,1,4,1,14,7,0,28.15865187969925,20.230216563146996,2.0,2.0,2.0,2,3,1,5,0,2,2.0,0.38461538461538464,0.46153846153846156,0.15384615384615385,0.6666666666666666,0.3,0.0,11.103331840395832,72.17165696257291,0.3352345676914412,0.295930380965556,14.079325939849625,6.5,1.5,2.5,1.0,1.0,1.0,0,0,0,0,0,0.0
H1_30,M,False,4-1-4-1,7,1,0,1,1,0,4,1,4,1,29,21,0,50.75169178215771,79.47333615453883,2.0,2.0,1.0,6,9,1,6,0,2,2.0,0.625,0.2916666666666667,0.08333333333333333,0.8571428571428571,0.5294117647058824,0.0,12.473861933639078,68.60624063501493,0.9490756724996304,0.3698766417777984,12.687922945539427,5.5,2.0,5.0,1.0,1.0,1.0,1,0,0,1,1,1.0
H1_45,M,False,4-1-4-1,10,2,0,1,2,0,4,1,4,1,44,32,0,0.0,15.782189198606272,2.0,1.0,2.0,6,11,3,9,1,8,2.0,0.4473684210526316,0.3157894736842105,0.23684210526315788,0.6,0.39285714285714285,0.1,11.393792807508918,79.75654965256243,0.09893976900553658,0.2463488029193352,0.0,7.0,1.5,1.0,0.5,1.0,0.5,2,0,0,1,1,0.5
H1_15,D,True,4-2-3-1,2,0,0,0,0,0,4,2,3,1,14,11,1,16.220814545454544,79.47098249027542,2.0,1.0,1.0,1,6,1,5,0,2,2.0,0.4666666666666667,0.4,0.13333333333333333,0.5,0.46153846153846156,0.0,11.631084121044672,87.23313090783505,0.548483105213957,0.13409274925611692,16.220814545454544,7.5,1.0,3.5,1.0,0.5,0.5,0,0,0,0,0,0.0
H1_30,D,True,4-2-3-1,2,0,0,0,0,0,4,2,3,1,29,13,1,0.0,53.956207050169425,2.0,1.0,0.0,1,9,1,5,0,6,2.0,0.45454545454545453,0.2727272727272727,0.2727272727272727,0.5,0.45,0.0,15.02369487759042,52.582932071566475,0.5130581818519924,0.0,0.0,3.5,0.0,1.5,0.5,0.0,0.5,0,0,0,0,0,0.0
H1_45,D,True,4-2-3-1,4,0,0,0,0,0,4,2,3,1,44,20,3,0.0,19.840258536585367,2.0,0.0,1.0,1,10,2,7,1,10,2.0,0.3548387096774194,0.2903225806451613,0.3548387096774194,0.25,0.37037037037037035,0.25,14.222762044207322,64.00242919893294,0.15499613674754195,0.31521402262029236,0.0,4.5,1.0,0.5,0.5,0.5,0.0,0,0,0,0,0,0.0
H2_15,D,True,4-2-3-1,5,0,0,0,0,0,4,2,3,1,59,25,4,0.0,82.10188009925449,2.0,2.0,1.0,1,15,2,10,2,10,2.0,0.4,0.3,0.3,0.2,0.42857142857142855,0.4,14.91833580143462,67.1325111064558,0.6114912040833757,0.12046662324685803,0.0,4.5,0.5,2.5,1.0,0.5,1.0,0,0,0,0,0,0.0
H1_15,D,True,4-2-3-1,0,0,0,0,0,0,4,2,3,1,14,9,0,0.0,0.0,1.0,0.0,0.0,0,0,0,2,0,2,2.0,0.0,0.5,0.5,0.0,0.0,0.0,13.405203819315414,26.810407638630828,0.0,0.0,0.0,2.0,0.0,0.0,0.0,0.0,0.0,0,0,0,0,0,0.0
H1_30,D,True,4-2-3-1,0,0,0,0,0,0,4,2,3,1,29,14,0,0.0,0.0,1.0,0.0,0.0,0,0,0,3,0,3,2.0,0.0,0.5,0.5,0.0,0.0,0.0,8.392590701339639,16.785181402679278,0.0,0.0,0.0,2.0,0.0,0.0,0.0,0.0,0.0,0,0,0,0,0,0.0
H1_45,D,True,4-2-3-1,0,0,0,0,0,0,4,2,3,1,44,19,1,0.0,0.0,1.0,0.0,0.0,0,0,0,4,0,7,2.0,0.0,0.36363636363636365,0.6363636363636364,0.0,0.0,0.0,14.519951826151637,36.29987956537909,0.0,0.0,0.0,2.5,0.0,0.0,0.0,0.0,0.0,0,0,0,0,0,0.0
H2_15,D,True,4-2-3-1,0,0,0,0,0,0,4,2,3,1,59,22,1,0.0,0.0,1.0,0.0,0.0,0,0,0,4,0,10,2.0,0.0,0.2857142857142857,0.7142857142857143,0.0,0.0,0.0,10.043890878090366,30.131672634271098,0.0,0.0,0.0,3.0,0.0,0.0,0.0,0.0,0.0,0,0,0,0,0,0.0
H2_30,D,True,4-2-3-1,1,0,0,0,0,0,4,2,3,1,74,26,1,0.0,55.26803373913043,1.0,1.0,1.0,0,2,0,5,1,12,2.0,0.1,0.25,0.65,0.0,0.10526315789473684,1.0,18.187709462534244,54.56312838760273,0.5064595393662202,0.12065832090451192,0.0,3.0,0.5,1.0,0.5,0.5,0.5,0,0,0,0,0,0.0
H2_30,M,True,4-2-3-1,1,0,0,0,0,0,4,2,3,1,10,2,0,0.0,21.128751219512193,2.0,0.0,1.0,0,1,1,4,0,0,2.0,0.16666666666666666,0.8333333333333334,0.0,0.0,0.2,0.0,15.1862111966813,45.558633590043904,0.2318852603179207,0.2335196979763969,0.0,3.0,0.5,0.5,0.5,0.5,0.0,0,0,0,0,0,0.0
H2_30,M,True,4-2-3-1,0,1,0,1,1,0,4,2,3,1,9,3,0,0.0,11.80322962962963,1.0,1.0,0.0,0,2,0,2,0,1,2.0,0.4,0.4,0.2,0.0,0.4,0.0,20.91260985479596,52.2815246369899,0.11288145967035057,0.0,0.0,2.5,0.0,1.0,0.5,0.0,0.5,1,0,0,1,1,1.0
H2_30,M,True,4-2-3-1,0,0,0,0,0,0,4,2,3,1,1,1,0,0.0,0.0,0.0,0.0,0.0,0,0,0,0,0,1,1.0,0.0,0.0,1.0,0.0,0.0,0.0,4.724236363636364,4.724236363636364,0.0,0.0,0.0,1.0,0.0,0.0,0.0,0.0,0.0,0,0,0,0,0,0.0
H1_15,M,True,4-2-3-1,3,1,0,1,1,0,4,2,3,1,14,5,0,12.909715636363636,44.93409213203463,2.0,2.0,2.0,2,5,0,7,1,2,2.0,0.4117647058823529,0.4117647058823529,0.17647058823529413,0.6666666666666666,0.35714285714285715,0.3333333333333333,11.729053108966575,99.69695142621589,0.29009817723066256,0.10776742388742902,6.454857818181818,8.5,1.5,3.5,1.0,1.0,1.0,1,0,0,1,1,1.0
H1_30,M,True,4-2-3-1,7,1,0,1,1,0,4,2,3,1,29,7,0,6.815999999999999,58.75184161228451,2.0,1.0,2.0,3,10,2,10,2,5,2.0,0.40625,0.375,0.21875,0.42857142857142855,0.4,0.2857142857142857,11.813713796848589,88.60285347636442,0.3700097628897206,0.20977171767030864,6.815999999999999,7.5,2.0,3.0,0.5,1.0,0.5,1,0,0,1,1,1.0
H1_45,M,True,4-2-3-1,10,1,0,1,1,0,4,2,3,1,44,12,0,0.0,17.96878285714286,2.0,0.0,2.0,3,11,3,13,4,8,2.0,0.3333333333333333,0.38095238095238093,0.2857142857142857,0.3,0.34375,0.4,13.784144303010043,68.92072151505022,0.13035834841934305,0.33415635200959093,0.0,5.0,1.5,0.5,0.5,1.0,0.0,1,0,0,1,1,1.0
H2_15,M,True,4-2-3-1,13,1,0,1,1,0,4,2,3,1,59,19,0,57.88153046953047,36.21607540616247,2.0,2.0,2.0,6,14,3,16,4,9,2.0,0.38461538461538464,0.36538461538461536,0.25,0.46153846153846156,0.358974358974359,0.3076923076923077,14.900059904602514,74.50029952301257,0.6315250172022926,0.3884650856447316,19.29384348984349,5.0,1.5,3.0,1.0,1.0,1.0,1,0,0,1,1,1.0
H2_30,M,True,4-2-3-1,17,1,0,1,1,0,4,2,3,1,74,20,0,38.28059666666667,61.76340845407637,2.0,1.0,2.0,9,19,3,17,5,12,2.0,0.4307692307692308,0.3076923076923077,0.26153846153846155,0.5294117647058824,0.3958333333333333,0.29411764705882354,12.779201573984492,83.0648102308992,0.6022045005739853,0.4165642426163428,12.760198888888889,6.5,2.0,4.0,0.5,1.0,0.5,1,0,0,1,1,1.0
H1_15,D,True,4-2-3-1,2,0,0,0,0,0,4,2,3,1,14,4,0,40.9850046511628,36.58984533492823,2.0,1.0,2.0,1,4,0,2,1,1,2.0,0.5555555555555556,0.2222222222222222,0.2222222222222222,0.5,0.5714285714285714,0.5,15.399095913894605,69.29593161252572,0.559735962710319,0.514966157443244,40.9850046511628,4.5,1.0,2.5,1.0,1.0,0.5,0,0,0,0,0,0.0
H1_30,D,True,4-2-3-1,2,0,0,0,0,0,4,2,3,1,29,5,1,0.0,0.0,1.0,0.0,0.0,1,4,0,4,1,2,2.0,0.4166666666666667,0.3333333333333333,0.25,0.5,0.4,0.5,12.617211092465604,37.851633277396814,0.0,0.0,0.0,3.0,0.0,0.0,0.0,0.0,0.0,0,0,0,0,0,0.0
H1_45,D,True,4-2-3-1,7,0,0,0,0,0,4,2,3,1,44,7,3,0.0,0.0,2.0,0.0,1.0,1,4,2,5,4,7,2.0,0.21739130434782608,0.30434782608695654,0.4782608695652174,0.14285714285714285,0.25,0.5714285714285714,13.628083348368754,74.95445841602815,0.0,0.6318685859402043,0.0,5.5,2.5,0.0,0.0,0.5,0.0,0,0,0,0,0,0.0
H2_15,D,True,4-2-3-1,10,1,0,0,1,0,4,2,3,1,59,12,3,36.63146093366093,34.4199716283035,2.0,1.0,1.0,3,8,2,8,5,8,2.0,0.3235294117647059,0.29411764705882354,0.38235294117647056,0.3,0.3333333333333333,0.5,10.52484940405148,57.88667172228314,0.6137115025617684,0.39189791493865966,18.315730466830466,5.5,1.5,3.0,1.0,0.5,0.5,1,0,0,0,0,0.0
H2_30,D,True,4-2-3-1,14,1,0,0,1,0,4,2,3,1,74,17,5,27.00926117647058,29.60357148664344,2.0,1.0,2.0,4,11,5,10,5,10,2.0,0.3333333333333333,0.3333333333333333,0.3333333333333333,0.2857142857142857,0.3548387096774194,0.35714285714285715,13.731632247880668,75.52397736334368,0.37480039213739574,0.6259438786378052,27.00926117647058,5.5,2.0,2.0,1.0,1.0,0.5,1,0,0,0,0,0.0
H1_15,M,True,4-2-3-1,0,0,0,0,0,0,4,2,3,1,14,6,0,0.0,38.89011839626918,1.0,1.0,0.0,0,5,0,0,0,1,1.0,0.8333333333333334,0.0,0.16666666666666666,0.0,0.8333333333333334,0.0,9.207909256521054,55.24745553912633,0.703925963951899,0.0,0.0,6.0,0.0,5.0,1.0,0.0,1.0,0,0,0,0,0,0.0
H1_30,M,True,4-2-3-1,0,0,0,0,0,0,4,2,3,1,29,11,1,0.0,0.0,1.0,0.0,0.0,0,5,0,1,0,2,1.0,0.625,0.125,0.25,0.0,0.625,0.0,6.044798461538463,12.089596923076925,0.0,0.0,0.0,2.0,0.0,0.0,0.0,0.0,0.0,0,0,0,0,0,0.0
H1_45,M,True,4-2-3-1,1,0,0,0,0,0,4,2,3,1,44,13,4,0.0,5.344896,2.0,0.0,1.0,0,6,1,4,0,5,2.0,0.375,0.3125,0.3125,0.0,0.4,0.0,10.971243551900251,43.884974207601005,0.06089665194646792,0.0778456877709249,0.0,4.0,0.5,0.5,0.5,0.5,0.0,0,0,0,0,0,0.0
H2_15,M,True,4-2-3-1,1,0,0,0,0,0,4,2,3,1,59,17,5,0.0,10.444695652173914,1.0,0.0,0.0,0,7,1,5,0,6,2.0,0.3684210526315789,0.3157894736842105,0.3157894736842105,0.0,0.3888888888888889,0.0,10.307390287419317,30.92217086225795,0.33777368667612484,0.0,0.0,3.0,0.0,1.0,1.0,0.0,0.0,0,0,0,0,0,0.0
H2_30,M,True,4-2-3-1,1,0,0,0,0,0,4,2,3,1,74,21,6,0.0,4.951721739130434,1.0,0.0,0.0,0,8,1,5,0,8,2.0,0.36363636363636365,0.2727272727272727,0.36363636363636365,0.0,0.38095238095238093,0.0,15.25115892101796,45.75347676305388,0.10822613032828513,0.0,0.0,3.0,0.0,1.0,1.0,0.0,0.0,0,0,0,0,0,0.0
H1_15,D,True,4-2-3-1,0,0,0,0,0,0,4,2,3,1,14,5,0,0.0,9.486048780487804,1.0,0.0,0.0,0,1,0,1,0,2,2.0,0.25,0.25,0.5,0.0,0.25,0.0,12.220758068873366,24.44151613774673,0.19405606278732113,0.0,0.0,2.0,0.0,0.5,0.5,0.0,0.0,0,0,0,0,0,0.0
H1_30,D,True,4-2-3-1,0,0,0,0,0,0,4,2,3,1,29,9,1,0.0,0.0,1.0,0.0,0.0,0,1,0,2,0,3,2.0,0.16666666666666666,0.3333333333333333,0.5,0.0,0.16666666666666666,0.0,7.509516483516483,15.019032967032967,0.0,0.0,0.0,2.0,0.0,0.0,0.0,0.0,0.0,0,0,0,0,0,0.0
H1_45,D,True,4-2-3-1,2,0,0,0,0,0,4,2,3,1,44,12,1,0.0,0.0,1.0,0.0,1.0,0,1,0,3,2,7,2.0,0.07692307692307693,0.23076923076923078,0.6923076923076923,0.0,0.09090909090909091,1.0,10.567904694076532,36.98766642926786,0.0,0.2711199870513763,0.0,3.5,1.0,0.0,0.0,0.5,0.0,0,0,0,0,0,0.0
H2_15,D,True,4-2-3-1,3,0,0,0,0,0,4,2,3,1,59,13,1,0.0,8.87327777777778,1.0,0.0,1.0,0,2,1,4,2,9,2.0,0.1111111111111111,0.2777777777777778,0.6111111111111112,0.0,0.13333333333333333,0.6666666666666666,11.298676697376697,56.49338348688349,0.15706755782892626,0.45028138655432404,0.0,5.0,1.0,1.0,1.0,1.0,0.0,0,0,0,0,0,0.0
H2_30,D,True,4-2-3-1,4,0,0,0,0,0,4,2,3,1,74,14,2,0.0,34.911432624113466,1.0,0.0,1.0,0,3,2,5,2,9,2.0,0.14285714285714285,0.3333333333333333,0.5238095238095238,0.0,0.17647058823529413,0.5,18.867604084581032,56.602812253743096,0.6167791181047688,0.28175095302339287,0.0,3.0,1.0,1.0,1.0,1.0,0.0,0,0,0,0,0,0.0
H2_30,D,True,4-2-3-1,0,0,0,0,0,0,4,2,3,1,1,2,0,0.0,0.0,0.0,0.0,0.0,0,0,0,1,0,0,1.0,0.0,1.0,0.0,0.0,0.0,0.0,5.901807407407408,5.901807407407408,0.0,0.0,0.0,1.0,0.0,0.0,0.0,0.0,0.0,0,0,0,0,0,0.0
H1_15,M,True,4-2-3-1,0,0,0,0,0,1,4,2,3,1,14,4,0,0.0,62.0668472413166,2.0,2.0,0.0,0,6,0,1,0,1,2.0,0.75,0.125,0.125,0.0,0.75,0.0,9.657936857545527,38.63174743018211,0.8033140016962471,0.0,0.0,4.0,0.0,3.0,1.0,0.0,1.0,0,0,0,0,0,0.0
H1_30,M,True,4-2-3-1,2,0,0,0,0,1,4,2,3,1,29,7,0,15.024705882352944,41.12519652629638,2.0,1.0,1.0,1,10,1,3,0,5,2.0,0.55,0.2,0.25,0.5,0.5555555555555556,0.0,11.683667415191508,70.10200449114905,0.4004871388216774,0.2129078768790543,15.024705882352944,6.0,1.0,2.5,0.5,0.5,0.5,0,0,0,0,0,0.0
H1_45,M,True,4-2-3-1,2,0,0,0,0,1,4,2,3,1,44,7,0,0.0,27.24699130434782,2.0,0.0,0.0,1,11,1,5,0,9,2.0,0.4444444444444444,0.2222222222222222,0.3333333333333333,0.5,0.44,0.0,19.359502881350256,67.75826008472589,0.2010602933891587,0.0,0.0,3.5,0.0,0.5,0.5,0.0,0.0,0,0,0,0,0,0.0
H2_15,M,True,4-2-3-1,2,1,1,1,1,0,4,2,3,1,59,12,0,0.0,63.427745130052,2.0,1.0,0.0,1,16,1,8,0,11,2.0,0.4594594594594595,0.24324324324324326,0.2972972972972973,0.5,0.45714285714285713,0.0,10.77246997030202,53.862349851510096,0.5887948196180837,0.0,0.0,5.0,0.0,2.5,0.5,0.0,0.5,1,0,0,0,1,1.0
H1_15,A,True,4-2-3-1,1,0,0,0,0,0,4,2,3,1,14,1,2,11.338420512820514,69.21941894469941,2.0,2.0,1.0,1,5,0,3,0,0,2.0,0.6666666666666666,0.3333333333333333,0.0,1.0,0.625,0.0,11.692000158854636,52.614000714845865,0.7655551598720117,0.1077509822363803,11.338420512820514,4.5,0.5,3.0,1.0,0.5,1.0,0,0,0,0,0,0.0
H1_30,A,True,4-2-3-1,2,0,0,0,0,0,4,2,3,1,29,2,3,15.167843137254904,20.30274418604651,2.0,1.0,1.0,2,6,0,6,0,1,2.0,0.5333333333333333,0.4,0.06666666666666667,1.0,0.46153846153846156,0.0,12.46240588274067,37.38721764822201,0.4743678395253392,0.20284797975567226,15.167843137254904,3.0,0.5,1.0,0.5,0.5,0.5,0,0,0,0,0,0.0
H1_45,A,True,4-2-3-1,4,0,0,0,0,0,4,2,3,1,44,2,3,0.0,24.76514851485148,2.0,0.0,2.0,2,7,1,12,1,2,2.0,0.36,0.52,0.12,0.5,0.3333333333333333,0.25,17.608029510886862,70.43211804354745,0.17580863108177042,0.1829765869522823,0.0,5.0,1.0,0.5,0.5,1.0,0.0,0,0,0,0,0,0.0
H2_15,A,True,4-2-3-1,5,0,0,0,0,0,4,2,3,1,59,2,3,8.568000000000001,68.36348526375026,2.0,2.0,1.0,3,12,1,14,1,2,2.0,0.45454545454545453,0.45454545454545453,0.09090909090909091,0.6,0.42857142857142855,0.2,13.146668991302116,52.586675965208464,0.7314731712140202,0.08146550283638979,8.568000000000001,4.0,0.5,3.0,1.0,0.5,1.0,0,0,0,0,0,0.0
H2_30,A,True,4-2-3-1,5,0,0,0,0,0,4,2,3,1,74,3,3,0.0,42.67984518422753,1.0,1.0,0.0,3,14,1,14,1,2,2.0,0.4857142857142857,0.42857142857142855,0.08571428571428572,0.6,0.4666666666666667,0.2,21.339922592113766,42.67984518422753,1.0,0.0,0.0,2.0,0.0,2.0,1.0,0.0,1.0,0,0,0,0,0,0.0
H1_15,M,True,4-2-3-1,1,0,0,0,0,0,4,2,3,1,14,3,0,0.0,96.48949384509199,2.0,2.0,1.0,0,7,1,3,0,1,2.0,0.5833333333333334,0.3333333333333333,0.08333333333333333,0.0,0.6363636363636364,0.0,13.147030188572876,78.88218113143725,0.611605133511183,0.0714493687983975,0.0,6.0,0.5,3.5,1.0,0.5,1.0,0,0,0,0,0,0.0
H1_30,M,True,4-2-3-1,3,1,0,1,1,0,4,2,3,1,29,10,1,18.98617142857143,40.78938941935483,2.0,1.0,1.0,1,9,2,6,0,1,2.0,0.5263157894736842,0.42105263157894735,0.05263157894736842,0.3333333333333333,0.5625,0.0,18.231747874174964,63.81111755961237,0.4683788901838611,0.4233088794530672,18.98617142857143,3.5,1.0,1.5,1.0,0.5,0.5,1,0,0,0,1,1.0
H1_45,M,True,4-2-3-1,5,2,0,2,2,0,4,2,3,1,44,16,1,0.0,47.55872429951691,2.0,1.0,1.0,1,13,4,11,0,1,2.0,0.4666666666666667,0.5,0.03333333333333333,0.2,0.52,0.0,10.93036200099026,60.11699100544643,0.39555143649162533,0.25423168634790627,0.0,5.5,1.0,2.0,1.0,0.5,0.5,2,0,0,1,2,1.0
H2_15,M,True,4-2-3-1,5,2,0,2,2,0,4,2,3,1,59,21,1,0.0,35.15888842105263,1.0,1.0,0.0,1,15,4,16,0,4,2.0,0.4,0.5,0.1,0.2,0.42857142857142855,0.0,13.347541788924483,133.47541788924482,0.26341096343468096,0.0,0.0,10.0,0.0,2.0,1.0,0.0,1.0,2,0,0,1,2,1.0
H1_15,M,True,4-2-3-1,2,0,0,0,0,0,4,2,3,1,14,1,1,13.856914285714286,135.78406938424078,2.0,2.0,2.0,1,8,0,6,1,2,2.0,0.5,0.3333333333333333,0.16666666666666666,0.5,0.5,0.5,14.306836363799855,128.7615272741987,0.5810780084616946,0.12132326284853936,13.856914285714286,9.0,1.0,4.5,1.0,1.0,1.0,0,0,0,0,0,0.0
H1_30,M,True,4-2-3-1,3,1,0,0,1,0,4,2,3,1,29,2,2,0.0,33.84267507002801,2.0,1.0,1.0,1,10,1,10,1,4,2.0,0.4074074074074074,0.4074074074074074,0.18518518518518517,0.3333333333333333,0.4166666666666667,0.3333333333333333,12.64559309584494,56.905168931302235,0.2973602899842366,0.10736687628383994,0.0,4.5,0.5,1.0,0.5,0.5,0.5,1,0,0,0,0,0.0
H1_45,M,True,4-2-3-1,7,1,0,0,1,0,4,2,3,1,44,4,3,5.922763636363636,0.0,2.0,0.0,2.0,2,10,3,17,2,8,2.0,0.2857142857142857,0.47619047619047616,0.23809523809523808,0.2857142857142857,0.2857142857142857,0.2857142857142857,10.636393798858503,79.77295349143877,0.03712262977074847,0.23579114581442193,5.922763636363636,7.5,2.0,0.5,0.5,1.0,0.0,1,0,0,0,0,0.0
H2_15,M,True,4-2-3-1,11,1,0,0,1,0,4,2,3,1,59,7,3,7.815342857142856,51.471751970756515,2.0,2.0,2.0,3,14,6,25,2,12,2.0,0.27419354838709675,0.5,0.22580645161290322,0.2727272727272727,0.27450980392156865,0.18181818181818182,11.469300171205223,114.69300171205222,0.2584599493556952,0.27944164904985164,7.815342857142856,10.0,2.0,2.5,1.0,1.0,1.0,1,0,0,0,0,0.0
H1_15,G,True,4-2-3-1,0,0,0,0,0,0,4,2,3,1,14,2,2,0.0,0.0,0.0,0.0,0.0,0,0,0,1,0,1,2.0,0.0,0.5,0.5,0.0,0.0,0.0,9.485448862802643,9.485448862802643,0.0,0.0,0.0,1.0,0.0,0.0,0.0,0.0,0.0,0,0,0,0,0,0.0
H1_30,G,True,4-2-3-1,0,0,0,0,0,0,4,2,3,1,29,4,3,0.0,0.0,0.0,0.0,0.0,0,0,0,2,0,2,2.0,0.0,0.5,0.5,0.0,0.0,0.0,5.323617391304349,5.323617391304349,0.0,0.0,0.0,1.0,0.0,0.0,0.0,0.0,0.0,0,0,0,0,0,0.0
H1_45,G,True,4-2-3-1,0,0,0,0,0,0,4,2,3,1,44,5,4,0.0,0.0,0.0,0.0,0.0,0,0,0,2,0,3,2.0,0.0,0.4,0.6,0.0,0.0,0.0,5.742692307692307,5.742692307692307,0.0,0.0,0.0,1.0,0.0,0.0,0.0,0.0,0.0,0,0,0,0,0,0.0
H2_15,G,True,4-2-3-1,0,0,0,0,0,0,4,2,3,1,59,5,5,0.0,0.0,0.0,0.0,0.0,0,0,0,2,0,3,2.0,0.0,0.4,0.6,0.0,0.0,0.0,0.0,0.0,0.0,0.0,0.0,0.0,0.0,0.0,0.0,0.0,0.0,0,0,0,0,0,0.0
H2_30,G,True,4-2-3-1,0,0,0,0,0,0,4,2,3,1,74,9,5,0.0,6.388571428571429,0.0,0.0,0.0,0,1,0,2,0,3,2.0,0.16666666666666666,0.3333333333333333,0.5,0.0,0.16666666666666666,0.0,6.388571428571429,6.388571428571429,1.0,0.0,0.0,1.0,0.0,1.0,1.0,0.0,0.0,0,0,0,0,0,0.0
H1_15,D,False,3-4-3,0,0,0,0,0,0,3,4,3,0,14,3,1,0.0,0.0,1.0,0.0,0.0,0,0,0,3,0,2,2.0,0.0,0.6,0.4,0.0,0.0,0.0,11.394843382626501,28.48710845656625,0.0,0.0,0.0,2.5,0.0,0.0,0.0,0.0,0.0,0,0,0,0,0,0.0
H1_30,D,False,3-4-3,1,0,0,0,0,0,3,4,3,0,29,15,2,0.0,7.956494117647058,1.0,0.0,1.0,0,1,0,4,1,4,2.0,0.1,0.4,0.5,0.0,0.1111111111111111,1.0,14.580498926955396,36.45124731738849,0.10913884576250889,0.21374238315492647,0.0,2.5,0.5,0.5,0.5,0.5,0.0,0,0,0,0,0,0.0
H1_45,D,False,3-4-3,3,0,0,0,0,0,3,4,3,0,44,24,2,36.20109,5.278636363636363,2.0,1.0,1.0,2,2,0,8,1,6,2.0,0.21052631578947367,0.42105263157894735,0.3684210526315789,0.6666666666666666,0.125,0.3333333333333333,14.094255689524736,63.42415060286132,0.32700261626968513,0.28538884364946326,18.100545,4.5,1.0,1.5,1.0,0.5,0.5,0,0,0,0,0,0.0
H2_15,D,False,3-4-3,4,0,0,0,0,0,3,4,3,0,59,29,3,0.0,0.0,1.0,0.0,0.0,2,2,0,11,2,10,2.0,0.14814814814814814,0.4074074074074074,0.4444444444444444,0.5,0.08695652173913043,0.5,10.907579226558882,43.63031690623553,0.0,0.19183628200008734,0.0,4.0,0.5,0.0,0.0,0.5,0.0,0,0,0,0,0,0.0
H2_30,D,False,3-4-3,5,0,0,0,0,0,3,4,3,0,74,36,3,0.0,0.0,1.0,0.0,1.0,2,2,0,12,3,13,2.0,0.125,0.375,0.5,0.4,0.07407407407407407,0.6,12.658659669559182,63.293298347795904,0.0,0.15632776705094184,0.0,5.0,1.0,0.0,0.0,1.0,0.0,0,0,0,0,0,0.0
H2_30,A,False,3-4-3,0,0,0,0,0,0,3,4,3,0,2,1,0,0.0,9.17787,0.0,0.0,0.0,0,1,0,0,0,0,1.0,1.0,0.0,0.0,0.0,1.0,0.0,9.17787,9.17787,1.0,0.0,0.0,1.0,0.0,1.0,1.0,0.0,0.0,0,0,0,0,0,0.0
H1_15,A,False,3-4-3,1,0,0,0,0,0,3,4,3,0,14,2,1,0.0,51.296016470588235,2.0,2.0,1.0,0,4,0,3,1,2,2.0,0.4,0.3,0.3,0.0,0.4444444444444444,1.0,11.766736740375189,58.83368370187594,0.4359408866060229,0.1193333544931417,0.0,5.0,0.5,2.0,1.0,0.5,1.0,0,0,0,0,0,0.0
H1_30,A,False,3-4-3,1,0,0,0,0,0,3,4,3,0,29,7,1,0.0,74.08932792782795,2.0,2.0,0.0,0,11,0,6,1,2,2.0,0.55,0.3,0.15,0.0,0.5789473684210527,1.0,9.511834474175727,47.559172370878635,0.7789173384900431,0.0,0.0,5.0,0.0,3.5,1.0,0.0,1.0,0,0,0,0,0,0.0
H1_45,A,False,3-4-3,1,0,0,0,0,0,3,4,3,0,44,11,1,0.0,94.85279588117379,1.0,1.0,0.0,0,17,0,6,1,2,2.0,0.6538461538461539,0.23076923076923078,0.11538461538461539,0.0,0.68,1.0,15.808799313528963,47.42639794058689,1.0000000000000002,0.0,0.0,3.0,0.0,3.0,1.0,0.0,0.5,0,0,0,0,0,0.0
H2_15,A,False,3-4-3,1,0,0,0,0,0,3,4,3,0,59,11,1,0.0,23.8709353821907,1.0,1.0,0.0,0,19,0,8,1,2,2.0,0.6333333333333333,0.26666666666666666,0.1,0.0,0.6551724137931034,1.0,15.027801984161536,60.111207936646146,0.39711288795509375,0.0,0.0,4.0,0.0,2.0,1.0,0.0,1.0,0,0,0,0,0,0.0
H2_30,A,False,3-4-3,1,0,0,0,0,0,3,4,3,0,1,0,0,8.794064516129032,19.80698181818182,1.0,1.0,1.0,1,1,0,0,0,0,1.0,1.0,0.0,0.0,1.0,1.0,0.0,14.300523167155426,28.60104633431085,1.0,0.30747352433674263,8.794064516129032,2.0,1.0,2.0,1.0,1.0,1.0,0,0,0,0,0,0.0
H1_15,G,False,3-4-3,0,0,0,0,0,0,3,4,3,0,14,0,1,0.0,0.0,0.0,0.0,0.0,0,0,0,0,0,0,0.0,0.0,0.0,0.0,0.0,0.0,0.0,0.0,0.0,0.0,0.0,0.0,0.0,0.0,0.0,0.0,0.0,0.0,0,0,0,0,0,0.0
H1_30,G,False,3-4-3,0,0,0,0,0,0,3,4,3,0,29,0,1,0.0,0.0,0.0,0.0,0.0,0,0,0,1,0,0,1.0,0.0,1.0,0.0,0.0,0.0,0.0,20.651585714285716,20.651585714285716,0.0,0.0,0.0,1.0,0.0,0.0,0.0,0.0,0.0,0,0,0,0,0,0.0
H1_45,G,False,3-4-3,0,0,0,0,0,0,3,4,3,0,44,1,2,0.0,0.0,0.0,0.0,0.0,0,0,0,1,0,0,1.0,0.0,1.0,0.0,0.0,0.0,0.0,0.0,0.0,0.0,0.0,0.0,0.0,0.0,0.0,0.0,0.0,0.0,0,0,0,0,0,0.0
H2_15,G,False,3-4-3,0,0,0,0,0,0,3,4,3,0,59,2,2,0.0,0.0,0.0,0.0,0.0,0,0,0,1,0,0,1.0,0.0,1.0,0.0,0.0,0.0,0.0,0.0,0.0,0.0,0.0,0.0,0.0,0.0,0.0,0.0,0.0,0.0,0,0,0,0,0,0.0
H1_15,M,False,3-4-3,1,0,0,0,0,0,3,4,3,0,14,0,2,30.160960869565216,21.69520272108843,2.0,1.0,1.0,1,2,0,2,0,6,2.0,0.2727272727272727,0.18181818181818182,0.5454545454545454,1.0,0.2,0.0,15.52838165006732,85.40609907537026,0.3035858337522883,0.1765738114496272,30.160960869565216,5.5,0.5,1.5,1.0,0.5,0.5,0,0,0,0,0,0.0
H1_30,M,False,3-4-3,3,0,0,0,0,0,3,4,3,0,29,6,2,0.0,17.94459893617021,2.0,1.0,1.0,1,4,0,5,2,8,2.0,0.25,0.25,0.5,0.3333333333333333,0.23529411764705882,0.6666666666666666,12.38334950223273,55.72507276004728,0.1610100987524936,0.34278884932089854,0.0,4.5,1.0,1.0,0.5,0.5,0.5,0,0,0,0,0,0.0
H1_45,M,False,3-4-3,9,0,0,0,0,0,3,4,3,0,44,12,3,61.60049389130435,45.9768187278871,2.0,1.0,2.0,4,9,2,10,3,9,2.0,0.35135135135135137,0.32432432432432434,0.32432432432432434,0.4444444444444444,0.32142857142857145,0.3333333333333333,13.144840521214704,111.73114443032499,0.48141148633036757,0.3886413418679194,20.533497963768117,8.5,3.0,4.0,0.5,1.0,0.5,0,0,0,0,0,0.0
H2_15,M,False,3-4-3,13,0,0,0,0,0,3,4,3,0,59,15,3,9.05270303030303,10.04172,1.0,1.0,1.0,5,10,4,18,4,10,2.0,0.29411764705882354,0.43137254901960786,0.27450980392156865,0.38461538461538464,0.2631578947368421,0.3076923076923077,13.726626792807211,192.17277509930096,0.09936070819832006,0.4832124745801431,9.05270303030303,14.0,4.0,2.0,1.0,1.0,1.0,0,0,0,0,0,0.0
H2_30,M,False,3-4-3,15,0,0,0,0,0,3,4,3,0,74,21,4,0.0,0.0,2.0,0.0,2.0,5,10,6,21,4,14,2.0,0.25,0.45,0.3,0.3333333333333333,0.2222222222222222,0.26666666666666666,14.000266879169732,63.001200956263794,0.0,0.340553748972708,0.0,4.5,1.0,0.0,0.0,1.0,0.0,0,0,0,0,0,0.0
H1_15,D,False,3-4-3,1,0,0,0,0,0,3,4,3,0,14,2,0,0.0,0.0,1.0,0.0,1.0,0,0,0,3,1,1,2.0,0.0,0.6,0.4,0.0,0.0,1.0,11.613897891494908,29.03474472873727,0.0,0.12830553715291898,0.0,2.5,0.5,0.0,0.0,0.5,0.0,0,0,0,0,0,0.0
H1_30,D,False,3-4-3,3,0,0,0,0,0,3,4,3,0,29,28,1,0.0,0.0,1.0,0.0,1.0,0,0,0,5,3,2,2.0,0.0,0.5,0.5,0.0,0.0,1.0,13.227174750550606,66.13587375275303,0.0,0.48815701852109267,0.0,5.0,2.0,0.0,0.0,1.0,0.0,0,0,0,0,0,0.0
H1_45,D,False,3-4-3,4,0,0,0,0,0,3,4,3,0,44,37,3,0.0,5.316054545454545,1.0,0.0,1.0,0,1,1,8,3,2,2.0,0.06666666666666667,0.6,0.3333333333333333,0.0,0.09090909090909091,0.75,15.598840543642405,77.99420271821202,0.06815961135805317,0.2445661625141379,0.0,5.0,1.0,1.0,1.0,1.0,0.0,0,0,0,0,0,0.0
H2_15,D,False,3-4-3,5,0,0,0,0,0,3,4,3,0,59,48,4,0.0,0.0,1.0,0.0,1.0,0,1,2,10,3,5,2.0,0.047619047619047616,0.5714285714285714,0.38095238095238093,0.0,0.0625,0.6,14.61489033226765,87.68934199360591,0.0,0.25153907274451043,0.0,6.0,1.0,0.0,0.0,1.0,0.0,0,0,0,0,0,0.0
H2_30,D,False,3-4-3,7,0,0,0,0,0,3,4,3,0,74,54,5,0.0,0.0,1.0,0.0,1.0,0,1,4,12,3,6,2.0,0.038461538461538464,0.6153846153846154,0.34615384615384615,0.0,0.05263157894736842,0.42857142857142855,23.573222985033205,58.933057462583015,0.0,0.3817212061678734,0.0,2.5,1.0,0.0,0.0,1.0,0.0,0,0,0,0,0,0.0
H1_15,M,False,3-4-3,5,0,0,0,0,0,3,4,3,0,14,2,2,29.004033862433864,39.68192328288005,2.0,2.0,2.0,2,3,0,7,3,6,2.0,0.23809523809523808,0.3333333333333333,0.42857142857142855,0.4,0.1875,0.6,12.874348854770584,135.18066297509114,0.25405244963908125,0.26738792215492724,14.502016931216932,10.5,2.5,2.5,1.0,1.0,1.0,0,0,0,0,0,0.0
H1_30,M,False,3-4-3,6,0,0,0,0,0,3,4,3,0,29,8,2,22.472311688311684,105.77953104652362,2.0,2.0,1.0,3,11,0,9,3,9,2.0,0.4,0.2571428571428571,0.34285714285714286,0.5,0.3793103448275862,0.5,18.012893107878273,126.09025175514792,0.5085716022832792,0.08911201054602622,22.472311688311684,7.0,0.5,4.5,1.0,0.5,1.0,0,0,0,0,0,0.0
H1_45,M,False,3-4-3,9,0,0,0,0,0,3,4,3,0,44,9,3,16.953409459459458,124.66079677495802,2.0,2.0,1.0,5,21,1,13,3,11,2.0,0.48148148148148145,0.25925925925925924,0.25925925925925924,0.5555555555555556,0.4666666666666667,0.3333333333333333,14.43209720456607,137.10492344337766,0.5164446420952274,0.10383452593961064,8.476704729729729,9.5,1.5,6.0,1.0,0.5,1.0,0,0,0,0,0,0.0
H2_15,M,False,3-4-3,11,0,0,0,0,0,3,4,3,0,59,12,3,0.0,63.23880848673408,2.0,1.0,1.0,5,25,2,19,4,15,2.0,0.42857142857142855,0.3,0.2714285714285714,0.45454545454545453,0.423728813559322,0.36363636363636365,15.210228155278388,121.6818252422271,0.259853138958292,0.15771125686374257,0.0,8.0,1.0,2.0,1.0,0.5,0.5,0,0,0,0,0,0.0
H2_30,M,False,3-4-3,15,0,0,0,0,0,3,4,3,0,74,16,3,0.0,0.0,2.0,0.0,2.0,5,25,3,25,7,19,2.0,0.35714285714285715,0.3333333333333333,0.30952380952380953,0.3333333333333333,0.36231884057971014,0.4666666666666667,13.929642708423659,97.50749895896561,0.0,0.41235416802205815,0.0,7.0,2.0,0.0,0.0,1.0,0.0,0,0,0,0,0,0.0
H1_15,M,False,3-4-3,1,0,0,0,0,0,3,4,3,0,14,0,1,0.0,7.718971428571429,2.0,0.0,1.0,0,1,0,9,1,4,2.0,0.06666666666666667,0.6,0.3333333333333333,0.0,0.07142857142857142,1.0,11.245492133218875,84.34119099914156,0.045760389064520055,0.07041574287358672,0.0,7.5,0.5,0.5,0.5,0.5,0.0,0,0,0,0,0,0.0
H1_30,M,False,3-4-3,2,0,0,0,0,0,3,4,3,0,29,7,1,0.0,22.021752727272723,2.0,0.0,1.0,0,3,1,13,1,7,2.0,0.12,0.56,0.32,0.0,0.13043478260869565,0.5,10.834415829330835,54.17207914665418,0.20325740745205317,0.11755326075292162,0.0,5.0,0.5,1.0,1.0,0.5,0.0,0,0,0,0,0,0.0
H1_45,M,False,3-4-3,4,0,0,0,0,0,3,4,3,0,44,14,1,27.36935172413793,44.33061396396397,2.0,2.0,2.0,1,7,1,22,2,8,2.0,0.1951219512195122,0.5609756097560976,0.24390243902439024,0.25,0.1891891891891892,0.5,16.022754078828754,128.18203263063003,0.27968024931666075,0.17110338212177736,27.36935172413793,8.0,1.0,2.5,1.0,1.0,1.0,0,0,0,0,0,0.0
H2_15,M,False,3-4-3,6,1,0,1,1,0,3,4,3,0,59,19,3,0.0,11.471471921182266,2.0,1.0,2.0,1,9,2,27,3,14,2.0,0.17857142857142858,0.5178571428571429,0.30357142857142855,0.16666666666666666,0.18,0.5,14.542078899018296,109.06559174263722,0.05258978444939615,0.29944937447377823,0.0,7.5,1.0,1.0,0.5,1.0,0.5,1,0,0,0,1,1.0
H2_30,M,False,3-4-3,6,1,0,1,1,0,3,4,3,0,74,26,3,0.0,16.07075757575758,2.0,0.0,0.0,1,10,2,30,3,17,2.0,0.1746031746031746,0.5079365079365079,0.31746031746031744,0.16666666666666666,0.17543859649122806,0.5,14.247342811118969,49.86569983891639,0.16114039938947747,0.0,0.0,3.5,0.0,0.5,0.5,0.0,0.0,1,0,0,0,1,1.0
H1_15,D,False,3-4-3,1,0,0,0,0,0,3,4,3,0,14,8,0,8.749548387096775,26.987794228783184,1.0,1.0,1.0,1,3,0,2,0,4,1.0,0.4,0.2,0.4,1.0,0.3333333333333333,0.0,10.949577338213789,109.49577338213788,0.32638102377849243,0.07990763585513973,8.749548387096775,10.0,1.0,4.0,1.0,1.0,1.0,0,0,0,0,0,0.0
H1_30,D,False,3-4-3,2,0,0,0,0,0,3,4,3,0,29,18,1,0.0,23.75149303135888,2.0,0.0,1.0,1,5,0,5,1,8,2.0,0.3,0.25,0.45,0.5,0.2777777777777778,0.5,11.72519920616442,58.6259960308221,0.20256792753569375,0.10992044636283761,0.0,5.0,0.5,1.0,1.0,0.5,0.0,0,0,0,0,0,0.0
H1_45,D,False,3-4-3,3,0,0,0,0,0,3,4,3,0,44,24,1,0.0,17.740309782608698,1.0,0.0,1.0,1,7,0,7,2,9,2.0,0.3076923076923077,0.2692307692307692,0.4230769230769231,0.3333333333333333,0.30434782608695654,0.6666666666666666,14.234825256688524,42.70447577006557,0.20771019269886543,0.1275780239268953,0.0,3.0,0.5,1.0,1.0,0.5,0.0,0,0,0,0,0,0.0
H2_15,D,False,3-4-3,4,0,0,0,0,0,3,4,3,0,59,35,1,0.0,11.286684444444443,1.0,0.0,1.0,1,8,1,10,2,12,2.0,0.2647058823529412,0.3235294117647059,0.4117647058823529,0.25,0.26666666666666666,0.5,8.804917847010477,70.43934277608382,0.16023267679147904,0.08503176750558003,0.0,8.0,1.0,1.0,1.0,1.0,0.0,0,0,0,0,0,0.0
H2_30,D,False,3-4-3,5,0,0,0,0,0,3,4,3,0,74,37,3,0.0,0.0,1.0,0.0,1.0,1,8,1,12,3,15,2.0,0.225,0.325,0.45,0.2,0.22857142857142856,0.6,12.693563555658633,76.1613813339518,0.0,0.10626582110755409,0.0,6.0,1.0,0.0,0.0,1.0,0.0,0,0,0,0,0,0.0
H1_15,A,False,3-4-3,1,0,0,0,0,1,3,4,3,0,14,1,0,0.0,39.30038818181818,2.0,1.0,1.0,0,3,0,7,1,4,2.0,0.2,0.4666666666666667,0.3333333333333333,0.0,0.21428571428571427,1.0,11.372701875559455,85.29526406669592,0.23037848942637407,0.088939442190076,0.0,7.5,0.5,1.5,1.0,0.5,0.5,0,0,0,0,0,0.0
H1_30,A,False,3-4-3,2,0,0,0,0,1,3,4,3,0,29,11,0,13.10926222222222,29.243450909090903,2.0,1.0,1.0,1,6,0,9,1,4,2.0,0.3333333333333333,0.42857142857142855,0.23809523809523808,0.5,0.3157894736842105,0.5,9.538712976544684,28.61613892963405,0.7400144588942758,0.22905365141078912,13.10926222222222,3.0,0.5,2.0,1.0,0.5,0.5,0,0,0,0,0,0.0
H1_45,A,False,3-4-3,3,1,0,1,1,1,3,4,3,0,44,17,0,0.0,6.331862068965517,2.0,0.0,1.0,1,7,1,15,1,5,2.0,0.26666666666666666,0.5333333333333333,0.2,0.3333333333333333,0.25925925925925924,0.3333333333333333,13.853183283658332,62.33932477646249,0.05078545598360606,0.06628111572937813,0.0,4.5,0.5,0.5,0.5,0.5,0.0,1,0,0,0,1,1.0
H2_15,A,False,3-4-3,4,2,1,2,2,0,3,4,3,0,59,19,1,0.0,24.612329325513194,2.0,0.0,1.0,1,9,2,16,1,6,2.0,0.2857142857142857,0.5142857142857142,0.2,0.25,0.2903225806451613,0.25,11.742520175488512,29.356300438721277,0.41920011986676065,0.2300535707225038,0.0,2.5,0.5,1.0,1.0,0.5,0.0,2,0,0,0,2,1.0
H2_30,A,False,3-4-3,7,2,1,2,2,0,3,4,3,0,74,28,2,10.289383783783784,42.20264516424752,2.0,2.0,2.0,2,13,3,17,2,11,2.0,0.3125,0.4166666666666667,0.2708333333333333,0.2857142857142857,0.3170731707317073,0.2857142857142857,13.872368986709368,90.1703984136109,0.29107129319342023,0.22800683799489616,10.289383783783784,6.5,1.5,2.5,1.0,1.0,1.0,2,0,0,0,2,1.0
H1_15,A,False,3-4-3,1,0,0,0,0,0,3,4,3,0,14,2,0,0.0,35.78603975561239,2.0,1.0,1.0,0,3,0,3,1,1,2.0,0.375,0.375,0.25,0.0,0.42857142857142855,1.0,10.519701074181002,42.07880429672401,0.4252264335181985,0.18905982367407898,0.0,4.0,0.5,1.5,1.0,0.5,0.5,0,0,0,0,0,0.0
H1_30,A,False,3-4-3,1,1,1,1,1,0,3,4,3,0,29,13,2,0.0,74.18450911454632,2.0,1.0,0.0,0,9,0,3,1,2,2.0,0.6,0.2,0.2,0.0,0.6428571428571429,1.0,11.840468097444841,41.441638341056944,0.8950479769166177,0.0,0.0,3.5,0.0,3.0,1.0,0.0,0.5,1,0,0,0,1,1.0
H1_45,A,False,3-4-3,3,2,1,2,2,0,3,4,3,0,44,23,2,15.147843137254904,48.07311818899454,2.0,2.0,2.0,1,14,1,6,1,2,2.0,0.6,0.28,0.12,0.3333333333333333,0.6363636363636364,0.3333333333333333,10.985039125378568,54.925195626892844,0.5755187633350437,0.19858973240725505,15.147843137254904,5.0,1.0,3.0,1.0,1.0,1.0,2,0,0,1,2,1.0
H2_15,A,False,3-4-3,4,2,1,2,2,0,3,4,3,0,59,29,2,14.298984,15.289320948616602,2.0,1.0,1.0,2,16,1,8,1,2,2.0,0.6,0.3,0.1,0.5,0.6153846153846154,0.25,13.387235656389986,33.46808914097497,0.44203756037555864,0.21362115924469915,14.298984,2.5,0.5,1.5,1.0,0.5,0.5,2,0,0,1,2,1.0
H1_15,M,False,3-4-3,1,0,0,0,0,0,3,4,3,0,14,0,0,7.249615384615385,9.146577030812326,2.0,1.0,1.0,1,2,0,3,0,5,2.0,0.2727272727272727,0.2727272727272727,0.45454545454545453,1.0,0.2,0.0,11.217691419633248,61.697302807982865,0.13287608752084903,0.05875147741205127,7.249615384615385,5.5,0.5,1.5,0.5,0.5,0.5,0,0,0,0,0,0.0
H1_30,M,False,3-4-3,2,0,0,0,0,0,3,4,3,0,29,5,1,0.0,12.77800238948626,2.0,0.0,1.0,1,4,0,6,1,8,2.0,0.25,0.3,0.45,0.5,0.2222222222222222,0.5,11.42064879897197,51.39291959537386,0.12431675890463006,0.21865517402497026,0.0,4.5,0.5,1.0,1.0,0.5,0.0,0,0,0,0,0,0.0
H1_45,M,False,3-4-3,4,0,0,0,0,0,3,4,3,0,44,12,1,0.0,4.793345454545454,1.0,0.0,1.0,1,5,2,11,1,10,2.0,0.2,0.43333333333333335,0.36666666666666664,0.25,0.19230769230769232,0.25,16.72136492800031,83.60682464000155,0.02866599392564471,0.11548221940302225,0.0,5.0,1.0,0.5,0.5,0.5,0.0,0,0,0,0,0,0.0
H2_15,M,False,3-4-3,5,0,0,0,0,0,3,4,3,0,59,21,1,0.0,39.07130721706864,2.0,1.0,1.0,1,9,2,17,2,12,2.0,0.23255813953488372,0.4418604651162791,0.32558139534883723,0.2,0.23684210526315788,0.4,11.890338227005076,77.28719847553299,0.2527670040300241,0.12699394522764546,0.0,6.5,0.5,2.0,0.5,0.5,0.5,0,0,0,0,0,0.0
H2_30,M,False,3-4-3,7,0,0,0,0,0,3,4,3,0,74,26,2,0.0,17.379492,2.0,0.0,1.0,1,11,2,23,4,12,2.0,0.22641509433962265,0.4716981132075472,0.3018867924528302,0.14285714285714285,0.2391304347826087,0.5714285714285714,14.143696135415292,70.71848067707646,0.12287800751376718,0.2381688090089335,0.0,5.0,1.0,1.0,1.0,0.5,0.0,0,0,0,0,0,0.0
H1_15,G,True,4-2-3-1,1,0,0,0,0,0,4,2,3,1,14,1,0,0.0,0.0,1.0,0.0,1.0,0,0,0,0,1,2,2.0,0.0,0.0,1.0,0.0,0.0,1.0,205.68066666666667,308.521,0.0,0.4510111143163674,0.0,1.5,0.5,0.0,0.0,0.5,0.0,0,0,0,0,0,0.0
H1_30,G,True,4-2-3-1,1,0,0,0,0,0,4,2,3,1,29,1,0,0.0,0.0,0.0,0.0,0.0,0,0,0,0,1,2,2.0,0.0,0.0,1.0,0.0,0.0,1.0,0.0,0.0,0.0,0.0,0.0,0.0,0.0,0.0,0.0,0.0,0.0,0,0,0,0,0,0.0
H1_45,G,True,4-2-3-1,1,0,0,0,0,0,4,2,3,1,44,1,0,0.0,0.0,0.0,0.0,0.0,0,0,0,0,1,2,2.0,0.0,0.0,1.0,0.0,0.0,1.0,0.0,0.0,0.0,0.0,0.0,0.0,0.0,0.0,0.0,0.0,0.0,0,0,0,0,0,0.0
H2_15,G,True,4-2-3-1,1,0,0,0,0,0,4,2,3,1,59,2,0,0.0,0.0,0.0,0.0,0.0,0,0,0,1,1,2,2.0,0.0,0.25,0.75,0.0,0.0,1.0,172.344,172.344,0.0,0.0,0.0,1.0,0.0,0.0,0.0,0.0,0.0,0,0,0,0,0,0.0
H2_30,G,True,4-2-3-1,1,0,0,0,0,0,4,2,3,1,74,2,0,0.0,0.0,0.0,0.0,0.0,0,0,0,1,1,2,2.0,0.0,0.25,0.75,0.0,0.0,1.0,0.0,0.0,0.0,0.0,0.0,0.0,0.0,0.0,0.0,0.0,0.0,0,0,0,0,0,0.0
H1_15,M,True,4-2-3-1,0,0,0,0,0,0,4,2,3,1,14,12,0,0.0,0.0,1.0,0.0,0.0,0,0,0,2,0,0,1.0,0.0,1.0,0.0,0.0,0.0,0.0,328.827,657.654,0.0,0.0,0.0,2.0,0.0,0.0,0.0,0.0,0.0,0,0,0,0,0,0.0
H2_15,M,True,4-2-3-1,3,3,3,3,3,0,4,2,3,1,59,27,0,0.0,344.9036,1.0,0.0,0.0,0,9,1,7,2,6,2.0,0.36,0.32,0.32,0.0,0.4090909090909091,0.6666666666666666,228.6973,457.3946,0.37703068641387544,0.0,0.0,2.0,0.0,1.0,1.0,0.0,0.0,3,0,1,0,3,1.0
H1_15,M,True,4-2-3-1,1,0,0,0,0,0,4,2,3,1,14,6,1,0.0,189.884,1.0,0.0,1.0,0,1,1,0,0,0,1.0,0.5,0.5,0.0,0.0,1.0,0.0,290.0626,580.1252,0.3273155518843174,0.6726844481156826,0.0,2.0,1.0,1.0,1.0,1.0,0.0,0,0,0,0,0,0.0
H1_15,D,False,5-2-3,1,0,0,0,0,1,5,2,3,0,14,2,0,0.0,0.0,1.0,0.0,1.0,0,0,0,1,1,3,1.0,0.0,0.2,0.8,0.0,0.0,1.0,190.2544,951.272,0.0,0.2903022479374984,0.0,5.0,1.0,0.0,0.0,1.0,0.0,0,0,0,0,0,0.0
H1_15,D,False,5-2-3,0,0,0,0,0,0,5,2,3,0,14,1,0,0.0,498.7272,2.0,1.0,0.0,0,2,0,1,0,1,2.0,0.5,0.25,0.25,0.0,0.5,0.0,207.0419,414.0838,0.6022056405007875,0.0,0.0,2.0,0.0,1.0,0.5,0.0,0.5,0,0,0,0,0,0.0
H1_15,A,False,5-2-3,0,0,0,0,0,0,5,2,3,0,14,1,0,0.0,486.0596,1.0,0.0,0.0,0,1,0,1,0,1,2.0,0.3333333333333333,0.3333333333333333,0.3333333333333333,0.0,0.3333333333333333,0.0,316.8152,475.2228,0.5114018098458238,0.0,0.0,1.5,0.0,0.5,0.5,0.0,0.0,0,0,0,0,0,0.0
H1_15,G,False,5-2-3,0,0,0,0,0,0,5,2,3,0,14,0,1,0.0,0.0,0.0,0.0,0.0,0,0,0,0,0,0,0.0,0.0,0.0,0.0,0.0,0.0,0.0,0.0,0.0,0.0,0.0,0.0,0.0,0.0,0.0,0.0,0.0,0.0,0,0,0,0,0,0.0
H1_30,G,False,5-2-3,0,0,0,0,0,0,5,2,3,0,29,1,1,0.0,0.0,0.0,0.0,0.0,0,0,0,0,0,0,0.0,0.0,0.0,0.0,0.0,0.0,0.0,0.0,0.0,0.0,0.0,0.0,0.0,0.0,0.0,0.0,0.0,0.0,0,0,0,0,0,0.0
H1_45,G,False,5-2-3,0,0,0,0,0,0,5,2,3,0,44,1,2,0.0,0.0,0.0,0.0,0.0,0,0,0,0,0,0,0.0,0.0,0.0,0.0,0.0,0.0,0.0,0.0,0.0,0.0,0.0,0.0,0.0,0.0,0.0,0.0,0.0,0.0,0,0,0,0,0,0.0
H2_15,G,False,5-2-3,0,0,0,0,0,0,5,2,3,0,59,2,2,0.0,0.0,0.0,0.0,0.0,0,0,0,0,0,0,0.0,0.0,0.0,0.0,0.0,0.0,0.0,0.0,0.0,0.0,0.0,0.0,0.0,0.0,0.0,0.0,0.0,0.0,0,0,0,0,0,0.0
H2_30,G,False,5-2-3,0,0,0,0,0,0,5,2,3,0,74,3,2,0.0,0.0,0.0,0.0,0.0,0,0,0,0,0,1,1.0,0.0,0.0,1.0,0.0,0.0,0.0,206.6304,206.6304,0.0,0.0,0.0,1.0,0.0,0.0,0.0,0.0,0.0,0,0,0,0,0,0.0
H2_15,D,True,4-2-3-1,3,0,0,0,0,0,4,2,3,1,14,5,0,21.101363636363637,10.599260869565216,2.0,0.0,1.0,1,1,0,4,2,2,2.0,0.2,0.4,0.4,0.3333333333333333,0.14285714285714285,0.6666666666666666,11.538179725806726,57.69089862903363,0.27474545603606815,0.3338332149427717,21.101363636363637,5.0,1.5,1.0,1.0,0.5,0.0,0,0,0,0,0,0.0
H2_30,D,True,4-2-3-1,4,0,0,0,0,0,4,2,3,1,29,9,0,0.0,5.432831999999999,1.0,0.0,1.0,1,2,1,5,2,5,2.0,0.1875,0.375,0.4375,0.25,0.16666666666666666,0.5,11.443426209320089,68.66055725592054,0.0791259526157069,0.223178051914855,0.0,6.0,1.0,1.0,1.0,1.0,0.0,0,0,0,0,0,0.0
H1_15,D,True,4-2-3-1,1,0,0,0,0,1,4,2,3,1,14,2,1,0.0,4.456,2.0,0.0,1.0,0,1,0,2,1,3,2.0,0.14285714285714285,0.2857142857142857,0.5714285714285714,0.0,0.16666666666666666,1.0,14.414727281443115,50.4515454850509,0.04416118433200763,0.14171377899186774,0.0,3.5,0.5,0.5,0.5,0.5,0.0,0,0,0,0,0,0.0
H1_30,D,True,4-2-3-1,2,0,0,0,0,1,4,2,3,1,29,3,1,0.0,0.0,1.0,0.0,1.0,0,1,0,5,2,3,2.0,0.09090909090909091,0.45454545454545453,0.45454545454545453,0.0,0.1111111111111111,1.0,10.65660618435859,21.31321236871718,0.0,0.46928812639621875,0.0,2.0,0.5,0.0,0.0,0.5,0.0,0,0,0,0,0,0.0
H1_45,D,True,4-2-3-1,3,0,0,0,0,1,4,2,3,1,44,8,1,0.0,0.0,2.0,0.0,1.0,0,1,0,6,3,6,2.0,0.0625,0.375,0.5625,0.0,0.07692307692307693,1.0,9.499341132779406,23.748352831948516,0.0,0.24655457333962746,0.0,2.5,0.5,0.0,0.0,0.5,0.0,0,0,0,0,0,0.0
H2_15,D,True,4-2-3-1,4,0,0,0,0,1,4,2,3,1,59,17,3,0.0,6.292542857142857,1.0,0.0,1.0,0,2,0,7,4,9,2.0,0.09090909090909091,0.3181818181818182,0.5909090909090909,0.0,0.1111111111111111,1.0,12.75303118375352,38.25909355126056,0.08223591142733085,0.11756850721260305,0.0,3.0,0.5,0.5,0.5,0.5,0.0,0,0,0,0,0,0.0
H2_30,D,True,4-2-3-1,5,1,1,1,1,0,4,2,3,1,74,22,6,0.0,0.0,1.0,0.0,1.0,0,2,1,9,4,12,2.0,0.07142857142857142,0.35714285714285715,0.5714285714285714,0.0,0.08695652173913043,0.8,13.527636495280674,81.16581897168405,0.0,0.14235228753166207,0.0,6.0,1.0,0.0,0.0,1.0,0.0,1,0,1,0,1,1.0
H1_15,D,True,4-2-3-1,3,0,0,0,0,0,4,2,3,1,14,1,1,0.0,0.0,1.0,0.0,1.0,0,0,0,3,3,2,2.0,0.0,0.375,0.625,0.0,0.0,1.0,9.628696296723433,38.51478518689373,0.0,0.5183601256507243,0.0,4.0,1.5,0.0,0.0,0.5,0.0,0,0,0,0,0,0.0
H1_30,D,True,4-2-3-1,4,0,0,0,0,0,4,2,3,1,29,8,3,0.0,0.0,1.0,0.0,1.0,0,0,1,4,3,2,2.0,0.0,0.5,0.5,0.0,0.0,0.75,8.423125333333335,16.84625066666667,0.0,0.4102078341784141,0.0,2.0,1.0,0.0,0.0,1.0,0.0,0,0,0,0,0,0.0
H1_45,D,True,4-2-3-1,4,0,0,0,0,0,4,2,3,1,44,16,6,0.0,0.0,1.0,0.0,0.0,0,0,1,6,3,5,2.0,0.0,0.4666666666666667,0.5333333333333333,0.0,0.0,0.75,14.004823298003354,35.01205824500838,0.0,0.0,0.0,2.5,0.0,0.0,0.0,0.0,0.0,0,0,0,0,0,0.0
H2_15,D,True,4-2-3-1,4,0,0,0,0,0,4,2,3,1,59,26,6,0.0,0.0,1.0,0.0,0.0,0,0,1,8,3,5,2.0,0.0,0.5294117647058824,0.47058823529411764,0.0,0.0,0.75,23.887305256410258,47.774610512820516,0.0,0.0,0.0,2.0,0.0,0.0,0.0,0.0,0.0,0,0,0,0,0,0.0
H2_30,D,True,4-2-3-1,4,0,0,0,0,0,4,2,3,1,74,30,7,0.0,0.0,1.0,0.0,0.0,0,0,1,9,3,7,2.0,0.0,0.5,0.5,0.0,0.0,0.75,10.048043580817591,15.072065371226387,0.0,0.0,0.0,1.5,0.0,0.0,0.0,0.0,0.0,0,0,0,0,0,0.0
H1_15,M,True,4-2-3-1,1,0,0,0,0,0,4,2,3,1,14,2,0,30.750086956521745,4.704763636363636,2.0,1.0,1.0,1,1,0,6,0,2,2.0,0.2,0.6,0.2,1.0,0.1111111111111111,0.0,18.499096739998535,92.49548369999268,0.19165719867946474,0.16622480215498445,30.750086956521745,5.0,0.5,1.0,0.5,0.5,0.5,0,0,0,0,0,0.0
H1_30,M,True,4-2-3-1,2,0,0,0,0,0,4,2,3,1,29,5,1,0.0,20.793401444788444,2.0,0.0,1.0,1,3,1,9,0,4,2.0,0.2222222222222222,0.5555555555555556,0.2222222222222222,0.5,0.1875,0.0,14.744550836099561,58.978203344398246,0.17628039059927894,0.10927679162375574,0.0,4.0,0.5,1.0,1.0,0.5,0.0,0,0,0,0,0,0.0
H1_45,M,True,4-2-3-1,4,0,0,0,0,0,4,2,3,1,44,7,1,18.676368253968253,50.89845725152799,2.0,1.0,1.0,2,8,1,12,1,7,2.0,0.3225806451612903,0.41935483870967744,0.25806451612903225,0.5,0.2962962962962963,0.25,12.211159400267324,79.37253610173761,0.43828022211812084,0.1805038107857762,18.676368253968253,6.5,1.0,3.0,0.5,0.5,0.5,0,0,0,0,0,0.0
H2_15,M,True,4-2-3-1,4,0,0,0,0,0,4,2,3,1,59,9,1,0.0,35.02755310344828,2.0,0.0,0.0,2,9,1,15,1,11,2.0,0.28205128205128205,0.41025641025641024,0.3076923076923077,0.5,0.2571428571428571,0.25,16.653449060359485,66.61379624143794,0.26291515481637534,0.0,0.0,4.0,0.0,0.5,0.5,0.0,0.0,0,0,0,0,0,0.0
H2_30,M,True,4-2-3-1,7,0,0,0,0,0,4,2,3,1,74,11,1,15.140608,0.0,2.0,0.0,1.0,3,9,3,18,1,15,2.0,0.24489795918367346,0.42857142857142855,0.32653061224489793,0.42857142857142855,0.21428571428571427,0.14285714285714285,15.9575691548668,79.787845774334,0.09488041601488131,0.44625954621419855,15.140608,5.0,1.5,0.5,0.5,0.5,0.0,0,0,0,0,0,0.0
H1_15,M,True,4-2-3-1,2,0,0,0,0,0,4,2,3,1,14,5,1,0.0,14.305725,1.0,0.0,1.0,0,1,1,2,1,5,2.0,0.1,0.3,0.6,0.0,0.125,0.5,9.982513860351233,49.912569301756164,0.1433078400904585,0.25970189614007333,0.0,5.0,1.0,0.5,0.5,0.5,0.0,0,0,0,0,0,0.0
H1_30,M,True,4-2-3-1,4,0,0,0,0,0,4,2,3,1,29,9,2,0.0,16.0122375,1.0,0.0,1.0,0,2,2,6,2,8,2.0,0.1,0.4,0.5,0.0,0.125,0.5,12.627441528909198,63.137207644545995,0.12680508132499896,0.15706861997927984,0.0,5.0,1.0,0.5,0.5,0.5,0.0,0,0,0,0,0,0.0
H1_45,M,True,4-2-3-1,4,0,0,0,0,0,4,2,3,1,44,15,2,0.0,70.36513556504543,2.0,1.0,0.0,0,6,2,8,2,9,2.0,0.2222222222222222,0.37037037037037035,0.4074074074074074,0.0,0.2608695652173913,0.5,17.630469993001476,61.70664497550517,0.5701584942187127,0.0,0.0,3.5,0.0,2.0,0.5,0.0,0.5,0,0,0,0,0,0.0
H2_15,M,True,4-2-3-1,4,0,0,0,0,0,4,2,3,1,59,19,3,0.0,15.84227272727273,1.0,0.0,0.0,0,7,2,9,2,13,2.0,0.21212121212121213,0.3333333333333333,0.45454545454545453,0.0,0.2413793103448276,0.5,16.329810143722018,48.989430431166056,0.1616907217316228,0.0,0.0,3.0,0.0,0.5,0.5,0.0,0.0,0,0,0,0,0,0.0
H1_15,A,True,4-2-3-1,1,0,0,0,0,0,4,2,3,1,14,1,0,0.0,37.32108739837398,2.0,1.0,1.0,0,2,1,5,0,0,2.0,0.25,0.75,0.0,0.0,0.2857142857142857,0.0,12.22602104479624,48.90408417918496,0.38157434112894556,0.12803667391311369,0.0,4.0,0.5,1.0,0.5,0.5,0.5,0,0,0,0,0,0.0
H1_30,A,True,4-2-3-1,1,0,0,0,0,0,4,2,3,1,29,4,0,0.0,46.32556867006226,2.0,1.0,0.0,0,6,1,8,0,1,2.0,0.375,0.5625,0.0625,0.0,0.4,0.0,9.2792104493201,37.1168417972804,0.6240505175935603,0.0,0.0,4.0,0.0,2.0,1.0,0.0,0.5,0,0,0,0,0,0.0
H1_45,A,True,4-2-3-1,2,0,0,0,0,0,4,2,3,1,44,7,1,28.68766666666667,11.032448,1.0,1.0,1.0,1,7,1,12,0,2,2.0,0.34782608695652173,0.5652173913043478,0.08695652173913043,0.5,0.3333333333333333,0.0,12.095890071050643,42.33561524867725,0.46910992592587514,0.33881244548067596,28.68766666666667,3.5,0.5,1.0,0.5,0.5,0.5,0,0,0,0,0,0.0
H2_15,A,True,4-2-3-1,4,0,0,0,0,0,4,2,3,1,59,9,1,12.188986046511626,58.93052015428576,2.0,2.0,2.0,2,12,1,14,1,3,2.0,0.42424242424242425,0.45454545454545453,0.12121212121212122,0.5,0.41379310344827586,0.25,11.232339909089237,56.16169954544618,0.6331673255654177,0.17008767719940485,12.188986046511626,5.0,1.0,3.0,1.0,1.0,1.0,0,0,0,0,0,0.0
H2_30,A,True,4-2-3-1,4,0,0,0,0,0,4,2,3,1,74,12,2,0.0,0.0,0.0,0.0,0.0,2,12,1,16,1,3,2.0,0.4,0.4857142857142857,0.11428571428571428,0.5,0.3870967741935484,0.25,7.522241341991341,7.522241341991341,0.0,0.0,0.0,1.0,0.0,0.0,0.0,0.0,0.0,0,0,0,0,0,0.0
H1_15,M,True,4-2-3-1,2,0,0,0,0,0,4,2,3,1,14,0,0,39.21838016528926,29.013811695906433,2.0,1.0,1.0,1,3,1,3,0,3,2.0,0.36363636363636365,0.36363636363636365,0.2727272727272727,0.5,0.3333333333333333,0.0,12.398905454294663,68.19397999862065,0.5002801703506368,0.353075833572577,39.21838016528926,5.5,1.0,2.0,0.5,0.5,0.5,0,0,0,0,0,0.0
H1_30,M,True,4-2-3-1,3,0,0,0,0,0,4,2,3,1,29,2,0,0.0,29.515749570647927,2.0,1.0,1.0,1,5,2,7,0,3,2.0,0.3333333333333333,0.5,0.16666666666666666,0.3333333333333333,0.3333333333333333,0.0,14.048799155161777,49.17079704306622,0.30013495149159947,0.1000654920376938,0.0,3.5,0.5,1.0,0.5,0.5,0.5,0,0,0,0,0,0.0
H1_45,M,True,4-2-3-1,4,0,0,0,0,0,4,2,3,1,44,8,0,0.0,0.0,1.0,0.0,1.0,1,5,3,11,0,3,2.0,0.2608695652173913,0.6086956521739131,0.13043478260869565,0.25,0.2631578947368421,0.0,7.303312708653354,18.258281771633385,0.0,0.2361915358105153,0.0,2.5,0.5,0.0,0.0,0.5,0.0,0,0,0,0,0,0.0
H1_15,D,True,4-2-3-1,2,0,0,0,0,0,4,2,3,1,14,2,1,0.0,43.75477840112202,2.0,1.0,2.0,0,2,1,1,1,3,2.0,0.25,0.25,0.5,0.0,0.3333333333333333,0.5,15.364087027675847,61.45634811070339,0.3559825774410242,0.22113310503605532,0.0,4.0,1.0,1.0,0.5,1.0,0.5,0,0,0,0,0,0.0
H1_30,D,True,4-2-3-1,2,0,0,0,0,0,4,2,3,1,29,6,3,0.0,0.0,0.0,0.0,0.0,0,2,1,2,1,4,2.0,0.2,0.3,0.5,0.0,0.25,0.5,12.782553561253557,12.782553561253557,0.0,0.0,0.0,1.0,0.0,0.0,0.0,0.0,0.0,0,0,0,0,0,0.0
H1_45,D,True,4-2-3-1,4,0,0,0,0,0,4,2,3,1,44,10,5,13.62129655172414,62.05490159283226,2.0,1.0,1.0,2,6,1,8,1,4,2.0,0.36363636363636365,0.4090909090909091,0.22727272727272727,0.5,0.3333333333333333,0.25,14.023302659399326,84.13981595639595,0.4497050372903972,0.08094441612983293,6.81064827586207,6.0,1.0,3.0,0.5,0.5,0.5,0,0,0,0,0,0.0
H1_15,G,True,4-2-3-1,0,0,0,0,0,0,4,2,3,1,14,2,0,0.0,0.0,0.0,0.0,0.0,0,0,0,0,0,0,0.0,0.0,0.0,0.0,0.0,0.0,0.0,0.0,0.0,0.0,0.0,0.0,0.0,0.0,0.0,0.0,0.0,0.0,0,0,0,0,0,0.0
H1_30,G,True,4-2-3-1,0,0,0,0,0,0,4,2,3,1,29,4,0,0.0,0.0,0.0,0.0,0.0,0,0,0,0,0,0,0.0,0.0,0.0,0.0,0.0,0.0,0.0,0.0,0.0,0.0,0.0,0.0,0.0,0.0,0.0,0.0,0.0,0.0,0,0,0,0,0,0.0
H1_45,G,True,4-2-3-1,0,0,0,0,0,0,4,2,3,1,44,6,1,0.0,0.0,0.0,0.0,0.0,0,0,0,0,0,0,0.0,0.0,0.0,0.0,0.0,0.0,0.0,0.0,0.0,0.0,0.0,0.0,0.0,0.0,0.0,0.0,0.0,0.0,0,0,0,0,0,0.0
H2_15,G,True,4-2-3-1,0,0,0,0,0,0,4,2,3,1,59,6,1,0.0,0.0,0.0,0.0,0.0,0,0,0,0,0,0,0.0,0.0,0.0,0.0,0.0,0.0,0.0,0.0,0.0,0.0,0.0,0.0,0.0,0.0,0.0,0.0,0.0,0.0,0,0,0,0,0,0.0
H2_30,G,True,4-2-3-1,0,0,0,0,0,0,4,2,3,1,74,6,1,0.0,0.0,0.0,0.0,0.0,0,0,0,0,0,0,0.0,0.0,0.0,0.0,0.0,0.0,0.0,0.0,0.0,0.0,0.0,0.0,0.0,0.0,0.0,0.0,0.0,0.0,0,0,0,0,0,0.0
H1_15,D,True,4-2-3-1,4,0,0,0,0,0,4,2,3,1,14,5,3,11.67348,26.689675206885134,2.0,1.0,2.0,1,2,0,1,3,1,2.0,0.375,0.125,0.5,0.25,0.5,0.75,15.17708518382095,60.7083407352838,0.3159628046347543,0.5088678730848241,11.67348,4.0,2.0,1.5,0.5,1.0,0.5,0,0,0,0,0,0.0
H1_30,D,True,4-2-3-1,6,0,0,0,0,0,4,2,3,1,29,7,5,0.0,5.325218181818181,2.0,0.0,2.0,1,3,2,3,3,5,2.0,0.23529411764705882,0.29411764705882354,0.47058823529411764,0.16666666666666666,0.2727272727272727,0.5,10.987407880324223,49.44333546145901,0.05385172877312433,0.3943200531417253,0.0,4.5,1.0,0.5,0.5,1.0,0.0,0,0,0,0,0,0.0
H1_45,D,True,4-2-3-1,7,0,0,0,0,0,4,2,3,1,44,8,7,23.559473684210523,7.669976470588236,2.0,1.0,1.0,2,4,2,7,3,6,2.0,0.25,0.375,0.375,0.2857142857142857,0.23529411764705882,0.42857142857142855,16.253113464272342,56.885897124953196,0.2744920246770605,0.2070765767520618,23.559473684210523,3.5,0.5,1.0,0.5,0.5,0.5,0,0,0,0,0,0.0
H2_15,D,True,4-2-3-1,11,0,0,0,0,0,4,2,3,1,59,10,8,11.175117948717944,7.546181818181818,2.0,1.0,2.0,3,5,4,10,4,11,2.0,0.21621621621621623,0.3783783783783784,0.40540540540540543,0.2727272727272727,0.19230769230769232,0.36363636363636365,12.048263830562721,78.3137148986577,0.11952759354556329,0.48454590566826733,11.175117948717944,6.5,2.0,1.0,0.5,1.0,0.5,0,0,0,0,0,0.0
H2_30,D,True,4-2-3-1,13,0,0,0,0,0,4,2,3,1,74,11,9,13.802869565217389,6.196923076923076,2.0,1.0,2.0,4,6,5,10,4,14,2.0,0.23255813953488372,0.3488372093023256,0.4186046511627907,0.3076923076923077,0.2,0.3076923076923077,11.32240612012461,33.96721836037383,0.29439844661334164,0.4737681589352706,13.802869565217389,3.0,1.0,1.0,0.5,1.0,0.5,0,0,0,0,0,0.0
H2_15,M,True,4-2-3-1,3,0,0,0,0,0,4,2,3,1,14,1,1,11.20473846153846,20.516051342383108,2.0,2.0,2.0,1,3,0,7,2,3,2.0,0.25,0.4375,0.3125,0.3333333333333333,0.23076923076923078,0.6666666666666666,12.37367963317102,98.98943706536816,0.16022310432462905,0.15162310816415858,11.20473846153846,8.0,1.5,2.0,1.0,1.0,1.0,0,0,0,0,0,0.0
H2_30,M,True,4-2-3-1,5,0,0,0,0,0,4,2,3,1,29,5,3,0.0,33.121867518092806,2.0,0.0,1.0,1,5,0,10,4,7,2.0,0.2222222222222222,0.37037037037037035,0.4074074074074074,0.2,0.22727272727272727,0.8,11.119597205656982,61.1577846311134,0.27079028220098733,0.21415020053972053,0.0,5.5,1.0,1.0,1.0,0.5,0.0,0,0,0,0,0,0.0
H2_30,A,True,4-2-3-1,3,1,0,1,1,0,4,2,3,1,15,4,1,11.710439024390244,14.546685291005293,2.0,1.0,2.0,1,2,2,7,0,3,2.0,0.2,0.6,0.2,0.3333333333333333,0.16666666666666666,0.0,13.268761186353288,92.88132830447302,0.14134770031131777,0.1960838187733023,11.710439024390244,7.0,1.5,1.5,0.5,1.0,0.5,1,0,0,1,1,1.0
H1_15,M,True,4-2-3-1,2,0,0,0,0,0,4,2,3,1,14,2,0,0.0,32.69883996249854,2.0,1.0,1.0,0,3,1,5,1,3,2.0,0.23076923076923078,0.46153846153846156,0.3076923076923077,0.0,0.2727272727272727,0.5,15.98300200263249,103.88951301711118,0.15737315063317728,0.14135958982644947,0.0,6.5,1.0,1.5,0.5,0.5,0.5,0,0,0,0,0,0.0
H1_30,M,True,4-2-3-1,3,0,0,0,0,0,4,2,3,1,29,5,2,0.0,58.0202319423496,2.0,1.0,1.0,0,7,2,10,1,3,2.0,0.30434782608695654,0.5217391304347826,0.17391304347826086,0.0,0.35,0.3333333333333333,14.854074673810818,74.27037336905408,0.39060145594020024,0.10203880812205765,0.0,5.0,0.5,2.0,1.0,0.5,0.5,0,0,0,0,0,0.0
H1_45,M,True,4-2-3-1,5,0,0,0,0,0,4,2,3,1,44,8,2,0.0,69.12512895572264,2.0,1.0,2.0,0,11,3,16,2,6,2.0,0.2894736842105263,0.5,0.21052631578947367,0.0,0.3333333333333333,0.4,13.879222158326403,104.09416618744802,0.33203171458833375,0.13489522002454948,0.0,7.5,1.0,2.0,0.5,1.0,0.5,0,0,0,0,0,0.0
H2_15,M,True,4-2-3-1,7,0,0,0,0,0,4,2,3,1,59,11,2,19.134818181818183,45.03775264957265,2.0,2.0,2.0,1,15,4,20,2,7,2.0,0.32653061224489793,0.4897959183673469,0.1836734693877551,0.14285714285714285,0.35714285714285715,0.2857142857142857,13.68943980028706,75.29191890157882,0.4261584228931451,0.23398968952169047,19.134818181818183,5.5,1.0,2.5,1.0,1.0,1.0,0,0,0,0,0,0.0
H2_30,M,True,4-2-3-1,11,0,0,0,0,0,4,2,3,1,74,13,2,33.25097565217391,51.42729901599777,1.0,1.0,1.0,3,19,5,22,3,8,2.0,0.36666666666666664,0.45,0.18333333333333332,0.2727272727272727,0.3877551020408163,0.2727272727272727,12.676512882091453,139.44164170300598,0.6072667650351269,0.35912353756442034,16.625487826086957,11.0,4.0,6.0,1.0,1.0,1.0,0,0,0,0,0,0.0
H1_15,M,True,4-2-3-1,3,0,0,0,0,0,4,2,3,1,14,3,1,19.48754117647059,20.055707371007376,2.0,1.0,2.0,1,2,1,2,1,5,2.0,0.25,0.25,0.5,0.3333333333333333,0.2222222222222222,0.3333333333333333,12.323619717513246,73.94171830507948,0.2673947093325901,0.3573100347716384,19.48754117647059,6.0,1.5,1.5,0.5,1.0,0.5,0,0,0,0,0,0.0
H1_30,M,True,4-2-3-1,4,0,0,0,0,0,4,2,3,1,29,4,1,0.0,12.554718518518518,2.0,0.0,1.0,1,3,2,8,1,7,2.0,0.18181818181818182,0.45454545454545453,0.36363636363636365,0.25,0.16666666666666666,0.25,12.623272193187955,63.11636096593977,0.09945692627378795,0.06292133222611637,0.0,5.0,0.5,0.5,0.5,0.5,0.0,0,0,0,0,0,0.0
H1_45,M,True,4-2-3-1,8,0,0,0,0,0,4,2,3,1,44,9,1,0.0,9.683028571428572,2.0,0.0,2.0,1,4,4,10,3,8,2.0,0.16666666666666666,0.4666666666666667,0.36666666666666664,0.125,0.18181818181818182,0.375,11.528466869595409,46.113867478381636,0.10499041937837912,0.46736966434782945,0.0,4.0,2.0,0.5,0.5,1.0,0.0,0,0,0,0,0,0.0
H2_15,M,True,4-2-3-1,0,0,0,0,0,0,4,2,3,1,14,6,1,0.0,0.0,1.0,0.0,0.0,0,0,0,2,0,4,2.0,0.0,0.3333333333333333,0.6666666666666666,0.0,0.0,0.0,13.834376352219905,41.503129056659716,0.0,0.0,0.0,3.0,0.0,0.0,0.0,0.0,0.0,0,0,0,0,0,0.0
H2_30,M,True,4-2-3-1,0,0,0,0,0,0,4,2,3,1,29,8,2,0.0,13.970332203389829,2.0,0.0,0.0,0,1,0,6,0,7,2.0,0.07142857142857142,0.42857142857142855,0.5,0.0,0.07142857142857142,0.0,15.393559433555,61.57423773422,0.11344299757060403,0.0,0.0,4.0,0.0,0.5,0.5,0.0,0.0,0,0,0,0,0,0.0
H1_15,G,False,4-3-3,0,0,0,0,0,0,4,3,3,0,14,0,1,0.0,0.0,0.0,0.0,0.0,0,0,0,0,0,0,0.0,0.0,0.0,0.0,0.0,0.0,0.0,0.0,0.0,0.0,0.0,0.0,0.0,0.0,0.0,0.0,0.0,0.0,0,0,0,0,0,0.0
H1_30,G,False,4-3-3,0,0,0,0,0,0,4,3,3,0,29,4,2,0.0,0.0,0.0,0.0,0.0,0,0,0,1,0,1,2.0,0.0,0.5,0.5,0.0,0.0,0.0,8.449686000000002,8.449686000000002,0.0,0.0,0.0,1.0,0.0,0.0,0.0,0.0,0.0,0,0,0,0,0,0.0
H1_45,G,False,4-3-3,0,0,0,0,0,0,4,3,3,0,44,4,5,0.0,0.0,0.0,0.0,0.0,0,0,0,1,0,1,2.0,0.0,0.5,0.5,0.0,0.0,0.0,0.0,0.0,0.0,0.0,0.0,0.0,0.0,0.0,0.0,0.0,0.0,0,0,0,0,0,0.0
H2_15,G,False,4-3-3,0,0,0,0,0,0,4,3,3,0,59,6,6,0.0,0.0,0.0,0.0,0.0,0,0,0,1,0,1,2.0,0.0,0.5,0.5,0.0,0.0,0.0,0.0,0.0,0.0,0.0,0.0,0.0,0.0,0.0,0.0,0.0,0.0,0,0,0,0,0,0.0
H2_30,G,False,4-3-3,0,0,0,0,0,0,4,3,3,0,74,9,7,0.0,0.0,0.0,0.0,0.0,0,0,0,2,0,1,2.0,0.0,0.6666666666666666,0.3333333333333333,0.0,0.0,0.0,5.361495652173912,5.361495652173912,0.0,0.0,0.0,1.0,0.0,0.0,0.0,0.0,0.0,0,0,0,0,0,0.0
H1_15,D,False,4-3-3,2,0,0,0,0,0,4,3,3,0,14,8,4,0.0,13.98113684210526,1.0,0.0,1.0,0,1,0,0,2,4,2.0,0.14285714285714285,0.0,0.8571428571428571,0.0,0.2,1.0,10.98643182960905,38.452511403631675,0.1817974474455887,0.3786094757860262,0.0,3.5,1.0,0.5,0.5,0.5,0.0,0,0,0,0,0,0.0
H1_30,D,False,4-3-3,2,0,0,0,0,0,4,3,3,0,29,15,4,0.0,0.0,1.0,0.0,0.0,0,1,0,3,2,5,2.0,0.09090909090909091,0.2727272727272727,0.6363636363636364,0.0,0.1111111111111111,1.0,12.06196820058458,24.12393640116916,0.0,0.0,0.0,2.0,0.0,0.0,0.0,0.0,0.0,0,0,0,0,0,0.0
H1_45,D,False,4-3-3,2,0,0,0,0,0,4,3,3,0,44,18,5,0.0,17.723756521739134,1.0,0.0,0.0,0,2,0,4,2,6,2.0,0.14285714285714285,0.2857142857142857,0.5714285714285714,0.0,0.16666666666666666,1.0,16.75956255955642,25.139343839334632,0.352510324752538,0.0,0.0,1.5,0.0,0.5,0.5,0.0,0.0,0,0,0,0,0,0.0
H2_15,D,False,4-3-3,3,0,0,0,0,0,4,3,3,0,59,22,8,0.0,45.576180665257525,2.0,0.0,1.0,0,4,0,4,3,8,2.0,0.21052631578947367,0.21052631578947367,0.5789473684210527,0.0,0.25,1.0,17.772207279904652,44.43051819976163,0.5128927425552966,0.15806646612637704,0.0,2.5,0.5,1.0,1.0,0.5,0.0,0,0,0,0,0,0.0
H2_30,D,False,4-3-3,4,0,0,0,0,0,4,3,3,0,74,27,8,0.0,0.0,1.0,0.0,1.0,0,4,0,6,4,12,2.0,0.15384615384615385,0.23076923076923078,0.6153846153846154,0.0,0.18181818181818182,1.0,9.064419902459194,63.45093931721436,0.0,0.13987046678113116,0.0,7.0,1.0,0.0,0.0,1.0,0.0,0,0,0,0,0,0.0
H1_15,D,False,4-3-3,2,1,1,1,1,0,4,3,3,0,14,8,7,11.014315789473688,6.135384615384615,2.0,1.0,2.0,1,1,0,2,1,4,2.0,0.2222222222222222,0.2222222222222222,0.5555555555555556,0.5,0.14285714285714285,0.5,10.522057567365257,47.349259053143655,0.1810978751072947,0.23209415141070566,11.014315789473688,4.5,1.0,1.0,0.5,1.0,0.5,1,1,1,0,1,1.0
H1_30,D,False,4-3-3,2,1,1,1,1,0,4,3,3,0,29,18,7,0.0,14.199821428571427,2.0,0.0,0.0,1,2,0,4,1,6,2.0,0.21428571428571427,0.2857142857142857,0.5,0.5,0.16666666666666666,0.5,13.352667805899245,33.38166951474811,0.21268890434461207,0.0,0.0,2.5,0.0,0.5,0.5,0.0,0.0,1,1,1,0,1,1.0
H1_45,D,False,4-3-3,4,1,1,1,1,0,4,3,3,0,44,19,8,0.0,13.100922033898303,2.0,0.0,1.0,1,3,1,9,2,9,2.0,0.16,0.4,0.44,0.25,0.14285714285714285,0.5,11.614899228972858,63.881945759350714,0.10254009860039882,0.4168808528008844,0.0,5.5,1.0,0.5,0.5,0.5,0.0,1,1,1,0,1,1.0
H2_15,D,False,4-3-3,5,1,1,1,1,0,4,3,3,0,59,25,10,10.592126315789477,14.062154,2.0,1.0,1.0,2,5,1,12,2,11,2.0,0.21212121212121213,0.3939393939393939,0.3939393939393939,0.4,0.17857142857142858,0.4,9.213027136388781,36.852108545555126,0.3345029808174046,0.14371126556701508,10.592126315789477,4.0,0.5,1.5,0.5,0.5,0.5,1,1,1,0,1,1.0
H2_30,D,False,4-3-3,7,1,1,1,1,0,4,3,3,0,74,35,11,0.0,10.450954545454548,1.0,0.0,1.0,2,6,2,15,3,13,2.0,0.1951219512195122,0.4146341463414634,0.3902439024390244,0.2857142857142857,0.17647058823529413,0.42857142857142855,9.752645579892745,39.01058231957098,0.13395025047103018,0.3055169830463418,0.0,4.0,1.0,0.5,0.5,0.5,0.0,1,1,1,0,1,1.0
H1_15,D,False,4-3-3,5,0,0,0,0,0,4,3,3,0,14,4,0,57.65458712643679,43.737470587468096,2.0,2.0,2.0,2,5,1,4,2,2,2.0,0.4375,0.3125,0.25,0.4,0.45454545454545453,0.4,14.941175595597784,119.52940476478227,0.42413018751925835,0.434173003246487,28.827293563218394,8.0,2.5,3.5,1.0,1.0,1.0,0,0,0,0,0,0.0
H1_30,D,False,4-3-3,7,0,0,0,0,0,4,3,3,0,29,9,1,23.141309273182962,29.582025846153847,2.0,1.0,1.0,4,7,1,7,2,2,2.0,0.4782608695652174,0.34782608695652173,0.17391304347826086,0.5714285714285714,0.4375,0.2857142857142857,12.782954238303052,44.740339834060684,0.5892147367999951,0.25861794254371706,11.570654636591481,3.5,1.0,2.0,1.0,0.5,0.5,0,0,0,0,0,0.0
H1_45,D,False,4-3-3,9,0,0,0,0,0,4,3,3,0,44,10,7,19.2223619047619,0.0,2.0,0.0,1.0,5,7,2,10,2,8,2.0,0.35294117647058826,0.35294117647058826,0.29411764705882354,0.5555555555555556,0.28,0.2222222222222222,13.457647132642336,74.01705922953285,0.12985088913862283,0.19786711625593037,19.2223619047619,5.5,1.0,0.5,0.5,0.5,0.0,0,0,0,0,0,0.0
H2_15,D,False,4-3-3,14,0,0,0,0,0,4,3,3,0,59,15,7,52.52361803013677,30.056669135802473,1.0,1.0,1.0,8,9,4,15,2,9,2.0,0.3617021276595745,0.40425531914893614,0.23404255319148937,0.5714285714285714,0.2727272727272727,0.14285714285714285,14.891151879726918,96.79248721822496,0.42658417785957187,0.373141230867417,17.507872676712257,6.5,2.5,2.5,0.5,0.5,0.5,0,0,0,0,0,0.0
H2_30,D,False,4-3-3,19,0,0,0,0,0,4,3,3,0,74,20,9,15.49968,9.47427,2.0,1.0,2.0,9,10,7,17,3,13,2.0,0.3220338983050847,0.4067796610169492,0.2711864406779661,0.47368421052631576,0.25,0.15789473684210525,14.19229063634318,85.15374381805908,0.14664035238051168,0.4650504487962281,15.49968,6.0,2.5,1.0,0.5,1.0,0.5,0,0,0,0,0,0.0
H1_15,A,False,4-3-3,3,0,0,0,0,0,4,3,3,0,14,2,0,35.70457913245215,7.784875,2.0,1.0,2.0,3,1,0,5,0,0,2.0,0.4444444444444444,0.5555555555555556,0.0,1.0,0.16666666666666666,0.0,11.045894320811314,49.70652444365091,0.4374622307555756,0.3591538488365661,11.901526377484052,4.5,1.5,2.0,1.0,1.0,0.5,0,0,0,0,0,0.0
H1_30,A,False,4-3-3,5,1,1,1,1,0,4,3,3,0,29,3,1,24.564435330261134,91.04963890491038,2.0,2.0,2.0,5,8,0,10,0,0,2.0,0.5652173913043478,0.43478260869565216,0.0,1.0,0.4444444444444444,0.0,15.314588449770001,107.20211914839001,0.5392340895572111,0.11457066112778447,12.282217665130567,7.0,1.0,4.5,1.0,1.0,1.0,1,0,0,0,1,1.0
H1_45,A,False,4-3-3,8,1,1,1,1,0,4,3,3,0,44,4,1,39.18733932709448,24.09786666666667,2.0,2.0,2.0,8,12,0,16,0,2,2.0,0.5263157894736842,0.42105263157894735,0.05263157894736842,1.0,0.4,0.0,11.082570779198466,83.11928084398849,0.3806890853191145,0.23572953789535017,13.062446442364825,7.5,1.5,3.5,1.0,1.0,1.0,1,0,0,0,1,1.0
H2_15,A,False,4-3-3,12,1,1,1,1,0,4,3,3,0,59,7,2,49.322560068127686,97.36253525137715,2.0,2.0,2.0,12,20,0,19,0,2,2.0,0.6037735849056604,0.3584905660377358,0.03773584905660377,1.0,0.4878048780487805,0.0,12.45228675867406,93.39215069005544,0.7853181141866782,0.26406159245554045,12.330640017031921,7.5,2.0,6.0,1.0,1.0,1.0,1,0,0,0,1,1.0
H1_15,A,False,4-3-3,7,0,0,0,0,1,4,3,3,0,14,5,0,38.53202815057283,39.19161705774098,2.0,1.0,2.0,2,4,4,7,1,2,2.0,0.3,0.55,0.15,0.2857142857142857,0.3076923076923077,0.14285714285714285,12.338016698024314,123.38016698024313,0.3149762523046338,0.48646823735861916,19.266014075286414,10.0,3.5,3.0,0.5,1.0,0.5,0,0,0,0,0,0.0
H1_30,A,False,4-3-3,8,0,0,0,0,1,4,3,3,0,29,10,1,12.372292682926828,63.26186979773959,1.0,1.0,1.0,3,8,4,7,1,3,2.0,0.4230769230769231,0.4230769230769231,0.15384615384615385,0.375,0.4444444444444444,0.125,15.536066693637638,46.608200080912916,0.8113825716222013,0.13272656594170384,12.372292682926828,3.0,0.5,2.5,1.0,0.5,0.5,0,0,0,0,0,0.0
H1_45,A,False,4-3-3,10,1,0,1,1,1,4,3,3,0,44,15,1,19.923878787878788,32.7846511111111,2.0,1.0,1.0,4,12,4,12,2,5,2.0,0.41025641025641024,0.41025641025641024,0.1794871794871795,0.4,0.41379310344827586,0.2,12.771627798341196,83.01558068921777,0.3174616708176311,0.19367410107698257,19.923878787878788,6.5,1.0,2.5,1.0,0.5,0.5,1,0,0,1,1,1.0
H2_15,A,False,4-3-3,11,4,3,3,4,0,4,3,3,0,59,20,1,28.134218181818188,97.7335308999522,2.0,2.0,1.0,5,18,4,15,2,6,2.0,0.46,0.38,0.16,0.45454545454545453,0.46153846153846156,0.18181818181818182,14.221624941739247,78.21893717956586,0.8045861630209702,0.1798427541736533,28.134218181818188,5.5,0.5,3.5,1.0,0.5,1.0,4,1,2,1,3,0.75
H2_30,A,False,4-3-3,13,5,4,3,5,0,4,3,3,0,74,24,1,0.0,42.4736162443145,2.0,1.0,1.0,5,21,6,19,2,7,2.0,0.43333333333333335,0.4166666666666667,0.15,0.38461538461538464,0.44680851063829785,0.15384615384615385,12.49429341692976,62.47146708464881,0.3399441235049176,0.2518295318037029,0.0,5.0,1.0,1.5,1.0,0.5,0.5,5,1,2,1,3,0.6
H2_30,M,False,4-3-3,1,0,0,0,0,0,4,3,3,0,3,3,0,0.0,15.668121901528014,1.0,1.0,1.0,0,2,0,2,1,0,1.0,0.4,0.4,0.2,0.0,0.5,1.0,11.595729964846665,57.97864982423333,0.27023950969929644,0.376833159171738,0.0,5.0,1.0,2.0,1.0,1.0,1.0,0,0,0,0,0,0.0
H1_15,M,False,4-3-3,2,0,0,0,0,0,4,3,3,0,14,6,0,0.0,21.765772916666663,1.0,0.0,1.0,0,2,0,2,2,2,2.0,0.25,0.25,0.5,0.0,0.3333333333333333,1.0,9.99769547281612,39.99078189126448,0.27213487568020195,0.3352347973984808,0.0,4.0,1.0,1.0,1.0,0.5,0.0,0,0,0,0,0,0.0
H1_30,M,False,4-3-3,3,0,0,0,0,0,4,3,3,0,29,9,1,0.0,32.23311568627451,2.0,1.0,1.0,0,4,1,10,2,3,2.0,0.2,0.55,0.25,0.0,0.23529411764705882,0.6666666666666666,13.079512777390994,78.47707666434596,0.2053664398340082,0.04734008030142356,0.0,6.0,0.5,1.0,0.5,0.5,0.5,0,0,0,0,0,0.0
H1_45,M,False,4-3-3,5,1,0,1,1,0,4,3,3,0,44,16,2,36.27885128205128,14.564827450980392,2.0,1.0,1.0,1,6,1,16,3,5,2.0,0.21875,0.53125,0.25,0.2,0.2222222222222222,0.6,10.172516765776075,61.035100594656456,0.41651179598025406,0.37229061829357724,36.27885128205128,6.0,1.0,1.5,0.5,0.5,0.5,1,1,1,0,1,1.0
H2_15,M,False,4-3-3,6,1,0,1,1,0,4,3,3,0,59,21,4,0.0,65.27538357142858,2.0,1.0,1.0,1,9,1,20,4,7,2.0,0.23809523809523808,0.5,0.2619047619047619,0.16666666666666666,0.25,0.6666666666666666,17.23843732481421,86.19218662407106,0.3786618377378478,0.09912851481006206,0.0,5.0,0.5,1.5,0.5,0.5,0.5,1,1,1,0,1,1.0
H1_15,M,False,4-3-3,2,0,0,0,0,0,4,3,3,0,14,2,0,25.067885,47.959934903280065,2.0,1.0,2.0,1,2,0,2,1,1,2.0,0.42857142857142855,0.2857142857142857,0.2857142857142857,0.5,0.4,0.5,22.862885449273673,80.02009907245785,0.45630923199153806,0.22598276885732616,25.067885,3.5,1.0,1.5,0.5,1.0,0.5,0,0,0,0,0,0.0
H1_30,M,False,4-3-3,3,0,0,0,0,0,4,3,3,0,29,8,0,0.0,8.506508108108106,2.0,0.0,1.0,1,3,1,5,1,3,2.0,0.2857142857142857,0.42857142857142855,0.2857142857142857,0.3333333333333333,0.2727272727272727,0.3333333333333333,11.444764909846956,40.05667718446435,0.10618090048926081,0.07868199141733002,0.0,3.5,0.5,0.5,0.5,0.5,0.0,0,0,0,0,0,0.0
H1_45,M,False,4-3-3,3,0,0,0,0,0,4,3,3,0,44,12,0,0.0,0.0,2.0,0.0,0.0,1,3,1,10,1,6,2.0,0.18181818181818182,0.5,0.3181818181818182,0.3333333333333333,0.15789473684210525,0.3333333333333333,10.717066293395886,42.868265173583545,0.0,0.0,0.0,4.0,0.0,0.0,0.0,0.0,0.0,0,0,0,0,0,0.0
H2_15,M,False,4-3-3,0,0,0,0,0,0,4,3,3,0,2,3,0,0.0,7.643964705882351,1.0,0.0,0.0,0,1,0,1,0,0,1.0,0.5,0.5,0.0,0.0,0.5,0.0,6.040649019607843,12.081298039215685,0.6327105482432578,0.0,0.0,2.0,0.0,1.0,1.0,0.0,0.0,0,0,0,0,0,0.0
H2_30,M,False,4-3-3,1,0,0,0,0,0,4,3,3,0,17,7,0,10.108777777777778,16.30821176470588,2.0,1.0,1.0,1,3,0,4,0,1,2.0,0.4444444444444444,0.4444444444444444,0.1111111111111111,1.0,0.375,0.0,12.669152359576382,44.34203325851733,0.2978775171232074,0.11398640336182665,10.108777777777778,3.5,0.5,1.5,1.0,0.5,0.5,0,0,0,0,0,0.0
H2_15,A,False,4-3-3,0,0,0,0,0,0,4,3,3,0,2,2,0,0.0,0.0,0.0,0.0,0.0,0,0,0,1,0,0,1.0,0.0,1.0,0.0,0.0,0.0,0.0,5.217166666666667,5.217166666666667,0.0,0.0,0.0,1.0,0.0,0.0,0.0,0.0,0.0,0,0,0,0,0,0.0
H2_30,A,False,4-3-3,4,0,0,0,0,0,4,3,3,0,17,7,1,11.749073170731704,59.247337840485685,2.0,1.0,2.0,1,6,3,5,0,2,2.0,0.4117647058823529,0.47058823529411764,0.11764705882352941,0.25,0.46153846153846156,0.0,12.81737513351828,102.53900106814623,0.3461922306227364,0.293054513582567,11.749073170731704,8.0,2.0,3.5,1.0,1.0,0.5,0,0,0,0,0,0.0
H1_15,A,False,4-3-3,3,2,1,1,2,0,4,3,3,0,14,5,0,64.18484486555782,5.902950000000001,2.0,1.0,1.0,3,1,0,6,0,0,2.0,0.4,0.6,0.0,1.0,0.14285714285714285,0.0,14.259191134918833,71.29595567459417,0.4915271434571227,0.4501296339900922,21.394948288519274,5.0,1.5,2.0,0.5,0.5,0.5,2,1,1,0,1,0.5
H1_30,A,False,4-3-3,5,3,1,1,3,0,4,3,3,0,29,8,0,0.0,0.0,2.0,0.0,2.0,3,1,2,10,0,1,2.0,0.23529411764705882,0.7058823529411765,0.058823529411764705,0.6,0.08333333333333333,0.0,12.720428274571592,44.521498961000574,0.0,0.31509629228960706,0.0,3.5,1.0,0.0,0.0,1.0,0.0,3,2,2,1,1,0.3333333333333333
H1_45,A,False,4-3-3,9,4,1,2,4,0,4,3,3,0,44,10,0,29.554771416345744,34.81396666666666,2.0,2.0,2.0,5,4,3,13,1,2,2.0,0.32142857142857145,0.5714285714285714,0.10714285714285714,0.5555555555555556,0.21052631578947367,0.1111111111111111,13.296431882215243,73.13037535218383,0.4400957726049071,0.5072774593668944,14.777385708172872,5.5,2.0,2.5,1.0,1.0,1.0,4,2,2,2,2,0.5
H2_30,A,False,4-3-3,0,0,0,0,0,0,4,3,3,0,3,0,0,0.0,20.282929333333332,0.0,0.0,0.0,0,2,0,0,0,0,2.0,1.0,0.0,0.0,0.0,1.0,0.0,10.141464666666666,10.141464666666666,1.0,0.0,0.0,1.0,0.0,1.0,1.0,0.0,0.0,0,0,0,0,0,0.0
H1_15,D,False,4-3-3,2,0,0,0,0,0,4,3,3,0,14,6,0,25.968510843373497,12.974227109974423,2.0,1.0,1.0,1,2,1,5,0,2,2.0,0.2727272727272727,0.5454545454545454,0.18181818181818182,0.5,0.2222222222222222,0.0,14.684597570258141,80.76528663641977,0.24108586482615993,0.3849973036538125,25.968510843373497,5.5,1.0,1.5,1.0,0.5,0.5,0,0,0,0,0,0.0
H1_30,D,False,4-3-3,3,0,0,0,0,0,4,3,3,0,29,9,2,0.0,6.405557142857143,1.0,0.0,1.0,1,3,2,7,0,2,2.0,0.26666666666666666,0.6,0.13333333333333333,0.3333333333333333,0.25,0.0,19.698912156873252,39.397824313746504,0.08129328528202694,0.12329122145605682,0.0,2.0,0.5,0.5,0.5,0.5,0.0,0,0,0,0,0,0.0
H1_45,D,False,4-3-3,5,0,0,0,0,0,4,3,3,0,44,11,4,0.0,6.473600000000001,2.0,0.0,2.0,1,4,3,8,1,3,2.0,0.25,0.55,0.2,0.2,0.26666666666666666,0.2,14.525787321339328,36.31446830334832,0.08913251800802371,0.3336804589028939,0.0,2.5,1.0,0.5,0.5,1.0,0.0,0,0,0,0,0,0.0
H2_15,D,False,4-3-3,9,0,0,0,0,0,4,3,3,0,59,12,6,12.286723809523805,57.47756406823624,2.0,2.0,2.0,2,9,5,14,2,3,2.0,0.3142857142857143,0.5428571428571428,0.14285714285714285,0.2222222222222222,0.34615384615384615,0.2222222222222222,11.71038058351595,87.82785437636961,0.39716493345492887,0.3756990653430127,12.286723809523805,7.5,2.0,3.0,1.0,1.0,1.0,0,0,0,0,0,0.0
H2_30,D,False,4-3-3,14,1,0,1,1,0,4,3,3,0,74,17,8,12.513,49.188418132881615,2.0,1.0,2.0,3,15,8,16,3,4,2.0,0.3673469387755102,0.4897959183673469,0.14285714285714285,0.21428571428571427,0.42857142857142855,0.21428571428571427,11.410543892906853,79.87380725034797,0.38624312685816553,0.5426813902760805,12.513,7.0,2.5,3.5,1.0,1.0,0.5,1,0,1,0,1,1.0
H1_15,M,False,4-3-3,3,0,0,0,0,0,4,3,3,0,14,6,1,0.0,16.43866935483871,2.0,1.0,2.0,0,2,2,3,1,1,2.0,0.2222222222222222,0.5555555555555556,0.2222222222222222,0.0,0.3333333333333333,0.3333333333333333,11.01974963229724,49.588873345337575,0.1657495749133036,0.425965432121037,0.0,4.5,1.5,1.0,0.5,1.0,0.5,0,0,0,0,0,0.0
H1_30,M,False,4-3-3,3,0,0,0,0,0,4,3,3,0,29,14,1,0.0,31.84615294946866,1.0,1.0,0.0,0,5,2,6,1,2,2.0,0.3125,0.5,0.1875,0.0,0.38461538461538464,0.3333333333333333,10.50551243092779,36.769293508247266,0.4330536421963838,0.0,0.0,3.5,0.0,1.5,0.5,0.0,0.5,0,0,0,0,0,0.0
H1_45,M,False,4-3-3,3,0,0,0,0,0,4,3,3,0,44,19,2,0.0,11.749808000000003,2.0,0.0,0.0,0,6,2,9,1,5,2.0,0.2608695652173913,0.4782608695652174,0.2608695652173913,0.0,0.3,0.3333333333333333,11.891384592353543,41.6198460732374,0.14115631253566102,0.0,0.0,3.5,0.0,0.5,0.5,0.0,0.0,0,0,0,0,0,0.0
H2_15,M,False,4-3-3,4,0,0,0,0,0,4,3,3,0,59,28,3,0.0,49.245589348922174,2.0,1.0,1.0,0,10,3,14,1,6,2.0,0.29411764705882354,0.5,0.20588235294117646,0.0,0.3333333333333333,0.25,14.17951539064975,77.98733464857362,0.3157281215650756,0.05344799492699299,0.0,5.5,0.5,2.0,1.0,0.5,0.5,0,0,0,0,0,0.0
H2_30,M,False,4-3-3,5,0,0,0,0,0,4,3,3,0,74,34,4,0.0,24.2494956382553,2.0,1.0,1.0,0,12,4,16,1,8,2.0,0.2926829268292683,0.4878048780487805,0.21951219512195122,0.0,0.3333333333333333,0.2,11.04902295442719,38.67158034049517,0.3135312214388909,0.14747690551523435,0.0,3.5,0.5,1.0,0.5,0.5,0.5,0,0,0,0,0,0.0
H1_15,G,True,4-3-3,0,0,0,0,0,0,4,3,3,0,14,0,1,0.0,0.0,0.0,0.0,0.0,0,0,0,1,0,0,1.0,0.0,1.0,0.0,0.0,0.0,0.0,8.97581052631579,8.97581052631579,0.0,0.0,0.0,1.0,0.0,0.0,0.0,0.0,0.0,0,0,0,0,0,0.0
H1_30,G,True,4-3-3,1,0,0,0,0,0,4,3,3,0,29,2,1,0.0,0.0,1.0,0.0,1.0,0,0,1,2,0,0,2.0,0.0,1.0,0.0,0.0,0.0,0.0,8.961604761904763,17.923209523809525,0.0,0.3677466355143662,0.0,2.0,1.0,0.0,0.0,1.0,0.0,0,0,0,0,0,0.0
H1_45,G,True,4-3-3,1,0,0,0,0,0,4,3,3,0,44,3,2,0.0,0.0,0.0,0.0,0.0,0,0,1,2,0,0,2.0,0.0,1.0,0.0,0.0,0.0,0.0,0.0,0.0,0.0,0.0,0.0,0.0,0.0,0.0,0.0,0.0,0.0,0,0,0,0,0,0.0
H2_15,G,True,4-3-3,1,0,0,0,0,0,4,3,3,0,59,3,4,0.0,0.0,0.0,0.0,0.0,0,0,1,2,0,0,2.0,0.0,1.0,0.0,0.0,0.0,0.0,0.0,0.0,0.0,0.0,0.0,0.0,0.0,0.0,0.0,0.0,0.0,0,0,0,0,0,0.0
H2_30,G,True,4-3-3,1,0,0,0,0,0,4,3,3,0,74,3,4,0.0,0.0,0.0,0.0,0.0,0,0,1,2,0,0,2.0,0.0,1.0,0.0,0.0,0.0,0.0,0.0,0.0,0.0,0.0,0.0,0.0,0.0,0.0,0.0,0.0,0.0,0,0,0,0,0,0.0
H1_15,D,True,4-3-3,3,0,0,0,0,0,4,3,3,0,14,9,0,0.0,12.521323636363636,2.0,0.0,2.0,0,1,2,5,1,5,2.0,0.07142857142857142,0.5,0.42857142857142855,0.0,0.09090909090909091,0.3333333333333333,13.71085195684462,95.97596369791233,0.06523155982978684,0.16718146250438326,0.0,7.0,1.5,0.5,0.5,1.0,0.0,0,0,0,0,0,0.0
H1_30,D,True,4-3-3,3,1,0,1,1,0,4,3,3,0,29,15,0,0.0,0.0,1.0,0.0,0.0,0,1,2,6,1,6,2.0,0.0625,0.5,0.4375,0.0,0.07692307692307693,0.3333333333333333,9.54942960812772,19.09885921625544,0.0,0.0,0.0,2.0,0.0,0.0,0.0,0.0,0.0,1,0,1,1,1,1.0
H1_45,D,True,4-3-3,4,1,0,1,1,0,4,3,3,0,44,18,3,0.0,4.56858947368421,2.0,0.0,1.0,0,2,3,10,1,9,2.0,0.08,0.52,0.4,0.0,0.09523809523809523,0.25,10.045433904151198,45.20445256868039,0.050532516312890026,0.1858056972335855,0.0,4.5,0.5,0.5,0.5,0.5,0.0,1,0,1,1,1,1.0
H2_15,D,True,4-3-3,4,1,0,1,1,0,4,3,3,0,59,20,6,0.0,0.0,0.0,0.0,0.0,0,2,3,10,1,9,2.0,0.08,0.52,0.4,0.0,0.09523809523809523,0.25,0.0,0.0,0.0,0.0,0.0,0.0,0.0,0.0,0.0,0.0,0.0,1,0,1,1,1,1.0
H2_30,D,True,4-3-3,5,1,0,1,1,0,4,3,3,0,74,26,6,0.0,0.0,1.0,0.0,1.0,0,2,3,11,2,11,2.0,0.06896551724137931,0.4827586206896552,0.4482758620689655,0.0,0.08333333333333333,0.4,11.778846485928558,47.11538594371423,0.0,0.4891557206156134,0.0,4.0,1.0,0.0,0.0,1.0,0.0,1,0,1,1,1,1.0
H1_15,M,True,4-3-3,1,0,0,0,0,0,4,3,3,0,14,10,1,0.0,0.0,2.0,0.0,1.0,0,0,1,9,0,1,2.0,0.0,0.9090909090909091,0.09090909090909091,0.0,0.0,0.0,19.6457513995541,108.05163269754755,0.0,0.09617209827725098,0.0,5.5,0.5,0.0,0.0,0.5,0.0,0,0,0,0,0,0.0
H1_30,M,True,4-3-3,2,0,0,0,0,0,4,3,3,0,29,15,1,0.0,54.324178371161544,2.0,1.0,1.0,0,3,2,12,0,2,2.0,0.15789473684210525,0.7368421052631579,0.10526315789473684,0.0,0.17647058823529413,0.0,14.556437227393985,58.22574890957594,0.46649617556252043,0.08154003169865427,0.0,4.0,0.5,1.5,0.5,0.5,0.5,0,0,0,0,0,0.0
H1_45,M,True,4-3-3,2,0,0,0,0,0,4,3,3,0,44,18,2,0.0,0.0,1.0,0.0,0.0,0,3,2,13,0,3,2.0,0.14285714285714285,0.7142857142857143,0.14285714285714285,0.0,0.15789473684210525,0.0,9.573449769585253,19.146899539170505,0.0,0.0,0.0,2.0,0.0,0.0,0.0,0.0,0.0,0,0,0,0,0,0.0
H2_15,M,True,4-3-3,2,0,0,0,0,0,4,3,3,0,59,22,2,0.0,20.91019759036144,1.0,0.0,0.0,0,4,2,14,0,9,2.0,0.13793103448275862,0.5517241379310345,0.3103448275862069,0.0,0.14814814814814814,0.0,14.539773561552849,58.159094246211396,0.17976722180232008,0.0,0.0,4.0,0.0,0.5,0.5,0.0,0.0,0,0,0,0,0,0.0
H2_30,M,True,4-3-3,2,0,0,0,0,0,4,3,3,0,74,26,3,0.0,26.985537793851716,2.0,0.0,0.0,0,6,2,17,0,11,2.0,0.16666666666666666,0.5277777777777778,0.3055555555555556,0.0,0.17647058823529413,0.0,12.55763854028022,43.95173489098077,0.30699058706996973,0.0,0.0,3.5,0.0,1.0,1.0,0.0,0.0,0,0,0,0,0,0.0
H1_15,A,True,4-3-3,3,0,0,0,0,0,4,3,3,0,14,7,0,28.057427956989244,45.13314374330625,2.0,1.0,2.0,1,4,2,4,0,0,2.0,0.45454545454545453,0.5454545454545454,0.0,0.3333333333333333,0.5,0.0,13.527345707822093,74.40040139302151,0.49186946797279313,0.4977205854567276,28.057427956989244,5.5,1.5,2.5,0.5,1.0,0.5,0,0,0,0,0,0.0
H1_30,A,True,4-3-3,4,0,0,0,0,0,4,3,3,0,29,12,1,0.0,31.86828648648649,1.0,0.0,1.0,1,6,2,5,1,0,2.0,0.4666666666666667,0.4666666666666667,0.06666666666666667,0.25,0.5454545454545454,0.25,13.907630788288287,27.815261576576574,0.572856135088857,0.3229220036371665,0.0,2.0,0.5,1.0,1.0,0.5,0.0,0,0,0,0,0,0.0
H1_45,A,True,4-3-3,8,0,0,0,0,0,4,3,3,0,44,12,2,20.33022608695652,30.993170611954458,2.0,1.0,1.0,2,9,5,8,1,5,2.0,0.36666666666666664,0.43333333333333335,0.2,0.25,0.4090909090909091,0.125,12.814948402341859,96.11211301756394,0.2669975463422177,0.46939522264710565,20.33022608695652,7.5,2.0,2.0,1.0,0.5,0.5,0,0,0,0,0,0.0
H2_15,A,True,4-3-3,12,1,0,0,1,0,4,3,3,0,59,14,2,0.0,15.236447619047617,2.0,1.0,2.0,2,11,8,12,2,11,2.0,0.2826086956521739,0.43478260869565216,0.2826086956521739,0.16666666666666666,0.3235294117647059,0.16666666666666666,11.907155663499186,95.25724530799349,0.07997526891410671,0.385911684148407,0.0,8.0,2.0,1.0,0.5,1.0,0.5,1,0,0,0,0,0.0
H2_30,A,True,4-3-3,14,1,0,0,1,0,4,3,3,0,74,17,2,29.26029411764706,57.00086680632586,2.0,2.0,1.0,3,18,9,18,2,11,2.0,0.3442622950819672,0.4426229508196721,0.21311475409836064,0.21428571428571427,0.3829787234042553,0.14285714285714285,14.387028500666151,107.90271375499613,0.39971729126218963,0.409881427356538,29.26029411764706,7.5,1.0,4.0,1.0,0.5,1.0,1,0,0,0,0,0.0
H2_15,A,True,4-3-3,0,0,0,0,0,0,4,3,3,0,4,0,0,0.0,0.0,0.0,0.0,0.0,0,0,0,0,0,2,2.0,0.0,0.0,1.0,0.0,0.0,0.0,14.573494590163934,14.573494590163934,0.0,0.0,0.0,1.0,0.0,0.0,0.0,0.0,0.0,0,0,0,0,0,0.0
H2_30,A,True,4-3-3,2,1,0,0,1,0,4,3,3,0,19,2,0,15.890196078431371,16.27703188405797,2.0,1.0,1.0,1,1,1,4,0,3,2.0,0.2,0.5,0.3,0.5,0.125,0.0,12.566433971304473,50.26573588521789,0.3199717202583426,0.29315724611157706,15.890196078431371,4.0,1.0,1.0,0.5,0.5,0.5,1,0,1,0,0,0.0
H1_15,A,True,4-3-3,3,1,1,1,1,1,4,3,3,0,14,3,0,10.550166666666666,28.67475712437182,2.0,1.0,2.0,1,3,2,6,0,0,2.0,0.3333333333333333,0.6666666666666666,0.0,0.3333333333333333,0.3333333333333333,0.0,12.721024267482385,76.32614560489431,0.2569560108150099,0.3662318589383052,10.550166666666666,6.0,1.5,2.0,1.0,1.0,0.5,1,0,0,0,1,1.0
H1_30,A,True,4-3-3,6,1,1,1,1,1,4,3,3,0,29,8,0,11.546933333333332,12.18393257142857,1.0,1.0,1.0,2,5,4,7,0,2,2.0,0.35,0.55,0.1,0.3333333333333333,0.35714285714285715,0.0,9.987232933936243,79.89786347148994,0.29701502485394765,0.48996014034881114,11.546933333333332,8.0,3.0,3.0,1.0,1.0,1.0,1,0,0,0,1,1.0
H1_45,A,True,4-3-3,9,1,1,1,1,1,4,3,3,0,44,9,1,59.6823649484536,5.806666666666667,2.0,0.0,2.0,3,6,5,12,1,4,2.0,0.2903225806451613,0.5483870967741935,0.16129032258064516,0.3333333333333333,0.2727272727272727,0.1111111111111111,16.386336691897142,90.12485180543428,0.36332393509229305,0.4789950296499745,59.6823649484536,5.5,1.5,1.0,1.0,1.0,0.0,1,0,0,0,1,1.0
H2_15,A,True,4-3-3,11,2,2,2,2,1,4,3,3,0,59,9,2,0.0,0.0,2.0,0.0,1.0,3,6,7,17,1,6,2.0,0.225,0.6,0.175,0.2727272727272727,0.20689655172413793,0.09090909090909091,15.885505057659694,71.48477275946863,0.0,0.33488915787728163,0.0,4.5,1.0,0.0,0.0,0.5,0.0,2,0,0,0,2,1.0
H2_30,A,True,4-3-3,14,3,3,3,3,0,4,3,3,0,74,13,2,8.796774193548387,35.87107934361975,2.0,2.0,2.0,4,10,9,20,1,6,2.0,0.28,0.58,0.14,0.2857142857142857,0.2777777777777778,0.07142857142857142,12.37683742660872,61.884187133043596,0.36089876595726783,0.4487084585667769,8.796774193548387,5.0,1.5,2.5,1.0,1.0,1.0,3,0,0,0,3,1.0
H2_15,A,True,4-3-3,2,0,0,0,0,0,4,3,3,0,14,0,1,0.0,22.19521052631579,2.0,1.0,1.0,0,2,2,5,0,4,2.0,0.15384615384615385,0.5384615384615384,0.3076923076923077,0.0,0.18181818181818182,0.0,12.422818557294315,80.74832062241305,0.13743450238490246,0.22386240956906,0.0,6.5,1.0,1.0,0.5,0.5,0.5,0,0,0,0,0,0.0
H2_30,A,True,4-3-3,5,1,1,0,1,0,4,3,3,0,29,6,1,23.02293252688172,47.73041226268286,1.0,1.0,1.0,2,8,3,7,0,4,2.0,0.4166666666666667,0.4166666666666667,0.16666666666666666,0.4,0.42105263157894735,0.0,13.543580280369456,148.979383084064,0.47492037706748236,0.35358740563508423,11.51146626344086,11.0,3.0,8.0,1.0,1.0,1.0,1,0,0,0,0,0.0
H1_15,A,True,4-3-3,1,0,0,0,0,0,4,3,3,0,14,6,1,22.86434210526316,48.499658540855165,2.0,1.0,1.0,1,4,0,7,0,1,2.0,0.38461538461538464,0.5384615384615384,0.07692307692307693,1.0,0.3333333333333333,0.0,12.426076217925498,80.76949541651574,0.4417756993411019,0.14154070164333266,22.86434210526316,6.5,0.5,2.5,0.5,0.5,0.5,0,0,0,0,0,0.0
H1_30,A,True,4-3-3,3,0,0,0,0,0,4,3,3,0,29,9,2,29.284444820295988,30.053397230769235,2.0,2.0,2.0,3,7,0,8,0,4,2.0,0.45454545454545453,0.36363636363636365,0.18181818181818182,1.0,0.3684210526315789,0.0,10.52681531887744,47.370668934948476,0.6263141663942998,0.30909891583450827,14.642222410147994,4.5,1.0,2.5,1.0,1.0,1.0,0,0,0,0,0,0.0
H1_45,A,True,4-3-3,3,0,0,0,0,0,4,3,3,0,44,10,2,0.0,20.797227906976747,2.0,1.0,0.0,3,9,0,12,0,10,2.0,0.35294117647058826,0.35294117647058826,0.29411764705882354,1.0,0.2903225806451613,0.0,14.579995200795638,87.47997120477383,0.11886851138927805,0.0,0.0,6.0,0.0,1.0,0.5,0.0,0.5,0,0,0,0,0,0.0
H1_15,D,True,4-3-3,0,0,0,0,0,0,4,3,3,0,14,11,2,0.0,11.779348148148149,1.0,1.0,0.0,0,2,0,1,0,3,2.0,0.3333333333333333,0.16666666666666666,0.5,0.0,0.3333333333333333,0.0,9.563828232163651,28.691484696490953,0.20527603002692982,0.0,0.0,3.0,0.0,1.0,0.5,0.0,0.5,0,0,0,0,0,0.0
H1_30,D,True,4-3-3,0,0,0,0,0,0,4,3,3,0,29,16,4,0.0,0.0,1.0,0.0,0.0,0,2,0,1,0,5,2.0,0.25,0.125,0.625,0.0,0.25,0.0,12.646369691119691,25.292739382239382,0.0,0.0,0.0,2.0,0.0,0.0,0.0,0.0,0.0,0,0,0,0,0,0.0
H1_45,D,True,4-3-3,0,0,0,0,0,0,4,3,3,0,44,17,6,0.0,0.0,1.0,0.0,0.0,0,2,0,1,0,8,2.0,0.18181818181818182,0.09090909090909091,0.7272727272727273,0.0,0.18181818181818182,0.0,12.105246035805626,18.15786905370844,0.0,0.0,0.0,1.5,0.0,0.0,0.0,0.0,0.0,0,0,0,0,0,0.0
H2_15,D,True,4-3-3,1,0,0,0,0,0,4,3,3,0,59,19,7,0.0,0.0,1.0,0.0,1.0,0,2,0,1,1,9,2.0,0.15384615384615385,0.07692307692307693,0.7692307692307693,0.0,0.16666666666666666,1.0,24.975896345029234,49.95179269005847,0.0,0.12969938249996135,0.0,2.0,1.0,0.0,0.0,1.0,0.0,0,0,0,0,0,0.0
H2_30,D,True,4-3-3,1,0,0,0,0,0,4,3,3,0,74,22,7,0.0,19.185163636363637,1.0,0.0,0.0,0,3,0,2,1,10,2.0,0.1875,0.125,0.6875,0.0,0.2,1.0,20.864536213621363,62.59360864086409,0.3065035560809422,0.0,0.0,3.0,0.0,1.0,1.0,0.0,0.0,0,0,0,0,0,0.0
H1_15,M,True,4-3-3,1,0,0,0,0,0,4,3,3,0,14,9,3,0.0,8.943869999999999,2.0,0.0,1.0,0,1,1,6,0,0,2.0,0.125,0.875,0.0,0.0,0.14285714285714285,0.0,15.338735392531577,61.35494157012631,0.07288630525201872,0.09955227163801593,0.0,4.0,0.5,0.5,0.5,0.5,0.0,0,0,0,0,0,0.0
H1_30,M,True,4-3-3,1,0,0,0,0,0,4,3,3,0,29,11,3,0.0,0.0,1.0,0.0,0.0,0,1,1,7,0,2,2.0,0.09090909090909091,0.7272727272727273,0.18181818181818182,0.0,0.1,0.0,11.486039552116244,17.229059328174365,0.0,0.0,0.0,1.5,0.0,0.0,0.0,0.0,0.0,0,0,0,0,0,0.0
H1_45,M,True,4-3-3,1,0,0,0,0,0,4,3,3,0,44,11,4,0.0,6.1803,1.0,0.0,0.0,0,2,1,10,0,5,2.0,0.1111111111111111,0.6111111111111112,0.2777777777777778,0.0,0.11764705882352941,0.0,12.80040799959984,89.60285599719887,0.06897436394430559,0.0,0.0,7.0,0.0,1.0,1.0,0.0,0.0,0,0,0,0,0,0.0
H2_15,M,True,4-3-3,4,0,0,0,0,0,4,3,3,0,14,3,4,0.0,0.0,2.0,0.0,2.0,0,0,2,5,2,3,2.0,0.0,0.5833333333333334,0.4166666666666667,0.0,0.0,0.5,9.236726942814101,55.42036165688461,0.0,0.36695233983715914,0.0,6.0,2.0,0.0,0.0,1.0,0.0,0,0,0,0,0,0.0
H2_30,M,True,4-3-3,6,0,0,0,0,0,4,3,3,0,29,9,5,0.0,16.86626470588235,2.0,0.0,1.0,0,1,2,5,4,7,2.0,0.05263157894736842,0.3684210526315789,0.5789473684210527,0.0,0.07692307692307693,0.6666666666666666,9.166296596270831,32.08203808694791,0.26286149059750874,0.2759057995748567,0.0,3.5,1.0,0.5,0.5,0.5,0.0,0,0,0,0,0,0.0
H1_15,M,True,4-3-3,3,1,0,1,1,0,4,3,3,0,14,6,1,0.0,88.34160052206322,2.0,2.0,2.0,0,6,3,8,0,0,2.0,0.35294117647058826,0.6470588235294118,0.0,0.0,0.42857142857142855,0.0,13.873296311651501,117.92301864903776,0.37457318144553825,0.26601877487776104,0.0,8.5,1.5,3.0,1.0,1.0,1.0,1,1,0,0,1,1.0
H1_30,M,True,4-3-3,5,2,0,2,2,0,4,3,3,0,29,10,1,18.01946896551724,12.689962264150942,2.0,1.0,2.0,1,7,4,11,0,3,2.0,0.3076923076923077,0.5769230769230769,0.11538461538461539,0.2,0.3333333333333333,0.0,13.426885914772962,60.42098661647833,0.2541288461954124,0.22733042556209523,18.01946896551724,4.5,1.0,1.0,0.5,1.0,0.5,2,1,0,1,2,1.0
H1_45,M,True,4-3-3,8,2,0,2,2,0,4,3,3,0,44,11,2,0.0,65.55372734111046,2.0,0.0,2.0,1,9,7,17,0,6,2.0,0.25,0.6,0.15,0.125,0.28125,0.0,16.200246304489387,113.4017241314257,0.2890332040504855,0.15401370312880175,0.0,7.0,1.5,1.0,1.0,1.0,0.0,2,1,0,1,2,1.0
H1_15,D,True,4-3-3,4,0,0,0,0,0,4,3,3,0,14,7,2,14.432916666666667,12.803063157894737,2.0,1.0,2.0,1,2,2,2,1,3,2.0,0.2727272727272727,0.36363636363636365,0.36363636363636365,0.25,0.2857142857142857,0.25,16.143604186805682,88.78982302743125,0.15337331968860304,0.6369217014409251,14.432916666666667,5.5,2.0,1.5,1.0,1.0,0.5,0,0,0,0,0,0.0
H1_30,D,True,4-3-3,6,0,0,0,0,0,4,3,3,0,29,15,3,0.0,34.646026363350266,2.0,1.0,2.0,1,5,3,3,2,4,2.0,0.3333333333333333,0.3333333333333333,0.3333333333333333,0.16666666666666666,0.4166666666666667,0.3333333333333333,13.463432278097658,47.1220129733418,0.36762039837888993,0.4763661759886842,0.0,3.5,1.0,1.5,0.5,1.0,0.5,0,0,0,0,0,0.0
H1_45,D,True,4-3-3,11,0,0,0,0,0,4,3,3,0,44,18,5,6.966912,9.408780487804878,2.0,1.0,2.0,2,6,5,5,4,7,2.0,0.27586206896551724,0.3448275862068966,0.3793103448275862,0.18181818181818182,0.3333333333333333,0.36363636363636365,15.773638429743725,86.75501136359048,0.09437894267095595,0.5867791613514923,6.966912,5.5,2.5,1.0,0.5,1.0,0.5,0,0,0,0,0,0.0
H2_15,D,True,4-3-3,12,0,0,0,0,0,4,3,3,0,59,20,8,0.0,9.686567441860468,2.0,0.0,1.0,2,7,5,8,5,8,2.0,0.2571428571428571,0.37142857142857144,0.37142857142857144,0.16666666666666666,0.30434782608695654,0.4166666666666667,17.858852391648785,53.57655717494636,0.09039930850941401,0.35739003080826476,0.0,3.0,0.5,0.5,0.5,0.5,0.0,0,0,0,0,0,0.0
H2_30,D,True,4-3-3,14,0,0,0,0,0,4,3,3,0,74,22,8,6.281286956521737,47.57412185185186,2.0,1.0,1.0,3,10,5,11,6,8,2.0,0.3023255813953488,0.37209302325581395,0.32558139534883723,0.21428571428571427,0.3448275862068966,0.42857142857142855,12.503227605174665,50.01291042069866,0.5384150647837989,0.1719106913045864,6.281286956521737,4.0,1.0,2.0,1.0,0.5,0.5,0,0,0,0,0,0.0
H1_15,D,True,4-3-3,2,0,0,0,0,0,4,3,3,0,14,9,1,10.51656842105263,18.6112875,2.0,1.0,2.0,1,2,1,6,0,4,2.0,0.21428571428571427,0.5,0.2857142857142857,0.5,0.16666666666666666,0.0,12.08159286922,84.57115008454,0.17220917471227187,0.15142205146688645,10.51656842105263,7.0,1.0,1.5,0.5,1.0,0.5,0,0,0,0,0,0.0
H1_30,D,True,4-3-3,3,0,0,0,0,0,4,3,3,0,29,15,4,0.0,11.389411764705883,1.0,0.0,1.0,1,3,2,10,0,4,2.0,0.2,0.6,0.2,0.3333333333333333,0.17647058823529413,0.0,9.050860485238582,27.152581455715747,0.2097298148848451,0.24580022526340456,0.0,3.0,0.5,0.5,0.5,0.5,0.0,0,0,0,0,0,0.0
H1_45,D,True,4-3-3,3,0,0,0,0,0,4,3,3,0,44,19,6,0.0,0.0,1.0,0.0,0.0,1,3,2,10,0,9,2.0,0.16,0.48,0.36,0.3333333333333333,0.13636363636363635,0.0,11.764360144081135,58.82180072040567,0.0,0.0,0.0,5.0,0.0,0.0,0.0,0.0,0.0,0,0,0,0,0,0.0
H2_15,D,True,4-3-3,5,0,0,0,0,0,4,3,3,0,59,23,7,0.0,0.0,2.0,0.0,1.0,1,3,4,10,0,13,2.0,0.12903225806451613,0.45161290322580644,0.41935483870967744,0.2,0.11538461538461539,0.0,14.930563329747656,44.79168998924297,0.0,0.32844546103514294,0.0,3.0,1.0,0.0,0.0,0.5,0.0,0,0,0,0,0,0.0
H2_30,D,True,4-3-3,5,0,0,0,0,0,4,3,3,0,74,24,8,0.0,42.83051883922666,2.0,1.0,0.0,1,6,4,14,0,14,2.0,0.1794871794871795,0.46153846153846156,0.358974358974359,0.2,0.17647058823529413,0.0,18.824516311145672,75.29806524458269,0.2844065030097709,0.0,0.0,4.0,0.0,1.5,1.0,0.0,0.5,0,0,0,0,0,0.0
H1_15,G,False,4-4-2,0,0,0,0,0,0,4,4,2,0,14,0,0,0.0,19.681024390243905,1.0,0.0,0.0,0,1,0,1,0,0,1.0,0.5,0.5,0.0,0.0,0.5,0.0,12.922304195121953,25.844608390243906,0.7615137398511832,0.0,0.0,2.0,0.0,1.0,1.0,0.0,0.0,0,0,0,0,0,0.0
H1_30,G,False,4-4-2,1,0,0,0,0,0,4,4,2,0,29,0,2,0.0,26.70077064220183,1.0,0.0,1.0,0,2,1,1,0,0,2.0,0.5,0.5,0.0,0.0,0.6666666666666666,0.0,26.70077064220183,26.70077064220183,1.0,0.0,0.0,2.0,1.0,1.0,1.0,1.0,0.0,0,0,0,0,0,0.0
H1_45,G,False,4-4-2,2,0,0,0,0,0,4,4,2,0,44,1,2,0.0,0.0,1.0,0.0,1.0,0,2,2,2,0,0,2.0,0.3333333333333333,0.6666666666666666,0.0,0.0,0.5,0.0,7.900385119047618,15.800770238095236,0.0,0.41353017224069927,0.0,2.0,1.0,0.0,0.0,1.0,0.0,0,0,0,0,0,0.0
H2_15,G,False,4-4-2,2,0,0,0,0,0,4,4,2,0,59,2,2,0.0,0.0,0.0,0.0,0.0,0,2,2,2,0,0,2.0,0.3333333333333333,0.6666666666666666,0.0,0.0,0.5,0.0,0.0,0.0,0.0,0.0,0.0,0.0,0.0,0.0,0.0,0.0,0.0,0,0,0,0,0,0.0
H2_30,G,False,4-4-2,2,0,0,0,0,0,4,4,2,0,74,2,3,0.0,0.0,0.0,0.0,0.0,0,2,2,2,0,0,2.0,0.3333333333333333,0.6666666666666666,0.0,0.0,0.5,0.0,0.0,0.0,0.0,0.0,0.0,0.0,0.0,0.0,0.0,0.0,0.0,0,0,0,0,0,0.0
H1_15,D,False,4-4-2,0,0,0,0,0,0,4,4,2,0,14,6,1,0.0,0.0,1.0,0.0,0.0,0,0,0,4,0,2,2.0,0.0,0.6666666666666666,0.3333333333333333,0.0,0.0,0.0,14.703132758369579,44.10939827510874,0.0,0.0,0.0,3.0,0.0,0.0,0.0,0.0,0.0,0,0,0,0,0,0.0
H1_30,D,False,4-4-2,2,0,0,0,0,0,4,4,2,0,29,10,4,0.0,0.0,1.0,0.0,1.0,0,0,2,4,0,3,2.0,0.0,0.6666666666666666,0.3333333333333333,0.0,0.0,0.0,11.511333333333333,34.534,0.0,0.7505678783549867,0.0,3.0,2.0,0.0,0.0,1.0,0.0,0,0,0,0,0,0.0
H1_45,D,False,4-4-2,4,0,0,0,0,0,4,4,2,0,44,19,7,0.0,6.592059259259261,2.0,0.0,1.0,0,1,4,7,0,6,2.0,0.05555555555555555,0.6111111111111112,0.3333333333333333,0.0,0.07142857142857142,0.0,15.52725244750364,69.87263601376638,0.04717196627561387,0.4790107471652953,0.0,4.5,1.0,0.5,0.5,0.5,0.0,0,0,0,0,0,0.0
H2_15,D,False,4-4-2,6,0,0,0,0,0,4,4,2,0,59,24,8,0.0,16.463961428571427,2.0,0.0,1.0,0,3,5,11,1,8,2.0,0.10714285714285714,0.5714285714285714,0.32142857142857145,0.0,0.13636363636363635,0.16666666666666666,13.658152089372189,68.29076044686094,0.12054311096288436,0.4803219181186729,0.0,5.0,1.0,1.0,1.0,0.5,0.0,0,0,0,0,0,0.0
H2_30,D,False,4-4-2,8,0,0,0,0,0,4,4,2,0,74,25,9,0.0,0.0,2.0,0.0,2.0,0,3,5,13,3,10,2.0,0.08823529411764706,0.5294117647058824,0.38235294117647056,0.0,0.11538461538461539,0.375,9.967186083721906,29.901558251165717,0.0,0.5469137406085915,0.0,3.0,1.0,0.0,0.0,1.0,0.0,0,0,0,0,0,0.0
H1_15,D,False,4-4-2,2,0,0,0,0,0,4,4,2,0,14,5,1,0.0,0.0,2.0,0.0,2.0,0,0,1,3,1,3,2.0,0.0,0.5,0.5,0.0,0.0,0.5,14.21364987295114,56.85459949180456,0.0,0.27136469784375433,0.0,4.0,1.0,0.0,0.0,1.0,0.0,0,0,0,0,0,0.0
H1_30,D,False,4-4-2,3,0,0,0,0,0,4,4,2,0,29,7,3,0.0,16.81787826086957,1.0,0.0,1.0,0,1,1,4,2,4,2.0,0.08333333333333333,0.4166666666666667,0.5,0.0,0.1111111111111111,0.6666666666666666,13.21885630985677,26.43771261971354,0.3180660615912958,0.33733417061955173,0.0,2.0,0.5,0.5,0.5,0.5,0.0,0,0,0,0,0,0.0
H1_45,D,False,4-4-2,4,0,0,0,0,0,4,4,2,0,44,17,3,24.00534025974026,10.79986794871795,2.0,1.0,1.0,1,3,1,10,2,5,2.0,0.18181818181818182,0.5,0.3181818181818182,0.25,0.16666666666666666,0.5,13.330814907130735,66.65407453565368,0.2610883764490698,0.18007406469127146,24.00534025974026,5.0,0.5,1.5,0.5,0.5,0.5,0,0,0,0,0,0.0
H2_15,D,False,4-4-2,5,0,0,0,0,0,4,4,2,0,59,24,4,8.348519999999999,47.35893980676329,2.0,1.0,1.0,2,7,1,14,2,7,2.0,0.2727272727272727,0.45454545454545453,0.2727272727272727,0.4,0.25,0.4,13.087379101460193,71.98058505803107,0.38696170475588443,0.05799147084779448,8.348519999999999,5.5,0.5,2.5,1.0,0.5,0.5,0,0,0,0,0,0.0
H2_30,D,False,4-4-2,7,0,0,0,0,0,4,4,2,0,74,25,6,0.0,30.801860029785775,2.0,1.0,2.0,2,10,2,19,3,9,2.0,0.26666666666666666,0.4666666666666667,0.26666666666666666,0.2857142857142857,0.2631578947368421,0.42857142857142855,15.28261703935795,91.6957022361477,0.16795694497469732,0.26511497767141895,0.0,6.0,1.0,1.5,1.0,1.0,0.5,0,0,0,0,0,0.0
H1_15,D,False,4-4-2,0,0,0,0,0,0,4,4,2,0,14,4,1,0.0,8.52635789473684,1.0,0.0,0.0,0,1,0,1,0,2,1.0,0.25,0.25,0.5,0.0,0.25,0.0,15.43929311328785,61.7571724531514,0.1380626339589119,0.0,0.0,4.0,0.0,1.0,1.0,0.0,0.0,0,0,0,0,0,0.0
H1_30,D,False,4-4-2,3,0,0,0,0,0,4,4,2,0,29,8,2,0.0,0.0,1.0,0.0,1.0,0,1,1,5,2,4,2.0,0.07692307692307693,0.46153846153846156,0.46153846153846156,0.0,0.1,0.6666666666666666,15.373203020659226,69.17941359296651,0.0,0.37799180503776925,0.0,4.5,1.5,0.0,0.0,1.0,0.0,0,0,0,0,0,0.0
H1_45,D,False,4-4-2,6,0,0,0,0,0,4,4,2,0,44,19,3,0.0,13.991354385964913,1.0,0.0,1.0,0,2,3,7,3,6,2.0,0.09523809523809523,0.47619047619047616,0.42857142857142855,0.0,0.13333333333333333,0.5,16.537843480417166,66.15137392166866,0.10575256080495313,0.670218488782193,0.0,4.0,1.5,0.5,0.5,0.5,0.0,0,0,0,0,0,0.0
H2_15,D,False,4-4-2,8,0,0,0,0,0,4,4,2,0,59,29,4,0.0,9.91848,1.0,0.0,1.0,0,3,4,10,4,8,2.0,0.10344827586206896,0.4827586206896552,0.41379310344827586,0.0,0.14285714285714285,0.5,15.100507331341312,120.8040586507305,0.08210386398255357,0.552783864453922,0.0,8.0,2.0,1.0,1.0,1.0,0.0,0,0,0,0,0,0.0
H2_30,D,False,4-4-2,9,0,0,0,0,0,4,4,2,0,74,32,5,0.0,0.0,1.0,0.0,1.0,0,3,5,12,4,11,2.0,0.08571428571428572,0.4857142857142857,0.42857142857142855,0.0,0.11538461538461539,0.4444444444444444,11.817296781542902,35.45189034462871,0.0,0.29405189824393524,0.0,3.0,0.5,0.0,0.0,0.5,0.0,0,0,0,0,0,0.0
H1_15,M,False,4-4-2,0,0,0,0,0,0,4,4,2,0,14,4,2,0.0,14.238115254237291,2.0,0.0,0.0,0,1,0,2,0,5,2.0,0.125,0.25,0.625,0.0,0.125,0.0,19.87048511395423,79.48194045581693,0.08956824136768586,0.0,0.0,4.0,0.0,0.5,0.5,0.0,0.0,0,0,0,0,0,0.0
H1_30,M,False,4-4-2,0,0,0,0,0,0,4,4,2,0,29,7,3,0.0,0.0,1.0,0.0,0.0,0,1,0,3,0,7,2.0,0.09090909090909091,0.2727272727272727,0.6363636363636364,0.0,0.09090909090909091,0.0,22.295821965994065,66.8874658979822,0.0,0.0,0.0,3.0,0.0,0.0,0.0,0.0,0.0,0,0,0,0,0,0.0
H1_45,M,False,4-4-2,2,0,0,0,0,0,4,4,2,0,44,17,3,12.071776744186048,63.11940524608494,2.0,1.0,2.0,1,6,1,5,0,7,2.0,0.35,0.3,0.35,0.5,0.3333333333333333,0.0,12.148907245565024,54.67008260504261,0.6876812546039172,0.2889838996649593,12.071776744186048,4.5,1.0,3.0,1.0,1.0,0.5,0,0,0,0,0,0.0
H2_15,M,False,4-4-2,2,0,0,0,0,0,4,4,2,0,59,28,3,0.0,88.47074463469998,2.0,1.0,0.0,1,13,1,8,0,9,2.0,0.4375,0.28125,0.28125,0.5,0.43333333333333335,0.0,12.465312509665283,74.7918750579917,0.5914462270540887,0.0,0.0,6.0,0.0,3.5,1.0,0.0,0.5,0,0,0,0,0,0.0
H2_30,M,False,4-4-2,5,0,0,0,0,0,4,4,2,0,74,30,3,14.719215686274511,25.183900582187537,2.0,1.0,2.0,2,16,3,11,0,13,2.0,0.4,0.3111111111111111,0.28888888888888886,0.4,0.4,0.0,12.715899615631303,82.65334750160346,0.24138838579821548,0.2867543788913921,14.719215686274511,6.5,1.5,2.0,1.0,1.0,0.5,0,0,0,0,0,0.0
H1_15,A,False,4-4-2,1,0,0,0,0,1,4,4,2,0,14,6,0,0.0,39.086223624020406,2.0,1.0,1.0,0,4,1,6,0,0,2.0,0.36363636363636365,0.6363636363636364,0.0,0.0,0.4,0.0,13.482211832617908,74.1521650793985,0.26355416313312496,0.12154740701340047,0.0,5.5,0.5,2.0,1.0,0.5,0.5,0,0,0,0,0,0.0
H1_30,A,False,4-4-2,3,1,0,1,1,1,4,4,2,0,29,11,0,0.0,61.07854945465302,2.0,2.0,1.0,0,8,3,8,0,3,2.0,0.36363636363636365,0.5,0.13636363636363635,0.0,0.42105263157894735,0.0,13.078239132656728,71.930315229612,0.4245675085649314,0.20439884221584073,0.0,5.5,1.0,2.0,1.0,0.5,1.0,1,1,1,0,1,1.0
H1_45,A,False,4-4-2,5,1,0,1,1,1,4,4,2,0,44,20,0,12.578035809523808,91.80005351628094,1.0,1.0,1.0,2,17,3,9,0,3,2.0,0.5588235294117647,0.35294117647058826,0.08823529411764706,0.4,0.5862068965517241,0.0,9.666098933178764,57.99659359907258,0.8998639648335642,0.10843771184627765,6.289017904761904,6.0,1.0,5.5,1.0,0.5,0.5,1,1,1,0,1,1.0
H2_15,A,False,4-4-2,5,2,0,2,2,1,4,4,2,0,59,29,0,0.0,44.17151323771103,2.0,1.0,0.0,2,20,3,11,0,3,2.0,0.5641025641025641,0.358974358974359,0.07692307692307693,0.4,0.5882352941176471,0.0,14.18102345634387,35.45255864085968,0.6229665069477187,0.0,0.0,2.5,0.0,1.5,1.0,0.0,0.5,2,1,2,1,2,1.0
H2_30,A,False,4-4-2,6,3,1,3,3,0,4,4,2,0,74,30,0,6.819840000000002,45.64397593406594,2.0,2.0,1.0,3,24,3,13,0,4,2.0,0.574468085106383,0.3404255319148936,0.0851063829787234,0.5,0.5853658536585366,0.0,13.050461507142012,52.20184602856805,0.5025092015458086,0.06532182785516596,6.819840000000002,4.0,0.5,2.5,1.0,0.5,1.0,3,1,2,1,3,1.0
H2_15,M,False,4-4-2,0,1,0,1,1,0,4,4,2,0,14,13,1,0.0,21.031228235294115,1.0,0.0,0.0,0,1,0,4,0,0,2.0,0.2,0.8,0.0,0.0,0.2,0.0,13.624807331641566,34.062018329103914,0.3087196423901313,0.0,0.0,2.5,0.0,0.5,0.5,0.0,0.0,1,0,0,0,1,1.0
H2_30,M,False,4-4-2,0,1,0,1,1,0,4,4,2,0,29,16,1,0.0,8.630871794871796,2.0,0.0,0.0,0,2,0,7,0,3,2.0,0.16666666666666666,0.5833333333333334,0.25,0.0,0.16666666666666666,0.0,10.295256084874554,36.03339629706094,0.11976211905919859,0.0,0.0,3.5,0.0,0.5,0.5,0.0,0.0,1,0,0,0,1,1.0
H1_15,M,False,4-4-2,0,0,0,0,0,0,4,4,2,0,14,3,0,0.0,91.22293353626233,2.0,2.0,0.0,0,7,0,4,0,2,2.0,0.5384615384615384,0.3076923076923077,0.15384615384615385,0.0,0.5384615384615384,0.0,13.032152979820346,84.70899436883225,0.5384489227853874,0.0,0.0,6.5,0.0,3.5,1.0,0.0,1.0,0,0,0,0,0,0.0
H1_30,M,False,4-4-2,1,0,0,0,0,0,4,4,2,0,29,5,0,0.0,24.893993745232645,2.0,0.0,1.0,0,9,1,7,0,4,2.0,0.42857142857142855,0.38095238095238093,0.19047619047619047,0.0,0.45,0.0,12.130102499649608,48.52040999859843,0.25653115612534744,0.16112447225345541,0.0,4.0,0.5,1.0,1.0,0.5,0.0,0,0,0,0,0,0.0
H1_45,M,False,4-4-2,2,1,0,0,1,0,4,4,2,0,44,11,0,19.56210967741935,59.748291319740794,2.0,1.0,1.0,1,15,1,8,0,4,2.0,0.5517241379310345,0.3103448275862069,0.13793103448275862,0.5,0.5555555555555556,0.0,11.23337621160154,44.93350484640616,0.88253076705526,0.21767843109821372,19.56210967741935,4.0,0.5,3.5,1.0,0.5,0.5,1,0,1,0,0,0.0
H2_15,M,False,4-4-2,2,1,0,0,1,0,4,4,2,0,59,19,0,0.0,142.38225011733002,2.0,2.0,0.0,1,22,1,10,0,6,2.0,0.575,0.275,0.15,0.5,0.5789473684210527,0.0,15.892714227542386,87.40992825148312,0.8144512469320907,0.0,0.0,5.5,0.0,3.5,1.0,0.0,1.0,1,0,1,0,0,0.0
H2_30,A,False,4-4-2,2,1,1,0,1,0,4,4,2,0,13,3,0,20.994252941176473,39.23180250329381,2.0,1.0,1.0,1,2,1,6,0,3,2.0,0.23076923076923078,0.5384615384615384,0.23076923076923078,0.5,0.18181818181818182,0.0,14.006597010296703,91.04288056692857,0.33075653510433556,0.20026790780115233,20.994252941176473,6.5,1.0,1.5,0.5,0.5,0.5,1,0,0,0,0,0.0
H1_15,M,False,4-4-2,2,0,0,0,0,0,4,4,2,0,14,5,1,12.286269767441858,66.0979457587706,2.0,1.0,2.0,1,5,1,4,0,2,2.0,0.46153846153846156,0.38461538461538464,0.15384615384615385,0.5,0.45454545454545453,0.0,15.862917571713776,103.10896421613954,0.38010378691178365,0.12995912927766623,12.286269767441858,6.5,1.0,3.0,1.0,1.0,0.5,0,0,0,0,0,0.0
H1_30,M,False,4-4-2,2,0,0,0,0,0,4,4,2,0,29,11,1,0.0,0.0,1.0,0.0,0.0,1,5,1,6,0,4,2.0,0.35294117647058826,0.4117647058823529,0.23529411764705882,0.5,0.3333333333333333,0.0,10.016631076737273,40.06652430694909,0.0,0.0,0.0,4.0,0.0,0.0,0.0,0.0,0.0,0,0,0,0,0,0.0
H1_45,M,False,4-4-2,3,1,0,1,1,0,4,4,2,0,44,13,2,0.0,42.332777539673174,1.0,1.0,1.0,1,9,2,7,0,4,2.0,0.43478260869565216,0.391304347826087,0.17391304347826086,0.3333333333333333,0.45,0.0,13.737204775130712,41.211614325392134,0.5136025151238767,0.3722789268680163,0.0,3.0,0.5,2.0,1.0,0.5,0.5,1,0,1,1,1,1.0
H2_30,D,False,4-4-2,3,0,0,0,0,0,4,4,2,0,13,1,1,0.0,0.0,2.0,0.0,1.0,0,0,2,5,1,4,2.0,0.0,0.5833333333333334,0.4166666666666667,0.0,0.0,0.3333333333333333,13.52730980150026,81.16385880900157,0.0,0.579656259592579,0.0,6.0,1.5,0.0,0.0,0.5,0.0,0,0,0,0,0,0.0
H2_30,M,False,4-4-2,1,0,0,0,0,0,4,4,2,0,5,0,0,0.0,12.372162962962964,1.0,0.0,1.0,0,1,0,1,1,1,2.0,0.25,0.25,0.5,0.0,0.3333333333333333,1.0,14.92263061469032,29.84526122938064,0.20727181558028057,0.25921282612825924,0.0,2.0,0.5,0.5,0.5,0.5,0.0,0,0,0,0,0,0.0
H1_15,M,False,4-4-2,3,0,0,0,0,1,4,4,2,0,14,2,0,20.585643750000003,10.462613333333334,2.0,0.0,2.0,1,1,1,4,1,4,2.0,0.16666666666666666,0.4166666666666667,0.4166666666666667,0.3333333333333333,0.1111111111111111,0.3333333333333333,11.813060347670202,70.87836208602121,0.21902493348852894,0.2760180506805621,20.585643750000003,6.0,1.5,1.0,1.0,1.0,0.0,0,0,0,0,0,0.0
H1_30,M,False,4-4-2,6,0,0,0,0,1,4,4,2,0,29,5,1,21.10727272727273,18.71676286266925,2.0,1.0,2.0,2,3,3,5,1,4,2.0,0.2777777777777778,0.4444444444444444,0.2777777777777778,0.3333333333333333,0.25,0.16666666666666666,16.441384447793336,49.32415334338001,0.4036971026415694,0.7292463088037544,21.10727272727273,3.0,1.5,1.5,1.0,1.0,0.5,0,0,0,0,0,0.0
H1_45,M,False,4-4-2,8,2,0,2,2,1,4,4,2,0,44,12,1,54.74536425000001,13.903385749385748,1.0,1.0,1.0,4,5,3,7,1,4,2.0,0.375,0.4166666666666667,0.20833333333333334,0.5,0.3125,0.125,14.489806959117482,43.46942087735245,0.7896211706279221,0.6296997193091468,27.372682125000004,3.0,1.0,2.0,0.5,0.5,0.5,2,0,1,2,2,1.0
H2_15,M,False,4-4-2,9,3,0,3,3,1,4,4,2,0,59,18,1,40.8755584,31.900302381557758,1.0,1.0,1.0,5,8,3,10,1,5,2.0,0.40625,0.40625,0.1875,0.5555555555555556,0.34782608695652173,0.1111111111111111,14.376687289646288,57.50674915858515,0.6327593008332404,0.3553979228357904,40.8755584,4.0,0.5,2.0,0.5,0.5,0.5,3,0,1,2,3,1.0
H2_30,M,False,4-4-2,11,3,0,3,3,1,4,4,2,0,74,21,1,25.83664197530864,23.946912,2.0,1.0,1.0,6,9,3,12,2,9,2.0,0.36585365853658536,0.36585365853658536,0.2682926829268293,0.5454545454545454,0.3,0.18181818181818182,12.957610166971705,58.30924575137267,0.42689245362204564,0.2937700090884427,25.83664197530864,4.5,1.0,1.0,0.5,0.5,0.5,3,0,1,2,3,1.0
H1_15,A,False,4-4-2,2,0,0,0,0,0,4,4,2,0,14,1,0,9.92761142857143,102.26112645883609,2.0,2.0,1.0,1,9,1,5,0,2,2.0,0.5555555555555556,0.3333333333333333,0.1111111111111111,0.5,0.5625,0.0,11.23478414584142,101.11305731257278,0.5547687947986593,0.12030688918195521,9.92761142857143,9.0,1.0,5.0,1.0,0.5,1.0,0,0,0,0,0,0.0
H1_30,A,False,4-4-2,2,0,0,0,0,0,4,4,2,0,29,2,0,0.0,41.10602339393939,2.0,1.0,0.0,1,12,1,11,0,5,2.0,0.43333333333333335,0.4,0.16666666666666666,0.5,0.42857142857142855,0.0,10.177980297254111,61.06788178352466,0.33656008849016006,0.0,0.0,6.0,0.0,1.5,0.5,0.0,0.5,0,0,0,0,0,0.0
H1_45,A,False,4-4-2,3,1,0,1,1,0,4,4,2,0,44,12,0,0.0,91.806946363731,2.0,2.0,1.0,1,20,2,14,0,5,2.0,0.5,0.38095238095238093,0.11904761904761904,0.3333333333333333,0.5128205128205128,0.0,15.083772936137285,90.5026376168237,0.5072059156575611,0.0632262936433989,0.0,6.0,0.5,4.0,1.0,0.5,1.0,1,0,0,1,1,1.0
H2_15,A,False,4-4-2,5,1,0,1,1,0,4,4,2,0,59,20,0,0.0,81.41673411100554,2.0,2.0,1.0,1,27,4,19,0,6,2.0,0.49122807017543857,0.40350877192982454,0.10526315789473684,0.2,0.5192307692307693,0.0,11.805266553293384,88.53949914970038,0.4597763421574599,0.20421934989659274,0.0,7.5,1.0,3.5,1.0,0.5,1.0,1,0,0,1,1,1.0
H1_15,D,False,4-4-2,3,0,0,0,0,0,4,4,2,0,14,3,3,0.0,6.820258064516128,2.0,0.0,2.0,0,1,1,5,2,3,2.0,0.08333333333333333,0.5,0.4166666666666667,0.0,0.1111111111111111,0.6666666666666666,16.12569317655668,96.75415905934008,0.035245296588920845,0.3369539656753452,0.0,6.0,1.5,0.5,0.5,1.0,0.0,0,0,0,0,0,0.0
H1_30,D,False,4-4-2,4,0,0,0,0,0,4,4,2,0,29,4,4,0.0,16.345540298507462,2.0,0.0,1.0,0,2,1,7,3,4,2.0,0.11764705882352941,0.47058823529411764,0.4117647058823529,0.0,0.15384615384615385,0.75,17.60136052774147,44.00340131935368,0.18573041865423173,0.20345828727401125,0.0,2.5,0.5,0.5,0.5,0.5,0.0,0,0,0,0,0,0.0
H1_45,D,False,4-4-2,6,0,0,0,0,0,4,4,2,0,44,10,5,9.89302857142857,62.90372045331063,2.0,1.0,2.0,1,10,1,12,4,6,2.0,0.3235294117647059,0.38235294117647056,0.29411764705882354,0.16666666666666666,0.35714285714285715,0.6666666666666666,11.69510124769283,99.40836060538906,0.3661500329620806,0.10933161078492824,9.89302857142857,8.5,1.0,4.5,1.0,1.0,0.5,0,0,0,0,0,0.0
H2_15,D,False,4-4-2,10,0,0,0,0,0,4,4,2,0,59,18,5,43.06262100000001,69.9331953073593,2.0,2.0,2.0,4,17,2,17,4,7,2.0,0.4117647058823529,0.37254901960784315,0.21568627450980393,0.4,0.4146341463414634,0.4,12.099815493052049,102.84843169094242,0.5493317421062364,0.2429751634433602,14.354207000000002,8.5,2.0,5.0,1.0,1.0,1.0,0,0,0,0,0,0.0
H1_15,D,True,4-3-3,4,0,0,0,0,0,4,3,3,0,14,2,4,0.0,64.6641068433732,2.0,2.0,1.0,0,5,3,3,1,6,2.0,0.2777777777777778,0.3333333333333333,0.3888888888888889,0.0,0.35714285714285715,0.25,13.823959873242435,124.41563885918191,0.25987129687354804,0.3741131268366469,0.0,9.0,2.0,2.5,1.0,0.5,1.0,0,0,0,0,0,0.0
H1_30,D,True,4-3-3,4,0,0,0,0,0,4,3,3,0,29,4,5,0.0,22.226077924528298,2.0,1.0,0.0,0,7,3,6,1,7,2.0,0.2916666666666667,0.375,0.3333333333333333,0.0,0.35,0.25,11.300915378877967,33.9027461366339,0.32779170505765787,0.0,0.0,3.0,0.0,1.0,0.5,0.0,0.5,0,0,0,0,0,0.0
H1_45,D,True,4-3-3,4,0,0,0,0,0,4,3,3,0,44,6,5,0.0,9.12921081081081,2.0,0.0,0.0,0,8,3,11,1,8,2.0,0.25806451612903225,0.45161290322580644,0.2903225806451613,0.0,0.2962962962962963,0.25,11.936153900662791,41.77653865231977,0.10926241265208171,0.0,0.0,3.5,0.0,0.5,0.5,0.0,0.0,0,0,0,0,0,0.0
H2_15,D,True,4-3-3,5,0,0,0,0,0,4,3,3,0,59,11,8,0.0,18.925699869281047,1.0,1.0,1.0,0,10,4,11,1,12,2.0,0.2631578947368421,0.39473684210526316,0.34210526315789475,0.0,0.30303030303030304,0.2,16.925275273456094,118.47692691419266,0.1597416506505782,0.08299337479542697,0.0,7.0,1.0,2.0,1.0,1.0,1.0,0,0,0,0,0,0.0
H2_30,D,True,4-3-3,6,0,0,0,0,0,4,3,3,0,74,13,12,0.0,0.0,2.0,0.0,1.0,0,10,5,13,1,18,2.0,0.2127659574468085,0.3829787234042553,0.40425531914893614,0.0,0.24390243902439024,0.16666666666666666,11.796385783138517,53.083736024123326,0.0,0.33462112853361026,0.0,4.5,0.5,0.0,0.0,0.5,0.0,0,0,0,0,0,0.0
H1_15,M,True,4-3-3,3,0,0,0,0,0,4,3,3,0,14,5,0,0.0,10.190257142857144,2.0,0.0,1.0,0,1,2,7,1,4,2.0,0.06666666666666667,0.6,0.3333333333333333,0.0,0.08333333333333333,0.3333333333333333,11.794730517476895,88.46047888107671,0.057597795488743525,0.3610846113964521,0.0,7.5,1.5,0.5,0.5,0.5,0.0,0,0,0,0,0,0.0
H1_30,M,True,4-3-3,3,0,0,0,0,0,4,3,3,0,29,14,0,0.0,0.0,1.0,0.0,0.0,0,1,2,8,1,5,2.0,0.058823529411764705,0.5882352941176471,0.35294117647058826,0.0,0.07142857142857142,0.3333333333333333,17.608985000000004,35.21797000000001,0.0,0.0,0.0,2.0,0.0,0.0,0.0,0.0,0.0,0,0,0,0,0,0.0
H1_45,M,True,4-3-3,4,0,0,0,0,0,4,3,3,0,44,15,1,0.0,21.19634053475935,1.0,1.0,1.0,0,3,3,10,1,6,2.0,0.13043478260869565,0.5652173913043478,0.30434782608695654,0.0,0.15789473684210525,0.25,11.650806303212498,69.90483781927499,0.3032170761851742,0.41348167690402016,0.0,6.0,1.0,2.0,1.0,1.0,1.0,0,0,0,0,0,0.0
H2_15,M,True,4-3-3,5,0,0,0,0,0,4,3,3,0,59,19,3,0.0,44.61885111798719,1.0,1.0,1.0,0,7,4,14,1,8,2.0,0.20588235294117646,0.5294117647058824,0.2647058823529412,0.0,0.2413793103448276,0.2,14.749333978024701,162.2426737582717,0.2750130411710647,0.17959448452578627,0.0,11.0,1.0,4.0,1.0,1.0,1.0,0,0,0,0,0,0.0
H2_30,M,True,4-3-3,5,1,0,1,0,0,4,3,3,0,74,22,3,0.0,9.910718181818185,1.0,0.0,0.0,0,8,4,16,1,9,2.0,0.21052631578947367,0.5263157894736842,0.2631578947368421,0.0,0.24242424242424243,0.2,13.312229994652405,26.62445998930481,0.18612054828153085,0.0,0.0,2.0,0.0,0.5,0.5,0.0,0.0,0,0,0,0,0,0.0
H1_15,D,True,4-3-3,3,0,0,0,0,0,4,3,3,0,14,13,0,0.0,64.25635457898957,1.0,1.0,1.0,0,3,2,2,1,2,2.0,0.3,0.4,0.3,0.0,0.42857142857142855,0.3333333333333333,18.88636417201253,94.43182086006266,0.340226175847071,0.46484453672238907,0.0,5.0,1.5,1.5,1.0,0.5,0.5,0,0,0,0,0,0.0
H1_30,D,True,4-3-3,6,0,0,0,0,0,4,3,3,0,29,22,2,0.0,14.271714285714284,1.0,0.0,1.0,0,4,4,4,2,3,2.0,0.23529411764705882,0.47058823529411764,0.29411764705882354,0.0,0.36363636363636365,0.3333333333333333,14.339795341387177,50.18928369485512,0.142178899907046,0.6320647399463395,0.0,3.5,1.5,0.5,0.5,0.5,0.0,0,0,0,0,0,0.0
H1_45,D,True,4-3-3,6,0,0,0,0,0,4,3,3,0,44,24,3,0.0,23.94660094117647,1.0,1.0,0.0,0,6,4,7,2,4,2.0,0.2608695652173913,0.4782608695652174,0.2608695652173913,0.0,0.35294117647058826,0.3333333333333333,13.19952153334866,79.19712920009196,0.3023670325306269,0.0,0.0,6.0,0.0,2.0,1.0,0.0,1.0,0,0,0,0,0,0.0
H2_15,D,True,4-3-3,8,0,0,0,0,0,4,3,3,0,59,29,4,0.0,7.542303030303029,1.0,0.0,1.0,0,7,5,10,3,5,2.0,0.23333333333333334,0.5,0.26666666666666666,0.0,0.3181818181818182,0.375,15.851945191665134,110.96361634165594,0.06797095551644917,0.5260633469888448,0.0,7.0,2.0,1.0,1.0,1.0,0.0,0,0,0,0,0,0.0
H2_30,D,True,4-3-3,9,0,0,0,0,0,4,3,3,0,74,32,6,0.0,0.0,2.0,0.0,1.0,0,7,6,13,3,5,2.0,0.20588235294117646,0.5588235294117647,0.23529411764705882,0.0,0.28,0.3333333333333333,10.963467750131523,21.926935500263045,0.0,0.18574163396145113,0.0,2.0,0.5,0.0,0.0,0.5,0.0,0,0,0,0,0,0.0
H1_15,D,True,4-3-3,4,0,0,0,0,0,4,3,3,0,14,7,0,34.025653846153844,29.082612495175077,2.0,1.0,2.0,1,3,1,4,2,4,2.0,0.26666666666666666,0.3333333333333333,0.4,0.25,0.2727272727272727,0.5,15.846019510108187,118.8451463258114,0.2655062839853761,0.40934732297219306,34.025653846153844,7.5,2.0,2.0,1.0,1.0,0.5,0,0,0,0,0,0.0
H1_30,D,True,4-3-3,7,0,0,0,0,0,4,3,3,0,29,14,0,0.0,29.037277192982458,2.0,1.0,1.0,1,6,2,7,4,6,2.0,0.2692307692307692,0.34615384615384615,0.38461538461538464,0.14285714285714285,0.3157894736842105,0.5714285714285714,13.509004643390773,74.29952553864925,0.1954068816891556,0.3215088046030495,0.0,5.5,1.5,1.5,1.0,0.5,0.5,0,0,0,0,0,0.0
H1_45,D,True,4-3-3,10,0,0,0,0,0,4,3,3,0,44,18,1,43.428820392156865,28.203127684729058,2.0,2.0,2.0,3,10,3,13,4,7,2.0,0.325,0.4,0.275,0.3,0.3333333333333333,0.4,10.04821176381445,70.33748234670115,0.5092018201888732,0.4699925072710305,21.714410196078433,7.0,1.5,3.0,1.0,1.0,1.0,0,0,0,0,0,0.0
H2_15,D,True,4-3-3,15,0,0,0,0,0,4,3,3,0,59,20,3,34.43686545454546,32.77434573202236,2.0,2.0,2.0,4,14,3,18,8,11,2.0,0.3103448275862069,0.3620689655172414,0.3275862068965517,0.26666666666666666,0.32558139534883723,0.5333333333333333,14.310952032934884,128.79856829641395,0.2609159871711056,0.5142112383609614,34.43686545454546,9.0,2.5,2.5,1.0,1.0,1.0,0,0,0,0,0,0.0
H2_30,D,True,4-3-3,16,0,0,0,0,0,4,3,3,0,74,25,6,0.0,5.3859840000000005,1.0,0.0,1.0,4,15,3,21,9,14,2.0,0.2878787878787879,0.36363636363636365,0.3484848484848485,0.25,0.3,0.5625,12.541571789869948,50.16628715947979,0.05368130974969138,0.3733371153698741,0.0,4.0,0.5,0.5,0.5,0.5,0.0,0,0,0,0,0,0.0
H2_30,M,True,4-3-3,0,0,0,0,0,0,4,3,3,0,2,0,0,0.0,0.0,0.0,0.0,0.0,0,0,0,0,0,1,1.0,0.0,0.0,1.0,0.0,0.0,0.0,19.99841012658228,19.99841012658228,0.0,0.0,0.0,1.0,0.0,0.0,0.0,0.0,0.0,0,0,0,0,0,0.0
H1_15,A,True,4-3-3,5,0,0,0,0,0,4,3,3,0,14,4,0,60.72837838882922,29.62641234119782,2.0,2.0,2.0,4,3,0,6,1,3,2.0,0.4117647058823529,0.35294117647058826,0.23529411764705882,0.8,0.25,0.2,14.222370933705708,120.89015293649852,0.3737061643783709,0.3284169335301751,15.182094597207305,8.5,2.5,3.5,1.0,1.0,1.0,0,0,0,0,0,0.0
H1_30,A,True,4-3-3,7,3,1,3,3,0,4,3,3,0,29,15,0,20.281739130434783,35.293339997721574,2.0,1.0,1.0,5,7,1,11,1,4,2.0,0.41379310344827586,0.41379310344827586,0.1724137931034483,0.7142857142857143,0.3181818181818182,0.14285714285714285,12.091251352043466,72.5475081122608,0.38302541723527483,0.1948940332987062,20.281739130434783,6.0,1.0,2.5,0.5,0.5,0.5,3,0,0,1,3,1.0
H1_45,A,True,4-3-3,8,4,1,4,4,0,4,3,3,0,44,18,0,34.803898181818184,19.586074999999997,2.0,1.0,1.0,6,8,1,14,1,6,2.0,0.3888888888888889,0.4166666666666667,0.19444444444444445,0.75,0.2857142857142857,0.125,17.012968861481028,59.5453910151836,0.4567101857467791,0.29224678508655244,34.803898181818184,3.5,0.5,1.0,0.5,0.5,0.5,4,1,0,2,4,1.0
H2_15,A,True,4-3-3,10,4,1,4,4,0,4,3,3,0,59,21,0,14.769776,49.1364844982991,2.0,2.0,1.0,7,12,2,17,1,7,2.0,0.41304347826086957,0.41304347826086957,0.17391304347826086,0.7,0.3333333333333333,0.1,17.54417912753628,87.72089563768141,0.36425905158478294,0.23532149598090354,14.769776,5.0,1.0,2.5,1.0,0.5,1.0,4,1,0,2,4,1.0
H1_15,M,True,4-3-3,1,0,0,0,0,0,4,3,3,0,14,7,0,13.98404347826087,9.840354545454549,1.0,0.0,0.0,1,1,0,2,0,3,2.0,0.2857142857142857,0.2857142857142857,0.42857142857142855,1.0,0.16666666666666666,0.0,20.642739841580333,72.24958944553117,0.16487566369962964,0.09677593731382664,13.98404347826087,3.5,0.5,1.0,1.0,0.5,0.0,0,0,0,0,0,0.0
H1_30,M,True,4-3-3,2,0,0,0,0,0,4,3,3,0,29,10,0,9.794788235294115,6.479970370370371,1.0,1.0,1.0,2,2,0,6,0,3,2.0,0.3076923076923077,0.46153846153846156,0.23076923076923078,1.0,0.18181818181818182,0.0,15.055109388378627,45.16532816513588,0.18016871864807277,0.1084326034284738,9.794788235294115,3.0,0.5,1.0,0.5,0.5,0.5,0,0,0,0,0,0.0
H1_45,M,True,4-3-3,2,0,0,0,0,0,4,3,3,0,44,11,0,0.0,14.486073983739837,1.0,1.0,0.0,2,4,0,8,0,4,2.0,0.3333333333333333,0.4444444444444444,0.2222222222222222,1.0,0.25,0.0,11.621602366580657,58.10801183290329,0.2492956397371901,0.0,0.0,5.0,0.0,2.0,1.0,0.0,1.0,0,0,0,0,0,0.0
H2_15,M,True,4-3-3,5,0,0,0,0,0,4,3,3,0,59,14,0,10.803891891891892,19.6398275862069,2.0,1.0,1.0,3,6,1,16,1,8,2.0,0.2571428571428571,0.4857142857142857,0.2571428571428571,0.6,0.2,0.2,11.822812016268319,100.49390213828072,0.15147048144377903,0.1391790383922886,10.803891891891892,8.5,1.5,1.5,0.5,0.5,0.5,0,0,0,0,0,0.0
H2_30,M,True,4-3-3,8,1,1,0,1,0,4,3,3,0,74,19,0,0.0,35.13735657726692,2.0,1.0,2.0,3,8,4,18,1,9,2.0,0.2558139534883721,0.5116279069767442,0.23255813953488372,0.375,0.22857142857142856,0.125,18.03794875181495,72.1517950072598,0.24349606668643137,0.508511761779533,0.0,4.0,1.5,1.0,0.5,1.0,0.5,1,0,0,0,0,0.0
H1_15,A,True,4-3-3,1,0,0,0,0,0,4,3,3,0,14,4,0,17.614603636363633,58.659137263811346,2.0,2.0,1.0,1,5,0,1,0,0,2.0,0.8571428571428571,0.14285714285714285,0.0,1.0,0.8333333333333334,0.0,11.634220128596425,40.71977045008749,0.9365688958594204,0.2162905566714189,17.614603636363633,3.5,0.5,3.0,1.0,0.5,1.0,0,0,0,0,0,0.0
H1_30,A,True,4-3-3,1,0,0,0,0,0,4,3,3,0,29,8,1,0.0,59.70717293976136,2.0,2.0,0.0,1,10,0,2,0,0,2.0,0.8461538461538461,0.15384615384615385,0.0,1.0,0.8333333333333334,0.0,11.165126803091539,33.49538040927462,0.8912747401314615,0.0,0.0,3.0,0.0,2.5,1.0,0.0,1.0,0,0,0,0,0,0.0
H1_45,A,True,4-3-3,4,0,0,0,0,0,4,3,3,0,44,9,1,18.505535852534564,53.146309077875536,2.0,2.0,2.0,3,14,1,5,0,0,2.0,0.7391304347826086,0.2608695652173913,0.0,0.75,0.7368421052631579,0.0,11.792234491187099,58.96117245593549,0.6076188951632445,0.31704599198919814,9.252767926267282,5.0,1.5,3.0,1.0,1.0,1.0,0,0,0,0,0,0.0
H2_15,A,True,4-3-3,6,0,0,0,0,0,4,3,3,0,59,10,1,6.873216000000001,55.75410685714286,2.0,2.0,1.0,4,19,2,6,0,1,2.0,0.71875,0.25,0.03125,0.6666666666666666,0.7307692307692307,0.0,13.753715269484474,61.89171871268013,0.5059426701969421,0.3384676871899031,6.873216000000001,4.5,1.0,3.0,1.0,0.5,1.0,0,0,0,0,0,0.0
H2_30,A,True,4-3-3,9,1,0,1,1,0,4,3,3,0,74,14,2,0.0,58.202589762701066,2.0,1.0,2.0,4,24,4,8,1,4,2.0,0.6222222222222222,0.26666666666666666,0.1111111111111111,0.4444444444444444,0.6666666666666666,0.1111111111111111,12.194532699595872,79.26446254737317,0.3671417675223353,0.34950439957518187,0.0,6.5,1.5,2.5,1.0,1.0,0.5,1,0,0,1,1,1.0
H1_15,D,True,4-3-3,2,0,0,0,0,0,4,3,3,0,14,10,1,0.0,17.147436619718313,1.0,0.0,1.0,0,1,1,3,1,5,1.0,0.09090909090909091,0.36363636363636365,0.5454545454545454,0.0,0.1111111111111111,0.5,14.37477550918146,158.12253060099604,0.10844398046593304,0.20112508392046805,0.0,11.0,2.0,1.0,1.0,1.0,0.0,0,0,0,0,0,0.0
H1_30,D,True,4-3-3,3,0,0,0,0,0,4,3,3,0,29,20,1,0.0,22.007444573322285,1.0,1.0,1.0,0,3,2,4,1,7,1.0,0.17647058823529413,0.35294117647058826,0.47058823529411764,0.0,0.21428571428571427,0.3333333333333333,16.41309733413144,98.47858400478864,0.2234744213244592,0.1549973704728048,0.0,6.0,1.0,2.0,1.0,1.0,1.0,0,0,0,0,0,0.0
H1_45,D,True,4-3-3,3,0,0,0,0,0,4,3,3,0,44,23,1,0.0,0.0,1.0,0.0,0.0,0,3,2,6,1,8,2.0,0.15,0.4,0.45,0.0,0.17647058823529413,0.3333333333333333,10.78822503919463,16.182337558791946,0.0,0.0,0.0,1.5,0.0,0.0,0.0,0.0,0.0,0,0,0,0,0,0.0
H2_15,D,True,4-3-3,5,0,0,0,0,0,4,3,3,0,59,25,3,0.0,0.0,2.0,0.0,1.0,0,3,3,6,2,12,2.0,0.11538461538461539,0.34615384615384615,0.5384615384615384,0.0,0.14285714285714285,0.4,15.425671401265385,46.277014203796156,0.0,0.38526481555399017,0.0,3.0,1.0,0.0,0.0,0.5,0.0,0,0,0,0,0,0.0
H2_30,D,True,4-3-3,7,0,0,0,0,0,4,3,3,0,74,29,3,0.0,6.253076923076923,1.0,0.0,1.0,0,4,5,7,2,14,2.0,0.125,0.375,0.5,0.0,0.16,0.2857142857142857,10.87116450881336,32.61349352644008,0.09586640753477532,0.5018472806391497,0.0,3.0,1.0,0.5,0.5,0.5,0.0,0,0,0,0,0,0.0
H1_15,G,True,4-3-3,0,0,0,0,0,0,4,3,3,0,14,2,0,0.0,0.0,0.0,0.0,0.0,0,0,0,0,0,0,0.0,0.0,0.0,0.0,0.0,0.0,0.0,0.0,0.0,0.0,0.0,0.0,0.0,0.0,0.0,0.0,0.0,0.0,0,0,0,0,0,0.0
H1_30,G,True,4-3-3,0,0,0,0,0,0,4,3,3,0,29,3,1,0.0,0.0,0.0,0.0,0.0,0,0,0,0,0,0,0.0,0.0,0.0,0.0,0.0,0.0,0.0,0.0,0.0,0.0,0.0,0.0,0.0,0.0,0.0,0.0,0.0,0.0,0,0,0,0,0,0.0
H1_45,G,True,4-3-3,0,0,0,0,0,0,4,3,3,0,44,7,4,0.0,0.0,0.0,0.0,0.0,0,0,0,0,0,0,0.0,0.0,0.0,0.0,0.0,0.0,0.0,0.0,0.0,0.0,0.0,0.0,0.0,0.0,0.0,0.0,0.0,0.0,0,0,0,0,0,0.0
H2_15,G,True,4-3-3,0,0,0,0,0,0,4,3,3,0,59,8,5,0.0,0.0,0.0,0.0,0.0,0,0,0,0,0,0,0.0,0.0,0.0,0.0,0.0,0.0,0.0,0.0,0.0,0.0,0.0,0.0,0.0,0.0,0.0,0.0,0.0,0.0,0,0,0,0,0,0.0
H2_30,G,True,4-3-3,0,0,0,0,0,0,4,3,3,0,74,8,7,0.0,0.0,0.0,0.0,0.0,0,0,0,0,0,0,0.0,0.0,0.0,0.0,0.0,0.0,0.0,0.0,0.0,0.0,0.0,0.0,0.0,0.0,0.0,0.0,0.0,0.0,0,0,0,0,0,0.0
H1_15,A,True,4-3-3,4,0,0,0,0,1,4,3,3,0,14,0,0,42.67096343178621,82.77677459319438,1.0,1.0,1.0,3,8,1,3,0,0,2.0,0.7333333333333333,0.26666666666666666,0.0,0.75,0.7272727272727273,0.0,12.434458028693605,93.25843521520204,0.6725811865462834,0.32942062706504127,14.223654477262071,7.5,2.0,5.5,1.0,1.0,0.5,0,0,0,0,0,0.0
H1_30,A,True,4-3-3,7,1,0,1,1,1,4,3,3,0,29,4,0,50.961639130434776,145.90807150043304,2.0,2.0,1.0,6,18,1,6,0,0,2.0,0.7741935483870968,0.22580645161290322,0.0,0.8571428571428571,0.75,0.0,14.306921031312356,114.45536825049885,0.8600282959205358,0.22262668806804814,16.98721304347826,8.0,1.5,6.5,1.0,0.5,1.0,1,1,0,0,1,1.0
H1_45,A,True,4-3-3,10,1,0,1,1,1,4,3,3,0,44,6,0,25.391219047619046,97.50328861252667,2.0,2.0,2.0,8,25,2,12,0,0,2.0,0.7021276595744681,0.2978723404255319,0.0,0.8,0.6756756756756757,0.0,12.186767868007514,97.49414294406012,0.6302661059888476,0.16861953379752762,12.695609523809523,8.0,1.5,4.5,1.0,1.0,1.0,1,1,0,0,1,1.0
H2_15,A,True,4-3-3,17,2,1,2,2,0,4,3,3,0,59,9,0,106.6240953146462,131.5519502215728,2.0,2.0,2.0,15,37,2,15,0,0,2.0,0.7536231884057971,0.2463768115942029,0.0,0.8823529411764706,0.7115384615384616,0.0,12.655627254023027,139.2118997942533,0.8554442755548509,0.3829561103333483,15.232013616378028,11.0,3.5,9.5,1.0,1.0,1.0,2,1,0,0,2,1.0
H2_30,A,True,4-3-3,19,3,1,2,3,0,4,3,3,0,74,11,0,12.644345454545457,62.26664707934609,2.0,2.0,1.0,16,41,3,22,0,2,2.0,0.6785714285714286,0.2976190476190476,0.023809523809523808,0.8421052631578947,0.6307692307692307,0.0,15.077598909101152,113.08199181825864,0.33122423530656336,0.12165842388105229,12.644345454545457,7.5,1.0,2.5,1.0,0.5,1.0,3,1,0,0,2,0.6666666666666666
H1_15,M,True,4-3-3,5,0,0,0,0,1,4,3,3,0,14,5,1,75.0497452942546,67.37185206271207,2.0,2.0,2.0,3,6,1,3,1,1,2.0,0.6,0.26666666666666666,0.13333333333333333,0.6,0.6,0.2,18.092165107041907,135.6912383028143,0.5248002713304621,0.48976560150581716,25.016581764751535,7.5,2.5,4.5,1.0,1.0,1.0,0,0,0,0,0,0.0
H1_30,M,True,4-3-3,7,0,0,0,0,1,4,3,3,0,29,10,1,0.0,27.893203333333332,1.0,0.0,1.0,3,7,2,5,2,1,2.0,0.5,0.35,0.15,0.42857142857142855,0.5384615384615384,0.2857142857142857,22.07405780377948,110.3702890188974,0.2527238406393727,0.5120074217116518,0.0,5.0,2.0,1.0,1.0,1.0,0.0,0,0,0,0,0,0.0
H1_45,M,True,4-3-3,10,1,1,0,1,0,4,3,3,0,44,15,1,18.2959,77.00828518619657,2.0,2.0,1.0,4,13,3,10,3,3,2.0,0.4722222222222222,0.3611111111111111,0.16666666666666666,0.4,0.5,0.3,13.270741827884759,106.16593462307807,0.44884541131086886,0.26505200898581066,18.2959,8.0,1.5,3.5,1.0,0.5,1.0,1,0,0,0,0,0.0
H2_15,M,True,4-3-3,13,2,1,1,2,0,4,3,3,0,59,17,3,49.549384375,51.895012351223656,2.0,2.0,2.0,6,19,3,13,4,7,2.0,0.4807692307692308,0.3076923076923077,0.21153846153846154,0.46153846153846156,0.48717948717948717,0.3076923076923077,12.617234311591343,100.93787449273074,0.502509079154076,0.38292633126588543,24.7746921875,8.0,1.5,4.0,1.0,1.0,1.0,2,0,0,0,1,0.5
H1_15,G,False,4-2-4,0,0,0,0,0,0,4,2,4,0,14,1,1,0.0,0.0,0.0,0.0,0.0,0,0,0,0,0,0,0.0,0.0,0.0,0.0,0.0,0.0,0.0,0.0,0.0,0.0,0.0,0.0,0.0,0.0,0.0,0.0,0.0,0.0,0,0,0,0,0,0.0
H1_30,G,False,4-2-4,0,0,0,0,0,0,4,2,4,0,29,2,1,0.0,0.0,0.0,0.0,0.0,0,0,0,0,0,0,0.0,0.0,0.0,0.0,0.0,0.0,0.0,0.0,0.0,0.0,0.0,0.0,0.0,0.0,0.0,0.0,0.0,0.0,0,0,0,0,0,0.0
H1_45,G,False,4-2-4,0,0,0,0,0,0,4,2,4,0,44,3,3,0.0,0.0,0.0,0.0,0.0,0,0,0,1,0,0,1.0,0.0,1.0,0.0,0.0,0.0,0.0,5.318643478260871,5.318643478260871,0.0,0.0,0.0,1.0,0.0,0.0,0.0,0.0,0.0,0,0,0,0,0,0.0
H2_15,G,False,4-2-4,0,0,0,0,0,0,4,2,4,0,59,4,3,0.0,0.0,0.0,0.0,0.0,0,0,0,1,0,0,1.0,0.0,1.0,0.0,0.0,0.0,0.0,0.0,0.0,0.0,0.0,0.0,0.0,0.0,0.0,0.0,0.0,0.0,0,0,0,0,0,0.0
H2_30,G,False,4-2-4,0,0,0,0,0,0,4,2,4,0,74,4,3,0.0,0.0,0.0,0.0,0.0,0,0,0,1,0,0,1.0,0.0,1.0,0.0,0.0,0.0,0.0,0.0,0.0,0.0,0.0,0.0,0.0,0.0,0.0,0.0,0.0,0.0,0,0,0,0,0,0.0
H1_15,D,False,4-2-4,3,0,0,0,0,0,4,2,4,0,14,5,2,0.0,34.06314474842313,2.0,1.0,2.0,0,3,1,2,2,3,2.0,0.2727272727272727,0.2727272727272727,0.45454545454545453,0.0,0.375,0.6666666666666666,11.616172725178966,63.88894998848431,0.2665808778713913,0.2726150596530394,0.0,5.5,1.5,1.5,0.5,1.0,0.5,0,0,0,0,0,0.0
H1_30,D,False,4-2-4,4,0,0,0,0,0,4,2,4,0,29,10,2,0.0,14.513625,2.0,0.0,1.0,0,4,2,6,2,6,2.0,0.2,0.4,0.4,0.0,0.25,0.5,9.959374942620164,44.817187241790734,0.16192030215660727,0.10967731073593735,0.0,4.5,0.5,0.5,0.5,0.5,0.0,0,0,0,0,0,0.0
H1_45,D,False,4-2-4,6,0,0,0,0,0,4,2,4,0,44,18,2,38.15133913043478,12.146511999999998,2.0,0.0,1.0,1,5,3,8,2,8,2.0,0.2222222222222222,0.4074074074074074,0.37037037037037035,0.16666666666666666,0.23809523809523808,0.3333333333333333,17.99976401171591,62.99917404100569,0.39919452830997665,0.42984443086580576,38.15133913043478,3.5,1.0,1.0,1.0,0.5,0.0,0,0,0,0,0,0.0
H2_15,D,False,4-2-4,7,0,0,0,0,0,4,2,4,0,59,24,3,0.0,55.392458170207576,2.0,1.0,1.0,1,9,4,14,2,11,2.0,0.24390243902439024,0.43902439024390244,0.3170731707317073,0.14285714285714285,0.2647058823529412,0.2857142857142857,16.368333500584164,114.57833450408916,0.24172309018957983,0.1664013708874729,0.0,7.0,0.5,2.0,0.5,0.5,0.5,0,0,0,0,0,0.0
H2_30,D,False,4-2-4,9,0,0,0,0,0,4,2,4,0,74,29,5,18.44368236453202,33.362838536795145,2.0,2.0,2.0,3,13,4,16,2,12,2.0,0.32,0.4,0.28,0.3333333333333333,0.3170731707317073,0.2222222222222222,9.734450961825466,43.8050293282146,0.5913307409653855,0.2105201462866335,9.22184118226601,4.5,1.0,3.0,1.0,1.0,1.0,0,0,0,0,0,0.0
H1_15,D,False,4-2-4,1,0,0,0,0,0,4,2,4,0,14,1,2,0.0,39.43582979127135,2.0,1.0,1.0,0,3,0,2,1,4,2.0,0.3,0.2,0.5,0.0,0.3333333333333333,1.0,9.532990261786614,47.66495130893307,0.41367743707188614,0.08784679766469397,0.0,5.0,0.5,1.5,0.5,0.5,0.5,0,0,0,0,0,0.0
H1_30,D,False,4-2-4,4,0,0,0,0,0,4,2,4,0,29,1,2,0.0,0.0,2.0,0.0,1.0,0,3,2,7,2,5,2.0,0.15789473684210525,0.47368421052631576,0.3684210526315789,0.0,0.2,0.5,16.164697207654037,72.74113743444316,0.0,0.2527790131557859,0.0,4.5,1.5,0.0,0.0,0.5,0.0,0,0,0,0,0,0.0
H1_45,D,False,4-2-4,5,0,0,0,0,0,4,2,4,0,44,3,2,0.0,0.0,2.0,0.0,1.0,0,3,2,9,3,8,2.0,0.12,0.44,0.44,0.0,0.15,0.6,13.295074827906197,39.88522448371859,0.0,0.24237737948353372,0.0,3.0,0.5,0.0,0.0,0.5,0.0,0,0,0,0,0,0.0
H2_15,D,False,4-2-4,7,1,0,1,1,0,4,2,4,0,59,5,3,0.0,80.21692768727961,2.0,2.0,1.0,0,8,3,11,4,11,2.0,0.21621621621621623,0.3783783783783784,0.40540540540540543,0.0,0.26666666666666666,0.5714285714285714,15.48684123910644,92.92104743463864,0.4316402467573603,0.2393194048406849,0.0,6.0,1.0,2.5,1.0,0.5,1.0,1,1,1,0,1,1.0
H1_15,D,False,4-2-4,1,0,0,0,0,0,4,2,4,0,14,11,3,0.0,0.0,2.0,0.0,1.0,0,0,0,1,1,3,2.0,0.0,0.2,0.8,0.0,0.0,1.0,13.34126684832214,33.35316712080535,0.0,0.11233982294148069,0.0,2.5,0.5,0.0,0.0,0.5,0.0,0,0,0,0,0,0.0
H1_30,D,False,4-2-4,2,0,0,0,0,0,4,2,4,0,29,17,3,0.0,0.0,2.0,0.0,1.0,0,0,0,3,2,4,2.0,0.0,0.3333333333333333,0.6666666666666666,0.0,0.0,1.0,10.842506498787687,21.685012997575374,0.0,0.22371183813399034,0.0,2.0,0.5,0.0,0.0,0.5,0.0,0,0,0,0,0,0.0
H1_45,D,False,4-2-4,3,0,0,0,0,0,4,2,4,0,44,26,4,0.0,11.878039215686272,2.0,0.0,1.0,0,1,1,8,2,10,2.0,0.045454545454545456,0.4090909090909091,0.5454545454545454,0.0,0.05263157894736842,0.6666666666666666,13.590018190636652,88.33511823913824,0.06723282570093127,0.08541003886957091,0.0,6.5,0.5,0.5,0.5,0.5,0.0,0,0,0,0,0,0.0
H2_15,D,False,4-2-4,5,0,0,0,0,0,4,2,4,0,59,34,5,0.0,30.727575576036863,2.0,1.0,2.0,0,4,1,9,4,15,2.0,0.12121212121212122,0.30303030303030304,0.5757575757575758,0.0,0.14285714285714285,0.8,14.222364310457992,78.22300370751896,0.19641009753939725,0.17229496927370608,0.0,5.5,1.0,1.5,1.0,1.0,0.5,0,0,0,0,0,0.0
H2_30,D,False,4-2-4,6,0,0,0,0,0,4,2,4,0,74,42,7,0.0,47.44541958333333,2.0,1.0,1.0,0,6,2,15,4,16,2.0,0.13953488372093023,0.3953488372093023,0.46511627906976744,0.0,0.16216216216216217,0.6666666666666666,15.072822783549887,75.36411391774944,0.3147746129883124,0.11947839449370425,0.0,5.0,0.5,1.0,0.5,0.5,0.5,0,0,0,0,0,0.0
H1_15,M,False,4-2-4,5,0,0,0,0,0,4,2,4,0,14,5,1,14.910067924528304,29.601252237442928,2.0,1.0,2.0,1,2,1,8,3,3,2.0,0.16666666666666666,0.5,0.3333333333333333,0.2,0.15384615384615385,0.6,13.00457761550854,117.04119853957685,0.19015235967068453,0.4220896730982417,14.910067924528304,9.0,2.5,1.5,0.5,1.0,0.5,0,0,0,0,0,0.0
H1_30,M,False,4-2-4,7,1,1,1,1,0,4,2,4,0,29,10,3,5.960181818181818,44.01626127659575,2.0,1.0,1.0,2,4,2,11,3,6,2.0,0.21428571428571427,0.4642857142857143,0.32142857142857145,0.2857142857142857,0.19047619047619047,0.42857142857142855,13.552624687450981,67.7631234372549,0.3687584084066987,0.1357792005528229,5.960181818181818,5.0,1.0,1.5,0.5,0.5,0.5,1,0,0,0,1,1.0
H1_45,M,False,4-2-4,7,1,1,1,1,0,4,2,4,0,44,16,3,0.0,0.0,2.0,0.0,0.0,2,4,2,15,3,13,2.0,0.15384615384615385,0.4358974358974359,0.41025641025641024,0.2857142857142857,0.125,0.42857142857142855,15.307480897026153,84.19114493364384,0.0,0.0,0.0,5.5,0.0,0.0,0.0,0.0,0.0,1,0,0,0,1,1.0
H2_15,M,False,4-2-4,9,1,1,1,1,0,4,2,4,0,59,19,3,15.639346153846152,88.1601756295961,2.0,1.0,2.0,3,9,3,20,3,15,2.0,0.22641509433962265,0.4339622641509434,0.33962264150943394,0.3333333333333333,0.20454545454545456,0.3333333333333333,13.895682787742828,97.2697795141998,0.5335651129356637,0.12215103365862277,15.639346153846152,7.0,1.0,3.0,1.0,1.0,0.5,1,0,0,0,1,1.0
H1_15,A,False,4-2-4,5,1,1,1,1,0,4,2,4,0,14,3,0,25.925642857142854,33.439690317460304,2.0,1.0,1.0,1,3,3,4,1,4,2.0,0.25,0.4375,0.3125,0.2,0.2727272727272727,0.2,14.281881531224125,114.255052249793,0.2597930332429161,0.540553973986241,25.925642857142854,8.0,2.5,2.0,0.5,0.5,0.5,1,1,0,0,1,1.0
H1_30,A,False,4-2-4,6,1,1,1,1,0,4,2,4,0,29,5,0,12.920327272727272,0.0,2.0,0.0,1.0,2,3,3,11,1,5,2.0,0.2,0.56,0.24,0.3333333333333333,0.15789473684210525,0.16666666666666666,11.474748042140202,51.63636618963091,0.12510879663063704,0.12510879663063704,12.920327272727272,4.5,0.5,0.5,0.5,0.5,0.0,1,1,0,0,1,1.0
H1_45,A,False,4-2-4,8,1,1,1,1,0,4,2,4,0,44,9,0,0.0,20.625328977272726,2.0,0.0,1.0,2,5,4,17,2,5,2.0,0.2,0.6,0.2,0.25,0.18518518518518517,0.25,11.467112044739899,51.60200420132954,0.19985007652804798,0.10411223523487831,0.0,5.0,1.0,1.0,1.0,0.5,0.0,1,1,0,0,1,1.0
H2_15,A,False,4-2-4,12,1,1,1,1,0,4,2,4,0,59,13,0,24.364435443037976,57.88543068568858,1.0,1.0,1.0,3,9,7,20,2,8,2.0,0.24489795918367346,0.5510204081632653,0.20408163265306123,0.25,0.24324324324324326,0.16666666666666666,15.937272010745117,111.56090407521582,0.36863212435636333,0.3848755402653807,24.364435443037976,7.0,2.0,2.5,0.5,0.5,0.5,1,1,0,0,1,1.0
H2_30,A,False,4-2-4,17,1,1,1,1,0,4,2,4,0,74,16,0,14.803788505747125,35.12001093167702,2.0,1.0,2.0,5,13,10,29,2,10,2.0,0.2608695652173913,0.5652173913043478,0.17391304347826086,0.29411764705882354,0.25,0.11764705882352941,10.199867718314334,101.99867718314333,0.24472768086876098,0.34632612098765614,7.4018942528735625,10.0,2.5,3.0,1.0,1.0,0.5,1,1,0,0,1,1.0
H2_30,A,False,4-2-4,2,0,0,0,0,0,4,2,4,0,10,1,0,0.0,94.80699239074985,2.0,2.0,2.0,0,7,2,2,0,1,2.0,0.5833333333333334,0.3333333333333333,0.08333333333333333,0.0,0.7,0.0,14.673065801819648,88.0383948109179,0.5384411687330797,0.223342946220704,0.0,6.0,1.0,3.5,1.0,1.0,1.0,0,0,0,0,0,0.0
H1_15,A,False,4-2-4,5,0,0,0,0,0,4,2,4,0,14,1,0,21.07465294117647,39.33994642091881,2.0,2.0,2.0,1,4,4,8,0,3,2.0,0.25,0.6,0.15,0.2,0.26666666666666666,0.0,13.36365484515851,133.6365484515851,0.22604070541369436,0.432759198401424,21.07465294117647,10.0,2.5,2.5,1.0,1.0,1.0,0,0,0,0,0,0.0
H1_30,A,False,4-2-4,11,0,0,0,0,0,4,2,4,0,29,1,0,47.08668932968536,0.0,1.0,1.0,1.0,3,4,6,12,2,6,2.0,0.21212121212121213,0.5454545454545454,0.24242424242424243,0.2727272727272727,0.18181818181818182,0.18181818181818182,11.615733567409434,75.50226818816132,0.31182301180899163,0.6429952803453185,23.54334466484268,6.5,3.0,1.0,0.5,0.5,0.5,0,0,0,0,0,0.0
H1_45,A,False,4-2-4,12,0,0,0,0,0,4,2,4,0,44,3,0,23.049086419753085,25.270242331581464,2.0,1.0,1.0,4,8,6,15,2,6,2.0,0.2926829268292683,0.5121951219512195,0.1951219512195122,0.3333333333333333,0.27586206896551724,0.16666666666666666,13.9396410562914,55.7585642251656,0.4332906471211333,0.2066865130052103,23.049086419753085,4.0,0.5,2.5,0.5,0.5,0.5,0,0,0,0,0,0.0
H2_15,A,False,4-2-4,17,0,0,0,0,0,4,2,4,0,59,9,0,86.33151708932577,59.47550859575348,2.0,2.0,2.0,7,13,8,17,2,7,2.0,0.37037037037037035,0.46296296296296297,0.16666666666666666,0.4117647058823529,0.35135135135135137,0.11764705882352941,16.050387961115092,104.3275217472481,0.6987946384767127,0.5282229299139435,28.77717236310859,6.5,2.5,4.0,1.0,1.0,1.0,0,0,0,0,0,0.0
H1_15,D,False,4-2-4,1,0,0,0,0,0,4,2,4,0,14,6,2,0.0,0.0,1.0,0.0,1.0,0,0,0,0,1,2,2.0,0.0,0.0,1.0,0.0,0.0,1.0,15.164103906809226,22.74615586021384,0.0,0.34782445347645885,0.0,1.5,0.5,0.0,0.0,0.5,0.0,0,0,0,0,0,0.0
H1_30,D,False,4-2-4,1,0,0,0,0,0,4,2,4,0,29,7,5,0.0,0.0,1.0,0.0,0.0,0,0,0,2,1,2,2.0,0.0,0.4,0.6,0.0,0.0,1.0,9.574243902439024,19.148487804878048,0.0,0.0,0.0,2.0,0.0,0.0,0.0,0.0,0.0,0,0,0,0,0,0.0
H1_45,D,False,4-2-4,1,0,0,0,0,0,4,2,4,0,44,14,6,0.0,0.0,1.0,0.0,0.0,0,0,0,3,1,5,2.0,0.0,0.3333333333333333,0.6666666666666666,0.0,0.0,1.0,12.685877417385482,25.371754834770964,0.0,0.0,0.0,2.0,0.0,0.0,0.0,0.0,0.0,0,0,0,0,0,0.0
H2_15,D,False,4-2-4,3,0,0,0,0,0,4,2,4,0,59,22,8,0.0,0.0,1.0,0.0,1.0,0,0,1,5,2,6,2.0,0.0,0.42857142857142855,0.5714285714285714,0.0,0.0,0.6666666666666666,18.560810708078353,92.80405354039176,0.0,0.4903024482980861,0.0,5.0,2.0,0.0,0.0,1.0,0.0,0,0,0,0,0,0.0
H2_30,D,False,4-2-4,3,0,0,0,0,0,4,2,4,0,74,31,8,0.0,0.0,1.0,0.0,0.0,0,0,1,8,2,7,2.0,0.0,0.5,0.5,0.0,0.0,0.6666666666666666,12.821974604936658,51.28789841974663,0.0,0.0,0.0,4.0,0.0,0.0,0.0,0.0,0.0,0,0,0,0,0,0.0
H1_15,M,False,4-2-4,2,0,0,0,0,0,4,2,4,0,14,5,0,8.054731034482758,10.462983333333334,2.0,1.0,2.0,1,1,0,2,1,3,2.0,0.25,0.25,0.5,0.5,0.16666666666666666,0.5,11.775530404914571,47.102121619658284,0.19656985429810914,0.1810695351710413,8.054731034482758,4.0,1.0,1.0,0.5,1.0,0.5,0,0,0,0,0,0.0
H1_30,M,False,4-2-4,3,0,0,0,0,0,4,2,4,0,29,6,0,0.0,0.0,1.0,0.0,1.0,1,1,0,3,2,4,2.0,0.18181818181818182,0.2727272727272727,0.5454545454545454,0.3333333333333333,0.125,0.6666666666666666,12.820261688277464,38.46078506483239,0.0,0.4749190964129422,0.0,3.0,1.0,0.0,0.0,1.0,0.0,0,0,0,0,0,0.0
H1_45,M,False,4-2-4,6,0,0,0,0,0,4,2,4,0,44,16,2,0.0,7.515870967741935,2.0,0.0,2.0,1,2,1,6,4,4,2.0,0.16666666666666666,0.3888888888888889,0.4444444444444444,0.16666666666666666,0.16666666666666666,0.6666666666666666,14.211179552085868,49.73912843230054,0.07555290175592558,0.6491022140355739,0.0,3.5,1.5,0.5,0.5,1.0,0.0,0,0,0,0,0,0.0
H2_15,M,False,4-2-4,8,0,0,0,0,0,4,2,4,0,59,24,2,0.0,0.0,2.0,0.0,2.0,1,2,1,9,6,7,2.0,0.11538461538461539,0.38461538461538464,0.5,0.125,0.1111111111111111,0.75,10.450794845248096,41.80317938099238,0.0,0.3083570920483447,0.0,4.0,1.0,0.0,0.0,1.0,0.0,0,0,0,0,0,0.0
H2_30,M,False,4-2-4,9,1,0,0,1,0,4,2,4,0,74,32,3,0.0,0.0,1.0,0.0,1.0,1,2,1,12,7,9,2.0,0.09375,0.40625,0.5,0.1111111111111111,0.08695652173913043,0.7777777777777778,14.942487973402564,44.82746392020769,0.0,0.14227611189604236,0.0,3.0,0.5,0.0,0.0,0.5,0.0,1,1,0,0,0,0.0
H2_30,M,False,4-2-4,0,0,0,0,0,0,4,2,4,0,2,0,0,0.0,43.98776310473153,1.0,1.0,0.0,0,3,0,0,0,0,2.0,1.0,0.0,0.0,0.0,1.0,0.0,14.662587701577175,21.993881552365764,1.0,0.0,0.0,1.5,0.0,1.5,1.0,0.0,0.5,0,0,0,0,0,0.0
H2_30,A,False,4-2-4,0,0,0,0,0,0,4,2,4,0,10,7,0,0.0,16.64377230769231,2.0,0.0,0.0,0,2,0,2,0,0,2.0,0.5,0.5,0.0,0.0,0.5,0.0,9.224681713286714,18.449363426573427,0.4510663030172508,0.0,0.0,2.0,0.0,1.0,1.0,0.0,0.0,0,0,0,0,0,0.0
H1_15,A,False,4-2-4,3,0,0,0,0,0,4,2,4,0,14,4,1,15.765340740740744,39.153424393939396,2.0,1.0,1.0,1,3,2,4,0,4,2.0,0.2857142857142857,0.42857142857142855,0.2857142857142857,0.3333333333333333,0.2727272727272727,0.0,15.27811768821752,106.94682381752264,0.25675734525966354,0.3642792776762797,15.765340740740744,7.0,1.5,2.0,0.5,0.5,0.5,0,0,0,0,0,0.0
H1_30,A,False,4-2-4,7,0,0,0,0,0,4,2,4,0,29,6,1,10.891631578947369,5.971584,2.0,1.0,2.0,2,4,5,10,0,4,2.0,0.24,0.6,0.16,0.2857142857142857,0.2222222222222222,0.0,10.224409884711035,56.23425436591069,0.14993722037479243,0.5418236050265324,10.891631578947369,5.5,2.0,1.0,0.5,1.0,0.5,0,0,0,0,0,0.0
H1_45,A,False,4-2-4,8,0,0,0,0,0,4,2,4,0,44,8,1,0.0,27.42236666666667,2.0,1.0,1.0,2,6,6,14,0,9,2.0,0.21621621621621623,0.5405405405405406,0.24324324324324326,0.25,0.20689655172413793,0.0,12.370242643935045,74.22145586361027,0.1847334193838649,0.16084530679974562,0.0,6.0,0.5,1.0,0.5,0.5,0.5,0,0,0,0,0,0.0
H2_15,A,False,4-2-4,11,0,0,0,0,0,4,2,4,0,59,10,1,62.08471632860954,78.01398714771493,2.0,2.0,1.0,5,14,6,17,0,9,2.0,0.37254901960784315,0.45098039215686275,0.17647058823529413,0.45454545454545453,0.35,0.0,11.713480643913286,81.994364507393,0.8543191005748481,0.37859136235522434,20.694905442869846,7.0,1.5,5.5,1.0,0.5,1.0,0,0,0,0,0,0.0
H2_30,A,False,4-2-4,14,1,1,1,1,0,4,2,4,0,74,16,1,20.474421003861003,18.590887277521425,1.0,1.0,1.0,7,16,6,20,1,12,2.0,0.3709677419354839,0.41935483870967744,0.20967741935483872,0.5,0.3333333333333333,0.07142857142857142,10.945482215404462,60.200152184724544,0.32446187313206687,0.2550989279660166,10.237210501930502,5.5,1.5,2.0,0.5,0.5,0.5,1,0,0,0,1,1.0
H1_15,A,False,4-2-4,1,0,0,0,0,0,4,2,4,0,14,2,0,10.810317948717948,40.909009453734676,2.0,1.0,1.0,1,3,0,5,0,1,2.0,0.4,0.5,0.1,1.0,0.3333333333333333,0.0,12.911397076920116,64.55698538460058,0.40057111631168074,0.08372694205216591,10.810317948717948,5.0,0.5,2.0,0.5,0.5,0.5,0,0,0,0,0,0.0
H1_30,A,False,4-2-4,2,0,0,0,0,0,4,2,4,0,29,4,0,0.0,0.0,2.0,0.0,1.0,1,3,1,8,0,4,2.0,0.23529411764705882,0.5294117647058824,0.23529411764705882,0.5,0.2,0.0,11.214821228492978,39.25187429972542,0.0,0.19082890410955847,0.0,3.5,0.5,0.0,0.0,0.5,0.0,0,0,0,0,0,0.0
H1_45,A,False,4-2-4,4,0,0,0,0,0,4,2,4,0,44,6,1,0.0,15.170120634920636,2.0,0.0,1.0,1,4,3,12,0,5,2.0,0.2,0.6,0.2,0.25,0.19047619047619047,0.0,10.980319449536738,43.92127779814695,0.17269671324954788,0.15578126008639645,0.0,4.0,1.0,0.5,0.5,0.5,0.0,0,0,0,0,0,0.0
H2_15,A,False,4-2-4,5,0,0,0,0,0,4,2,4,0,59,8,1,0.0,101.49310606102323,1.0,1.0,1.0,1,9,4,15,0,7,2.0,0.2777777777777778,0.5277777777777778,0.19444444444444445,0.2,0.2903225806451613,0.0,15.926991949225123,87.59845572073817,0.5793087630710116,0.18821991151839815,0.0,5.5,0.5,2.5,1.0,0.5,0.5,0,0,0,0,0,0.0
H2_30,A,True,4-3-3,0,0,0,0,0,0,4,3,3,0,2,0,0,0.0,0.0,0.0,0.0,0.0,0,0,0,0,0,1,1.0,0.0,0.0,1.0,0.0,0.0,0.0,22.869044444444445,22.869044444444445,0.0,0.0,0.0,1.0,0.0,0.0,0.0,0.0,0.0,0,0,0,0,0,0.0
H2_30,D,False,4-2-4,1,0,0,0,0,0,4,2,4,0,1,2,0,7.559259259259259,8.950461538461541,0.0,0.0,0.0,1,1,0,0,0,0,2.0,1.0,0.0,0.0,1.0,1.0,0.0,8.2548603988604,8.2548603988604,1.0,0.45786717727551335,7.559259259259259,1.0,0.5,1.0,1.0,0.5,0.0,0,0,0,0,0,0.0
H1_15,G,True,4-2-3-1,0,0,0,0,0,0,4,2,3,1,14,0,0,0.0,0.0,0.0,0.0,0.0,0,0,0,0,0,0,0.0,0.0,0.0,0.0,0.0,0.0,0.0,0.0,0.0,0.0,0.0,0.0,0.0,0.0,0.0,0.0,0.0,0.0,0,0,0,0,0,0.0
H1_30,G,True,4-2-3-1,0,0,0,0,0,0,4,2,3,1,29,0,1,0.0,0.0,0.0,0.0,0.0,0,0,0,0,0,0,0.0,0.0,0.0,0.0,0.0,0.0,0.0,0.0,0.0,0.0,0.0,0.0,0.0,0.0,0.0,0.0,0.0,0.0,0,0,0,0,0,0.0
H1_45,G,True,4-2-3-1,0,0,0,0,0,0,4,2,3,1,44,0,1,0.0,0.0,0.0,0.0,0.0,0,0,0,1,0,0,1.0,0.0,1.0,0.0,0.0,0.0,0.0,5.931081481481483,5.931081481481483,0.0,0.0,0.0,1.0,0.0,0.0,0.0,0.0,0.0,0,0,0,0,0,0.0
H2_15,G,True,4-2-3-1,0,0,0,0,0,0,4,2,3,1,59,1,1,0.0,0.0,0.0,0.0,0.0,0,0,0,1,0,1,2.0,0.0,0.5,0.5,0.0,0.0,0.0,5.58423076923077,5.58423076923077,0.0,0.0,0.0,1.0,0.0,0.0,0.0,0.0,0.0,0,0,0,0,0,0.0
H2_30,G,True,4-2-3-1,0,0,0,0,0,0,4,2,3,1,74,2,2,0.0,0.0,0.0,0.0,0.0,0,0,0,1,0,2,2.0,0.0,0.3333333333333333,0.6666666666666666,0.0,0.0,0.0,6.594942857142858,6.594942857142858,0.0,0.0,0.0,1.0,0.0,0.0,0.0,0.0,0.0,0,0,0,0,0,0.0
H1_15,D,True,4-2-3-1,1,0,0,0,0,0,4,2,3,1,14,15,0,0.0,0.0,2.0,0.0,1.0,0,0,0,1,1,4,2.0,0.0,0.16666666666666666,0.8333333333333334,0.0,0.0,1.0,11.336119499985289,34.00835849995587,0.0,0.1490393408238128,0.0,3.0,0.5,0.0,0.0,0.5,0.0,0,0,0,0,0,0.0
H1_30,D,True,4-2-3-1,2,0,0,0,0,0,4,2,3,1,29,24,0,0.0,11.703391666666668,1.0,0.0,1.0,0,1,1,2,1,4,2.0,0.1111111111111111,0.3333333333333333,0.5555555555555556,0.0,0.14285714285714285,0.5,19.91488213706407,59.74464641119221,0.19589021560389092,0.28363210794441207,0.0,3.0,1.0,1.0,1.0,1.0,0.0,0,0,0,0,0,0.0
H1_45,D,True,4-2-3-1,3,0,0,0,0,0,4,2,3,1,44,42,1,0.0,0.0,2.0,0.0,1.0,0,1,2,5,1,5,2.0,0.07142857142857142,0.5,0.42857142857142855,0.0,0.09090909090909091,0.3333333333333333,13.234050258044004,33.08512564511001,0.0,0.5251918880510155,0.0,2.5,0.5,0.0,0.0,0.5,0.0,0,0,0,0,0,0.0
H2_15,D,True,4-2-3-1,5,0,0,0,0,0,4,2,3,1,59,52,4,0.0,19.914728205128203,2.0,0.0,2.0,0,3,2,9,3,8,2.0,0.12,0.44,0.44,0.0,0.15,0.6,14.083686834570251,77.46027759013639,0.12854800437523928,0.1596535584193774,0.0,5.5,1.0,1.0,1.0,1.0,0.0,0,0,0,0,0,0.0
H2_30,D,True,4-2-3-1,6,0,0,0,0,0,4,2,3,1,74,60,4,0.0,15.318526984126985,2.0,0.0,1.0,0,4,2,14,4,8,2.0,0.125,0.5,0.375,0.0,0.15384615384615385,0.6666666666666666,12.016383335487964,42.057341674207876,0.18211477918397823,0.14564401258286064,0.0,3.5,0.5,0.5,0.5,0.5,0.0,0,0,0,0,0,0.0
H1_15,D,True,4-2-3-1,2,0,0,0,0,0,4,2,3,1,14,14,1,8.417346666666667,4.312333333333333,2.0,1.0,2.0,1,1,0,1,1,1,2.0,0.4,0.2,0.4,0.5,0.3333333333333333,0.5,11.10243050805009,27.756076270125224,0.22931339206798068,0.4537672476022675,8.417346666666667,2.5,1.0,1.0,0.5,1.0,0.5,0,0,0,0,0,0.0
H1_30,D,True,4-2-3-1,3,0,0,0,0,0,4,2,3,1,29,25,1,0.0,0.0,1.0,0.0,1.0,1,1,0,2,2,3,2.0,0.2222222222222222,0.2222222222222222,0.5555555555555556,0.3333333333333333,0.16666666666666666,0.6666666666666666,10.047278765650898,40.18911506260359,0.0,0.17177666114932275,0.0,4.0,1.0,0.0,0.0,1.0,0.0,0,0,0,0,0,0.0
H1_45,D,True,4-2-3-1,3,0,0,0,0,0,4,2,3,1,44,40,1,0.0,0.0,0.0,0.0,0.0,1,1,0,3,2,3,2.0,0.2,0.3,0.5,0.3333333333333333,0.14285714285714285,0.6666666666666666,8.576989473684211,8.576989473684211,0.0,0.0,0.0,1.0,0.0,0.0,0.0,0.0,0.0,0,0,0,0,0,0.0
H2_15,D,True,4-2-3-1,7,0,0,0,0,0,4,2,3,1,59,46,4,0.0,6.631733333333333,2.0,0.0,1.0,1,2,2,7,4,7,2.0,0.13043478260869565,0.391304347826087,0.4782608695652174,0.14285714285714285,0.125,0.5714285714285714,12.260352437632644,79.69229084461219,0.041608374304763066,0.4838798054420532,0.0,6.5,2.0,0.5,0.5,0.5,0.0,0,0,0,0,0,0.0
H2_30,D,True,4-2-3-1,8,1,0,1,0,0,4,2,3,1,74,58,4,0.0,0.0,1.0,0.0,1.0,1,2,2,9,5,11,2.0,0.1,0.36666666666666664,0.5333333333333333,0.125,0.09090909090909091,0.625,11.652371765156982,40.783301178049435,0.0,0.17402423059650657,0.0,3.5,0.5,0.0,0.0,0.5,0.0,1,0,1,0,1,1.0
H2_30,M,True,4-2-3-1,2,0,0,0,0,0,4,2,3,1,11,6,0,13.404551111111113,27.550131337850132,1.0,1.0,1.0,1,4,1,1,0,0,2.0,0.7142857142857143,0.2857142857142857,0.0,0.5,0.8,0.0,8.561542081453338,29.965397285086684,0.6833662517356939,0.44046131467100635,13.404551111111113,3.5,1.0,2.5,1.0,0.5,0.5,0,0,0,0,0,0.0
H1_15,M,True,4-2-3-1,0,0,0,0,0,0,4,2,3,1,14,10,1,0.0,50.76948133870923,2.0,1.0,0.0,0,3,0,7,0,1,2.0,0.2727272727272727,0.6363636363636364,0.09090909090909091,0.0,0.2727272727272727,0.0,11.301052977043879,62.15579137374134,0.40840507550964567,0.0,0.0,5.5,0.0,1.5,1.0,0.0,0.5,0,0,0,0,0,0.0
H1_30,M,True,4-2-3-1,2,0,0,0,0,0,4,2,3,1,29,23,1,9.752470588235294,31.924346421235164,1.0,1.0,1.0,1,7,1,9,0,3,2.0,0.38095238095238093,0.47619047619047616,0.14285714285714285,0.5,0.3684210526315789,0.0,11.825549988437333,59.12774994218666,0.3524302637105318,0.24731030649876157,9.752470588235294,5.0,1.0,2.5,1.0,0.5,0.5,0,0,0,0,0,0.0
H1_45,M,True,4-2-3-1,5,2,0,2,2,0,4,2,3,1,44,41,1,49.99455126947804,68.58358406778586,1.0,1.0,1.0,4,11,1,13,0,3,2.0,0.46875,0.4375,0.09375,0.8,0.4074074074074074,0.0,14.421673462403993,158.63840808644392,0.7474743144967093,0.31514783760459464,16.664850423159347,11.0,3.0,7.0,1.0,1.0,1.0,2,0,1,1,2,1.0
H2_15,M,True,4-2-3-1,7,3,0,3,2,0,4,2,3,1,59,54,1,9.812594285714283,92.68869212840772,2.0,2.0,1.0,5,21,2,15,0,7,2.0,0.52,0.34,0.14,0.7142857142857143,0.4883720930232558,0.0,11.563116634894744,104.06804971405269,0.49247240961930355,0.11226948197692938,9.812594285714283,9.0,1.0,5.5,1.0,0.5,1.0,3,0,1,2,3,1.0
H1_15,A,True,4-2-3-1,2,0,0,0,0,0,4,2,3,1,14,0,0,27.243712030075184,54.540331168831166,2.0,1.0,1.0,2,7,0,2,0,0,2.0,0.8181818181818182,0.18181818181818182,0.0,1.0,0.7777777777777778,0.0,9.503659543281335,52.27012748804734,0.7823210610841536,0.2606049893058423,13.621856015037592,5.5,1.0,4.5,1.0,0.5,0.5,0,0,0,0,0,0.0
H1_30,A,True,4-2-3-1,4,1,0,1,1,0,4,2,3,1,29,2,0,11.892533333333333,128.28431299485442,2.0,2.0,1.0,4,15,0,4,0,0,2.0,0.8260869565217391,0.17391304347826086,0.0,1.0,0.7894736842105263,0.0,14.63525920001411,87.81155520008465,0.7981685668178019,0.06771622086771711,5.946266666666666,6.0,1.0,5.0,1.0,0.5,1.0,1,0,0,0,1,1.0
H1_45,A,True,4-2-3-1,6,1,0,1,1,0,4,2,3,1,44,3,1,27.945858064516134,62.24823085680998,2.0,2.0,2.0,6,21,0,5,0,0,2.0,0.84375,0.15625,0.0,1.0,0.8076923076923077,0.0,12.214975191800464,54.96738836310209,0.8204327293624034,0.2542039825497269,13.972929032258067,4.5,1.0,4.0,1.0,1.0,1.0,1,0,0,0,1,1.0
H2_15,M,True,4-2-3-1,1,0,0,0,0,0,4,2,3,1,14,7,0,21.04535211267605,120.26299608819735,2.0,2.0,1.0,1,11,0,3,0,0,2.0,0.8,0.2,0.0,1.0,0.7857142857142857,0.0,12.752468068827643,95.64351051620731,0.7387241823214338,0.11001975983048949,21.04535211267605,7.5,0.5,6.0,1.0,0.5,1.0,0,0,0,0,0,0.0
H2_30,M,True,4-2-3-1,2,0,0,0,0,0,4,2,3,1,29,16,0,0.0,36.56138025575448,2.0,1.0,1.0,1,13,1,6,0,0,2.0,0.6666666666666666,0.3333333333333333,0.0,0.5,0.6842105263157895,0.0,13.090706065530854,39.272118196592565,0.46548775485869665,0.10585745963219699,0.0,3.0,0.5,1.0,0.5,0.5,0.5,0,0,0,0,0,0.0
H1_15,M,True,4-2-3-1,2,1,0,1,1,0,4,2,3,1,14,3,0,0.0,10.90183111111111,2.0,0.0,2.0,0,1,1,3,1,3,2.0,0.1111111111111111,0.4444444444444444,0.4444444444444444,0.0,0.14285714285714285,0.5,12.236767427604374,55.06545342421968,0.09898975158820819,0.2956592639517003,0.0,4.5,1.0,0.5,0.5,1.0,0.0,1,0,0,1,1,1.0
H1_30,M,True,4-2-3-1,5,2,0,2,2,0,4,2,3,1,29,7,0,9.3056,34.180451748531965,2.0,1.0,2.0,1,5,2,3,2,5,2.0,0.3333333333333333,0.2777777777777778,0.3888888888888889,0.2,0.38461538461538464,0.4,10.020197905669745,45.09089057551385,0.48220440086125327,0.3675644448740505,9.3056,4.5,1.5,2.5,0.5,1.0,0.5,2,0,0,1,2,1.0
H1_45,M,True,4-2-3-1,6,2,0,2,2,0,4,2,3,1,44,10,0,20.737397014925374,34.07128362924065,2.0,1.0,1.0,2,8,2,4,2,6,2.0,0.4166666666666667,0.25,0.3333333333333333,0.3333333333333333,0.4444444444444444,0.3333333333333333,13.429961496249893,40.28988448874968,0.6801791732546477,0.2573524009570686,20.737397014925374,3.0,0.5,2.0,1.0,0.5,0.5,2,0,0,1,2,1.0
H2_15,M,True,4-2-3-1,12,2,0,2,2,0,4,2,3,1,59,17,0,15.079456,33.11454391201885,2.0,1.0,2.0,3,11,6,7,3,10,2.0,0.35,0.325,0.325,0.25,0.39285714285714285,0.25,11.670427479421,93.363419835368,0.25809894280330314,0.48239807669159646,15.079456,8.0,3.0,2.0,0.5,1.0,0.5,2,0,0,1,2,1.0
H2_30,M,True,4-2-3-1,12,2,0,2,2,0,4,2,3,1,74,22,0,0.0,8.80820512820513,0.0,0.0,0.0,3,12,6,7,3,11,2.0,0.35714285714285715,0.30952380952380953,0.3333333333333333,0.25,0.4,0.25,12.705788717948721,12.705788717948721,0.3466217376872596,0.0,0.0,1.0,0.0,0.5,0.5,0.0,0.0,2,0,0,1,2,1.0
H2_15,D,True,4-2-3-1,2,1,1,1,1,0,4,2,3,1,14,10,1,24.716086031042124,59.62233927832351,2.0,1.0,1.0,2,6,0,1,0,3,2.0,0.6666666666666666,0.08333333333333333,0.25,1.0,0.6,0.0,11.975324210746303,71.85194526447782,0.5868903409568571,0.17199315857117975,12.358043015521062,6.0,1.0,4.0,1.0,0.5,0.5,1,0,0,0,1,1.0
H2_30,D,True,4-2-3-1,5,1,1,1,1,0,4,2,3,1,29,14,1,0.0,31.077030301003347,2.0,1.0,2.0,2,9,2,3,1,4,2.0,0.5238095238095238,0.23809523809523808,0.23809523809523808,0.4,0.5625,0.2,15.143907572684643,68.1475840770809,0.22801270743400456,0.3534619034758433,0.0,4.5,1.5,1.5,1.0,1.0,0.5,1,0,0,0,1,1.0
H1_15,D,True,4-2-3-1,1,0,0,0,0,0,4,2,3,1,14,4,0,0.0,10.319218181818185,2.0,0.0,1.0,0,1,0,3,1,0,2.0,0.2,0.6,0.2,0.0,0.25,1.0,20.37373043365742,50.93432608414355,0.10129925116483163,0.21984557315262254,0.0,2.5,0.5,0.5,0.5,0.5,0.0,0,0,0,0,0,0.0
H1_30,D,True,4-2-3-1,2,0,0,0,0,0,4,2,3,1,29,12,0,0.0,23.894010322270322,2.0,1.0,1.0,0,4,0,6,2,1,2.0,0.3076923076923077,0.46153846153846156,0.23076923076923078,0.0,0.36363636363636365,1.0,12.384341521117772,49.53736608447109,0.2411715863286541,0.1642929647664903,0.0,4.0,0.5,1.5,0.5,0.5,0.5,0,0,0,0,0,0.0
H1_45,D,True,4-2-3-1,4,0,0,0,0,0,4,2,3,1,44,24,1,23.580149333333335,43.25292869147658,2.0,1.0,2.0,1,7,1,12,2,2,2.0,0.32,0.52,0.16,0.25,0.3333333333333333,0.5,15.521313947693068,93.12788368615841,0.358824206990668,0.21902557206968573,23.580149333333335,6.0,1.0,2.0,1.0,1.0,0.5,0,0,0,0,0,0.0
H2_15,D,True,4-2-3-1,7,0,0,0,0,0,4,2,3,1,59,31,4,0.0,8.70863157894737,2.0,0.0,2.0,1,8,2,18,4,4,2.0,0.24324324324324326,0.5405405405405406,0.21621621621621623,0.14285714285714285,0.26666666666666666,0.5714285714285714,13.135550169158734,78.8133010149524,0.05524848894030701,0.44409262888459305,0.0,6.0,1.5,0.5,0.5,1.0,0.0,0,0,0,0,0,0.0
H2_30,D,True,4-2-3-1,10,1,0,1,1,0,4,2,3,1,74,40,4,9.796662857142858,25.37867871853547,2.0,1.0,2.0,2,10,3,23,5,6,2.0,0.24489795918367346,0.5306122448979592,0.22448979591836735,0.2,0.2564102564102564,0.5,14.692155530649634,88.1529331838978,0.19951316595613594,0.16416428371647146,9.796662857142858,6.0,1.5,1.5,1.0,1.0,0.5,1,0,0,0,1,1.0
H1_15,D,True,4-2-3-1,0,0,0,0,0,0,4,2,3,1,14,6,0,0.0,19.28812272727273,2.0,1.0,0.0,0,2,0,2,0,2,2.0,0.3333333333333333,0.3333333333333333,0.3333333333333333,0.0,0.3333333333333333,0.0,10.99654877527937,32.98964632583811,0.2923360034958288,0.0,0.0,3.0,0.0,1.0,0.5,0.0,0.5,0,0,0,0,0,0.0
H1_30,D,True,4-2-3-1,2,0,0,0,0,0,4,2,3,1,29,10,0,8.047779310344827,56.03167689508438,2.0,1.0,2.0,1,6,0,3,1,5,2.0,0.4375,0.1875,0.375,0.5,0.42857142857142855,0.5,18.736473720181888,93.68236860090944,0.3420038218632697,0.14914394800809075,8.047779310344827,5.0,1.0,2.5,0.5,1.0,0.5,0,0,0,0,0,0.0
H1_45,D,True,4-2-3-1,3,0,0,0,0,0,4,2,3,1,44,19,0,0.0,50.52279873117155,2.0,1.0,1.0,1,10,1,6,1,8,2.0,0.4074074074074074,0.25925925925925924,0.3333333333333333,0.3333333333333333,0.4166666666666667,0.3333333333333333,11.910320090137095,65.50676049575402,0.3856304169891465,0.15601236618233896,0.0,5.5,0.5,2.0,0.5,0.5,0.5,0,0,0,0,0,0.0
H2_15,A,True,4-2-3-1,8,1,0,1,1,0,4,2,3,1,14,3,1,75.10574178383703,122.5734312832871,2.0,2.0,2.0,6,12,2,2,0,1,2.0,0.782608695652174,0.17391304347826086,0.043478260869565216,0.75,0.8,0.0,11.031468300714693,126.86188545821896,0.7791117574562154,0.41313223955053524,12.517623630639505,11.5,4.0,9.0,1.0,1.0,1.0,1,0,0,0,1,1.0
H2_30,A,True,4-2-3-1,9,1,0,1,1,0,4,2,3,1,29,5,1,15.730568000000003,86.85335574999286,2.0,1.0,1.0,7,18,2,3,0,1,2.0,0.8064516129032258,0.16129032258064516,0.03225806451612903,0.7777777777777778,0.8181818181818182,0.0,14.09623024147638,56.38492096590552,0.9096751577609079,0.13949268466219775,15.730568000000003,4.0,0.5,3.5,1.0,0.5,0.5,1,0,0,0,1,1.0
H1_15,M,True,4-2-3-1,3,0,0,0,0,0,4,2,3,1,14,5,0,17.601392592592596,87.7432416799193,2.0,2.0,1.0,2,7,1,5,0,0,2.0,0.6,0.4,0.0,0.6666666666666666,0.5833333333333334,0.0,11.19836047017471,83.98770352631033,0.627143199834671,0.1504832941686164,8.800696296296298,7.5,1.5,4.5,1.0,0.5,1.0,0,0,0,0,0,0.0
H1_30,M,True,4-2-3-1,3,0,0,0,0,0,4,2,3,1,29,9,0,0.0,65.40308355530365,2.0,2.0,0.0,2,11,1,9,0,0,2.0,0.5652173913043478,0.43478260869565216,0.0,0.6666666666666666,0.55,0.0,18.859179773376074,75.4367190935043,0.43349634197529263,0.0,0.0,4.0,0.0,2.0,1.0,0.0,1.0,0,0,0,0,0,0.0
H1_45,M,True,4-2-3-1,4,1,0,1,1,0,4,2,3,1,44,20,0,11.774439024390242,50.837138095238096,2.0,2.0,1.0,3,16,1,9,0,0,2.0,0.6551724137931034,0.3448275862068966,0.0,0.75,0.64,0.0,10.43526285327139,31.305788559814168,1.0000000000000002,0.188055301687953,11.774439024390242,3.0,0.5,3.0,1.0,0.5,1.0,1,0,0,0,1,1.0
H1_15,M,True,4-2-3-1,1,0,0,0,0,1,4,2,3,1,14,14,1,0.0,39.25242094789357,2.0,1.0,1.0,0,3,0,4,1,1,2.0,0.3333333333333333,0.4444444444444444,0.2222222222222222,0.0,0.375,1.0,17.917223655422095,80.62750644939943,0.24341829901764217,0.1375934899706009,0.0,4.5,0.5,1.5,1.0,0.5,0.5,0,0,0,0,0,0.0
H1_30,M,True,4-2-3-1,2,0,0,0,0,1,4,2,3,1,29,22,1,0.0,13.150865454545457,1.0,0.0,1.0,0,4,0,7,2,5,2.0,0.2222222222222222,0.3888888888888889,0.3888888888888889,0.0,0.25,1.0,14.32198281503316,64.44892266764921,0.10202548708503599,0.14464826740508863,0.0,4.5,0.5,0.5,0.5,0.5,0.0,0,0,0,0,0,0.0
H1_45,M,True,4-2-3-1,6,0,0,0,0,1,4,2,3,1,44,32,1,19.68946875,56.94570534837618,2.0,2.0,2.0,1,9,3,10,2,5,2.0,0.3333333333333333,0.43333333333333335,0.23333333333333334,0.16666666666666666,0.375,0.3333333333333333,14.905643368438142,89.43386021062885,0.42844608248984206,0.369646263880178,19.68946875,6.0,2.0,3.0,1.0,1.0,1.0,0,0,0,0,0,0.0
H2_15,M,True,4-2-3-1,9,0,0,0,0,1,4,2,3,1,59,37,1,0.0,46.67673732604238,2.0,1.0,2.0,1,14,4,17,4,8,2.0,0.3125,0.4375,0.25,0.1111111111111111,0.358974358974359,0.4444444444444444,13.748895506893723,116.86561180859664,0.19970261826246152,0.23243130936531642,0.0,9.0,1.5,2.5,0.5,1.0,0.5,0,0,0,0,0,0.0
H2_30,M,True,4-2-3-1,11,1,1,1,1,1,4,2,3,1,74,43,2,27.524817204301076,78.93356244923342,1.0,1.0,1.0,2,19,4,21,5,11,2.0,0.3387096774193548,0.4032258064516129,0.25806451612903225,0.18181818181818182,0.37254901960784315,0.45454545454545453,13.794959225988432,96.56471458191902,0.5512281588282558,0.19710101437310013,27.524817204301076,7.0,1.0,3.0,0.5,0.5,0.5,1,0,0,0,1,1.0
H1_15,M,True,4-2-3-1,1,0,0,0,0,0,4,2,3,1,14,7,0,11.73970731707317,36.21222998821682,1.0,1.0,1.0,1,4,0,6,0,0,2.0,0.45454545454545453,0.5454545454545454,0.0,1.0,0.4,0.0,9.577866297616767,52.67826463689222,0.45513968271183103,0.11142837940841628,11.73970731707317,5.5,0.5,2.5,0.5,0.5,0.5,0,0,0,0,0,0.0
H1_30,M,True,4-2-3-1,3,0,0,0,0,0,4,2,3,1,29,12,0,0.0,11.75278490566038,2.0,0.0,2.0,1,5,1,7,1,1,2.0,0.375,0.5,0.125,0.3333333333333333,0.38461538461538464,0.3333333333333333,20.735013062123073,51.83753265530768,0.1133617313907494,0.2431208925992722,0.0,2.5,1.0,0.5,0.5,1.0,0.0,0,0,0,0,0,0.0
H1_45,M,True,4-2-3-1,5,1,1,1,1,0,4,2,3,1,44,25,0,0.0,23.151783274961602,2.0,1.0,2.0,1,9,3,10,1,1,2.0,0.4,0.52,0.08,0.2,0.45,0.2,8.158771165850158,36.71447024632571,0.3152950746617211,0.28433705058615694,0.0,4.5,1.0,2.0,0.5,1.0,0.5,1,0,0,0,1,1.0
H2_15,M,True,4-2-3-1,5,1,1,1,1,0,4,2,3,1,59,34,0,0.0,36.733615117157974,2.0,1.0,0.0,1,11,3,14,1,2,2.0,0.375,0.53125,0.09375,0.2,0.4074074074074074,0.2,17.191996866891916,60.17198903412171,0.30523849806865666,0.0,0.0,3.5,0.0,1.0,0.5,0.0,0.5,1,0,0,0,1,1.0
H2_30,M,True,4-2-3-1,0,0,0,0,0,0,4,2,3,1,11,7,0,0.0,16.530935574229694,2.0,1.0,0.0,0,2,0,7,0,1,2.0,0.2,0.7,0.1,0.0,0.2,0.0,12.106766275165084,60.53383137582542,0.13654294795580568,0.0,0.0,5.0,0.0,1.0,0.5,0.0,0.5,0,0,0,0,0,0.0
H1_15,M,False,4-4-2,4,1,1,1,1,0,4,4,2,0,14,2,1,5.685333333333334,73.01259733074642,2.0,2.0,1.0,1,5,1,3,2,4,2.0,0.375,0.25,0.375,0.25,0.4166666666666667,0.5,14.225841105535055,113.80672884428044,0.34575253793543537,0.324185611462409,5.685333333333334,8.0,2.0,3.0,1.0,0.5,1.0,1,0,0,0,1,1.0
H1_30,M,False,4-4-2,8,1,1,1,1,0,4,4,2,0,29,5,1,11.76552,12.006269387755104,2.0,1.0,1.0,2,6,4,7,2,7,2.0,0.2857142857142857,0.39285714285714285,0.32142857142857145,0.25,0.3,0.25,12.847779728749124,77.08667837249475,0.15418869958883263,0.37500875179535237,11.76552,6.0,2.0,1.0,0.5,0.5,0.5,1,0,0,0,1,1.0
H1_45,M,False,4-4-2,14,1,1,1,1,0,4,4,2,0,44,10,2,12.811367441860464,29.842815037593983,2.0,1.0,2.0,3,8,7,14,4,8,2.0,0.25,0.4772727272727273,0.2727272727272727,0.21428571428571427,0.26666666666666666,0.2857142857142857,13.649894829447533,109.19915863558026,0.19530453811370518,0.4208936717661397,12.811367441860464,8.0,3.0,1.5,0.5,1.0,0.5,1,0,0,0,1,1.0
H2_15,M,False,4-4-2,20,1,1,1,1,0,4,4,2,0,59,12,2,82.68962815217391,29.486159370445932,2.0,1.0,2.0,6,10,9,21,5,11,2.0,0.25806451612903225,0.4838709677419355,0.25806451612903225,0.3,0.23809523809523808,0.25,13.721549074532001,123.49394167078802,0.4541752656242025,0.45090926484543625,27.56320938405797,9.0,3.0,2.5,1.0,1.0,0.5,1,0,0,0,1,1.0
H2_30,M,False,4-4-2,22,1,1,1,1,0,4,4,2,0,74,12,2,28.237015037593977,23.068257627118644,1.0,1.0,1.0,8,12,9,24,5,12,2.0,0.2857142857142857,0.4714285714285714,0.24285714285714285,0.36363636363636365,0.25,0.22727272727272727,11.465634588139583,45.86253835255833,0.559337473542289,0.3078440057169104,14.118507518796989,4.0,1.0,2.0,0.5,0.5,0.5,1,0,0,0,1,1.0
H1_15,M,False,4-4-2,2,0,0,0,0,0,4,4,2,0,14,4,0,0.0,8.839494736842108,2.0,0.0,1.0,0,1,1,3,1,3,2.0,0.1111111111111111,0.4444444444444444,0.4444444444444444,0.0,0.14285714285714285,0.5,12.323981961796068,55.457918828082306,0.07969551439754029,0.33560053465038947,0.0,4.5,1.0,0.5,0.5,0.5,0.0,0,0,0,0,0,0.0
H1_30,M,False,4-4-2,5,0,0,0,0,0,4,4,2,0,29,4,0,0.0,0.0,2.0,0.0,2.0,0,1,3,4,2,8,2.0,0.05555555555555555,0.3888888888888889,0.5555555555555556,0.0,0.07692307692307693,0.4,10.616033562946114,47.772151033257515,0.0,0.3885646249217289,0.0,4.5,1.5,0.0,0.0,1.0,0.0,0,0,0,0,0,0.0
H1_45,M,False,4-4-2,8,0,0,0,0,0,4,4,2,0,44,6,0,0.0,0.0,2.0,0.0,2.0,0,1,4,6,4,11,2.0,0.038461538461538464,0.38461538461538464,0.5769230769230769,0.0,0.05555555555555555,0.5,18.16260340092379,72.65041360369516,0.0,0.6141276804924214,0.0,4.0,1.5,0.0,0.0,1.0,0.0,0,0,0,0,0,0.0
H2_15,M,False,4-4-2,10,0,0,0,0,0,4,4,2,0,59,11,0,0.0,35.77590053118237,2.0,1.0,1.0,0,4,6,11,4,16,2.0,0.0975609756097561,0.4146341463414634,0.4878048780487805,0.0,0.12903225806451613,0.4,13.649956812825348,102.37467609619011,0.17473022575215638,0.26153329165455386,0.0,7.5,1.0,1.5,1.0,0.5,0.5,0,0,0,0,0,0.0
H2_30,M,False,4-4-2,16,1,0,1,1,0,4,4,2,0,74,14,0,5.965909090909091,20.232046153846156,2.0,1.0,2.0,1,5,10,16,5,21,2.0,0.10344827586206896,0.4482758620689655,0.4482758620689655,0.0625,0.11904761904761904,0.3125,12.946348635779904,110.04396340412919,0.11903404073399731,0.39843141973482615,5.965909090909091,8.5,3.0,1.0,0.5,1.0,0.5,1,0,0,1,1,1.0
H1_15,M,False,4-4-2,3,0,0,0,0,0,4,4,2,0,14,1,0,24.015428163992873,14.913173275862068,2.0,2.0,2.0,2,2,1,5,0,0,2.0,0.4,0.6,0.0,0.6666666666666666,0.2857142857142857,0.0,15.528315713234937,77.64157856617469,0.25069429395150505,0.3374587324548893,12.007714081996436,5.0,1.5,2.0,1.0,1.0,1.0,0,0,0,0,0,0.0
H1_30,M,False,4-4-2,4,0,0,0,0,0,4,4,2,0,29,3,0,0.0,35.27502137931034,2.0,1.0,1.0,2,4,2,10,0,3,2.0,0.2857142857142857,0.5714285714285714,0.14285714285714285,0.5,0.23529411764705882,0.0,13.066103521570296,71.86356936863663,0.2454304850790322,0.2646438819465888,0.0,5.5,0.5,1.0,0.5,0.5,0.5,0,0,0,0,0,0.0
H1_45,M,False,4-4-2,8,0,0,0,0,0,4,4,2,0,44,4,0,0.0,0.0,1.0,0.0,1.0,2,4,3,11,3,5,2.0,0.21428571428571427,0.5,0.2857142857142857,0.25,0.2,0.375,18.247984281539036,63.86794498538663,0.0,0.5489222835098928,0.0,3.5,2.0,0.0,0.0,1.0,0.0,0,0,0,0,0,0.0
H2_15,M,False,4-4-2,8,0,0,0,0,0,4,4,2,0,59,7,0,0.0,0.0,2.0,0.0,0.0,2,4,3,15,3,7,2.0,0.17647058823529413,0.5294117647058824,0.29411764705882354,0.25,0.15384615384615385,0.375,11.634961615359948,34.904884846079845,0.0,0.0,0.0,3.0,0.0,0.0,0.0,0.0,0.0,0,0,0,0,0,0.0
H2_30,M,False,4-4-2,9,0,0,0,0,0,4,4,2,0,74,8,0,0.0,11.271370212765955,2.0,0.0,1.0,2,5,4,19,3,9,2.0,0.16666666666666666,0.5476190476190477,0.2857142857142857,0.2222222222222222,0.15151515151515152,0.3333333333333333,10.286474897887683,41.14589959155073,0.13696832885725166,0.1964357011657943,0.0,4.0,0.5,0.5,0.5,0.5,0.0,0,0,0,0,0,0.0
H1_15,G,False,4-4-2,0,0,0,0,0,0,4,4,2,0,14,1,1,0.0,0.0,0.0,0.0,0.0,0,0,0,0,0,0,0.0,0.0,0.0,0.0,0.0,0.0,0.0,0.0,0.0,0.0,0.0,0.0,0.0,0.0,0.0,0.0,0.0,0.0,0,0,0,0,0,0.0
H1_30,G,False,4-4-2,0,0,0,0,0,0,4,4,2,0,29,2,1,0.0,0.0,0.0,0.0,0.0,0,0,0,0,0,0,0.0,0.0,0.0,0.0,0.0,0.0,0.0,0.0,0.0,0.0,0.0,0.0,0.0,0.0,0.0,0.0,0.0,0.0,0,0,0,0,0,0.0
H1_45,G,False,4-4-2,0,0,0,0,0,0,4,4,2,0,44,2,1,0.0,0.0,0.0,0.0,0.0,0,0,0,0,0,0,0.0,0.0,0.0,0.0,0.0,0.0,0.0,0.0,0.0,0.0,0.0,0.0,0.0,0.0,0.0,0.0,0.0,0.0,0,0,0,0,0,0.0
H2_15,G,False,4-4-2,0,0,0,0,0,0,4,4,2,0,59,3,1,0.0,0.0,0.0,0.0,0.0,0,0,0,0,0,0,0.0,0.0,0.0,0.0,0.0,0.0,0.0,0.0,0.0,0.0,0.0,0.0,0.0,0.0,0.0,0.0,0.0,0.0,0,0,0,0,0,0.0
H2_30,G,False,4-4-2,0,0,0,0,0,0,4,4,2,0,74,3,1,0.0,0.0,0.0,0.0,0.0,0,0,0,0,0,0,0.0,0.0,0.0,0.0,0.0,0.0,0.0,0.0,0.0,0.0,0.0,0.0,0.0,0.0,0.0,0.0,0.0,0.0,0,0,0,0,0,0.0
H1_15,D,False,4-4-2,0,0,0,0,0,0,4,4,2,0,14,5,1,0.0,19.900299913419914,2.0,1.0,0.0,0,3,0,5,0,2,2.0,0.3,0.5,0.2,0.0,0.3,0.0,13.337749770293366,66.68874885146683,0.14920282848417996,0.0,0.0,5.0,0.0,1.5,0.5,0.0,0.5,0,0,0,0,0,0.0
H1_30,D,False,4-4-2,2,0,0,0,0,0,4,4,2,0,29,7,2,12.837063636363634,20.571504244482178,2.0,1.0,1.0,1,5,1,7,0,5,2.0,0.3157894736842105,0.42105263157894735,0.2631578947368421,0.5,0.29411764705882354,0.0,12.810406139886105,57.64682762948747,0.2897693529258207,0.44377622967575026,12.837063636363634,4.5,1.0,1.5,0.5,0.5,0.5,0,0,0,0,0,0.0
H1_45,D,False,4-4-2,4,0,0,0,0,0,4,4,2,0,44,8,3,0.0,0.0,2.0,0.0,2.0,1,5,3,8,0,8,2.0,0.24,0.44,0.32,0.25,0.23809523809523808,0.0,9.663931781593961,28.99179534478188,0.0,0.3862157871676747,0.0,3.0,1.0,0.0,0.0,1.0,0.0,0,0,0,0,0,0.0
H2_15,D,False,4-4-2,4,0,0,0,0,0,4,4,2,0,59,9,3,0.0,0.0,2.0,0.0,0.0,1,5,3,12,0,11,2.0,0.1875,0.46875,0.34375,0.25,0.17857142857142858,0.0,11.527968439032463,40.34788953661362,0.0,0.0,0.0,3.5,0.0,0.0,0.0,0.0,0.0,0,0,0,0,0,0.0
H2_30,D,False,4-4-2,4,0,0,0,0,0,4,4,2,0,74,9,3,0.0,26.24773111111111,2.0,0.0,0.0,1,7,3,13,0,15,2.0,0.20512820512820512,0.41025641025641024,0.38461538461538464,0.25,0.2,0.0,9.734512747252747,34.070794615384614,0.38519399690283407,0.0,0.0,3.5,0.0,1.0,1.0,0.0,0.0,0,0,0,0,0,0.0
H1_15,D,False,4-4-2,0,0,0,0,0,0,4,4,2,0,14,1,1,0.0,0.0,2.0,0.0,0.0,0,0,0,5,0,1,2.0,0.0,0.8333333333333334,0.16666666666666666,0.0,0.0,0.0,13.216432888827343,39.64929866648203,0.0,0.0,0.0,3.0,0.0,0.0,0.0,0.0,0.0,0,0,0,0,0,0.0
H1_30,D,False,4-4-2,0,0,0,0,0,0,4,4,2,0,29,3,2,0.0,0.0,1.0,0.0,0.0,0,0,0,7,0,5,2.0,0.0,0.5833333333333334,0.4166666666666667,0.0,0.0,0.0,9.264172898982522,27.792518696947567,0.0,0.0,0.0,3.0,0.0,0.0,0.0,0.0,0.0,0,0,0,0,0,0.0
H1_45,D,False,4-4-2,0,0,0,0,0,0,4,4,2,0,44,3,2,0.0,0.0,1.0,0.0,0.0,0,0,0,11,0,7,2.0,0.0,0.6111111111111112,0.3888888888888889,0.0,0.0,0.0,10.97070600941944,65.82423605651664,0.0,0.0,0.0,6.0,0.0,0.0,0.0,0.0,0.0,0,0,0,0,0,0.0
H2_15,D,False,4-4-2,2,0,0,0,0,0,4,4,2,0,59,4,3,0.0,17.091472105263158,2.0,0.0,1.0,0,2,2,12,0,11,2.0,0.07407407407407407,0.5185185185185185,0.4074074074074074,0.0,0.08,0.0,8.922698643082875,40.15214389387294,0.21283386698401488,0.387980688046171,0.0,4.5,1.0,1.0,1.0,0.5,0.0,0,0,0,0,0,0.0
H2_30,D,False,4-4-2,2,0,0,0,0,0,4,4,2,0,74,5,3,0.0,0.0,1.0,0.0,0.0,0,2,2,14,0,12,2.0,0.06666666666666667,0.5333333333333333,0.4,0.0,0.07142857142857142,0.0,6.084189327456087,9.126283991184131,0.0,0.0,0.0,1.5,0.0,0.0,0.0,0.0,0.0,0,0,0,0,0,0.0
H1_15,D,False,4-4-2,1,0,0,0,0,0,4,4,2,0,14,4,1,0.0,0.0,2.0,0.0,1.0,0,0,0,3,1,3,2.0,0.0,0.42857142857142855,0.5714285714285714,0.0,0.0,1.0,10.454822745058618,36.59187960770516,0.0,0.08250563775359177,0.0,3.5,0.5,0.0,0.0,0.5,0.0,0,0,0,0,0,0.0
H1_30,D,False,4-4-2,1,0,0,0,0,0,4,4,2,0,29,8,2,0.0,0.0,1.0,0.0,0.0,0,0,0,3,1,5,2.0,0.0,0.3333333333333333,0.6666666666666666,0.0,0.0,1.0,8.200347660818712,16.400695321637425,0.0,0.0,0.0,2.0,0.0,0.0,0.0,0.0,0.0,0,0,0,0,0,0.0
H1_45,D,False,4-4-2,2,0,0,0,0,0,4,4,2,0,44,8,2,0.0,0.0,1.0,0.0,1.0,0,0,0,6,2,7,2.0,0.0,0.4,0.6,0.0,0.0,1.0,11.49440801693648,34.48322405080944,0.0,0.35713880115012675,0.0,3.0,0.5,0.0,0.0,0.5,0.0,0,0,0,0,0,0.0
H2_15,D,False,4-4-2,2,0,0,0,0,0,4,4,2,0,59,11,5,0.0,0.0,0.0,0.0,0.0,0,0,0,6,2,9,2.0,0.0,0.35294117647058826,0.6470588235294118,0.0,0.0,1.0,12.42345625,12.42345625,0.0,0.0,0.0,1.0,0.0,0.0,0.0,0.0,0.0,0,0,0,0,0,0.0
H2_30,D,False,4-4-2,2,1,0,1,1,0,4,4,2,0,74,13,7,0.0,0.0,0.0,0.0,0.0,0,0,0,6,2,9,2.0,0.0,0.35294117647058826,0.6470588235294118,0.0,0.0,1.0,0.0,0.0,0.0,0.0,0.0,0.0,0.0,0.0,0.0,0.0,0.0,1,0,0,0,1,1.0
H1_15,M,False,4-4-2,3,0,0,0,0,0,4,4,2,0,14,0,0,13.50168510638298,28.58264083180925,2.0,1.0,2.0,1,4,1,5,1,6,2.0,0.2777777777777778,0.3333333333333333,0.3888888888888889,0.3333333333333333,0.26666666666666666,0.3333333333333333,12.181270944839316,109.63143850355384,0.19193548179534292,0.26703187471460443,13.50168510638298,9.0,1.5,2.5,0.5,1.0,0.5,0,0,0,0,0,0.0
H1_30,M,False,4-4-2,3,1,0,0,1,0,4,4,2,0,29,3,1,0.0,7.842148571428572,2.0,0.0,0.0,1,5,1,11,1,8,2.0,0.2222222222222222,0.4444444444444444,0.3333333333333333,0.3333333333333333,0.20833333333333334,0.3333333333333333,10.990692056297949,49.45811425334077,0.07928070742101591,0.0,0.0,4.5,0.0,0.5,0.5,0.0,0.0,1,0,0,0,0,0.0
H1_45,M,False,4-4-2,4,1,0,0,1,0,4,4,2,0,44,4,2,0.0,0.0,2.0,0.0,1.0,1,5,2,16,1,11,2.0,0.16666666666666666,0.5,0.3333333333333333,0.25,0.15625,0.25,13.222092473386827,59.49941613024072,0.0,0.050114930277333936,0.0,4.5,0.5,0.0,0.0,0.5,0.0,1,0,0,0,0,0.0
H2_15,M,False,4-4-2,6,1,0,0,1,0,4,4,2,0,59,7,2,6.532766666666667,84.92808089750496,1.0,1.0,1.0,2,11,3,20,1,14,2.0,0.2549019607843137,0.45098039215686275,0.29411764705882354,0.3333333333333333,0.24444444444444444,0.16666666666666666,13.295299189369786,99.71474392027339,0.45861245773894205,0.145216889127834,6.532766666666667,7.5,1.0,3.5,0.5,0.5,0.5,1,0,0,0,0,0.0
H2_30,M,False,4-4-2,8,1,0,0,1,0,4,4,2,0,74,9,2,19.97942424242424,31.346464224137936,2.0,1.0,2.0,3,13,4,25,1,14,2.0,0.26666666666666666,0.48333333333333334,0.25,0.375,0.25,0.125,12.467349769387697,56.103073962244636,0.45742492203816376,0.2502064951016606,19.97942424242424,4.5,1.0,1.5,1.0,1.0,0.5,1,0,0,0,0,0.0
H1_15,A,False,4-4-2,2,0,0,0,0,1,4,4,2,0,14,1,1,19.179147540983607,8.432105263157895,2.0,1.0,2.0,1,1,1,5,0,3,2.0,0.18181818181818182,0.5454545454545454,0.2727272727272727,0.5,0.1111111111111111,0.0,10.64111325942223,58.52612292682227,0.23588827880043445,0.3309890362071793,19.179147540983607,5.5,1.0,1.0,0.5,1.0,0.5,0,0,0,0,0,0.0
H1_30,A,False,4-4-2,5,0,0,0,0,1,4,4,2,0,29,2,2,14.49404081632653,25.008727018769097,1.0,1.0,1.0,2,3,3,9,0,3,2.0,0.25,0.6,0.15,0.4,0.2,0.0,10.527672911477943,94.74905620330149,0.4169199084193006,0.3537193819654429,14.49404081632653,9.0,3.0,3.0,1.0,1.0,1.0,0,0,0,0,0,0.0
H1_45,A,False,4-4-2,6,2,1,2,2,0,4,4,2,0,44,6,2,9.223369696969696,6.629422222222221,2.0,1.0,1.0,3,4,3,14,0,5,2.0,0.2413793103448276,0.5862068965517241,0.1724137931034483,0.5,0.17391304347826086,0.0,9.399771696713247,42.29897263520961,0.18738979851718757,0.10902593044650186,9.223369696969696,4.5,0.5,1.0,0.5,0.5,0.5,2,0,0,0,2,1.0
H2_15,A,False,4-4-2,9,2,1,2,2,0,4,4,2,0,59,7,2,16.336276363636365,33.4143230954719,2.0,2.0,1.0,4,9,5,17,0,8,2.0,0.3023255813953488,0.5116279069767442,0.18604651162790697,0.4444444444444444,0.2647058823529412,0.0,14.248396453055259,99.7387751713868,0.24940450378310233,0.4147806204569263,16.336276363636365,7.0,1.5,3.0,1.0,0.5,1.0,2,0,0,0,2,1.0
H2_30,A,False,4-4-2,12,2,1,2,2,0,4,4,2,0,74,9,3,61.074525036799145,29.844305958132047,2.0,1.0,2.0,6,11,6,23,0,10,2.0,0.30357142857142855,0.5178571428571429,0.17857142857142858,0.5,0.25,0.0,16.735550224443703,108.78107645888406,0.4178981949553319,0.34383099721206917,30.537262518399572,6.5,1.5,2.0,1.0,1.0,0.5,2,0,0,0,2,1.0
H1_15,D,False,4-4-2,4,0,0,0,0,0,4,4,2,0,14,1,0,51.870020796703294,18.73492586506747,2.0,2.0,2.0,3,3,1,6,0,4,2.0,0.35294117647058826,0.4117647058823529,0.23529411764705882,0.75,0.23076923076923078,0.0,13.214062235764404,112.31952900399743,0.31430396516022585,0.42473184759656124,17.29000693223443,8.5,2.0,3.0,1.0,1.0,1.0,0,0,0,0,0,0.0
H1_30,D,False,4-4-2,5,0,0,0,0,0,4,4,2,0,29,3,2,0.0,26.08734827586207,1.0,0.0,1.0,3,5,1,7,1,6,2.0,0.34782608695652173,0.34782608695652173,0.30434782608695654,0.6,0.2777777777777778,0.2,12.127176685926244,36.38153005777873,0.3585246172224185,0.1529353230552747,0.0,3.0,0.5,1.0,1.0,0.5,0.0,0,0,0,0,0,0.0
H1_45,D,False,4-4-2,7,0,0,0,0,0,4,4,2,0,44,6,3,0.0,14.917389909909911,2.0,1.0,1.0,3,7,1,10,3,12,2.0,0.2777777777777778,0.3055555555555556,0.4166666666666667,0.42857142857142855,0.2413793103448276,0.42857142857142855,13.747383989966288,89.35799593478087,0.08346981013762644,0.12843645491893896,0.0,6.5,1.0,1.0,0.5,0.5,0.5,0,0,0,0,0,0.0
H2_15,D,False,4-4-2,10,0,0,0,0,0,4,4,2,0,59,10,4,28.432724210526313,31.692411683325115,2.0,1.0,2.0,4,10,3,15,3,16,2.0,0.27450980392156865,0.35294117647058826,0.37254901960784315,0.4,0.24390243902439024,0.3,13.810630876900152,103.57973157675114,0.29023600939388194,0.4294265532362233,28.432724210526313,7.5,1.5,2.0,1.0,1.0,0.5,0,0,0,0,0,0.0
H2_30,D,False,4-4-2,12,0,0,0,0,0,4,4,2,0,74,11,8,11.283076923076925,14.361780000000005,2.0,1.0,1.0,5,11,4,17,3,18,2.0,0.27586206896551724,0.3620689655172414,0.3620689655172414,0.4166666666666667,0.2391304347826087,0.25,10.618322825221558,37.164129888275454,0.345021624348151,0.37376980791338044,11.283076923076925,3.5,1.0,1.0,0.5,0.5,0.5,0,0,0,0,0,0.0
H1_15,A,False,4-4-2,2,0,0,0,0,0,4,4,2,0,14,2,0,16.571892857142856,17.631374517374518,2.0,1.0,2.0,1,2,1,3,0,1,2.0,0.375,0.5,0.125,0.5,0.3333333333333333,0.0,11.914931000948599,47.659724003794395,0.358827795265813,0.3077512100521506,16.571892857142856,4.0,1.0,1.5,1.0,1.0,0.5,0,0,0,0,0,0.0
H1_30,A,False,4-4-2,3,0,0,0,0,0,4,4,2,0,29,6,0,0.0,50.03980350877193,1.0,1.0,1.0,1,5,2,7,0,1,2.0,0.375,0.5625,0.0625,0.3333333333333333,0.38461538461538464,0.0,14.151093278206098,56.60437311282439,0.44201358266994767,0.17828642469430353,0.0,4.0,0.5,1.5,0.5,0.5,0.5,0,0,0,0,0,0.0
H1_45,A,False,4-4-2,4,0,0,0,0,0,4,4,2,0,44,7,0,0.0,11.881273469387756,2.0,0.0,1.0,1,6,2,8,1,4,2.0,0.3181818181818182,0.45454545454545453,0.22727272727272727,0.25,0.3333333333333333,0.25,15.91944047398313,47.75832142194939,0.12438956307127667,0.09655791101319179,0.0,3.0,0.5,0.5,0.5,0.5,0.0,0,0,0,0,0,0.0
H2_15,A,False,4-4-2,8,0,0,0,0,0,4,4,2,0,59,10,0,14.126889795918366,46.65244910782704,2.0,2.0,1.0,2,11,5,12,1,4,2.0,0.37142857142857144,0.4857142857142857,0.14285714285714285,0.25,0.4074074074074074,0.125,11.634531332541426,75.62445366151927,0.4018497718726155,0.3982031197696198,14.126889795918366,6.5,2.0,3.0,1.0,0.5,1.0,0,0,0,0,0,0.0
H2_30,A,False,4-4-2,9,0,0,0,0,0,4,4,2,0,74,12,0,18.032262295081967,7.5940645161290306,2.0,0.0,1.0,3,12,5,15,1,5,2.0,0.36585365853658536,0.4878048780487805,0.14634146341463414,0.3333333333333333,0.375,0.1111111111111111,13.734321245128763,41.20296373538629,0.31097674157359667,0.2188223935890726,18.032262295081967,3.0,0.5,1.0,1.0,0.5,0.0,0,0,0,0,0,0.0
H1_15,G,True,3-4-3,0,0,0,0,0,0,3,4,3,0,14,0,1,0.0,0.0,0.0,0.0,0.0,0,0,0,0,0,0,0.0,0.0,0.0,0.0,0.0,0.0,0.0,0.0,0.0,0.0,0.0,0.0,0.0,0.0,0.0,0.0,0.0,0.0,0,0,0,0,0,0.0
H1_30,G,True,3-4-3,0,0,0,0,0,0,3,4,3,0,29,0,2,0.0,0.0,0.0,0.0,0.0,0,0,0,0,0,0,0.0,0.0,0.0,0.0,0.0,0.0,0.0,0.0,0.0,0.0,0.0,0.0,0.0,0.0,0.0,0.0,0.0,0.0,0,0,0,0,0,0.0
H1_45,G,True,3-4-3,0,0,0,0,0,0,3,4,3,0,44,0,2,0.0,0.0,0.0,0.0,0.0,0,0,0,0,0,0,0.0,0.0,0.0,0.0,0.0,0.0,0.0,0.0,0.0,0.0,0.0,0.0,0.0,0.0,0.0,0.0,0.0,0.0,0,0,0,0,0,0.0
H2_15,G,True,3-4-3,0,0,0,0,0,0,3,4,3,0,59,2,3,0.0,0.0,0.0,0.0,0.0,0,0,0,0,0,0,0.0,0.0,0.0,0.0,0.0,0.0,0.0,0.0,0.0,0.0,0.0,0.0,0.0,0.0,0.0,0.0,0.0,0.0,0,0,0,0,0,0.0
H2_30,G,True,3-4-3,0,0,0,0,0,0,3,4,3,0,74,2,3,0.0,0.0,0.0,0.0,0.0,0,0,0,0,0,0,0.0,0.0,0.0,0.0,0.0,0.0,0.0,0.0,0.0,0.0,0.0,0.0,0.0,0.0,0.0,0.0,0.0,0.0,0,0,0,0,0,0.0
H1_15,M,True,3-4-3,5,0,0,0,0,0,3,4,3,0,14,3,0,7.911,18.086461111111113,2.0,1.0,2.0,1,1,1,4,3,4,2.0,0.14285714285714285,0.35714285714285715,0.5,0.2,0.1111111111111111,0.6,11.87163635027631,83.10145445193417,0.15642001263737224,0.3752231345271579,7.911,7.0,2.5,1.0,0.5,1.0,0.5,0,0,0,0,0,0.0
H1_30,M,True,3-4-3,8,1,0,0,1,0,3,4,3,0,29,4,2,39.00554736448598,25.233110231267347,2.0,1.0,2.0,3,4,2,6,3,7,2.0,0.28,0.32,0.4,0.375,0.23529411764705882,0.375,14.80396740029321,81.42182070161266,0.3944806014051771,0.4922287790026237,19.50277368224299,5.5,1.5,2.5,1.0,1.0,0.5,1,0,0,1,0,0.0
H1_45,M,True,3-4-3,14,1,0,0,1,0,3,4,3,0,44,7,4,63.22861400840214,80.07102302799896,2.0,2.0,2.0,6,11,5,11,3,8,2.0,0.38636363636363635,0.36363636363636365,0.25,0.42857142857142855,0.36666666666666664,0.21428571428571427,13.207788450702058,125.47399028166954,0.5710332345162363,0.39996184819344666,21.07620466946738,9.5,3.0,5.0,1.0,1.0,1.0,1,0,0,1,0,0.0
H2_15,M,True,3-4-3,18,1,0,0,1,0,3,4,3,0,59,10,4,6.907392000000001,46.08938384935501,2.0,2.0,1.0,7,15,8,18,3,8,2.0,0.3728813559322034,0.4406779661016949,0.1864406779661017,0.3888888888888889,0.36585365853658536,0.16666666666666666,12.015456034012642,90.11592025509482,0.29404779809902,0.43091401116436884,6.907392000000001,7.5,2.0,2.5,1.0,0.5,1.0,1,0,0,1,0,0.0
H1_15,D,True,3-4-3,1,0,0,0,0,0,3,4,3,0,14,5,3,0.0,14.877833333333331,2.0,0.0,1.0,0,1,1,3,0,3,2.0,0.125,0.5,0.375,0.0,0.14285714285714285,0.0,12.963743262881493,51.854973051525974,0.14345618614582917,0.09393120299493943,0.0,4.0,0.5,0.5,0.5,0.5,0.0,0,0,0,0,0,0.0
H1_30,D,True,3-4-3,2,0,0,0,0,0,3,4,3,0,29,8,3,16.67738947368421,5.375618181818181,0.0,0.0,0.0,1,2,1,3,0,3,2.0,0.3,0.4,0.3,0.5,0.25,0.0,11.026503827751196,11.026503827751196,1.0,0.7562410413222288,16.67738947368421,1.0,0.5,1.0,1.0,0.5,0.0,0,0,0,0,0,0.0
H1_45,D,True,3-4-3,4,0,0,0,0,0,3,4,3,0,44,11,3,0.0,0.0,2.0,0.0,1.0,1,2,3,6,0,6,2.0,0.16666666666666666,0.5,0.3333333333333333,0.25,0.14285714285714285,0.0,16.308093050528708,65.23237220211483,0.0,0.48147416043726265,0.0,4.0,1.0,0.0,0.0,0.5,0.0,0,0,0,0,0,0.0
H2_15,D,True,3-4-3,7,1,1,1,1,0,3,4,3,0,59,17,3,0.0,10.483009090909094,2.0,0.0,2.0,1,3,5,9,1,9,2.0,0.14285714285714285,0.5,0.35714285714285715,0.14285714285714285,0.14285714285714285,0.14285714285714285,17.284149877450695,86.42074938725348,0.06065099623201875,0.4748318887723272,0.0,5.0,1.5,0.5,0.5,1.0,0.0,1,0,0,0,1,1.0
H2_30,D,True,3-4-3,9,1,1,1,1,0,3,4,3,0,74,19,4,6.056018181818181,14.435476363636363,2.0,1.0,2.0,2,4,5,11,2,12,2.0,0.16666666666666666,0.4444444444444444,0.3888888888888889,0.2222222222222222,0.14814814814814814,0.2222222222222222,19.945311364314463,79.78124545725785,0.12842300485539984,0.44450641512173145,6.056018181818181,4.0,1.0,1.0,0.5,1.0,0.5,1,0,0,0,1,1.0
H1_15,D,True,3-4-3,1,0,0,0,0,0,3,4,3,0,14,4,4,0.0,0.0,1.0,0.0,1.0,0,0,0,1,1,0,1.0,0.0,0.5,0.5,0.0,0.0,1.0,24.98906345882353,49.97812691764706,0.0,0.4281911995803657,0.0,2.0,1.0,0.0,0.0,1.0,0.0,0,0,0,0,0,0.0
H1_30,D,True,3-4-3,2,0,0,0,0,0,3,4,3,0,29,5,5,0.0,0.0,1.0,0.0,1.0,0,0,1,2,1,1,2.0,0.0,0.6,0.4,0.0,0.0,0.5,14.18349798046338,21.275246970695072,0.0,0.26799941988958104,0.0,1.5,0.5,0.0,0.0,0.5,0.0,0,0,0,0,0,0.0
H1_45,D,True,3-4-3,4,0,0,0,0,0,3,4,3,0,44,6,6,0.0,16.68733866666667,1.0,1.0,1.0,0,2,2,2,2,6,2.0,0.14285714285714285,0.2857142857142857,0.5714285714285714,0.0,0.2,0.5,12.389105673955807,55.750975532801135,0.14965961139862619,0.3513833790027183,0.0,4.5,1.0,1.0,0.5,0.5,0.5,0,0,0,0,0,0.0
H2_15,D,True,3-4-3,4,0,0,0,0,0,3,4,3,0,59,7,9,0.0,0.0,1.0,0.0,0.0,0,2,2,5,2,9,2.0,0.1,0.35,0.55,0.0,0.125,0.5,15.174421544868522,45.52326463460557,0.0,0.0,0.0,3.0,0.0,0.0,0.0,0.0,0.0,0,0,0,0,0,0.0
H2_30,D,True,3-4-3,5,1,1,1,1,0,3,4,3,0,74,11,9,0.0,20.920997849462363,1.0,0.0,1.0,0,3,2,6,3,14,2.0,0.10714285714285714,0.2857142857142857,0.6071428571428571,0.0,0.13043478260869565,0.6,10.162078059608342,40.64831223843337,0.25734153150990313,0.1504849230554581,0.0,4.0,0.5,0.5,0.5,0.5,0.0,1,1,1,0,1,1.0
H1_15,D,True,3-4-3,1,0,0,0,0,0,3,4,3,0,14,6,0,0.0,9.842702222222222,1.0,0.0,1.0,0,1,0,2,1,1,1.0,0.2,0.4,0.4,0.0,0.25,1.0,15.81823036303033,79.09115181515165,0.12444757721099006,0.21048030585606264,0.0,5.0,1.0,1.0,1.0,1.0,0.0,0,0,0,0,0,0.0
H1_30,D,True,3-4-3,1,0,0,0,0,0,3,4,3,0,29,7,1,0.0,0.0,1.0,0.0,0.0,0,1,0,5,1,2,1.0,0.1111111111111111,0.5555555555555556,0.3333333333333333,0.0,0.125,1.0,12.660199708104395,50.64079883241758,0.0,0.0,0.0,4.0,0.0,0.0,0.0,0.0,0.0,0,0,0,0,0,0.0
H1_45,D,True,3-4-3,4,0,0,0,0,0,3,4,3,0,44,10,4,0.0,22.13109892241379,2.0,1.0,2.0,0,3,2,7,2,5,2.0,0.15789473684210525,0.47368421052631576,0.3684210526315789,0.0,0.2,0.5,10.242829378823547,51.21414689411774,0.21606431293455447,0.2830341737302513,0.0,5.0,1.5,1.0,0.5,1.0,0.5,0,0,0,0,0,0.0
H2_15,D,True,3-4-3,6,0,0,0,0,0,3,4,3,0,59,16,5,0.0,15.019912712712713,2.0,1.0,1.0,0,5,3,10,3,9,2.0,0.16666666666666666,0.43333333333333335,0.4,0.0,0.20833333333333334,0.5,10.749410065758234,59.12175536167029,0.12702526016717694,0.28567775786593874,0.0,5.5,1.0,1.0,0.5,0.5,0.5,0,0,0,0,0,0.0
H2_30,D,True,3-4-3,7,0,0,0,0,0,3,4,3,0,74,19,6,0.0,0.0,1.0,0.0,1.0,0,5,3,12,4,14,2.0,0.13157894736842105,0.39473684210526316,0.47368421052631576,0.0,0.16129032258064516,0.5714285714285714,15.095182027256776,60.3807281090271,0.0,0.18955734998994914,0.0,4.0,0.5,0.0,0.0,0.5,0.0,0,0,0,0,0,0.0
H1_15,A,True,3-4-3,1,0,0,0,0,0,3,4,3,0,14,6,0,0.0,38.49801309203603,2.0,1.0,1.0,0,4,1,7,0,0,2.0,0.3333333333333333,0.6666666666666666,0.0,0.0,0.36363636363636365,0.0,11.081836527416357,66.49101916449814,0.28949784178215343,0.0746654648932441,0.0,6.0,0.5,2.0,1.0,0.5,0.5,0,0,0,0,0,0.0
H1_30,A,True,3-4-3,2,0,0,0,0,0,3,4,3,0,29,10,1,0.0,11.977987555555556,2.0,0.0,1.0,0,6,2,12,0,4,2.0,0.25,0.5833333333333334,0.16666666666666666,0.0,0.2727272727272727,0.0,11.57830204335284,69.46981226011704,0.08621001817815604,0.05419609568678932,0.0,6.0,0.5,1.0,1.0,0.5,0.0,0,0,0,0,0,0.0
H1_45,A,True,3-4-3,4,0,0,0,0,0,3,4,3,0,44,13,1,0.0,19.669863922241277,2.0,0.0,2.0,0,8,4,14,0,6,2.0,0.25,0.5625,0.1875,0.0,0.2857142857142857,0.0,21.27041911726517,85.08167646906068,0.11559400765565589,0.49218004889029476,0.0,4.0,1.0,1.0,1.0,1.0,0.0,0,0,0,0,0,0.0
H1_15,M,True,3-4-3,2,0,0,0,0,0,3,4,3,0,14,5,1,0.0,7.736845714285714,2.0,0.0,2.0,0,1,1,4,1,4,2.0,0.09090909090909091,0.45454545454545453,0.45454545454545453,0.0,0.1111111111111111,0.5,12.492885252435208,68.71086888839365,0.05630001366197677,0.26271938622852303,0.0,5.5,1.0,0.5,0.5,1.0,0.0,0,0,0,0,0,0.0
H1_30,M,True,3-4-3,2,0,0,0,0,0,3,4,3,0,29,12,2,0.0,0.0,0.0,0.0,0.0,0,1,1,4,1,6,2.0,0.07692307692307693,0.38461538461538464,0.5384615384615384,0.0,0.09090909090909091,0.5,9.726884336043362,9.726884336043362,0.0,0.0,0.0,1.0,0.0,0.0,0.0,0.0,0.0,0,0,0,0,0,0.0
H1_45,M,True,3-4-3,3,0,0,0,0,0,3,4,3,0,44,19,3,0.0,36.949534169279,2.0,1.0,1.0,0,4,1,6,2,7,2.0,0.2,0.35,0.45,0.0,0.23529411764705882,0.6666666666666666,11.864222428768857,41.524778500691,0.4449094673516938,0.2147112888158826,0.0,3.5,0.5,1.5,1.0,0.5,0.5,0,0,0,0,0,0.0
H2_15,M,True,3-4-3,5,0,0,0,0,0,3,4,3,0,59,25,3,0.0,43.75159879822897,2.0,1.0,1.0,0,6,2,9,3,11,2.0,0.1935483870967742,0.3548387096774194,0.45161290322580644,0.0,0.23076923076923078,0.6,13.317430579275829,73.24586818601706,0.29866257224992065,0.17662089781153936,0.0,5.5,1.0,1.0,0.5,0.5,0.5,0,0,0,0,0,0.0
H2_30,M,True,3-4-3,6,0,0,0,0,0,3,4,3,0,74,35,3,0.0,0.0,1.0,0.0,0.0,0,6,2,12,4,12,2.0,0.16666666666666666,0.3888888888888889,0.4444444444444444,0.0,0.2,0.6666666666666666,10.055066389657053,25.137665974142635,0.0,0.27363193114992396,0.0,2.5,0.5,0.0,0.0,0.5,0.0,0,0,0,0,0,0.0
H1_15,A,True,3-4-3,0,0,0,0,0,0,3,4,3,0,14,1,1,0.0,59.256747677865604,2.0,2.0,0.0,0,4,0,4,0,0,2.0,0.5,0.5,0.0,0.0,0.5,0.0,15.62591792658418,62.50367170633672,0.47402613366678475,0.0,0.0,4.0,0.0,2.0,1.0,0.0,1.0,0,0,0,0,0,0.0
H1_30,A,True,3-4-3,2,0,0,0,0,0,3,4,3,0,29,2,1,0.0,72.96130816851425,2.0,2.0,1.0,0,10,1,6,1,1,2.0,0.5263157894736842,0.3684210526315789,0.10526315789473684,0.0,0.5882352941176471,0.5,11.978276130474091,65.8805187176075,0.5537396303849556,0.21824906511168043,0.0,5.5,1.0,3.0,1.0,0.5,1.0,0,0,0,0,0,0.0
H1_45,A,True,3-4-3,6,0,0,0,0,0,3,4,3,0,44,4,1,108.91016468186243,63.44881221508652,2.0,2.0,2.0,4,15,1,12,1,2,2.0,0.5428571428571428,0.37142857142857144,0.08571428571428572,0.6666666666666666,0.5172413793103449,0.16666666666666666,17.015971862888097,136.12777490310478,0.633077918961187,0.4000291812577714,27.227541170465607,8.0,2.0,4.5,1.0,1.0,1.0,0,0,0,0,0,0.0
H2_15,A,True,3-4-3,9,0,0,0,0,0,3,4,3,0,59,5,1,24.306466666666672,57.96085980711695,2.0,1.0,2.0,6,18,2,18,1,2,2.0,0.5106382978723404,0.425531914893617,0.06382978723404255,0.6666666666666666,0.47368421052631576,0.1111111111111111,15.320500932767047,91.92300559660228,0.44747952887228293,0.22101180836193884,12.153233333333336,6.0,1.5,2.5,1.0,1.0,0.5,0,0,0,0,0,0.0
H2_30,A,True,3-4-3,10,0,0,0,0,0,3,4,3,0,74,5,1,14.649116666666666,5.468544,1.0,1.0,1.0,7,19,2,19,1,4,2.0,0.5,0.40384615384615385,0.09615384615384616,0.7,0.4523809523809524,0.1,14.667610188611388,73.33805094305694,0.27431408945251284,0.1997478318320856,14.649116666666666,5.0,1.0,2.0,1.0,1.0,1.0,0,0,0,0,0,0.0
H1_15,A,True,3-4-3,1,0,0,0,0,0,3,4,3,0,14,7,1,0.0,19.150048309178743,2.0,1.0,1.0,0,2,1,4,0,2,2.0,0.2222222222222222,0.5555555555555556,0.2222222222222222,0.0,0.25,0.0,11.495976796633919,51.73189558485264,0.18508937370918585,0.3227172305466878,0.0,4.5,0.5,1.0,0.5,0.5,0.5,0,0,0,0,0,0.0
H1_30,A,True,3-4-3,3,0,0,0,0,0,3,4,3,0,29,12,1,13.061739130434782,50.29378229311065,2.0,2.0,2.0,1,8,1,7,1,3,2.0,0.42857142857142855,0.38095238095238093,0.19047619047619047,0.3333333333333333,0.4444444444444444,0.3333333333333333,11.78564557319458,70.71387343916749,0.4479709450370289,0.20575122085694894,13.061739130434782,6.0,1.0,3.5,1.0,1.0,1.0,0,0,0,0,0,0.0
H1_45,A,True,3-4-3,6,0,0,0,0,0,3,4,3,0,44,20,1,0.0,87.00028216998012,2.0,1.0,1.0,1,13,4,13,1,4,2.0,0.3888888888888889,0.4722222222222222,0.1388888888888889,0.16666666666666666,0.43333333333333335,0.16666666666666666,17.97544871683262,134.81586537624466,0.32266336727943473,0.3744387910278284,0.0,7.5,1.5,2.5,1.0,0.5,0.5,0,0,0,0,0,0.0
H2_15,A,True,3-4-3,10,1,0,0,1,0,3,4,3,0,59,25,1,20.698366640440597,39.591040747028856,2.0,1.0,2.0,3,16,4,20,3,6,2.0,0.36538461538461536,0.46153846153846156,0.17307692307692307,0.3,0.38095238095238093,0.3,14.415236128169049,115.32188902535239,0.26139620108987033,0.22859930516206808,10.349183320220298,8.0,2.0,2.5,1.0,1.0,0.5,1,0,1,0,0,0.0
H2_30,A,True,3-4-3,12,1,0,0,1,0,3,4,3,0,74,29,2,0.0,26.484462741935488,1.0,1.0,1.0,3,18,5,21,4,8,2.0,0.3559322033898305,0.4406779661016949,0.2033898305084746,0.25,0.3829787234042553,0.3333333333333333,16.384384898435663,114.69069428904963,0.2309207639391207,0.352377810901197,0.0,7.0,2.0,2.0,1.0,1.0,1.0,1,0,1,0,0,0.0
H2_15,A,True,3-4-3,2,0,0,0,0,0,3,4,3,0,14,4,1,26.498770995670995,68.72668681272586,2.0,2.0,1.0,2,5,0,7,0,1,2.0,0.4666666666666667,0.4666666666666667,0.06666666666666667,1.0,0.38461538461538464,0.0,15.754701405817322,118.16026054362992,0.40295043938751074,0.11213063881949759,13.249385497835497,7.5,1.0,3.5,1.0,0.5,1.0,0,0,0,0,0,0.0
H2_30,A,True,3-4-3,6,0,0,0,0,0,3,4,3,0,29,11,1,0.0,0.0,2.0,0.0,2.0,2,5,3,18,1,3,2.0,0.21875,0.65625,0.125,0.3333333333333333,0.19230769230769232,0.16666666666666666,11.858365826342176,100.7961095239085,0.0,0.24670555059381843,0.0,8.5,2.0,0.0,0.0,1.0,0.0,0,0,0,0,0,0.0
H2_30,M,True,3-4-3,1,0,0,0,0,0,3,4,3,0,5,3,0,0.0,0.0,2.0,0.0,1.0,0,0,0,5,1,1,2.0,0.0,0.7142857142857143,0.2857142857142857,0.0,0.0,1.0,16.3680244580644,57.2880856032254,0.0,0.42010592252942325,0.0,3.5,0.5,0.0,0.0,0.5,0.0,0,0,0,0,0,0.0
H1_15,M,True,3-4-3,1,0,0,0,0,0,3,4,3,0,14,4,0,0.0,25.80694454033771,2.0,0.0,1.0,0,2,1,3,0,1,2.0,0.2857142857142857,0.5714285714285714,0.14285714285714285,0.0,0.3333333333333333,0.0,15.89266625292591,55.624331885240686,0.2319753214616615,0.17273178835483768,0.0,3.5,0.5,1.0,1.0,0.5,0.0,0,0,0,0,0,0.0
H1_30,M,True,3-4-3,4,0,0,0,0,0,3,4,3,0,29,5,1,51.40946401359069,28.269782727272723,1.0,1.0,1.0,3,5,1,4,0,4,2.0,0.47058823529411764,0.29411764705882354,0.23529411764705882,0.75,0.38461538461538464,0.0,13.803353731042458,69.01676865521229,0.5772455614295547,0.37244183562416133,17.136488004530232,5.0,1.5,3.0,0.5,0.5,0.5,0,0,0,0,0,0.0
H1_45,M,True,3-4-3,7,0,0,0,0,0,3,4,3,0,44,8,3,18.189521645021642,45.08923618040603,2.0,2.0,2.0,5,9,2,6,0,8,2.0,0.4666666666666667,0.26666666666666666,0.26666666666666666,0.7142857142857143,0.391304347826087,0.0,12.963296773834779,84.26142902992606,0.3754906518553926,0.31482859987746115,9.094760822510821,6.5,1.5,3.0,1.0,1.0,1.0,0,0,0,0,0,0.0
H2_15,M,True,3-4-3,8,0,0,0,0,0,3,4,3,0,59,13,4,0.0,37.94520301754386,2.0,1.0,1.0,5,11,2,11,1,11,2.0,0.3902439024390244,0.3170731707317073,0.2926829268292683,0.625,0.3333333333333333,0.125,15.688741284534705,86.28807706494088,0.21987512242847929,0.11938652654252375,0.0,5.5,0.5,1.0,0.5,0.5,0.5,0,0,0,0,0,0.0
H2_30,M,True,3-4-3,9,0,0,0,0,0,3,4,3,0,74,15,4,0.0,11.400241666666664,2.0,0.0,1.0,5,12,2,14,2,16,2.0,0.3333333333333333,0.3137254901960784,0.35294117647058826,0.5555555555555556,0.2857142857142857,0.2222222222222222,12.933065675377179,64.6653283768859,0.08814802269481392,0.04595493417695404,0.0,5.0,0.5,0.5,0.5,0.5,0.0,0,0,0,0,0,0.0
H1_15,M,True,3-4-3,0,0,0,0,0,0,3,4,3,0,14,3,0,0.0,24.78486121212121,2.0,0.0,0.0,0,2,0,5,0,2,2.0,0.2222222222222222,0.5555555555555556,0.2222222222222222,0.0,0.2222222222222222,0.0,11.735366230930072,52.809148039185324,0.23466446754386575,0.0,0.0,4.5,0.0,1.0,1.0,0.0,0.0,0,0,0,0,0,0.0
H1_30,M,True,3-4-3,1,1,0,1,1,0,3,4,3,0,29,5,2,7.701171428571428,35.67605687211339,2.0,1.0,1.0,1,6,0,11,0,5,2.0,0.30434782608695654,0.4782608695652174,0.21739130434782608,1.0,0.2727272727272727,0.0,9.587876313194633,67.11513419236243,0.3231553421047995,0.057372837894495377,7.701171428571428,7.0,0.5,2.5,1.0,0.5,0.5,1,0,0,0,1,1.0
H1_45,M,True,3-4-3,2,1,0,1,1,0,3,4,3,0,44,6,3,0.0,28.745112688753657,2.0,1.0,1.0,1,9,1,13,0,11,2.0,0.2857142857142857,0.4,0.3142857142857143,0.5,0.2727272727272727,0.0,15.660795295443785,93.96477177266271,0.152956858972101,0.23677785364333884,0.0,6.0,0.5,1.5,0.5,0.5,0.5,1,0,0,0,1,1.0
H2_15,M,True,3-4-3,2,1,0,1,1,0,3,4,3,0,14,4,0,0.0,25.348821913978494,2.0,1.0,1.0,0,3,1,3,1,4,2.0,0.25,0.3333333333333333,0.4166666666666667,0.0,0.3,0.5,12.447351972331793,74.68411183399076,0.16970692488332947,0.3205995063873651,0.0,6.0,1.0,1.5,0.5,0.5,0.5,1,0,0,0,1,1.0
H2_30,M,True,3-4-3,2,1,0,1,1,0,3,4,3,0,29,14,1,0.0,0.0,2.0,0.0,0.0,0,3,1,8,1,9,2.0,0.13636363636363635,0.4090909090909091,0.45454545454545453,0.0,0.15,0.5,17.14586960552221,85.72934802761105,0.0,0.0,0.0,5.0,0.0,0.0,0.0,0.0,0.0,1,0,0,0,1,1.0
H1_15,G,False,4-2-3-1,0,0,0,0,0,0,4,2,3,1,14,1,0,0.0,0.0,0.0,0.0,0.0,0,0,0,0,0,0,0.0,0.0,0.0,0.0,0.0,0.0,0.0,0.0,0.0,0.0,0.0,0.0,0.0,0.0,0.0,0.0,0.0,0.0,0,0,0,0,0,0.0
H1_30,G,False,4-2-3-1,0,0,0,0,0,0,4,2,3,1,29,2,0,0.0,0.0,0.0,0.0,0.0,0,0,0,0,0,0,0.0,0.0,0.0,0.0,0.0,0.0,0.0,0.0,0.0,0.0,0.0,0.0,0.0,0.0,0.0,0.0,0.0,0.0,0,0,0,0,0,0.0
H1_45,G,False,4-2-3-1,1,0,0,0,0,0,4,2,3,1,44,2,1,0.0,0.0,0.0,0.0,0.0,0,0,0,0,1,0,1.0,0.0,0.0,1.0,0.0,0.0,1.0,17.030490566037738,17.030490566037738,0.0,1.0,0.0,1.0,1.0,0.0,0.0,1.0,0.0,0,0,0,0,0,0.0
H2_15,G,False,4-2-3-1,1,0,0,0,0,0,4,2,3,1,59,6,4,0.0,0.0,0.0,0.0,0.0,0,0,0,0,1,0,1.0,0.0,0.0,1.0,0.0,0.0,1.0,0.0,0.0,0.0,0.0,0.0,0.0,0.0,0.0,0.0,0.0,0.0,0,0,0,0,0,0.0
H2_30,G,False,4-2-3-1,1,0,0,0,0,0,4,2,3,1,74,6,4,0.0,0.0,0.0,0.0,0.0,0,0,0,0,1,0,1.0,0.0,0.0,1.0,0.0,0.0,1.0,0.0,0.0,0.0,0.0,0.0,0.0,0.0,0.0,0.0,0.0,0.0,0,0,0,0,0,0.0
H1_15,D,False,4-2-3-1,1,0,0,0,0,0,4,2,3,1,14,4,1,0.0,34.981307061900615,2.0,1.0,1.0,0,3,1,4,0,1,2.0,0.3333333333333333,0.5555555555555556,0.1111111111111111,0.0,0.375,0.0,11.644735162133552,52.401308229600986,0.33378276462704815,0.16063951405129392,0.0,4.5,0.5,1.5,1.0,0.5,0.5,0,0,0,0,0,0.0
H1_30,D,False,4-2-3-1,1,0,0,0,0,0,4,2,3,1,29,12,2,0.0,32.88548783485808,2.0,1.0,0.0,0,6,1,7,0,4,2.0,0.3333333333333333,0.4444444444444444,0.2222222222222222,0.0,0.35294117647058826,0.0,10.953413782344592,49.29036202055067,0.33358943297218135,0.0,0.0,4.5,0.0,1.5,1.0,0.0,0.5,0,0,0,0,0,0.0
H1_45,D,False,4-2-3-1,3,0,0,0,0,0,4,2,3,1,44,21,5,0.0,5.847111111111111,2.0,0.0,2.0,0,7,2,9,1,7,2.0,0.2692307692307692,0.4230769230769231,0.3076923076923077,0.0,0.30434782608695654,0.3333333333333333,14.282539411234048,57.13015764493619,0.05117359510410329,0.42384264209370187,0.0,4.0,1.0,0.5,0.5,1.0,0.0,0,0,0,0,0,0.0
H2_15,D,False,4-2-3-1,5,0,0,0,0,0,4,2,3,1,59,28,6,0.0,24.089821970055162,2.0,1.0,1.0,0,10,3,14,2,9,2.0,0.2631578947368421,0.4473684210526316,0.2894736842105263,0.0,0.30303030303030304,0.4,11.966095617256363,71.79657370353817,0.16776442612377757,0.37430364906411334,0.0,6.0,1.0,1.5,1.0,0.5,0.5,0,0,0,0,0,0.0
H2_30,D,False,4-2-3-1,5,0,0,0,0,0,4,2,3,1,74,29,6,0.0,26.73881099050203,1.0,0.0,0.0,0,12,3,15,2,10,2.0,0.2857142857142857,0.42857142857142855,0.2857142857142857,0.0,0.32432432432432434,0.4,12.515598382546143,25.031196765092286,0.5341097199913176,0.0,0.0,2.0,0.0,1.0,1.0,0.0,0.0,0,0,0,0,0,0.0
H1_15,D,False,4-2-3-1,0,0,0,0,0,0,4,2,3,1,14,6,2,0.0,0.0,0.0,0.0,0.0,0,0,0,0,0,1,1.0,0.0,0.0,1.0,0.0,0.0,0.0,7.3625,7.3625,0.0,0.0,0.0,1.0,0.0,0.0,0.0,0.0,0.0,0,0,0,0,0,0.0
H1_30,D,False,4-2-3-1,0,0,0,0,0,0,4,2,3,1,29,14,4,0.0,26.611010485933498,1.0,1.0,0.0,0,2,0,0,0,3,1.0,0.4,0.0,0.6,0.0,0.4,0.0,16.24249085277589,64.96996341110356,0.4095894331592866,0.0,0.0,4.0,0.0,2.0,1.0,0.0,1.0,0,0,0,0,0,0.0
H1_45,D,False,4-2-3-1,2,0,0,0,0,0,4,2,3,1,44,20,8,0.0,0.0,2.0,0.0,2.0,0,2,0,1,2,9,2.0,0.14285714285714285,0.07142857142857142,0.7857142857142857,0.0,0.16666666666666666,1.0,9.720247919649408,43.741115638422336,0.0,0.27263667588474627,0.0,4.5,1.0,0.0,0.0,1.0,0.0,0,0,0,0,0,0.0
H2_15,D,False,4-2-3-1,5,0,0,0,0,0,4,2,3,1,59,27,9,0.0,0.0,2.0,0.0,2.0,0,2,1,4,4,13,2.0,0.08333333333333333,0.20833333333333334,0.7083333333333334,0.0,0.10526315789473684,0.8,12.007259438874193,60.03629719437097,0.0,0.27195838983133835,0.0,5.0,1.5,0.0,0.0,1.0,0.0,0,0,0,0,0,0.0
H2_30,D,False,4-2-3-1,6,1,0,1,1,0,4,2,3,1,74,28,9,0.0,22.39459090909091,2.0,0.0,1.0,0,3,1,6,5,14,2.0,0.10344827586206896,0.2413793103448276,0.6551724137931034,0.0,0.13043478260869565,0.8333333333333334,16.392092992696195,40.98023248174049,0.27323650395430576,0.12630750968573506,0.0,2.5,0.5,0.5,0.5,0.5,0.0,1,0,0,0,1,1.0
H1_15,M,False,4-2-3-1,0,0,0,0,0,0,4,2,3,1,14,4,1,0.0,6.134014285714286,1.0,0.0,0.0,0,1,0,1,0,0,1.0,0.5,0.5,0.0,0.0,0.5,0.0,14.60230007215007,29.20460014430014,0.21003589350328636,0.0,0.0,2.0,0.0,1.0,1.0,0.0,0.0,0,0,0,0,0,0.0
H1_30,M,False,4-2-3-1,0,0,0,0,0,0,4,2,3,1,29,10,3,0.0,0.0,1.0,0.0,0.0,0,1,0,3,0,1,2.0,0.2,0.6,0.2,0.0,0.2,0.0,12.686573547482098,19.029860321223147,0.0,0.0,0.0,1.5,0.0,0.0,0.0,0.0,0.0,0,0,0,0,0,0.0
H1_45,M,False,4-2-3-1,2,0,0,0,0,0,4,2,3,1,44,13,3,0.0,0.0,2.0,0.0,2.0,0,1,1,6,1,3,2.0,0.08333333333333333,0.5833333333333334,0.3333333333333333,0.0,0.1,0.5,16.6935083683092,58.4272792890822,0.0,0.568779362530132,0.0,3.5,1.0,0.0,0.0,1.0,0.0,0,0,0,0,0,0.0
H2_15,M,False,4-2-3-1,4,0,0,0,0,0,4,2,3,1,59,20,3,0.0,11.322755993431855,2.0,0.0,2.0,0,3,3,9,1,6,2.0,0.13636363636363635,0.5454545454545454,0.3181818181818182,0.0,0.16666666666666666,0.25,14.85713260094754,74.2856630047377,0.07621091025807851,0.37021950021112365,0.0,5.0,1.0,1.0,1.0,1.0,0.0,0,0,0,0,0,0.0
H2_30,M,False,4-2-3-1,6,0,0,0,0,0,4,2,3,1,74,20,5,16.020316981132076,37.51626065483811,2.0,2.0,1.0,1,6,4,11,1,6,2.0,0.2413793103448276,0.5172413793103449,0.2413793103448276,0.16666666666666666,0.2608695652173913,0.16666666666666666,14.020278752228545,49.07097563279991,0.5455014593207456,0.49697498500833126,16.020316981132076,3.5,1.0,2.0,1.0,0.5,1.0,0,0,0,0,0,0.0
H2_15,A,False,4-2-3-1,2,1,1,1,1,0,4,2,3,1,14,1,0,9.866217142857142,66.56934528740841,2.0,2.0,1.0,1,6,1,5,0,1,2.0,0.5,0.42857142857142855,0.07142857142857142,0.5,0.5,0.0,12.252288771055733,85.76602139739013,0.44560515449415194,0.11542832942615458,9.866217142857142,7.0,1.0,3.5,1.0,0.5,1.0,1,1,0,0,1,1.0
H2_30,A,False,4-2-3-1,6,1,1,1,1,0,4,2,3,1,29,4,0,36.380046654456656,95.05478873496467,2.0,2.0,1.0,4,15,2,10,0,1,2.0,0.59375,0.375,0.03125,0.6666666666666666,0.5769230769230769,0.0,9.444580420579896,85.00122378521907,0.7731349593361774,0.25629748937913016,12.126682218152219,9.0,2.0,6.0,1.0,0.5,1.0,1,1,0,0,1,1.0
H1_15,A,False,4-2-3-1,3,0,0,0,0,1,4,2,3,1,14,3,0,60.370791077207585,61.094870837246475,2.0,2.0,2.0,2,7,0,4,1,1,2.0,0.6,0.26666666666666666,0.13333333333333333,0.6666666666666666,0.5833333333333334,0.3333333333333333,12.831502770487413,96.2362707786556,0.6310804696174601,0.36034908156785334,30.185395538603792,7.5,1.5,4.5,1.0,1.0,1.0,0,0,0,0,0,0.0
H1_30,A,False,4-2-3-1,8,0,0,0,0,1,4,2,3,1,29,5,0,29.369765,37.986677440395866,2.0,1.0,2.0,4,10,2,5,2,2,2.0,0.56,0.28,0.16,0.5,0.5882352941176471,0.25,11.531741524461967,57.658707622309834,0.5840960127099145,0.5763712651952841,14.6848825,5.0,2.5,2.5,0.5,1.0,0.5,0,0,0,0,0,0.0
H1_45,A,False,4-2-3-1,10,0,0,0,0,1,4,2,3,1,44,8,0,19.0705947467167,102.46534638154066,2.0,2.0,1.0,6,17,2,9,2,2,2.0,0.6052631578947368,0.2894736842105263,0.10526315789473684,0.6,0.6071428571428571,0.2,14.865558271575228,96.62612876523899,0.6288979113689775,0.09868239052115114,9.53529737335835,6.5,1.0,4.5,1.0,0.5,1.0,0,0,0,0,0,0.0
H2_15,A,False,4-2-3-1,14,2,2,2,2,0,4,2,3,1,59,13,0,0.0,97.10051610464711,2.0,2.0,2.0,6,25,6,14,2,3,2.0,0.5535714285714286,0.35714285714285715,0.08928571428571429,0.42857142857142855,0.5952380952380952,0.14285714285714285,16.738888912429754,150.6500002118678,0.32227187510152355,0.4107980874863672,0.0,9.0,2.0,4.0,1.0,1.0,1.0,2,0,0,0,2,1.0
H2_30,A,False,4-2-3-1,19,2,2,2,2,0,4,2,3,1,74,14,1,51.36075070771001,57.33363549156158,2.0,2.0,2.0,10,29,7,18,2,3,2.0,0.5652173913043478,0.36231884057971014,0.07246376811594203,0.5263157894736842,0.58,0.10526315789473684,10.735939615749668,69.78360750237285,0.7787959815317348,0.41717796479445557,12.840187676927503,6.5,2.5,4.0,1.0,1.0,1.0,2,0,0,0,2,1.0
H1_15,M,False,4-2-3-1,0,0,0,0,0,0,4,2,3,1,14,4,1,0.0,28.19059774985628,2.0,1.0,0.0,0,3,0,4,0,2,2.0,0.3333333333333333,0.4444444444444444,0.2222222222222222,0.0,0.3333333333333333,0.0,12.71527459527675,57.218735678745375,0.24634062091246134,0.0,0.0,4.5,0.0,1.5,1.0,0.0,0.5,0,0,0,0,0,0.0
H1_30,M,False,4-2-3-1,0,0,0,0,0,0,4,2,3,1,29,11,1,0.0,33.82910962643397,2.0,1.0,0.0,0,6,0,6,0,3,2.0,0.4,0.4,0.2,0.0,0.4,0.0,18.327704034254477,54.98311210276343,0.30763181941399903,0.0,0.0,3.0,0.0,1.5,1.0,0.0,0.5,0,0,0,0,0,0.0
H1_45,M,False,4-2-3-1,3,0,0,0,0,0,4,2,3,1,44,16,1,47.032198907103826,35.55085818181818,2.0,1.0,2.0,2,10,0,12,1,5,2.0,0.4,0.4,0.2,0.6666666666666666,0.37037037037037035,0.3333333333333333,15.736292043861232,118.02219032895924,0.34986241510490973,0.26890563128806594,23.516099453551913,7.5,1.5,3.0,0.5,1.0,0.5,0,0,0,0,0,0.0
H2_15,M,False,4-2-3-1,4,0,0,0,0,0,4,2,3,1,59,20,1,16.85619649122807,81.22914979338485,2.0,2.0,1.0,3,15,0,15,1,9,2.0,0.4186046511627907,0.3488372093023256,0.23255813953488372,0.75,0.38461538461538464,0.25,14.90849536685647,96.90521988456706,0.5060890754979537,0.08697259296922845,16.85619649122807,6.5,0.5,3.0,1.0,0.5,1.0,0,0,0,0,0,0.0
H2_30,M,False,4-2-3-1,1,1,0,1,1,0,4,2,3,1,5,2,0,46.04153191489361,22.44311120448179,2.0,2.0,1.0,1,3,0,0,0,0,2.0,1.0,0.0,0.0,1.0,1.0,0.0,17.12116077984385,34.2423215596877,1.0,0.6722898713896885,46.04153191489361,2.0,0.5,2.0,1.0,0.5,1.0,1,0,0,1,1,1.0
H1_15,M,False,4-2-3-1,4,1,0,1,1,0,4,2,3,1,14,2,1,26.82129,7.552341176470589,2.0,0.0,2.0,1,1,3,9,0,1,2.0,0.13333333333333333,0.8,0.06666666666666667,0.25,0.09090909090909091,0.0,14.549473255895121,109.1210494192134,0.15750229382608136,0.3580076668178229,26.82129,7.5,2.0,1.0,1.0,1.0,0.0,1,1,0,0,1,1.0
H1_30,M,False,4-2-3-1,7,1,0,1,1,0,4,2,3,1,29,4,1,14.147162790697676,22.71747769230769,2.0,1.0,2.0,2,3,4,14,1,4,2.0,0.17857142857142858,0.6428571428571429,0.17857142857142858,0.2857142857142857,0.14285714285714285,0.14285714285714285,12.01918777531463,78.1247205395451,0.23593454305123088,0.3060355696764502,14.147162790697676,6.5,1.5,1.5,0.5,1.0,0.5,1,1,0,0,1,1.0
H1_45,M,False,4-2-3-1,8,2,0,2,2,0,4,2,3,1,44,8,1,0.0,32.57215052473764,2.0,1.0,1.0,2,6,5,17,1,7,2.0,0.21052631578947367,0.5789473684210527,0.21052631578947367,0.25,0.2,0.125,15.919149193158722,79.59574596579361,0.20460987034869657,0.265906907332865,0.0,5.0,0.5,1.5,0.5,0.5,0.5,2,1,0,0,2,1.0
H2_15,M,False,4-2-3-1,10,2,0,2,2,0,4,2,3,1,59,13,1,39.57542879818594,46.38302199400262,2.0,2.0,1.0,4,13,5,21,1,8,2.0,0.3269230769230769,0.5,0.17307692307692307,0.4,0.30952380952380953,0.1,9.689601681894112,67.82721177325878,0.6336575582639393,0.29173710494309857,19.78771439909297,7.0,1.0,4.5,1.0,0.5,1.0,2,1,0,0,2,1.0
H2_30,M,False,4-2-3-1,15,3,1,3,3,0,4,2,3,1,74,16,1,56.10238068362046,94.98917442385203,2.0,2.0,2.0,8,21,6,26,1,9,2.0,0.4084507042253521,0.4507042253521127,0.14084507042253522,0.5333333333333333,0.375,0.06666666666666667,11.673063828745352,110.89410637308085,0.6812424936234007,0.32589224810505585,14.025595170905115,9.5,2.5,6.0,1.0,1.0,1.0,3,1,0,0,3,1.0
H1_15,M,False,4-2-3-1,4,0,0,0,0,0,4,2,3,1,14,3,0,9.188460606060604,138.9631175386021,2.0,2.0,2.0,1,10,3,5,0,1,2.0,0.55,0.4,0.05,0.25,0.625,0.0,13.726193899162098,137.26193899162098,0.5396673660340265,0.2322232697370032,9.188460606060604,10.0,2.0,5.5,1.0,1.0,1.0,0,0,0,0,0,0.0
H1_30,M,False,4-2-3-1,5,0,0,0,0,0,4,2,3,1,29,5,0,0.0,15.095606557377048,2.0,0.0,1.0,1,11,3,10,1,3,2.0,0.41379310344827586,0.4482758620689655,0.13793103448275862,0.2,0.4583333333333333,0.2,19.15368116466948,86.19156524101265,0.08757009177850551,0.17433755891676614,0.0,4.5,0.5,0.5,0.5,0.5,0.0,0,0,0,0,0,0.0
H1_45,M,False,4-2-3-1,7,0,0,0,0,0,4,2,3,1,44,6,2,0.0,44.760562167487684,2.0,1.0,2.0,1,14,4,13,2,6,2.0,0.375,0.425,0.2,0.14285714285714285,0.42424242424242425,0.2857142857142857,20.85902745001388,114.72465097507634,0.19507822332452252,0.22395736354499327,0.0,5.5,1.0,1.5,1.0,1.0,0.5,0,0,0,0,0,0.0
H1_15,M,False,4-2-3-1,3,0,0,0,0,0,4,2,3,1,14,5,0,28.415827914893615,46.08367019490854,2.0,2.0,2.0,2,5,1,2,0,0,2.0,0.7,0.3,0.0,0.6666666666666666,0.7142857142857143,0.0,12.46136867694807,62.30684338474035,0.5978436240925659,0.47906968698653807,14.207913957446808,5.0,1.5,3.5,1.0,1.0,1.0,0,0,0,0,0,0.0
H1_30,M,False,4-2-3-1,3,0,0,0,0,0,4,2,3,1,29,12,1,0.0,8.794953846153847,2.0,0.0,0.0,2,6,1,4,0,2,2.0,0.5333333333333333,0.3333333333333333,0.13333333333333333,0.6666666666666666,0.5,0.0,15.188454985841409,37.97113746460352,0.11581104008738813,0.0,0.0,2.5,0.0,0.5,0.5,0.0,0.0,0,0,0,0,0,0.0
H1_45,M,False,4-2-3-1,5,0,0,0,0,0,4,2,3,1,44,19,2,0.0,45.60867870474601,2.0,1.0,2.0,2,10,2,7,1,9,2.0,0.3870967741935484,0.2903225806451613,0.3225806451612903,0.4,0.38461538461538464,0.2,14.615713739206056,116.92570991364845,0.19503272094062446,0.1665433604909966,0.0,8.0,1.0,2.0,0.5,1.0,0.5,0,0,0,0,0,0.0
H2_15,M,False,4-2-3-1,9,0,0,0,0,0,4,2,3,1,59,22,2,77.05631863118278,33.835827243962285,2.0,1.0,1.0,6,13,2,11,1,13,2.0,0.41304347826086957,0.2826086956521739,0.30434782608695654,0.6666666666666666,0.35135135135135137,0.1111111111111111,13.50505505971578,101.28791294786835,0.5474105579222464,0.38038259644486266,19.264079657795694,7.5,2.0,3.5,1.0,0.5,0.5,0,0,0,0,0,0.0
H2_30,M,False,4-2-3-1,10,1,1,0,1,0,4,2,3,1,74,23,2,0.0,39.19471643835617,1.0,0.0,1.0,6,15,3,13,1,14,2.0,0.40384615384615385,0.3076923076923077,0.28846153846153844,0.6,0.35714285714285715,0.1,13.22985701435342,39.68957104306026,0.4937659365962004,0.1646670660738736,0.0,3.0,0.5,1.0,1.0,0.5,0.0,1,0,0,0,0,0.0
H1_15,D,False,4-2-3-1,1,0,0,0,0,0,4,2,3,1,14,2,2,0.0,0.0,1.0,0.0,1.0,0,0,1,2,0,0,1.0,0.0,1.0,0.0,0.0,0.0,0.0,9.612286624409546,28.836859873228637,0.0,0.360529994835823,0.0,3.0,1.0,0.0,0.0,1.0,0.0,0,0,0,0,0,0.0
H1_30,D,False,4-2-3-1,2,0,0,0,0,0,4,2,3,1,29,6,3,0.0,17.814641025641023,2.0,0.0,1.0,0,1,1,4,1,3,2.0,0.1,0.5,0.4,0.0,0.125,0.5,12.999649079547902,45.498771778417655,0.1957705706035278,0.14698868085966232,0.0,3.5,0.5,0.5,0.5,0.5,0.0,0,0,0,0,0,0.0
H1_45,D,False,4-2-3-1,5,0,0,0,0,0,4,2,3,1,44,10,5,0.0,9.917314285714289,2.0,0.0,2.0,0,2,1,8,4,5,2.0,0.1,0.45,0.45,0.0,0.13333333333333333,0.8,13.165756855526684,65.82878427763342,0.07532657935689605,0.45478082996941743,0.0,5.0,1.5,0.5,0.5,1.0,0.0,0,0,0,0,0,0.0
H2_15,D,False,4-2-3-1,5,0,0,0,0,0,4,2,3,1,59,20,9,0.0,18.969994805194805,1.0,0.0,0.0,0,3,1,10,4,7,2.0,0.12,0.44,0.44,0.0,0.15,0.8,18.254447627705627,45.63611906926407,0.20783970232441498,0.0,0.0,2.5,0.0,0.5,0.5,0.0,0.0,0,0,0,0,0,0.0
H2_30,D,False,4-2-3-1,5,0,0,0,0,0,4,2,3,1,74,22,10,0.0,0.0,1.0,0.0,0.0,0,3,1,12,4,7,2.0,0.1111111111111111,0.48148148148148145,0.4074074074074074,0.0,0.13636363636363635,0.8,8.921994920634921,17.843989841269842,0.0,0.0,0.0,2.0,0.0,0.0,0.0,0.0,0.0,0,0,0,0,0,0.0
H1_15,D,False,4-2-3-1,3,0,0,0,0,0,4,2,3,1,14,5,1,7.761342857142857,59.1228780527071,2.0,2.0,2.0,1,5,1,4,1,1,2.0,0.46153846153846156,0.38461538461538464,0.15384615384615385,0.3333333333333333,0.5,0.3333333333333333,10.222916506281479,66.44895729082961,0.5032751726796503,0.20131831113812107,7.761342857142857,6.5,1.5,3.0,1.0,1.0,1.0,0,0,0,0,0,0.0
H1_30,D,False,4-2-3-1,4,0,0,0,0,0,4,2,3,1,29,15,1,0.0,42.456796430931924,2.0,1.0,1.0,1,8,1,9,2,3,2.0,0.375,0.4166666666666667,0.20833333333333334,0.25,0.4,0.5,12.876905444842377,70.82297994663307,0.29973884509607057,0.17549440939088745,0.0,5.5,0.5,1.5,1.0,0.5,0.5,0,0,0,0,0,0.0
H1_45,D,False,4-2-3-1,7,1,0,0,1,0,4,2,3,1,44,17,1,47.73689379310345,24.916805544859454,2.0,1.0,1.0,2,10,2,13,3,7,2.0,0.32432432432432434,0.40540540540540543,0.2702702702702703,0.2857142857142857,0.3333333333333333,0.42857142857142855,17.255986532923167,112.16391246400059,0.3238728827388282,0.47356611190503556,47.73689379310345,6.5,1.5,1.5,0.5,0.5,0.5,1,0,0,1,0,0.0
H2_15,D,False,4-2-3-1,8,1,0,0,1,0,4,2,3,1,59,21,1,15.65305925925926,45.327468363168364,2.0,1.0,1.0,3,14,2,15,3,10,2.0,0.3617021276595745,0.3617021276595745,0.2765957446808511,0.375,0.358974358974359,0.375,14.474056349283313,72.37028174641657,0.42130917657680045,0.10814562885154393,15.65305925925926,5.0,0.5,2.5,0.5,0.5,0.5,1,0,0,1,0,0.0
H2_30,D,False,4-2-3-1,9,1,0,0,1,0,4,2,3,1,74,25,3,0.0,15.93220298507463,2.0,0.0,1.0,3,15,3,18,3,10,2.0,0.34615384615384615,0.40384615384615385,0.25,0.3333333333333333,0.3488372093023256,0.3333333333333333,12.773592329924307,31.933980824810767,0.2494553227246926,0.3418260826124942,0.0,2.5,0.5,0.5,0.5,0.5,0.0,1,0,0,1,0,0.0
H1_15,G,True,4-2-3-1,0,0,0,0,0,0,4,2,3,1,14,0,0,0.0,0.0,0.0,0.0,0.0,0,0,0,0,0,0,0.0,0.0,0.0,0.0,0.0,0.0,0.0,0.0,0.0,0.0,0.0,0.0,0.0,0.0,0.0,0.0,0.0,0.0,0,0,0,0,0,0.0
H1_30,G,True,4-2-3-1,0,0,0,0,0,0,4,2,3,1,29,0,0,0.0,0.0,0.0,0.0,0.0,0,0,0,0,0,0,0.0,0.0,0.0,0.0,0.0,0.0,0.0,0.0,0.0,0.0,0.0,0.0,0.0,0.0,0.0,0.0,0.0,0.0,0,0,0,0,0,0.0
H1_45,G,True,4-2-3-1,0,0,0,0,0,0,4,2,3,1,44,0,1,0.0,0.0,0.0,0.0,0.0,0,0,0,0,0,0,0.0,0.0,0.0,0.0,0.0,0.0,0.0,0.0,0.0,0.0,0.0,0.0,0.0,0.0,0.0,0.0,0.0,0.0,0,0,0,0,0,0.0
H2_15,G,True,4-2-3-1,0,0,0,0,0,0,4,2,3,1,59,0,2,0.0,6.675809523809523,0.0,0.0,0.0,0,1,0,0,0,0,1.0,1.0,0.0,0.0,0.0,1.0,0.0,6.675809523809523,6.675809523809523,1.0,0.0,0.0,1.0,0.0,1.0,1.0,0.0,0.0,0,0,0,0,0,0.0
H2_30,G,True,4-2-3-1,0,0,0,0,0,0,4,2,3,1,74,2,3,0.0,0.0,0.0,0.0,0.0,0,1,0,0,0,0,1.0,1.0,0.0,0.0,0.0,1.0,0.0,0.0,0.0,0.0,0.0,0.0,0.0,0.0,0.0,0.0,0.0,0.0,0,0,0,0,0,0.0
H1_15,D,True,4-2-3-1,2,0,0,0,0,0,4,2,3,1,14,4,2,9.473717647058823,112.3738599653565,2.0,2.0,1.0,1,7,1,3,0,1,2.0,0.6153846153846154,0.3076923076923077,0.07692307692307693,0.5,0.6363636363636364,0.0,15.072986753163342,97.97441389556172,0.6218336643600737,0.08488414349699454,9.473717647058823,6.5,1.0,4.0,1.0,0.5,1.0,0,0,0,0,0,0.0
H1_30,D,True,4-2-3-1,4,0,0,0,0,0,4,2,3,1,29,13,3,0.0,4.577904761904762,2.0,0.0,1.0,1,8,2,4,1,2,2.0,0.5,0.3333333333333333,0.16666666666666666,0.25,0.5714285714285714,0.25,10.907859607441543,27.269649018603857,0.08393772796235167,0.421130112915488,0.0,2.5,1.0,0.5,0.5,0.5,0.0,0,0,0,0,0,0.0
H1_45,D,True,4-2-3-1,5,0,0,0,0,0,4,2,3,1,44,32,3,0.0,0.0,2.0,0.0,1.0,1,8,2,6,2,3,2.0,0.4090909090909091,0.36363636363636365,0.22727272727272727,0.2,0.47058823529411764,0.4,12.126386882449655,24.25277376489931,0.0,0.23006831263637403,0.0,2.0,0.5,0.0,0.0,0.5,0.0,0,0,0,0,0,0.0
H2_15,D,True,4-2-3-1,9,0,0,0,0,0,4,2,3,1,59,44,3,38.965256864111495,60.99970306948973,2.0,1.0,1.0,4,14,3,11,2,4,2.0,0.47368421052631576,0.3684210526315789,0.15789473684210525,0.4444444444444444,0.4827586206896552,0.2222222222222222,14.779043724762412,118.23234979809929,0.42274792010946005,0.328586665660354,12.988418954703832,8.0,2.0,4.5,1.0,0.5,0.5,0,0,0,0,0,0.0
H2_30,D,True,4-2-3-1,11,0,0,0,0,0,4,2,3,1,74,50,3,14.887684615384616,7.4127866666666655,2.0,1.0,2.0,5,15,4,15,2,5,2.0,0.43478260869565216,0.41304347826086957,0.15217391304347827,0.45454545454545453,0.42857142857142855,0.18181818181818182,13.08772174516633,52.35088698066532,0.21299038629744216,0.33807615202156854,14.887684615384616,4.0,1.0,1.0,0.5,1.0,0.5,0,0,0,0,0,0.0
H1_15,D,True,4-2-3-1,0,0,0,0,0,0,4,2,3,1,14,5,1,0.0,29.043552380952384,2.0,1.0,0.0,0,3,0,2,0,2,2.0,0.42857142857142855,0.2857142857142857,0.2857142857142857,0.0,0.42857142857142855,0.0,8.83976844603016,30.93918956110556,0.46936511254748203,0.0,0.0,3.5,0.0,1.5,1.0,0.0,0.5,0,0,0,0,0,0.0
H1_30,D,True,4-2-3-1,0,0,0,0,0,0,4,2,3,1,29,11,3,0.0,17.48278356164384,1.0,0.0,0.0,0,4,0,3,0,4,2.0,0.36363636363636365,0.2727272727272727,0.36363636363636365,0.0,0.36363636363636365,0.0,10.782545794666278,43.13018317866511,0.40534916091643025,0.0,0.0,4.0,0.0,1.0,1.0,0.0,0.0,0,0,0,0,0,0.0
H1_45,D,True,4-2-3-1,1,0,0,0,0,0,4,2,3,1,44,21,3,0.0,0.0,1.0,0.0,1.0,0,4,0,3,1,6,2.0,0.2857142857142857,0.21428571428571427,0.5,0.0,0.3076923076923077,1.0,7.469292619374524,22.407877858123573,0.0,0.47575561379390924,0.0,3.0,1.0,0.0,0.0,1.0,0.0,0,0,0,0,0,0.0
H2_15,D,True,4-2-3-1,1,0,0,0,0,0,4,2,3,1,59,26,6,0.0,0.0,1.0,0.0,0.0,0,4,0,5,1,8,2.0,0.2222222222222222,0.2777777777777778,0.5,0.0,0.23529411764705882,1.0,14.937875816072628,29.875751632145256,0.0,0.0,0.0,2.0,0.0,0.0,0.0,0.0,0.0,0,0,0,0,0,0.0
H2_30,D,True,4-2-3-1,1,0,0,0,0,0,4,2,3,1,74,31,7,0.0,16.727355223880597,1.0,0.0,0.0,0,5,0,7,1,10,2.0,0.21739130434782608,0.30434782608695654,0.4782608695652174,0.0,0.22727272727272727,1.0,15.52260415731983,77.61302078659915,0.2155225380271345,0.0,0.0,5.0,0.0,1.0,1.0,0.0,0.0,0,0,0,0,0,0.0
H1_15,D,True,4-2-3-1,1,0,0,0,0,0,4,2,3,1,14,10,1,0.0,33.641174976657325,1.0,1.0,1.0,0,3,0,3,1,3,1.0,0.3,0.3,0.4,0.0,0.3333333333333333,1.0,12.860366503705404,128.60366503705404,0.26158799569953495,0.09027059996039079,0.0,10.0,1.0,3.0,1.0,1.0,1.0,0,0,0,0,0,0.0
H1_30,D,True,4-2-3-1,1,0,0,0,0,0,4,2,3,1,29,15,2,0.0,22.79063589743589,1.0,1.0,0.0,0,5,0,5,1,4,2.0,0.3333333333333333,0.3333333333333333,0.3333333333333333,0.0,0.35714285714285715,1.0,13.029608644688645,32.57402161172161,0.34982840266236553,0.0,0.0,2.5,0.0,1.0,0.5,0.0,0.5,0,0,0,0,0,0.0
H1_45,D,True,4-2-3-1,2,0,0,0,0,0,4,2,3,1,44,32,4,0.0,0.0,1.0,0.0,1.0,0,5,0,7,2,5,2.0,0.2631578947368421,0.3684210526315789,0.3684210526315789,0.0,0.29411764705882354,1.0,10.570388311733556,21.14077662346711,0.0,0.4904186555990233,0.0,2.0,0.5,0.0,0.0,0.5,0.0,0,0,0,0,0,0.0
H2_15,D,True,4-2-3-1,3,0,0,0,0,0,4,2,3,1,59,38,5,0.0,0.0,1.0,0.0,1.0,0,5,0,8,3,6,2.0,0.22727272727272727,0.36363636363636365,0.4090909090909091,0.0,0.2631578947368421,1.0,13.102535221143475,19.65380283171521,0.0,0.22949757045091734,0.0,1.5,0.5,0.0,0.0,0.5,0.0,0,0,0,0,0,0.0
H2_30,D,True,4-2-3-1,4,0,0,0,0,0,4,2,3,1,74,49,7,0.0,0.0,1.0,0.0,1.0,0,5,1,10,3,7,2.0,0.19230769230769232,0.4230769230769231,0.38461538461538464,0.0,0.22727272727272727,0.75,10.467938562091504,20.93587712418301,0.0,0.37274413887259605,0.0,2.0,0.5,0.0,0.0,0.5,0.0,0,0,0,0,0,0.0
H1_15,M,True,4-2-3-1,2,0,0,0,0,0,4,2,3,1,14,3,1,0.0,13.648551724137931,2.0,0.0,1.0,0,1,1,7,1,3,2.0,0.07692307692307693,0.6153846153846154,0.3076923076923077,0.0,0.09090909090909091,0.5,13.043076014303569,84.7799940929732,0.08049394123081899,0.2851659093507709,0.0,6.5,1.0,0.5,0.5,0.5,0.0,0,0,0,0,0,0.0
H1_30,M,True,4-2-3-1,3,0,0,0,0,0,4,2,3,1,29,19,2,0.0,0.0,1.0,0.0,1.0,0,1,1,7,2,5,2.0,0.0625,0.5,0.4375,0.0,0.07692307692307693,0.6666666666666666,12.201966593406596,36.60589978021979,0.0,0.5051392544397635,0.0,3.0,1.0,0.0,0.0,1.0,0.0,0,0,0,0,0,0.0
H1_45,M,True,4-2-3-1,3,1,0,0,1,0,4,2,3,1,44,39,3,0.0,0.0,1.0,0.0,0.0,0,1,1,9,2,5,2.0,0.05555555555555555,0.5555555555555556,0.3888888888888889,0.0,0.06666666666666667,0.6666666666666666,6.584477156177156,13.168954312354312,0.0,0.0,0.0,2.0,0.0,0.0,0.0,0.0,0.0,1,0,0,0,0,0.0
H2_15,M,True,4-2-3-1,4,2,1,0,2,0,4,2,3,1,59,63,4,0.0,0.0,2.0,0.0,1.0,0,1,2,14,2,5,2.0,0.041666666666666664,0.6666666666666666,0.2916666666666667,0.0,0.05,0.5,14.81333781274411,44.440013438232334,0.0,0.145878943786388,0.0,3.0,0.5,0.0,0.0,0.5,0.0,2,0,0,0,0,0.0
H2_30,M,True,4-2-3-1,6,3,1,1,3,0,4,2,3,1,74,79,4,0.0,16.969523529411763,1.0,0.0,1.0,0,2,4,16,2,5,2.0,0.06896551724137931,0.6896551724137931,0.2413793103448276,0.0,0.08695652173913043,0.3333333333333333,14.62311604668534,36.55779011671335,0.23209175766964238,0.5794572239350162,0.0,2.5,1.0,0.5,0.5,1.0,0.0,3,0,0,1,1,0.3333333333333333
H1_15,M,True,4-2-3-1,2,0,0,0,0,0,4,2,3,1,14,2,0,0.0,68.59014507042254,1.0,0.0,1.0,0,2,2,3,0,1,2.0,0.25,0.625,0.125,0.0,0.3333333333333333,0.0,19.807554633714442,79.23021853485777,0.4328534386172741,0.26030143330006006,0.0,4.0,1.0,1.0,1.0,0.5,0.0,0,0,0,0,0,0.0
H1_30,M,True,4-2-3-1,2,0,0,0,0,0,4,2,3,1,29,11,0,0.0,0.0,2.0,0.0,0.0,0,2,2,8,0,2,2.0,0.14285714285714285,0.7142857142857143,0.14285714285714285,0.0,0.16666666666666666,0.0,16.30260344219398,48.907810326581945,0.0,0.0,0.0,3.0,0.0,0.0,0.0,0.0,0.0,0,0,0,0,0,0.0
H1_45,M,True,4-2-3-1,5,0,0,0,0,0,4,2,3,1,44,34,0,11.317764102564103,18.375641337386018,2.0,1.0,1.0,1,4,3,11,1,4,2.0,0.20833333333333334,0.5833333333333334,0.20833333333333334,0.2,0.21052631578947367,0.2,11.926512886367606,59.63256443183803,0.2489697174929535,0.270194656000703,11.317764102564103,5.0,1.5,1.5,0.5,0.5,0.5,0,0,0,0,0,0.0
H2_15,M,True,4-2-3-1,7,1,0,1,1,0,4,2,3,1,59,46,2,17.58727868852459,13.286369727047147,2.0,1.0,1.0,2,6,4,16,1,5,2.0,0.23529411764705882,0.5882352941176471,0.17647058823529413,0.2857142857142857,0.2222222222222222,0.14285714285714285,12.993252874292386,64.96626437146193,0.23761292660328617,0.3018895555615627,17.58727868852459,5.0,1.0,1.5,0.5,0.5,0.5,1,0,0,1,1,1.0
H2_30,M,True,4-2-3-1,9,1,0,1,1,0,4,2,3,1,74,60,2,0.0,30.91743425253991,2.0,1.0,1.0,2,8,6,19,1,5,2.0,0.24390243902439024,0.6097560975609756,0.14634146341463414,0.2222222222222222,0.25,0.1111111111111111,11.358430570860806,39.75450699801282,0.3888544543400495,0.40121662762832205,0.0,3.5,1.0,1.0,0.5,0.5,0.5,1,0,0,1,1,1.0
H1_15,M,True,4-2-3-1,1,0,0,0,0,0,4,2,3,1,14,2,0,0.0,45.35171915227628,2.0,2.0,1.0,0,4,0,3,1,3,2.0,0.36363636363636365,0.2727272727272727,0.36363636363636365,0.0,0.4,1.0,16.69176428954253,91.80470359248392,0.2470010651828369,0.11577620300568331,0.0,5.5,0.5,2.0,1.0,0.5,1.0,0,0,0,0,0,0.0
H1_30,M,True,4-2-3-1,1,0,0,0,0,0,4,2,3,1,29,6,0,0.0,7.342457142857143,2.0,0.0,0.0,0,5,0,5,1,5,2.0,0.3125,0.3125,0.375,0.0,0.3333333333333333,1.0,10.406168961432906,26.015422403582264,0.14111739238656573,0.0,0.0,2.5,0.0,0.5,0.5,0.0,0.0,0,0,0,0,0,0.0
H1_45,M,True,4-2-3-1,1,0,0,0,0,0,4,2,3,1,44,11,0,0.0,7.810838709677419,1.0,0.0,0.0,0,6,0,6,1,6,2.0,0.3157894736842105,0.3157894736842105,0.3684210526315789,0.0,0.3333333333333333,1.0,8.659043380607503,12.988565070911255,0.30068135575539073,0.0,0.0,1.5,0.0,0.5,0.5,0.0,0.0,0,0,0,0,0,0.0
H2_15,M,True,4-2-3-1,1,1,1,1,1,0,4,2,3,1,59,22,0,0.0,16.167248966613673,1.0,1.0,0.0,0,8,0,8,1,6,2.0,0.34782608695652173,0.34782608695652173,0.30434782608695654,0.0,0.36363636363636365,1.0,9.096359488900667,36.38543795560267,0.44433294952615027,0.0,0.0,4.0,0.0,2.0,1.0,0.0,1.0,1,1,0,0,1,1.0
H2_15,A,True,4-2-3-1,2,1,0,1,0,0,4,2,3,1,14,4,0,21.496884615384612,10.688853383458648,2.0,2.0,2.0,2,2,0,4,0,0,2.0,0.5,0.5,0.0,1.0,0.3333333333333333,0.0,12.824878536178197,51.29951414471279,0.3137041211350391,0.2095232769139218,10.748442307692306,4.0,1.0,2.0,1.0,1.0,1.0,1,0,1,0,1,1.0
H2_30,A,True,4-2-3-1,4,1,0,1,0,0,4,2,3,1,29,11,1,8.505893333333333,41.34234322580645,2.0,0.0,1.0,3,3,1,5,0,1,2.0,0.46153846153846156,0.46153846153846156,0.07692307692307693,0.75,0.3333333333333333,0.0,22.948227460528823,57.37056865132206,0.4344408442428004,0.29621917397098574,8.505893333333333,2.5,1.0,1.0,1.0,0.5,0.0,1,0,1,0,1,1.0
H1_15,A,True,4-2-3-1,3,1,0,1,1,0,4,2,3,1,14,3,0,69.58209279161207,63.53423719447671,2.0,2.0,2.0,2,5,1,5,0,0,2.0,0.5384615384615384,0.46153846153846156,0.0,0.6666666666666666,0.5,0.0,15.144160076370834,98.43704049641042,0.67614959427261,0.3823318705497843,34.791046395806035,6.5,1.5,3.5,1.0,1.0,1.0,1,0,0,0,1,1.0
H1_30,A,True,4-2-3-1,4,1,0,1,1,0,4,2,3,1,29,6,1,10.852799999999997,8.26918857142857,1.0,0.0,0.0,3,6,1,8,0,0,2.0,0.5,0.5,0.0,0.75,0.42857142857142855,0.0,10.895490439683812,27.23872609920953,0.35100739479853077,0.19921636497374498,10.852799999999997,2.5,0.5,1.0,1.0,0.5,0.0,1,0,0,0,1,1.0
H1_45,A,True,4-2-3-1,4,1,0,1,1,0,4,2,3,1,44,9,1,0.0,28.092624,2.0,1.0,0.0,3,9,1,9,0,0,2.0,0.5454545454545454,0.45454545454545453,0.0,0.75,0.5,0.0,9.880460347826087,19.760920695652175,0.71081262944851,0.0,0.0,2.0,0.0,1.5,1.0,0.0,0.5,1,0,0,0,1,1.0
H1_15,D,True,4-2-3-1,1,0,0,0,0,0,4,2,3,1,14,3,2,0.0,8.706294736842105,1.0,0.0,1.0,0,1,1,5,0,0,2.0,0.14285714285714285,0.8571428571428571,0.0,0.0,0.16666666666666666,0.0,16.448945616663288,57.57130965832151,0.07561313776352206,0.10837383840237123,0.0,3.5,0.5,0.5,0.5,0.5,0.0,0,0,0,0,0,0.0
H1_30,D,True,4-2-3-1,1,0,0,0,0,0,4,2,3,1,29,6,2,0.0,0.0,0.0,0.0,0.0,0,1,1,7,0,0,2.0,0.1111111111111111,0.8888888888888888,0.0,0.0,0.125,0.0,7.296288045540797,7.296288045540797,0.0,0.0,0.0,1.0,0.0,0.0,0.0,0.0,0.0,0,0,0,0,0,0.0
H1_45,D,True,4-2-3-1,2,0,0,0,0,0,4,2,3,1,44,16,2,11.354715789473683,20.53569756097561,2.0,1.0,1.0,1,3,1,9,0,3,2.0,0.23529411764705882,0.5882352941176471,0.17647058823529413,0.5,0.2,0.0,10.61726084629534,42.46904338518136,0.37545481141655235,0.1336822645908203,11.354715789473683,4.0,0.5,1.5,1.0,0.5,0.5,0,0,0,0,0,0.0
H2_15,D,True,4-2-3-1,4,0,0,0,0,0,4,2,3,1,59,30,5,0.0,7.923222222222222,2.0,0.0,2.0,1,4,3,12,0,6,2.0,0.19230769230769232,0.5769230769230769,0.23076923076923078,0.25,0.18181818181818182,0.0,13.609346198036963,61.24205789116633,0.06468775295159605,0.3428167085196558,0.0,4.5,1.0,0.5,0.5,1.0,0.0,0,0,0,0,0,0.0
H2_30,D,True,4-2-3-1,6,0,0,0,0,0,4,2,3,1,74,43,5,0.0,14.565737500000001,2.0,1.0,1.0,1,6,5,14,0,6,2.0,0.21875,0.59375,0.1875,0.16666666666666666,0.23076923076923078,0.0,10.94711694829912,32.84135084489736,0.2217591104700724,0.5964816325246092,0.0,3.0,1.0,1.0,0.5,0.5,0.5,0,0,0,0,0,0.0
H1_15,M,True,4-2-3-1,3,0,0,0,0,0,4,2,3,1,14,4,0,40.653504603638,77.09906382639582,2.0,2.0,1.0,2,7,1,4,0,0,2.0,0.6428571428571429,0.35714285714285715,0.0,0.6666666666666666,0.6363636363636364,0.0,12.996116453535354,90.97281517474748,0.647185470757642,0.2674476604994303,20.326752301819,7.0,1.5,4.5,1.0,0.5,1.0,0,0,0,0,0,0.0
H1_30,M,True,4-2-3-1,3,0,0,0,0,0,4,2,3,1,29,12,1,0.0,13.331214285714283,2.0,0.0,0.0,2,8,1,7,0,2,2.0,0.5,0.4,0.1,0.6666666666666666,0.47058823529411764,0.0,17.141569757880706,51.424709273642115,0.1296187618171644,0.0,0.0,3.0,0.0,0.5,0.5,0.0,0.0,0,0,0,0,0,0.0
H1_45,M,True,4-2-3-1,4,1,0,0,1,0,4,2,3,1,44,27,1,0.0,0.0,1.0,0.0,1.0,2,8,2,10,0,3,2.0,0.4,0.48,0.12,0.5,0.38095238095238093,0.0,8.52683895157474,21.31709737893685,0.0,0.1693115486162297,0.0,2.5,0.5,0.0,0.0,0.5,0.0,1,0,1,0,0,0.0
H2_15,M,True,4-2-3-1,7,3,0,2,1,0,4,2,3,1,59,40,1,13.827913043478262,0.0,1.0,0.0,1.0,3,8,4,12,0,6,2.0,0.3333333333333333,0.48484848484848486,0.18181818181818182,0.42857142857142855,0.3076923076923077,0.0,14.029945507154917,56.11978202861967,0.12319998887759735,0.4962067498095211,13.827913043478262,4.0,1.5,0.5,0.5,0.5,0.0,1,0,1,0,0,0.0
H2_30,M,True,4-2-3-1,9,3,0,2,1,0,4,2,3,1,74,45,2,0.0,12.765932606060606,2.0,1.0,2.0,3,10,5,15,1,8,2.0,0.30952380952380953,0.47619047619047616,0.21428571428571427,0.3333333333333333,0.30303030303030304,0.1111111111111111,8.241572893141104,37.08707801913497,0.172107554543311,0.21208394325219637,0.0,4.5,1.0,1.0,0.5,1.0,0.5,1,0,1,0,0,0.0
H1_15,M,True,4-2-3-1,2,0,0,0,0,0,4,2,3,1,14,4,1,38.04597647058824,91.58126311170255,2.0,2.0,1.0,1,7,1,7,0,3,2.0,0.42105263157894735,0.42105263157894735,0.15789473684210525,0.5,0.4117647058823529,0.0,14.062709721034654,133.5957423498292,0.4851473456498837,0.17670174755049078,38.04597647058824,9.5,1.0,4.0,1.0,0.5,1.0,0,0,0,0,0,0.0
H1_30,M,True,4-2-3-1,2,0,0,0,0,0,4,2,3,1,29,11,1,0.0,10.461565034965037,1.0,1.0,0.0,1,9,1,7,0,3,2.0,0.47619047619047616,0.38095238095238093,0.14285714285714285,0.5,0.47368421052631576,0.0,5.230782517482519,10.461565034965037,1.0,0.0,0.0,2.0,0.0,2.0,1.0,0.0,1.0,0,0,0,0,0,0.0
H1_45,M,True,4-2-3-1,4,0,0,0,0,0,4,2,3,1,44,20,1,13.600535999999998,16.853451282051278,1.0,1.0,1.0,3,11,1,7,0,3,2.0,0.56,0.32,0.12,0.75,0.5238095238095238,0.0,7.613496820512819,15.226993641025638,1.0,0.4465929493579244,6.800267999999999,2.0,1.0,2.0,1.0,0.5,0.5,0,0,0,0,0,0.0
H2_15,M,True,4-2-3-1,4,0,0,0,0,0,4,2,3,1,59,27,2,0.0,22.241044897959185,1.0,1.0,0.0,3,13,1,9,0,3,2.0,0.5517241379310345,0.3448275862068966,0.10344827586206896,0.75,0.52,0.0,12.409155599489797,49.63662239795919,0.44807732322402394,0.0,0.0,4.0,0.0,2.0,1.0,0.0,1.0,0,0,0,0,0,0.0
H2_30,M,True,4-2-3-1,4,1,1,1,0,0,4,2,3,1,74,34,2,0.0,22.45505856950067,1.0,1.0,0.0,3,15,1,10,0,3,2.0,0.5625,0.34375,0.09375,0.75,0.5357142857142857,0.0,9.512120757734792,14.268181136602188,0.7868928195723797,0.0,0.0,1.5,0.0,1.0,0.5,0.0,0.5,1,0,0,0,1,1.0
H2_30,M,True,4-2-3-1,3,0,0,0,0,0,4,2,3,1,12,11,0,34.928662656641606,50.50685859730534,1.0,1.0,1.0,2,4,0,3,1,0,2.0,0.6,0.3,0.1,0.6666666666666666,0.5714285714285714,0.3333333333333333,13.843869172700824,69.21934586350412,0.6171361502203447,0.4298620392170859,17.464331328320803,5.0,1.5,3.0,1.0,0.5,0.5,0,0,0,0,0,0.0
H1_15,D,False,4-2-3-1,2,0,0,0,0,0,4,2,3,1,14,3,0,29.53618526315789,12.46088888888889,2.0,0.0,2.0,1,1,0,6,1,1,2.0,0.2,0.6,0.2,0.5,0.125,0.5,16.31214084502924,81.5607042251462,0.2574589966518371,0.3878722918711947,29.53618526315789,5.0,1.0,1.0,1.0,1.0,0.0,0,0,0,0,0,0.0
H1_30,D,False,4-2-3-1,2,0,0,0,0,0,4,2,3,1,29,4,3,0.0,0.0,0.0,0.0,0.0,1,1,0,6,1,1,2.0,0.2,0.6,0.2,0.5,0.125,0.5,0.0,0.0,0.0,0.0,0.0,0.0,0.0,0.0,0.0,0.0,0.0,0,0,0,0,0,0.0
H1_45,D,False,4-2-3-1,3,0,0,0,0,0,4,2,3,1,44,5,3,0.0,14.874885245901638,1.0,0.0,0.0,1,2,1,6,1,2,2.0,0.23076923076923078,0.5384615384615384,0.23076923076923078,0.3333333333333333,0.2,0.3333333333333333,12.804734930164557,19.207102395246835,0.38722356292489785,0.2500159708696896,0.0,1.5,0.5,0.5,0.5,0.5,0.0,0,0,0,0,0,0.0
H2_15,D,False,4-2-3-1,4,0,0,0,0,0,4,2,3,1,59,9,5,0.0,0.0,1.0,0.0,1.0,1,2,2,7,1,5,2.0,0.16666666666666666,0.5,0.3333333333333333,0.25,0.14285714285714285,0.25,8.226050946762447,41.13025473381224,0.0,0.19409757635315147,0.0,5.0,1.0,0.0,0.0,1.0,0.0,0,0,0,0,0,0.0
H2_30,D,False,4-2-3-1,6,0,0,0,0,0,4,2,3,1,74,10,8,0.0,0.0,1.0,0.0,1.0,1,2,3,7,2,6,2.0,0.14285714285714285,0.47619047619047616,0.38095238095238093,0.16666666666666666,0.13333333333333333,0.3333333333333333,15.971239134199138,23.956858701298707,0.0,0.6866981866733477,0.0,1.5,1.0,0.0,0.0,1.0,0.0,0,0,0,0,0,0.0
H1_15,M,False,4-2-3-1,1,0,0,0,0,0,4,2,3,1,14,6,1,0.0,12.295414285714287,2.0,1.0,1.0,0,2,0,5,1,3,2.0,0.18181818181818182,0.45454545454545453,0.36363636363636365,0.0,0.2,1.0,12.182495425895517,67.00372484242534,0.0917517221216416,0.23909480995001609,0.0,5.5,0.5,1.0,0.5,0.5,0.5,0,0,0,0,0,0.0
H1_30,M,False,4-2-3-1,1,0,0,0,0,0,4,2,3,1,29,8,2,0.0,7.833423529411764,1.0,0.0,0.0,0,3,0,6,1,3,2.0,0.23076923076923078,0.46153846153846156,0.3076923076923077,0.0,0.25,1.0,10.748497478991595,21.49699495798319,0.3643962118762427,0.0,0.0,2.0,0.0,1.0,1.0,0.0,0.0,0,0,0,0,0,0.0
H1_45,M,False,4-2-3-1,1,0,0,0,0,0,4,2,3,1,44,9,3,0.0,0.0,0.0,0.0,0.0,0,3,0,6,1,4,2.0,0.21428571428571427,0.42857142857142855,0.35714285714285715,0.0,0.23076923076923078,1.0,7.212218181818184,7.212218181818184,0.0,0.0,0.0,1.0,0.0,0.0,0.0,0.0,0.0,0,0,0,0,0,0.0
H2_15,M,False,4-2-3-1,2,0,0,0,0,0,4,2,3,1,59,14,4,0.0,8.397917647058826,2.0,0.0,1.0,0,4,1,12,1,7,2.0,0.16,0.52,0.32,0.0,0.17391304347826086,0.5,13.557091800462958,74.56400490254627,0.05631348301392034,0.25293186749798696,0.0,5.5,0.5,0.5,0.5,0.5,0.0,0,0,0,0,0,0.0
H2_30,M,False,4-2-3-1,2,0,0,0,0,0,4,2,3,1,74,15,5,0.0,8.751302564102563,1.0,0.0,0.0,0,5,1,14,1,8,2.0,0.1724137931034483,0.5172413793103449,0.3103448275862069,0.0,0.18518518518518517,0.5,15.77202170727823,63.08808682911292,0.13871561183662565,0.0,0.0,4.0,0.0,1.0,1.0,0.0,0.0,0,0,0,0,0,0.0
H1_15,D,False,4-2-3-1,1,0,0,0,0,0,4,2,3,1,14,13,2,0.0,0.0,2.0,0.0,1.0,0,0,0,4,1,6,2.0,0.0,0.36363636363636365,0.6363636363636364,0.0,0.0,1.0,9.76057547721736,53.68316512469548,0.0,0.08855191469768046,0.0,5.5,0.5,0.0,0.0,0.5,0.0,0,0,0,0,0,0.0
H1_30,D,False,4-2-3-1,1,0,0,0,0,0,4,2,3,1,29,16,2,0.0,0.0,0.0,0.0,0.0,0,0,0,5,1,6,2.0,0.0,0.4166666666666667,0.5833333333333334,0.0,0.0,1.0,15.7311,15.7311,0.0,0.0,0.0,1.0,0.0,0.0,0.0,0.0,0.0,0,0,0,0,0,0.0
H1_45,D,False,4-2-3-1,1,0,0,0,0,0,4,2,3,1,44,17,8,0.0,0.0,1.0,0.0,0.0,0,0,0,6,1,7,2.0,0.0,0.42857142857142855,0.5714285714285714,0.0,0.0,1.0,16.871411761927256,33.74282352385451,0.0,0.0,0.0,2.0,0.0,0.0,0.0,0.0,0.0,0,0,0,0,0,0.0
H2_15,D,False,4-2-3-1,2,0,0,0,0,0,4,2,3,1,59,17,8,0.0,0.0,1.0,0.0,1.0,0,0,0,8,2,7,2.0,0.0,0.47058823529411764,0.5294117647058824,0.0,0.0,1.0,11.945340131459195,35.836020394377584,0.0,0.24563499373781897,0.0,3.0,1.0,0.0,0.0,1.0,0.0,0,0,0,0,0,0.0
H2_30,D,False,4-2-3-1,5,0,0,0,0,0,4,2,3,1,74,18,10,9.860777142857144,4.579957894736842,2.0,1.0,2.0,1,1,1,11,3,9,2.0,0.07692307692307693,0.46153846153846156,0.46153846153846156,0.2,0.047619047619047616,0.6,11.453377061643723,51.54019677739675,0.14009196647001407,0.5231841835714864,9.860777142857144,4.5,1.5,1.0,0.5,1.0,0.5,0,0,0,0,0,0.0
H1_15,D,False,4-2-3-1,2,0,0,0,0,0,4,2,3,1,14,4,0,0.0,6.264385714285713,2.0,0.0,1.0,0,1,0,5,2,3,2.0,0.09090909090909091,0.45454545454545453,0.45454545454545453,0.0,0.1111111111111111,1.0,10.014691027724313,55.08080065248372,0.05686541989294085,0.2619724688530407,0.0,5.5,1.0,0.5,0.5,0.5,0.0,0,0,0,0,0,0.0
H1_30,D,False,4-2-3-1,3,0,0,0,0,0,4,2,3,1,29,6,0,0.0,17.06234807302231,1.0,0.0,1.0,0,3,1,6,2,3,2.0,0.2,0.4666666666666667,0.3333333333333333,0.0,0.25,0.6666666666666666,10.295195287486347,20.590390574972695,0.4143279363957606,0.3689032274936149,0.0,2.0,0.5,1.0,1.0,0.5,0.0,0,0,0,0,0,0.0
H1_45,D,False,4-2-3-1,3,0,0,0,0,0,4,2,3,1,44,9,0,0.0,43.407577327127655,1.0,1.0,0.0,0,5,1,8,2,3,2.0,0.2631578947368421,0.47368421052631576,0.2631578947368421,0.0,0.3125,0.6666666666666666,16.456554024089606,65.82621609635842,0.6594268955637116,0.0,0.0,4.0,0.0,2.0,1.0,0.0,1.0,0,0,0,0,0,0.0
H2_15,D,False,4-2-3-1,7,0,0,0,0,0,4,2,3,1,59,9,0,0.0,5.465088000000001,2.0,0.0,1.0,0,6,4,13,3,5,2.0,0.1935483870967742,0.5483870967741935,0.25806451612903225,0.0,0.25,0.42857142857142855,10.961269625417453,65.76761775250472,0.041548471624486244,0.5155125696387539,0.0,6.0,2.0,0.5,0.5,0.5,0.0,0,0,0,0,0,0.0
H2_30,D,False,4-2-3-1,7,0,0,0,0,0,4,2,3,1,74,9,1,0.0,16.675737313432837,1.0,0.0,0.0,0,7,4,14,3,7,2.0,0.2,0.5142857142857142,0.2857142857142857,0.0,0.25,0.42857142857142855,13.813507332761212,27.627014665522424,0.30180128970365355,0.0,0.0,2.0,0.0,0.5,0.5,0.0,0.0,0,0,0,0,0,0.0
H1_15,M,False,4-2-3-1,2,1,0,0,1,0,4,2,3,1,14,4,0,0.0,50.96114416081187,2.0,1.0,2.0,0,3,2,2,0,2,2.0,0.3333333333333333,0.4444444444444444,0.2222222222222222,0.0,0.42857142857142855,0.0,13.345105778340354,60.052976002531594,0.4243015713214908,0.28748581860780137,0.0,4.5,1.0,1.5,1.0,1.0,0.5,1,0,0,1,0,0.0
H1_30,M,False,4-2-3-1,3,1,0,0,1,0,4,2,3,1,29,5,0,0.0,11.40320769230769,2.0,0.0,1.0,0,4,3,5,0,2,2.0,0.2857142857142857,0.5714285714285714,0.14285714285714285,0.0,0.36363636363636365,0.0,11.910542060200667,29.77635515050167,0.19148091891487884,0.16766860734853528,0.0,2.5,0.5,0.5,0.5,0.5,0.0,1,0,0,1,0,0.0
H1_45,M,False,4-2-3-1,6,1,0,0,1,0,4,2,3,1,44,8,0,36.79348,17.81845294117647,2.0,2.0,2.0,3,5,3,9,0,4,2.0,0.3333333333333333,0.5,0.16666666666666666,0.5,0.2777777777777778,0.0,14.416280031294553,72.08140015647277,0.3788212550160378,0.2552217348728625,12.264493333333334,5.0,1.5,2.0,1.0,1.0,1.0,1,0,0,1,0,0.0
H2_15,M,False,4-2-3-1,10,1,0,0,1,0,4,2,3,1,59,13,1,14.164809259259261,34.85201149425287,2.0,1.0,2.0,5,8,5,17,0,5,2.0,0.325,0.55,0.125,0.5,0.26666666666666666,0.0,12.808108450110389,102.46486760088311,0.23918842575603771,0.1971558668245997,7.082404629629631,8.0,2.0,2.5,0.5,1.0,0.5,1,0,0,1,0,0.0
H2_30,M,False,4-2-3-1,12,1,0,0,1,0,4,2,3,1,74,14,1,0.0,30.67802895348837,2.0,0.0,1.0,5,10,7,22,0,10,2.0,0.2777777777777778,0.5370370370370371,0.18518518518518517,0.4166666666666667,0.23809523809523808,0.0,14.433105541513276,101.03173879059294,0.15182372054921417,0.22974568465173473,0.0,7.0,1.0,1.0,1.0,0.5,0.0,1,0,0,1,0,0.0
H1_15,M,False,4-2-3-1,2,0,0,0,0,0,4,2,3,1,14,10,0,26.90189010989011,36.571455869157354,2.0,1.0,2.0,1,3,0,3,1,4,2.0,0.3333333333333333,0.25,0.4166666666666667,0.5,0.3,0.5,14.509397508362346,87.05638505017407,0.36455307639103807,0.23774724428600616,26.90189010989011,6.0,1.0,2.0,0.5,1.0,0.5,0,0,0,0,0,0.0
H1_30,M,False,4-2-3-1,2,0,0,0,0,0,4,2,3,1,29,10,0,0.0,0.0,1.0,0.0,0.0,1,3,0,7,1,4,2.0,0.25,0.4375,0.3125,0.5,0.21428571428571427,0.5,9.604434888082274,19.208869776164548,0.0,0.0,0.0,2.0,0.0,0.0,0.0,0.0,0.0,0,0,0,0,0,0.0
H1_45,M,False,4-2-3-1,2,0,0,0,0,0,4,2,3,1,44,12,2,0.0,33.47226755852843,1.0,1.0,0.0,1,5,0,9,1,4,2.0,0.3,0.45,0.25,0.5,0.2777777777777778,0.5,11.931265198300185,23.86253039660037,0.7013562057797762,0.0,0.0,2.0,0.0,1.0,0.5,0.0,0.5,0,0,0,0,0,0.0
H2_15,M,False,4-2-3-1,4,0,0,0,0,0,4,2,3,1,59,12,2,0.0,0.0,1.0,0.0,1.0,1,5,2,12,1,6,2.0,0.2222222222222222,0.5185185185185185,0.25925925925925924,0.25,0.21739130434782608,0.25,13.212037364104942,92.4842615487346,0.0,0.14102551587957862,0.0,7.0,2.0,0.0,0.0,1.0,0.0,0,0,0,0,0,0.0
H2_30,M,False,4-2-3-1,4,0,0,0,0,0,4,2,3,1,74,12,3,0.0,0.0,1.0,0.0,0.0,1,5,2,12,1,9,2.0,0.2,0.4666666666666667,0.3333333333333333,0.25,0.19230769230769232,0.25,11.872114647955058,17.808171971932587,0.0,0.0,0.0,1.5,0.0,0.0,0.0,0.0,0.0,0,0,0,0,0,0.0
H1_15,M,False,4-2-3-1,2,0,0,0,0,0,4,2,3,1,14,1,0,0.0,45.91081155441156,2.0,1.0,2.0,0,3,2,3,0,3,2.0,0.2727272727272727,0.45454545454545453,0.2727272727272727,0.0,0.3333333333333333,0.0,13.184889536503455,72.516892450769,0.3165525300575997,0.19782369374899209,0.0,5.5,1.0,1.5,1.0,1.0,0.5,0,0,0,0,0,0.0
H1_15,D,False,4-2-3-1,1,0,0,0,0,0,4,2,3,1,14,15,2,0.0,0.0,2.0,0.0,1.0,0,0,0,3,1,3,2.0,0.0,0.42857142857142855,0.5714285714285714,0.0,0.0,1.0,12.450009423990013,43.575032983965045,0.0,0.185556732538014,0.0,3.5,0.5,0.0,0.0,0.5,0.0,0,0,0,0,0,0.0
H1_30,D,False,4-2-3-1,1,0,0,0,0,0,4,2,3,1,29,19,2,0.0,0.0,0.0,0.0,0.0,0,0,0,3,1,3,2.0,0.0,0.42857142857142855,0.5714285714285714,0.0,0.0,1.0,0.0,0.0,0.0,0.0,0.0,0.0,0.0,0.0,0.0,0.0,0.0,0,0,0,0,0,0.0
H1_45,D,False,4-2-3-1,1,0,0,0,0,0,4,2,3,1,44,20,3,0.0,0.0,0.0,0.0,0.0,0,0,0,3,1,3,2.0,0.0,0.42857142857142855,0.5714285714285714,0.0,0.0,1.0,0.0,0.0,0.0,0.0,0.0,0.0,0.0,0.0,0.0,0.0,0.0,0,0,0,0,0,0.0
H2_15,D,False,4-2-3-1,3,0,0,0,0,0,4,2,3,1,59,20,5,0.0,14.559578181818184,1.0,0.0,1.0,0,1,2,5,1,4,2.0,0.07692307692307693,0.5384615384615384,0.38461538461538464,0.0,0.1,0.3333333333333333,9.393092012030115,56.35855207218069,0.25833840023375937,0.24515349748784893,0.0,6.0,2.0,1.0,1.0,1.0,0.0,0,0,0,0,0,0.0
H2_30,D,False,4-2-3-1,3,0,0,0,0,0,4,2,3,1,74,20,6,0.0,18.54321038961039,1.0,0.0,0.0,0,2,2,5,1,5,2.0,0.13333333333333333,0.4666666666666667,0.4,0.0,0.16666666666666666,0.3333333333333333,13.686678879015723,27.373357758031446,0.6774181871849368,0.0,0.0,2.0,0.0,1.0,1.0,0.0,0.0,0,0,0,0,0,0.0
H2_15,D,False,4-2-3-1,1,0,0,0,0,0,4,2,3,1,7,0,1,0.0,6.900000000000001,2.0,0.0,1.0,0,1,0,1,1,2,2.0,0.2,0.2,0.6,0.0,0.25,1.0,11.41092196078431,28.52730490196078,0.12093676608626532,0.31097364544206374,0.0,2.5,0.5,0.5,0.5,0.5,0.0,0,0,0,0,0,0.0
H2_30,D,False,4-2-3-1,3,0,0,0,0,0,4,2,3,1,22,0,3,0.0,0.0,2.0,0.0,1.0,0,1,2,6,1,3,2.0,0.07692307692307693,0.6153846153846154,0.3076923076923077,0.0,0.1,0.3333333333333333,13.81816552925373,55.27266211701492,0.0,0.35998909203064444,0.0,4.0,1.0,0.0,0.0,0.5,0.0,0,0,0,0,0,0.0
H1_15,G,False,4-2-3-1,0,0,0,0,0,0,4,2,3,1,14,2,0,0.0,0.0,1.0,0.0,0.0,0,0,0,2,0,0,1.0,0.0,1.0,0.0,0.0,0.0,0.0,11.42764846743295,22.8552969348659,0.0,0.0,0.0,2.0,0.0,0.0,0.0,0.0,0.0,0,0,0,0,0,0.0
H1_30,G,False,4-2-3-1,0,0,0,0,0,0,4,2,3,1,29,2,0,0.0,0.0,0.0,0.0,0.0,0,0,0,2,0,0,1.0,0.0,1.0,0.0,0.0,0.0,0.0,0.0,0.0,0.0,0.0,0.0,0.0,0.0,0.0,0.0,0.0,0.0,0,0,0,0,0,0.0
H1_45,G,False,4-2-3-1,0,0,0,0,0,0,4,2,3,1,44,2,2,0.0,0.0,0.0,0.0,0.0,0,0,0,2,0,0,1.0,0.0,1.0,0.0,0.0,0.0,0.0,0.0,0.0,0.0,0.0,0.0,0.0,0.0,0.0,0.0,0.0,0.0,0,0,0,0,0,0.0
H2_15,G,False,4-2-3-1,0,0,0,0,0,0,4,2,3,1,59,2,3,0.0,0.0,0.0,0.0,0.0,0,0,0,3,0,0,1.0,0.0,1.0,0.0,0.0,0.0,0.0,5.148,5.148,0.0,0.0,0.0,1.0,0.0,0.0,0.0,0.0,0.0,0,0,0,0,0,0.0
H2_30,G,False,4-2-3-1,0,0,0,0,0,0,4,2,3,1,74,6,3,0.0,0.0,0.0,0.0,0.0,0,0,0,3,0,0,1.0,0.0,1.0,0.0,0.0,0.0,0.0,0.0,0.0,0.0,0.0,0.0,0.0,0.0,0.0,0.0,0.0,0.0,0,0,0,0,0,0.0
H1_15,A,False,4-2-3-1,4,0,0,0,0,0,4,2,3,1,14,1,0,37.82369272006998,24.798454083546464,2.0,2.0,2.0,3,3,1,6,0,1,2.0,0.42857142857142855,0.5,0.07142857142857142,0.75,0.3,0.0,12.65189036105973,88.56323252741811,0.35354483467069353,0.24781072755574063,12.60789757335666,7.0,2.0,3.0,1.0,1.0,1.0,0,0,0,0,0,0.0
H1_30,A,False,4-2-3-1,5,0,0,0,0,0,4,2,3,1,29,2,0,0.0,22.586404255319145,1.0,1.0,1.0,3,5,2,8,0,1,2.0,0.42105263157894735,0.5263157894736842,0.05263157894736842,0.6,0.35714285714285715,0.0,12.038493135023545,30.096232837558862,0.3752364021309046,0.2203881585158328,0.0,2.5,0.5,1.0,0.5,0.5,0.5,0,0,0,0,0,0.0
H1_45,A,False,4-2-3-1,7,1,1,0,1,0,4,2,3,1,44,5,1,39.87114445012787,12.23704,2.0,2.0,2.0,5,7,2,11,0,2,2.0,0.4444444444444444,0.48148148148148145,0.07407407407407407,0.7142857142857143,0.35,0.0,11.474748498442855,45.89899399377142,0.5676397227485972,0.4343357117537093,19.935572225063936,4.0,1.0,2.0,1.0,1.0,1.0,1,0,0,0,0,0.0
H2_15,A,False,4-2-3-1,10,1,1,0,1,0,4,2,3,1,59,7,1,12.517172093023255,5.7810500000000005,2.0,0.0,1.0,6,8,4,17,0,2,2.0,0.3783783783783784,0.5675675675675675,0.05405405405405406,0.6,0.2962962962962963,0.0,13.969682346353647,69.84841173176824,0.13098524103376938,0.3702463506942471,12.517172093023255,5.0,1.5,1.0,1.0,0.5,0.0,1,0,0,0,0,0.0
H2_30,A,False,4-2-3-1,12,1,1,0,1,0,4,2,3,1,74,7,2,0.0,12.66235294117647,2.0,0.0,1.0,6,9,6,24,0,6,2.0,0.29411764705882354,0.5882352941176471,0.11764705882352941,0.5,0.23076923076923078,0.0,16.21192176497849,113.48345235484945,0.05578942426593957,0.06569238932640352,0.0,7.0,1.0,0.5,0.5,0.5,0.0,1,0,0,0,0,0.0
H1_15,M,False,4-2-3-1,1,0,0,0,0,0,4,2,3,1,14,2,2,0.0,49.79986526732037,2.0,2.0,1.0,0,5,1,6,0,1,2.0,0.38461538461538464,0.5384615384615384,0.07692307692307693,0.0,0.4166666666666667,0.0,11.351858824712187,73.78708236062921,0.33745652812186694,0.09892799131778826,0.0,6.5,0.5,2.5,1.0,0.5,1.0,0,0,0,0,0,0.0
H1_30,M,False,4-2-3-1,1,0,0,0,0,0,4,2,3,1,29,2,2,0.0,47.95095228426395,1.0,0.0,0.0,0,6,1,8,0,1,2.0,0.375,0.5625,0.0625,0.0,0.4,0.0,22.99452033295363,34.49178049943045,0.6951069441755224,0.0,0.0,1.5,0.0,0.5,0.5,0.0,0.0,0,0,0,0,0,0.0
H1_45,M,False,4-2-3-1,2,0,0,0,0,0,4,2,3,1,44,3,2,18.10268474576271,20.571486956521735,2.0,2.0,1.0,1,9,1,10,0,1,2.0,0.45454545454545453,0.5,0.045454545454545456,0.5,0.45,0.0,11.614239624638849,34.842718873916546,0.554982116094794,0.25977715475175617,18.10268474576271,3.0,0.5,2.0,1.0,0.5,1.0,0,0,0,0,0,0.0
H1_15,G,True,4-1-4-1,0,0,0,0,0,0,4,1,4,1,14,1,1,0.0,0.0,0.0,0.0,0.0,0,0,0,1,0,0,1.0,0.0,1.0,0.0,0.0,0.0,0.0,4.983478260869564,4.983478260869564,0.0,0.0,0.0,1.0,0.0,0.0,0.0,0.0,0.0,0,0,0,0,0,0.0
H1_30,G,True,4-1-4-1,0,0,0,0,0,0,4,1,4,1,29,1,1,0.0,0.0,0.0,0.0,0.0,0,0,0,1,0,0,1.0,0.0,1.0,0.0,0.0,0.0,0.0,0.0,0.0,0.0,0.0,0.0,0.0,0.0,0.0,0.0,0.0,0.0,0,0,0,0,0,0.0
H1_45,G,True,4-1-4-1,0,0,0,0,0,0,4,1,4,1,44,1,1,0.0,0.0,0.0,0.0,0.0,0,0,0,1,0,0,1.0,0.0,1.0,0.0,0.0,0.0,0.0,0.0,0.0,0.0,0.0,0.0,0.0,0.0,0.0,0.0,0.0,0.0,0,0,0,0,0,0.0
H2_15,G,True,4-1-4-1,0,0,0,0,0,0,4,1,4,1,59,1,1,0.0,0.0,0.0,0.0,0.0,0,0,0,1,0,0,1.0,0.0,1.0,0.0,0.0,0.0,0.0,0.0,0.0,0.0,0.0,0.0,0.0,0.0,0.0,0.0,0.0,0.0,0,0,0,0,0,0.0
H2_30,G,True,4-1-4-1,1,0,0,0,0,0,4,1,4,1,74,2,2,0.0,0.0,0.0,0.0,0.0,0,0,1,1,0,0,2.0,0.0,1.0,0.0,0.0,0.0,0.0,7.937307692307693,7.937307692307693,0.0,1.0,0.0,1.0,1.0,0.0,0.0,1.0,0.0,0,0,0,0,0,0.0
H1_15,D,True,4-1-4-1,4,1,0,0,1,0,4,1,4,1,14,3,2,42.08439179487179,20.689437142857145,2.0,2.0,2.0,3,3,0,5,1,3,2.0,0.4,0.3333333333333333,0.26666666666666666,0.75,0.2727272727272727,0.25,10.529087091746371,78.96815318809779,0.39746294172668023,0.3046978078979533,14.028130598290597,7.5,2.0,3.0,1.0,1.0,1.0,1,1,1,1,0,0.0
H1_30,D,True,4-1-4-1,5,2,0,0,2,0,4,1,4,1,29,4,3,0.0,8.138666666666666,2.0,0.0,1.0,3,4,0,8,2,5,2.0,0.3181818181818182,0.36363636363636365,0.3181818181818182,0.6,0.23529411764705882,0.4,10.66273928782862,37.31958750740017,0.10904014768454814,0.13145666656834754,0.0,3.5,0.5,0.5,0.5,0.5,0.0,2,1,1,2,0,0.0
H1_45,D,True,4-1-4-1,7,2,0,0,2,0,4,1,4,1,44,5,3,0.0,0.0,2.0,0.0,2.0,3,4,0,11,4,10,2.0,0.21875,0.34375,0.4375,0.42857142857142855,0.16,0.5714285714285714,12.615386134818143,63.07693067409072,0.0,0.4410019960070184,0.0,5.0,1.0,0.0,0.0,1.0,0.0,2,1,1,2,0,0.0
H2_15,D,True,4-1-4-1,7,3,0,0,3,0,4,1,4,1,59,8,5,0.0,6.335337931034485,2.0,0.0,0.0,3,5,0,14,4,14,2.0,0.2,0.35,0.45,0.42857142857142855,0.15151515151515152,0.5714285714285714,11.978245347782758,47.912981391131034,0.06611295881711915,0.0,0.0,4.0,0.0,0.5,0.5,0.0,0.0,3,1,2,2,0,0.0
H2_30,D,True,4-1-4-1,7,3,0,0,3,0,4,1,4,1,74,10,5,0.0,12.52392156862745,1.0,0.0,0.0,3,6,0,14,4,16,2.0,0.20930232558139536,0.32558139534883723,0.46511627906976744,0.42857142857142855,0.16666666666666666,0.5714285714285714,10.526999573055027,15.790499359582542,0.39656508902700555,0.0,0.0,1.5,0.0,0.5,0.5,0.0,0.0,3,1,2,2,0,0.0
H1_15,D,True,4-1-4-1,2,1,0,1,1,0,4,1,4,1,14,8,0,0.0,5.303072727272728,1.0,0.0,1.0,0,1,1,1,1,1,1.0,0.2,0.4,0.4,0.0,0.3333333333333333,0.5,19.79874404814428,98.99372024072139,0.053569789218723504,0.6422684215537495,0.0,5.0,2.0,1.0,1.0,1.0,0.0,1,0,1,1,1,1.0
H1_30,D,True,4-1-4-1,3,1,0,1,1,0,4,1,4,1,29,10,1,0.0,0.0,1.0,0.0,1.0,0,1,1,2,2,3,2.0,0.1111111111111111,0.3333333333333333,0.5555555555555556,0.0,0.16666666666666666,0.6666666666666666,10.30385616096866,20.60771232193732,0.0,0.3632818420285429,0.0,2.0,0.5,0.0,0.0,0.5,0.0,1,0,1,1,1,1.0
H1_45,D,True,4-1-4-1,3,1,0,1,1,0,4,1,4,1,44,14,1,0.0,0.0,1.0,0.0,0.0,0,1,1,2,2,6,2.0,0.08333333333333333,0.25,0.6666666666666666,0.0,0.1111111111111111,0.6666666666666666,15.299128239791395,22.948692359687094,0.0,0.0,0.0,1.5,0.0,0.0,0.0,0.0,0.0,1,0,1,1,1,1.0
H2_15,D,True,4-1-4-1,4,1,0,1,1,0,4,1,4,1,59,16,1,0.0,20.985408888888887,2.0,0.0,1.0,0,2,1,3,3,13,2.0,0.09090909090909091,0.18181818181818182,0.7272727272727273,0.0,0.1111111111111111,0.75,11.615634625411813,58.07817312705907,0.18066519450412624,0.09899189287695238,0.0,5.0,0.5,0.5,0.5,0.5,0.0,1,0,1,1,1,1.0
H2_30,D,True,4-1-4-1,4,1,0,1,1,0,4,1,4,1,74,16,2,0.0,9.557295238095238,1.0,0.0,0.0,0,3,1,5,3,14,2.0,0.11538461538461539,0.23076923076923078,0.6538461538461539,0.0,0.13636363636363635,0.75,8.679270021645022,34.71708008658009,0.2752908716476308,0.0,0.0,4.0,0.0,1.0,1.0,0.0,0.0,1,0,1,1,1,1.0
H1_15,D,True,4-1-4-1,2,1,0,1,1,0,4,1,4,1,14,4,1,0.0,8.38044705882353,2.0,0.0,1.0,0,1,1,2,1,4,2.0,0.1111111111111111,0.3333333333333333,0.5555555555555556,0.0,0.14285714285714285,0.5,12.220497200474393,54.99223740213477,0.07619663660473473,0.23937915926738665,0.0,4.5,1.0,0.5,0.5,0.5,0.0,1,0,1,0,1,1.0
H1_30,D,True,4-1-4-1,2,1,0,1,1,0,4,1,4,1,29,6,2,0.0,0.0,1.0,0.0,0.0,0,1,1,4,1,4,2.0,0.09090909090909091,0.45454545454545453,0.45454545454545453,0.0,0.1111111111111111,0.5,6.789530735930736,13.579061471861472,0.0,0.0,0.0,2.0,0.0,0.0,0.0,0.0,0.0,1,0,1,0,1,1.0
H1_45,D,True,4-1-4-1,2,1,0,1,1,0,4,1,4,1,44,8,3,0.0,0.0,1.0,0.0,0.0,0,1,1,5,1,6,2.0,0.07142857142857142,0.42857142857142855,0.5,0.0,0.08333333333333333,0.5,7.5245764411027585,11.286864661654137,0.0,0.0,0.0,1.5,0.0,0.0,0.0,0.0,0.0,1,0,1,0,1,1.0
H2_15,D,True,4-1-4-1,2,1,0,1,1,0,4,1,4,1,59,9,6,0.0,17.189210526315787,1.0,0.0,0.0,0,2,1,6,1,11,2.0,0.09523809523809523,0.3333333333333333,0.5714285714285714,0.0,0.10526315789473684,0.5,13.78293307875917,48.24026577565709,0.1781624774442036,0.0,0.0,3.5,0.0,0.5,0.5,0.0,0.0,1,0,1,0,1,1.0
H2_30,D,True,4-1-4-1,2,1,0,1,1,0,4,1,4,1,74,12,7,0.0,0.0,0.0,0.0,0.0,0,2,1,6,1,12,2.0,0.09090909090909091,0.3181818181818182,0.5909090909090909,0.0,0.1,0.5,8.401555555555555,8.401555555555555,0.0,0.0,0.0,1.0,0.0,0.0,0.0,0.0,0.0,1,0,1,0,1,1.0
H1_15,D,True,4-1-4-1,1,0,0,0,0,0,4,1,4,1,14,1,3,0.0,0.0,2.0,0.0,1.0,0,0,0,8,1,1,2.0,0.0,0.8,0.2,0.0,0.0,1.0,13.194150885900537,65.97075442950269,0.0,0.09860072846969682,0.0,5.0,0.5,0.0,0.0,0.5,0.0,0,0,0,0,0,0.0
H1_30,D,True,4-1-4-1,2,0,0,0,0,0,4,1,4,1,29,1,4,0.0,31.525436235294116,2.0,1.0,1.0,0,2,0,10,2,2,2.0,0.125,0.625,0.25,0.0,0.14285714285714285,1.0,12.67167251575502,38.01501754726506,0.41464450458424384,0.24866953316313178,0.0,3.0,0.5,1.0,0.5,0.5,0.5,0,0,0,0,0,0.0
H1_45,D,True,4-1-4-1,2,0,0,0,0,0,4,1,4,1,44,2,5,0.0,0.0,1.0,0.0,0.0,0,2,0,11,2,4,2.0,0.10526315789473684,0.5789473684210527,0.3157894736842105,0.0,0.11764705882352941,1.0,11.868596291703028,35.605788875109084,0.0,0.0,0.0,3.0,0.0,0.0,0.0,0.0,0.0,0,0,0,0,0,0.0
H2_15,D,True,4-1-4-1,4,0,0,0,0,0,4,1,4,1,59,5,5,10.131333333333334,23.345659090909084,2.0,1.0,2.0,1,3,0,11,3,9,2.0,0.14814814814814814,0.4074074074074074,0.4444444444444444,0.25,0.13043478260869565,0.75,12.717788989739292,50.87115595895717,0.3290370721205121,0.1801849833764324,10.131333333333334,4.0,1.0,1.0,0.5,1.0,0.5,0,0,0,0,0,0.0
H2_30,D,True,4-1-4-1,4,0,0,0,0,0,4,1,4,1,74,7,5,0.0,0.0,1.0,0.0,0.0,1,3,0,11,3,12,2.0,0.13333333333333333,0.36666666666666664,0.5,0.25,0.11538461538461539,0.75,12.488888657933261,18.733332986899892,0.0,0.0,0.0,1.5,0.0,0.0,0.0,0.0,0.0,0,0,0,0,0,0.0
H1_15,M,True,4-1-4-1,3,0,0,0,0,0,4,1,4,1,14,3,0,9.615811764705882,62.302638282954874,2.0,2.0,2.0,1,4,1,5,1,6,2.0,0.2777777777777778,0.3333333333333333,0.3888888888888889,0.3333333333333333,0.26666666666666666,0.3333333333333333,15.751800310811054,141.76620279729948,0.25365160605483444,0.186643490684227,9.615811764705882,9.0,1.5,2.5,1.0,1.0,1.0,0,0,0,0,0,0.0
H1_30,M,True,4-1-4-1,4,0,0,0,0,0,4,1,4,1,29,6,1,0.0,59.31630472491026,2.0,1.0,1.0,1,7,1,7,2,7,2.0,0.32,0.32,0.36,0.25,0.3333333333333333,0.5,16.98458480197131,59.44604680689958,0.4989087408754802,0.22667032520555816,0.0,3.5,0.5,1.5,0.5,0.5,0.5,0,0,0,0,0,0.0
H1_45,M,True,4-1-4-1,7,0,0,0,0,0,4,1,4,1,44,7,4,0.0,6.848357142857144,2.0,0.0,1.0,1,8,3,12,3,12,2.0,0.23076923076923078,0.38461538461538464,0.38461538461538464,0.14285714285714285,0.25,0.42857142857142855,15.092632321478874,105.64842625035212,0.032411070310828786,0.31755037757200694,0.0,7.0,1.5,0.5,0.5,0.5,0.0,0,0,0,0,0,0.0
H2_15,M,True,4-1-4-1,9,0,0,0,0,0,4,1,4,1,59,8,6,42.98428670746634,69.82081136493677,2.0,2.0,1.0,3,13,3,18,3,17,2.0,0.2807017543859649,0.3684210526315789,0.3508771929824561,0.3333333333333333,0.2708333333333333,0.3333333333333333,13.876518162252987,124.88866346027689,0.45162264911371575,0.1720904264506693,21.49214335373317,9.0,1.0,3.5,1.0,0.5,1.0,0,0,0,0,0,0.0
H2_30,M,True,4-1-4-1,11,0,0,0,0,0,4,1,4,1,74,8,6,20.191363636363636,34.207363240938164,2.0,1.0,1.0,4,15,3,20,4,19,2.0,0.2923076923076923,0.35384615384615387,0.35384615384615387,0.36363636363636365,0.2777777777777778,0.36363636363636365,12.47562881363307,49.90251525453228,0.5450499498856539,0.2773497912471488,20.191363636363636,4.0,1.0,1.5,1.0,0.5,0.5,0,0,0,0,0,0.0
H1_15,M,True,4-1-4-1,2,0,0,0,0,0,4,1,4,1,14,7,0,0.0,11.65424680851064,2.0,0.0,2.0,0,1,2,2,0,2,2.0,0.14285714285714285,0.5714285714285714,0.2857142857142857,0.0,0.2,0.0,17.398029512353705,60.89310329323797,0.09569430837173983,0.5365913278789916,0.0,3.5,1.0,0.5,0.5,1.0,0.0,0,0,0,0,0,0.0
H1_30,M,True,4-1-4-1,2,1,0,1,1,0,4,1,4,1,29,11,1,0.0,0.0,0.0,0.0,0.0,0,1,2,2,0,2,2.0,0.14285714285714285,0.5714285714285714,0.2857142857142857,0.0,0.2,0.0,0.0,0.0,0.0,0.0,0.0,0.0,0.0,0.0,0.0,0.0,0.0,1,0,0,0,1,1.0
H1_45,M,True,4-1-4-1,2,1,0,1,1,0,4,1,4,1,44,13,1,0.0,0.0,0.0,0.0,0.0,0,1,2,3,0,3,2.0,0.1111111111111111,0.5555555555555556,0.3333333333333333,0.0,0.14285714285714285,0.0,14.165830846930843,14.165830846930843,0.0,0.0,0.0,1.0,0.0,0.0,0.0,0.0,0.0,1,0,0,0,1,1.0
H2_15,M,True,4-1-4-1,2,1,0,1,1,0,4,1,4,1,59,16,1,0.0,0.0,2.0,0.0,0.0,0,1,2,3,0,10,2.0,0.0625,0.3125,0.625,0.0,0.07142857142857142,0.0,10.754492117769571,37.6407224121935,0.0,0.0,0.0,3.5,0.0,0.0,0.0,0.0,0.0,1,0,0,0,1,1.0
H2_30,M,True,4-1-4-1,3,1,0,1,1,0,4,1,4,1,74,18,1,0.0,8.543870270270272,2.0,0.0,1.0,0,2,2,4,1,12,2.0,0.09523809523809523,0.2857142857142857,0.6190476190476191,0.0,0.1111111111111111,0.3333333333333333,8.246061622112132,20.61515405528033,0.2072230517259186,0.2169908596367834,0.0,2.5,0.5,0.5,0.5,0.5,0.0,1,0,0,0,1,1.0
H1_15,M,True,4-1-4-1,5,0,0,0,0,1,4,1,4,1,14,6,1,0.0,44.63340993086109,2.0,1.0,2.0,0,3,3,9,2,5,2.0,0.13636363636363635,0.5454545454545454,0.3181818181818182,0.0,0.17647058823529413,0.4,12.334057713392214,135.67463484731437,0.16448693590032756,0.26450564602133647,0.0,11.0,2.5,1.5,1.0,1.0,0.5,0,0,0,0,0,0.0
H1_30,M,True,4-1-4-1,6,0,0,0,0,1,4,1,4,1,29,6,3,0.0,12.422729528535978,1.0,1.0,1.0,0,5,4,13,2,10,2.0,0.14705882352941177,0.5,0.35294117647058826,0.0,0.17857142857142858,0.3333333333333333,10.104172995554672,60.62503797332803,0.10245543709186092,0.04913406481930861,0.0,6.0,0.5,1.0,0.5,0.5,0.5,0,0,0,0,0,0.0
H1_45,M,True,4-1-4-1,7,0,0,0,0,1,4,1,4,1,44,6,3,0.0,0.0,2.0,0.0,1.0,0,5,5,24,2,16,2.0,0.09615384615384616,0.5576923076923077,0.34615384615384615,0.0,0.1111111111111111,0.2857142857142857,11.820877171378413,106.38789454240572,0.0,0.0464366473658144,0.0,9.0,0.5,0.0,0.0,0.5,0.0,0,0,0,0,0,0.0
H2_15,M,True,4-1-4-1,11,1,1,1,1,0,4,1,4,1,59,8,4,0.0,59.81072403333735,2.0,1.0,2.0,0,8,5,29,6,23,2.0,0.11267605633802817,0.4788732394366197,0.4084507042253521,0.0,0.13333333333333333,0.5454545454545454,13.888213363516053,131.9380269534025,0.22666218911421623,0.21288594741816372,0.0,9.5,2.0,1.5,1.0,1.0,0.5,1,0,1,0,1,1.0
H2_30,M,True,4-1-4-1,13,1,1,1,1,0,4,1,4,1,74,9,6,10.47852972972973,26.875813399503723,2.0,2.0,1.0,1,12,6,32,6,26,2.0,0.1566265060240964,0.4578313253012048,0.3855421686746988,0.07692307692307693,0.17142857142857143,0.46153846153846156,8.49169936988291,50.95019621929747,0.3665770291487655,0.17383558513563854,10.47852972972973,6.0,1.0,2.5,1.0,0.5,1.0,1,0,1,0,1,1.0
H1_15,M,True,4-1-4-1,2,0,0,0,0,0,4,1,4,1,14,5,0,30.002888888888886,24.345164037433157,2.0,1.0,1.0,1,3,0,2,1,4,2.0,0.36363636363636365,0.18181818181818182,0.45454545454545453,0.5,0.3333333333333333,0.5,13.704673681202667,75.37570524661467,0.36051439086709547,0.2607143671642382,30.002888888888886,5.5,1.0,2.0,1.0,0.5,0.5,0,0,0,0,0,0.0
H1_30,M,True,4-1-4-1,2,0,0,0,0,0,4,1,4,1,29,6,1,0.0,14.778529032258064,1.0,0.0,0.0,1,4,0,3,1,4,2.0,0.38461538461538464,0.23076923076923078,0.38461538461538464,0.5,0.36363636363636365,0.5,12.256771492873217,24.513542985746433,0.6028720140883405,0.0,0.0,2.0,0.0,1.0,1.0,0.0,0.0,0,0,0,0,0,0.0
H1_45,M,True,4-1-4-1,3,0,0,0,0,0,4,1,4,1,44,10,2,0.0,0.0,2.0,0.0,1.0,1,4,1,8,1,8,2.0,0.21739130434782608,0.391304347826087,0.391304347826087,0.3333333333333333,0.2,0.3333333333333333,10.989581669864108,54.94790834932054,0.0,0.1342639738240939,0.0,5.0,0.5,0.0,0.0,0.5,0.0,0,0,0,0,0,0.0
H2_15,M,True,4-1-4-1,4,0,0,0,0,0,4,1,4,1,59,14,2,0.0,21.22140659340659,1.0,0.0,1.0,1,5,1,11,2,9,2.0,0.20689655172413793,0.41379310344827586,0.3793103448275862,0.25,0.2,0.5,10.943560239617957,32.83068071885387,0.3231947393222896,0.1900967179026152,0.0,3.0,0.5,0.5,0.5,0.5,0.0,0,0,0,0,0,0.0
H1_15,A,True,4-1-4-1,5,0,0,0,0,0,4,1,4,1,14,0,0,51.01617458597603,73.77556112670507,2.0,2.0,2.0,4,5,0,3,1,1,2.0,0.6428571428571429,0.21428571428571427,0.14285714285714285,0.8,0.5555555555555556,0.2,14.502289988793342,101.5160299215534,0.6146405440062719,0.341004565413167,12.754043646494008,7.0,2.5,4.5,1.0,1.0,1.0,0,0,0,0,0,0.0
H1_30,A,True,4-1-4-1,8,0,0,0,0,0,4,1,4,1,29,2,0,27.617048780487806,22.032671146245054,1.0,1.0,1.0,5,7,1,3,2,2,2.0,0.6,0.2,0.2,0.625,0.5833333333333334,0.25,17.08856639547252,51.26569918641756,0.4842391766294993,0.7153737955174508,27.617048780487806,3.0,1.5,1.5,1.0,0.5,0.5,0,0,0,0,0,0.0
H1_45,A,True,4-1-4-1,9,0,0,0,0,0,4,1,4,1,44,4,0,0.0,16.206483916083915,1.0,1.0,1.0,5,9,2,6,2,2,2.0,0.5384615384615384,0.3076923076923077,0.15384615384615385,0.5555555555555556,0.5294117647058824,0.2222222222222222,8.116072396853976,48.69643438112386,0.33280637734671625,0.2180812431615107,0.0,6.0,1.0,2.0,1.0,1.0,1.0,0,0,0,0,0,0.0
H2_15,A,True,4-1-4-1,13,0,0,0,0,0,4,1,4,1,59,7,0,40.83485042372882,48.542375213675214,2.0,2.0,1.0,7,13,4,7,2,4,2.0,0.5405405405405406,0.2972972972972973,0.16216216216216217,0.5384615384615384,0.5416666666666666,0.15384615384615385,15.702493027214443,86.36371164967943,0.5174466447201137,0.4029762827443378,20.41742521186441,5.5,2.0,3.0,1.0,0.5,1.0,0,0,0,0,0,0.0
H1_15,M,True,4-1-4-1,2,0,0,0,0,1,4,1,4,1,14,3,0,9.182455172413793,35.28438517972351,2.0,1.0,2.0,1,3,1,5,0,0,2.0,0.4,0.6,0.0,0.5,0.375,0.0,13.23956038848917,66.19780194244585,0.33586342028998156,0.15601919222614746,9.182455172413793,5.0,1.0,2.0,1.0,1.0,0.5,0,0,0,0,0,0.0
H1_30,M,True,4-1-4-1,3,1,1,1,1,0,4,1,4,1,29,5,0,0.0,7.544188235294118,2.0,0.0,1.0,1,4,2,5,0,2,2.0,0.35714285714285715,0.5,0.14285714285714285,0.3333333333333333,0.36363636363636365,0.0,11.427907913668154,22.855815827336308,0.1650386993902668,0.24444432004444816,0.0,2.0,0.5,0.5,0.5,0.5,0.0,1,0,0,0,1,1.0
H1_45,M,True,4-1-4-1,3,1,1,1,1,0,4,1,4,1,44,6,0,0.0,0.0,2.0,0.0,0.0,1,4,2,8,0,3,2.0,0.2777777777777778,0.5555555555555556,0.16666666666666666,0.3333333333333333,0.26666666666666666,0.0,12.193053910432909,24.386107820865817,0.0,0.0,0.0,2.0,0.0,0.0,0.0,0.0,0.0,1,0,0,0,1,1.0
H2_15,M,True,4-1-4-1,6,2,1,2,2,0,4,1,4,1,59,12,0,8.051255172413793,18.91892248046484,2.0,1.0,2.0,2,7,3,10,1,8,2.0,0.2903225806451613,0.41935483870967744,0.2903225806451613,0.3333333333333333,0.28,0.16666666666666666,11.275140830059142,73.28841539538442,0.18400027826619628,0.2892482918501235,8.051255172413793,6.5,1.5,2.0,1.0,1.0,0.5,2,0,0,1,2,1.0
H2_30,M,True,4-1-4-1,0,0,0,0,0,0,4,1,4,1,3,0,2,0.0,10.881675,1.0,0.0,0.0,0,1,0,1,0,4,2.0,0.16666666666666666,0.16666666666666666,0.6666666666666666,0.0,0.16666666666666666,0.0,10.774737078431372,32.324211235294115,0.16832081254497142,0.0,0.0,3.0,0.0,0.5,0.5,0.0,0.0,0,0,0,0,0,0.0
H2_30,A,True,4-1-4-1,5,1,0,1,1,0,4,1,4,1,15,2,0,44.58916222116754,42.70105227614491,2.0,1.0,2.0,4,3,1,3,0,5,2.0,0.4375,0.25,0.3125,0.8,0.2727272727272727,0.0,10.74967176754926,85.99737414039409,0.5075167432136227,0.32853805899644856,11.147290555291885,8.0,2.5,3.5,1.0,1.0,0.5,1,0,1,1,1,1.0
H2_30,M,True,4-1-4-1,0,1,0,1,1,0,4,1,4,1,15,1,0,0.0,43.683202517657776,2.0,1.0,0.0,0,3,0,2,0,3,2.0,0.375,0.25,0.375,0.0,0.375,0.0,13.670366751295315,54.68146700518126,0.3994333446971955,0.0,0.0,4.0,0.0,1.5,1.0,0.0,0.5,1,1,0,0,1,1.0
H1_15,G,False,4-2-3-1,0,0,0,0,0,0,4,2,3,1,14,0,0,0.0,0.0,0.0,0.0,0.0,0,0,0,0,0,0,0.0,0.0,0.0,0.0,0.0,0.0,0.0,0.0,0.0,0.0,0.0,0.0,0.0,0.0,0.0,0.0,0.0,0.0,0,0,0,0,0,0.0
H1_30,G,False,4-2-3-1,0,0,0,0,0,0,4,2,3,1,29,1,0,0.0,0.0,0.0,0.0,0.0,0,0,0,0,0,0,0.0,0.0,0.0,0.0,0.0,0.0,0.0,0.0,0.0,0.0,0.0,0.0,0.0,0.0,0.0,0.0,0.0,0.0,0,0,0,0,0,0.0
H1_45,G,False,4-2-3-1,0,0,0,0,0,0,4,2,3,1,44,1,0,0.0,0.0,0.0,0.0,0.0,0,0,0,0,0,0,0.0,0.0,0.0,0.0,0.0,0.0,0.0,0.0,0.0,0.0,0.0,0.0,0.0,0.0,0.0,0.0,0.0,0.0,0,0,0,0,0,0.0
H2_15,G,False,4-2-3-1,0,0,0,0,0,0,4,2,3,1,59,2,1,0.0,0.0,0.0,0.0,0.0,0,0,0,0,0,1,1.0,0.0,0.0,1.0,0.0,0.0,0.0,6.0044142857142875,6.0044142857142875,0.0,0.0,0.0,1.0,0.0,0.0,0.0,0.0,0.0,0,0,0,0,0,0.0
H2_30,G,False,4-2-3-1,0,0,0,0,0,0,4,2,3,1,74,3,1,0.0,0.0,0.0,0.0,0.0,0,0,0,0,0,1,1.0,0.0,0.0,1.0,0.0,0.0,0.0,0.0,0.0,0.0,0.0,0.0,0.0,0.0,0.0,0.0,0.0,0.0,0,0,0,0,0,0.0
H1_15,D,False,4-2-3-1,3,0,0,0,0,1,4,2,3,1,14,6,1,12.755888372093022,36.10028587319244,2.0,2.0,1.0,1,3,0,1,2,2,2.0,0.4444444444444444,0.1111111111111111,0.4444444444444444,0.3333333333333333,0.5,0.6666666666666666,15.70520951904226,70.67344283569017,0.3456473343096641,0.46209916738635315,12.755888372093022,4.5,1.5,2.0,1.0,0.5,1.0,0,0,0,0,0,0.0
H1_30,D,False,4-2-3-1,5,0,0,0,0,1,4,2,3,1,29,14,1,28.40282645074224,9.329254054054054,2.0,1.0,2.0,3,4,0,5,2,4,2.0,0.3888888888888889,0.2777777777777778,0.3333333333333333,0.6,0.3076923076923077,0.4,9.642243499487575,43.39009574769409,0.43480061353404037,0.32729619468806626,14.20141322537112,4.5,1.0,1.5,1.0,1.0,0.5,0,0,0,0,0,0.0
H1_45,D,False,4-2-3-1,7,0,0,0,0,1,4,2,3,1,44,24,1,46.26529411764705,11.262375000000002,2.0,1.0,2.0,4,5,1,10,2,4,2.0,0.34615384615384615,0.4230769230769231,0.23076923076923078,0.5714285714285714,0.2631578947368421,0.2857142857142857,12.422207512032385,49.68883004812954,0.5788792879800617,0.5737299124137507,46.26529411764705,4.0,1.0,1.0,0.5,1.0,0.5,0,0,0,0,0,0.0
H2_15,D,False,4-2-3-1,7,1,1,1,1,1,4,2,3,1,59,37,1,0.0,50.37075387220106,2.0,2.0,0.0,4,9,1,11,2,5,2.0,0.40625,0.375,0.21875,0.5714285714285714,0.36,0.2857142857142857,14.588480796881994,43.76544239064598,0.5754626381083587,0.0,0.0,3.0,0.0,2.0,1.0,0.0,1.0,1,0,0,0,1,1.0
H2_30,D,False,4-2-3-1,8,1,1,1,1,1,4,2,3,1,74,40,2,7.41211851851852,20.5708320855615,2.0,1.0,1.0,5,11,1,13,2,7,2.0,0.41025641025641024,0.358974358974359,0.23076923076923078,0.625,0.3548387096774194,0.25,9.63912260948824,33.73692913320884,0.41472284708531887,0.10985170714933898,7.41211851851852,3.5,0.5,1.5,0.5,0.5,0.5,1,0,0,0,1,1.0
H1_15,D,False,4-2-3-1,1,0,0,0,0,0,4,2,3,1,14,12,0,6.014399999999999,26.200269841269836,1.0,1.0,1.0,1,2,0,2,0,2,1.0,0.42857142857142855,0.2857142857142857,0.2857142857142857,1.0,0.3333333333333333,0.0,13.41670397383751,93.91692781686257,0.3430123896736512,0.06403957348059812,6.014399999999999,7.0,1.0,3.0,1.0,1.0,1.0,0,0,0,0,0,0.0
H1_30,D,False,4-2-3-1,3,0,0,0,0,0,4,2,3,1,29,26,1,0.0,0.0,1.0,0.0,1.0,1,2,1,4,1,2,2.0,0.2727272727272727,0.45454545454545453,0.2727272727272727,0.3333333333333333,0.25,0.3333333333333333,14.087614639314173,28.175229278628347,0.0,0.5301817808454594,0.0,2.0,1.0,0.0,0.0,0.5,0.0,0,0,0,0,0,0.0
H1_45,D,False,4-2-3-1,3,0,0,0,0,0,4,2,3,1,44,38,4,0.0,16.80766933333333,2.0,0.0,0.0,1,3,1,6,1,3,2.0,0.26666666666666666,0.4666666666666667,0.26666666666666666,0.3333333333333333,0.25,0.3333333333333333,12.648900233766234,25.29780046753247,0.33219625862146623,0.0,0.0,2.0,0.0,0.5,0.5,0.0,0.0,0,0,0,0,0,0.0
H2_15,D,False,4-2-3-1,4,0,0,0,0,0,4,2,3,1,59,50,5,0.0,23.205343396226418,1.0,0.0,1.0,1,5,2,6,1,6,2.0,0.2857142857142857,0.38095238095238093,0.3333333333333333,0.25,0.29411764705882354,0.25,11.540896367575742,34.62268910272723,0.33511757748473864,0.1983294821388992,0.0,3.0,0.5,1.0,1.0,0.5,0.0,0,0,0,0,0,0.0
H2_30,D,False,4-2-3-1,5,0,0,0,0,0,4,2,3,1,74,55,5,0.0,0.0,1.0,0.0,1.0,1,5,2,8,2,7,2.0,0.24,0.4,0.36,0.2,0.25,0.4,10.412154508547008,20.824309017094016,0.0,0.43939032946971035,0.0,2.0,0.5,0.0,0.0,0.5,0.0,0,0,0,0,0,0.0
H1_15,D,False,4-2-3-1,1,0,0,0,0,0,4,2,3,1,14,6,1,8.784387096774195,25.128319379844957,2.0,1.0,1.0,1,2,0,2,0,3,2.0,0.375,0.25,0.375,1.0,0.2857142857142857,0.0,15.301659834283766,61.206639337135066,0.2770345410554485,0.07176008348039266,8.784387096774195,4.0,0.5,1.5,0.5,0.5,0.5,0,0,0,0,0,0.0
H1_30,D,False,4-2-3-1,2,1,0,1,1,0,4,2,3,1,29,19,2,0.0,0.0,2.0,0.0,1.0,1,2,0,4,1,7,2.0,0.2,0.26666666666666666,0.5333333333333333,0.5,0.15384615384615385,0.5,7.961355364395257,27.8647437753834,0.0,0.1281810016995796,0.0,3.5,0.5,0.0,0.0,0.5,0.0,1,0,0,0,1,1.0
H1_45,D,False,4-2-3-1,2,1,0,1,1,0,4,2,3,1,44,28,3,0.0,0.0,2.0,0.0,0.0,1,2,0,7,1,9,2.0,0.15,0.35,0.5,0.5,0.1111111111111111,0.5,9.677635071525357,24.194087678813393,0.0,0.0,0.0,2.5,0.0,0.0,0.0,0.0,0.0,1,0,0,0,1,1.0
H2_15,D,False,4-2-3-1,4,1,0,1,1,0,4,2,3,1,59,34,4,0.0,8.739610256410257,1.0,0.0,1.0,1,3,0,9,3,12,2.0,0.14285714285714285,0.32142857142857145,0.5357142857142857,0.25,0.125,0.75,13.881385571225042,55.52554228490017,0.07869900857129442,0.3433988606388544,0.0,4.0,1.0,0.5,0.5,0.5,0.0,1,0,0,0,1,1.0
H2_30,D,False,4-2-3-1,4,1,0,1,1,0,4,2,3,1,74,40,6,0.0,0.0,2.0,0.0,0.0,1,3,0,13,3,13,2.0,0.12121212121212122,0.3939393939393939,0.48484848484848486,0.25,0.10344827586206896,0.75,10.393993759697201,25.984984399243004,0.0,0.0,0.0,2.5,0.0,0.0,0.0,0.0,0.0,1,0,0,0,1,1.0
H1_15,D,False,4-2-3-1,1,0,0,0,0,0,4,2,3,1,14,8,1,0.0,20.566465000000004,2.0,0.0,1.0,0,1,1,4,0,0,2.0,0.16666666666666666,0.8333333333333334,0.0,0.0,0.2,0.0,11.646405684676958,34.93921705403088,0.2943177714628738,0.17344449907474005,0.0,3.0,0.5,0.5,0.5,0.5,0.0,0,0,0,0,0,0.0
H1_30,D,False,4-2-3-1,1,0,0,0,0,0,4,2,3,1,29,18,1,0.0,0.0,1.0,0.0,0.0,0,1,1,6,0,1,2.0,0.1111111111111111,0.7777777777777778,0.1111111111111111,0.0,0.125,0.0,17.42865886666247,26.142988299993707,0.0,0.0,0.0,1.5,0.0,0.0,0.0,0.0,0.0,0,0,0,0,0,0.0
H1_45,D,False,4-2-3-1,2,0,0,0,0,0,4,2,3,1,44,29,1,0.0,23.58237126715093,1.0,0.0,1.0,0,3,2,7,0,1,2.0,0.23076923076923078,0.6923076923076923,0.07692307692307693,0.0,0.2727272727272727,0.0,12.815675668285282,19.223513502427924,0.6133730773038051,0.0,0.0,2.0,0.5,1.0,1.0,0.5,0.0,0,0,0,0,0,0.0
H2_15,D,False,4-2-3-1,3,0,0,0,0,0,4,2,3,1,59,37,2,0.0,38.461012083954294,2.0,1.0,1.0,0,7,2,10,1,3,2.0,0.30434782608695654,0.5217391304347826,0.17391304347826086,0.0,0.35,0.3333333333333333,10.97904847874785,54.89524239373925,0.3503127994962705,0.06603836962209601,0.0,5.0,0.5,2.0,1.0,0.5,0.5,0,0,0,0,0,0.0
H2_30,D,False,4-2-3-1,5,0,0,0,0,0,4,2,3,1,74,45,3,5.839238095238094,12.97645714285714,2.0,1.0,2.0,1,8,2,13,2,4,2.0,0.3,0.5,0.2,0.2,0.32,0.4,10.776578138164355,37.718023483575244,0.249425785079761,0.2040012762949432,5.839238095238094,3.5,1.0,1.0,0.5,1.0,0.5,0,0,0,0,0,0.0
H1_15,M,False,4-2-3-1,1,0,0,0,0,0,4,2,3,1,14,1,0,9.90313142857143,26.7673794282346,1.0,1.0,1.0,1,3,0,0,0,0,2.0,1.0,0.0,0.0,1.0,1.0,0.0,9.167627714201508,18.335255428403016,1.0,0.27005708939376316,9.90313142857143,2.0,0.5,2.0,1.0,0.5,0.5,0,0,0,0,0,0.0
H1_30,M,False,4-2-3-1,1,1,0,0,1,0,4,2,3,1,29,3,0,0.0,14.359915873015876,2.0,0.0,0.0,1,5,0,2,0,0,2.0,0.75,0.25,0.0,1.0,0.7142857142857143,0.0,6.804592632850242,13.609185265700484,0.5275817616065333,0.0,0.0,2.0,0.0,1.0,1.0,0.0,0.0,1,0,1,1,0,0.0
H1_45,M,False,4-2-3-1,3,1,0,0,1,0,4,2,3,1,44,10,0,29.060787782805427,23.952370238095238,2.0,1.0,1.0,3,8,0,5,0,0,2.0,0.6875,0.3125,0.0,1.0,0.6153846153846154,0.0,11.199939974950908,44.79975989980363,0.5916678810273381,0.324340887627534,14.530393891402714,4.0,1.0,2.5,1.0,0.5,0.5,1,0,1,1,0,0.0
H2_15,M,False,4-2-3-1,3,3,0,2,3,0,4,2,3,1,59,13,0,0.0,149.65062625990984,2.0,2.0,0.0,3,19,0,6,0,0,2.0,0.7857142857142857,0.21428571428571427,0.0,1.0,0.76,0.0,13.592344142348809,81.55406485409286,0.9174933617818285,0.0,0.0,6.0,0.0,5.5,1.0,0.0,1.0,3,1,1,3,2,0.6666666666666666
H2_30,M,False,4-2-3-1,5,3,0,2,3,0,4,2,3,1,74,15,0,26.097732888888885,47.25085033839052,2.0,2.0,2.0,5,23,0,10,0,0,2.0,0.7368421052631579,0.2631578947368421,0.0,1.0,0.696969696969697,0.0,9.924028039615987,49.62014019807993,0.7391009269066682,0.26297520305977234,13.048866444444442,5.0,1.0,3.0,1.0,1.0,1.0,3,1,1,3,2,0.6666666666666666
H1_15,M,False,4-2-3-1,0,0,0,0,0,0,4,2,3,1,14,6,1,0.0,11.607843137254902,1.0,0.0,0.0,0,1,0,1,0,1,1.0,0.3333333333333333,0.3333333333333333,0.3333333333333333,0.0,0.3333333333333333,0.0,13.796987634693515,41.390962904080546,0.2804439018283998,0.0,0.0,3.0,0.0,1.0,1.0,0.0,0.0,0,0,0,0,0,0.0
H1_30,M,False,4-2-3-1,1,0,0,0,0,0,4,2,3,1,29,15,3,18.57285245901639,5.753833333333334,1.0,1.0,1.0,1,2,0,3,0,3,1.0,0.3333333333333333,0.3333333333333333,0.3333333333333333,1.0,0.25,0.0,9.720524876466785,58.32314925880071,0.4171017186401149,0.31844735229577514,18.57285245901639,6.0,1.0,2.0,1.0,1.0,1.0,0,0,0,0,0,0.0
H1_45,M,False,4-2-3-1,1,2,2,2,2,0,4,2,3,1,44,28,4,0.0,0.0,0.0,0.0,0.0,1,2,0,4,0,3,1.0,0.3,0.4,0.3,1.0,0.2222222222222222,0.0,12.067843137254902,12.067843137254902,0.0,0.0,0.0,1.0,0.0,0.0,0.0,0.0,0.0,2,0,2,0,2,1.0
H2_15,M,False,4-2-3-1,1,2,2,2,2,0,4,2,3,1,59,36,4,0.0,94.17052013995126,2.0,1.0,0.0,1,8,0,6,0,4,2.0,0.47368421052631576,0.3157894736842105,0.21052631578947367,1.0,0.4444444444444444,0.0,15.777018963065027,70.99658533379262,0.6632045731298603,0.0,0.0,4.5,0.0,3.0,1.0,0.0,0.5,2,0,2,0,2,1.0
H2_30,M,False,4-2-3-1,2,2,2,2,2,0,4,2,3,1,74,46,5,6.573783333333333,11.717347126436781,2.0,1.0,1.0,2,10,0,8,0,6,2.0,0.46153846153846156,0.3076923076923077,0.23076923076923078,1.0,0.4166666666666667,0.0,8.839216927633121,30.937259246715925,0.29561653011831956,0.10624378974409568,6.573783333333333,3.5,0.5,1.5,0.5,0.5,0.5,2,0,2,0,2,1.0
H1_15,M,False,4-2-3-1,2,0,0,0,0,1,4,2,3,1,14,10,0,15.447899999999995,34.35194118518518,2.0,1.0,2.0,1,3,1,2,0,3,2.0,0.4,0.3,0.3,0.5,0.375,0.0,13.100266421020422,65.50133210510211,0.38014372826248294,0.3362100374357662,15.447899999999995,5.0,1.0,2.0,1.0,1.0,0.5,0,0,0,0,0,0.0
H1_30,M,False,4-2-3-1,2,1,0,0,1,1,4,2,3,1,29,17,2,0.0,40.72388005997001,1.0,1.0,0.0,1,5,1,4,0,4,2.0,0.4,0.3333333333333333,0.26666666666666666,0.5,0.38461538461538464,0.0,15.750158691219536,39.37539672804884,0.5171234253363164,0.0,0.0,2.5,0.0,1.0,0.5,0.0,0.5,1,0,0,0,0,0.0
H1_45,M,False,4-2-3-1,3,3,2,1,3,0,4,2,3,1,44,32,2,0.0,27.649837837837836,1.0,0.0,1.0,1,6,2,5,0,4,2.0,0.3888888888888889,0.3888888888888889,0.2222222222222222,0.3333333333333333,0.4,0.0,15.563930335491236,46.69179100647371,0.5921777092252523,0.3100334344536826,0.0,3.0,1.0,1.0,1.0,1.0,0.0,3,0,0,0,1,0.3333333333333333
H2_15,M,False,4-2-3-1,4,3,2,1,3,0,4,2,3,1,59,46,2,11.12601025641026,6.052992000000001,2.0,1.0,1.0,2,7,2,6,0,5,2.0,0.4090909090909091,0.36363636363636365,0.22727272727272727,0.5,0.3888888888888889,0.0,15.642074030210182,31.284148060420364,0.2745640095941201,0.17782185142012077,11.12601025641026,2.0,0.5,1.0,0.5,0.5,0.5,3,0,0,0,1,0.3333333333333333
H2_30,M,False,4-2-3-1,6,4,2,2,4,0,4,2,3,1,74,55,2,9.620470588235294,6.0714239999999995,2.0,1.0,2.0,3,8,2,7,1,5,2.0,0.4230769230769231,0.34615384615384615,0.23076923076923078,0.5,0.4,0.16666666666666666,7.433359361344538,14.866718722689075,0.5277524543558783,0.5872733798303329,9.620470588235294,2.0,1.0,1.0,0.5,1.0,0.5,4,0,0,1,2,0.5
H1_15,M,False,4-2-3-1,5,0,0,0,0,0,4,2,3,1,14,2,0,19.46975625,16.462971313131316,2.0,1.0,2.0,1,2,4,5,0,1,2.0,0.23076923076923078,0.6923076923076923,0.07692307692307693,0.2,0.25,0.0,11.969770360968274,77.80350734629378,0.23091971550330753,0.6033262960830313,19.46975625,6.5,2.5,1.5,0.5,1.0,0.5,0,0,0,0,0,0.0
H1_30,M,False,4-2-3-1,7,0,0,0,0,0,4,2,3,1,29,7,0,17.81489285714286,18.304306753812632,2.0,1.0,1.0,3,4,4,7,0,2,2.0,0.35,0.55,0.1,0.42857142857142855,0.3076923076923077,0.0,12.824333238258264,38.472999714774794,0.469409714328626,0.23152461452468187,17.81489285714286,3.5,1.0,2.0,1.0,0.5,0.5,0,0,0,0,0,0.0
H1_45,M,False,4-2-3-1,7,0,0,0,0,0,4,2,3,1,44,13,1,0.0,58.98770268907563,1.0,1.0,0.0,3,10,4,8,0,2,2.0,0.48148148148148145,0.4444444444444444,0.07407407407407407,0.42857142857142855,0.5,0.0,10.106900384153661,70.74830268907563,0.8337684502243758,0.0,0.0,7.0,0.0,6.0,1.0,0.0,1.0,0,0,0,0,0,0.0
H2_15,M,False,4-2-3-1,8,0,0,0,0,0,4,2,3,1,59,17,2,14.12415319148936,54.844127091546454,2.0,2.0,1.0,4,15,4,10,0,4,2.0,0.5135135135135135,0.3783783783783784,0.10810810810810811,0.5,0.5172413793103449,0.0,13.556644406369958,67.78322203184979,0.508741530836563,0.10418620396100928,14.12415319148936,5.0,0.5,3.0,1.0,0.5,1.0,0,0,0,0,0,0.0
H2_30,M,False,4-2-3-1,9,1,1,1,1,0,4,2,3,1,74,24,2,19.019281355932204,70.24895096895824,2.0,2.0,1.0,5,21,4,10,0,5,2.0,0.5777777777777777,0.3111111111111111,0.1111111111111111,0.5555555555555556,0.5833333333333334,0.0,13.300436897754162,53.20174759101665,0.8389595865452716,0.17874677258857277,19.019281355932204,4.0,0.5,3.5,1.0,0.5,1.0,1,0,0,0,1,1.0
H1_15,A,False,4-2-3-1,2,1,1,1,1,1,4,2,3,1,14,3,0,15.287058823529412,94.48504552950517,2.0,2.0,1.0,1,6,1,1,0,2,2.0,0.6363636363636364,0.18181818181818182,0.18181818181818182,0.5,0.6666666666666666,0.0,16.13685956472729,88.75272760600008,0.6184153845972251,0.3280558587242698,15.287058823529412,5.5,1.0,3.5,1.0,0.5,1.0,1,0,0,0,1,1.0
H1_30,A,False,4-2-3-1,3,1,1,1,1,1,4,2,3,1,29,7,0,0.0,26.245984615384614,1.0,0.0,1.0,1,7,2,4,0,2,2.0,0.5,0.375,0.125,0.3333333333333333,0.5384615384615384,0.0,15.662022928179454,39.155057320448634,0.3351544654957983,0.26066785249097446,0.0,2.5,0.5,0.5,0.5,0.5,0.0,1,0,0,0,1,1.0
H1_45,A,False,4-2-3-1,3,2,1,1,2,1,4,2,3,1,44,8,0,0.0,0.0,0.0,0.0,0.0,1,7,2,5,0,2,2.0,0.47058823529411764,0.4117647058823529,0.11764705882352941,0.3333333333333333,0.5,0.0,9.56315238095238,9.56315238095238,0.0,0.0,0.0,1.0,0.0,0.0,0.0,0.0,0.0,2,0,0,0,1,0.5
H2_15,A,False,4-2-3-1,4,2,1,1,2,1,4,2,3,1,59,9,1,6.622466666666667,85.05476863103235,2.0,2.0,1.0,2,15,2,6,0,2,2.0,0.6296296296296297,0.2962962962962963,0.07407407407407407,0.5,0.6521739130434783,0.0,10.816569244055616,54.08284622027808,0.8475629677874195,0.06122520475062949,6.622466666666667,5.0,0.5,4.5,1.0,0.5,1.0,2,0,0,0,1,0.5
H2_30,A,False,4-2-3-1,4,3,1,2,3,1,4,2,3,1,74,13,1,0.0,14.736449122807018,1.0,0.0,0.0,2,16,2,8,0,2,2.0,0.6,0.3333333333333333,0.06666666666666667,0.5,0.6153846153846154,0.0,9.179961828814461,13.76994274322169,0.5350947857085715,0.0,0.0,1.5,0.0,0.5,0.5,0.0,0.0,3,1,0,0,2,0.6666666666666666
H1_15,M,False,4-2-3-1,4,0,0,0,0,0,4,2,3,1,14,2,2,45.79557500525985,121.70342552631607,2.0,2.0,2.0,2,9,0,4,2,4,2.0,0.5238095238095238,0.19047619047619047,0.2857142857142857,0.5,0.5294117647058824,0.5,13.581038743693144,142.600906808778,0.5872999137241997,0.27369589295017754,22.897787502629924,10.5,2.0,5.5,1.0,1.0,1.0,0,0,0,0,0,0.0
H1_30,M,False,4-2-3-1,5,0,0,0,0,0,4,2,3,1,29,8,2,0.0,45.02884734088928,2.0,1.0,1.0,2,12,1,14,2,4,2.0,0.4,0.42857142857142855,0.17142857142857143,0.4,0.4,0.4,11.352356069009884,79.46649248306919,0.2833197108232941,0.052908085768297586,0.0,7.0,0.5,1.5,1.0,0.5,0.5,0,0,0,0,0,0.0
H1_45,M,False,4-2-3-1,8,0,0,0,0,0,4,2,3,1,44,11,2,17.64005982905983,103.83098358394881,2.0,2.0,2.0,4,19,2,17,2,4,2.0,0.4791666666666667,0.3958333333333333,0.125,0.5,0.475,0.25,13.519136860172264,87.87438959111971,0.6911629427994577,0.15318369467103793,8.820029914529915,6.5,1.5,4.5,1.0,1.0,1.0,0,0,0,0,0,0.0
H2_15,M,False,4-2-3-1,11,0,0,0,0,0,4,2,3,1,59,17,2,29.75135593495935,84.06486354773651,2.0,2.0,1.0,6,27,3,18,2,7,2.0,0.5238095238095238,0.3333333333333333,0.14285714285714285,0.5454545454545454,0.5192307692307693,0.18181818181818182,10.842304063535892,81.31728047651919,0.6998279997543752,0.23128961203547416,14.875677967479675,7.5,1.5,5.0,1.0,0.5,1.0,0,0,0,0,0,0.0
H2_30,A,False,4-2-3-1,0,0,0,0,0,0,4,2,3,1,3,0,0,0.0,8.074500000000002,1.0,0.0,0.0,0,1,0,1,0,0,1.0,0.5,0.5,0.0,0.0,0.5,0.0,12.986996478873241,25.973992957746482,0.3108686451534539,0.0,0.0,2.0,0.0,1.0,1.0,0.0,0.0,0,0,0,0,0,0.0
H1_15,G,True,4-1-4-1,0,0,0,0,0,0,4,1,4,1,14,0,0,0.0,0.0,0.0,0.0,0.0,0,0,0,0,0,0,0.0,0.0,0.0,0.0,0.0,0.0,0.0,0.0,0.0,0.0,0.0,0.0,0.0,0.0,0.0,0.0,0.0,0.0,0,0,0,0,0,0.0
H1_30,G,True,4-1-4-1,0,0,0,0,0,0,4,1,4,1,29,0,2,0.0,0.0,0.0,0.0,0.0,0,0,0,0,0,0,0.0,0.0,0.0,0.0,0.0,0.0,0.0,0.0,0.0,0.0,0.0,0.0,0.0,0.0,0.0,0.0,0.0,0.0,0,0,0,0,0,0.0
H1_45,G,True,4-1-4-1,0,0,0,0,0,0,4,1,4,1,44,1,2,0.0,0.0,0.0,0.0,0.0,0,0,0,0,0,0,0.0,0.0,0.0,0.0,0.0,0.0,0.0,0.0,0.0,0.0,0.0,0.0,0.0,0.0,0.0,0.0,0.0,0.0,0,0,0,0,0,0.0
H2_15,G,True,4-1-4-1,0,0,0,0,0,0,4,1,4,1,59,2,5,0.0,0.0,0.0,0.0,0.0,0,0,0,1,0,0,1.0,0.0,1.0,0.0,0.0,0.0,0.0,5.905,5.905,0.0,0.0,0.0,1.0,0.0,0.0,0.0,0.0,0.0,0,0,0,0,0,0.0
H2_30,G,True,4-1-4-1,0,0,0,0,0,0,4,1,4,1,74,2,5,0.0,0.0,0.0,0.0,0.0,0,0,0,1,0,0,1.0,0.0,1.0,0.0,0.0,0.0,0.0,0.0,0.0,0.0,0.0,0.0,0.0,0.0,0.0,0.0,0.0,0.0,0,0,0,0,0,0.0
H1_15,D,True,4-1-4-1,1,0,0,0,0,0,4,1,4,1,14,4,1,0.0,0.0,2.0,0.0,1.0,0,0,0,3,1,5,2.0,0.0,0.3333333333333333,0.6666666666666666,0.0,0.0,1.0,11.573145289075637,52.079153800840366,0.0,0.06494462030814793,0.0,4.5,0.5,0.0,0.0,0.5,0.0,0,0,0,0,0,0.0
H1_30,D,True,4-1-4-1,7,0,0,0,0,0,4,1,4,1,29,14,2,23.336058111380147,44.93163972577769,2.0,1.0,2.0,2,3,2,7,3,10,2.0,0.18518518518518517,0.3333333333333333,0.48148148148148145,0.2857142857142857,0.15,0.42857142857142855,11.9542415108562,107.5881735977058,0.31726394990412576,0.46245941889071673,11.668029055690074,9.0,3.0,2.5,0.5,1.0,0.5,0,0,0,0,0,0.0
H1_45,D,True,4-1-4-1,10,0,0,0,0,0,4,1,4,1,44,22,2,37.84010266075388,5.571165217391304,2.0,1.0,2.0,4,4,3,9,3,11,2.0,0.23529411764705882,0.35294117647058826,0.4117647058823529,0.4,0.16666666666666666,0.3,14.22093475049782,49.77327162674237,0.4360901590284555,0.5027582129918471,18.92005133037694,3.5,1.5,1.5,1.0,1.0,0.5,0,0,0,0,0,0.0
H2_15,D,True,4-1-4-1,12,0,0,0,0,0,4,1,4,1,59,29,2,29.988504545454543,35.89648193619361,2.0,1.0,1.0,5,6,3,13,4,16,2.0,0.23404255319148937,0.3404255319148936,0.425531914893617,0.4166666666666667,0.17142857142857143,0.3333333333333333,16.19141465512028,105.24419525828182,0.3130100730019291,0.1845961345410847,29.988504545454543,6.5,1.0,1.5,1.0,0.5,0.5,0,0,0,0,0,0.0
H2_30,D,True,4-1-4-1,14,0,0,0,0,0,4,1,4,1,74,38,2,0.0,33.69624922180058,2.0,1.0,1.0,5,9,4,15,5,18,2.0,0.25,0.3392857142857143,0.4107142857142857,0.35714285714285715,0.21428571428571427,0.35714285714285715,14.488889782223351,65.20000402000508,0.2584068032531231,0.40078950547464215,0.0,4.5,1.0,1.5,0.5,0.5,0.5,0,0,0,0,0,0.0
H1_15,D,True,4-1-4-1,0,0,0,0,0,0,4,1,4,1,14,4,2,0.0,0.0,1.0,0.0,0.0,0,0,0,2,0,1,1.0,0.0,0.6666666666666666,0.3333333333333333,0.0,0.0,0.0,9.235245833333332,27.705737499999998,0.0,0.0,0.0,3.0,0.0,0.0,0.0,0.0,0.0,0,0,0,0,0,0.0
H1_30,D,True,4-1-4-1,2,0,0,0,0,0,4,1,4,1,29,11,3,0.0,0.0,1.0,0.0,1.0,0,0,1,6,1,3,2.0,0.0,0.6363636363636364,0.36363636363636365,0.0,0.0,0.5,16.010306773103412,64.04122709241365,0.0,0.27978198379034824,0.0,4.0,1.0,0.0,0.0,0.5,0.0,0,0,0,0,0,0.0
H1_45,D,True,4-1-4-1,3,0,0,0,0,0,4,1,4,1,44,21,3,0.0,0.0,1.0,0.0,1.0,0,0,2,7,1,4,2.0,0.0,0.6428571428571429,0.35714285714285715,0.0,0.0,0.3333333333333333,16.529212942989215,24.79381941448382,0.0,0.17172747485257273,0.0,1.5,0.5,0.0,0.0,0.5,0.0,0,0,0,0,0,0.0
H2_15,D,True,4-1-4-1,5,0,0,0,0,0,4,1,4,1,59,32,5,0.0,16.31406984126984,2.0,0.0,1.0,0,1,2,14,3,7,2.0,0.037037037037037035,0.5925925925925926,0.37037037037037035,0.0,0.045454545454545456,0.6,13.317190316725426,86.56173705871527,0.09423372494364297,0.19315266545071264,0.0,6.5,1.0,0.5,0.5,0.5,0.0,0,0,0,0,0,0.0
H2_30,D,True,4-1-4-1,8,0,0,0,0,0,4,1,4,1,74,38,7,0.0,12.990889655172412,1.0,0.0,1.0,0,2,3,16,5,9,2.0,0.05714285714285714,0.5428571428571428,0.4,0.0,0.07407407407407407,0.625,16.792184277304088,134.3374742184327,0.09670339367888686,0.4334357073515364,0.0,8.0,3.0,1.0,1.0,1.0,0.0,0,0,0,0,0,0.0
H1_15,D,True,4-1-4-1,1,0,0,0,0,0,4,1,4,1,14,8,1,0.0,0.0,2.0,0.0,1.0,0,0,1,2,0,3,2.0,0.0,0.5,0.5,0.0,0.0,0.0,10.953979499709689,32.86193849912907,0.0,0.20264335086348664,0.0,3.0,0.5,0.0,0.0,0.5,0.0,0,0,0,0,0,0.0
H1_30,D,True,4-1-4-1,3,1,0,1,1,0,4,1,4,1,29,14,1,0.0,0.0,1.0,0.0,1.0,0,0,2,3,1,7,2.0,0.0,0.38461538461538464,0.6153846153846154,0.0,0.0,0.3333333333333333,16.58873589017056,58.06057561559696,0.0,0.38841100934107425,0.0,3.5,1.0,0.0,0.0,0.5,0.0,1,0,1,0,1,1.0
H1_45,D,True,4-1-4-1,4,1,0,1,1,0,4,1,4,1,44,26,2,0.0,0.0,1.0,0.0,1.0,0,0,3,4,1,9,2.0,0.0,0.4117647058823529,0.5882352941176471,0.0,0.0,0.25,12.190689305209753,24.381378610419507,0.0,0.3206963696672032,0.0,2.0,0.5,0.0,0.0,0.5,0.0,1,0,1,0,1,1.0
H2_15,D,True,4-1-4-1,6,1,0,1,1,0,4,1,4,1,59,33,3,19.359746031746027,7.7965,2.0,1.0,1.0,1,1,3,10,2,13,2.0,0.06666666666666667,0.43333333333333335,0.5,0.16666666666666666,0.041666666666666664,0.3333333333333333,10.227823265561305,66.48085122614849,0.20424111252252466,0.23650829864357512,19.359746031746027,6.5,1.0,1.0,0.5,0.5,0.5,1,0,1,0,1,1.0
H2_30,D,True,4-1-4-1,8,1,0,1,1,0,4,1,4,1,74,37,4,0.0,0.0,1.0,0.0,1.0,1,1,4,14,3,16,2.0,0.05128205128205128,0.46153846153846156,0.48717948717948717,0.125,0.03225806451612903,0.375,13.173473705106623,118.5612633459596,0.0,0.1340222474125523,0.0,9.0,2.0,0.0,0.0,1.0,0.0,1,0,1,0,1,1.0
H1_15,M,True,4-1-4-1,1,0,0,0,0,1,4,1,4,1,14,0,0,0.0,0.0,2.0,0.0,1.0,0,0,0,4,1,2,2.0,0.0,0.5714285714285714,0.42857142857142855,0.0,0.0,1.0,12.013565068733232,42.047477740566315,0.0,0.07396483569829482,0.0,3.5,0.5,0.0,0.0,0.5,0.0,0,0,0,0,0,0.0
H1_30,M,True,4-1-4-1,3,0,0,0,0,1,4,1,4,1,29,6,1,8.942725000000001,46.19979811842632,2.0,1.0,1.0,1,3,1,7,1,4,2.0,0.23529411764705882,0.47058823529411764,0.29411764705882354,0.3333333333333333,0.21428571428571427,0.3333333333333333,13.765769710847158,68.82884855423579,0.40057711465981516,0.13250391519448784,8.942725000000001,5.0,1.0,2.0,1.0,0.5,0.5,0,0,0,0,0,0.0
H1_45,M,True,4-1-4-1,5,2,1,1,2,0,4,1,4,1,44,9,1,17.796996491228075,18.73848033962817,2.0,1.0,2.0,2,6,2,8,1,5,2.0,0.3333333333333333,0.4166666666666667,0.25,0.4,0.3157894736842105,0.2,14.900977896566149,52.15342263798152,0.35026921516219656,0.7066782092612187,17.796996491228075,3.5,1.0,2.0,1.0,1.0,0.5,2,0,1,0,1,0.5
H2_15,M,True,4-1-4-1,5,2,1,1,2,0,4,1,4,1,59,18,1,0.0,23.798129238329235,2.0,0.0,0.0,2,8,2,9,1,9,2.0,0.3225806451612903,0.3548387096774194,0.3225806451612903,0.4,0.3076923076923077,0.2,12.890105173648774,45.115368107770706,0.2637474793675708,0.0,0.0,3.5,0.0,1.0,1.0,0.0,0.0,2,0,1,0,1,0.5
H2_30,M,True,4-1-4-1,5,4,3,2,4,0,4,1,4,1,74,28,1,0.0,52.999904183321746,2.0,2.0,0.0,2,13,2,11,1,9,2.0,0.39473684210526316,0.34210526315789475,0.2631578947368421,0.4,0.3939393939393939,0.2,10.234782054716362,35.82173719150727,0.7397729470792825,0.0,0.0,3.5,0.0,2.5,1.0,0.0,1.0,4,0,1,0,2,0.5
H1_15,M,True,4-1-4-1,1,2,0,1,2,0,4,1,4,1,14,4,1,0.0,25.374464488017427,2.0,1.0,1.0,0,3,1,1,0,2,2.0,0.42857142857142855,0.2857142857142857,0.2857142857142857,0.0,0.5,0.0,10.789725274907942,37.7640384621778,0.3359606853677867,0.4054230529406932,0.0,3.5,0.5,1.5,1.0,0.5,0.5,2,0,0,1,1,0.5
H1_30,M,True,4-1-4-1,4,2,0,1,2,0,4,1,4,1,29,8,1,0.0,32.55284509090909,2.0,1.0,1.0,0,7,4,3,0,2,2.0,0.4375,0.4375,0.125,0.0,0.5833333333333334,0.0,15.87936586917926,71.45714641130667,0.22777879278536547,0.620699244621767,0.0,4.5,1.5,2.0,0.5,0.5,0.5,2,0,0,1,1,0.5
H1_45,M,True,4-1-4-1,4,2,0,1,2,0,4,1,4,1,44,15,1,0.0,29.574232034632033,2.0,1.0,0.0,0,11,4,3,0,3,2.0,0.5238095238095238,0.3333333333333333,0.14285714285714285,0.0,0.6470588235294118,0.0,12.54046012121212,31.351150303030302,0.47166103554059197,0.0,0.0,2.5,0.0,2.0,1.0,0.0,0.5,2,0,0,1,1,0.5
H2_15,M,True,4-1-4-1,5,2,0,1,2,0,4,1,4,1,59,22,1,20.769525,50.30244745617173,2.0,1.0,1.0,1,15,4,3,0,7,2.0,0.5333333333333333,0.23333333333333334,0.23333333333333334,0.2,0.6,0.0,12.995379955799605,58.47920980109822,0.60766871421403,0.17758041764451096,20.769525,4.5,0.5,2.5,1.0,0.5,0.5,2,0,0,1,1,0.5
H1_15,M,True,4-1-4-1,0,0,0,0,0,0,4,1,4,1,14,4,1,0.0,25.16647844827586,1.0,1.0,0.0,0,2,0,2,0,1,1.0,0.4,0.4,0.2,0.0,0.4,0.0,12.364174165845649,61.82087082922824,0.4070870906654621,0.0,0.0,5.0,0.0,2.0,1.0,0.0,1.0,0,0,0,0,0,0.0
H1_30,M,True,4-1-4-1,1,0,0,0,0,0,4,1,4,1,29,15,1,0.0,13.494501818181815,2.0,0.0,1.0,0,3,0,3,1,4,2.0,0.2727272727272727,0.2727272727272727,0.45454545454545453,0.0,0.3,1.0,13.749584995611073,41.24875498683322,0.16357465604100438,0.10677473784132102,0.0,3.0,0.5,0.5,0.5,0.5,0.0,0,0,0,0,0,0.0
H1_45,M,True,4-1-4-1,1,1,0,0,1,0,4,1,4,1,44,23,2,0.0,7.050967741935482,1.0,0.0,0.0,0,4,0,5,1,6,2.0,0.25,0.3125,0.4375,0.0,0.26666666666666666,1.0,16.81518837257366,42.03797093143415,0.08386427300970273,0.0,0.0,2.5,0.0,0.5,0.5,0.0,0.0,1,0,0,1,0,0.0
H1_15,A,True,4-1-4-1,1,1,0,1,1,0,4,1,4,1,14,2,0,23.399009999999993,43.02179690891206,2.0,2.0,1.0,1,5,0,2,0,1,2.0,0.6666666666666666,0.2222222222222222,0.1111111111111111,1.0,0.625,0.0,10.414313179370934,46.864409307169204,0.7086487154202876,0.24964584367886686,23.399009999999993,4.5,0.5,3.0,1.0,0.5,1.0,1,0,0,1,1,1.0
H1_30,A,True,4-1-4-1,2,1,0,1,1,0,4,1,4,1,29,2,1,30.704191304347823,65.14624767122918,2.0,2.0,1.0,2,11,0,4,0,1,2.0,0.7222222222222222,0.2222222222222222,0.05555555555555555,1.0,0.6875,0.0,12.423443725452167,55.905496764534746,0.8572541567717764,0.2746079820529017,30.704191304347823,4.5,0.5,3.5,1.0,0.5,1.0,1,0,0,1,1,1.0
H1_45,A,True,4-1-4-1,6,1,0,1,1,0,4,1,4,1,44,3,1,58.900358220421026,64.23860168128654,2.0,2.0,2.0,6,17,0,5,0,1,2.0,0.7931034482758621,0.1724137931034483,0.034482758620689655,1.0,0.7391304347826086,0.0,11.793959991064325,64.86677995085378,0.9491681257725728,0.4540101903088668,14.725089555105257,5.5,2.0,5.0,1.0,1.0,1.0,1,0,0,1,1,1.0
H2_15,A,True,4-1-4-1,8,2,0,2,2,0,4,1,4,1,59,4,1,13.525795555555556,30.735391799292664,2.0,1.0,1.0,7,20,1,7,0,4,2.0,0.6923076923076923,0.20512820512820512,0.10256410256410256,0.875,0.6451612903225806,0.0,11.988784370145456,59.943921850727286,0.3691882845525831,0.37877106350904466,13.525795555555556,5.0,1.0,2.0,1.0,0.5,0.5,2,0,0,2,2,1.0
H2_15,M,True,4-1-4-1,0,1,0,0,1,0,4,1,4,1,3,3,0,0.0,17.496134523809523,1.0,0.0,0.0,0,2,0,0,0,1,2.0,0.6666666666666666,0.0,0.3333333333333333,0.0,0.6666666666666666,0.0,15.306766208791208,22.96014931318681,0.3810109047017583,0.0,0.0,1.5,0.0,1.0,1.0,0.0,0.0,1,0,0,1,0,0.0
H2_30,M,True,4-1-4-1,3,1,0,0,1,0,4,1,4,1,18,12,0,34.80362757242758,60.585180934467836,2.0,1.0,2.0,2,7,1,2,0,1,2.0,0.6923076923076923,0.23076923076923078,0.07692307692307693,0.6666666666666666,0.7,0.0,15.808685195973364,79.04342597986683,0.6033949523594277,0.36598045490651865,17.40181378621379,5.0,1.5,3.5,0.5,1.0,0.5,1,0,0,1,0,0.0
H2_15,M,True,4-1-4-1,0,0,0,0,0,0,4,1,4,1,3,4,0,0.0,0.0,0.0,0.0,0.0,0,0,0,1,0,0,1.0,0.0,1.0,0.0,0.0,0.0,0.0,36.354410666666666,36.354410666666666,0.0,0.0,0.0,1.0,0.0,0.0,0.0,0.0,0.0,0,0,0,0,0,0.0
H2_30,M,True,4-1-4-1,1,0,0,0,0,0,4,1,4,1,18,5,0,13.37126086956522,5.816700000000001,1.0,1.0,1.0,1,1,0,4,0,1,1.0,0.2857142857142857,0.5714285714285714,0.14285714285714285,1.0,0.16666666666666666,0.0,17.65140164688087,105.90840988128522,0.18117504446600016,0.1262530603995785,13.37126086956522,6.0,1.0,2.0,1.0,1.0,1.0,0,0,0,0,0,0.0
H1_15,M,True,4-1-4-1,2,0,0,0,0,0,4,1,4,1,14,3,2,0.0,46.311004503987235,2.0,1.0,2.0,0,4,1,6,1,4,2.0,0.25,0.4375,0.3125,0.0,0.2857142857142857,0.5,13.92023059274191,111.36184474193529,0.20793030418679836,0.12240526401147271,0.0,8.0,1.0,2.0,1.0,1.0,0.5,0,0,0,0,0,0.0
H1_30,M,True,4-1-4-1,3,0,0,0,0,0,4,1,4,1,29,11,2,0.0,12.303529411764709,2.0,0.0,1.0,0,5,2,9,1,4,2.0,0.23809523809523808,0.5238095238095238,0.23809523809523808,0.0,0.2777777777777778,0.3333333333333333,12.33298445089551,30.832461127238776,0.1995223372047848,0.3773340973617825,0.0,2.5,0.5,0.5,0.5,0.5,0.0,0,0,0,0,0,0.0
H1_45,M,True,4-1-4-1,3,0,0,0,0,0,4,1,4,1,44,21,2,0.0,47.837841481481476,1.0,1.0,0.0,0,8,2,10,1,4,2.0,0.32,0.48,0.2,0.0,0.36363636363636365,0.3333333333333333,19.60147689929599,39.20295379859198,0.6101305749466209,0.0,0.0,2.0,0.0,1.5,1.0,0.0,0.5,0,0,0,0,0,0.0
H2_30,A,True,4-1-4-1,0,0,0,0,0,0,4,1,4,1,4,0,0,0.0,0.0,1.0,0.0,0.0,0,0,0,2,0,0,1.0,0.0,1.0,0.0,0.0,0.0,0.0,7.248010158730159,14.496020317460317,0.0,0.0,0.0,2.0,0.0,0.0,0.0,0.0,0.0,0,0,0,0,0,0.0
H1_15,M,True,4-1-4-1,1,0,0,0,0,0,4,1,4,1,14,3,0,0.0,10.234390909090909,2.0,0.0,1.0,0,1,1,9,0,1,2.0,0.08333333333333333,0.8333333333333334,0.08333333333333333,0.0,0.09090909090909091,0.0,13.576676465100427,81.46005879060256,0.06281846012043128,0.05211404701101287,0.0,6.0,0.5,0.5,0.5,0.5,0.0,0,0,0,0,0,0.0
H1_30,M,True,4-1-4-1,2,0,0,0,0,0,4,1,4,1,29,13,0,0.0,18.8077474025974,2.0,0.0,1.0,0,3,2,13,0,3,2.0,0.14285714285714285,0.7142857142857143,0.14285714285714285,0.0,0.15789473684210525,0.0,10.982069357884127,49.41931211047857,0.19028742610330182,0.09321150554565814,0.0,4.5,0.5,1.0,1.0,0.5,0.0,0,0,0,0,0,0.0
H1_45,M,True,4-1-4-1,3,0,0,0,0,0,4,1,4,1,44,21,0,0.0,100.71788790399953,2.0,2.0,1.0,0,12,3,17,0,5,2.0,0.32432432432432434,0.5405405405405406,0.13513513513513514,0.0,0.35294117647058826,0.0,11.2703964070821,90.1631712566568,0.5585311968303437,0.08133619647083193,0.0,8.0,0.5,4.5,1.0,0.5,1.0,0,0,0,0,0,0.0
H2_15,M,True,4-1-4-1,3,0,0,0,0,0,4,1,4,1,59,25,0,0.0,98.55339793131742,2.0,2.0,0.0,0,18,3,20,0,9,2.0,0.36,0.46,0.18,0.0,0.3829787234042553,0.0,14.024212447563807,91.15738090916474,0.5405672966269323,0.0,0.0,6.5,0.0,3.0,1.0,0.0,1.0,0,0,0,0,0,0.0
H2_30,M,True,4-1-4-1,4,1,0,1,1,0,4,1,4,1,74,34,0,9.022060606060606,56.42322671480328,2.0,2.0,1.0,1,23,3,21,0,9,2.0,0.42105263157894735,0.42105263157894735,0.15789473684210525,0.25,0.4339622641509434,0.0,10.67679548599214,37.368784200972485,0.8756678698575473,0.12071653920474373,9.022060606060606,3.5,0.5,3.0,1.0,0.5,1.0,1,0,0,1,1,1.0
H1_15,D,True,4-1-4-1,4,0,0,0,0,0,4,1,4,1,14,2,0,0.0,0.0,2.0,0.0,2.0,0,0,3,5,1,1,2.0,0.0,0.8,0.2,0.0,0.0,0.25,14.467830273642928,72.33915136821464,0.0,0.7275130968429576,0.0,5.0,2.0,0.0,0.0,1.0,0.0,0,0,0,0,0,0.0
H1_30,D,True,4-1-4-1,5,0,0,0,0,0,4,1,4,1,29,5,1,0.0,14.245346666666666,2.0,1.0,1.0,0,2,4,10,1,3,2.0,0.1,0.7,0.2,0.0,0.13333333333333333,0.2,11.874164406418675,59.37082203209338,0.1199692557647781,0.0904396934990374,0.0,5.0,0.5,1.0,0.5,0.5,0.5,0,0,0,0,0,0.0
H1_45,D,True,4-1-4-1,5,0,0,0,0,0,4,1,4,1,44,10,1,0.0,30.88884343434343,2.0,1.0,0.0,0,4,4,11,1,4,2.0,0.16666666666666666,0.625,0.20833333333333334,0.0,0.21052631578947367,0.2,20.060212168387167,40.120424336774335,0.38495160438807663,0.0,0.0,2.0,0.0,1.0,0.5,0.0,0.5,0,0,0,0,0,0.0
H2_15,D,True,4-1-4-1,8,0,0,0,0,0,4,1,4,1,59,15,4,31.69365841269842,7.4202375,2.0,1.0,2.0,2,5,5,15,1,7,2.0,0.2,0.5714285714285714,0.22857142857142856,0.25,0.18518518518518517,0.125,12.44647885771697,68.45563371744333,0.28568792507381113,0.34050734186799725,15.84682920634921,5.5,1.5,1.5,0.5,1.0,0.5,0,0,0,0,0,0.0
H2_30,D,True,4-1-4-1,12,0,0,0,0,0,4,1,4,1,74,22,4,23.251881081081084,23.53800372434017,2.0,1.0,2.0,3,9,7,19,2,8,2.0,0.25,0.5416666666666666,0.20833333333333334,0.25,0.25,0.16666666666666666,13.547164719882089,88.05657067923357,0.2656808256584522,0.5752238896023508,23.251881081081084,6.5,2.0,2.5,0.5,1.0,0.5,0,0,0,0,0,0.0
H1_15,G,False,4-4-2,0,0,0,0,0,0,4,4,2,0,14,0,0,0.0,0.0,0.0,0.0,0.0,0,0,0,1,0,0,1.0,0.0,1.0,0.0,0.0,0.0,0.0,8.142847058823529,8.142847058823529,0.0,0.0,0.0,1.0,0.0,0.0,0.0,0.0,0.0,0,0,0,0,0,0.0
H1_30,G,False,4-4-2,0,0,0,0,0,0,4,4,2,0,29,1,0,0.0,0.0,0.0,0.0,0.0,0,0,0,2,0,0,1.0,0.0,1.0,0.0,0.0,0.0,0.0,4.547809523809525,4.547809523809525,0.0,0.0,0.0,1.0,0.0,0.0,0.0,0.0,0.0,0,0,0,0,0,0.0
H1_45,G,False,4-4-2,0,0,0,0,0,0,4,4,2,0,44,1,0,0.0,0.0,0.0,0.0,0.0,0,0,0,2,0,0,1.0,0.0,1.0,0.0,0.0,0.0,0.0,0.0,0.0,0.0,0.0,0.0,0.0,0.0,0.0,0.0,0.0,0.0,0,0,0,0,0,0.0
H2_15,G,False,4-4-2,0,0,0,0,0,0,4,4,2,0,59,1,1,0.0,0.0,0.0,0.0,0.0,0,0,0,2,0,0,1.0,0.0,1.0,0.0,0.0,0.0,0.0,0.0,0.0,0.0,0.0,0.0,0.0,0.0,0.0,0.0,0.0,0.0,0,0,0,0,0,0.0
H2_30,G,False,4-4-2,0,0,0,0,0,0,4,4,2,0,74,1,2,0.0,0.0,0.0,0.0,0.0,0,0,0,2,0,0,1.0,0.0,1.0,0.0,0.0,0.0,0.0,0.0,0.0,0.0,0.0,0.0,0.0,0.0,0.0,0.0,0.0,0.0,0,0,0,0,0,0.0
H1_15,D,False,4-4-2,1,0,0,0,0,0,4,4,2,0,14,3,1,0.0,35.64081236600208,2.0,1.0,1.0,0,3,1,1,0,4,2.0,0.3333333333333333,0.2222222222222222,0.4444444444444444,0.0,0.375,0.0,14.713804471100461,66.21212011995208,0.2691411504527721,0.35196950941425775,0.0,4.5,0.5,1.5,1.0,0.5,0.5,0,0,0,0,0,0.0
H1_30,D,False,4-4-2,2,0,0,0,0,0,4,4,2,0,29,7,1,0.0,46.12068367346939,2.0,0.0,1.0,0,4,2,5,0,7,2.0,0.2222222222222222,0.3888888888888889,0.3888888888888889,0.0,0.25,0.0,22.071046511233742,99.31970930055184,0.2321829372954736,0.21096752028822968,0.0,4.5,0.5,0.5,0.5,0.5,0.0,0,0,0,0,0,0.0
H1_45,D,False,4-4-2,3,0,0,0,0,0,4,4,2,0,44,7,2,0.0,8.48001052631579,1.0,0.0,0.0,0,5,3,7,0,9,2.0,0.20833333333333334,0.4166666666666667,0.375,0.0,0.23809523809523808,0.0,18.461673809877418,55.38502142963225,0.07655508933123559,0.5377557025765851,0.0,3.0,0.5,0.5,0.5,0.5,0.0,0,0,0,0,0,0.0
H2_15,D,False,4-4-2,7,0,0,0,0,0,4,4,2,0,59,12,4,42.1126881755384,81.64852716543732,2.0,1.0,2.0,2,9,4,10,1,14,2.0,0.275,0.35,0.375,0.2857142857142857,0.2727272727272727,0.14285714285714285,15.58434147323535,124.6747317858828,0.4963364010019449,0.2724569847128862,21.0563440877692,8.0,2.0,3.0,1.0,1.0,0.5,0,0,0,0,0,0.0
H2_30,D,False,4-4-2,8,0,0,0,0,0,4,4,2,0,74,17,4,0.0,8.361811764705884,2.0,0.0,1.0,2,10,5,11,1,17,2.0,0.2608695652173913,0.34782608695652173,0.391304347826087,0.25,0.2631578947368421,0.125,14.753261929785483,44.25978578935645,0.09446285850209339,0.3067691386545634,0.0,3.0,0.5,0.5,0.5,0.5,0.0,0,0,0,0,0,0.0
H1_15,D,False,4-4-2,1,1,1,1,1,0,4,4,2,0,14,6,1,0.0,5.280545454545454,2.0,0.0,1.0,0,1,1,4,0,1,2.0,0.14285714285714285,0.7142857142857143,0.14285714285714285,0.0,0.16666666666666666,0.0,16.420373195792184,57.47130618527264,0.04594071202699256,0.25487226534888807,0.0,3.5,0.5,0.5,0.5,0.5,0.0,1,0,0,0,1,1.0
H1_30,D,False,4-4-2,1,1,1,1,1,0,4,4,2,0,29,16,1,0.0,0.0,2.0,0.0,0.0,0,1,1,6,0,4,2.0,0.08333333333333333,0.5833333333333334,0.3333333333333333,0.0,0.09090909090909091,0.0,10.828016939056704,27.07004234764176,0.0,0.0,0.0,2.5,0.0,0.0,0.0,0.0,0.0,1,0,0,0,1,1.0
H1_45,D,False,4-4-2,1,1,1,1,1,0,4,4,2,0,44,16,4,0.0,0.0,1.0,0.0,0.0,0,1,1,7,0,7,2.0,0.0625,0.5,0.4375,0.0,0.06666666666666667,0.0,15.594501309488763,62.37800523795505,0.0,0.0,0.0,4.0,0.0,0.0,0.0,0.0,0.0,1,0,0,0,1,1.0
H2_15,D,False,4-4-2,2,1,1,1,1,0,4,4,2,0,59,27,6,0.0,0.0,2.0,0.0,1.0,0,1,2,9,0,11,2.0,0.043478260869565216,0.4782608695652174,0.4782608695652174,0.0,0.047619047619047616,0.0,14.01938672684183,49.067853543946406,0.0,0.23944503795201277,0.0,3.5,0.5,0.0,0.0,0.5,0.0,1,0,0,0,1,1.0
H2_30,D,False,4-4-2,2,1,1,1,1,0,4,4,2,0,74,31,6,0.0,0.0,1.0,0.0,0.0,0,1,2,10,0,15,2.0,0.03571428571428571,0.42857142857142855,0.5357142857142857,0.0,0.038461538461538464,0.0,12.683447269348491,31.708618173371228,0.0,0.0,0.0,2.5,0.0,0.0,0.0,0.0,0.0,1,0,0,0,1,1.0
H1_15,D,False,4-4-2,1,0,0,0,0,0,4,4,2,0,14,6,0,0.0,4.973530434782608,1.0,0.0,1.0,0,1,1,1,0,1,1.0,0.25,0.5,0.25,0.0,0.3333333333333333,0.0,8.218918817486859,32.875675269947436,0.15128298944262447,0.4542083947993554,0.0,4.0,1.0,1.0,1.0,1.0,0.0,0,0,0,0,0,0.0
H1_30,D,False,4-4-2,2,0,0,0,0,0,4,4,2,0,29,16,2,0.0,0.0,1.0,0.0,1.0,0,1,1,1,1,5,1.0,0.1111111111111111,0.2222222222222222,0.6666666666666666,0.0,0.14285714285714285,0.5,7.768000037296038,38.84000018648019,0.0,0.15471304110719952,0.0,5.0,1.0,0.0,0.0,1.0,0.0,0,0,0,0,0,0.0
H1_45,D,False,4-4-2,2,0,0,0,0,0,4,4,2,0,44,17,5,0.0,0.0,0.0,0.0,0.0,0,1,1,1,1,6,1.0,0.1,0.2,0.7,0.0,0.125,0.5,12.958792452830192,12.958792452830192,0.0,0.0,0.0,1.0,0.0,0.0,0.0,0.0,0.0,0,0,0,0,0,0.0
H2_15,D,False,4-4-2,2,1,1,1,1,0,4,4,2,0,59,24,5,0.0,16.551154929577464,1.0,0.0,0.0,0,2,1,2,1,8,1.0,0.14285714285714285,0.21428571428571427,0.6428571428571429,0.0,0.16666666666666666,0.5,16.54640051810865,66.1856020724346,0.25007183452775134,0.0,0.0,4.0,0.0,1.0,1.0,0.0,0.0,1,1,1,0,1,1.0
H2_30,D,False,4-4-2,2,1,1,1,1,0,4,4,2,0,74,29,6,0.0,0.0,1.0,0.0,0.0,0,2,1,2,1,11,1.0,0.11764705882352941,0.17647058823529413,0.7058823529411765,0.0,0.13333333333333333,0.5,11.889247842190017,35.66774352657005,0.0,0.0,0.0,3.0,0.0,0.0,0.0,0.0,0.0,1,1,1,0,1,1.0
H2_15,M,False,4-4-2,4,0,0,0,0,1,4,4,2,0,9,6,1,25.171062561576356,43.860379266347685,2.0,2.0,2.0,2,3,0,3,2,2,2.0,0.4166666666666667,0.25,0.3333333333333333,0.5,0.375,0.5,13.398764171125388,80.39258502675233,0.42933960765754936,0.25002211902898364,12.585531280788178,6.0,2.0,2.5,1.0,1.0,1.0,0,0,0,0,0,0.0
H2_30,M,False,4-4-2,4,0,0,0,0,1,4,4,2,0,24,13,1,0.0,0.0,2.0,0.0,0.0,2,3,0,5,2,5,2.0,0.29411764705882354,0.29411764705882354,0.4117647058823529,0.5,0.23076923076923078,0.5,15.524990988393949,38.812477470984874,0.0,0.0,0.0,2.5,0.0,0.0,0.0,0.0,0.0,0,0,0,0,0,0.0
H2_15,M,False,4-4-2,0,0,0,0,0,0,4,4,2,0,8,5,0,0.0,16.96394470588235,1.0,1.0,0.0,0,2,0,2,0,2,2.0,0.3333333333333333,0.3333333333333333,0.3333333333333333,0.0,0.3333333333333333,0.0,12.861783684328364,38.58535105298509,0.2198236408758806,0.0,0.0,3.0,0.0,1.0,0.5,0.0,0.5,0,0,0,0,0,0.0
H2_30,M,False,4-4-2,1,1,0,1,1,0,4,4,2,0,23,9,0,36.580191150442474,58.69445764848486,2.0,1.0,1.0,1,6,0,5,0,3,2.0,0.4666666666666667,0.3333333333333333,0.2,1.0,0.42857142857142855,0.0,23.4185306554094,105.38338794934229,0.45203827022872795,0.1735576729039426,36.580191150442474,4.5,0.5,2.5,1.0,0.5,0.5,1,0,0,1,1,1.0
H1_15,A,False,4-4-2,1,1,1,1,1,0,4,4,2,0,14,1,0,7.086538461538462,153.51411183112006,2.0,2.0,1.0,1,11,0,1,0,1,2.0,0.8571428571428571,0.07142857142857142,0.07142857142857142,1.0,0.8461538461538461,0.0,13.302448253587086,93.1171377751096,0.8623581766469813,0.03805174123077862,7.086538461538462,7.0,0.5,6.0,1.0,0.5,1.0,1,0,1,0,1,1.0
H1_30,A,False,4-4-2,2,1,1,1,1,0,4,4,2,0,29,6,0,0.0,63.17957151879561,2.0,2.0,1.0,1,16,1,3,0,3,2.0,0.7083333333333334,0.16666666666666666,0.125,0.5,0.7272727272727273,0.0,13.54656367169341,67.73281835846704,0.4663881782124142,0.2671360447046952,0.0,5.0,0.5,2.5,1.0,0.5,1.0,1,0,1,0,1,1.0
H1_45,A,False,4-4-2,2,1,1,1,1,0,4,4,2,0,44,6,1,0.0,30.075876422764228,2.0,0.0,0.0,1,17,1,9,0,4,2.0,0.5625,0.3125,0.125,0.5,0.5666666666666667,0.0,15.711011321432663,62.84404528573065,0.23928978701179543,0.0,0.0,4.0,0.0,0.5,0.5,0.0,0.0,1,0,1,0,1,1.0
H2_15,A,False,4-4-2,4,1,1,1,1,0,4,4,2,0,59,10,1,6.925440000000001,110.78890330633774,2.0,2.0,1.0,2,27,1,16,1,6,2.0,0.5471698113207547,0.32075471698113206,0.1320754716981132,0.5,0.5510204081632653,0.25,12.79977389569423,134.3976259047894,0.4379331201494939,0.16187416163348048,6.925440000000001,10.5,1.0,5.5,1.0,0.5,1.0,1,0,1,0,1,1.0
H1_15,M,False,4-4-2,1,0,0,0,0,0,4,4,2,0,14,4,0,0.0,26.938593939393936,2.0,1.0,1.0,0,2,1,6,0,0,2.0,0.2222222222222222,0.7777777777777778,0.0,0.0,0.25,0.0,10.726147905200897,48.26766557340403,0.27905424490051756,0.06186354892941854,0.0,4.5,0.5,1.0,0.5,0.5,0.5,0,0,0,0,0,0.0
H1_30,M,False,4-4-2,3,0,0,0,0,0,4,4,2,0,29,8,0,49.26627973856209,31.021877460317462,2.0,1.0,2.0,1,5,1,8,1,0,2.0,0.375,0.5625,0.0625,0.3333333333333333,0.38461538461538464,0.3333333333333333,17.043195677371425,59.651184870799995,0.6729804057771669,0.558965915383135,49.26627973856209,3.5,1.0,2.0,1.0,1.0,0.5,0,0,0,0,0,0.0
H1_45,M,False,4-4-2,3,0,0,0,0,0,4,4,2,0,44,8,0,0.0,0.0,2.0,0.0,0.0,1,5,1,9,1,3,2.0,0.3,0.5,0.2,0.3333333333333333,0.29411764705882354,0.3333333333333333,15.218362520547945,30.43672504109589,0.0,0.0,0.0,2.0,0.0,0.0,0.0,0.0,0.0,0,0,0,0,0,0.0
H2_30,M,False,4-4-2,2,0,0,0,0,0,4,4,2,0,4,1,1,53.27831767684289,0.0,1.0,1.0,0.0,2,0,0,0,0,1,2.0,0.6666666666666666,0.0,0.3333333333333333,1.0,0.0,0.0,21.392418013493085,32.08862702023963,0.8301744671599387,0.8301744671599387,26.639158838421444,1.5,1.0,1.0,0.5,0.5,0.5,0,0,0,0,0,0.0
H1_15,D,False,4-4-2,0,0,0,0,0,0,4,4,2,0,14,8,0,0.0,37.23178774410774,2.0,1.0,0.0,0,3,0,4,0,0,2.0,0.42857142857142855,0.5714285714285714,0.0,0.0,0.42857142857142855,0.0,17.417748734636408,60.96212057122742,0.3053682138616435,0.0,0.0,3.5,0.0,1.5,0.5,0.0,0.5,0,0,0,0,0,0.0
H1_30,D,False,4-4-2,1,0,0,0,0,0,4,4,2,0,29,12,1,0.0,0.0,2.0,0.0,1.0,0,3,1,6,0,1,2.0,0.2727272727272727,0.6363636363636364,0.09090909090909091,0.0,0.3,0.0,19.01283987854251,38.02567975708502,0.0,0.26591001910716017,0.0,2.0,0.5,0.0,0.0,0.5,0.0,0,0,0,0,0,0.0
H1_45,D,False,4-4-2,2,0,0,0,0,0,4,4,2,0,44,13,3,0.0,12.933567765567766,2.0,0.0,1.0,0,5,1,10,1,2,2.0,0.2631578947368421,0.5789473684210527,0.15789473684210525,0.0,0.29411764705882354,0.5,10.176224568624548,40.70489827449819,0.15886991877916945,0.09632694682067497,0.0,4.0,0.5,1.0,1.0,0.5,0.0,0,0,0,0,0,0.0
H2_15,D,False,4-4-2,3,0,0,0,0,0,4,4,2,0,59,18,4,0.0,20.0272883028083,2.0,1.0,1.0,0,8,1,14,2,5,2.0,0.26666666666666666,0.5,0.23333333333333334,0.0,0.2962962962962963,0.6666666666666666,13.132853991521351,72.23069695336743,0.1386341898080953,0.16355314058453896,0.0,5.5,0.5,1.5,0.5,0.5,0.5,0,0,0,0,0,0.0
H2_30,D,False,4-4-2,4,0,0,0,0,0,4,4,2,0,74,21,4,0.0,0.0,2.0,0.0,1.0,0,8,1,17,3,11,2.0,0.2,0.45,0.35,0.0,0.2222222222222222,0.75,11.280894711775538,56.40447355887769,0.0,0.26331706475663075,0.0,5.0,0.5,0.0,0.0,0.5,0.0,0,0,0,0,0,0.0
H1_15,A,False,4-4-2,5,0,0,0,0,0,4,4,2,0,14,1,0,49.20067778763679,35.690808595251106,2.0,2.0,1.0,3,3,1,5,1,2,2.0,0.4,0.4,0.2,0.6,0.3,0.2,11.830841607519515,88.73131205639636,0.4783626231568179,0.3795151990146798,16.400225929212265,7.5,2.5,3.0,1.0,0.5,1.0,0,0,0,0,0,0.0
H1_30,A,False,4-4-2,7,0,0,0,0,0,4,4,2,0,29,3,0,19.582889552238804,66.77221376390575,2.0,1.0,2.0,4,7,2,10,1,4,2.0,0.39285714285714285,0.42857142857142855,0.17857142857142858,0.5714285714285714,0.3333333333333333,0.14285714285714285,12.37641049190453,80.44666819737944,0.5367226838050552,0.17054948254164234,19.582889552238804,6.5,1.0,2.5,1.0,1.0,0.5,0,0,0,0,0,0.0
H1_45,A,False,4-4-2,9,0,0,0,0,0,4,4,2,0,44,3,0,19.8505125,30.426596783625726,2.0,1.0,1.0,5,9,3,13,1,5,2.0,0.3888888888888889,0.4444444444444444,0.16666666666666666,0.5555555555555556,0.3333333333333333,0.1111111111111111,15.059996840297881,60.239987361191524,0.4173067715151597,0.36659295401668,19.8505125,4.0,1.0,1.5,1.0,0.5,0.5,0,0,0,0,0,0.0
H2_15,A,False,4-4-2,15,1,0,1,1,0,4,4,2,0,59,8,1,41.38905907593212,99.39149128824683,2.0,2.0,2.0,8,18,6,22,1,6,2.0,0.4262295081967213,0.45901639344262296,0.11475409836065574,0.5333333333333333,0.391304347826087,0.06666666666666667,11.469243529048754,143.36554411310942,0.4909846059423768,0.28705609367484725,13.796353025310706,12.5,3.0,6.0,1.0,1.0,1.0,1,0,0,0,1,1.0
H2_30,A,False,4-4-2,21,1,0,1,1,0,4,4,2,0,74,8,4,53.34984339366516,23.511815686533634,2.0,2.0,2.0,11,21,8,29,2,6,2.0,0.4155844155844156,0.4805194805194805,0.1038961038961039,0.5238095238095238,0.375,0.09523809523809523,12.14030920283552,97.12247362268415,0.3956945092790903,0.39537640430830395,17.78328113122172,8.0,3.0,3.0,1.0,1.0,1.0,1,0,0,0,1,1.0
H1_15,M,False,4-4-2,2,1,1,1,1,0,4,4,2,0,14,5,0,22.75268333333333,87.52310136355503,2.0,2.0,1.0,2,5,0,1,0,0,2.0,0.875,0.125,0.0,1.0,0.8333333333333334,0.0,18.79785506385523,75.19142025542092,0.7333003175248445,0.15129840117425483,11.376341666666665,4.0,1.0,3.5,1.0,0.5,1.0,1,0,0,0,1,1.0
H1_30,M,False,4-4-2,3,1,1,1,1,0,4,4,2,0,29,11,1,12.639654545454547,6.7345733333333335,2.0,0.0,1.0,3,6,0,3,0,0,2.0,0.75,0.25,0.0,1.0,0.6666666666666666,0.0,10.47979196969697,20.95958393939394,0.46218064096142786,0.3015244620790891,12.639654545454547,2.0,0.5,1.0,1.0,0.5,0.0,1,0,0,0,1,1.0
H1_45,M,False,4-4-2,4,1,1,1,1,0,4,4,2,0,44,13,2,11.34003,19.757241847665846,2.0,1.0,1.0,4,9,0,4,0,1,2.0,0.7222222222222222,0.2222222222222222,0.05555555555555555,1.0,0.6428571428571429,0.0,8.936000278704542,26.808000836113628,0.5799998298600105,0.21150458158602423,11.34003,3.0,0.5,2.0,1.0,0.5,0.5,1,0,0,0,1,1.0
H2_15,M,False,4-4-2,7,1,1,1,1,0,4,4,2,0,59,19,2,11.811150000000003,15.661371428571428,2.0,1.0,2.0,5,11,2,6,0,5,2.0,0.5517241379310345,0.27586206896551724,0.1724137931034483,0.7142857142857143,0.5,0.0,11.686322199645907,64.2747720980525,0.21371154289478875,0.24917168673809495,11.811150000000003,5.5,1.5,1.5,1.0,1.0,0.5,1,0,0,0,1,1.0
H1_15,M,False,4-4-2,0,1,0,1,1,0,4,4,2,0,14,8,0,0.0,132.64176995746362,2.0,1.0,0.0,0,8,0,3,0,2,2.0,0.6153846153846154,0.23076923076923078,0.15384615384615385,0.0,0.6153846153846154,0.0,20.87565436206351,135.69175335341282,0.48876135313836855,0.0,0.0,6.5,0.0,4.0,1.0,0.0,0.5,1,1,0,0,1,1.0
H1_30,M,False,4-4-2,2,1,0,1,1,0,4,4,2,0,29,16,1,9.737211428571433,41.72237902961932,2.0,1.0,2.0,1,11,1,8,0,5,2.0,0.46153846153846156,0.34615384615384615,0.19230769230769232,0.5,0.4583333333333333,0.0,11.53859684502528,75.00087949266432,0.34305991347224074,0.1397438733717586,9.737211428571433,6.5,1.0,2.0,1.0,1.0,0.5,1,1,0,0,1,1.0
H1_45,M,False,4-4-2,4,1,0,1,1,0,4,4,2,0,44,16,1,6.5868166666666665,74.63810690909091,2.0,1.0,1.0,2,14,2,11,0,8,2.0,0.43243243243243246,0.35135135135135137,0.21621621621621623,0.5,0.42424242424242425,0.0,13.27284924014542,73.00067082079981,0.556329980687071,0.08645797470832066,6.5868166666666665,5.5,1.0,2.0,1.0,0.5,0.5,1,1,0,0,1,1.0
H1_15,M,False,4-4-2,3,0,0,0,0,0,4,4,2,0,14,5,0,7.632128571428572,51.37987016345829,2.0,1.0,1.0,1,4,2,5,0,2,2.0,0.35714285714285715,0.5,0.14285714285714285,0.3333333333333333,0.36363636363636365,0.0,16.49830165775442,115.48811160428096,0.2554894954776427,0.23411049514584661,7.632128571428572,7.0,1.5,2.5,0.5,0.5,0.5,0,0,0,0,0,0.0
H1_30,M,False,4-4-2,5,0,0,0,0,0,4,4,2,0,29,11,2,6.852480000000001,6.607851851851851,2.0,1.0,1.0,2,5,2,11,1,4,2.0,0.28,0.52,0.2,0.4,0.25,0.2,12.81568958172113,70.48629269946622,0.09548191099539687,0.15621267026976698,6.852480000000001,5.5,1.0,1.0,0.5,0.5,0.5,0,0,0,0,0,0.0
H1_45,M,False,4-4-2,6,0,0,0,0,0,4,4,2,0,44,11,4,0.0,0.0,2.0,0.0,1.0,2,5,2,14,2,8,2.0,0.21212121212121213,0.48484848484848486,0.30303030303030304,0.3333333333333333,0.18518518518518517,0.3333333333333333,12.616235195978405,50.46494078391362,0.0,0.06280279103081901,0.0,4.0,0.5,0.0,0.0,0.5,0.0,0,0,0,0,0,0.0
H2_15,M,False,4-4-2,7,0,0,0,0,0,4,4,2,0,59,17,4,0.0,20.867350476190477,2.0,1.0,1.0,2,7,3,20,2,11,2.0,0.2,0.5111111111111111,0.28888888888888886,0.2857142857142857,0.18421052631578946,0.2857142857142857,10.048695707959874,60.29217424775924,0.17305189882886013,0.10429161429771916,0.0,6.0,0.5,1.0,0.5,0.5,0.5,0,0,0,0,0,0.0
H2_30,M,False,4-4-2,10,1,0,1,0,0,4,4,2,0,74,22,4,0.0,13.535633855799372,2.0,0.0,2.0,2,9,5,24,3,14,2.0,0.19298245614035087,0.5087719298245614,0.2982456140350877,0.2,0.19148936170212766,0.3,11.311854601717142,67.87112761030285,0.09971569894578163,0.36697512091392853,0.0,6.0,1.5,1.0,1.0,1.0,0.0,1,0,0,0,1,1.0
H2_30,M,True,4-1-4-1,0,0,0,0,0,0,4,1,4,1,4,1,0,0.0,0.0,1.0,0.0,0.0,0,0,0,1,0,2,2.0,0.0,0.3333333333333333,0.6666666666666666,0.0,0.0,0.0,11.917689950789951,17.876534926184927,0.0,0.0,0.0,1.5,0.0,0.0,0.0,0.0,0.0,0,0,0,0,0,0.0
H2_30,M,False,4-4-2,1,0,0,0,0,0,4,4,2,0,4,1,1,14.557254901960784,30.29103666666667,1.0,1.0,1.0,1,3,0,0,0,2,2.0,0.6666666666666666,0.0,0.3333333333333333,1.0,0.6,0.0,10.064107050125822,30.192321150377467,0.7427102299497559,0.241075451427801,14.557254901960784,3.0,0.5,2.0,1.0,0.5,0.5,0,0,0,0,0,0.0
H1_15,G,True,4-4-2,0,0,0,0,0,0,4,4,2,0,14,0,0,0.0,0.0,0.0,0.0,0.0,0,0,0,0,0,0,0.0,0.0,0.0,0.0,0.0,0.0,0.0,0.0,0.0,0.0,0.0,0.0,0.0,0.0,0.0,0.0,0.0,0.0,0,0,0,0,0,0.0
H1_30,G,True,4-4-2,0,0,0,0,0,0,4,4,2,0,29,0,1,0.0,0.0,0.0,0.0,0.0,0,0,0,0,0,1,1.0,0.0,0.0,1.0,0.0,0.0,0.0,7.009935483870969,7.009935483870969,0.0,0.0,0.0,1.0,0.0,0.0,0.0,0.0,0.0,0,0,0,0,0,0.0
H1_45,G,True,4-4-2,0,0,0,0,0,0,4,4,2,0,44,0,3,0.0,0.0,0.0,0.0,0.0,0,0,0,0,0,1,1.0,0.0,0.0,1.0,0.0,0.0,0.0,0.0,0.0,0.0,0.0,0.0,0.0,0.0,0.0,0.0,0.0,0.0,0,0,0,0,0,0.0
H2_15,G,True,4-4-2,0,0,0,0,0,0,4,4,2,0,59,0,3,0.0,0.0,0.0,0.0,0.0,0,0,0,0,0,1,1.0,0.0,0.0,1.0,0.0,0.0,0.0,0.0,0.0,0.0,0.0,0.0,0.0,0.0,0.0,0.0,0.0,0.0,0,0,0,0,0,0.0
H2_30,G,True,4-4-2,1,0,0,0,0,0,4,4,2,0,74,0,4,0.0,0.0,1.0,0.0,1.0,0,0,1,2,0,1,2.0,0.0,0.75,0.25,0.0,0.0,0.0,14.584048318713451,43.752144956140356,0.0,0.4230332597077032,0.0,3.0,1.0,0.0,0.0,1.0,0.0,0,0,0,0,0,0.0
H2_45,G,True,4-4-2,1,0,0,0,0,0,4,4,2,0,89,0,4,0.0,0.0,0.0,0.0,0.0,0,0,1,2,0,1,2.0,0.0,0.75,0.25,0.0,0.0,0.0,0.0,0.0,0.0,0.0,0.0,0.0,0.0,0.0,0.0,0.0,0.0,0,0,0,0,0,0.0
ET1_15,G,True,4-4-2,2,0,0,0,0,0,4,4,2,0,104,0,5,0.0,0.0,1.0,0.0,1.0,0,0,1,2,1,2,2.0,0.0,0.5,0.5,0.0,0.0,0.5,10.255615034965032,20.511230069930065,0.0,0.7013643455560197,0.0,2.0,1.0,0.0,0.0,1.0,0.0,0,0,0,0,0,0.0
H1_15,D,True,4-4-2,2,0,0,0,0,0,4,4,2,0,14,3,1,0.0,0.0,2.0,0.0,2.0,0,0,1,5,1,1,2.0,0.0,0.75,0.25,0.0,0.0,0.5,9.98834044718795,39.9533617887518,0.0,0.19068173619166562,0.0,4.0,1.0,0.0,0.0,1.0,0.0,0,0,0,0,0,0.0
H1_30,D,True,4-4-2,3,0,0,0,0,0,4,4,2,0,29,7,2,0.0,0.0,1.0,0.0,1.0,0,0,1,5,2,4,2.0,0.0,0.5,0.5,0.0,0.0,0.6666666666666666,8.342778191067653,33.37111276427061,0.0,0.36141288081088685,0.0,4.0,1.0,0.0,0.0,1.0,0.0,0,0,0,0,0,0.0
H1_45,D,True,4-4-2,6,0,0,0,0,0,4,4,2,0,44,11,2,16.708075862068966,5.835483333333334,2.0,1.0,2.0,1,1,2,8,3,5,2.0,0.1,0.5,0.4,0.16666666666666666,0.07142857142857142,0.5,12.376086353488303,49.50434541395321,0.22769273087942107,0.43871748218423695,16.708075862068966,4.0,1.5,1.0,0.5,1.0,0.5,0,0,0,0,0,0.0
H2_15,D,True,4-4-2,8,0,0,0,0,0,4,4,2,0,59,13,2,0.0,8.431783783783782,2.0,0.0,1.0,1,2,3,11,4,11,2.0,0.09375,0.4375,0.46875,0.125,0.08333333333333333,0.5,11.239775130286192,67.43865078171716,0.06251447564598717,0.2368587558540743,0.0,6.0,1.0,0.5,0.5,0.5,0.0,0,0,0,0,0,0.0
H2_30,D,True,4-4-2,10,0,0,0,0,0,4,4,2,0,74,17,4,0.0,5.668076923076923,2.0,0.0,2.0,1,3,5,15,4,12,2.0,0.1,0.5,0.4,0.1,0.1,0.4,8.119646849005564,32.478587396022256,0.08725867375271235,0.3283164830481899,0.0,4.0,1.0,0.5,0.5,1.0,0.0,0,0,0,0,0,0.0
H2_45,D,True,4-4-2,11,0,0,0,0,0,4,4,2,0,89,22,7,0.0,11.790759183673469,1.0,0.0,1.0,1,4,5,17,5,12,2.0,0.11363636363636363,0.5,0.38636363636363635,0.09090909090909091,0.12121212121212122,0.45454545454545453,9.749711239007798,19.499422478015596,0.30233611269684596,0.31395551465251453,0.0,2.0,0.5,0.5,0.5,0.5,0.0,0,0,0,0,0,0.0
H1_15,D,True,4-4-2,0,0,0,0,0,0,4,4,2,0,14,6,2,0.0,13.502317241379307,2.0,0.0,0.0,0,1,0,2,0,3,2.0,0.16666666666666666,0.3333333333333333,0.5,0.0,0.16666666666666666,0.0,14.134789633604436,42.40436890081331,0.15920903425024602,0.0,0.0,3.0,0.0,0.5,0.5,0.0,0.0,0,0,0,0,0,0.0
H1_30,D,True,4-4-2,1,0,0,0,0,0,4,4,2,0,29,8,2,0.0,5.198,2.0,0.0,1.0,0,2,1,2,0,5,2.0,0.2,0.3,0.5,0.0,0.2222222222222222,0.0,13.056916467451579,26.113832934903158,0.0995257956378451,0.3473112178228654,0.0,2.0,0.5,0.5,0.5,0.5,0.0,0,0,0,0,0,0.0
H1_45,D,True,4-4-2,1,1,0,0,1,0,4,4,2,0,44,10,2,0.0,11.628191666666666,1.0,0.0,0.0,0,3,1,2,0,6,2.0,0.25,0.25,0.5,0.0,0.2727272727272727,0.0,11.640137500000002,23.280275000000003,0.4994868688907955,0.0,0.0,2.0,0.0,1.0,1.0,0.0,0.0,1,0,1,0,0,0.0
H2_15,D,True,4-4-2,3,1,0,0,1,0,4,4,2,0,59,14,2,0.0,22.814974977817208,1.0,1.0,1.0,0,5,3,5,0,9,2.0,0.22727272727272727,0.36363636363636365,0.4090909090909091,0.0,0.2631578947368421,0.0,11.872727614205186,59.36363807102593,0.19216287713465366,0.29072884978466096,0.0,5.0,1.0,1.0,0.5,0.5,0.5,1,0,1,0,0,0.0
H2_30,D,True,4-4-2,6,1,0,0,1,0,4,4,2,0,74,20,2,7.1,31.05831855183519,2.0,1.0,2.0,1,8,4,7,1,12,2.0,0.2727272727272727,0.3333333333333333,0.3939393939393939,0.16666666666666666,0.2962962962962963,0.16666666666666666,10.489748502141211,57.69361676177666,0.3306979237356112,0.27885825187212726,7.1,5.5,1.5,2.0,1.0,1.0,0.5,1,0,1,0,0,0.0
H2_45,D,True,4-4-2,7,1,0,0,1,0,4,4,2,0,89,29,4,0.0,21.121732183908044,2.0,1.0,1.0,1,10,4,10,2,13,2.0,0.275,0.35,0.375,0.14285714285714285,0.30303030303030304,0.2857142857142857,12.242428910692045,42.84850118742216,0.24646990674796534,0.07373846274985046,0.0,3.5,0.5,1.0,0.5,0.5,0.5,1,0,1,0,0,0.0
ET1_15,D,True,4-4-2,10,2,1,0,2,0,4,4,2,0,104,36,6,31.26541276595745,12.003076923076922,2.0,1.0,2.0,2,12,6,13,2,16,2.0,0.27450980392156865,0.37254901960784315,0.35294117647058826,0.2,0.2926829268292683,0.2,11.475875659766778,63.11731612871728,0.34276243306033066,0.4876557700637493,31.26541276595745,5.5,1.5,1.5,1.0,1.0,0.5,2,0,1,0,0,0.0
H1_15,D,True,4-4-2,0,0,0,0,0,0,4,4,2,0,14,7,0,0.0,0.0,1.0,0.0,0.0,0,0,0,2,0,3,2.0,0.0,0.4,0.6,0.0,0.0,0.0,8.003987692952665,20.00996923238166,0.0,0.0,0.0,2.5,0.0,0.0,0.0,0.0,0.0,0,0,0,0,0,0.0
H1_30,D,True,4-4-2,2,0,0,0,0,0,4,4,2,0,29,12,0,0.0,0.0,1.0,0.0,1.0,0,0,2,4,0,3,2.0,0.0,0.6666666666666666,0.3333333333333333,0.0,0.0,0.0,17.545951400656815,70.18380560262726,0.0,0.6837129607291235,0.0,4.0,2.0,0.0,0.0,1.0,0.0,0,0,0,0,0,0.0
H1_45,D,True,4-4-2,3,0,0,0,0,0,4,4,2,0,44,17,2,0.0,0.0,2.0,0.0,1.0,0,0,2,6,1,4,2.0,0.0,0.6153846153846154,0.38461538461538464,0.0,0.0,0.3333333333333333,15.56637690064821,31.13275380129642,0.0,0.2560235124719408,0.0,2.0,0.5,0.0,0.0,0.5,0.0,0,0,0,0,0,0.0
H2_15,D,True,4-4-2,5,0,0,0,0,0,4,4,2,0,59,21,4,0.0,0.0,1.0,0.0,1.0,0,0,2,7,3,8,2.0,0.0,0.45,0.55,0.0,0.0,0.6,16.107342462033323,112.75139723423327,0.0,0.2857937504836403,0.0,7.0,2.0,0.0,0.0,1.0,0.0,0,0,0,0,0,0.0
H2_30,D,True,4-4-2,5,0,0,0,0,0,4,4,2,0,74,28,4,0.0,8.791446153846154,0.0,0.0,0.0,0,1,2,7,3,8,2.0,0.047619047619047616,0.42857142857142855,0.5238095238095238,0.0,0.0625,0.6,8.791446153846154,8.791446153846154,1.0,0.0,0.0,1.0,0.0,1.0,1.0,0.0,0.0,0,0,0,0,0,0.0
H2_45,D,True,4-4-2,6,0,0,0,0,0,4,4,2,0,89,35,5,0.0,0.0,1.0,0.0,1.0,0,1,3,8,3,9,2.0,0.041666666666666664,0.4583333333333333,0.5,0.0,0.05555555555555555,0.5,13.49030172746444,20.23545259119666,0.0,0.44008778150436495,0.0,1.5,0.5,0.0,0.0,0.5,0.0,0,0,0,0,0,0.0
ET1_15,D,True,4-4-2,7,0,0,0,0,0,4,4,2,0,104,48,8,0.0,6.541958620689655,2.0,0.0,1.0,0,2,3,10,4,13,2.0,0.0625,0.40625,0.53125,0.0,0.08,0.5714285714285714,9.49024864028769,37.96099456115076,0.08616684963497621,0.1027511465223179,0.0,4.0,0.5,0.5,0.5,0.5,0.0,0,0,0,0,0,0.0
H1_15,D,True,4-4-2,2,0,0,0,0,0,4,4,2,0,14,6,1,0.0,0.0,2.0,0.0,2.0,0,0,2,5,0,2,2.0,0.0,0.7777777777777778,0.2222222222222222,0.0,0.0,0.0,8.712268620950077,39.20520879427534,0.0,0.16531578650044848,0.0,4.5,1.0,0.0,0.0,1.0,0.0,0,0,0,0,0,0.0
H1_30,D,True,4-4-2,5,0,0,0,0,0,4,4,2,0,29,10,5,0.0,0.0,1.0,0.0,1.0,0,0,4,5,1,4,2.0,0.0,0.6428571428571429,0.35714285714285715,0.0,0.0,0.2,19.57958309817444,48.9489577454361,0.0,0.6637226847200791,0.0,2.5,1.5,0.0,0.0,0.5,0.0,0,0,0,0,0,0.0
H1_45,D,True,4-4-2,5,0,0,0,0,0,4,4,2,0,44,13,5,0.0,0.0,0.0,0.0,0.0,0,0,4,6,1,4,2.0,0.0,0.6666666666666666,0.3333333333333333,0.0,0.0,0.2,5.2137166666666666,5.2137166666666666,0.0,0.0,0.0,1.0,0.0,0.0,0.0,0.0,0.0,0,0,0,0,0,0.0
H2_15,D,True,4-4-2,7,0,0,0,0,0,4,4,2,0,59,17,9,0.0,5.286272727272729,2.0,0.0,1.0,0,1,5,9,2,9,2.0,0.038461538461538464,0.5384615384615384,0.4230769230769231,0.0,0.05263157894736842,0.2857142857142857,13.782247552253667,75.80236153739517,0.034868786539485844,0.3147853053539552,0.0,5.5,1.0,0.5,0.5,0.5,0.0,0,0,0,0,0,0.0
H2_30,D,True,4-4-2,8,0,0,0,0,0,4,4,2,0,74,25,10,0.0,0.0,1.0,0.0,1.0,0,1,5,10,3,10,2.0,0.034482758620689655,0.5172413793103449,0.4482758620689655,0.0,0.047619047619047616,0.375,12.883276087369422,19.324914131054133,0.0,0.28762498852174767,0.0,1.5,0.5,0.0,0.0,0.5,0.0,0,0,0,0,0,0.0
H2_45,D,True,4-4-2,9,0,0,0,0,0,4,4,2,0,89,36,11,0.0,0.0,1.0,0.0,1.0,0,1,6,11,3,11,2.0,0.03125,0.53125,0.4375,0.0,0.043478260869565216,0.3333333333333333,10.852661904761904,16.278992857142857,0.0,0.44979492267057003,0.0,1.5,0.5,0.0,0.0,0.5,0.0,0,0,0,0,0,0.0
H1_15,M,True,4-4-2,1,1,0,1,1,0,4,4,2,0,14,9,0,0.0,15.39246451612903,2.0,0.0,1.0,0,1,0,3,1,4,2.0,0.1111111111111111,0.3333333333333333,0.5555555555555556,0.0,0.125,1.0,10.952165433405451,49.28474445032453,0.1561585099791227,0.1034385893911412,0.0,4.5,0.5,0.5,0.5,0.5,0.0,1,0,0,1,1,1.0
H1_30,M,True,4-4-2,3,1,0,1,1,0,4,4,2,0,29,11,0,0.0,17.085909333333333,2.0,0.0,1.0,0,2,1,7,2,6,2.0,0.1111111111111111,0.4444444444444444,0.4444444444444444,0.0,0.13333333333333333,0.6666666666666666,18.37884975121751,82.70482388047878,0.10329451494888077,0.33708687669197873,0.0,4.5,1.0,0.5,0.5,0.5,0.0,1,0,0,1,1,1.0
H1_45,M,True,4-4-2,4,2,0,2,2,0,4,4,2,0,44,12,1,14.549472000000002,13.1945,2.0,0.0,1.0,1,3,1,9,2,9,2.0,0.16,0.4,0.44,0.25,0.14285714285714285,0.5,13.764154119815668,48.174539419354836,0.2879526440148325,0.15100789935268727,14.549472000000002,3.5,0.5,1.0,1.0,0.5,0.0,2,0,1,1,2,1.0
H2_15,M,True,4-4-2,5,2,0,2,2,0,4,4,2,0,59,20,2,0.0,0.0,1.0,0.0,1.0,1,3,2,12,2,10,2.0,0.13333333333333333,0.4666666666666667,0.4,0.2,0.12,0.4,13.171034079975161,32.9275851999379,0.0,0.24757303316832713,0.0,2.5,0.5,0.0,0.0,0.5,0.0,2,0,1,1,2,1.0
H2_30,M,True,4-4-2,5,2,0,2,2,0,4,4,2,0,74,23,4,0.0,0.0,0.0,0.0,0.0,1,3,2,12,2,10,2.0,0.13333333333333333,0.4666666666666667,0.4,0.2,0.12,0.4,0.0,0.0,0.0,0.0,0.0,0.0,0.0,0.0,0.0,0.0,0.0,2,0,1,1,2,1.0
H2_45,M,True,4-4-2,5,2,0,2,2,0,4,4,2,0,89,37,4,0.0,18.82957108433735,1.0,0.0,0.0,1,4,2,13,2,12,2.0,0.14705882352941177,0.4411764705882353,0.4117647058823529,0.2,0.13793103448275862,0.4,12.501381648873215,25.00276329774643,0.37654980091809515,0.0,0.0,2.0,0.0,0.5,0.5,0.0,0.0,2,0,1,1,2,1.0
ET1_15,M,True,4-4-2,6,3,0,3,3,0,4,4,2,0,104,53,5,0.0,0.0,1.0,0.0,1.0,1,4,3,15,2,13,2.0,0.13157894736842105,0.47368421052631576,0.39473684210526316,0.16666666666666666,0.125,0.3333333333333333,11.035085533596838,22.070171067193677,0.0,0.4566859193320232,0.0,2.0,0.5,0.0,0.0,0.5,0.0,3,0,1,1,3,1.0
H2_30,M,True,4-4-2,0,0,0,0,0,0,4,4,2,0,13,3,0,0.0,0.0,1.0,0.0,0.0,0,0,0,3,0,0,2.0,0.0,1.0,0.0,0.0,0.0,0.0,17.35845061435019,26.037675921525285,0.0,0.0,0.0,1.5,0.0,0.0,0.0,0.0,0.0,0,0,0,0,0,0.0
H2_45,M,True,4-4-2,2,0,0,0,0,0,4,4,2,0,28,5,0,29.820266666666676,25.92889033816425,1.0,1.0,1.0,1,2,1,4,0,3,2.0,0.2727272727272727,0.45454545454545453,0.2727272727272727,0.5,0.2222222222222222,0.0,13.809170076560802,55.23668030624321,0.5046389165292561,0.4490074324252386,29.820266666666676,4.0,1.0,1.5,0.5,0.5,0.5,0,0,0,0,0,0.0
ET1_15,M,True,4-4-2,7,0,0,0,0,0,4,4,2,0,43,18,0,40.28425638414694,69.04425151389182,2.0,1.0,2.0,4,8,2,7,1,3,2.0,0.48,0.36,0.16,0.5714285714285714,0.4444444444444444,0.14285714285714285,13.47712317124867,94.33986219874069,0.5794396204847231,0.3855110732384797,13.428085461382315,7.0,2.5,4.5,0.5,1.0,0.5,0,0,0,0,0,0.0
H2_30,M,True,4-4-2,1,1,1,1,1,1,4,4,2,0,13,1,0,0.0,8.129302857142857,2.0,0.0,1.0,0,1,1,4,0,2,2.0,0.125,0.625,0.25,0.0,0.14285714285714285,0.0,7.858040806815136,31.432163227260546,0.12931503947670486,0.1223451087590508,0.0,4.0,0.5,0.5,0.5,0.5,0.0,1,0,1,0,1,1.0
H2_45,M,True,4-4-2,5,1,1,1,1,1,4,4,2,0,28,6,1,20.549402898550724,37.0869637373819,2.0,1.0,2.0,1,4,3,9,1,3,2.0,0.23809523809523808,0.5714285714285714,0.19047619047619047,0.2,0.25,0.2,12.127053380311843,78.82584697202698,0.3655930690880246,0.4049144453653078,20.549402898550724,6.5,2.0,2.0,0.5,1.0,0.5,1,0,1,0,1,1.0
ET1_15,M,True,4-4-2,7,1,1,1,1,1,4,4,2,0,43,12,1,0.0,28.329331809523808,2.0,1.0,2.0,1,6,4,13,2,7,2.0,0.21212121212121213,0.5151515151515151,0.2727272727272727,0.14285714285714285,0.23076923076923078,0.2857142857142857,14.580903270078641,87.48541962047184,0.1619088754013055,0.27717163594841965,0.0,6.0,1.0,1.0,0.5,1.0,0.5,1,0,1,0,1,1.0
H1_15,A,True,4-4-2,2,1,0,1,1,0,4,4,2,0,14,4,1,0.0,52.52045453079495,2.0,2.0,1.0,0,5,2,3,0,0,2.0,0.5,0.5,0.0,0.0,0.625,0.0,12.510385222776465,62.551926113882324,0.4198148465898234,0.18453037953862395,0.0,5.0,1.0,2.5,1.0,0.5,1.0,1,1,0,1,1,1.0
H1_30,A,True,4-4-2,2,1,0,1,1,0,4,4,2,0,29,6,1,0.0,14.319113360323886,2.0,1.0,0.0,0,7,2,6,0,0,2.0,0.4666666666666667,0.5333333333333333,0.0,0.0,0.5384615384615384,0.0,8.295946111617535,20.73986527904384,0.34520748249007027,0.0,0.0,2.5,0.0,1.0,0.5,0.0,0.5,1,1,0,1,1,1.0
H1_45,A,True,4-4-2,4,2,0,2,2,0,4,4,2,0,44,9,2,29.53420192307692,32.389590115440114,2.0,2.0,2.0,2,11,2,8,0,0,2.0,0.5652173913043478,0.43478260869565216,0.0,0.5,0.5789473684210527,0.0,11.438564302433678,45.75425720973471,0.6766997850567453,0.3227481301651773,14.76710096153846,4.0,1.0,3.0,1.0,1.0,1.0,2,1,0,2,2,1.0
H2_15,A,True,4-4-2,5,2,0,2,2,0,4,4,2,0,59,9,2,0.0,16.141521159420286,2.0,1.0,1.0,2,13,3,12,0,0,2.0,0.5,0.5,0.0,0.4,0.52,0.0,10.140526349254795,35.49184222239178,0.22739762363246124,0.3018233485752482,0.0,3.5,0.5,1.0,0.5,0.5,0.5,2,1,0,2,2,1.0
H1_15,A,True,4-4-2,0,1,0,1,1,1,4,4,2,0,14,1,0,0.0,84.01791630208629,1.0,1.0,0.0,0,4,0,1,0,0,2.0,0.8,0.2,0.0,0.0,0.8,0.0,18.217880760417255,45.54470190104314,0.9223676168156232,0.0,0.0,2.5,0.0,2.0,1.0,0.0,0.5,1,0,0,0,1,1.0
H1_30,A,True,4-4-2,1,1,0,1,1,1,4,4,2,0,29,6,0,0.0,38.65325515873016,1.0,1.0,1.0,0,6,1,2,0,1,2.0,0.6,0.3,0.1,0.0,0.6666666666666666,0.0,21.416822383097387,107.08411191548693,0.36096162602754867,0.48868944294276495,0.0,5.0,1.0,2.0,1.0,1.0,1.0,1,0,0,0,1,1.0
H1_45,A,True,4-4-2,2,1,0,1,1,1,4,4,2,0,44,9,0,0.0,56.895932812874506,2.0,2.0,1.0,0,11,2,3,0,1,2.0,0.6470588235294118,0.29411764705882354,0.058823529411764705,0.0,0.7333333333333333,0.0,13.804961625541052,48.31736568939368,0.5887731253668486,0.32644151129732146,0.0,3.5,0.5,2.5,1.0,0.5,1.0,1,0,0,0,1,1.0
H2_15,A,True,4-4-2,3,1,0,1,1,1,4,4,2,0,59,13,0,0.0,51.520671259377394,2.0,1.0,1.0,0,15,3,8,0,1,2.0,0.5555555555555556,0.4074074074074074,0.037037037037037035,0.0,0.625,0.0,11.852986799424112,59.264933997120565,0.43466403980033597,0.1144832400723894,0.0,5.0,0.5,2.0,1.0,0.5,0.5,1,0,0,0,1,1.0
H2_30,A,True,4-4-2,3,3,1,3,3,0,4,4,2,0,74,17,0,0.0,8.244194594594596,0.0,0.0,0.0,0,16,3,9,0,1,2.0,0.5517241379310345,0.41379310344827586,0.034482758620689655,0.0,0.6153846153846154,0.0,10.800728331780057,10.800728331780057,0.381649937918394,0.0,0.0,1.0,0.0,0.5,0.5,0.0,0.0,3,0,1,0,3,1.0
H2_45,A,True,4-4-2,4,4,1,4,4,0,4,4,2,0,89,19,0,8.51458064516129,31.221071931589535,2.0,1.0,1.0,1,18,3,13,0,1,2.0,0.5277777777777778,0.4444444444444444,0.027777777777777776,0.25,0.5625,0.0,12.16739992379807,42.585899733293246,0.46653531832844986,0.09996948166513285,8.51458064516129,3.5,0.5,1.5,1.0,0.5,0.5,4,0,1,1,4,1.0
ET1_15,A,True,4-4-2,5,4,1,4,4,0,4,4,2,0,104,23,0,17.047642857142854,0.0,1.0,0.0,1.0,2,18,3,16,0,1,2.0,0.5,0.475,0.025,0.4,0.5142857142857142,0.0,19.19479562337662,76.77918249350648,0.22203470137995596,0.22203470137995596,17.047642857142854,4.0,1.0,1.0,1.0,1.0,0.0,4,0,1,1,4,1.0
ET1_15,D,True,4-4-2,0,0,0,0,0,0,4,4,2,0,14,9,0,0.0,28.27183552447552,2.0,1.0,0.0,0,2,0,3,0,1,2.0,0.3333333333333333,0.5,0.16666666666666666,0.0,0.3333333333333333,0.0,21.09378415170186,63.28135245510558,0.2233820424787281,0.0,0.0,3.0,0.0,1.0,0.5,0.0,0.5,0,0,0,0,0,0.0
H1_15,M,True,4-4-2,3,0,0,0,0,0,4,4,2,0,14,3,0,55.339936729088635,56.08934713740118,2.0,2.0,2.0,2,5,1,4,0,3,2.0,0.4666666666666667,0.3333333333333333,0.2,0.6666666666666666,0.4166666666666667,0.0,15.493887620108426,116.20415715081319,0.47945480866865026,0.32464833390290754,27.669968364544317,7.5,1.5,3.5,1.0,1.0,1.0,0,0,0,0,0,0.0
H1_30,M,True,4-4-2,9,0,0,0,0,0,4,4,2,0,29,5,1,37.78272462253194,31.79626883568337,2.0,2.0,2.0,4,9,4,11,1,7,2.0,0.3611111111111111,0.4166666666666667,0.2222222222222222,0.4444444444444444,0.3333333333333333,0.1111111111111111,13.759549740141097,144.47527227148151,0.24079896983156526,0.40267546094255885,18.89136231126597,10.5,3.0,3.0,1.0,1.0,1.0,0,0,0,0,0,0.0
H1_45,M,True,4-4-2,10,0,0,0,0,0,4,4,2,0,44,6,1,0.0,14.287267796610168,2.0,0.0,1.0,4,10,5,14,1,7,2.0,0.34146341463414637,0.4634146341463415,0.1951219512195122,0.4,0.3225806451612903,0.1,17.297834548555922,43.24458637138981,0.1651914030800221,0.27646768699678353,0.0,2.5,0.5,0.5,0.5,0.5,0.0,0,0,0,0,0,0.0
H2_15,M,True,4-4-2,12,0,0,0,0,0,4,4,2,0,59,10,1,12.011828571428572,32.610343764015866,2.0,1.0,1.0,5,13,6,20,1,9,2.0,0.3333333333333333,0.48148148148148145,0.18518518518518517,0.4166666666666667,0.30952380952380953,0.08333333333333333,10.540100261459513,68.51065169948683,0.32565864744050216,0.24516331211370007,12.011828571428572,6.5,1.0,2.0,1.0,0.5,0.5,0,0,0,0,0,0.0
H1_15,M,True,4-4-2,1,0,0,0,0,0,4,4,2,0,14,5,1,0.0,35.21514505160899,1.0,1.0,1.0,0,3,0,1,1,1,2.0,0.5,0.16666666666666666,0.3333333333333333,0.0,0.6,1.0,14.71656373389794,44.14969120169382,0.39881530417429,0.22507793240782553,0.0,3.0,0.5,1.5,1.0,0.5,0.5,0,0,0,0,0,0.0
H1_30,M,True,4-4-2,2,0,0,0,0,0,4,4,2,0,29,10,5,0.0,0.0,2.0,0.0,1.0,0,3,1,4,1,4,2.0,0.23076923076923078,0.38461538461538464,0.38461538461538464,0.0,0.2727272727272727,0.5,12.66795133313852,44.33782966598482,0.0,0.42812403263268717,0.0,3.5,0.5,0.0,0.0,0.5,0.0,0,0,0,0,0,0.0
H1_45,M,True,4-4-2,3,0,0,0,0,0,4,4,2,0,44,14,5,0.0,19.18287272727273,2.0,1.0,1.0,0,5,1,7,2,6,2.0,0.23809523809523808,0.38095238095238093,0.38095238095238093,0.0,0.2777777777777778,0.6666666666666666,14.018043318988193,56.07217327595277,0.1710551919654195,0.10135508698817118,0.0,4.0,0.5,1.0,0.5,0.5,0.5,0,0,0,0,0,0.0
H2_15,M,True,4-4-2,4,0,0,0,0,0,4,4,2,0,59,22,9,7.703871428571431,16.247504145601617,1.0,1.0,1.0,1,7,1,7,2,10,2.0,0.2857142857142857,0.2857142857142857,0.42857142857142855,0.25,0.2916666666666667,0.5,11.0311060950347,38.60887133262145,0.3101796911884346,0.09976815123914627,7.703871428571431,3.5,0.5,1.5,0.5,0.5,0.5,0,0,0,0,0,0.0
H2_30,M,True,4-4-2,4,0,0,0,0,0,4,4,2,0,74,28,9,0.0,0.0,1.0,0.0,0.0,1,7,1,8,2,11,2.0,0.26666666666666666,0.3,0.43333333333333335,0.25,0.2692307692307692,0.5,8.741171212121214,17.48234242424243,0.0,0.0,0.0,2.0,0.0,0.0,0.0,0.0,0.0,0,0,0,0,0,0.0
H2_45,M,True,4-4-2,5,0,0,0,0,0,4,4,2,0,89,37,9,0.0,7.835364705882354,1.0,0.0,1.0,1,8,2,12,2,12,2.0,0.24324324324324326,0.3783783783783784,0.3783783783783784,0.2,0.25,0.4,10.448707255437293,36.570475394030524,0.10712691893473904,0.15361449200403335,0.0,3.5,0.5,0.5,0.5,0.5,0.0,0,0,0,0,0,0.0
ET1_15,M,True,4-4-2,9,1,1,0,1,0,4,4,2,0,104,48,10,18.696,22.517703376623377,2.0,1.0,1.0,2,11,4,16,3,14,2.0,0.26,0.4,0.34,0.2222222222222222,0.2682926829268293,0.3333333333333333,16.758592538285658,108.93085149885678,0.18917369509893123,0.33798324355809034,18.696,6.5,2.0,2.0,1.0,0.5,0.5,1,0,0,0,0,0.0
H2_30,A,True,4-4-2,0,0,0,0,0,1,4,4,2,0,13,0,0,0.0,0.0,2.0,0.0,0.0,0,0,0,5,0,0,2.0,0.0,1.0,0.0,0.0,0.0,0.0,15.793136049066785,39.482840122666964,0.0,0.0,0.0,2.5,0.0,0.0,0.0,0.0,0.0,0,0,0,0,0,0.0
H2_45,A,True,4-4-2,3,1,1,1,1,0,4,4,2,0,28,1,0,46.59896247987119,31.160229414141412,2.0,2.0,2.0,2,3,1,10,0,0,2.0,0.3125,0.6875,0.0,0.6666666666666666,0.23076923076923078,0.0,16.386107338084045,90.12359035946224,0.4314030964804351,0.2951053784459358,23.299481239935595,5.5,1.5,2.5,1.0,1.0,1.0,1,0,0,0,1,1.0
ET1_15,A,True,4-4-2,5,2,1,2,1,0,4,4,2,0,43,3,0,39.89985897435896,79.5448566996473,2.0,1.0,1.0,4,7,1,12,0,1,2.0,0.44,0.52,0.04,0.8,0.35,0.0,21.1843997566276,95.3297989048242,0.6264815254318223,0.20927275328774356,19.94992948717948,4.5,1.0,3.0,1.0,0.5,0.5,2,0,0,0,2,1.0
H1_15,M,True,4-4-2,3,0,0,0,0,0,4,4,2,0,14,4,0,27.342930142659917,30.557425868421056,1.0,1.0,1.0,2,3,1,2,0,0,2.0,0.625,0.375,0.0,0.6666666666666666,0.6,0.0,14.790998183533713,59.16399273413485,0.48932089718207256,0.5103474074283393,13.671465071329958,4.0,1.5,2.5,1.0,0.5,0.5,0,0,0,0,0,0.0
H1_30,M,True,4-4-2,6,0,0,0,0,0,4,4,2,0,29,10,1,20.306350000000002,31.82152307692308,2.0,1.0,1.0,4,5,1,8,1,3,2.0,0.4090909090909091,0.4090909090909091,0.18181818181818182,0.6666666666666666,0.3125,0.16666666666666666,11.180946457065941,78.26662519946159,0.33301469779791704,0.22329465408098656,10.153175000000001,7.0,1.5,2.0,0.5,0.5,0.5,0,0,0,0,0,0.0
H1_45,M,True,4-4-2,8,2,1,0,2,0,4,4,2,0,44,12,2,0.0,36.431417114127704,2.0,1.0,2.0,4,9,2,13,2,8,2.0,0.34210526315789475,0.39473684210526316,0.2631578947368421,0.5,0.3,0.25,14.830852686075927,118.64682148860742,0.15352883733857922,0.05494477639714133,0.0,8.0,1.0,2.0,0.5,1.0,0.5,2,0,1,0,0,0.0
H2_15,M,True,4-4-2,11,2,1,0,2,0,4,4,2,0,59,13,3,0.0,63.4134607676262,2.0,1.0,1.0,4,12,5,19,2,11,2.0,0.3018867924528302,0.4528301886792453,0.24528301886792453,0.36363636363636365,0.2857142857142857,0.18181818181818182,14.766930861335,110.7519814600125,0.28628589724384257,0.1422299315805586,0.0,7.5,1.5,1.5,1.0,0.5,0.5,2,0,1,0,0,0.0
ET1_15,D,True,4-4-2,0,0,0,0,0,0,4,4,2,0,5,5,0,0.0,5.687692307692307,0.0,0.0,0.0,0,1,0,0,0,0,1.0,1.0,0.0,0.0,0.0,1.0,0.0,5.687692307692307,5.687692307692307,1.0,0.0,0.0,1.0,0.0,1.0,1.0,0.0,0.0,0,0,0,0,0,0.0
H1_15,G,False,3-4-2-1,0,0,0,0,0,0,3,4,2,1,14,0,2,0.0,0.0,0.0,0.0,0.0,0,0,0,0,0,0,0.0,0.0,0.0,0.0,0.0,0.0,0.0,0.0,0.0,0.0,0.0,0.0,0.0,0.0,0.0,0.0,0.0,0.0,0,0,0,0,0,0.0
H1_30,G,False,3-4-2-1,0,0,0,0,0,0,3,4,2,1,29,1,3,0.0,0.0,0.0,0.0,0.0,0,0,0,0,0,1,1.0,0.0,0.0,1.0,0.0,0.0,0.0,8.382642105263157,8.382642105263157,0.0,0.0,0.0,1.0,0.0,0.0,0.0,0.0,0.0,0,0,0,0,0,0.0
H1_45,G,False,3-4-2-1,0,0,0,0,0,0,3,4,2,1,44,1,3,0.0,0.0,0.0,0.0,0.0,0,0,0,0,0,1,1.0,0.0,0.0,1.0,0.0,0.0,0.0,0.0,0.0,0.0,0.0,0.0,0.0,0.0,0.0,0.0,0.0,0.0,0,0,0,0,0,0.0
H2_15,G,False,3-4-2-1,0,0,0,0,0,0,3,4,2,1,59,1,3,0.0,0.0,0.0,0.0,0.0,0,0,0,0,0,1,1.0,0.0,0.0,1.0,0.0,0.0,0.0,0.0,0.0,0.0,0.0,0.0,0.0,0.0,0.0,0.0,0.0,0.0,0,0,0,0,0,0.0
H2_30,G,False,3-4-2-1,0,0,0,0,0,0,3,4,2,1,74,2,3,0.0,0.0,0.0,0.0,0.0,0,0,0,0,0,1,1.0,0.0,0.0,1.0,0.0,0.0,0.0,0.0,0.0,0.0,0.0,0.0,0.0,0.0,0.0,0.0,0.0,0.0,0,0,0,0,0,0.0
H2_45,G,False,3-4-2-1,0,0,0,0,0,0,3,4,2,1,89,2,3,0.0,0.0,0.0,0.0,0.0,0,0,0,0,0,1,1.0,0.0,0.0,1.0,0.0,0.0,0.0,0.0,0.0,0.0,0.0,0.0,0.0,0.0,0.0,0.0,0.0,0.0,0,0,0,0,0,0.0
ET1_15,G,False,3-4-2-1,0,0,0,0,0,0,3,4,2,1,104,4,4,0.0,0.0,0.0,0.0,0.0,0,0,0,0,0,1,1.0,0.0,0.0,1.0,0.0,0.0,0.0,0.0,0.0,0.0,0.0,0.0,0.0,0.0,0.0,0.0,0.0,0.0,0,0,0,0,0,0.0
H1_15,M,False,3-4-2-1,1,1,1,1,1,0,3,4,2,1,14,0,0,10.52056216216216,48.61400077706469,2.0,2.0,1.0,1,5,0,2,0,3,2.0,0.5454545454545454,0.18181818181818182,0.2727272727272727,1.0,0.5,0.0,12.227896273703072,67.2534295053669,0.43963975795842386,0.07821580430573141,10.52056216216216,5.5,0.5,3.0,1.0,0.5,1.0,1,0,0,0,1,1.0
H1_30,M,False,3-4-2-1,3,1,1,1,1,0,3,4,2,1,29,4,0,0.0,36.26612018071745,2.0,2.0,1.0,1,9,1,4,1,7,2.0,0.43478260869565216,0.21739130434782608,0.34782608695652173,0.3333333333333333,0.45,0.3333333333333333,12.330523959602465,73.98314375761478,0.24509718253885857,0.25460910862922737,0.0,6.0,1.0,2.0,1.0,0.5,1.0,1,0,0,0,1,1.0
H1_45,M,False,3-4-2-1,4,1,1,1,1,0,3,4,2,1,44,8,0,18.18193548387097,63.50566693507223,2.0,1.0,1.0,2,13,1,7,1,9,2.0,0.45454545454545453,0.24242424242424243,0.30303030303030304,0.5,0.4482758620689655,0.25,16.91463203066983,84.57316015334915,0.4829404640362627,0.10749235011972622,18.18193548387097,5.0,0.5,2.5,0.5,0.5,0.5,1,0,0,0,1,1.0
H2_15,M,False,3-4-2-1,8,1,1,1,1,0,3,4,2,1,59,18,1,44.68157840413944,82.23708307094867,2.0,1.0,1.0,5,21,2,14,1,11,2.0,0.48148148148148145,0.2962962962962963,0.2222222222222222,0.625,0.45652173913043476,0.125,12.398260399621407,130.18173419602476,0.48746724054227464,0.3386187628067746,14.893859468046479,10.5,2.0,5.5,1.0,0.5,0.5,1,0,0,0,1,1.0
H2_30,M,False,3-4-2-1,11,1,1,1,1,0,3,4,2,1,74,22,2,17.118196363636365,5.789866666666667,2.0,0.0,2.0,6,22,3,17,2,12,2.0,0.45161290322580644,0.3225806451612903,0.22580645161290322,0.5454545454545454,0.43137254901960786,0.18181818181818182,12.101894030746802,48.40757612298721,0.2366165057727888,0.4904906508489382,17.118196363636365,4.0,1.5,1.0,1.0,1.0,0.0,1,0,0,0,1,1.0
H2_45,M,False,3-4-2-1,14,1,1,1,1,0,3,4,2,1,89,23,2,13.493739130434784,0.0,2.0,0.0,2.0,7,22,4,23,3,14,2.0,0.3972602739726027,0.3698630136986301,0.2328767123287671,0.5,0.3728813559322034,0.21428571428571427,15.070703082542018,82.8888669539811,0.08139657125441434,0.3622394551416327,13.493739130434784,5.5,1.5,0.5,0.5,1.0,0.0,1,0,0,0,1,1.0
H1_15,M,False,3-4-2-1,3,0,0,0,0,0,3,4,2,1,14,4,1,0.0,14.471954838709676,2.0,0.0,2.0,0,1,0,3,3,6,2.0,0.07692307692307693,0.23076923076923078,0.6923076923076923,0.0,0.1,1.0,11.69672499946837,76.02871249654441,0.09517427274181081,0.33698806326423236,0.0,6.5,1.5,0.5,0.5,1.0,0.0,0,0,0,0,0,0.0
H1_30,M,False,3-4-2-1,5,0,0,0,0,0,3,4,2,1,29,16,2,0.0,24.17464087491456,2.0,1.0,1.0,0,4,2,7,3,9,2.0,0.16,0.36,0.48,0.0,0.2,0.6,13.465565519927255,80.79339311956353,0.1496077831459516,0.3625336929064462,0.0,6.0,1.0,1.5,1.0,0.5,0.5,0,0,0,0,0,0.0
H1_45,M,False,3-4-2-1,9,0,0,0,0,0,3,4,2,1,44,22,3,17.495903678929764,22.04774717948718,2.0,2.0,2.0,2,6,3,10,4,12,2.0,0.21621621621621623,0.35135135135135137,0.43243243243243246,0.2222222222222222,0.21428571428571427,0.4444444444444444,10.319917943123839,61.91950765874303,0.31931496513468627,0.4320934866019119,8.747951839464882,6.0,2.0,2.0,1.0,1.0,1.0,0,0,0,0,0,0.0
H2_15,M,False,3-4-2-1,10,0,0,0,0,0,3,4,2,1,59,29,3,18.676625806451614,47.98070471184324,2.0,1.0,1.0,3,9,3,15,4,12,2.0,0.2608695652173913,0.391304347826087,0.34782608695652173,0.3,0.25,0.4,13.471744098790777,60.6228484445585,0.5497706906600989,0.15403949406577272,18.676625806451614,4.5,0.5,2.0,1.0,0.5,0.5,0,0,0,0,0,0.0
H2_30,M,False,3-4-2-1,10,0,0,0,0,0,3,4,2,1,74,32,3,0.0,18.327072222222224,1.0,0.0,0.0,3,10,3,17,4,12,2.0,0.2653061224489796,0.40816326530612246,0.32653061224489793,0.3,0.2564102564102564,0.4,18.572156328976035,55.716468986928106,0.32893456020197587,0.0,0.0,3.0,0.0,1.0,1.0,0.0,0.0,0,0,0,0,0,0.0
H1_15,M,False,3-4-2-1,2,0,0,0,0,0,3,4,2,1,14,0,0,0.0,9.17229268292683,2.0,0.0,1.0,0,1,1,4,1,5,2.0,0.08333333333333333,0.4166666666666667,0.5,0.0,0.1,0.5,9.308982732218373,55.853896393310244,0.08210969399822765,0.16124228136209362,0.0,6.0,1.0,0.5,0.5,0.5,0.0,0,0,0,0,0,0.0
H1_30,M,False,3-4-2-1,3,0,0,0,0,0,3,4,2,1,29,8,1,18.265573770491805,10.505246476190475,2.0,1.0,1.0,1,3,1,9,1,7,2.0,0.18181818181818182,0.45454545454545453,0.36363636363636365,0.3333333333333333,0.15789473684210525,0.3333333333333333,12.80838925925487,64.04194629627435,0.22462481163190404,0.14260632934226117,18.265573770491805,5.0,0.5,1.5,1.0,0.5,0.5,0,0,0,0,0,0.0
H1_45,M,False,3-4-2-1,3,2,0,2,2,0,3,4,2,1,44,14,3,0.0,12.467141666666665,2.0,0.0,0.0,1,4,1,12,1,10,2.0,0.1724137931034483,0.4482758620689655,0.3793103448275862,0.3333333333333333,0.15384615384615385,0.3333333333333333,16.408431604470643,57.42951061564725,0.10854299064207823,0.0,0.0,3.5,0.0,0.5,0.5,0.0,0.0,2,0,0,1,2,1.0
H2_15,M,False,3-4-2-1,4,2,0,2,2,0,3,4,2,1,59,23,3,0.0,14.924565517241378,2.0,0.0,1.0,1,5,1,17,2,12,2.0,0.15789473684210525,0.47368421052631576,0.3684210526315789,0.25,0.14705882352941177,0.5,13.812961472361614,62.15832662562727,0.120052825803455,0.19224773440776063,0.0,4.5,0.5,0.5,0.5,0.5,0.0,2,0,0,1,2,1.0
H2_30,M,False,3-4-2-1,4,3,1,3,3,0,3,4,2,1,74,28,3,0.0,42.63889882352941,1.0,0.0,0.0,1,6,1,18,2,13,2.0,0.17073170731707318,0.4634146341463415,0.36585365853658536,0.25,0.16216216216216217,0.5,29.005003005279033,43.50750450791855,0.490017748728486,0.0,0.0,1.5,0.0,0.5,0.5,0.0,0.0,3,0,0,1,3,1.0
H2_45,M,False,3-4-2-1,4,4,1,3,4,0,3,4,2,1,89,28,3,0.0,7.150925,2.0,0.0,0.0,1,7,1,21,2,16,2.0,0.16666666666666666,0.4583333333333333,0.375,0.25,0.1590909090909091,0.5,17.508496016245328,61.27973605685865,0.05834657147809012,0.0,0.0,3.5,0.0,0.5,0.5,0.0,0.0,4,0,1,2,3,0.75
H1_15,D,False,3-4-2-1,1,0,0,0,0,0,3,4,2,1,14,3,0,0.0,0.0,1.0,0.0,1.0,0,0,0,2,1,3,1.0,0.0,0.3333333333333333,0.6666666666666666,0.0,0.0,1.0,11.36953127567694,68.21718765406163,0.0,0.1493572482090559,0.0,6.0,1.0,0.0,0.0,1.0,0.0,0,0,0,0,0,0.0
H1_30,D,False,3-4-2-1,3,0,0,0,0,0,3,4,2,1,29,17,0,0.0,34.99816589861751,2.0,0.0,1.0,0,2,1,5,2,5,2.0,0.13333333333333333,0.4,0.4666666666666667,0.0,0.16666666666666666,0.6666666666666666,13.48997578463627,60.704891030863216,0.2882647946837097,0.2664270818346507,0.0,4.5,1.0,1.0,1.0,0.5,0.0,0,0,0,0,0,0.0
H1_45,D,False,3-4-2-1,4,0,0,0,0,0,3,4,2,1,44,21,2,0.0,0.0,1.0,0.0,1.0,0,2,2,9,2,7,2.0,0.09090909090909091,0.5,0.4090909090909091,0.0,0.1111111111111111,0.5,11.904790604907232,41.66676711717531,0.0,0.14274183262043344,0.0,3.5,0.5,0.0,0.0,0.5,0.0,0,0,0,0,0,0.0
H2_15,D,False,3-4-2-1,5,0,0,0,0,0,3,4,2,1,59,30,3,0.0,0.0,1.0,0.0,1.0,0,2,3,10,2,7,2.0,0.08333333333333333,0.5416666666666666,0.375,0.0,0.10526315789473684,0.4,10.169668205128204,20.339336410256408,0.0,0.5495487259171353,0.0,2.0,1.0,0.0,0.0,1.0,0.0,0,0,0,0,0,0.0
H2_30,D,False,3-4-2-1,6,0,0,0,0,0,3,4,2,1,74,30,6,0.0,0.0,1.0,0.0,0.0,0,2,4,12,2,7,2.0,0.07407407407407407,0.5925925925925926,0.3333333333333333,0.0,0.09523809523809523,0.3333333333333333,8.382954552477651,12.574431828716477,0.0,0.37740028196021164,0.0,1.5,0.5,0.0,0.0,0.5,0.0,0,0,0,0,0,0.0
H2_45,D,False,3-4-2-1,7,0,0,0,0,0,3,4,2,1,89,30,8,0.0,17.233976470588235,1.0,0.0,1.0,0,3,4,12,3,10,2.0,0.09375,0.5,0.40625,0.0,0.12,0.42857142857142855,12.977551214361608,64.88775607180804,0.2655967398767227,0.17016584743323107,0.0,5.0,1.0,1.0,1.0,1.0,0.0,0,0,0,0,0,0.0
H1_15,D,False,3-4-2-1,0,0,0,0,0,0,3,4,2,1,14,2,3,0.0,6.409489655172414,1.0,0.0,0.0,0,1,0,1,0,3,1.0,0.2,0.2,0.6,0.0,0.2,0.0,13.19401961144726,65.9700980572363,0.09715749777439285,0.0,0.0,5.0,0.0,1.0,1.0,0.0,0.0,0,0,0,0,0,0.0
H1_30,D,False,3-4-2-1,2,0,0,0,0,0,3,4,2,1,29,11,3,0.0,0.0,1.0,0.0,1.0,0,1,1,3,1,3,1.0,0.1111111111111111,0.4444444444444444,0.4444444444444444,0.0,0.14285714285714285,0.5,23.520941870293964,94.08376748117585,0.0,0.6726295677928947,0.0,4.0,2.0,0.0,0.0,1.0,0.0,0,0,0,0,0,0.0
H1_45,D,False,3-4-2-1,2,0,0,0,0,0,3,4,2,1,44,15,4,0.0,0.0,1.0,0.0,0.0,0,1,1,5,1,5,2.0,0.07692307692307693,0.46153846153846156,0.46153846153846156,0.0,0.09090909090909091,0.5,14.30251141459322,28.60502282918644,0.0,0.0,0.0,2.0,0.0,0.0,0.0,0.0,0.0,0,0,0,0,0,0.0
H2_15,D,False,3-4-2-1,3,0,0,0,0,0,3,4,2,1,59,29,6,0.0,0.0,2.0,0.0,1.0,0,1,2,8,1,6,2.0,0.05555555555555555,0.5555555555555556,0.3888888888888889,0.0,0.06666666666666667,0.3333333333333333,8.702389460007733,21.75597365001933,0.0,0.35885594011792493,0.0,2.5,0.5,0.0,0.0,0.5,0.0,0,0,0,0,0,0.0
H2_30,D,False,3-4-2-1,3,0,0,0,0,0,3,4,2,1,74,33,6,0.0,0.0,0.0,0.0,0.0,0,1,2,9,1,6,2.0,0.05263157894736842,0.5789473684210527,0.3684210526315789,0.0,0.0625,0.3333333333333333,9.09076923076923,9.09076923076923,0.0,0.0,0.0,1.0,0.0,0.0,0.0,0.0,0.0,0,0,0,0,0,0.0
H2_45,D,False,3-4-2-1,5,0,0,0,0,0,3,4,2,1,89,36,6,0.0,18.434260000000002,1.0,1.0,1.0,0,3,3,10,2,8,2.0,0.11538461538461539,0.5,0.38461538461538464,0.0,0.14285714285714285,0.4,11.759720441726296,82.31804309208407,0.2239394828589249,0.46278203160025727,0.0,7.0,2.0,2.0,1.0,1.0,1.0,0,0,0,0,0,0.0
ET1_15,D,False,3-4-2-1,5,0,0,0,0,0,3,4,2,1,104,37,10,0.0,28.511331839156227,1.0,0.0,0.0,0,5,3,11,2,10,2.0,0.16129032258064516,0.45161290322580644,0.3870967741935484,0.0,0.19230769230769232,0.4,13.66848085036364,34.1712021259091,0.4171836234221699,0.0,0.0,2.5,0.0,1.0,1.0,0.0,0.0,0,0,0,0,0,0.0
H1_15,M,False,3-4-2-1,1,0,0,0,0,0,3,4,2,1,14,3,0,0.0,6.281538461538461,2.0,0.0,1.0,0,1,1,7,0,2,2.0,0.09090909090909091,0.7272727272727273,0.18181818181818182,0.0,0.1,0.0,13.017262007353837,71.5949410404461,0.04386859162290415,0.11171850809237235,0.0,5.5,0.5,0.5,0.5,0.5,0.0,0,0,0,0,0,0.0
H1_30,M,False,3-4-2-1,7,0,0,0,0,0,3,4,2,1,29,14,0,35.01295868411965,51.26681520546915,2.0,2.0,2.0,3,6,4,10,0,4,2.0,0.3333333333333333,0.5185185185185185,0.14814814814814814,0.42857142857142855,0.3,0.0,14.277906747301707,114.22325397841365,0.37768042357598347,0.45282458305847323,11.670986228039885,8.0,3.0,4.0,1.0,1.0,1.0,0,0,0,0,0,0.0
H1_45,M,False,3-4-2-1,10,0,0,0,0,0,3,4,2,1,44,18,0,25.758489887640447,27.959574441687344,1.0,1.0,1.0,4,9,5,11,1,5,2.0,0.37142857142857144,0.45714285714285713,0.17142857142857143,0.4,0.36,0.1,13.80974878791922,55.23899515167688,0.48623317804593585,0.4886784342109178,25.758489887640447,4.0,1.5,2.0,0.5,0.5,0.5,0,0,0,0,0,0.0
H2_15,M,False,3-4-2-1,12,0,0,0,0,0,3,4,2,1,59,26,1,6.057927272727273,15.431932203389833,2.0,1.0,2.0,5,10,6,16,1,6,2.0,0.3409090909090909,0.5,0.1590909090909091,0.4166666666666667,0.3125,0.08333333333333333,11.852921469516954,53.33814661282629,0.20144925199696956,0.25747330973640514,6.057927272727273,4.5,1.0,1.0,0.5,1.0,0.5,0,0,0,0,0,0.0
H2_30,M,False,3-4-2-1,13,0,0,0,0,0,3,4,2,1,74,27,2,0.0,5.696923076923076,1.0,0.0,1.0,5,11,7,19,1,7,2.0,0.32,0.52,0.16,0.38461538461538464,0.2972972972972973,0.07692307692307693,17.7872065028746,53.361619508623804,0.05338034273868312,0.1883631668026723,0.0,3.0,0.5,0.5,0.5,0.5,0.0,0,0,0,0,0,0.0
H2_30,M,False,3-4-2-1,1,0,0,0,0,0,3,4,2,1,4,0,0,8.8989375,7.320373333333333,1.0,0.0,1.0,1,1,0,1,0,0,2.0,0.6666666666666666,0.3333333333333333,0.0,1.0,0.5,0.0,8.203801650326797,12.305702475490197,0.6590160482767254,0.36157779361740633,8.8989375,1.5,0.5,1.0,1.0,0.5,0.0,0,0,0,0,0,0.0
H2_45,M,False,3-4-2-1,2,0,0,0,0,0,3,4,2,1,19,1,1,13.302245454545456,55.944812578436384,2.0,2.0,1.0,2,5,0,5,0,1,2.0,0.5384615384615384,0.38461538461538464,0.07692307692307693,1.0,0.45454545454545453,0.0,12.61968684423225,63.09843422116125,0.5487224753491469,0.10540868104524452,13.302245454545456,5.0,0.5,2.5,1.0,0.5,1.0,0,0,0,0,0,0.0
ET1_15,M,False,3-4-2-1,4,1,0,1,1,0,3,4,2,1,34,5,2,19.957413267813273,50.36982106333382,2.0,1.0,1.0,4,11,0,10,0,6,2.0,0.4838709677419355,0.3225806451612903,0.1935483870967742,1.0,0.4074074074074074,0.0,13.709485919445779,123.38537327501201,0.2849901591430763,0.0808743076188231,9.978706633906636,9.0,1.0,4.0,1.0,0.5,0.5,1,1,0,1,1,1.0
H2_45,A,False,3-4-2-1,0,0,0,0,0,1,3,4,2,1,3,0,0,0.0,0.0,1.0,0.0,0.0,0,0,0,2,0,0,1.0,0.0,1.0,0.0,0.0,0.0,0.0,11.933525395152792,23.867050790305584,0.0,0.0,0.0,2.0,0.0,0.0,0.0,0.0,0.0,0,0,0,0,0,0.0
ET1_15,A,False,3-4-2-1,1,1,1,0,1,0,3,4,2,1,18,1,1,9.912777777777777,27.29315626216743,2.0,1.0,1.0,1,2,0,10,0,4,2.0,0.17647058823529413,0.5882352941176471,0.23529411764705882,1.0,0.125,0.0,20.039772232248662,150.29829174186497,0.12377364243050025,0.032977014119371435,9.912777777777777,7.5,0.5,1.5,1.0,0.5,0.5,1,0,1,0,0,0.0
H1_15,A,False,3-4-2-1,2,0,0,0,0,0,3,4,2,1,14,1,0,8.566213333333332,56.513795890775896,2.0,2.0,1.0,1,5,1,5,0,1,2.0,0.46153846153846156,0.46153846153846156,0.07692307692307693,0.5,0.45454545454545453,0.0,11.209417644890998,72.86121469179149,0.44660255459233444,0.14182907075728377,8.566213333333332,6.5,1.0,3.0,1.0,0.5,1.0,0,0,0,0,0,0.0
H1_30,A,False,3-4-2-1,6,0,0,0,0,0,3,4,2,1,29,5,0,22.899640348330916,52.82301829862011,2.0,2.0,1.0,3,11,3,7,0,1,2.0,0.56,0.4,0.04,0.5,0.5789473684210527,0.0,12.374836263682242,74.24901758209346,0.509923640156102,0.4609466214852552,11.449820174165458,6.0,2.0,4.0,1.0,0.5,1.0,0,0,0,0,0,0.0
H1_45,A,False,3-4-2-1,7,2,0,2,2,0,3,4,2,1,44,6,0,14.194783333333332,22.247324475524472,2.0,2.0,1.0,4,14,3,12,0,1,2.0,0.5294117647058824,0.4411764705882353,0.029411764705882353,0.5714285714285714,0.5185185185185185,0.0,12.044988096148401,54.202446432667806,0.3361666327563967,0.13094227537281544,14.194783333333332,4.5,0.5,2.0,1.0,0.5,1.0,2,0,0,1,2,1.0
H2_15,A,False,3-4-2-1,11,3,1,3,3,0,3,4,2,1,59,11,0,49.56833314285714,121.8406151811959,2.0,2.0,1.0,7,25,4,15,0,2,2.0,0.6037735849056604,0.3584905660377358,0.03773584905660377,0.6363636363636364,0.5952380952380952,0.0,11.580261459327978,110.0124838636158,0.7790431699394743,0.2804452891796048,16.522777714285713,9.5,2.0,7.0,1.0,0.5,1.0,3,0,0,1,3,1.0
H2_30,A,False,3-4-2-1,11,4,1,4,4,0,3,4,2,1,74,17,0,0.0,33.54408643578644,1.0,1.0,0.0,7,28,4,16,0,3,2.0,0.603448275862069,0.3448275862068966,0.05172413793103448,0.6363636363636364,0.5957446808510638,0.0,9.756333216981849,24.390833042454624,0.6876371622363141,0.0,0.0,2.5,0.0,1.5,1.0,0.0,0.5,4,0,0,2,4,1.0
ET1_15,D,False,3-4-2-1,3,0,0,0,0,0,3,4,2,1,14,2,1,0.0,6.642133333333334,2.0,0.0,2.0,0,1,3,4,0,2,2.0,0.1,0.7,0.2,0.0,0.14285714285714285,0.0,16.880729826278916,84.40364913139457,0.03934742989010615,0.45749686591609723,0.0,5.0,1.5,0.5,0.5,1.0,0.0,0,0,0,0,0,0.0
H1_15,A,False,3-4-2-1,1,0,0,0,0,0,3,4,2,1,14,3,0,8.089489655172414,33.50262346832814,2.0,1.0,1.0,1,2,0,3,0,1,2.0,0.42857142857142855,0.42857142857142855,0.14285714285714285,1.0,0.3333333333333333,0.0,11.021599569126456,38.5755984919426,0.5390987405184138,0.10485241929379385,8.089489655172414,3.5,0.5,1.5,1.0,0.5,0.5,0,0,0,0,0,0.0
H1_30,A,False,3-4-2-1,2,0,0,0,0,0,3,4,2,1,29,7,0,12.6162,76.15376590535632,2.0,2.0,1.0,2,8,0,5,0,1,2.0,0.625,0.3125,0.0625,1.0,0.5714285714285714,0.0,13.886036690270565,62.48716510621754,0.7103055943925645,0.10095033098840864,12.6162,4.5,0.5,3.5,1.0,0.5,1.0,0,0,0,0,0,0.0
H1_45,A,False,3-4-2-1,5,0,0,0,0,0,3,4,2,1,44,9,0,0.0,35.6943526914186,2.0,1.0,2.0,2,11,2,10,1,1,2.0,0.48148148148148145,0.4444444444444444,0.07407407407407407,0.4,0.5,0.2,15.086251098345132,82.97438104089822,0.21509261198239485,0.4741040620576603,0.0,5.5,1.5,1.5,1.0,1.0,0.5,0,0,0,0,0,0.0
H2_15,A,False,3-4-2-1,6,0,0,0,0,0,3,4,2,1,59,15,1,0.0,66.2832772378865,2.0,1.0,1.0,2,15,3,11,1,2,2.0,0.5,0.4117647058823529,0.08823529411764706,0.3333333333333333,0.5357142857142857,0.16666666666666666,14.409883658838606,50.43459280593512,0.657121169719113,0.1790856797057443,0.0,3.5,0.5,2.0,1.0,0.5,0.5,0,0,0,0,0,0.0
H2_30,A,False,3-4-2-1,8,0,0,0,0,0,3,4,2,1,74,18,2,0.0,11.599753846153847,1.0,0.0,1.0,2,16,4,15,2,4,2.0,0.4186046511627907,0.4418604651162791,0.13953488372093023,0.25,0.45714285714285713,0.25,9.860722401324587,88.74650161192127,0.13070660404032938,0.3095874070540067,0.0,9.0,2.0,1.0,1.0,1.0,0.0,0,0,0,0,0,0.0
H2_45,A,False,3-4-2-1,8,0,0,0,0,0,3,4,2,1,89,19,2,0.0,19.029327201426025,2.0,1.0,0.0,2,19,4,20,2,4,2.0,0.4117647058823529,0.47058823529411764,0.11764705882352941,0.25,0.4418604651162791,0.25,8.512699679369959,34.050798717479836,0.27942556295540577,0.0,0.0,4.0,0.0,1.5,1.0,0.0,0.5,0,0,0,0,0,0.0
H1_15,D,False,3-4-2-1,2,0,0,0,0,0,3,4,2,1,14,3,1,0.0,0.0,2.0,0.0,1.0,0,0,2,4,0,2,2.0,0.0,0.75,0.25,0.0,0.0,0.0,13.014862744937261,52.059450979749045,0.0,0.3534103457715193,0.0,4.0,1.0,0.0,0.0,0.5,0.0,0,0,0,0,0,0.0
H1_30,D,False,3-4-2-1,3,0,0,0,0,0,3,4,2,1,29,19,3,0.0,55.227831278538815,1.0,1.0,1.0,0,2,3,5,0,6,2.0,0.125,0.5,0.375,0.0,0.15384615384615385,0.0,17.029155355723006,68.11662142289202,0.4053917393793282,0.18504651678416445,0.0,4.0,0.5,1.0,0.5,0.5,0.5,0,0,0,0,0,0.0
H1_45,D,False,3-4-2-1,5,0,0,0,0,0,3,4,2,1,44,26,3,0.0,0.0,1.0,0.0,1.0,0,2,4,9,1,7,2.0,0.08695652173913043,0.5652173913043478,0.34782608695652173,0.0,0.1111111111111111,0.2,10.348856760287992,36.220998661007975,0.0,0.28178750133723324,0.0,3.5,1.0,0.0,0.0,0.5,0.0,0,0,0,0,0,0.0
H2_15,D,False,3-4-2-1,5,0,0,0,0,0,3,4,2,1,59,38,3,0.0,0.0,1.0,0.0,0.0,0,2,4,11,1,7,2.0,0.08,0.6,0.32,0.0,0.1,0.2,11.899571014492754,23.799142028985507,0.0,0.0,0.0,2.0,0.0,0.0,0.0,0.0,0.0,0,0,0,0,0,0.0
H2_30,D,False,3-4-2-1,5,0,0,0,0,0,3,4,2,1,74,44,4,0.0,0.0,1.0,0.0,0.0,0,2,4,13,1,7,2.0,0.07407407407407407,0.6296296296296297,0.2962962962962963,0.0,0.09090909090909091,0.2,14.572454857142857,29.144909714285713,0.0,0.0,0.0,2.0,0.0,0.0,0.0,0.0,0.0,0,0,0,0,0,0.0
H2_45,D,False,3-4-2-1,7,0,0,0,0,0,3,4,2,1,89,46,5,0.0,15.130964079822615,2.0,1.0,1.0,0,4,5,17,2,8,2.0,0.1111111111111111,0.6111111111111112,0.2777777777777778,0.0,0.13793103448275862,0.2857142857142857,12.8954371955697,58.02946738006365,0.13037310837890737,0.36195319389433317,0.0,4.5,1.0,1.0,0.5,0.5,0.5,0,0,0,0,0,0.0
ET1_15,D,False,3-4-2-1,9,0,0,0,0,0,3,4,2,1,104,48,10,0.0,11.998365957446806,1.0,0.0,1.0,0,5,5,20,4,10,2.0,0.11363636363636363,0.5681818181818182,0.3181818181818182,0.0,0.14285714285714285,0.4444444444444444,16.300698440977314,65.20279376390926,0.09200806640963355,0.4317143828544885,0.0,4.0,1.0,0.5,0.5,0.5,0.0,0,0,0,0,0,0.0
ET1_15,D,False,3-4-2-1,0,0,0,0,0,0,3,4,2,1,3,0,0,0.0,0.0,0.0,0.0,0.0,0,0,0,0,0,0,0.0,0.0,0.0,0.0,0.0,0.0,0.0,0.0,0.0,0.0,0.0,0.0,0.0,0.0,0.0,0.0,0.0,0.0,0,0,0,0,0,0.0
H1_15,A,False,3-4-2-1,7,1,1,1,1,1,3,4,2,1,14,4,0,9.70510588235294,0.0,2.0,0.0,2.0,1,0,6,7,0,4,2.0,0.05555555555555555,0.7222222222222222,0.2222222222222222,0.14285714285714285,0.0,0.0,11.022637376379159,99.20373638741242,0.04891502193250245,0.546149768575214,9.70510588235294,9.0,3.5,0.5,0.5,1.0,0.0,1,0,0,0,1,1.0
H1_30,A,False,3-4-2-1,10,1,1,1,1,1,3,4,2,1,29,14,0,23.834778021978018,18.270681823361826,2.0,1.0,1.0,3,3,7,10,0,7,2.0,0.2,0.5666666666666667,0.23333333333333334,0.3,0.15,0.0,14.247606239842638,85.48563743905582,0.24627212890210678,0.31184382405478955,11.917389010989009,6.0,1.5,2.5,1.0,0.5,0.5,1,0,0,0,1,1.0
H1_45,A,False,3-4-2-1,11,1,1,1,1,1,3,4,2,1,44,19,0,0.0,47.60072204023144,2.0,2.0,1.0,3,7,8,12,0,7,2.0,0.2702702702702703,0.5405405405405406,0.1891891891891892,0.2727272727272727,0.2692307692307692,0.0,13.276904758262438,46.469166653918535,0.5121753354728762,0.24854342062596224,0.0,3.5,0.5,2.0,1.0,0.5,1.0,1,0,0,0,1,1.0
H2_15,A,False,3-4-2-1,18,3,2,3,3,0,3,4,2,1,59,25,0,50.56345455840456,83.72846752860431,2.0,2.0,2.0,6,13,12,17,0,7,2.0,0.34545454545454546,0.5272727272727272,0.12727272727272726,0.3333333333333333,0.35135135135135137,0.0,13.706377485236498,123.35739736712848,0.5443205067278526,0.43471903862268124,16.85448485280152,9.0,3.5,4.5,1.0,1.0,1.0,3,0,0,0,3,1.0
H2_45,M,False,3-4-2-1,0,0,0,0,0,0,3,4,2,1,3,0,0,0.0,0.0,0.0,0.0,0.0,0,0,0,2,0,0,2.0,0.0,1.0,0.0,0.0,0.0,0.0,20.234858724202628,20.234858724202628,0.0,0.0,0.0,1.0,0.0,0.0,0.0,0.0,0.0,0,0,0,0,0,0.0
ET1_15,M,False,3-4-2-1,2,0,0,0,0,0,3,4,2,1,18,1,2,28.30179130434783,0.0,2.0,0.0,2.0,1,0,1,6,0,7,2.0,0.06666666666666667,0.4666666666666667,0.4666666666666667,0.5,0.0,0.0,18.244485330163027,118.58915464605968,0.11932706405074371,0.23497927372128027,28.30179130434783,6.5,1.0,0.5,0.5,1.0,0.0,0,0,0,0,0,0.0
ET1_15,M,False,3-4-2-1,0,0,0,0,0,0,3,4,2,1,3,0,1,0.0,0.0,1.0,0.0,0.0,0,0,0,1,0,1,1.0,0.0,0.5,0.5,0.0,0.0,0.0,12.06124162679426,24.12248325358852,0.0,0.0,0.0,2.0,0.0,0.0,0.0,0.0,0.0,0,0,0,0,0,0.0
H1_15,G,True,4-4-2,0,0,0,0,0,0,4,4,2,0,14,2,3,0.0,0.0,0.0,0.0,0.0,0,0,0,0,0,0,0.0,0.0,0.0,0.0,0.0,0.0,0.0,0.0,0.0,0.0,0.0,0.0,0.0,0.0,0.0,0.0,0.0,0.0,0,0,0,0,0,0.0
H1_30,G,True,4-4-2,0,0,0,0,0,0,4,4,2,0,29,2,5,0.0,0.0,0.0,0.0,0.0,0,0,0,0,0,0,0.0,0.0,0.0,0.0,0.0,0.0,0.0,0.0,0.0,0.0,0.0,0.0,0.0,0.0,0.0,0.0,0.0,0.0,0,0,0,0,0,0.0
H1_45,G,True,4-4-2,0,0,0,0,0,0,4,4,2,0,44,5,5,0.0,0.0,0.0,0.0,0.0,0,0,0,0,0,0,0.0,0.0,0.0,0.0,0.0,0.0,0.0,0.0,0.0,0.0,0.0,0.0,0.0,0.0,0.0,0.0,0.0,0.0,0,0,0,0,0,0.0
H2_15,G,True,4-4-2,0,0,0,0,0,0,4,4,2,0,59,8,6,0.0,0.0,0.0,0.0,0.0,0,0,0,0,0,0,0.0,0.0,0.0,0.0,0.0,0.0,0.0,0.0,0.0,0.0,0.0,0.0,0.0,0.0,0.0,0.0,0.0,0.0,0,0,0,0,0,0.0
H2_30,G,True,4-4-2,0,0,0,0,0,0,4,4,2,0,74,9,7,0.0,0.0,0.0,0.0,0.0,0,0,0,0,0,0,0.0,0.0,0.0,0.0,0.0,0.0,0.0,0.0,0.0,0.0,0.0,0.0,0.0,0.0,0.0,0.0,0.0,0.0,0,0,0,0,0,0.0
H1_15,D,True,4-4-2,2,0,0,0,0,0,4,4,2,0,14,1,1,9.195830303030302,37.80677395137818,2.0,1.0,2.0,1,3,0,0,1,5,2.0,0.4,0.0,0.6,0.5,0.375,0.5,11.424484449897266,57.12242224948633,0.411419915362843,0.27063999586171505,9.195830303030302,5.0,1.0,2.0,1.0,1.0,0.5,0,0,0,0,0,0.0
H1_30,D,True,4-4-2,3,0,0,0,0,0,4,4,2,0,29,2,4,0.0,0.0,1.0,0.0,1.0,1,3,0,3,2,11,2.0,0.2,0.15,0.65,0.3333333333333333,0.17647058823529413,0.6666666666666666,10.709289134137823,53.54644567068911,0.0,0.2043427906359762,0.0,5.0,0.5,0.0,0.0,0.5,0.0,0,0,0,0,0,0.0
H1_45,D,True,4-4-2,5,0,0,0,0,0,4,4,2,0,44,3,6,0.0,0.0,1.0,0.0,1.0,1,3,0,5,4,15,2.0,0.14285714285714285,0.17857142857142858,0.6785714285714286,0.2,0.13043478260869565,0.8,13.297726628917172,53.190906515668686,0.0,0.4098713829178351,0.0,4.0,1.0,0.0,0.0,0.5,0.0,0,0,0,0,0,0.0
H2_15,D,True,4-4-2,6,0,0,0,0,0,4,4,2,0,59,3,6,0.0,0.0,1.0,0.0,1.0,1,3,0,7,5,17,2.0,0.12121212121212122,0.21212121212121213,0.6666666666666666,0.16666666666666666,0.1111111111111111,0.8333333333333334,11.609813021885522,58.04906510942761,0.0,0.11295473328134226,0.0,5.0,1.0,0.0,0.0,1.0,0.0,0,0,0,0,0,0.0
H2_30,D,True,4-4-2,7,0,0,0,0,0,4,4,2,0,74,6,6,0.0,0.0,2.0,0.0,1.0,1,3,1,12,5,19,2.0,0.0975609756097561,0.3170731707317073,0.5853658536585366,0.14285714285714285,0.08823529411764706,0.7142857142857143,13.553489148601662,54.213956594406646,0.0,0.1583344025312317,0.0,4.0,0.5,0.0,0.0,0.5,0.0,0,0,0,0,0,0.0
H1_15,D,True,4-4-2,2,0,0,0,0,0,4,4,2,0,14,1,1,0.0,8.366673684210527,2.0,0.0,2.0,0,1,2,2,0,0,2.0,0.2,0.8,0.0,0.0,0.3333333333333333,0.0,12.661783613129241,31.654459032823105,0.13215632078145712,0.45152858874834706,0.0,2.5,1.0,0.5,0.5,1.0,0.0,0,0,0,0,0,0.0
H1_30,D,True,4-4-2,3,0,0,0,0,0,4,4,2,0,29,2,2,0.0,10.609272727272728,1.0,0.0,1.0,0,2,2,5,1,6,2.0,0.125,0.4375,0.4375,0.0,0.15384615384615385,0.3333333333333333,11.94237536160142,65.6830644888078,0.08076109732273923,0.09503739917785498,0.0,5.5,0.5,0.5,0.5,0.5,0.0,0,0,0,0,0,0.0
H1_45,D,True,4-4-2,5,0,0,0,0,0,4,4,2,0,44,8,3,31.138755555555555,14.72987145969499,2.0,1.0,1.0,2,4,2,9,1,10,2.0,0.21428571428571427,0.39285714285714285,0.39285714285714285,0.4,0.17391304347826086,0.2,12.921665757392228,77.52999454435337,0.29581213880396967,0.2008174754722941,15.569377777777778,6.0,1.0,2.0,0.5,0.5,0.5,0,0,0,0,0,0.0
H2_15,D,True,4-4-2,6,0,0,0,0,0,4,4,2,0,59,11,3,0.0,28.395667256637168,2.0,0.0,1.0,2,5,3,13,1,11,2.0,0.2,0.45714285714285713,0.34285714285714286,0.3333333333333333,0.1724137931034483,0.16666666666666666,16.472758971501076,57.654656400253764,0.24625649539481242,0.25556505552000264,0.0,3.5,0.5,0.5,0.5,0.5,0.0,0,0,0,0,0,0.0
H2_30,D,True,4-4-2,8,0,0,0,0,0,4,4,2,0,74,17,4,15.717807692307693,64.50825373307327,2.0,1.0,2.0,3,9,3,17,2,12,2.0,0.2608695652173913,0.43478260869565216,0.30434782608695654,0.375,0.23684210526315788,0.25,13.722035421319099,75.47119481725504,0.5315012013499939,0.21012741149145092,15.717807692307693,5.5,1.0,2.5,0.5,1.0,0.5,0,0,0,0,0,0.0
H1_15,D,True,4-4-2,0,0,0,0,0,0,4,4,2,0,14,3,1,0.0,0.0,0.0,0.0,0.0,0,0,0,0,0,1,1.0,0.0,0.0,1.0,0.0,0.0,0.0,12.37137777777778,12.37137777777778,0.0,0.0,0.0,1.0,0.0,0.0,0.0,0.0,0.0,0,0,0,0,0,0.0
H1_30,D,True,4-4-2,1,0,0,0,0,0,4,4,2,0,29,7,1,0.0,0.0,1.0,0.0,1.0,0,0,0,2,1,6,1.0,0.0,0.2222222222222222,0.7777777777777778,0.0,0.0,1.0,9.423814959534674,75.39051967627739,0.0,0.09549762245346131,0.0,8.0,1.0,0.0,0.0,1.0,0.0,0,0,0,0,0,0.0
H1_45,D,True,4-4-2,1,0,0,0,0,0,4,4,2,0,44,12,3,0.0,0.0,1.0,0.0,0.0,0,0,0,3,1,10,2.0,0.0,0.21428571428571427,0.7857142857142857,0.0,0.0,1.0,13.559840874276972,33.89960218569243,0.0,0.0,0.0,2.5,0.0,0.0,0.0,0.0,0.0,0,0,0,0,0,0.0
H2_15,D,True,4-4-2,1,0,0,0,0,0,4,4,2,0,59,16,4,0.0,0.0,1.0,0.0,0.0,0,0,0,3,1,13,2.0,0.0,0.17647058823529413,0.8235294117647058,0.0,0.0,1.0,12.077901654636486,18.11685248195473,0.0,0.0,0.0,1.5,0.0,0.0,0.0,0.0,0.0,0,0,0,0,0,0.0
H2_30,D,True,4-4-2,3,0,0,0,0,0,4,4,2,0,74,19,7,0.0,0.0,1.0,0.0,1.0,0,0,0,4,3,15,2.0,0.0,0.18181818181818182,0.8181818181818182,0.0,0.0,1.0,12.43309130687183,62.16545653435915,0.0,0.41640498047301233,0.0,5.0,2.0,0.0,0.0,1.0,0.0,0,0,0,0,0,0.0
H1_15,M,True,4-4-2,1,0,0,0,0,0,4,4,2,0,14,1,1,0.0,0.0,1.0,0.0,1.0,0,0,0,3,1,6,2.0,0.0,0.3,0.7,0.0,0.0,1.0,8.740094373800481,43.700471869002406,0.0,0.07884216926371262,0.0,5.0,0.5,0.0,0.0,0.5,0.0,0,0,0,0,0,0.0
H1_30,M,True,4-4-2,3,0,0,0,0,0,4,4,2,0,29,3,1,0.0,0.0,2.0,0.0,1.0,0,0,1,6,2,15,2.0,0.0,0.2916666666666667,0.7083333333333334,0.0,0.0,0.6666666666666666,14.816882875353574,103.71818012747502,0.0,0.12533472177699084,0.0,7.0,1.0,0.0,0.0,0.5,0.0,0,0,0,0,0,0.0
H1_45,M,True,4-4-2,4,0,0,0,0,0,4,4,2,0,44,6,4,9.272630303030304,57.695711319574734,2.0,1.0,1.0,1,2,1,8,2,20,2.0,0.08823529411764706,0.2647058823529412,0.6470588235294118,0.25,0.06666666666666667,0.5,19.7585374799626,98.792687399813,0.33893369734737977,0.04692974018159898,9.272630303030304,5.0,0.5,1.5,1.0,0.5,0.5,0,0,0,0,0,0.0
H2_15,M,True,4-4-2,5,0,0,0,0,0,4,4,2,0,59,8,4,0.0,24.973739999999992,2.0,0.0,1.0,1,3,1,9,3,26,2.0,0.09302325581395349,0.23255813953488372,0.6744186046511628,0.2,0.07894736842105263,0.6,14.765454578710258,66.44454560419616,0.18792919548856715,0.14790263730528308,0.0,4.5,0.5,0.5,0.5,0.5,0.0,0,0,0,0,0,0.0
H2_30,M,True,4-4-2,6,0,0,0,0,0,4,4,2,0,74,10,4,0.0,0.0,2.0,0.0,1.0,1,3,2,11,3,30,2.0,0.08,0.26,0.66,0.16666666666666666,0.06818181818181818,0.5,16.31792841622988,57.11274945680458,0.0,0.12615914838389683,0.0,3.5,0.5,0.0,0.0,0.5,0.0,0,0,0,0,0,0.0
H1_15,M,True,4-4-2,2,0,0,0,0,0,4,4,2,0,14,3,0,40.60166363636363,43.782373246925886,2.0,2.0,1.0,1,4,0,4,1,5,2.0,0.3333333333333333,0.26666666666666666,0.4,0.5,0.3076923076923077,0.5,11.40189058248915,85.51417936866862,0.49339207547962993,0.3050909452770909,40.60166363636363,7.5,1.0,2.5,1.0,0.5,1.0,0,0,0,0,0,0.0
H1_30,M,True,4-4-2,6,0,0,0,0,0,4,4,2,0,29,3,0,43.04792647058824,10.483138716356109,2.0,1.0,2.0,2,6,1,7,3,14,2.0,0.24242424242424243,0.24242424242424243,0.5151515151515151,0.3333333333333333,0.2222222222222222,0.5,11.35490738440811,102.19416645967299,0.2619086149504841,0.38162337830493137,43.04792647058824,9.0,2.0,1.5,1.0,1.0,0.5,0,0,0,0,0,0.0
H1_45,M,True,4-4-2,9,0,0,0,0,0,4,4,2,0,44,3,1,36.92689,10.91267972027972,2.0,1.0,2.0,3,8,3,16,3,18,2.0,0.21568627450980393,0.37254901960784315,0.4117647058823529,0.3333333333333333,0.19047619047619047,0.3333333333333333,13.365076916366014,120.28569224729414,0.1988581053427653,0.357889135303401,36.92689,9.0,1.5,1.5,0.5,1.0,0.5,0,0,0,0,0,0.0
H2_15,M,True,4-4-2,12,0,0,0,0,0,4,4,2,0,59,8,2,0.0,23.694776470588238,2.0,0.0,2.0,3,10,5,22,4,21,2.0,0.2,0.4153846153846154,0.38461538461538464,0.25,0.18867924528301888,0.3333333333333333,13.685854262212953,95.80097983549066,0.123666670796462,0.35785956538704455,0.0,7.0,1.5,1.0,1.0,1.0,0.0,0,0,0,0,0,0.0
H2_30,A,True,4-4-2,2,1,1,0,1,0,4,4,2,0,4,3,0,23.144945945945945,14.773714285714284,1.0,1.0,1.0,1,1,1,2,0,1,2.0,0.3333333333333333,0.5,0.16666666666666666,0.5,0.25,0.0,22.43377341633735,67.30132024901205,0.2817081454818626,0.5714911924245106,23.144945945945945,3.0,1.0,1.0,0.5,0.5,0.5,1,0,0,0,0,0.0
H1_15,A,True,4-4-2,1,2,2,1,2,0,4,4,2,0,14,1,0,5.946436363636362,69.08633402732595,1.0,1.0,1.0,1,3,0,3,0,0,2.0,0.5714285714285714,0.42857142857142855,0.0,1.0,0.5,0.0,16.48663712463483,57.703229936221895,0.6501609223079399,0.05152602696771764,5.946436363636362,3.5,0.5,2.0,1.0,0.5,0.5,2,0,0,0,1,0.5
H1_30,A,True,4-4-2,1,2,2,1,2,0,4,4,2,0,29,1,0,0.0,15.09165,1.0,0.0,0.0,1,4,0,7,0,0,2.0,0.4166666666666667,0.5833333333333334,0.0,1.0,0.36363636363636365,0.0,14.143552458907317,35.35888114726829,0.21340678084727702,0.0,0.0,2.5,0.0,0.5,0.5,0.0,0.0,2,0,0,0,1,0.5
H1_45,A,True,4-4-2,1,2,2,1,2,0,4,4,2,0,44,4,0,0.0,46.34939689119171,2.0,0.0,0.0,1,5,0,8,0,4,2.0,0.3333333333333333,0.4444444444444444,0.2222222222222222,1.0,0.29411764705882354,0.0,17.074751180110173,51.224253540330515,0.4524165184242199,0.0,0.0,3.0,0.0,0.5,0.5,0.0,0.0,2,0,0,0,1,0.5
H2_15,A,True,4-4-2,4,2,2,1,2,0,4,4,2,0,59,9,0,26.548483820662767,54.924796265859754,2.0,1.0,1.0,3,11,1,14,0,6,2.0,0.4,0.42857142857142855,0.17142857142857143,0.75,0.3548387096774194,0.0,11.315879371466457,96.18497465746488,0.42352394631628365,0.2839021492541529,13.274241910331384,8.5,1.5,4.0,1.0,0.5,0.5,2,0,0,0,1,0.5
H2_30,A,True,4-4-2,5,3,2,2,3,0,4,4,2,0,74,12,1,21.24241111111111,48.27633985759733,1.0,1.0,1.0,4,14,1,19,0,6,2.0,0.4090909090909091,0.45454545454545453,0.13636363636363635,0.8,0.358974358974359,0.0,14.803587005741608,66.61614152583724,0.5217860819944474,0.15943891844045177,21.24241111111111,4.5,0.5,2.0,1.0,0.5,0.5,3,1,0,0,2,0.6666666666666666
H1_15,D,True,4-4-2,0,0,0,0,0,0,4,4,2,0,4,0,0,0.0,0.0,1.0,0.0,0.0,0,0,0,1,0,2,2.0,0.0,0.3333333333333333,0.6666666666666666,0.0,0.0,0.0,11.192331399928392,16.788497099892588,0.0,0.0,0.0,1.5,0.0,0.0,0.0,0.0,0.0,0,0,0,0,0,0.0
H1_30,D,True,4-4-2,2,0,0,0,0,0,4,4,2,0,19,0,2,0.0,0.0,2.0,0.0,1.0,0,0,0,1,2,7,2.0,0.0,0.1,0.9,0.0,0.0,1.0,13.184165315755578,46.144578605144524,0.0,0.29198793944080537,0.0,3.5,1.0,0.0,0.0,0.5,0.0,0,0,0,0,0,0.0
H1_45,D,True,4-4-2,2,0,0,0,0,0,4,4,2,0,34,3,3,0.0,0.0,1.0,0.0,0.0,0,0,0,2,2,12,2.0,0.0,0.125,0.875,0.0,0.0,1.0,12.538564078809086,37.61569223642726,0.0,0.0,0.0,3.0,0.0,0.0,0.0,0.0,0.0,0,0,0,0,0,0.0
H2_15,D,True,4-4-2,2,0,0,0,0,0,4,4,2,0,49,6,3,0.0,0.0,2.0,0.0,0.0,0,0,0,3,2,15,2.0,0.0,0.15,0.85,0.0,0.0,1.0,9.664383532196968,19.328767064393936,0.0,0.0,0.0,2.0,0.0,0.0,0.0,0.0,0.0,0,0,0,0,0,0.0
H2_30,D,True,4-4-2,5,0,0,0,0,0,4,4,2,0,64,6,4,0.0,13.249407692307692,1.0,0.0,1.0,0,1,3,6,2,17,2.0,0.034482758620689655,0.3103448275862069,0.6551724137931034,0.0,0.041666666666666664,0.4,13.635431475593464,122.71888328034117,0.10796551710823926,0.3970704402887844,0.0,9.0,3.0,1.0,1.0,1.0,0.0,0,0,0,0,0,0.0
H2_30,M,True,4-4-2,3,0,0,0,0,1,4,4,2,0,3,3,0,0.0,30.55794280908326,2.0,1.0,2.0,0,3,3,4,0,1,2.0,0.2727272727272727,0.6363636363636364,0.09090909090909091,0.0,0.375,0.0,13.685824751537899,75.27203613345844,0.20298336791968516,0.44184043971844583,0.0,5.5,1.5,1.5,0.5,1.0,0.5,0,0,0,0,0,0.0
H1_15,M,True,4-4-2,1,0,0,0,0,0,4,4,2,0,14,1,1,0.0,20.367748314606743,2.0,0.0,1.0,0,1,1,8,0,1,2.0,0.09090909090909091,0.8181818181818182,0.09090909090909091,0.0,0.1,0.0,12.917412930892306,71.04577111990768,0.1433424396241053,0.07140271730669764,0.0,5.5,0.5,0.5,0.5,0.5,0.0,0,0,0,0,0,0.0
H1_30,M,True,4-4-2,2,0,0,0,0,0,4,4,2,0,29,3,2,0.0,0.0,1.0,0.0,1.0,0,1,2,10,0,6,2.0,0.05263157894736842,0.631578947368421,0.3157894736842105,0.0,0.058823529411764705,0.0,13.581225785288314,54.32490314115326,0.0,0.25924098461285117,0.0,4.0,0.5,0.0,0.0,0.5,0.0,0,0,0,0,0,0.0
H1_45,M,True,4-4-2,3,0,0,0,0,0,4,4,2,0,44,6,3,0.0,16.851151515151518,2.0,0.0,1.0,0,2,3,15,0,11,2.0,0.06451612903225806,0.5806451612903226,0.3548387096774194,0.0,0.07142857142857142,0.0,18.16099958190172,108.96599749141032,0.07732298103580375,0.09847877762179913,0.0,6.0,0.5,0.5,0.5,0.5,0.0,0,0,0,0,0,0.0
H2_15,M,True,4-4-2,5,0,0,0,0,0,4,4,2,0,59,8,3,0.0,0.0,1.0,0.0,1.0,0,2,4,21,1,12,2.0,0.05,0.625,0.325,0.0,0.05714285714285714,0.2,13.347025070600942,60.061612817704244,0.0,0.15254331354213604,0.0,4.5,1.0,0.0,0.0,0.5,0.0,0,0,0,0,0,0.0
H2_30,M,True,4-4-2,6,1,0,0,1,0,4,4,2,0,74,13,3,0.0,0.0,2.0,0.0,1.0,0,2,4,27,2,16,2.0,0.0392156862745098,0.6078431372549019,0.35294117647058826,0.0,0.044444444444444446,0.3333333333333333,13.795604014499423,75.87582207974683,0.0,0.06824778453555616,0.0,5.5,0.5,0.0,0.0,0.5,0.0,1,0,0,1,0,0.0
H1_15,A,True,4-4-2,3,1,1,1,1,0,4,4,2,0,14,2,0,0.0,60.34558935339081,2.0,2.0,2.0,0,5,3,6,0,1,2.0,0.3333333333333333,0.6,0.06666666666666667,0.0,0.4166666666666667,0.0,12.477868545454237,93.58401409090678,0.32241398244988495,0.19534041808800487,0.0,7.5,1.5,2.5,1.0,1.0,1.0,1,0,0,0,1,1.0
H1_30,A,True,4-4-2,3,1,1,1,1,0,4,4,2,0,29,3,0,0.0,0.0,1.0,0.0,0.0,0,5,3,11,0,2,2.0,0.23809523809523808,0.6666666666666666,0.09523809523809523,0.0,0.2777777777777778,0.0,14.53541596973406,43.60624790920218,0.0,0.0,0.0,3.0,0.0,0.0,0.0,0.0,0.0,1,0,0,0,1,1.0
H1_45,A,True,4-4-2,4,1,1,1,1,0,4,4,2,0,44,5,0,0.0,12.997478787878787,1.0,1.0,1.0,0,7,4,16,0,3,2.0,0.23333333333333334,0.6666666666666666,0.1,0.0,0.2692307692307692,0.0,15.29210022989424,68.81445103452408,0.0944385851553039,0.11966249773289411,0.0,4.5,0.5,1.0,0.5,0.5,0.5,1,0,0,0,1,1.0
H2_15,A,True,4-4-2,6,2,1,2,2,0,4,4,2,0,59,6,1,42.4573188069594,63.121638930250086,2.0,2.0,1.0,2,11,4,26,0,4,2.0,0.2765957446808511,0.6382978723404256,0.0851063829787234,0.3333333333333333,0.2682926829268293,0.0,15.752211787079515,133.89380019017588,0.39426380305604347,0.1585484867359624,21.2286594034797,8.5,1.0,3.0,1.0,0.5,1.0,2,0,0,0,2,1.0
H1_15,M,True,4-4-2,3,1,0,1,1,0,4,4,2,0,14,3,0,12.27533023255814,82.02226681563158,2.0,2.0,2.0,1,7,1,4,1,2,2.0,0.5,0.3125,0.1875,0.3333333333333333,0.5384615384615384,0.3333333333333333,12.371148412835877,98.96918730268702,0.47639876419208277,0.20237187428687828,12.27533023255814,8.0,1.5,4.0,1.0,1.0,1.0,1,0,0,0,1,1.0
H1_30,M,True,4-4-2,5,1,0,1,1,0,4,4,2,0,29,3,0,8.630322580645162,4.792963636363637,2.0,1.0,2.0,2,8,1,7,2,6,2.0,0.38461538461538464,0.3076923076923077,0.3076923076923077,0.4,0.38095238095238093,0.4,11.504159343141172,57.52079671570586,0.11668202618396291,0.2896281743791594,8.630322580645162,5.0,1.0,1.0,0.5,1.0,0.5,1,0,0,0,1,1.0
H1_45,M,True,4-4-2,6,1,0,1,1,0,4,4,2,0,44,6,0,0.0,19.774650632478632,2.0,1.0,1.0,2,11,2,15,2,10,2.0,0.30952380952380953,0.40476190476190477,0.2857142857142857,0.3333333333333333,0.3055555555555556,0.3333333333333333,12.584133717624269,100.67306974099415,0.09821221645149844,0.0811601062534199,0.0,8.0,0.5,1.5,0.5,0.5,0.5,1,0,0,0,1,1.0
H2_15,M,True,4-4-2,9,2,0,2,2,0,4,4,2,0,59,11,2,27.987928888888888,15.196219461697723,2.0,1.0,1.0,3,13,4,19,2,14,2.0,0.2909090909090909,0.41818181818181815,0.2909090909090909,0.3333333333333333,0.2826086956521739,0.2222222222222222,11.969657002382977,77.80277051548936,0.2775232042796554,0.3789220063685604,27.987928888888888,6.5,1.5,1.5,0.5,0.5,0.5,2,0,0,1,2,1.0
H2_30,M,True,4-4-2,13,2,0,2,2,0,4,4,2,0,74,15,2,0.0,55.491189158918736,2.0,1.0,2.0,3,17,7,28,3,15,2.0,0.273972602739726,0.4794520547945205,0.2465753424657534,0.23076923076923078,0.2833333333333333,0.23076923076923078,17.188775709319426,154.69898138387484,0.17935214783742234,0.22092878484733022,0.0,9.0,2.0,2.0,1.0,1.0,0.5,2,0,0,1,2,1.0
H1_15,D,False,4-3-3,1,0,0,0,0,0,4,3,3,0,14,6,0,0.0,13.989206779661012,2.0,0.0,1.0,0,1,1,3,0,6,2.0,0.09090909090909091,0.36363636363636365,0.5454545454545454,0.0,0.1,0.0,11.005084411227891,60.527964261753404,0.11555986518202262,0.1532016479336177,0.0,5.5,0.5,0.5,0.5,0.5,0.0,0,0,0,0,0,0.0
H1_30,D,False,4-3-3,2,0,0,0,0,0,4,3,3,0,29,18,2,10.389234285714288,9.64119,1.0,1.0,1.0,1,2,1,4,0,7,2.0,0.2,0.3333333333333333,0.4666666666666667,0.5,0.15384615384615385,0.0,12.738532043650794,25.47706408730159,0.393106996494505,0.20389386803192414,10.389234285714288,2.0,0.5,1.0,0.5,0.5,0.5,0,0,0,0,0,0.0
H1_45,D,False,4-3-3,4,0,0,0,0,0,4,3,3,0,44,19,5,9.740975,5.204133333333333,1.0,0.0,1.0,2,3,2,5,0,8,2.0,0.25,0.35,0.4,0.5,0.1875,0.0,15.994327091621457,39.98581772905364,0.18688011377686842,0.39233200575587823,9.740975,2.5,1.0,1.0,1.0,1.0,0.0,0,0,0,0,0,0.0
H2_15,D,False,4-3-3,6,0,0,0,0,0,4,3,3,0,59,23,6,0.0,0.0,2.0,0.0,2.0,2,3,3,11,1,11,2.0,0.16129032258064516,0.45161290322580644,0.3870967741935484,0.3333333333333333,0.12,0.16666666666666666,14.135369576015735,77.74453266808655,0.0,0.21008696566684915,0.0,5.5,1.0,0.0,0.0,1.0,0.0,0,0,0,0,0,0.0
H2_30,D,False,4-3-3,9,0,0,0,0,0,4,3,3,0,74,26,6,0.0,0.0,1.0,0.0,1.0,2,3,5,13,2,15,2.0,0.125,0.45,0.425,0.2222222222222222,0.0967741935483871,0.2222222222222222,15.092490973438835,67.91620938047475,0.0,0.45232104798073386,0.0,4.5,1.5,0.0,0.0,0.5,0.0,0,0,0,0,0,0.0
H1_15,D,False,4-3-3,3,0,0,0,0,0,4,3,3,0,14,4,0,10.212222222222223,45.813134432039696,2.0,2.0,2.0,1,5,1,2,1,7,2.0,0.35294117647058826,0.17647058823529413,0.47058823529411764,0.3333333333333333,0.35714285714285715,0.3333333333333333,13.08294332372127,111.2050182516308,0.2519012070457545,0.25625102849063564,10.212222222222223,8.5,1.5,3.0,1.0,1.0,1.0,0,0,0,0,0,0.0
H1_30,D,False,4-3-3,6,1,0,1,1,0,4,3,3,0,29,13,1,50.06974044596913,135.9699565307603,2.0,2.0,1.0,3,12,2,7,1,7,2.0,0.46875,0.28125,0.25,0.5,0.46153846153846156,0.16666666666666666,17.368129393688154,130.26097045266116,0.714103757749675,0.2403491032155694,25.034870222984566,7.5,1.5,4.5,1.0,0.5,1.0,1,0,0,1,1,1.0
H1_45,D,False,4-3-3,10,1,0,1,1,0,4,3,3,0,44,18,1,57.707858021978026,34.15286309892378,2.0,1.0,2.0,5,16,3,14,2,7,2.0,0.44680851063829785,0.3617021276595745,0.19148936170212766,0.5,0.43243243243243246,0.2,15.357345831139003,115.18009373354252,0.3987699529634534,0.5416687460499409,28.853929010989013,7.5,2.0,3.0,1.0,1.0,0.5,1,0,0,1,1,1.0
H2_15,D,False,4-3-3,16,1,0,1,1,0,4,3,3,0,59,25,1,21.075876750700285,77.80999474028006,2.0,1.0,2.0,7,22,7,18,2,10,2.0,0.4393939393939394,0.3787878787878788,0.18181818181818182,0.4375,0.44,0.125,12.648742892461106,120.16305747838051,0.41146536034492837,0.3369138104428524,10.537938375350143,9.5,3.0,4.0,1.0,1.0,0.5,1,0,0,1,1,1.0
H2_30,D,False,4-3-3,21,1,0,1,1,0,4,3,3,0,74,27,2,15.714596226415097,6.083328,2.0,0.0,2.0,8,23,10,26,3,14,2.0,0.36904761904761907,0.42857142857142855,0.20238095238095238,0.38095238095238093,0.36507936507936506,0.14285714285714285,13.850884472706253,124.65796025435628,0.08743093574585162,0.31288515923378446,15.714596226415097,9.0,2.5,1.0,1.0,1.0,0.0,1,0,0,1,1,1.0
H1_15,D,False,4-3-3,3,0,0,0,0,0,4,3,3,0,14,4,0,0.0,0.0,2.0,0.0,1.0,0,0,0,4,3,4,2.0,0.0,0.36363636363636365,0.6363636363636364,0.0,0.0,1.0,11.268342716724701,61.97588494198585,0.0,0.34241096505211627,0.0,5.5,1.5,0.0,0.0,0.5,0.0,0,0,0,0,0,0.0
H1_30,D,False,4-3-3,6,0,0,0,0,0,4,3,3,0,29,14,2,33.502111664295875,34.32415961337212,2.0,1.0,1.0,2,4,1,8,3,5,2.0,0.2608695652173913,0.391304347826087,0.34782608695652173,0.3333333333333333,0.23529411764705882,0.5,15.036169499216186,90.21701699529712,0.3759061956194122,0.39838490153162015,16.751055832147937,6.0,1.5,3.0,1.0,0.5,0.5,0,0,0,0,0,0.0
H1_45,D,False,4-3-3,8,1,0,1,1,0,4,3,3,0,44,25,2,15.468148148148153,14.45663917050691,2.0,1.0,1.0,3,6,2,15,3,7,2.0,0.25,0.4722222222222222,0.2777777777777778,0.375,0.21428571428571427,0.375,12.176487641467661,79.14716966953979,0.18904521439995203,0.20181329709890822,15.468148148148153,6.5,1.0,1.5,0.5,0.5,0.5,1,0,0,1,1,1.0
H2_15,D,False,4-3-3,10,1,0,1,1,0,4,3,3,0,59,32,3,0.0,56.91543461005687,2.0,1.0,1.0,3,9,3,18,4,9,2.0,0.2608695652173913,0.45652173913043476,0.2826086956521739,0.3,0.25,0.4,15.523276931974276,77.61638465987139,0.366645746638872,0.28508217283878395,0.0,5.0,1.0,1.5,1.0,0.5,0.5,1,0,0,1,1,1.0
H2_30,D,False,4-3-3,11,1,0,1,1,0,4,3,3,0,74,38,3,0.0,13.495428571428572,2.0,0.0,1.0,3,10,3,22,5,13,2.0,0.23214285714285715,0.44642857142857145,0.32142857142857145,0.2727272727272727,0.2222222222222222,0.45454545454545453,19.29614060970046,96.48070304850229,0.06993848585786226,0.17915581069863373,0.0,5.0,0.5,0.5,0.5,0.5,0.0,1,0,0,1,1,1.0
H1_15,A,False,4-3-3,1,0,0,0,0,0,4,3,3,0,14,2,0,7.1923076923076925,48.35855307879976,2.0,2.0,1.0,1,5,0,2,0,0,2.0,0.75,0.25,0.0,1.0,0.7142857142857143,0.0,14.999210568139842,59.99684227255937,0.4629482041633601,0.0599390519557162,7.1923076923076925,4.0,0.5,3.0,1.0,0.5,1.0,0,0,0,0,0,0.0
H1_30,A,False,4-3-3,2,1,0,1,1,0,4,3,3,0,29,7,0,9.864274285714286,88.69455784750048,2.0,2.0,1.0,2,12,0,4,0,0,2.0,0.7777777777777778,0.2222222222222222,0.0,1.0,0.75,0.0,11.015243084496998,55.07621542248499,0.8947494973753942,0.08955112665282347,9.864274285714286,5.0,0.5,4.0,1.0,0.5,1.0,1,1,0,0,1,1.0
H1_45,A,False,4-3-3,2,2,0,2,2,0,4,3,3,0,44,12,0,0.0,65.78733726448989,1.0,1.0,0.0,2,15,0,5,0,0,2.0,0.7727272727272727,0.22727272727272727,0.0,1.0,0.75,0.0,23.299049833363853,46.598099666727705,0.7059015038703801,0.0,0.0,2.0,0.0,1.5,0.5,0.0,0.5,2,1,0,0,2,1.0
H2_15,A,False,4-3-3,3,2,0,2,2,0,4,3,3,0,59,17,0,0.0,47.839385660637376,2.0,1.0,1.0,2,18,1,7,0,1,2.0,0.6896551724137931,0.27586206896551724,0.034482758620689655,0.6666666666666666,0.6923076923076923,0.0,14.823632052519011,51.88271218381654,0.4610339711149452,0.21102095987654335,0.0,3.5,0.5,1.5,1.0,0.5,0.5,2,1,0,0,2,1.0
H2_30,A,False,4-3-3,5,2,0,2,2,0,4,3,3,0,74,18,1,54.25337669746887,53.62753416789397,2.0,1.0,1.0,4,22,1,8,0,2,2.0,0.7027027027027027,0.24324324324324326,0.05405405405405406,0.8,0.6875,0.0,15.774787951058599,63.099151804234396,0.8548523060980613,0.42990575266201986,27.126688348734437,4.0,1.0,3.0,1.0,0.5,0.5,2,1,0,0,2,1.0
H1_15,M,False,4-3-3,1,0,0,0,0,0,4,3,3,0,14,2,1,0.0,50.9092061324845,2.0,1.0,1.0,0,4,1,4,0,0,2.0,0.4444444444444444,0.5555555555555556,0.0,0.0,0.5,0.0,13.758796288607625,61.914583298734314,0.4111245155834329,0.07665370741561944,0.0,4.5,0.5,2.0,1.0,0.5,0.5,0,0,0,0,0,0.0
H1_30,M,False,4-3-3,3,0,0,0,0,0,4,3,3,0,29,4,1,13.076300000000002,84.18714201184082,2.0,2.0,2.0,1,11,2,7,0,0,2.0,0.5714285714285714,0.42857142857142855,0.0,0.3333333333333333,0.6111111111111112,0.0,11.34758532308758,68.08551193852549,0.7142741476311446,0.1727511031703351,13.076300000000002,6.0,1.0,4.0,1.0,1.0,1.0,0,0,0,0,0,0.0
H1_45,M,False,4-3-3,5,0,0,0,0,0,4,3,3,0,44,8,2,0.0,38.04593087124345,2.0,1.0,1.0,1,15,3,13,1,1,2.0,0.47058823529411764,0.47058823529411764,0.058823529411764705,0.2,0.5172413793103449,0.2,9.932414324451862,64.5606931089371,0.29465243508961625,0.19406713378255644,0.0,6.5,1.0,2.0,1.0,0.5,0.5,0,0,0,0,0,0.0
H2_15,M,False,4-3-3,7,0,0,0,0,0,4,3,3,0,59,10,2,17.48170344827586,41.39841799507682,2.0,1.0,1.0,2,18,4,19,1,2,2.0,0.43478260869565216,0.5,0.06521739130434782,0.2857142857142857,0.46153846153846156,0.14285714285714285,11.506338089045075,69.03802853427045,0.42643252344702026,0.23545206039149164,17.48170344827586,6.0,1.0,2.0,0.5,0.5,0.5,0,0,0,0,0,0.0
H1_15,A,False,4-3-3,2,0,0,0,0,0,4,3,3,0,14,4,1,6.8290560000000005,47.26323053030303,2.0,2.0,1.0,1,4,1,1,0,0,2.0,0.7142857142857143,0.2857142857142857,0.0,0.5,0.8,0.0,13.630626030939649,47.70719110828877,0.5669196328025368,0.38195185944986954,6.8290560000000005,3.5,1.0,2.5,1.0,0.5,1.0,0,0,0,0,0,0.0
H1_30,A,False,4-3-3,5,1,0,1,1,0,4,3,3,0,29,9,1,34.46389323017408,83.17199376104017,2.0,2.0,1.0,4,11,1,3,0,0,2.0,0.7894736842105263,0.21052631578947367,0.0,0.8,0.7857142857142857,0.0,12.688318463842753,76.12991078305652,0.772599664056058,0.22634922907228974,11.487964410058026,6.0,1.5,5.0,1.0,0.5,1.0,1,0,0,0,1,1.0
H1_45,A,False,4-3-3,5,2,0,2,2,0,4,3,3,0,44,11,1,0.0,57.74300670361197,1.0,1.0,0.0,4,16,1,5,0,0,2.0,0.7692307692307693,0.23076923076923078,0.0,0.8,0.7619047619047619,0.0,12.680568385633178,44.38198934971612,0.650522966068682,0.0,0.0,3.5,0.0,2.5,1.0,0.0,0.5,2,1,0,0,2,1.0
H1_15,A,False,4-3-3,4,1,1,1,1,0,4,3,3,0,14,3,0,9.425454545454546,50.45316801927581,2.0,2.0,2.0,1,5,3,5,0,3,2.0,0.35294117647058826,0.47058823529411764,0.17647058823529413,0.25,0.38461538461538464,0.0,10.233506660013765,86.984806610117,0.3441901229551392,0.34012190684880805,9.425454545454546,8.5,2.0,3.0,1.0,1.0,1.0,1,0,0,0,1,1.0
H1_30,A,False,4-3-3,5,1,1,1,1,0,4,3,3,0,29,8,0,6.9277440000000015,49.85984084599798,2.0,2.0,1.0,2,10,3,8,0,3,2.0,0.46153846153846156,0.4230769230769231,0.11538461538461539,0.4,0.47619047619047616,0.0,9.659820659436356,43.4691929674636,0.6531934568983498,0.0796856753837755,6.9277440000000015,4.5,0.5,3.0,1.0,0.5,1.0,1,0,0,0,1,1.0
H1_45,A,False,4-3-3,6,1,1,1,1,0,4,3,3,0,44,9,0,0.0,30.38045467372134,2.0,1.0,1.0,2,12,4,11,0,5,2.0,0.4117647058823529,0.4411764705882353,0.14705882352941177,0.3333333333333333,0.42857142857142855,0.0,15.476297729080255,61.90519091632102,0.24537889492003548,0.12428334177015793,0.0,4.0,0.5,1.0,0.5,0.5,0.5,1,0,0,0,1,1.0
H2_15,A,False,4-3-3,10,1,1,1,1,0,4,3,3,0,59,13,0,22.3746972972973,53.41936991779819,2.0,2.0,2.0,3,18,7,15,0,7,2.0,0.42,0.44,0.14,0.3,0.45,0.0,11.288390137228154,90.30712109782523,0.41964612698145654,0.38733218409690634,22.3746972972973,8.0,2.0,3.5,1.0,1.0,1.0,1,0,0,0,1,1.0
H2_30,A,False,4-3-3,2,0,0,0,0,0,4,3,3,0,11,4,0,16.18700769230769,23.755520216216215,2.0,1.0,2.0,1,2,0,3,1,3,2.0,0.3,0.3,0.4,0.5,0.25,0.5,13.891865393119398,69.45932696559699,0.2875245820356662,0.353961865785688,16.18700769230769,5.0,1.0,1.5,0.5,1.0,0.5,0,0,0,0,0,0.0
H1_15,G,False,4-3-3,0,0,0,0,0,0,4,3,3,0,14,2,0,0.0,0.0,0.0,0.0,0.0,0,0,0,0,0,1,1.0,0.0,0.0,1.0,0.0,0.0,0.0,8.353556756756756,8.353556756756756,0.0,0.0,0.0,1.0,0.0,0.0,0.0,0.0,0.0,0,0,0,0,0,0.0
H1_30,G,False,4-3-3,0,0,0,0,0,0,4,3,3,0,29,5,0,0.0,0.0,0.0,0.0,0.0,0,0,0,0,0,1,1.0,0.0,0.0,1.0,0.0,0.0,0.0,0.0,0.0,0.0,0.0,0.0,0.0,0.0,0.0,0.0,0.0,0.0,0,0,0,0,0,0.0
H1_45,G,False,4-3-3,0,0,0,0,0,0,4,3,3,0,44,5,1,0.0,0.0,0.0,0.0,0.0,0,0,0,1,0,1,2.0,0.0,0.5,0.5,0.0,0.0,0.0,10.717558974358976,10.717558974358976,0.0,0.0,0.0,1.0,0.0,0.0,0.0,0.0,0.0,0,0,0,0,0,0.0
H2_15,G,False,4-3-3,0,0,0,0,0,0,4,3,3,0,59,5,1,0.0,0.0,0.0,0.0,0.0,0,0,0,1,0,1,2.0,0.0,0.5,0.5,0.0,0.0,0.0,0.0,0.0,0.0,0.0,0.0,0.0,0.0,0.0,0.0,0.0,0.0,0,0,0,0,0,0.0
H2_30,G,False,4-3-3,0,0,0,0,0,0,4,3,3,0,74,5,2,0.0,0.0,0.0,0.0,0.0,0,0,0,2,0,1,2.0,0.0,0.6666666666666666,0.3333333333333333,0.0,0.0,0.0,10.158163636363636,10.158163636363636,0.0,0.0,0.0,1.0,0.0,0.0,0.0,0.0,0.0,0,0,0,0,0,0.0
H1_15,D,False,4-3-3,2,0,0,0,0,0,4,3,3,0,14,7,0,0.0,14.940590163934427,2.0,0.0,2.0,0,1,0,6,2,4,2.0,0.07692307692307693,0.46153846153846156,0.46153846153846156,0.0,0.09090909090909091,1.0,11.781691711627056,76.58099612557587,0.09754763531304274,0.2777671982934489,0.0,6.5,1.0,0.5,0.5,1.0,0.0,0,0,0,0,0,0.0
H1_30,D,False,4-3-3,2,0,0,0,0,0,4,3,3,0,29,22,1,0.0,0.0,1.0,0.0,0.0,0,1,0,6,2,8,2.0,0.058823529411764705,0.35294117647058826,0.5882352941176471,0.0,0.06666666666666667,1.0,9.581354274378647,19.162708548757294,0.0,0.0,0.0,2.0,0.0,0.0,0.0,0.0,0.0,0,0,0,0,0,0.0
H1_45,D,False,4-3-3,6,0,0,0,0,0,4,3,3,0,44,26,1,0.0,0.0,2.0,0.0,2.0,0,1,3,11,3,11,2.0,0.034482758620689655,0.4827586206896552,0.4827586206896552,0.0,0.043478260869565216,0.5,11.66473710107916,69.98842260647496,0.0,0.2634023996550673,0.0,6.0,2.0,0.0,0.0,1.0,0.0,0,0,0,0,0,0.0
H2_15,D,False,4-3-3,12,0,0,0,0,0,4,3,3,0,59,31,2,0.0,14.396393333333336,2.0,0.0,2.0,0,2,5,15,7,14,2.0,0.046511627906976744,0.46511627906976744,0.4883720930232558,0.0,0.06451612903225806,0.5833333333333334,12.890546079924645,90.23382255947251,0.07977271119066671,0.5485675571096389,0.0,7.0,3.0,0.5,0.5,1.0,0.0,0,0,0,0,0,0.0
H2_30,D,False,4-3-3,13,0,0,0,0,0,4,3,3,0,74,36,4,0.0,0.0,2.0,0.0,1.0,0,2,5,22,8,19,2.0,0.03571428571428571,0.48214285714285715,0.48214285714285715,0.0,0.046511627906976744,0.6153846153846154,13.233286795540865,86.01636417101562,0.0,0.22226003370695907,0.0,6.5,0.5,0.0,0.0,0.5,0.0,0,0,0,0,0,0.0
H1_15,M,False,4-3-3,2,0,0,0,0,0,4,3,3,0,14,5,0,14.533966666666664,11.055673469387752,2.0,0.0,2.0,1,1,0,2,1,1,2.0,0.3333333333333333,0.3333333333333333,0.3333333333333333,0.5,0.25,0.5,14.736206101683116,44.20861830504935,0.289419134969116,0.344637196566475,14.533966666666664,3.0,1.0,1.0,1.0,1.0,0.0,0,0,0,0,0,0.0
H1_30,M,False,4-3-3,2,1,1,1,1,0,4,3,3,0,29,15,0,0.0,6.503346666666667,2.0,0.0,0.0,1,2,0,7,1,1,2.0,0.25,0.5833333333333334,0.16666666666666666,0.5,0.2,0.5,11.35691761163464,34.07075283490392,0.09543884601229427,0.0,0.0,3.0,0.0,0.5,0.5,0.0,0.0,1,0,0,0,1,1.0
H1_45,M,False,4-3-3,2,2,1,2,2,0,4,3,3,0,44,21,0,0.0,70.70636240719553,2.0,1.0,0.0,1,6,0,8,1,3,2.0,0.3684210526315789,0.42105263157894735,0.21052631578947367,0.5,0.35294117647058826,0.5,19.09114295660074,66.81900034810259,0.5290887475032641,0.0,0.0,3.5,0.0,2.0,1.0,0.0,0.5,2,0,0,1,2,1.0
H2_15,M,False,4-3-3,4,2,1,2,2,0,4,3,3,0,59,27,0,0.0,25.726753846153848,2.0,0.0,2.0,1,8,1,12,2,6,2.0,0.3,0.43333333333333335,0.26666666666666666,0.25,0.3076923076923077,0.5,13.803392530890573,75.91865891989815,0.1694363033552672,0.23677849282133984,0.0,5.5,1.0,1.0,1.0,1.0,0.0,2,0,0,1,2,1.0
H2_30,M,False,4-3-3,7,2,1,2,2,0,4,3,3,0,74,32,0,0.0,36.020096994914475,2.0,1.0,2.0,1,11,4,16,2,7,2.0,0.2926829268292683,0.4878048780487805,0.21951219512195122,0.14285714285714285,0.3235294117647059,0.2857142857142857,12.446995454525558,68.45847499989057,0.2630798962069492,0.42565752359885406,0.0,5.5,1.5,1.5,1.0,1.0,0.5,2,0,0,1,2,1.0
H1_15,M,False,4-3-3,0,0,0,0,0,0,4,3,3,0,14,2,0,0.0,0.0,1.0,0.0,0.0,0,0,0,0,0,5,1.0,0.0,0.0,1.0,0.0,0.0,0.0,17.52620021339306,87.6310010669653,0.0,0.0,0.0,5.0,0.0,0.0,0.0,0.0,0.0,0,0,0,0,0,0.0
H1_30,M,False,4-3-3,0,0,0,0,0,0,4,3,3,0,29,7,0,0.0,0.0,0.0,0.0,0.0,0,0,0,2,0,5,2.0,0.0,0.2857142857142857,0.7142857142857143,0.0,0.0,0.0,12.274940455840456,12.274940455840456,0.0,0.0,0.0,1.0,0.0,0.0,0.0,0.0,0.0,0,0,0,0,0,0.0
H1_45,M,False,4-3-3,3,0,0,0,0,0,4,3,3,0,44,13,0,0.0,15.773538461538465,1.0,0.0,1.0,0,1,3,5,0,10,2.0,0.05263157894736842,0.42105263157894735,0.5263157894736842,0.0,0.0625,0.0,13.527793107538415,81.16675864523049,0.09716747794797734,0.23675594714127268,0.0,6.0,1.5,0.5,0.5,0.5,0.0,0,0,0,0,0,0.0
H2_15,M,False,4-3-3,7,0,0,0,0,0,4,3,3,0,59,16,0,0.0,0.0,1.0,0.0,1.0,0,1,4,8,3,12,2.0,0.03571428571428571,0.42857142857142855,0.5357142857142857,0.0,0.047619047619047616,0.42857142857142855,12.92365623534936,58.15645305907212,0.0,0.7435460379256015,0.0,4.5,2.0,0.0,0.0,0.5,0.0,0,0,0,0,0,0.0
H2_30,M,False,4-3-3,0,0,0,0,0,0,4,3,3,0,1,2,0,0.0,0.0,0.0,0.0,0.0,0,0,0,1,0,0,1.0,0.0,1.0,0.0,0.0,0.0,0.0,22.448387368421045,22.448387368421045,0.0,0.0,0.0,1.0,0.0,0.0,0.0,0.0,0.0,0,0,0,0,0,0.0
H2_30,M,False,4-3-3,5,0,0,0,0,0,4,3,3,0,11,2,1,9.97734857142857,35.57756347169812,2.0,1.0,2.0,1,2,3,7,1,2,2.0,0.1875,0.625,0.1875,0.2,0.18181818181818182,0.2,12.567929328899794,100.54343463119835,0.22654344468251897,0.35459879202781974,9.97734857142857,8.0,2.5,1.5,1.0,1.0,0.5,0,0,0,0,0,0.0
H2_15,A,False,4-3-3,4,2,2,2,2,0,4,3,3,0,14,3,0,41.601699816799986,113.61617133018764,2.0,2.0,2.0,3,10,1,5,0,1,2.0,0.65,0.3,0.05,0.75,0.625,0.0,13.549148773986037,135.49148773986036,0.5727956557868835,0.20600720327914798,13.867233272266661,10.0,2.0,6.5,1.0,1.0,1.0,2,1,0,0,2,1.0
H2_30,A,False,4-3-3,7,3,3,3,3,0,4,3,3,0,29,4,0,21.344904347826088,40.54493150600078,2.0,1.0,1.0,4,14,3,8,0,2,2.0,0.5806451612903226,0.3548387096774194,0.06451612903225806,0.5714285714285714,0.5833333333333334,0.0,13.132127347886307,72.22670041337469,0.42844152854562856,0.4506509336789155,21.344904347826088,5.5,1.5,2.5,1.0,0.5,0.5,3,2,0,0,3,1.0
H1_15,G,True,4-2-3-1,1,0,0,0,0,0,4,2,3,1,14,3,1,0.0,0.0,0.0,0.0,0.0,0,0,1,0,0,0,1.0,0.0,1.0,0.0,0.0,0.0,0.0,17.122285714285717,17.122285714285717,0.0,1.0,0.0,1.0,1.0,0.0,0.0,1.0,0.0,0,0,0,0,0,0.0
H1_30,G,True,4-2-3-1,1,0,0,0,0,0,4,2,3,1,29,3,2,0.0,0.0,0.0,0.0,0.0,0,0,1,0,0,0,1.0,0.0,1.0,0.0,0.0,0.0,0.0,0.0,0.0,0.0,0.0,0.0,0.0,0.0,0.0,0.0,0.0,0.0,0,0,0,0,0,0.0
H1_45,G,True,4-2-3-1,1,0,0,0,0,0,4,2,3,1,44,3,3,0.0,0.0,0.0,0.0,0.0,0,0,1,0,0,0,1.0,0.0,1.0,0.0,0.0,0.0,0.0,0.0,0.0,0.0,0.0,0.0,0.0,0.0,0.0,0.0,0.0,0.0,0,0,0,0,0,0.0
H2_15,G,True,4-2-3-1,1,0,0,0,0,0,4,2,3,1,59,4,6,0.0,0.0,0.0,0.0,0.0,0,0,1,0,0,1,2.0,0.0,0.5,0.5,0.0,0.0,0.0,7.946860606060607,7.946860606060607,0.0,0.0,0.0,1.0,0.0,0.0,0.0,0.0,0.0,0,0,0,0,0,0.0
H2_30,G,True,4-2-3-1,1,0,0,0,0,0,4,2,3,1,74,4,6,0.0,0.0,0.0,0.0,0.0,0,0,1,0,0,2,2.0,0.0,0.3333333333333333,0.6666666666666666,0.0,0.0,0.0,12.118431372549018,12.118431372549018,0.0,0.0,0.0,1.0,0.0,0.0,0.0,0.0,0.0,0,0,0,0,0,0.0
H1_15,D,True,4-2-3-1,2,0,0,0,0,0,4,2,3,1,14,3,0,0.0,41.050344325583225,2.0,1.0,2.0,0,3,1,6,1,2,2.0,0.23076923076923078,0.5384615384615384,0.23076923076923078,0.0,0.2727272727272727,0.5,17.68487266950876,114.95167235180695,0.17855479387872492,0.2586071265090615,0.0,6.5,1.0,1.5,1.0,1.0,0.5,0,0,0,0,0,0.0
H1_30,D,True,4-2-3-1,4,0,0,0,0,0,4,2,3,1,29,6,1,0.0,22.908210734463275,1.0,1.0,1.0,0,5,2,8,2,4,2.0,0.23809523809523808,0.47619047619047616,0.2857142857142857,0.0,0.29411764705882354,0.5,14.296274491138952,57.18509796455581,0.200298780187997,0.49788496457513154,0.0,4.0,1.0,1.0,0.5,0.5,0.5,0,0,0,0,0,0.0
H1_45,D,True,4-2-3-1,6,0,0,0,0,0,4,2,3,1,44,9,2,0.0,18.355554285714287,2.0,0.0,2.0,0,7,3,8,3,7,2.0,0.25,0.39285714285714285,0.35714285714285715,0.0,0.3181818181818182,0.5,15.429983384351472,54.00494184523015,0.169943283508373,0.6262453416298159,0.0,3.5,1.0,1.0,1.0,1.0,0.0,0,0,0,0,0,0.0
H2_15,D,True,4-2-3-1,10,1,0,1,1,0,4,2,3,1,59,12,3,33.97139655172414,40.02192534413797,2.0,1.0,2.0,1,10,4,14,5,12,2.0,0.2391304347826087,0.391304347826087,0.3695652173913043,0.1,0.2777777777777778,0.5,15.104356415534617,135.93920773981156,0.27215592589551413,0.4390358254552308,33.97139655172414,9.0,2.0,2.0,0.5,1.0,0.5,1,0,0,1,1,1.0
H2_30,D,True,4-2-3-1,10,1,0,1,1,0,4,2,3,1,74,13,4,0.0,9.90027906976744,1.0,0.0,0.0,1,11,4,15,5,14,2.0,0.24,0.38,0.38,0.1,0.275,0.5,10.951111175309356,21.90222235061871,0.22601083377020342,0.0,0.0,2.0,0.0,0.5,0.5,0.0,0.0,1,0,0,1,1,1.0
H1_15,D,True,4-2-3-1,1,0,0,0,0,0,4,2,3,1,14,7,0,0.0,25.54659552669552,2.0,1.0,1.0,0,2,0,1,1,3,2.0,0.2857142857142857,0.14285714285714285,0.5714285714285714,0.0,0.3333333333333333,1.0,21.11868867769297,73.91541037192539,0.17280967120490104,0.04401190924820937,0.0,3.5,0.5,1.0,0.5,0.5,0.5,0,0,0,0,0,0.0
H1_30,D,True,4-2-3-1,1,0,0,0,0,0,4,2,3,1,29,11,1,0.0,0.0,1.0,0.0,0.0,0,2,0,3,1,5,2.0,0.18181818181818182,0.2727272727272727,0.5454545454545454,0.0,0.2,1.0,13.425342773697565,26.85068554739513,0.0,0.0,0.0,2.0,0.0,0.0,0.0,0.0,0.0,0,0,0,0,0,0.0
H1_45,D,True,4-2-3-1,1,0,0,0,0,0,4,2,3,1,44,16,2,0.0,0.0,1.0,0.0,0.0,0,2,0,4,1,7,2.0,0.14285714285714285,0.2857142857142857,0.5714285714285714,0.0,0.15384615384615385,1.0,14.961982135076253,44.88594640522876,0.0,0.0,0.0,3.0,0.0,0.0,0.0,0.0,0.0,0,0,0,0,0,0.0
H2_15,D,True,4-2-3-1,2,0,0,0,0,0,4,2,3,1,59,19,6,0.0,0.0,1.0,0.0,1.0,0,2,0,7,2,9,2.0,0.1,0.35,0.55,0.0,0.1111111111111111,1.0,12.505225188537189,75.03135113122313,0.0,0.09593938307031248,0.0,6.0,1.0,0.0,0.0,1.0,0.0,0,0,0,0,0,0.0
H2_30,D,True,4-2-3-1,3,0,0,0,0,0,4,2,3,1,74,24,8,0.0,11.4116,2.0,0.0,1.0,0,3,1,8,2,10,2.0,0.125,0.375,0.5,0.0,0.14285714285714285,0.6666666666666666,9.888477942890443,19.776955885780886,0.28850749493264133,0.348296355943188,0.0,2.0,0.5,0.5,0.5,0.5,0.0,0,0,0,0,0,0.0
H1_15,D,True,4-2-3-1,1,0,0,0,0,0,4,2,3,1,14,12,0,0.0,6.339972413793105,1.0,0.0,1.0,0,1,0,1,1,0,1.0,0.3333333333333333,0.3333333333333333,0.3333333333333333,0.0,0.5,1.0,12.743399264102628,38.230197792307884,0.16583676726539825,0.5911585838979979,0.0,3.0,1.0,1.0,1.0,1.0,0.0,0,0,0,0,0,0.0
H1_30,D,True,4-2-3-1,1,0,0,0,0,0,4,2,3,1,29,20,0,0.0,20.825547826086954,1.0,0.0,0.0,0,2,0,1,1,2,2.0,0.3333333333333333,0.16666666666666666,0.5,0.0,0.4,1.0,14.213579093544135,21.320368640316204,0.48839558493154855,0.0,0.0,1.5,0.0,0.5,0.5,0.0,0.0,0,0,0,0,0,0.0
H1_45,D,True,4-2-3-1,1,0,0,0,0,0,4,2,3,1,44,24,0,0.0,15.535000000000002,1.0,0.0,0.0,0,3,0,3,1,3,2.0,0.3,0.3,0.4,0.0,0.3333333333333333,1.0,12.327436786581664,24.65487357316333,0.315049273197445,0.0,0.0,2.0,0.0,0.5,0.5,0.0,0.0,0,0,0,0,0,0.0
H2_15,D,True,4-2-3-1,1,0,0,0,0,0,4,2,3,1,59,29,3,0.0,0.0,1.0,0.0,0.0,0,3,0,5,1,6,2.0,0.2,0.3333333333333333,0.4666666666666667,0.0,0.21428571428571427,1.0,13.641064481519255,34.102661203798135,0.0,0.0,0.0,2.5,0.0,0.0,0.0,0.0,0.0,0,0,0,0,0,0.0
H2_30,D,True,4-2-3-1,1,0,0,0,0,0,4,2,3,1,74,32,4,0.0,0.0,0.0,0.0,0.0,0,3,0,5,1,7,2.0,0.1875,0.3125,0.5,0.0,0.2,1.0,15.71768888888889,15.71768888888889,0.0,0.0,0.0,1.0,0.0,0.0,0.0,0.0,0.0,0,0,0,0,0,0.0
H1_15,M,True,4-2-3-1,3,0,0,0,0,0,4,2,3,1,14,7,2,14.981456,37.48885859817729,2.0,1.0,1.0,1,3,2,4,0,3,2.0,0.3076923076923077,0.46153846153846156,0.23076923076923078,0.3333333333333333,0.3,0.0,10.906291657785832,70.89089577560792,0.3700779488261963,0.28210039666423337,14.981456,6.5,1.5,2.0,1.0,0.5,0.5,0,0,0,0,0,0.0
H1_30,M,True,4-2-3-1,3,0,0,0,0,0,4,2,3,1,29,7,2,0.0,0.0,0.0,0.0,0.0,1,3,2,5,0,3,2.0,0.2857142857142857,0.5,0.21428571428571427,0.3333333333333333,0.2727272727272727,0.0,6.485572413793103,6.485572413793103,0.0,0.0,0.0,1.0,0.0,0.0,0.0,0.0,0.0,0,0,0,0,0,0.0
H1_45,M,True,4-2-3-1,6,0,0,0,0,0,4,2,3,1,44,14,4,26.252246913580247,59.51448655072464,2.0,1.0,2.0,2,5,3,9,1,4,2.0,0.2916666666666667,0.5,0.20833333333333334,0.3333333333333333,0.2777777777777778,0.16666666666666666,16.790999833710053,83.95499916855027,0.5107899131302315,0.30828665302922237,26.252246913580247,5.0,1.5,1.5,0.5,1.0,0.5,0,0,0,0,0,0.0
H2_15,M,True,4-2-3-1,7,0,0,0,0,0,4,2,3,1,59,16,5,0.0,14.514086029411764,2.0,1.0,1.0,2,7,3,12,2,7,2.0,0.2727272727272727,0.45454545454545453,0.2727272727272727,0.2857142857142857,0.2692307692307692,0.2857142857142857,14.28441847840263,64.27988315281183,0.11289757632965505,0.10622852923636367,0.0,4.5,0.5,1.0,0.5,0.5,0.5,0,0,0,0,0,0.0
H2_30,M,True,4-2-3-1,9,0,0,0,0,0,4,2,3,1,74,25,6,19.43197538461538,16.91318309859155,2.0,1.0,2.0,3,8,4,17,2,9,2.0,0.2558139534883721,0.4883720930232558,0.2558139534883721,0.3333333333333333,0.23529411764705882,0.2222222222222222,14.763187962133827,73.81593981066914,0.2461877378817421,0.23803494816513568,19.43197538461538,5.0,1.0,1.0,0.5,1.0,0.5,0,0,0,0,0,0.0
H1_15,M,True,4-2-3-1,1,0,0,0,0,0,4,2,3,1,14,3,0,0.0,68.83288173367615,2.0,1.0,1.0,0,5,1,5,0,1,2.0,0.4166666666666667,0.5,0.08333333333333333,0.0,0.45454545454545453,0.0,13.598029770365656,81.58817862219394,0.4218312192775925,0.05161041796874434,0.0,6.0,0.5,2.5,1.0,0.5,0.5,0,0,0,0,0,0.0
H1_30,M,True,4-2-3-1,2,0,0,0,0,0,4,2,3,1,29,8,0,0.0,25.10432457912458,2.0,1.0,1.0,0,8,2,10,0,2,2.0,0.36363636363636365,0.5454545454545454,0.09090909090909091,0.0,0.4,0.0,10.642396609229028,53.211983046145136,0.23588976713529214,0.08919010495860466,0.0,5.0,0.5,1.5,1.0,0.5,0.5,0,0,0,0,0,0.0
H1_45,M,True,4-2-3-1,3,0,0,0,0,0,4,2,3,1,44,11,0,0.0,26.71998409090909,2.0,1.0,1.0,0,11,3,11,0,2,2.0,0.4074074074074074,0.5185185185185185,0.07407407407407407,0.0,0.4583333333333333,0.0,17.231333843822842,43.0783346095571,0.3101325101479335,0.5810833401751118,0.0,2.5,0.5,1.5,1.0,0.5,0.5,0,0,0,0,0,0.0
H2_15,M,True,4-2-3-1,6,0,0,0,0,0,4,2,3,1,59,14,0,8.976825,34.65021671297809,2.0,2.0,2.0,1,15,5,19,0,2,2.0,0.38095238095238093,0.5714285714285714,0.047619047619047616,0.16666666666666666,0.4166666666666667,0.0,13.850416357682764,103.87812268262073,0.20999148129713507,0.2364042638498229,8.976825,7.5,1.5,2.5,1.0,1.0,1.0,0,0,0,0,0,0.0
H2_30,M,True,4-2-3-1,8,0,0,0,0,0,4,2,3,1,74,16,0,13.21065396825397,80.10636766903916,2.0,2.0,1.0,3,22,5,20,0,3,2.0,0.4716981132075472,0.4716981132075472,0.05660377358490566,0.375,0.4888888888888889,0.0,13.271624066312643,72.99393236471954,0.6392108125578697,0.09049145278436273,6.605326984126985,5.5,1.0,4.5,1.0,0.5,1.0,0,0,0,0,0,0.0
H1_15,M,True,4-2-3-1,3,0,0,0,0,0,4,2,3,1,14,3,0,19.70755238095238,35.839618926594156,1.0,1.0,1.0,2,4,1,2,0,1,2.0,0.6,0.3,0.1,0.6666666666666666,0.5714285714285714,0.0,13.010549607725622,65.05274803862811,0.4269394682186432,0.3108321926643507,9.85377619047619,5.0,1.5,3.0,1.0,0.5,0.5,0,0,0,0,0,0.0
H1_30,M,True,4-2-3-1,4,0,0,0,0,0,4,2,3,1,29,7,1,0.0,13.008948148148152,1.0,0.0,1.0,2,5,2,4,0,4,2.0,0.4117647058823529,0.35294117647058826,0.23529411764705882,0.5,0.38461538461538464,0.0,11.72373929636501,41.03308753727754,0.15851778319544985,0.3927839790095584,0.0,3.5,0.5,0.5,0.5,0.5,0.0,0,0,0,0,0,0.0
H1_45,M,True,4-2-3-1,5,0,0,0,0,0,4,2,3,1,44,11,1,0.0,11.14135,1.0,0.0,1.0,2,6,3,5,0,4,2.0,0.4,0.4,0.2,0.4,0.4,0.0,18.57820002279982,55.73460006839946,0.1999000618346044,0.6173921736250669,0.0,3.0,1.0,1.0,1.0,1.0,0.0,0,0,0,0,0,0.0
H2_15,M,True,4-2-3-1,9,0,0,0,0,0,4,2,3,1,59,15,1,23.469205128205125,72.57761870574319,2.0,2.0,1.0,3,13,5,8,1,6,2.0,0.4444444444444444,0.3611111111111111,0.19444444444444445,0.3333333333333333,0.48148148148148145,0.1111111111111111,15.380681124609186,123.04544899687349,0.3902900294849133,0.43061134678270035,23.469205128205125,8.0,2.0,4.0,1.0,0.5,1.0,0,0,0,0,0,0.0
H2_30,M,True,4-2-3-1,10,1,0,1,1,0,4,2,3,1,74,22,1,18.5592,15.343526956521739,2.0,1.0,1.0,4,15,5,10,1,7,2.0,0.4523809523809524,0.35714285714285715,0.19047619047619047,0.4,0.46875,0.1,10.541901693330825,31.625705079992475,0.5359995432634606,0.2934195451620334,18.5592,3.0,0.5,1.5,0.5,0.5,0.5,1,0,0,0,1,1.0
H1_15,D,True,4-2-3-1,5,0,0,0,0,0,4,2,3,1,14,3,0,22.03645827984596,70.07874740114767,2.0,2.0,2.0,2,6,2,5,1,3,2.0,0.42105263157894735,0.3684210526315789,0.21052631578947367,0.4,0.42857142857142855,0.2,13.01366240592534,123.62979285629073,0.37254452811414895,0.3575120271597315,11.01822913992298,9.5,2.5,4.0,1.0,1.0,1.0,0,0,0,0,0,0.0
H1_30,D,True,4-2-3-1,5,0,0,0,0,0,4,2,3,1,29,5,1,0.0,45.25690575,2.0,0.0,0.0,2,8,2,7,1,5,2.0,0.4,0.36,0.24,0.4,0.4,0.2,17.639828948371576,52.919486845114726,0.4276015173999925,0.0,0.0,3.0,0.0,1.0,1.0,0.0,0.0,0,0,0,0,0,0.0
H1_45,D,True,4-2-3-1,7,0,0,0,0,0,4,2,3,1,44,10,1,0.0,0.0,1.0,0.0,1.0,2,8,2,9,3,9,2.0,0.30303030303030304,0.3333333333333333,0.36363636363636365,0.2857142857142857,0.3076923076923077,0.42857142857142855,8.6492737633547,34.5970950534188,0.0,0.26470860724038914,0.0,4.0,1.0,0.0,0.0,0.5,0.0,0,0,0,0,0,0.0
H2_15,D,True,4-2-3-1,7,0,0,0,0,0,4,2,3,1,59,10,3,0.0,80.44229683216548,2.0,1.0,0.0,2,12,2,12,3,11,2.0,0.3333333333333333,0.3333333333333333,0.3333333333333333,0.2857142857142857,0.34285714285714286,0.42857142857142855,17.777202456523394,79.99741105435527,0.5027806260974367,0.0,0.0,4.5,0.0,2.0,1.0,0.0,0.5,0,0,0,0,0,0.0
H2_30,D,True,4-2-3-1,8,0,0,0,0,0,4,2,3,1,74,14,3,0.0,0.0,2.0,0.0,1.0,2,12,2,14,4,13,2.0,0.2978723404255319,0.3404255319148936,0.3617021276595745,0.25,0.3076923076923077,0.5,7.790142294372295,19.475355735930737,0.0,0.2947625233570941,0.0,2.5,0.5,0.0,0.0,0.5,0.0,0,0,0,0,0,0.0
H1_15,A,True,4-2-3-1,3,0,0,0,0,0,4,2,3,1,14,2,0,34.42755672698662,103.9026162171238,2.0,2.0,1.0,2,8,1,3,0,0,2.0,0.7142857142857143,0.2857142857142857,0.0,0.6666666666666666,0.7272727272727273,0.0,13.432254944274147,94.02578460991903,0.7355970147869292,0.24426340560491802,17.21377836349331,7.0,1.5,5.0,1.0,0.5,1.0,0,0,0,0,0,0.0
H1_30,A,True,4-2-3-1,6,0,0,0,0,0,4,2,3,1,29,3,0,29.255381716833895,34.328111880341886,2.0,2.0,2.0,4,11,2,8,0,1,2.0,0.5769230769230769,0.38461538461538464,0.038461538461538464,0.6666666666666666,0.55,0.0,14.391202360768082,86.34721416460849,0.36818497395852884,0.2626752587534631,14.627690858416948,6.0,1.5,2.5,1.0,1.0,1.0,0,0,0,0,0,0.0
H1_45,A,True,4-2-3-1,8,0,0,0,0,0,4,2,3,1,44,4,0,0.0,30.26701575757576,2.0,1.0,2.0,4,13,4,11,0,2,2.0,0.5,0.4411764705882353,0.058823529411764705,0.5,0.5,0.0,10.178964981704357,40.71585992681743,0.3716858223303844,0.2130001287154517,0.0,4.0,1.0,1.0,0.5,1.0,0.5,0,0,0,0,0,0.0
H2_15,A,True,4-2-3-1,12,0,0,0,0,0,4,2,3,1,59,6,0,30.780153070175444,48.128958755038056,2.0,2.0,2.0,6,18,6,15,0,4,2.0,0.4897959183673469,0.42857142857142855,0.08163265306122448,0.5,0.4864864864864865,0.0,14.044693305873915,105.33519979405436,0.3745619317165217,0.42769332998795245,15.390076535087722,7.5,2.0,3.5,1.0,1.0,1.0,0,0,0,0,0,0.0
H2_30,A,True,4-2-3-1,15,0,0,0,0,0,4,2,3,1,74,7,0,52.85151858974359,25.010842469545956,2.0,1.0,2.0,9,22,6,20,0,5,2.0,0.5,0.41935483870967744,0.08064516129032258,0.6,0.46808510638297873,0.0,12.249247944206385,79.6201116373415,0.48896164209076814,0.3318980437409765,17.617172863247863,6.5,1.5,3.5,1.0,1.0,0.5,0,0,0,0,0,0.0
H1_15,M,True,4-2-3-1,0,4,2,2,4,1,4,2,3,1,14,8,1,0.0,62.55829907069186,1.0,1.0,0.0,0,3,0,2,0,0,2.0,0.6,0.4,0.0,0.0,0.6,0.0,16.563466446617007,41.40866611654251,0.7553768925401366,0.0,0.0,2.5,0.0,1.5,1.0,0.0,0.5,4,0,1,2,2,0.5
H1_30,M,True,4-2-3-1,1,4,2,2,4,1,4,2,3,1,29,11,1,0.0,14.978012903225807,1.0,0.0,1.0,0,5,1,3,0,0,2.0,0.5555555555555556,0.4444444444444444,0.0,0.0,0.625,0.0,16.003355597119352,32.006711194238704,0.23398237970044686,0.6675827356918513,0.0,2.0,0.5,1.0,1.0,0.5,0.0,4,0,1,2,2,0.5
H1_45,M,True,4-2-3-1,2,4,2,2,4,1,4,2,3,1,44,18,1,15.253504,21.185552380952387,1.0,1.0,1.0,1,6,1,4,0,1,2.0,0.5384615384615384,0.38461538461538464,0.07692307692307693,0.5,0.5454545454545454,0.0,14.39423262202381,28.78846524404762,0.6328759812662577,0.2649238830672617,15.253504,2.0,0.5,1.0,0.5,0.5,0.5,4,0,1,2,2,0.5
H2_15,M,True,4-2-3-1,6,4,2,2,4,1,4,2,3,1,59,22,3,82.09903299028016,34.65706977298977,2.0,1.0,1.0,4,10,2,12,0,4,2.0,0.4375,0.4375,0.125,0.6666666666666666,0.38461538461538464,0.0,16.400885667762722,155.80841384374585,0.3746784268029326,0.37686918537211317,27.366344330093387,9.5,2.0,3.5,1.0,0.5,0.5,4,0,1,2,2,0.5
H2_30,M,True,4-2-3-1,7,5,3,3,5,1,4,2,3,1,74,27,3,13.702458333333334,42.711922105263156,2.0,1.0,1.0,5,12,2,15,0,5,2.0,0.4358974358974359,0.4358974358974359,0.1282051282051282,0.7142857142857143,0.375,0.0,12.15225807131465,42.532903249601276,0.6631851593521934,0.16108068444001394,13.702458333333334,3.5,0.5,1.5,0.5,0.5,0.5,5,0,1,2,3,0.6
H1_15,M,True,4-2-3-1,2,0,0,0,0,0,4,2,3,1,14,9,2,9.74781176470588,75.271828142518,2.0,1.0,1.0,1,3,1,4,0,3,2.0,0.3333333333333333,0.4166666666666667,0.25,0.5,0.3,0.0,15.784434618846227,94.70660771307736,0.44885801508591106,0.11793093940734663,9.74781176470588,6.0,1.0,2.0,1.0,0.5,0.5,0,0,0,0,0,0.0
H1_30,M,True,4-2-3-1,2,0,0,0,0,0,4,2,3,1,29,11,2,0.0,0.0,1.0,0.0,0.0,1,3,1,7,0,5,2.0,0.23529411764705882,0.47058823529411764,0.29411764705882354,0.5,0.2,0.0,19.037614751900325,47.59403687975081,0.0,0.0,0.0,2.5,0.0,0.0,0.0,0.0,0.0,0,0,0,0,0,0.0
H1_45,M,True,4-2-3-1,3,0,0,0,0,0,4,2,3,1,44,14,2,0.0,26.28847530864197,2.0,1.0,1.0,1,5,1,7,1,9,2.0,0.25,0.3333333333333333,0.4166666666666667,0.3333333333333333,0.23809523809523808,0.3333333333333333,13.171790755950255,46.10126764582589,0.2851166209853905,0.15105469158586068,0.0,3.5,0.5,1.0,0.5,0.5,0.5,0,0,0,0,0,0.0
H2_15,M,True,4-2-3-1,7,1,0,1,1,0,4,2,3,1,59,21,4,80.31134080904474,69.26151689877189,2.0,2.0,2.0,4,10,2,12,1,13,2.0,0.3333333333333333,0.3333333333333333,0.3333333333333333,0.5714285714285714,0.2857142857142857,0.14285714285714285,18.590518763615485,167.31466887253936,0.4469807062217644,0.2811200537247959,26.770446936348247,9.0,2.0,4.0,1.0,1.0,1.0,1,0,0,0,1,1.0
H2_30,M,True,4-2-3-1,10,1,0,1,1,0,4,2,3,1,74,26,4,0.0,10.15042857142857,2.0,0.0,2.0,4,11,3,15,3,16,2.0,0.28846153846153844,0.34615384615384615,0.36538461538461536,0.4,0.2619047619047619,0.3,13.063638963866401,65.318194819332,0.07769985529686119,0.4697642522469158,0.0,5.0,1.5,0.5,0.5,1.0,0.0,1,0,0,0,1,1.0
H1_15,M,False,4-3-3,2,0,0,0,0,0,4,3,3,0,14,4,2,0.0,33.48845282296651,1.0,1.0,1.0,0,2,0,3,2,4,1.0,0.18181818181818182,0.2727272727272727,0.5454545454545454,0.0,0.2222222222222222,1.0,15.100220501001262,166.10242551101388,0.20161326795764317,0.23888811736569973,0.0,11.0,2.0,2.0,1.0,1.0,1.0,0,0,0,0,0,0.0
H1_30,M,False,4-3-3,3,0,0,0,0,0,4,3,3,0,29,8,4,0.0,0.0,1.0,0.0,1.0,0,2,1,5,2,6,2.0,0.125,0.375,0.5,0.0,0.15384615384615385,0.6666666666666666,15.356960611832614,38.392401529581534,0.0,0.2700116177014113,0.0,2.5,0.5,0.0,0.0,0.5,0.0,0,0,0,0,0,0.0
H1_45,M,False,4-3-3,3,0,0,0,0,0,4,3,3,0,44,17,5,0.0,7.4241125,1.0,0.0,0.0,0,3,1,6,2,8,2.0,0.15,0.35,0.5,0.0,0.17647058823529413,0.6666666666666666,7.788470505952381,15.576941011904761,0.23830457129952798,0.0,0.0,2.0,0.0,0.5,0.5,0.0,0.0,0,0,0,0,0,0.0
H2_15,M,False,4-3-3,3,1,0,1,1,0,4,3,3,0,59,22,5,0.0,5.757362962962962,1.0,0.0,0.0,0,4,1,11,2,11,2.0,0.13793103448275862,0.41379310344827586,0.4482758620689655,0.0,0.15384615384615385,0.6666666666666666,18.16274198939117,81.73233895226026,0.03522083814538716,0.0,0.0,4.5,0.0,0.5,0.5,0.0,0.0,1,1,1,0,1,1.0
H2_30,M,False,4-3-3,4,1,0,1,1,0,4,3,3,0,74,28,5,0.0,15.845826666666662,1.0,0.0,1.0,0,5,2,14,2,13,2.0,0.1388888888888889,0.4444444444444444,0.4166666666666667,0.0,0.15625,0.5,10.839230934313118,75.87461654019182,0.2088422635819571,0.16108369562420638,0.0,7.0,1.0,1.0,1.0,1.0,0.0,1,1,1,0,1,1.0
H1_15,D,False,4-3-3,1,0,0,0,0,0,4,3,3,0,14,4,1,0.0,6.015437037037036,1.0,0.0,1.0,0,1,0,4,1,2,1.0,0.125,0.5,0.375,0.0,0.14285714285714285,1.0,11.06417637202335,88.5134109761868,0.06796074143674566,0.1562092852843114,0.0,8.0,1.0,1.0,1.0,1.0,0.0,0,0,0,0,0,0.0
H1_30,D,False,4-3-3,1,0,0,0,0,0,4,3,3,0,29,10,1,0.0,23.33551476983056,1.0,1.0,0.0,0,4,0,6,1,2,1.0,0.3076923076923077,0.46153846153846156,0.23076923076923078,0.0,0.3333333333333333,1.0,12.616940351343052,63.08470175671526,0.3699076657257325,0.0,0.0,5.0,0.0,3.0,1.0,0.0,1.0,0,0,0,0,0,0.0
H1_45,D,False,4-3-3,3,0,0,0,0,0,4,3,3,0,44,18,2,0.0,5.019826086956522,1.0,0.0,1.0,0,5,1,7,2,3,1.0,0.2777777777777778,0.4444444444444444,0.2777777777777778,0.0,0.3333333333333333,0.6666666666666666,11.992056835540822,59.96028417770411,0.08371918438677306,0.6197590227036271,0.0,5.0,2.0,1.0,1.0,1.0,0.0,0,0,0,0,0,0.0
H2_15,D,False,4-3-3,6,0,0,0,0,0,4,3,3,0,59,18,3,0.0,39.05846114035088,1.0,1.0,1.0,0,8,2,11,4,4,1.0,0.27586206896551724,0.4482758620689655,0.27586206896551724,0.0,0.34782608695652173,0.6666666666666666,11.667590959607388,128.34350055568126,0.3043275348673035,0.47694872816175077,0.0,11.0,3.0,3.0,1.0,1.0,1.0,0,0,0,0,0,0.0
H2_30,D,False,4-3-3,6,0,0,0,0,0,4,3,3,0,74,27,3,0.0,0.0,1.0,0.0,0.0,0,8,2,11,4,8,1.0,0.24242424242424243,0.3939393939393939,0.36363636363636365,0.0,0.2962962962962963,0.6666666666666666,7.747395233486943,30.98958093394777,0.0,0.0,0.0,4.0,0.0,0.0,0.0,0.0,0.0,0,0,0,0,0,0.0
H1_15,D,False,4-3-3,2,0,0,0,0,0,4,3,3,0,14,1,0,0.0,41.925918006535944,2.0,1.0,2.0,0,4,2,3,0,6,2.0,0.26666666666666666,0.3333333333333333,0.4,0.0,0.3076923076923077,0.0,11.912881148061361,89.34660861046021,0.2346251226463871,0.1199687518271139,0.0,7.5,1.0,2.0,1.0,1.0,0.5,0,0,0,0,0,0.0
H1_30,D,False,4-3-3,4,0,0,0,0,0,4,3,3,0,29,6,1,0.0,4.894330434782609,2.0,0.0,2.0,0,5,4,8,0,8,2.0,0.2,0.48,0.32,0.0,0.23809523809523808,0.0,9.625471154282854,48.12735577141427,0.05084769728497785,0.47961873494377,0.0,5.0,1.0,0.5,0.5,1.0,0.0,0,0,0,0,0,0.0
H1_45,D,False,4-3-3,6,0,0,0,0,0,4,3,3,0,44,13,1,12.53592558139535,18.601455686274505,2.0,1.0,1.0,1,7,4,9,1,11,2.0,0.24242424242424243,0.3939393939393939,0.36363636363636365,0.16666666666666666,0.25925925925925924,0.16666666666666666,11.93340026874143,47.73360107496572,0.32615789052630384,0.35944915959203055,12.53592558139535,4.0,1.0,1.5,1.0,0.5,0.5,0,0,0,0,0,0.0
H2_15,D,False,4-3-3,11,1,1,0,1,0,4,3,3,0,59,18,2,0.0,5.591826086956521,1.0,0.0,1.0,1,8,7,17,3,15,2.0,0.17647058823529413,0.47058823529411764,0.35294117647058826,0.09090909090909091,0.2,0.2727272727272727,14.683695616544348,132.15326054889914,0.02115659524301878,0.25496572802522466,0.0,9.0,2.5,0.5,0.5,0.5,0.0,1,0,0,0,0,0.0
H2_30,D,False,4-3-3,12,1,1,0,1,0,4,3,3,0,74,23,3,0.0,0.0,1.0,0.0,1.0,1,8,7,19,4,18,2.0,0.15789473684210525,0.45614035087719296,0.38596491228070173,0.08333333333333333,0.17777777777777778,0.3333333333333333,12.659472203065134,37.9784166091954,0.0,0.08796948279981087,0.0,3.0,0.5,0.0,0.0,0.5,0.0,1,0,0,0,0,0.0
H1_15,A,False,4-3-3,6,1,0,1,1,0,4,3,3,0,14,4,1,40.553084375,35.2695803320562,2.0,1.0,2.0,1,3,2,4,3,5,2.0,0.2222222222222222,0.3333333333333333,0.4444444444444444,0.16666666666666666,0.25,0.5,14.959108149038652,134.63197334134787,0.2815923395656331,0.37790480820704814,40.553084375,9.0,3.0,2.0,1.0,1.0,0.5,1,0,0,0,1,1.0
H1_30,A,False,4-3-3,7,1,0,1,1,0,4,3,3,0,29,7,1,0.0,29.53227049180328,1.0,0.0,1.0,1,5,3,6,3,7,2.0,0.24,0.36,0.4,0.14285714285714285,0.2777777777777778,0.42857142857142855,15.21726799884061,53.260437995942134,0.27724396947367685,0.25822745821071863,0.0,3.5,0.5,1.0,1.0,0.5,0.0,1,0,0,0,1,1.0
H1_45,A,False,4-3-3,9,1,0,1,1,0,4,3,3,0,44,11,2,17.39774369747899,42.810674545454546,2.0,1.0,1.0,3,10,3,9,3,7,2.0,0.37142857142857144,0.34285714285714286,0.2857142857142857,0.3333333333333333,0.38461538461538464,0.3333333333333333,10.930237175808504,54.65118587904252,0.5508427427008686,0.15917077934946172,8.698871848739495,5.0,1.0,3.5,1.0,0.5,0.5,1,0,0,0,1,1.0
H2_15,A,False,4-3-3,11,1,0,1,1,0,4,3,3,0,59,15,2,0.0,97.39151759159213,2.0,2.0,2.0,3,18,5,11,3,13,2.0,0.39622641509433965,0.3018867924528302,0.3018867924528302,0.2727272727272727,0.42857142857142855,0.2727272727272727,15.600147508255812,140.40132757430231,0.3468326093286091,0.17097836274856607,0.0,9.0,1.0,4.0,1.0,1.0,1.0,1,0,0,0,1,1.0
H2_30,A,False,4-3-3,13,1,0,1,1,0,4,3,3,0,74,19,2,6.863231999999999,25.504193918918922,2.0,1.0,2.0,4,20,5,15,4,13,2.0,0.39344262295081966,0.32786885245901637,0.2786885245901639,0.3076923076923077,0.4166666666666667,0.3076923076923077,19.52473595251599,78.09894381006396,0.20722063794893472,0.19058526198338452,6.863231999999999,4.0,1.0,1.5,0.5,1.0,0.5,1,0,0,0,1,1.0
H2_30,A,False,4-3-3,1,1,1,0,1,0,4,3,3,0,6,1,0,0.0,7.1676400000000005,1.0,0.0,0.0,0,1,1,1,0,0,2.0,0.3333333333333333,0.6666666666666666,0.0,0.0,0.5,0.0,11.708095758787273,17.56214363818091,0.20406506596430576,0.6145761921029823,0.0,1.5,0.5,0.5,0.5,0.5,0.0,1,0,0,0,0,0.0
H1_15,D,False,4-3-3,1,0,0,0,0,0,4,3,3,0,14,2,2,0.0,18.172339282990084,1.0,0.0,1.0,0,2,1,0,0,1,2.0,0.5,0.25,0.25,0.0,0.6666666666666666,0.0,16.59216471558632,33.18432943117264,0.2738090477416636,0.35771497301067645,0.0,2.0,0.5,1.0,1.0,0.5,0.0,0,0,0,0,0,0.0
H1_30,D,False,4-3-3,3,0,0,0,0,0,4,3,3,0,29,4,2,6.709100000000001,40.138555591955594,2.0,1.0,1.0,1,5,2,2,0,2,2.0,0.5,0.3333333333333333,0.16666666666666666,0.3333333333333333,0.5555555555555556,0.0,14.322869961161775,57.2914798446471,0.4088536002123595,0.3003075324259404,6.709100000000001,4.0,1.0,2.0,1.0,0.5,0.5,0,0,0,0,0,0.0
H1_45,D,False,4-3-3,4,0,0,0,0,0,4,3,3,0,44,12,2,0.0,21.43418418514947,1.0,0.0,1.0,1,7,2,3,1,3,2.0,0.47058823529411764,0.29411764705882354,0.23529411764705882,0.25,0.5384615384615384,0.25,14.362141327770635,35.90535331942659,0.29848173327335714,0.5358340079218932,0.0,2.5,0.5,1.0,1.0,0.5,0.0,0,0,0,0,0,0.0
H1_15,D,False,4-3-3,1,0,0,0,0,0,4,3,3,0,14,6,1,0.0,0.0,1.0,0.0,1.0,0,0,0,2,1,3,2.0,0.0,0.3333333333333333,0.6666666666666666,0.0,0.0,1.0,12.301914443692908,36.905743331078725,0.0,0.08467398945755879,0.0,3.0,0.5,0.0,0.0,0.5,0.0,0,0,0,0,0,0.0
H1_30,D,False,4-3-3,1,0,0,0,0,0,4,3,3,0,29,12,2,0.0,14.687662499999998,2.0,0.0,0.0,0,1,0,4,1,6,2.0,0.08333333333333333,0.3333333333333333,0.5833333333333334,0.0,0.09090909090909091,1.0,11.879333339874954,35.63800001962486,0.20606743492777244,0.0,0.0,3.0,0.0,0.5,0.5,0.0,0.0,0,0,0,0,0,0.0
H1_45,D,False,4-3-3,1,0,0,0,0,0,4,3,3,0,44,24,2,0.0,0.0,0.0,0.0,0.0,0,1,0,5,1,6,2.0,0.07692307692307693,0.38461538461538464,0.5384615384615384,0.0,0.08333333333333333,1.0,13.165222641509436,13.165222641509436,0.0,0.0,0.0,1.0,0.0,0.0,0.0,0.0,0.0,0,0,0,0,0,0.0
H2_15,D,False,4-3-3,4,0,0,0,0,0,4,3,3,0,59,28,3,16.99951414141414,41.40803649068323,1.0,1.0,1.0,2,4,0,6,2,7,2.0,0.2857142857142857,0.2857142857142857,0.42857142857142855,0.5,0.23529411764705882,0.5,14.402007054986196,115.21605643988957,0.5069393315207739,0.5126978788085202,8.49975707070707,8.0,3.0,5.0,1.0,1.0,1.0,0,0,0,0,0,0.0
H2_30,D,False,4-3-3,4,0,0,0,0,0,4,3,3,0,74,36,5,0.0,0.0,0.0,0.0,0.0,2,4,0,6,2,8,2.0,0.2727272727272727,0.2727272727272727,0.45454545454545453,0.5,0.2222222222222222,0.5,19.674307317073172,19.674307317073172,0.0,0.0,0.0,1.0,0.0,0.0,0.0,0.0,0.0,0,0,0,0,0,0.0
H2_15,D,False,4-3-3,5,0,0,0,0,0,4,3,3,0,14,4,1,25.846315968427444,31.78847755434782,2.0,1.0,1.0,2,3,2,5,1,4,2.0,0.29411764705882354,0.4117647058823529,0.29411764705882354,0.4,0.25,0.2,12.499306994269276,106.24410945128885,0.2712375952908705,0.3064864708264126,12.923157984213722,8.5,2.5,2.5,0.5,0.5,0.5,0,0,0,0,0,0.0
H2_30,D,False,4-3-3,7,0,0,0,0,0,4,3,3,0,29,9,1,0.0,13.902147368421051,2.0,0.0,1.0,2,4,2,6,3,9,2.0,0.23076923076923078,0.3076923076923077,0.46153846153846156,0.2857142857142857,0.21052631578947367,0.42857142857142855,10.804931711318265,48.62219270093219,0.1429609258258988,0.29683665632059464,0.0,4.5,1.0,0.5,0.5,0.5,0.0,0,0,0,0,0,0.0
H1_15,G,False,4-3-3,1,0,0,0,0,0,4,3,3,0,14,2,0,0.0,0.0,1.0,0.0,1.0,0,0,1,0,0,2,1.0,0.0,0.3333333333333333,0.6666666666666666,0.0,0.0,0.0,10.51756282051282,31.55268846153846,0.0,0.39954598529273205,0.0,3.0,1.0,0.0,0.0,1.0,0.0,0,0,0,0,0,0.0
H1_30,G,False,4-3-3,1,0,0,0,0,0,4,3,3,0,29,4,0,0.0,0.0,0.0,0.0,0.0,0,0,1,0,0,2,1.0,0.0,0.3333333333333333,0.6666666666666666,0.0,0.0,0.0,0.0,0.0,0.0,0.0,0.0,0.0,0.0,0.0,0.0,0.0,0.0,0,0,0,0,0,0.0
H1_45,G,False,4-3-3,1,0,0,0,0,0,4,3,3,0,44,5,1,0.0,0.0,0.0,0.0,0.0,0,0,1,1,0,2,1.0,0.0,0.5,0.5,0.0,0.0,0.0,0.0,0.0,0.0,0.0,0.0,1.0,0.0,0.0,0.0,0.0,0.0,0,0,0,0,0,0.0
H2_15,G,False,4-3-3,1,0,0,0,0,0,4,3,3,0,59,6,1,0.0,0.0,0.0,0.0,0.0,0,0,1,1,0,2,1.0,0.0,0.5,0.5,0.0,0.0,0.0,0.0,0.0,0.0,0.0,0.0,0.0,0.0,0.0,0.0,0.0,0.0,0,0,0,0,0,0.0
H2_30,G,False,4-3-3,1,0,0,0,0,0,4,3,3,0,74,6,2,0.0,0.0,0.0,0.0,0.0,0,0,1,1,0,2,1.0,0.0,0.5,0.5,0.0,0.0,0.0,0.0,0.0,0.0,0.0,0.0,0.0,0.0,0.0,0.0,0.0,0.0,0,0,0,0,0,0.0
H1_15,A,False,4-3-3,3,0,0,0,0,0,4,3,3,0,14,1,2,0.0,19.58316949602122,2.0,1.0,1.0,0,3,2,4,1,2,2.0,0.25,0.5,0.25,0.0,0.3333333333333333,0.3333333333333333,12.877341560274095,77.26404936164457,0.12672885810294265,0.49845928465676675,0.0,6.0,1.5,1.5,1.0,0.5,0.5,0,0,0,0,0,0.0
H1_30,A,False,4-3-3,3,0,0,0,0,0,4,3,3,0,29,3,2,0.0,10.222213953488373,1.0,0.0,0.0,0,4,2,6,1,2,2.0,0.26666666666666666,0.5333333333333333,0.2,0.0,0.3333333333333333,0.3333333333333333,16.693939916863272,25.040909875294908,0.2041102740354794,0.0,0.0,1.5,0.0,0.5,0.5,0.0,0.0,0,0,0,0,0,0.0
H1_45,A,False,4-3-3,4,0,0,0,0,0,4,3,3,0,44,8,2,41.54729491525424,28.019149806720193,1.0,1.0,1.0,1,6,2,6,1,3,2.0,0.3684210526315789,0.42105263157894735,0.21052631578947367,0.25,0.4,0.25,24.409338680493608,48.818677360987216,0.7124982535635789,0.42552663407935953,41.54729491525424,2.0,0.5,1.5,0.5,0.5,0.5,0,0,0,0,0,0.0
H2_15,A,False,4-3-3,7,0,0,0,0,0,4,3,3,0,59,12,2,32.00551578947369,24.422337714285717,2.0,1.0,1.0,2,9,4,9,1,4,2.0,0.3793103448275862,0.4482758620689655,0.1724137931034483,0.2857142857142857,0.4090909090909091,0.14285714285714285,15.42460642099067,77.12303210495335,0.3658301026531816,0.29918959666742145,32.00551578947369,5.0,1.5,2.0,1.0,0.5,0.5,0,0,0,0,0,0.0
H2_30,A,False,4-3-3,7,0,0,0,0,0,4,3,3,0,74,17,2,0.0,23.347067439409905,1.0,1.0,0.0,2,11,4,9,1,4,2.0,0.41935483870967744,0.41935483870967744,0.16129032258064516,0.2857142857142857,0.4583333333333333,0.14285714285714285,11.673533719704952,23.347067439409905,1.0,0.0,0.0,2.0,0.0,2.0,1.0,0.0,1.0,0,0,0,0,0,0.0
H1_15,A,False,4-3-3,3,0,0,0,0,0,4,3,3,0,14,0,0,48.700902651113466,119.19353251597397,2.0,2.0,2.0,2,10,1,4,0,0,2.0,0.7058823529411765,0.29411764705882354,0.0,0.6666666666666666,0.7142857142857143,0.0,13.057810209454667,110.99138678036466,0.7563399288781093,0.25043978755362484,24.350451325556733,8.5,1.5,6.0,1.0,1.0,1.0,0,0,0,0,0,0.0
H1_30,A,False,4-3-3,4,0,0,0,0,0,4,3,3,0,29,1,1,23.94828947368421,32.21421711956522,2.0,1.0,1.0,3,12,1,6,0,0,2.0,0.6818181818181818,0.3181818181818182,0.0,0.75,0.6666666666666666,0.0,14.824123718649886,37.060309296624716,0.7577177263111031,0.3230988883822579,23.94828947368421,2.5,0.5,1.5,0.5,0.5,0.5,0,0,0,0,0,0.0
H1_45,A,False,4-3-3,5,0,0,0,0,0,4,3,3,0,44,2,1,0.0,54.959107157203,2.0,1.0,1.0,3,16,2,10,0,1,2.0,0.59375,0.375,0.03125,0.6,0.5925925925925926,0.0,11.881010239810513,59.405051199052565,0.46257941073939796,0.13154067897437305,0.0,5.0,0.5,2.0,1.0,0.5,0.5,0,0,0,0,0,0.0
H2_15,A,False,4-3-3,7,0,0,0,0,0,4,3,3,0,59,5,1,18.86159657142857,37.1254743620519,2.0,1.0,1.0,5,21,2,13,0,5,2.0,0.5652173913043478,0.32608695652173914,0.10869565217391304,0.7142857142857143,0.5384615384615384,0.0,10.075527378903647,70.52869165232553,0.39690989313591224,0.1337157696360489,9.430798285714285,7.0,1.0,3.5,1.0,0.5,0.5,0,0,0,0,0,0.0
H2_30,A,False,4-3-3,7,0,0,0,0,0,4,3,3,0,74,5,1,0.0,23.57905934065934,1.0,0.0,0.0,5,23,2,15,0,5,2.0,0.56,0.34,0.1,0.7142857142857143,0.5348837209302325,0.0,14.052388585164834,28.10477717032967,0.41948490105005803,0.0,0.0,2.0,0.0,1.0,1.0,0.0,0.0,0,0,0,0,0,0.0
H1_15,M,False,4-3-3,1,0,0,0,0,0,4,3,3,0,14,1,0,0.0,54.14070510665805,1.0,1.0,1.0,0,4,0,3,1,6,2.0,0.2857142857142857,0.21428571428571427,0.5,0.0,0.3076923076923077,1.0,14.388338521763387,100.71836965234371,0.2687727437087153,0.0677324096476941,0.0,7.0,0.5,2.0,0.5,0.5,0.5,0,0,0,0,0,0.0
H1_30,M,False,4-3-3,3,0,0,0,0,0,4,3,3,0,29,3,0,0.0,6.050699999999999,1.0,0.0,1.0,0,5,2,6,1,6,2.0,0.25,0.4,0.35,0.0,0.29411764705882354,0.3333333333333333,15.655324043194474,46.96597212958342,0.06441578578747996,0.4842278820162774,0.0,3.0,1.0,0.5,0.5,0.5,0.0,0,0,0,0,0,0.0
H1_45,M,False,4-3-3,5,1,0,1,1,0,4,3,3,0,44,9,1,0.0,26.291835518207286,2.0,0.0,1.0,0,7,4,10,1,7,2.0,0.2413793103448276,0.4827586206896552,0.27586206896551724,0.0,0.2916666666666667,0.2,14.190233289154719,63.856049801196235,0.20586800780867245,0.3892645429689735,0.0,4.5,1.0,1.0,1.0,0.5,0.0,1,0,0,1,1,1.0
H2_15,M,False,4-3-3,9,1,0,1,1,0,4,3,3,0,59,15,1,0.0,35.34006943928091,2.0,1.0,1.0,0,11,6,15,3,11,2.0,0.2391304347826087,0.45652173913043476,0.30434782608695654,0.0,0.2972972972972973,0.3333333333333333,16.107215375557775,136.91133069224108,0.12906188721049247,0.27504793604862326,0.0,8.5,2.0,2.0,1.0,0.5,0.5,1,0,0,1,1,1.0
H1_15,M,False,4-3-3,2,0,0,0,0,0,4,3,3,0,14,2,0,0.0,60.65733024849024,2.0,1.0,1.0,0,3,0,3,2,5,2.0,0.23076923076923078,0.23076923076923078,0.5384615384615384,0.0,0.2727272727272727,1.0,17.133845706910652,111.36999709491924,0.2723234795309942,0.25252904596241005,0.0,6.5,1.0,1.5,0.5,0.5,0.5,0,0,0,0,0,0.0
H1_30,M,False,4-3-3,2,0,0,0,0,0,4,3,3,0,29,10,0,0.0,47.055150107997264,2.0,1.0,0.0,0,7,0,6,2,6,2.0,0.3333333333333333,0.2857142857142857,0.38095238095238093,0.0,0.3684210526315789,1.0,12.519300421357304,50.077201685429216,0.46982607378487695,0.0,0.0,4.0,0.0,2.0,1.0,0.0,0.5,0,0,0,0,0,0.0
H1_45,M,False,4-3-3,3,0,0,0,0,0,4,3,3,0,44,16,0,20.746352941176475,50.85141299837787,1.0,1.0,0.0,1,10,0,6,2,7,2.0,0.4230769230769231,0.23076923076923078,0.34615384615384615,0.3333333333333333,0.43478260869565216,0.6666666666666666,15.513956045053726,38.784890112634315,0.9230110712139301,0.26745406369500424,20.746352941176475,2.5,0.5,2.0,1.0,0.5,0.5,0,0,0,0,0,0.0
H2_15,M,False,4-3-3,7,0,0,0,0,0,4,3,3,0,59,21,0,22.9536,80.19277176403052,2.0,1.0,2.0,2,15,3,10,2,8,2.0,0.425,0.325,0.25,0.2857142857142857,0.45454545454545453,0.2857142857142857,18.56950640244025,129.98654481708175,0.39675787947582974,0.37366980654831394,22.9536,7.0,2.0,3.0,1.0,1.0,0.5,0,0,0,0,0,0.0
H2_30,M,False,4-3-3,7,0,0,0,0,0,4,3,3,0,74,24,0,0.0,0.0,0.0,0.0,0.0,2,15,3,11,2,9,2.0,0.40476190476190477,0.3333333333333333,0.2619047619047619,0.2857142857142857,0.42857142857142855,0.2857142857142857,23.53411802955665,23.53411802955665,0.0,0.0,0.0,1.0,0.0,0.0,0.0,0.0,0.0,0,0,0,0,0,0.0
H1_15,G,True,4-2-3-1,0,0,0,0,0,0,4,2,3,1,14,0,1,0.0,0.0,0.0,0.0,0.0,0,0,0,0,0,0,0.0,0.0,0.0,0.0,0.0,0.0,0.0,0.0,0.0,0.0,0.0,0.0,0.0,0.0,0.0,0.0,0.0,0.0,0,0,0,0,0,0.0
H1_30,G,True,4-2-3-1,0,0,0,0,0,0,4,2,3,1,29,0,1,0.0,0.0,0.0,0.0,0.0,0,0,0,0,0,0,0.0,0.0,0.0,0.0,0.0,0.0,0.0,0.0,0.0,0.0,0.0,0.0,0.0,0.0,0.0,0.0,0.0,0.0,0,0,0,0,0,0.0
H1_45,G,True,4-2-3-1,0,0,0,0,0,0,4,2,3,1,44,1,1,0.0,0.0,0.0,0.0,0.0,0,0,0,0,0,0,0.0,0.0,0.0,0.0,0.0,0.0,0.0,0.0,0.0,0.0,0.0,0.0,0.0,0.0,0.0,0.0,0.0,0.0,0,0,0,0,0,0.0
H2_15,G,True,4-2-3-1,0,0,0,0,0,0,4,2,3,1,59,2,2,0.0,0.0,0.0,0.0,0.0,0,0,0,1,0,0,1.0,0.0,1.0,0.0,0.0,0.0,0.0,8.217897142857144,8.217897142857144,0.0,0.0,0.0,1.0,0.0,0.0,0.0,0.0,0.0,0,0,0,0,0,0.0
H2_30,G,True,4-2-3-1,0,0,0,0,0,0,4,2,3,1,74,2,3,0.0,0.0,0.0,0.0,0.0,0,0,0,1,0,1,1.0,0.0,0.5,0.5,0.0,0.0,0.0,5.537279999999999,5.537279999999999,0.0,0.0,0.0,1.0,0.0,0.0,0.0,0.0,0.0,0,0,0,0,0,0.0
H2_45,G,True,4-2-3-1,0,0,0,0,0,0,4,2,3,1,89,2,3,0.0,0.0,0.0,0.0,0.0,0,0,0,1,0,1,1.0,0.0,0.5,0.5,0.0,0.0,0.0,0.0,0.0,0.0,0.0,0.0,0.0,0.0,0.0,0.0,0.0,0.0,0,0,0,0,0,0.0
ET1_15,G,True,4-2-3-1,0,0,0,0,0,0,4,2,3,1,104,2,3,0.0,0.0,0.0,0.0,0.0,0,0,0,1,0,1,1.0,0.0,0.5,0.5,0.0,0.0,0.0,0.0,0.0,0.0,0.0,0.0,0.0,0.0,0.0,0.0,0.0,0.0,0,0,0,0,0,0.0
H1_15,D,True,4-2-3-1,4,0,0,0,0,0,4,2,3,1,14,3,2,16.232918518518517,32.87203909774436,2.0,1.0,2.0,1,3,0,3,3,2,2.0,0.3333333333333333,0.25,0.4166666666666667,0.25,0.375,0.75,14.17671653147697,85.06029918886182,0.28864792438146575,0.4348765025942814,16.232918518518517,6.0,2.0,2.0,1.0,1.0,0.5,0,0,0,0,0,0.0
H1_30,D,True,4-2-3-1,5,0,0,0,0,0,4,2,3,1,29,6,3,0.0,17.55943783783784,2.0,0.0,1.0,1,5,1,4,3,6,2.0,0.3,0.25,0.45,0.2,0.3333333333333333,0.6,13.434038936791142,53.73615574716457,0.16338569063683328,0.402371132842645,0.0,4.0,0.5,1.0,1.0,0.5,0.0,0,0,0,0,0,0.0
H1_45,D,True,4-2-3-1,7,0,0,0,0,0,4,2,3,1,44,6,3,0.0,25.008867289719625,2.0,0.0,2.0,1,6,2,7,4,12,2.0,0.21875,0.28125,0.5,0.14285714285714285,0.24,0.5714285714285714,15.044391778734663,90.26635067240798,0.13852818410971923,0.40122014874820267,0.0,6.0,1.0,0.5,0.5,1.0,0.0,0,0,0,0,0,0.0
H2_15,D,True,4-2-3-1,12,0,0,0,0,0,4,2,3,1,59,10,3,51.62971013908487,28.559702450142453,2.0,1.0,2.0,3,8,3,14,6,15,2.0,0.22448979591836735,0.3469387755102041,0.42857142857142855,0.25,0.21621621621621623,0.5,15.566037207791389,132.3113162662268,0.30303308459223643,0.461784334734647,25.814855069542435,8.5,2.5,2.0,0.5,1.0,0.5,0,0,0,0,0,0.0
H2_30,D,True,4-2-3-1,13,0,0,0,0,0,4,2,3,1,74,15,3,12.482509090909089,34.5246359382151,1.0,1.0,1.0,4,11,3,15,6,15,2.0,0.2777777777777778,0.3333333333333333,0.3888888888888889,0.3076923076923077,0.2682926829268293,0.46153846153846156,10.454445672491506,26.136114181228763,0.8992757053166921,0.23879810526451864,12.482509090909089,2.5,0.5,2.0,0.5,0.5,0.5,0,0,0,0,0,0.0
H2_45,D,True,4-2-3-1,13,0,0,0,0,0,4,2,3,1,89,19,3,0.0,53.54703925393234,2.0,1.0,0.0,4,16,3,18,6,17,2.0,0.3125,0.328125,0.359375,0.3076923076923077,0.3137254901960784,0.46153846153846156,15.32572850461691,76.62864252308455,0.34939310870475865,0.0,0.0,5.0,0.0,2.5,1.0,0.0,0.5,0,0,0,0,0,0.0
ET1_15,D,True,4-2-3-1,13,0,0,0,0,0,4,2,3,1,104,28,6,0.0,0.0,2.0,0.0,0.0,4,16,3,21,6,18,2.0,0.29411764705882354,0.35294117647058826,0.35294117647058826,0.3076923076923077,0.2909090909090909,0.46153846153846156,16.596128609781623,33.192257219563245,0.0,0.0,0.0,2.0,0.0,0.0,0.0,0.0,0.0,0,0,0,0,0,0.0
H1_15,D,True,4-2-3-1,0,0,0,0,0,0,4,2,3,1,14,6,1,0.0,11.06741818181818,1.0,0.0,0.0,0,1,0,1,0,2,2.0,0.25,0.25,0.5,0.0,0.25,0.0,11.067361487883186,22.134722975766373,0.25000128065607724,0.0,0.0,2.0,0.0,0.5,0.5,0.0,0.0,0,0,0,0,0,0.0
H1_30,D,True,4-2-3-1,2,0,0,0,0,0,4,2,3,1,29,8,3,0.0,8.37035294117647,2.0,0.0,1.0,0,2,2,1,0,5,2.0,0.2,0.3,0.5,0.0,0.25,0.0,15.660830748931291,46.982492246793875,0.08907949047496166,0.5807566877649123,0.0,3.0,1.0,0.5,0.5,0.5,0.0,0,0,0,0,0,0.0
H1_45,D,True,4-2-3-1,3,0,0,0,0,0,4,2,3,1,44,10,3,0.0,0.0,2.0,0.0,1.0,0,2,2,2,1,7,2.0,0.14285714285714285,0.2857142857142857,0.5714285714285714,0.0,0.18181818181818182,0.3333333333333333,11.671272656641603,23.342545313283207,0.0,0.40900063216502974,0.0,2.0,0.5,0.0,0.0,0.5,0.0,0,0,0,0,0,0.0
H2_15,D,True,4-2-3-1,5,0,0,0,0,0,4,2,3,1,59,18,3,0.0,16.269805714285713,2.0,0.0,2.0,0,3,4,5,1,13,2.0,0.11538461538461539,0.34615384615384615,0.5384615384615384,0.0,0.14285714285714285,0.2,12.032146247669909,72.19287748601946,0.11268290086813931,0.1633497373044,0.0,6.0,1.0,0.5,0.5,1.0,0.0,0,0,0,0,0,0.0
H2_30,D,True,4-2-3-1,5,0,0,0,0,0,4,2,3,1,74,23,6,0.0,19.490871794871797,1.0,0.0,0.0,0,4,4,7,1,13,2.0,0.13793103448275862,0.3793103448275862,0.4827586206896552,0.0,0.16666666666666666,0.2,14.231142232277525,21.346713348416287,0.45653097684749266,0.0,0.0,1.5,0.0,0.5,0.5,0.0,0.0,0,0,0,0,0,0.0
H2_45,D,True,4-2-3-1,7,1,1,1,1,0,4,2,3,1,89,28,7,0.0,19.51544930232558,2.0,1.0,1.0,0,6,6,9,1,15,2.0,0.16216216216216217,0.40540540540540543,0.43243243243243246,0.0,0.2,0.14285714285714285,11.777484313990314,47.109937255961256,0.20712667474266389,0.24748966198473082,0.0,4.0,1.0,1.0,0.5,0.5,0.5,1,0,0,0,1,1.0
ET1_15,D,True,4-2-3-1,9,1,1,1,1,0,4,2,3,1,104,36,8,0.0,0.0,2.0,0.0,2.0,0,6,7,12,2,16,2.0,0.13953488372093023,0.4418604651162791,0.4186046511627907,0.0,0.17647058823529413,0.2222222222222222,13.424687870108732,40.274063610326195,0.0,0.3727439530525291,0.0,3.0,1.0,0.0,0.0,1.0,0.0,1,0,0,0,1,1.0
H1_15,D,True,4-2-3-1,0,0,0,0,0,0,4,2,3,1,14,5,0,0.0,0.0,1.0,0.0,0.0,0,0,0,4,0,0,1.0,0.0,1.0,0.0,0.0,0.0,0.0,8.885310802808304,35.541243211233216,0.0,0.0,0.0,4.0,0.0,0.0,0.0,0.0,0.0,0,0,0,0,0,0.0
H1_30,D,True,4-2-3-1,0,0,0,0,0,0,4,2,3,1,29,7,1,0.0,0.0,0.0,0.0,0.0,0,0,0,4,0,2,2.0,0.0,0.6666666666666666,0.3333333333333333,0.0,0.0,0.0,6.399001904761905,6.399001904761905,0.0,0.0,0.0,1.0,0.0,0.0,0.0,0.0,0.0,0,0,0,0,0,0.0
H1_45,D,True,4-2-3-1,0,0,0,0,0,0,4,2,3,1,44,7,1,0.0,0.0,1.0,0.0,0.0,0,0,0,4,0,4,2.0,0.0,0.5,0.5,0.0,0.0,0.0,15.954849362786748,31.909698725573495,0.0,0.0,0.0,2.0,0.0,0.0,0.0,0.0,0.0,0,0,0,0,0,0.0
H2_15,D,True,4-2-3-1,2,0,0,0,0,0,4,2,3,1,59,12,1,0.0,18.9654,2.0,0.0,1.0,0,1,1,5,1,7,2.0,0.06666666666666667,0.4,0.5333333333333333,0.0,0.07692307692307693,0.5,17.85643500763623,62.4975225267268,0.15172921448117824,0.368208051071873,0.0,3.5,1.0,0.5,0.5,0.5,0.0,0,0,0,0,0,0.0
H2_30,D,True,4-2-3-1,2,0,0,0,0,0,4,2,3,1,74,14,2,0.0,0.0,0.0,0.0,0.0,0,1,1,7,1,7,2.0,0.058823529411764705,0.47058823529411764,0.47058823529411764,0.0,0.06666666666666667,0.5,16.879651904761907,16.879651904761907,0.0,0.0,0.0,1.0,0.0,0.0,0.0,0.0,0.0,0,0,0,0,0,0.0
H2_45,D,True,4-2-3-1,2,0,0,0,0,0,4,2,3,1,89,17,4,0.0,8.292673684210527,1.0,0.0,0.0,0,2,1,9,1,8,2.0,0.09523809523809523,0.47619047619047616,0.42857142857142855,0.0,0.10526315789473684,0.5,10.063331950464395,40.25332780185758,0.20601212712226596,0.0,0.0,4.0,0.0,1.0,1.0,0.0,0.0,0,0,0,0,0,0.0
ET1_15,D,True,4-2-3-1,2,0,0,0,0,0,4,2,3,1,104,22,9,0.0,0.0,1.0,0.0,0.0,0,2,1,9,1,11,2.0,0.08333333333333333,0.4166666666666667,0.5,0.0,0.09090909090909091,0.5,12.917641945288752,19.37646291793313,0.0,0.0,0.0,1.5,0.0,0.0,0.0,0.0,0.0,0,0,0,0,0,0.0
H1_15,M,True,4-2-3-1,3,0,0,0,0,0,4,2,3,1,14,8,3,0.0,38.459258707024766,2.0,1.0,2.0,0,3,3,6,0,3,2.0,0.2,0.6,0.2,0.0,0.25,0.0,12.055730354341101,90.41797765755825,0.21267484466796113,0.3341273160463786,0.0,7.5,1.5,1.5,1.0,1.0,0.5,0,0,0,0,0,0.0
H1_30,M,True,4-2-3-1,4,0,0,0,0,0,4,2,3,1,29,11,3,0.0,0.0,2.0,0.0,1.0,0,3,3,6,1,12,2.0,0.12,0.36,0.52,0.0,0.14285714285714285,0.25,10.948767891546671,54.74383945773336,0.0,0.0690737624620297,0.0,5.0,0.5,0.0,0.0,0.5,0.0,0,0,0,0,0,0.0
H1_45,M,True,4-2-3-1,8,0,0,0,0,0,4,2,3,1,44,14,3,8.369786666666666,17.36189909090909,2.0,1.0,2.0,1,5,5,9,2,17,2.0,0.15384615384615385,0.358974358974359,0.48717948717948717,0.125,0.16129032258064516,0.25,13.332539955398692,93.32777968779085,0.13785651948249433,0.38456682333718073,8.369786666666666,7.0,2.0,1.5,0.5,1.0,0.5,0,0,0,0,0,0.0
H2_15,M,True,4-2-3-1,12,0,0,0,0,0,4,2,3,1,59,20,5,54.11553488372092,27.519976984126984,2.0,1.0,1.0,2,7,6,15,4,23,2.0,0.15789473684210525,0.3684210526315789,0.47368421052631576,0.16666666666666666,0.15555555555555556,0.3333333333333333,15.681043412875589,141.1293907158803,0.28922222172770296,0.3504182189707027,54.11553488372092,9.0,2.0,1.5,0.5,0.5,0.5,0,0,0,0,0,0.0
H2_30,M,True,4-2-3-1,13,0,0,0,0,0,4,2,3,1,74,28,7,9.313745454545456,52.90153529429635,2.0,2.0,1.0,3,12,6,19,4,24,2.0,0.22058823529411764,0.36764705882352944,0.4117647058823529,0.23076923076923078,0.21818181818181817,0.3076923076923077,9.973362988656929,54.85349643761311,0.5671040570732033,0.08489655226570944,9.313745454545456,5.5,0.5,3.0,1.0,0.5,1.0,0,0,0,0,0,0.0
H2_45,M,True,4-2-3-1,16,0,0,0,0,0,4,2,3,1,89,35,7,24.32163623011016,13.323115591397848,2.0,1.0,1.0,5,14,7,23,4,25,2.0,0.24358974358974358,0.38461538461538464,0.3717948717948718,0.3125,0.22580645161290322,0.25,9.507907451474987,47.53953725737493,0.3959309870613863,0.43003180155536175,12.16081811505508,5.0,1.5,2.0,1.0,0.5,0.5,0,0,0,0,0,0.0
ET1_15,A,True,4-2-3-1,0,1,1,1,1,0,4,2,3,1,14,2,0,0.0,43.10752692344498,2.0,2.0,0.0,0,6,0,7,0,0,2.0,0.46153846153846156,0.5384615384615384,0.0,0.0,0.46153846153846156,0.0,10.6636110574825,69.31347187363625,0.31096066722810606,0.0,0.0,6.5,0.0,3.0,1.0,0.0,1.0,1,0,0,0,1,1.0
H1_15,A,True,4-2-3-1,1,1,0,1,1,0,4,2,3,1,14,3,0,0.0,87.47221845991741,2.0,1.0,1.0,0,6,0,2,1,3,2.0,0.5,0.16666666666666666,0.3333333333333333,0.0,0.5454545454545454,1.0,12.951670510905613,77.71002306543367,0.5628116876652046,0.03840406725742486,0.0,6.0,0.5,3.0,1.0,0.5,0.5,1,0,0,0,1,1.0
H1_30,A,True,4-2-3-1,4,1,0,1,1,0,4,2,3,1,29,5,1,19.03947741935484,13.87635810810811,2.0,1.0,2.0,1,8,2,6,1,6,2.0,0.375,0.3333333333333333,0.2916666666666667,0.25,0.4,0.25,15.955674000681904,95.73404400409143,0.1719129065834522,0.5103655269345329,19.03947741935484,6.0,1.5,1.5,1.0,1.0,0.5,1,0,0,0,1,1.0
H1_45,A,True,4-2-3-1,6,2,1,1,2,0,4,2,3,1,44,9,1,18.062296774193545,55.089721030388034,2.0,2.0,2.0,2,12,3,11,1,7,2.0,0.3888888888888889,0.3888888888888889,0.2222222222222222,0.3333333333333333,0.4,0.16666666666666666,17.998920458972005,107.99352275383204,0.33868706168299273,0.19795502861617875,18.062296774193545,6.0,1.0,2.5,1.0,1.0,1.0,2,0,0,0,1,0.5
H2_15,A,True,4-2-3-1,8,4,1,3,4,0,4,2,3,1,59,13,1,38.42731384111384,39.263160909090914,2.0,2.0,2.0,4,16,3,15,1,10,2.0,0.40816326530612246,0.3673469387755102,0.22448979591836735,0.5,0.3902439024390244,0.125,15.520938594609845,100.88610086496399,0.385040526316868,0.19044899897830717,19.21365692055692,6.5,1.0,3.0,1.0,1.0,1.0,4,0,1,1,3,0.75
H2_30,A,True,4-2-3-1,8,5,1,4,5,0,4,2,3,1,74,15,1,0.0,13.261737931034483,2.0,0.0,0.0,4,17,3,19,1,10,2.0,0.3888888888888889,0.4074074074074074,0.2037037037037037,0.5,0.3695652173913043,0.125,13.894217303271441,34.7355432581786,0.19089578983210465,0.0,0.0,2.5,0.0,0.5,0.5,0.0,0.0,5,0,1,1,4,0.8
H2_45,A,True,4-2-3-1,9,5,1,4,5,0,4,2,3,1,89,17,1,7.734580645161291,53.8129001125684,2.0,2.0,1.0,5,22,3,23,1,10,2.0,0.421875,0.40625,0.171875,0.5555555555555556,0.4,0.1111111111111111,10.232661346185576,51.16330673092788,0.6014806771717576,0.0755871848338312,7.734580645161291,5.0,0.5,3.0,1.0,0.5,1.0,5,0,1,1,4,0.8
H1_15,M,True,4-2-3-1,2,1,1,1,1,0,4,2,3,1,14,5,0,40.009641762452105,71.86392422323146,2.0,2.0,1.0,2,7,0,3,0,2,2.0,0.6428571428571429,0.21428571428571427,0.14285714285714285,1.0,0.5833333333333334,0.0,12.416191850423624,86.91334295296537,0.643592584203244,0.23016973230510765,20.004820881226053,7.0,1.0,4.5,1.0,0.5,1.0,1,0,0,0,1,1.0
H1_30,M,True,4-2-3-1,4,2,2,2,2,0,4,2,3,1,29,8,1,18.86946451612903,6.506548148148148,2.0,1.0,1.0,3,8,1,7,0,5,2.0,0.4583333333333333,0.3333333333333333,0.20833333333333334,0.75,0.4,0.0,15.16906350268811,75.84531751344055,0.16728793217709384,0.48541928980298393,18.86946451612903,5.0,1.0,1.0,0.5,0.5,0.5,2,0,0,0,2,1.0
H1_45,M,True,4-2-3-1,7,3,2,3,3,0,4,2,3,1,44,11,2,36.16090797814208,34.611974454106274,2.0,1.0,1.0,5,11,2,12,0,6,2.0,0.4444444444444444,0.3888888888888889,0.16666666666666666,0.7142857142857143,0.3793103448275862,0.0,13.766478267549367,82.5988696052962,0.4284131415504894,0.31842861274543144,18.08045398907104,6.0,1.5,2.5,1.0,0.5,0.5,3,0,0,0,3,1.0
H2_15,M,True,4-2-3-1,11,3,2,3,3,0,4,2,3,1,59,13,3,18.48135593220339,17.192808695652175,2.0,1.0,2.0,6,13,4,19,1,9,2.0,0.36538461538461536,0.4423076923076923,0.19230769230769232,0.5454545454545454,0.3170731707317073,0.09090909090909091,12.814160798044128,102.51328638435302,0.1739977611004608,0.33310074284054497,18.48135593220339,8.0,2.0,1.5,1.0,1.0,0.5,3,0,0,0,3,1.0
H2_30,M,True,4-2-3-1,12,3,2,3,3,0,4,2,3,1,74,17,3,6.6692333333333345,34.68186466666666,2.0,1.0,1.0,7,16,4,22,1,11,2.0,0.3770491803278688,0.4262295081967213,0.19672131147540983,0.5833333333333334,0.32653061224489793,0.08333333333333333,8.997167997857787,40.48725599036004,0.5106680730579226,0.08236213062847812,6.6692333333333345,4.5,0.5,2.0,1.0,0.5,0.5,3,0,0,0,3,1.0
H2_45,M,True,4-2-3-1,15,3,2,3,3,0,4,2,3,1,89,26,4,9.358023529411764,78.63160334238822,2.0,1.0,2.0,8,23,4,23,3,14,2.0,0.41333333333333333,0.36,0.22666666666666666,0.5333333333333333,0.38333333333333336,0.2,11.606951991835599,81.24866394284919,0.541483530939613,0.2477524567909591,9.358023529411764,7.0,1.5,4.0,1.0,1.0,0.5,3,0,0,0,3,1.0
H2_30,M,True,4-2-3-1,3,0,0,0,0,0,4,2,3,1,13,2,0,0.0,28.033480932760586,2.0,1.0,2.0,0,3,3,4,0,1,2.0,0.2727272727272727,0.6363636363636364,0.09090909090909091,0.0,0.375,0.0,11.660131450273612,64.13072297650487,0.218565140323079,0.4500239553993634,0.0,5.5,1.5,1.5,1.0,1.0,0.5,0,0,0,0,0,0.0
H2_45,M,True,4-2-3-1,6,1,1,0,1,0,4,2,3,1,28,8,1,6.899712000000001,47.969592761904764,2.0,1.0,2.0,1,7,5,7,0,4,2.0,0.3333333333333333,0.5,0.16666666666666666,0.16666666666666666,0.3888888888888889,0.0,13.279272841110744,86.31527346721984,0.31784238500236356,0.32685123398979643,6.899712000000001,6.5,1.5,2.5,1.0,1.0,0.5,1,0,0,0,0,0.0
ET1_15,M,True,4-2-3-1,9,1,1,0,1,0,4,2,3,1,43,12,1,39.219274122807015,26.295787777777782,2.0,2.0,2.0,3,10,5,8,1,5,2.0,0.40625,0.40625,0.1875,0.3333333333333333,0.43478260869565216,0.1111111111111111,12.603207992318355,50.41283196927342,0.6497855738447323,0.6215670756410117,19.609637061403507,4.0,1.5,2.5,1.0,1.0,1.0,1,0,0,0,0,0.0
H1_15,D,True,4-2-3-1,0,0,0,0,0,0,4,2,3,1,14,4,1,0.0,0.0,2.0,0.0,0.0,0,0,0,4,0,1,2.0,0.0,0.8,0.2,0.0,0.0,0.0,18.255700497666716,45.639251244166786,0.0,0.0,0.0,2.5,0.0,0.0,0.0,0.0,0.0,0,0,0,0,0,0.0
H1_30,D,True,4-2-3-1,3,0,0,0,0,0,4,2,3,1,29,4,1,0.0,0.0,2.0,0.0,2.0,0,0,2,6,1,5,2.0,0.0,0.5714285714285714,0.42857142857142855,0.0,0.0,0.3333333333333333,11.892625646828835,53.516815410729755,0.0,0.3585789687928071,0.0,4.5,1.5,0.0,0.0,1.0,0.0,0,0,0,0,0,0.0
H1_45,D,True,4-2-3-1,7,0,0,0,0,0,4,2,3,1,44,9,1,11.18052,85.55702069204241,2.0,1.0,1.0,1,5,5,8,1,9,2.0,0.20689655172413793,0.4482758620689655,0.3448275862068966,0.14285714285714285,0.22727272727272727,0.14285714285714285,13.603288494154489,102.02466370615866,0.4740889956307835,0.2827569698771527,11.18052,7.5,2.0,3.0,1.0,0.5,0.5,0,0,0,0,0,0.0
H2_15,D,True,4-2-3-1,12,0,0,0,0,0,4,2,3,1,59,16,3,0.0,39.8049425384632,2.0,1.0,2.0,1,9,8,12,3,12,2.0,0.2222222222222222,0.4444444444444444,0.3333333333333333,0.08333333333333333,0.2727272727272727,0.25,15.8743786208913,126.9950289671304,0.1567185064730595,0.5524178941366207,0.0,8.0,2.5,2.0,1.0,1.0,0.5,0,0,0,0,0,0.0
H2_30,D,True,4-2-3-1,14,0,0,0,0,0,4,2,3,1,74,24,5,0.0,10.167690000000002,2.0,0.0,1.0,1,10,10,15,3,13,2.0,0.21153846153846154,0.4807692307692308,0.3076923076923077,0.07142857142857142,0.2631578947368421,0.21428571428571427,13.481890066462404,47.186615232618415,0.10773913269553018,0.29795964972303984,0.0,3.5,1.0,0.5,0.5,0.5,0.0,0,0,0,0,0,0.0
H2_45,D,True,4-2-3-1,16,0,0,0,0,0,4,2,3,1,89,29,5,18.757377049180327,13.183107142857146,2.0,0.0,2.0,2,11,11,19,3,15,2.0,0.21311475409836064,0.4918032786885246,0.29508196721311475,0.125,0.24444444444444444,0.1875,13.784061795982765,62.028278081922444,0.2574671196728434,0.3072154177507878,18.757377049180327,4.5,1.0,1.0,1.0,1.0,0.0,0,0,0,0,0,0.0
ET1_15,D,True,4-2-3-1,16,0,0,0,0,0,4,2,3,1,104,33,6,0.0,0.0,1.0,0.0,0.0,2,11,11,19,3,17,2.0,0.20634920634920634,0.47619047619047616,0.31746031746031744,0.125,0.23404255319148937,0.1875,17.447590567578604,34.89518113515721,0.0,0.0,0.0,2.0,0.0,0.0,0.0,0.0,0.0,0,0,0,0,0,0.0
H1_15,A,True,4-2-3-1,4,0,0,0,0,0,4,2,3,1,14,1,0,36.50529906951287,92.25491272725242,2.0,1.0,2.0,2,8,2,6,0,0,2.0,0.5555555555555556,0.4444444444444444,0.0,0.5,0.5714285714285714,0.0,11.318053286171976,101.86247957554778,0.6320296361000539,0.2735580124058967,18.252649534756436,9.0,2.0,5.0,1.0,1.0,0.5,0,0,0,0,0,0.0
H1_30,A,True,4-2-3-1,6,0,0,0,0,0,4,2,3,1,29,1,0,35.7106724137931,36.25920837581209,2.0,1.0,2.0,3,11,3,13,0,0,2.0,0.4666666666666667,0.5333333333333333,0.0,0.5,0.4583333333333333,0.0,13.03918598734378,78.23511592406268,0.45995893237674296,0.27772330265880457,35.7106724137931,6.0,1.0,2.0,1.0,1.0,0.5,0,0,0,0,0,0.0
H1_45,A,True,4-2-3-1,7,1,0,1,1,0,4,2,3,1,44,2,0,0.0,150.7908044813554,2.0,2.0,1.0,3,17,4,13,0,1,2.0,0.5263157894736842,0.4473684210526316,0.02631578947368421,0.42857142857142855,0.5483870967741935,0.0,20.88468833907409,83.53875335629635,0.9025200785450207,0.05881011305564899,0.0,4.0,0.5,3.0,1.0,0.5,1.0,1,0,0,0,1,1.0
H2_15,A,True,4-2-3-1,14,1,0,1,1,0,4,2,3,1,59,2,0,66.34015186602872,175.85171194656857,2.0,2.0,2.0,8,28,6,16,0,2,2.0,0.6,0.36666666666666664,0.03333333333333333,0.5714285714285714,0.6086956521739131,0.0,14.891976903674975,163.81174594042471,0.7392383935053045,0.3136452627265719,13.268030373205743,11.0,3.5,8.0,1.0,1.0,1.0,1,0,0,0,1,1.0
H1_15,M,True,4-2-3-1,3,1,1,0,1,0,4,2,3,1,14,7,1,22.05866379155436,26.69633549326538,2.0,1.0,2.0,2,2,0,5,1,1,2.0,0.36363636363636365,0.45454545454545453,0.18181818181818182,0.6666666666666666,0.25,0.3333333333333333,14.387781064374478,79.13279585405962,0.30805811142282885,0.2068499944378489,11.02933189577718,5.5,1.5,2.0,1.0,1.0,0.5,1,0,0,0,0,0.0
H1_30,M,True,4-2-3-1,4,1,1,0,1,0,4,2,3,1,29,9,1,0.0,40.452718196354326,1.0,1.0,1.0,2,4,1,7,1,3,2.0,0.3333333333333333,0.4444444444444444,0.2222222222222222,0.5,0.2857142857142857,0.25,15.656617338857458,54.798160686001104,0.3691065328647837,0.3768078805819058,0.0,3.5,0.5,1.0,0.5,0.5,0.5,1,0,0,0,0,0.0
H1_45,M,True,4-2-3-1,6,1,1,0,1,0,4,2,3,1,44,11,1,32.79733333333333,73.70130911423726,2.0,1.0,2.0,3,6,1,8,2,5,2.0,0.36,0.36,0.28,0.5,0.3157894736842105,0.3333333333333333,20.667973836463876,72.33790842762356,0.7361191715552985,0.3192990055184129,32.79733333333333,3.5,1.0,1.5,0.5,1.0,0.5,1,0,0,0,0,0.0
H2_15,M,True,4-2-3-1,7,1,1,0,1,0,4,2,3,1,59,13,1,0.0,58.23900796544716,2.0,1.0,1.0,3,10,1,13,3,6,2.0,0.3611111111111111,0.3888888888888889,0.25,0.42857142857142855,0.3448275862068966,0.42857142857142855,13.696796938533696,75.33238316193533,0.3865469637423785,0.10750002040775312,0.0,5.5,0.5,2.0,1.0,0.5,0.5,1,0,0,0,0,0.0
H2_30,M,True,4-2-3-1,7,1,1,0,1,0,4,2,3,1,74,15,1,0.0,28.25067047619047,2.0,0.0,0.0,3,12,1,15,3,6,2.0,0.375,0.4,0.225,0.42857142857142855,0.36363636363636365,0.42857142857142855,14.644791266690296,29.289582533380592,0.4822648196503638,0.0,0.0,2.0,0.0,1.0,1.0,0.0,0.0,1,0,0,0,0,0.0
H2_45,M,True,4-2-3-1,7,2,1,1,2,0,4,2,3,1,89,23,1,0.0,5.560834782608696,0.0,0.0,0.0,3,13,1,15,3,6,2.0,0.3902439024390244,0.3902439024390244,0.21951219512195122,0.42857142857142855,0.38235294117647056,0.42857142857142855,5.560834782608696,5.560834782608696,1.0,0.0,0.0,1.0,0.0,1.0,1.0,0.0,0.0,2,0,0,1,1,0.5
H1_15,M,True,4-2-3-1,0,0,0,0,0,0,4,2,3,1,14,7,3,0.0,19.685896885069816,2.0,1.0,0.0,0,2,0,5,0,4,2.0,0.18181818181818182,0.45454545454545453,0.36363636363636365,0.0,0.18181818181818182,0.0,13.261729108975304,72.93951009936417,0.13494673091615284,0.0,0.0,5.5,0.0,1.0,0.5,0.0,0.5,0,0,0,0,0,0.0
H1_30,M,True,4-2-3-1,1,0,0,0,0,0,4,2,3,1,29,10,4,0.0,11.188741666666663,2.0,0.0,1.0,0,3,0,11,1,7,2.0,0.13636363636363635,0.5,0.36363636363636365,0.0,0.14285714285714285,1.0,15.227816333405274,83.752989833729,0.06679607312454852,0.09562586381572534,0.0,5.5,0.5,0.5,0.5,0.5,0.0,0,0,0,0,0,0.0
ET1_15,M,True,4-2-3-1,0,0,0,0,0,0,4,2,3,1,14,1,0,0.0,64.2768701678841,2.0,2.0,0.0,0,5,0,8,0,5,2.0,0.2777777777777778,0.4444444444444444,0.2777777777777778,0.0,0.2777777777777778,0.0,15.263381585040435,137.3704342653639,0.23395452781243278,0.0,0.0,9.0,0.0,2.5,1.0,0.0,1.0,0,0,0,0,0,0.0
ET1_15,M,True,4-2-3-1,3,0,0,0,0,0,4,2,3,1,7,0,1,0.0,0.0,2.0,0.0,2.0,0,0,2,3,1,3,2.0,0.0,0.5555555555555556,0.4444444444444444,0.0,0.0,0.3333333333333333,13.57358832683446,61.08114747075507,0.0,0.6231650398527593,0.0,4.5,1.5,0.0,0.0,1.0,0.0,0,0,0,0,0,0.0
ET1_15,M,True,4-2-3-1,4,0,0,0,0,0,4,2,3,1,7,0,0,11.988292682926833,13.703432727272729,2.0,1.0,2.0,1,1,3,7,0,3,2.0,0.13333333333333333,0.6666666666666666,0.2,0.25,0.09090909090909091,0.0,14.975156994310314,112.31367745732736,0.11437487397721847,0.27735091901892894,11.988292682926833,7.5,2.0,1.0,0.5,1.0,0.5,0,0,0,0,0,0.0
H1_15,G,False,4-4-2,0,0,0,0,0,0,4,4,2,0,14,2,0,0.0,0.0,0.0,0.0,0.0,0,0,0,0,0,0,0.0,0.0,0.0,0.0,0.0,0.0,0.0,0.0,0.0,0.0,0.0,0.0,0.0,0.0,0.0,0.0,0.0,0.0,0,0,0,0,0,0.0
H1_30,G,False,4-4-2,0,0,0,0,0,0,4,4,2,0,29,3,0,0.0,0.0,0.0,0.0,0.0,0,0,0,0,0,0,0.0,0.0,0.0,0.0,0.0,0.0,0.0,0.0,0.0,0.0,0.0,0.0,0.0,0.0,0.0,0.0,0.0,0.0,0,0,0,0,0,0.0
H1_45,G,False,4-4-2,0,0,0,0,0,0,4,4,2,0,44,5,0,0.0,0.0,0.0,0.0,0.0,0,0,0,0,0,0,0.0,0.0,0.0,0.0,0.0,0.0,0.0,0.0,0.0,0.0,0.0,0.0,0.0,0.0,0.0,0.0,0.0,0.0,0,0,0,0,0,0.0
H2_15,G,False,4-4-2,0,0,0,0,0,0,4,4,2,0,59,5,0,0.0,0.0,0.0,0.0,0.0,0,0,0,0,0,0,0.0,0.0,0.0,0.0,0.0,0.0,0.0,0.0,0.0,0.0,0.0,0.0,0.0,0.0,0.0,0.0,0.0,0.0,0,0,0,0,0,0.0
H2_30,G,False,4-4-2,0,0,0,0,0,0,4,4,2,0,74,5,0,0.0,0.0,0.0,0.0,0.0,0,0,0,0,0,0,0.0,0.0,0.0,0.0,0.0,0.0,0.0,0.0,0.0,0.0,0.0,0.0,0.0,0.0,0.0,0.0,0.0,0.0,0,0,0,0,0,0.0
H2_45,G,False,4-4-2,0,0,0,0,0,0,4,4,2,0,89,5,1,0.0,0.0,0.0,0.0,0.0,0,0,0,0,0,0,0.0,0.0,0.0,0.0,0.0,0.0,0.0,0.0,0.0,0.0,0.0,0.0,0.0,0.0,0.0,0.0,0.0,0.0,0,0,0,0,0,0.0
ET1_15,G,False,4-4-2,0,0,0,0,0,0,4,4,2,0,104,7,2,0.0,0.0,0.0,0.0,0.0,0,0,0,0,0,1,1.0,0.0,0.0,1.0,0.0,0.0,0.0,8.44326857142857,8.44326857142857,0.0,0.0,0.0,1.0,0.0,0.0,0.0,0.0,0.0,0,0,0,0,0,0.0
H1_15,D,False,4-4-2,1,0,0,0,0,0,4,4,2,0,14,5,0,0.0,0.0,1.0,0.0,1.0,0,0,0,1,1,3,2.0,0.0,0.2,0.8,0.0,0.0,1.0,10.32347217954723,25.808680448868074,0.0,0.13319425635923074,0.0,2.5,0.5,0.0,0.0,0.5,0.0,0,0,0,0,0,0.0
H1_30,D,False,4-4-2,2,0,0,0,0,0,4,4,2,0,29,9,0,0.0,35.635277180362614,2.0,1.0,1.0,0,3,0,3,2,4,2.0,0.25,0.25,0.5,0.0,0.3,1.0,11.431632644564875,40.010714255977064,0.44532168249207377,0.22385652982400334,0.0,3.5,0.5,1.5,0.5,0.5,0.5,0,0,0,0,0,0.0
H1_45,D,False,4-4-2,7,0,0,0,0,0,4,4,2,0,44,12,0,37.67341666666667,5.253054545454545,2.0,1.0,2.0,1,4,1,7,5,7,2.0,0.2,0.32,0.48,0.14285714285714285,0.2222222222222222,0.7142857142857143,13.2864793181169,86.36211556775984,0.248526051787378,0.6585039233820839,37.67341666666667,6.5,2.5,1.0,0.5,1.0,0.5,0,0,0,0,0,0.0
H2_15,D,False,4-4-2,9,0,0,0,0,0,4,4,2,0,59,17,2,7.918328571428572,12.749130392156863,2.0,1.0,1.0,2,6,1,11,6,10,2.0,0.2222222222222222,0.3333333333333333,0.4444444444444444,0.2222222222222222,0.2222222222222222,0.6666666666666666,9.89519505543641,54.42357280490026,0.18987598478397352,0.20377998994672844,7.918328571428572,5.5,1.0,1.5,1.0,0.5,0.5,0,0,0,0,0,0.0
H2_30,D,False,4-4-2,10,0,0,0,0,0,4,4,2,0,74,21,3,0.0,0.0,1.0,0.0,1.0,2,6,2,12,6,10,2.0,0.21052631578947367,0.3684210526315789,0.42105263157894735,0.2,0.21428571428571427,0.6,9.991264864864863,9.991264864864863,0.0,0.0,0.0,2.0,1.0,0.0,0.0,1.0,0.0,0,0,0,0,0,0.0
H2_45,D,False,4-4-2,12,0,0,0,0,0,4,4,2,0,89,21,5,11.53386,10.123926588235294,1.0,1.0,1.0,3,8,2,13,7,12,2.0,0.24444444444444444,0.3333333333333333,0.4222222222222222,0.25,0.24242424242424243,0.5833333333333334,10.023255893566196,70.16279125496337,0.3086790904531354,0.34670754477984445,11.53386,7.0,2.0,3.0,1.0,1.0,1.0,0,0,0,0,0,0.0
ET1_15,D,False,4-4-2,13,0,0,0,0,0,4,4,2,0,104,27,6,0.0,7.259037500000001,2.0,0.0,1.0,3,9,3,21,7,12,2.0,0.21818181818181817,0.43636363636363634,0.34545454545454546,0.23076923076923078,0.21428571428571427,0.5384615384615384,8.109412080488797,40.54706040244398,0.08951373327624092,0.08530532092016996,0.0,5.0,0.5,0.5,0.5,0.5,0.0,0,0,0,0,0,0.0
H1_15,D,False,4-4-2,1,0,0,0,0,0,4,4,2,0,14,5,1,0.0,18.629725594405596,2.0,0.0,1.0,0,2,0,0,1,2,2.0,0.4,0.0,0.6,0.0,0.5,1.0,10.93569791888112,27.3392447972028,0.34071397605525094,0.27900302501334745,0.0,2.5,0.5,1.0,1.0,0.5,0.0,0,0,0,0,0,0.0
H1_30,D,False,4-4-2,3,0,0,0,0,0,4,4,2,0,29,12,1,12.68056216216216,26.640992694805195,2.0,1.0,2.0,1,4,1,2,1,3,2.0,0.4166666666666667,0.25,0.3333333333333333,0.3333333333333333,0.4444444444444444,0.3333333333333333,17.687952829888054,61.90783490460819,0.3175814088600957,0.605083376416834,12.68056216216216,3.5,1.0,1.5,1.0,1.0,0.5,0,0,0,0,0,0.0
H1_45,D,False,4-4-2,4,0,0,0,0,0,4,4,2,0,44,15,1,0.0,15.182950819672133,2.0,0.0,1.0,1,5,1,3,2,5,2.0,0.35294117647058826,0.23529411764705882,0.4117647058823529,0.25,0.38461538461538464,0.5,21.88913968276368,54.7228492069092,0.13872587995432045,0.3172613026525381,0.0,2.5,0.5,0.5,0.5,0.5,0.0,0,0,0,0,0,0.0
H2_15,D,False,4-4-2,5,0,0,0,0,0,4,4,2,0,59,20,2,0.0,11.654117647058822,1.0,0.0,1.0,1,6,1,6,3,6,2.0,0.30434782608695654,0.30434782608695654,0.391304347826087,0.2,0.3333333333333333,0.6,11.082188797950188,33.246566393850564,0.17526798871498533,0.18459874460118172,0.0,3.0,0.5,0.5,0.5,0.5,0.0,0,0,0,0,0,0.0
H2_30,D,False,4-4-2,5,0,0,0,0,0,4,4,2,0,74,23,2,0.0,0.0,1.0,0.0,0.0,1,6,1,8,3,7,2.0,0.2692307692307692,0.34615384615384615,0.38461538461538464,0.2,0.2857142857142857,0.6,8.249518859839183,24.74855657951755,0.0,0.0,0.0,3.0,0.0,0.0,0.0,0.0,0.0,0,0,0,0,0,0.0
H1_15,D,False,4-4-2,0,0,0,0,0,0,4,4,2,0,14,3,1,0.0,0.0,2.0,0.0,0.0,0,0,0,3,0,4,2.0,0.0,0.42857142857142855,0.5714285714285714,0.0,0.0,0.0,10.249422073872339,35.872977258553185,0.0,0.0,0.0,3.5,0.0,0.0,0.0,0.0,0.0,0,0,0,0,0,0.0
H1_30,D,False,4-4-2,1,0,0,0,0,0,4,4,2,0,29,11,1,0.0,0.0,1.0,0.0,1.0,0,0,0,4,1,5,2.0,0.0,0.4,0.6,0.0,0.0,1.0,24.124893000556472,72.37467900166942,0.0,0.136530687834269,0.0,3.0,1.0,0.0,0.0,1.0,0.0,0,0,0,0,0,0.0
H1_45,D,False,4-4-2,2,0,0,0,0,0,4,4,2,0,44,17,1,0.0,0.0,2.0,0.0,1.0,0,0,1,7,1,10,2.0,0.0,0.42105263157894735,0.5789473684210527,0.0,0.0,0.5,14.636072378229727,65.86232570203377,0.0,0.13309019847942183,0.0,4.5,0.5,0.0,0.0,0.5,0.0,0,0,0,0,0,0.0
H2_15,D,False,4-4-2,2,0,0,0,0,0,4,4,2,0,59,22,1,0.0,0.0,2.0,0.0,0.0,0,0,1,9,1,18,2.0,0.0,0.3448275862068966,0.6551724137931034,0.0,0.0,0.5,15.25024436064624,76.2512218032312,0.0,0.0,0.0,5.0,0.0,0.0,0.0,0.0,0.0,0,0,0,0,0,0.0
H2_30,D,False,4-4-2,3,0,0,0,0,0,4,4,2,0,74,29,3,0.0,4.293066666666666,1.0,0.0,1.0,0,1,2,10,1,18,2.0,0.03125,0.375,0.59375,0.0,0.034482758620689655,0.3333333333333333,13.982583454106278,41.947750362318835,0.10234319193725051,0.33537614957862816,0.0,3.0,1.0,1.0,1.0,1.0,0.0,0,0,0,0,0,0.0
H2_45,D,False,4-4-2,3,0,0,0,0,0,4,4,2,0,89,30,4,0.0,0.0,1.0,0.0,0.0,0,1,2,11,1,20,2.0,0.02857142857142857,0.37142857142857144,0.6,0.0,0.03125,0.3333333333333333,10.458737043378994,31.376211130136983,0.0,0.0,0.0,3.0,0.0,0.0,0.0,0.0,0.0,0,0,0,0,0,0.0
ET1_15,D,False,4-4-2,4,0,0,0,0,0,4,4,2,0,104,41,4,21.856185507246373,0.0,2.0,0.0,1.0,1,1,2,17,1,23,2.0,0.044444444444444446,0.4222222222222222,0.5333333333333333,0.25,0.024390243902439025,0.25,13.904421767378647,69.52210883689324,0.1571887409120706,0.1571887409120706,21.856185507246373,5.0,0.5,0.5,0.5,0.5,0.0,0,0,0,0,0,0.0
H1_15,M,False,4-4-2,1,0,0,0,0,0,4,4,2,0,14,2,2,7.205,37.53176533333333,2.0,2.0,1.0,1,3,0,3,0,2,2.0,0.4444444444444444,0.3333333333333333,0.2222222222222222,1.0,0.375,0.0,11.458388860231132,51.5627498710401,0.4338089555466035,0.069866328095572,7.205,4.5,0.5,2.0,1.0,0.5,1.0,0,0,0,0,0,0.0
H1_30,M,False,4-4-2,2,1,0,1,1,0,4,4,2,0,29,10,2,0.0,38.89615616135782,2.0,2.0,1.0,1,8,1,5,0,5,2.0,0.45,0.3,0.25,0.5,0.4444444444444444,0.0,15.714208676696844,86.42814772183264,0.22502018836817123,0.21974446254887633,0.0,5.5,0.5,2.5,1.0,0.5,1.0,1,0,0,0,1,1.0
H1_45,M,False,4-4-2,5,2,1,2,2,0,4,4,2,0,44,12,3,0.0,0.0,1.0,0.0,1.0,1,8,2,9,2,9,2.0,0.2903225806451613,0.3548387096774194,0.3548387096774194,0.2,0.3076923076923077,0.4,14.634395560784764,80.4891755843162,0.0,0.369565070399196,0.0,5.5,1.5,0.0,0.0,0.5,0.0,2,0,1,0,2,1.0
H2_15,M,False,4-4-2,7,2,1,2,2,0,4,4,2,0,59,19,3,6.826752,99.98380617339977,2.0,2.0,1.0,2,17,2,10,3,14,2.0,0.3958333333333333,0.25,0.3541666666666667,0.2857142857142857,0.4146341463414634,0.42857142857142855,14.600392005268578,124.10333204478292,0.43032913143241386,0.11390788618891472,6.826752,8.5,1.0,5.0,1.0,0.5,1.0,2,0,1,0,2,1.0
H2_30,M,False,4-4-2,7,2,1,2,2,0,4,4,2,0,74,20,3,0.0,32.99412252964427,2.0,0.0,0.0,2,19,2,11,3,18,2.0,0.38181818181818183,0.23636363636363636,0.38181818181818183,0.2857142857142857,0.3958333333333333,0.42857142857142855,12.39748210993481,43.39118738477183,0.38019381950842374,0.0,0.0,3.5,0.0,1.0,1.0,0.0,0.0,2,0,1,0,2,1.0
H2_45,M,False,4-4-2,8,3,1,3,3,0,4,4,2,0,89,22,5,0.0,17.680972222222223,2.0,0.0,1.0,2,20,2,16,4,21,2.0,0.3384615384615385,0.27692307692307694,0.38461538461538464,0.25,0.3508771929824561,0.5,14.441138488301027,72.20569244150514,0.12243475288700979,0.06385655355915253,0.0,5.0,0.5,0.5,0.5,0.5,0.0,3,0,1,1,3,1.0
H2_30,M,False,4-4-2,1,0,0,0,0,0,4,4,2,0,2,0,0,0.0,0.0,1.0,0.0,1.0,0,0,1,1,0,1,2.0,0.0,0.6666666666666666,0.3333333333333333,0.0,0.0,0.0,15.075442579642578,22.613163869463868,0.0,0.49036481865210557,0.0,1.5,0.5,0.0,0.0,0.5,0.0,0,0,0,0,0,0.0
H2_45,M,False,4-4-2,5,0,0,0,0,0,4,4,2,0,17,2,0,7.116923076923078,67.4493767016767,2.0,1.0,2.0,1,5,3,6,1,4,2.0,0.3,0.45,0.25,0.2,0.3333333333333333,0.2,12.040585629134632,102.34497784764437,0.36428900248335944,0.2255073337480261,7.116923076923078,8.5,2.0,3.0,0.5,1.0,0.5,0,0,0,0,0,0.0
ET1_15,M,False,4-4-2,5,1,0,1,0,0,4,4,2,0,32,8,0,0.0,34.87329193404635,2.0,1.0,0.0,1,9,3,10,1,4,2.0,0.35714285714285715,0.4642857142857143,0.17857142857142858,0.2,0.391304347826087,0.2,9.862934559583222,39.45173823833289,0.4419740864568809,0.0,0.0,4.0,0.0,2.0,0.5,0.0,0.5,1,1,0,0,1,1.0
H2_45,M,False,4-4-2,0,0,0,0,0,0,4,4,2,0,10,1,1,0.0,18.917654054054054,2.0,0.0,0.0,0,1,0,4,0,4,2.0,0.1111111111111111,0.4444444444444444,0.4444444444444444,0.0,0.1111111111111111,0.0,13.149483095942903,59.17267393174306,0.15985126915065534,0.0,0.0,4.5,0.0,0.5,0.5,0.0,0.0,0,0,0,0,0,0.0
ET1_15,M,False,4-4-2,2,0,0,0,0,0,4,4,2,0,25,9,1,0.0,47.319097,2.0,1.0,2.0,0,5,2,11,0,5,2.0,0.21739130434782608,0.5652173913043478,0.21739130434782608,0.0,0.23809523809523808,0.0,11.961574311641277,83.73102018148894,0.2825661081008851,0.23287419635905104,0.0,7.0,1.0,2.0,1.0,1.0,0.5,0,0,0,0,0,0.0
H1_15,A,False,4-4-2,2,0,0,0,0,0,4,4,2,0,14,1,1,9.46944705882353,61.13135586847891,2.0,1.0,2.0,1,5,1,1,0,0,2.0,0.75,0.25,0.0,0.5,0.8333333333333334,0.0,12.70744745430828,50.82978981723312,0.6944825384991681,0.33208711653739065,9.46944705882353,4.0,1.0,3.0,1.0,1.0,0.5,0,0,0,0,0,0.0
H1_30,A,False,4-4-2,2,1,0,1,1,0,4,4,2,0,29,8,1,0.0,52.89499293780443,1.0,1.0,0.0,1,10,1,2,0,0,2.0,0.7857142857142857,0.21428571428571427,0.0,0.5,0.8333333333333334,0.0,13.874352156300738,83.24611293780443,0.635404958515286,0.0,0.0,6.0,0.0,5.0,1.0,0.0,1.0,1,0,1,0,1,1.0
H1_45,A,False,4-4-2,3,1,0,1,1,0,4,4,2,0,44,9,2,14.560392156862742,39.472193526570045,2.0,2.0,1.0,2,14,1,4,0,1,2.0,0.7272727272727273,0.22727272727272727,0.045454545454545456,0.6666666666666666,0.7368421052631579,0.0,11.373684924716876,45.494739698867505,0.5938333315134653,0.16002280981536413,14.560392156862742,4.0,0.5,2.5,1.0,0.5,1.0,1,0,1,0,1,1.0
H2_15,A,False,4-4-2,6,1,0,1,1,0,4,4,2,0,59,12,3,33.12254716981133,86.44661295212944,2.0,2.0,1.0,3,20,3,8,0,2,2.0,0.6388888888888888,0.3055555555555556,0.05555555555555555,0.5,0.6666666666666666,0.0,18.04333559119504,126.30334913836526,0.47334120962601245,0.42108802276473073,33.12254716981133,7.0,1.5,3.5,1.0,0.5,1.0,1,0,1,0,1,1.0
H2_30,A,False,4-4-2,8,1,0,1,1,0,4,4,2,0,74,14,3,13.747931914893618,30.130438502673798,2.0,1.0,1.0,4,23,4,13,0,2,2.0,0.5869565217391305,0.3695652173913043,0.043478260869565216,0.5,0.6052631578947368,0.0,9.586016759873873,47.93008379936936,0.4577330868149321,0.25065895767312996,13.747931914893618,5.0,1.0,2.0,1.0,0.5,0.5,1,0,1,0,1,1.0
H2_45,A,False,4-4-2,11,1,0,1,1,0,4,4,2,0,89,15,3,15.413430303030303,28.934060176991153,1.0,1.0,1.0,6,24,5,14,0,2,2.0,0.5882352941176471,0.37254901960784315,0.0392156862745098,0.5454545454545454,0.6,0.0,14.671232668977263,36.678081672443156,0.604550298950619,0.5229266828956813,7.7067151515151515,2.5,1.5,1.5,1.0,1.0,0.5,1,0,1,0,1,1.0
ET1_15,A,False,4-4-2,11,1,0,1,1,0,4,4,2,0,104,20,3,0.0,56.28659216390318,1.0,1.0,0.0,6,29,5,15,0,2,2.0,0.6140350877192983,0.3508771929824561,0.03508771929824561,0.5454545454545454,0.6304347826086957,0.0,12.601953957141758,75.61172374285054,0.744416201319909,0.0,0.0,6.0,0.0,5.0,1.0,0.0,1.0,1,0,1,0,1,1.0
H1_15,D,False,4-4-2,0,0,0,0,0,0,4,4,2,0,14,2,1,0.0,0.0,1.0,0.0,0.0,0,0,0,3,0,3,2.0,0.0,0.5,0.5,0.0,0.0,0.0,12.498956558874847,37.49686967662454,0.0,0.0,0.0,3.0,0.0,0.0,0.0,0.0,0.0,0,0,0,0,0,0.0
H1_30,D,False,4-4-2,1,0,0,0,0,0,4,4,2,0,29,4,1,0.0,5.816700000000001,1.0,0.0,1.0,0,1,1,4,0,5,2.0,0.09090909090909091,0.45454545454545453,0.45454545454545453,0.0,0.1,0.0,23.25917061309034,116.2958530654517,0.050016400814621845,0.44480160259084034,0.0,5.0,1.0,1.0,1.0,1.0,0.0,0,0,0,0,0,0.0
H1_45,D,False,4-4-2,1,0,0,0,0,0,4,4,2,0,44,6,1,0.0,0.0,1.0,0.0,0.0,0,1,1,5,0,9,2.0,0.0625,0.375,0.5625,0.0,0.06666666666666667,0.0,14.432622039870177,36.08155509967544,0.0,0.0,0.0,2.5,0.0,0.0,0.0,0.0,0.0,0,0,0,0,0,0.0
H2_15,D,False,4-4-2,4,0,0,0,0,0,4,4,2,0,59,14,3,0.0,0.0,1.0,0.0,1.0,0,1,3,7,1,13,2.0,0.04,0.4,0.56,0.0,0.047619047619047616,0.25,14.519648288162513,65.33841729673131,0.0,0.45818111378734616,0.0,4.5,1.5,0.0,0.0,0.5,0.0,0,0,0,0,0,0.0
H2_30,D,False,4-4-2,4,0,0,0,0,0,4,4,2,0,74,21,4,0.0,0.0,2.0,0.0,0.0,0,1,3,9,1,15,2.0,0.034482758620689655,0.41379310344827586,0.5517241379310345,0.0,0.04,0.25,9.982152264099362,19.964304528198724,0.0,0.0,0.0,2.0,0.0,0.0,0.0,0.0,0.0,0,0,0,0,0,0.0
H2_45,D,False,4-4-2,5,0,0,0,0,0,4,4,2,0,89,21,4,0.0,0.0,1.0,0.0,1.0,0,1,4,10,1,17,2.0,0.030303030303030304,0.42424242424242425,0.5454545454545454,0.0,0.03571428571428571,0.2,8.985780119047618,35.94312047619047,0.0,0.176469295342868,0.0,4.0,1.0,0.0,0.0,1.0,0.0,0,0,0,0,0,0.0
ET1_15,D,False,4-4-2,5,0,0,0,0,0,4,4,2,0,104,33,4,0.0,0.0,2.0,0.0,0.0,0,1,4,14,1,19,2.0,0.02564102564102564,0.46153846153846156,0.5128205128205128,0.0,0.029411764705882353,0.2,9.202226385640913,27.606679156922738,0.0,0.0,0.0,3.0,0.0,0.0,0.0,0.0,0.0,0,0,0,0,0,0.0
H1_15,M,False,4-4-2,0,0,0,0,0,0,4,4,2,0,14,4,0,0.0,6.629400000000001,2.0,0.0,0.0,0,1,0,7,0,2,2.0,0.1,0.7,0.2,0.0,0.1,0.0,12.756947974806911,63.78473987403456,0.05196697527568575,0.0,0.0,5.0,0.0,0.5,0.5,0.0,0.0,0,0,0,0,0,0.0
H1_30,M,False,4-4-2,0,0,0,0,0,0,4,4,2,0,29,6,0,0.0,19.61884356321839,1.0,1.0,0.0,0,4,0,8,0,4,2.0,0.25,0.5,0.25,0.0,0.25,0.0,7.289979037125822,21.869937111377467,0.4485345216884967,0.0,0.0,3.0,0.0,1.5,1.0,0.0,0.5,0,0,0,0,0,0.0
H1_45,M,False,4-4-2,3,0,0,0,0,0,4,4,2,0,44,7,0,0.0,24.70062973262032,2.0,1.0,2.0,0,6,1,14,2,8,2.0,0.1935483870967742,0.4838709677419355,0.3225806451612903,0.0,0.21428571428571427,0.6666666666666666,13.753699300320669,103.15274475240501,0.1197284172704693,0.24597617880254105,0.0,7.5,1.5,1.0,0.5,1.0,0.5,0,0,0,0,0,0.0
H2_15,M,False,4-4-2,7,0,0,0,0,0,4,4,2,0,59,11,0,33.475675675675674,49.82539963907061,2.0,2.0,2.0,1,12,3,20,3,10,2.0,0.2653061224489796,0.46938775510204084,0.2653061224489796,0.14285714285714285,0.2857142857142857,0.42857142857142855,12.114414905435057,109.02973414891551,0.3820108155128198,0.40979828411926095,33.475675675675674,9.0,2.0,3.5,1.0,1.0,1.0,0,0,0,0,0,0.0
H1_15,M,False,4-4-2,2,0,0,0,0,0,4,4,2,0,14,3,1,17.007494736842105,6.240384615384616,1.0,1.0,1.0,1,1,1,2,0,2,1.0,0.2857142857142857,0.42857142857142855,0.2857142857142857,0.5,0.2,0.0,12.512831142801089,87.58981799960762,0.26541760084866106,0.4317106007226401,17.007494736842105,7.0,2.0,2.0,1.0,1.0,1.0,0,0,0,0,0,0.0
H1_30,M,False,4-4-2,7,0,0,0,0,0,4,4,2,0,29,11,1,17.245250000000002,6.996137931034483,1.0,1.0,1.0,2,2,5,7,0,4,2.0,0.2,0.6,0.2,0.2857142857142857,0.15384615384615385,0.0,13.05040903768826,84.82765874497369,0.14288610748950362,0.5227964309533187,17.245250000000002,6.5,2.5,1.0,0.5,0.5,0.5,0,0,0,0,0,0.0
H1_45,M,False,4-4-2,8,0,0,0,0,0,4,4,2,0,44,14,1,10.858136842105264,7.541032258064515,2.0,1.0,1.0,3,3,5,10,0,6,2.0,0.2222222222222222,0.5555555555555556,0.2222222222222222,0.375,0.15789473684210525,0.0,14.65201764984346,51.28206177445211,0.17939186202275456,0.1058668125499842,10.858136842105264,3.5,0.5,1.0,0.5,0.5,0.5,0,0,0,0,0,0.0
H2_15,M,False,4-4-2,10,0,0,0,0,0,4,4,2,0,59,20,2,0.0,82.48315540039613,2.0,1.0,2.0,3,10,7,14,0,9,2.0,0.3023255813953488,0.4883720930232558,0.20930232558139536,0.3,0.30303030303030304,0.0,11.840864142665758,94.72691314132607,0.4353733942398023,0.23518606641172918,0.0,8.0,1.0,3.5,1.0,1.0,0.5,0,0,0,0,0,0.0
H2_30,M,False,4-4-2,10,0,0,0,0,0,4,4,2,0,74,24,3,0.0,0.0,1.0,0.0,0.0,3,10,7,17,0,11,2.0,0.2708333333333333,0.5,0.22916666666666666,0.3,0.2631578947368421,0.0,10.204371758907758,25.510929397269397,0.0,0.0,0.0,2.5,0.0,0.0,0.0,0.0,0.0,0,0,0,0,0,0.0
H2_45,M,False,4-4-2,12,0,0,0,0,0,4,4,2,0,89,26,4,0.0,0.0,1.0,0.0,1.0,3,10,8,24,1,14,2.0,0.21666666666666667,0.5333333333333333,0.25,0.25,0.20833333333333334,0.08333333333333333,10.257821375720955,61.54692825432573,0.0,0.15512686682598342,0.0,6.0,1.0,0.0,0.0,0.5,0.0,0,0,0,0,0,0.0
ET1_15,M,False,4-4-2,13,0,0,0,0,0,4,4,2,0,104,34,5,0.0,85.84128360118609,2.0,2.0,1.0,3,15,9,27,1,16,2.0,0.2535211267605634,0.5070422535211268,0.23943661971830985,0.23076923076923078,0.25862068965517243,0.07692307692307693,16.242978660850625,89.33638263467844,0.4804385462539669,0.1541836363540702,0.0,5.5,0.5,2.5,1.0,0.5,1.0,0,0,0,0,0,0.0
H1_15,A,False,4-4-2,0,0,0,0,0,1,4,4,2,0,14,1,0,0.0,22.42028534798535,2.0,0.0,0.0,0,2,0,7,0,0,2.0,0.2222222222222222,0.7777777777777778,0.0,0.0,0.2222222222222222,0.0,15.594014046668393,70.17306321000777,0.15974994052125024,0.0,0.0,4.5,0.0,1.0,1.0,0.0,0.0,0,0,0,0,0,0.0
H1_30,A,False,4-4-2,0,1,0,1,1,1,4,4,2,0,29,3,0,0.0,45.44731792374292,2.0,1.0,0.0,0,6,0,8,0,0,2.0,0.42857142857142855,0.5714285714285714,0.0,0.0,0.42857142857142855,0.0,10.46311519765181,26.157787994129524,0.8687148533725876,0.0,0.0,2.5,0.0,2.0,1.0,0.0,0.5,1,0,1,0,1,1.0
H1_45,A,False,4-4-2,1,2,0,2,2,1,4,4,2,0,44,5,0,0.0,48.6209284659557,2.0,0.0,1.0,0,8,1,10,0,1,2.0,0.4,0.55,0.05,0.0,0.42105263157894735,0.0,13.777686740984263,41.33306022295279,0.5881602790077937,0.14617446815329158,0.0,3.0,0.5,1.0,1.0,0.5,0.0,2,0,1,0,2,1.0
H2_15,A,False,4-4-2,4,4,1,4,4,0,4,4,2,0,59,8,0,21.4912,61.07639751744373,2.0,2.0,1.0,1,12,3,15,0,2,2.0,0.3939393939393939,0.5454545454545454,0.06060606060606061,0.25,0.41379310344827586,0.0,17.71797612189865,115.16684479234124,0.35846947820061575,0.36242570729917717,21.4912,6.5,1.5,2.5,1.0,0.5,1.0,4,0,1,1,4,1.0
H2_30,A,False,4-4-2,4,4,1,4,4,0,4,4,2,0,74,9,0,0.0,0.0,2.0,0.0,0.0,1,12,3,18,0,3,2.0,0.35135135135135137,0.5675675675675675,0.08108108108108109,0.25,0.36363636363636365,0.0,11.572703071904597,23.145406143809193,0.0,0.0,0.0,2.0,0.0,0.0,0.0,0.0,0.0,4,0,1,1,4,1.0
H1_15,M,False,4-4-2,5,0,0,0,0,1,4,4,2,0,14,6,0,34.304483979135625,31.760834438226432,2.0,2.0,2.0,3,2,2,2,0,2,2.0,0.45454545454545453,0.36363636363636365,0.18181818181818182,0.6,0.3333333333333333,0.0,17.01295971070486,93.57127840887672,0.3530213519616438,0.6104099350169433,11.434827993045209,5.5,2.5,2.5,1.0,1.0,1.0,0,0,0,0,0,0.0
H1_30,M,False,4-4-2,6,0,0,0,0,1,4,4,2,0,29,14,1,13.4562,48.78130470495969,2.0,1.0,1.0,4,7,2,7,0,4,2.0,0.4583333333333333,0.375,0.16666666666666666,0.6666666666666666,0.3888888888888889,0.0,12.46216015372189,81.00404099919228,0.3841629623488801,0.08305881925158633,13.4562,6.5,0.5,3.0,1.0,0.5,0.5,0,0,0,0,0,0.0
H1_45,M,False,4-4-2,8,0,0,0,0,1,4,4,2,0,44,14,1,0.0,53.10025515503876,2.0,2.0,1.0,4,12,4,12,0,8,2.0,0.4,0.4,0.2,0.5,0.375,0.0,12.829435215868742,102.63548172694993,0.25868371376823646,0.24351738175359938,0.0,8.0,1.0,2.5,1.0,0.5,1.0,0,0,0,0,0,0.0
H2_15,M,False,4-4-2,10,2,1,1,2,1,4,4,2,0,59,21,1,12.997727272727271,31.123908777429463,2.0,1.0,1.0,5,14,5,17,0,10,2.0,0.37254901960784315,0.43137254901960786,0.19607843137254902,0.5,0.34146341463414637,0.0,10.83164830286919,59.57406566578055,0.37030908967742554,0.17707395395310313,12.997727272727271,5.5,1.0,1.5,1.0,0.5,0.5,2,0,0,0,1,0.5
H2_30,M,False,4-4-2,10,3,2,2,3,0,4,4,2,0,74,24,1,0.0,7.772082352941176,2.0,0.0,0.0,5,15,5,20,0,12,2.0,0.3508771929824561,0.43859649122807015,0.21052631578947367,0.5,0.3191489361702128,0.0,14.740405877496551,44.221217632489655,0.0878772992812275,0.0,0.0,3.0,0.0,0.5,0.5,0.0,0.0,3,0,1,0,2,0.6666666666666666
H2_45,M,False,4-4-2,12,4,2,2,4,0,4,4,2,0,89,28,1,0.0,41.02139837090657,2.0,1.0,2.0,5,18,7,24,0,13,2.0,0.34328358208955223,0.4626865671641791,0.19402985074626866,0.4166666666666667,0.32727272727272727,0.0,12.890688152942825,64.45344076471413,0.31822504651578093,0.13935185709408732,0.0,5.0,1.0,1.5,0.5,1.0,0.5,4,0,1,0,2,0.5
ET1_15,M,False,4-4-2,15,5,2,3,5,0,4,4,2,0,104,37,1,8.275114285714285,10.87978181818182,2.0,1.0,2.0,6,19,7,27,2,15,2.0,0.32894736842105265,0.4473684210526316,0.2236842105263158,0.4,0.3114754098360656,0.13333333333333333,9.82331202856564,44.20490412854538,0.2166603059266314,0.36736985166754366,8.275114285714285,4.5,1.5,1.0,0.5,1.0,0.5,5,0,1,0,3,0.6
ET1_15,A,False,4-4-2,1,0,0,0,0,0,4,4,2,0,7,0,0,7.235,25.264533333333333,2.0,2.0,1.0,1,3,0,0,0,0,2.0,1.0,0.0,0.0,1.0,1.0,0.0,8.124883333333333,16.249766666666666,1.0,0.22261858118988376,7.235,2.0,0.5,2.0,1.0,0.5,1.0,0,0,0,0,0,0.0
H2_45,D,False,4-4-2,0,0,0,0,0,0,4,4,2,0,4,1,1,0.0,0.0,1.0,0.0,0.0,0,0,0,2,0,0,1.0,0.0,1.0,0.0,0.0,0.0,0.0,16.359213220265275,32.71842644053055,0.0,0.0,0.0,2.0,0.0,0.0,0.0,0.0,0.0,0,0,0,0,0,0.0
ET1_15,D,False,4-4-2,2,0,0,0,0,0,4,4,2,0,19,9,3,0.0,40.04532157648764,2.0,2.0,2.0,0,4,2,5,0,4,2.0,0.26666666666666666,0.4666666666666667,0.26666666666666666,0.0,0.3076923076923077,0.0,12.642159842833074,82.17403897841498,0.24366163617080158,0.24840336142547073,0.0,6.5,1.0,2.0,1.0,1.0,1.0,0,0,0,0,0,0.0
H1_45,M,True,4-2-3-1,1,0,0,0,0,0,4,2,3,1,1,0,1,0.0,0.0,1.0,0.0,1.0,0,0,0,1,1,0,1.0,0.0,0.5,0.5,0.0,0.0,1.0,30.234051127819548,60.468102255639096,0.0,0.4655106794888043,0.0,2.0,1.0,0.0,0.0,1.0,0.0,0,0,0,0,0,0.0
H2_15,M,True,4-2-3-1,5,0,0,0,0,0,4,2,3,1,16,4,3,0.0,14.42276129032258,2.0,0.0,2.0,0,1,2,6,3,6,2.0,0.05555555555555555,0.4444444444444444,0.5,0.0,0.07692307692307693,0.6,15.069500872045348,120.55600697636278,0.05981767998151443,0.28997636368204166,0.0,8.0,2.0,0.5,0.5,1.0,0.0,0,0,0,0,0,0.0
H2_30,M,True,4-2-3-1,6,0,0,0,0,0,4,2,3,1,31,8,4,0.0,0.0,1.0,0.0,1.0,0,1,3,8,3,7,2.0,0.045454545454545456,0.5,0.45454545454545453,0.0,0.0625,0.5,12.76104301412873,25.52208602825746,0.0,0.26905867991775,0.0,2.0,0.5,0.0,0.0,0.5,0.0,0,0,0,0,0,0.0
H2_45,M,True,4-2-3-1,9,1,0,1,1,0,4,2,3,1,46,13,5,0.0,31.002591511387166,2.0,1.0,2.0,0,4,5,13,4,10,2.0,0.1111111111111111,0.5,0.3888888888888889,0.0,0.14814814814814814,0.4444444444444444,12.253236634306404,85.77265644014483,0.18072537798232857,0.21019392650420549,0.0,7.0,1.5,1.5,1.0,1.0,0.5,1,0,0,0,1,1.0
ET1_15,M,True,4-2-3-1,11,1,0,1,1,0,4,2,3,1,61,18,7,6.243791304347827,23.27132444444445,1.0,1.0,1.0,1,5,5,13,5,15,2.0,0.13636363636363635,0.4090909090909091,0.45454545454545453,0.09090909090909091,0.15151515151515152,0.45454545454545453,10.719426196231144,42.877704784924575,0.344177887982119,0.28486687076478673,6.243791304347827,4.0,1.0,1.0,0.5,0.5,0.5,1,0,0,0,1,1.0
